TeamId,TeamSourceId,Team,Conference,Season,Id,Sourceid,Name,FirstName,LastName,Jersey,Position,Height,Weight,HometownCity,HometownState,HometownCountry,DateOfBirth,StartSeason,EndSeason
96,45,George Washington,A-10,2026,5175,4684443,Rafael Castro,Rafael,Castro,30.0,Forward,83.0,220.0,Dover,NJ,,,2025,2026
96,45,George Washington,A-10,2026,5178,4708220,Trey Moss,Trey,Moss,1.0,Guard,75.0,190.0,Orlando,FL,,,2025,2026
96,45,George Washington,A-10,2026,199365,5144137,Vincent Chaudhri,Vincent,Chaudhri,4.0,Forward,79.0,190.0,Wallkill,NY,,,2026,2026
96,45,George Washington,A-10,2026,199372,5254175,Jalen Rougier-Roane,Jalen,Rougier-Roane,10.0,Guard,76.0,210.0,Bowie,MD,,,2026,2026
96,45,George Washington,A-10,2026,5549,5107176,Tre Dinkins,Tre,Dinkins,3.0,Guard,74.0,190.0,Chester,PA,,,2026,2026
96,45,George Washington,A-10,2026,983,5177098,Jean Aranguren,Jean,Aranguren,7.0,Guard,75.0,190.0,Valencia,VEN,,,2026,2026
96,45,George Washington,A-10,2026,4650,5106841,Tyrone Marshall Jr.,Tyrone,Marshall Jr.,24.0,Forward,80.0,215.0,Nashville,TN,,,2026,2026
96,45,George Washington,A-10,2026,5455,5105833,Luke Hunger,Luke,Hunger,33.0,Forward,82.0,250.0,Montreal,PQ,,,2026,2026
96,45,George Washington,A-10,2026,6131,5176788,Bubu Benjamin,Bubu,Benjamin,11.0,Guard,79.0,220.0,Medicine Hat,AB,,,2026,2026
96,45,George Washington,A-10,2026,5183,5174599,Trey Autry,Trey,Autry,0.0,Guard,76.0,210.0,Jamesville,NY,,,2024,2026
96,45,George Washington,A-10,2026,5184,5144371,Ty Bevins,Ty,Bevins,5.0,Guard,78.0,200.0,Clinton,MD,,,2025,2026
96,45,George Washington,A-10,2026,5185,4685650,Christian Jones,Christian,Jones,2.0,Guard,76.0,200.0,Stratford,CT,,,2024,2026
96,45,George Washington,A-10,2026,5187,5239605,Mohamed Binzagr,Mohamed,Binzagr,21.0,Guard,74.0,190.0,Jeddah,KSA,,,2025,2026
96,45,George Washington,A-10,2026,5188,5174600,Amir Arrington,Amir,Arrington,32.0,Guard,72.0,190.0,Atlanta,GA,,,2024,2026
96,45,George Washington,A-10,2026,5189,4898230,Garrett Johnson,Garrett,Johnson,9.0,Guard,80.0,220.0,Oakton,VA,,,2024,2026
251,2603,Saint Joseph's,A-10,2026,3519,4702962,Justice Ajogbor,Justice,Ajogbor,22.0,Center,82.0,260.0,Benin City,NGR,,,2025,2026
251,2603,Saint Joseph's,A-10,2026,3521,5105858,Derek Simpson,Derek,Simpson,0.0,Guard,75.0,175.0,Mount Laurel,NJ,,,2025,2026
251,2603,Saint Joseph's,A-10,2026,3523,5174634,Anthony Finkley,Anthony,Finkley,5.0,Forward,79.0,235.0,Philadelphia,PA,,,2024,2026
251,2603,Saint Joseph's,A-10,2026,3525,5061599,Steven Solano,Steven,Solano,15.0,Center,84.0,260.0,Bronx,NY,,,2025,2026
251,2603,Saint Joseph's,A-10,2026,3526,5174636,Dasear Haskins,Dasear,Haskins,7.0,Guard,80.0,200.0,Willingboro,NJ,,,2024,2026
251,2603,Saint Joseph's,A-10,2026,3527,5239675,Kevin Kearney,Kevin,Kearney,1.0,Forward,79.0,195.0,Brooklyn,NY,,,2025,2026
251,2603,Saint Joseph's,A-10,2026,3528,5239678,Mekai Johnson,Mekai,Johnson,23.0,Guard,77.0,210.0,Upper Marlboro,MD,,,2025,2026
251,2603,Saint Joseph's,A-10,2026,3529,5239677,Billy Rayer,Billy,Rayer,20.0,Guard,71.0,180.0,Ardmore,PA,,,2025,2026
251,2603,Saint Joseph's,A-10,2026,3530,5239676,Khaafiq Myers,Khaafiq,Myers,3.0,Guard,70.0,165.0,Philadelphia,PA,,,2025,2026
251,2603,Saint Joseph's,A-10,2026,3531,5174635,Will Lange,Will,Lange,24.0,Guard,76.0,215.0,Newtown Square,PA,,,2024,2026
251,2603,Saint Joseph's,A-10,2026,1414,5061597,Jaden Smith,Jaden,Smith,10.0,Center,83.0,225.0,Chicago,IL,,,2026,2026
251,2603,Saint Joseph's,A-10,2026,3557,4873087,Deuce Jones,Deuce,Jones,2.0,Guard,74.0,170.0,Trenton,NJ,,,2026,2026
251,2603,Saint Joseph's,A-10,2026,415,4895777,Al Amadou,Al,Amadou,21.0,Forward,81.0,205.0,Philadelphia,PA,,,2026,2026
251,2603,Saint Joseph's,A-10,2026,1434,5142608,Jaiden Glover-Toscano,Jaiden,Glover-Toscano,11.0,Guard,78.0,205.0,Brooklyn,NY,,,2026,2026
251,2603,Saint Joseph's,A-10,2026,201776,5152730,Owen Verna,Owen,Verna,6.0,Guard,75.0,200.0,Dana Point,CA,,,2026,2026
251,2603,Saint Joseph's,A-10,2026,201777,5236333,Austin Williford,Austin,Williford,13.0,Guard,76.0,195.0,Charlottesville,VA,,,2026,2026
240,227,Rhode Island,A-10,2026,3433,5108122,RJ Johnson,RJ,Johnson,22.0,Guard,73.0,177.0,Matthews,NC,,,2026,2026
240,227,Rhode Island,A-10,2026,1423,4848629,Jahmere Tripp,Jahmere,Tripp,0.0,Guard,78.0,234.0,Brooklyn,NY,,,2026,2026
240,227,Rhode Island,A-10,2026,9372,4897620,Alex Crawford,Alex,Crawford,8.0,Forward,80.0,215.0,Chula Vista,CA,,,2026,2026
240,227,Rhode Island,A-10,2026,8319,4431930,Tyler Cochran,Tyler,Cochran,23.0,Guard,76.0,222.0,Chicago,IL,,,2026,2026
240,227,Rhode Island,A-10,2026,2832,5239711,Jonah Hinton,Jonah,Hinton,5.0,Guard,75.0,185.0,Chicago,IL,,,2026,2026
240,227,Rhode Island,A-10,2026,3087,4684207,Keeyan Itejere,Keeyan,Itejere,40.0,Forward,81.0,220.0,Knightdale,NC,,,2026,2026
240,227,Rhode Island,A-10,2026,4916,4706260,Myles Corey,Myles,Corey,20.0,Guard,73.0,180.0,Ontario,CA,,,2026,2026
240,227,Rhode Island,A-10,2026,201642,5311868,Jalen Harper,Jalen,Harper,7.0,Guard,75.0,190.0,Philadelphia,PA,,,2026,2026
240,227,Rhode Island,A-10,2026,201648,5254325,Barrett Loer,Barrett,Loer,10.0,Guard,78.0,190.0,Millis,MA,,,2026,2026
240,227,Rhode Island,A-10,2026,201649,5311869,Javon Perry,Javon,Perry,11.0,Forward,80.0,207.0,Springfield,MA,,,2026,2026
240,227,Rhode Island,A-10,2026,4082,4898259,Mouhamed Sow,Mouhamed,Sow,35.0,Forward,81.0,205.0,Dakar,SEN,,,2026,2026
240,227,Rhode Island,A-10,2026,5151,4684303,Drissa Traore,Drissa,Traore,55.0,Forward,80.0,220.0,New York,NY,,,2025,2026
240,227,Rhode Island,A-10,2026,5152,5239658,Jaymien Aponte,Jaymien,Aponte,13.0,Guard,75.0,183.0,Cranston,RI,,,2025,2026
240,227,Rhode Island,A-10,2026,5156,5239656,Moek Icke,Moek,Icke,17.0,Center,85.0,223.0,Purmerend,NED,,,2025,2026
240,227,Rhode Island,A-10,2026,5158,5239657,Damone King,Damone,King,21.0,Guard,74.0,180.0,Louisville,KY,,,2025,2026
240,227,Rhode Island,A-10,2026,5160,5105973,Jimmy Ball,Jimmy,Ball,30.0,Guard,74.0,183.0,Medford,MA,,,2023,2026
277,179,St. Bonaventure,A-10,2026,2826,5105801,Dasonte Bowen,Dasonte,Bowen,5.0,Guard,74.0,190.0,Boston,MA,,,2025,2026
277,179,St. Bonaventure,A-10,2026,2828,5239712,Xander Wedlow,Xander,Wedlow,21.0,Forward,82.0,245.0,Detroit,MI,,,2025,2026
277,179,St. Bonaventure,A-10,2026,2836,5174668,Jack DeRose,Jack,DeRose,15.0,Guard,72.0,175.0,Olean,NY,,,2024,2026
277,179,St. Bonaventure,A-10,2026,2837,5113400,Broek Ostrom,Broek,Ostrom,30.0,Guard,74.0,180.0,Holley,NY,,,2023,2026
277,179,St. Bonaventure,A-10,2026,2619,5243027,Brayden Jackson,Brayden,Jackson,7.0,Guard,80.0,200.0,Milton,ON,,,2026,2026
277,179,St. Bonaventure,A-10,2026,8315,5107180,Frank Mitchell,Frank,Mitchell,0.0,Forward,80.0,270.0,Toronto,ON,,,2026,2026
277,179,St. Bonaventure,A-10,2026,286,5175657,Darryl Simmons II,Darryl,Simmons II,8.0,Guard,71.0,175.0,Detroit,MI,,,2026,2026
277,179,St. Bonaventure,A-10,2026,4171,5108796,Daniel Egbuniwe,Daniel,Egbuniwe,3.0,Forward,79.0,210.0,Memphis,TN,,,2026,2026
277,179,St. Bonaventure,A-10,2026,4764,4897701,Amar'e Marshall,Amar'e,Marshall,2.0,Guard,76.0,210.0,Montclair,NJ,,,2026,2026
277,179,St. Bonaventure,A-10,2026,202254,5311887,Cayden Charles,Cayden,Charles,24.0,Guard,75.0,185.0,Kennesaw,GA,,,2026,2026
277,179,St. Bonaventure,A-10,2026,202257,5311884,Ilia Ermakov,Ilia,Ermakov,1.0,Guard,77.0,187.0,Kuybyshev,RUS,,,2026,2026
277,179,St. Bonaventure,A-10,2026,202258,5311888,Joe Grahovac,Joe,Grahovac,32.0,Forward,82.0,215.0,Santa Ana,CA,,,2026,2026
277,179,St. Bonaventure,A-10,2026,202259,5311885,John Ikpotokin,John,Ikpotokin,4.0,Forward,79.0,180.0,New Brunswick,NJ,,,2026,2026
277,179,St. Bonaventure,A-10,2026,202261,5311886,Achille Lonati,Achille,Lonati,20.0,Guard,77.0,,Milan,ITA,,,2026,2026
277,179,St. Bonaventure,A-10,2026,202264,5311889,Andrew Osasuyi,Andrew,Osasuyi,33.0,Center,81.0,205.0,Milan,ITA,,,2026,2026
64,2168,Dayton,A-10,2026,2921,5106599,Javon Bennett,Javon,Bennett,0.0,Guard,70.0,160.0,Orlando,FL,,,2024,2026
64,2168,Dayton,A-10,2026,2924,5239526,Amaël L'Etang,Amaël,L'Etang,29.0,Forward,85.0,230.0,Bastia,FRA,,,2025,2026
64,2168,Dayton,A-10,2026,2925,5174574,Jaiun Simon,Jaiun,Simon,3.0,Forward,78.0,225.0,Mableton,GA,,,2024,2026
64,2168,Dayton,A-10,2026,2926,5108991,Jacob Conner,Jacob,Conner,24.0,Forward,82.0,205.0,Dayton,OH,,,2025,2026
64,2168,Dayton,A-10,2026,2928,5174578,Makai Grant,Makai,Grant,33.0,Guard,73.0,195.0,Dayton,OH,,,2024,2026
64,2168,Dayton,A-10,2026,198861,5196941,Damon Friery,Damon,Friery,22.0,Forward,81.0,200.0,Cleveland,OH,,,2026,2026
64,2168,Dayton,A-10,2026,198867,5101777,Jaron McKie,Jaron,McKie,8.0,Guard,75.0,180.0,Gladwyne,PA,,,2026,2026
64,2168,Dayton,A-10,2026,2805,5175785,Keonte Jones,Keonte,Jones,7.0,Forward,78.0,192.0,Madison,WI,,,2026,2026
64,2168,Dayton,A-10,2026,3373,5241494,Adam Njie,Adam,Njie,5.0,Guard,74.0,175.0,Bronx,NY,,,2026,2026
64,2168,Dayton,A-10,2026,26,5177122,De'Shayne Montgomery,De'Shayne,Montgomery,2.0,Guard,76.0,190.0,Fort Lauderdale,FL,,,2026,2026
64,2168,Dayton,A-10,2026,2861,5041945,Bryce Heard,Bryce,Heard,10.0,Guard,78.0,194.0,Chicago,IL,,,2026,2026
64,2168,Dayton,A-10,2026,5364,5101681,Malcolm Thomas,Malcolm,Thomas,1.0,Forward,80.0,220.0,Mitchellville,MD,,,2026,2026
64,2168,Dayton,A-10,2026,7870,5106600,Jordan Derkack,Jordan,Derkack,4.0,Guard,77.0,220.0,Colonia,NJ,,,2026,2026
64,2168,Dayton,A-10,2026,2929,5174577,Will Maxwell,Will,Maxwell,25.0,Guard,76.0,210.0,Oakwood,OH,,,2024,2026
64,2168,Dayton,A-10,2026,2930,5174575,Evan Dickey,Evan,Dickey,11.0,Guard,75.0,205.0,Dayton,OH,,,2024,2026
64,2168,Dayton,A-10,2026,216800,5328797,Sean Pouedet,Sean,Pouedet,50.0,Guard,74.0,190.0,Machelen,BEL,,,2026,2026
242,257,Richmond,A-10,2026,5395,5176149,David Thomas,David,Thomas,12.0,Guard,74.0,200.0,McDonough,GA,,,2026,2026
242,257,Richmond,A-10,2026,6960,5105481,Will Johnston,Will,Johnston,4.0,Guard,75.0,185.0,Sydney,NSW,,,2026,2026
242,257,Richmond,A-10,2026,191,4897192,AJ Lopez,AJ,Lopez,6.0,Guard,77.0,185.0,Queens,NY,,,2026,2026
242,257,Richmond,A-10,2026,201670,5254316,Aiden Argabright,Aiden,Argabright,3.0,Guard,71.0,155.0,Richmond,VA,,,2026,2026
242,257,Richmond,A-10,2026,8139,5105974,Mike Walz,Mike,Walz,21.0,Center,83.0,260.0,Berwyn,PA,,,2023,2026
242,257,Richmond,A-10,2026,8140,5174629,Mikkel Tyne,Mikkel,Tyne,1.0,Guard,70.0,180.0,Toronto,ON,,,2024,2026
242,257,Richmond,A-10,2026,8141,5174628,Collin Tanner,Collin,Tanner,5.0,Guard,78.0,205.0,Creedmoor,NC,,,2024,2026
242,257,Richmond,A-10,2026,8145,5106043,Jonathan Beagle,Jonathan,Beagle,9.0,Forward,82.0,250.0,Hudson Falls,NY,,,2025,2026
242,257,Richmond,A-10,2026,8146,5105566,Apostolos Roumoglou,Apostolos,Roumoglou,33.0,Forward,80.0,215.0,Xanthi,GRE,,,2025,2026
242,257,Richmond,A-10,2026,8152,5239674,Bryson McGlothin,Bryson,McGlothin,35.0,Forward,80.0,188.0,Plano,TX,,,2025,2026
242,257,Richmond,A-10,2026,8153,5239673,Jaylen Robinson,Jaylen,Robinson,24.0,Forward,78.0,225.0,Jacksonville,FL,,,2025,2026
242,257,Richmond,A-10,2026,8154,5239672,Kirby Mooney,Kirby,Mooney,15.0,Guard,75.0,205.0,Southampton,PA,,,2025,2026
242,257,Richmond,A-10,2026,3913,5176349,Jaden Daughtry,Jaden,Daughtry,2.0,Forward,79.0,230.0,Richmond,VA,,,2026,2026
242,257,Richmond,A-10,2026,201673,5254321,Will Harper III,Will,Harper III,11.0,Guard,76.0,210.0,Bowie,MD,,,2026,2026
242,257,Richmond,A-10,2026,201674,5311870,Dylan Homenick,Dylan,Homenick,16.0,Center,83.0,220.0,Surrey,BC,,,2026,2026
242,257,Richmond,A-10,2026,201679,5254319,Donovan Richardson,Donovan,Richardson,8.0,Guard,78.0,190.0,Richmond,VA,,,2026,2026
137,2325,La Salle,A-10,2026,3560,5177260,Eric Acker,Eric,Acker,3.0,Guard,74.0,170.0,New York,NY,,,2025,2026
137,2325,La Salle,A-10,2026,2672,5107507,Justin Archer,Justin,Archer,0.0,Forward,79.0,210.0,New Brunswick,NJ,,,2026,2026
137,2325,La Salle,A-10,2026,2630,5240616,Jaden Johnson,Jaden,Johnson,10.0,Guard,74.0,210.0,Baltimore,MD,,,2026,2026
137,2325,La Salle,A-10,2026,3039,4703804,Truth Harris,Truth,Harris,4.0,Guard,74.0,180.0,Mount Vernon,NY,,,2026,2026
137,2325,La Salle,A-10,2026,7751,5175408,Bowyn Beatty,Bowyn,Beatty,25.0,Forward,84.0,230.0,Canberra,ACT,,,2026,2026
137,2325,La Salle,A-10,2026,200002,5311865,Edwin Daniel,Edwin,Daniel,27.0,Forward,81.0,215.0,Washington Heights,NY,,,2026,2026
137,2325,La Salle,A-10,2026,324,5174292,Rob Dockery,Rob,Dockery,99.0,Guard,78.0,215.0,Washington,DC,,,2026,2026
137,2325,La Salle,A-10,2026,200007,5311863,Nas Hart,Nas,Hart,8.0,Forward,82.0,195.0,Trenton,NJ,,,2026,2026
137,2325,La Salle,A-10,2026,200009,5311864,Max Lipacis,Max,Lipacis,13.0,Forward,79.0,225.0,Piedmont,CA,,,2026,2026
137,2325,La Salle,A-10,2026,200011,5311866,Arlan Masharaliyev,Arlan,Masharaliyev,28.0,Guard,72.0,175.0,Almaty,KAZ,,,2026,2026
137,2325,La Salle,A-10,2026,4775,5239811,Damon Strand,Damon,Strand,12.0,Guard,75.0,170.0,Plainfield,NJ,,,2026,2026
137,2325,La Salle,A-10,2026,200013,5311862,Ashton Walker,Ashton,Walker,1.0,Guard,77.0,190.0,Virginia Beach,VA,,,2026,2026
137,2325,La Salle,A-10,2026,1283,5108930,Jerome Brewer Jr.,Jerome,Brewer Jr.,24.0,Forward,81.0,220.0,Camden,NJ,,,2026,2026
137,2325,La Salle,A-10,2026,1470,5107261,Jaeden Marshall,Jaeden,Marshall,2.0,Forward,77.0,205.0,Hinesville,GA,,,2026,2026
137,2325,La Salle,A-10,2026,1926,4432204,Noah Collier,Noah,Collier,7.0,Forward,81.0,235.0,Mullica Hill,NJ,,,2026,2026
137,2325,La Salle,A-10,2026,3034,5106607,Josiah Harris,Josiah,Harris,5.0,Forward,81.0,225.0,Wilmington,DE,,,2026,2026
137,2325,La Salle,A-10,2026,4581,5243005,Josue Grullon,Josue,Grullon,11.0,Guard,77.0,195.0,Santo Domingo,DOM,,,2026,2026
252,139,Saint Louis,A-10,2026,806,5106205,Kalu Anya,Kalu,Anya,6.0,Forward,80.0,225.0,Worcester,MA,,,2025,2026
252,139,Saint Louis,A-10,2026,807,4917097,Robbie Avila,Robbie,Avila,21.0,Center,82.0,240.0,Oak Forest,IL,,,2025,2026
252,139,Saint Louis,A-10,2026,809,5105980,Kellen Thames,Kellen,Thames,0.0,Guard,78.0,210.0,St. Louis,MO,,,2023,2026
252,139,Saint Louis,A-10,2026,816,5061579,Dylan Warlick,Dylan,Warlick,33.0,Forward,77.0,225.0,Edmond,OK,,,2025,2026
252,139,Saint Louis,A-10,2026,818,5239707,Amari McCottry,Amari,McCottry,4.0,Guard,78.0,205.0,Milwaukee,WI,,,2025,2026
252,139,Saint Louis,A-10,2026,819,5107907,Isaac Holmes,Isaac,Holmes,12.0,Guard,76.0,215.0,Apex,NC,,,2025,2026
252,139,Saint Louis,A-10,2026,820,5107905,Jaden Schertz,Jaden,Schertz,5.0,Guard,71.0,165.0,Harrogate,TN,,,2025,2026
252,139,Saint Louis,A-10,2026,4804,5107797,Paul Otieno,Paul,Otieno,25.0,Forward,81.0,230.0,Nairobi,KEN,,,2026,2026
252,139,Saint Louis,A-10,2026,5744,5107242,Dion Brown,Dion,Brown,13.0,Guard,75.0,180.0,Great Barrington,MA,,,2026,2026
252,139,Saint Louis,A-10,2026,2583,5175171,Quentin Jones,Quentin,Jones,1.0,Guard,77.0,180.0,Chicago,IL,,,2026,2026
252,139,Saint Louis,A-10,2026,1431,4685659,Brady Dunlap,Brady,Dunlap,11.0,Forward,79.0,200.0,Studio City,CA,,,2026,2026
252,139,Saint Louis,A-10,2026,8195,5183809,Ishan Sharma,Ishan,Sharma,9.0,Guard,77.0,190.0,Milton,ON,,,2026,2026
252,139,Saint Louis,A-10,2026,201781,5311879,Badara Diakite,Badara,Diakite,2.0,Forward,81.0,180.0,Bamako,MLI,,,2026,2026
252,139,Saint Louis,A-10,2026,201784,5254323,Cam Hutson,Cam,Hutson,24.0,Guard,77.0,190.0,East Lansing,MI,,,2026,2026
252,139,Saint Louis,A-10,2026,201786,5236225,Jax Kerr,Jax,Kerr,15.0,Forward,83.0,200.0,Muskogee,OK,,,2026,2026
252,139,Saint Louis,A-10,2026,201787,5254324,Luke Laczkowski,Luke,Laczkowski,14.0,Guard,80.0,185.0,Dallas,TX,,,2026,2026
252,139,Saint Louis,A-10,2026,4071,4711258,Trey Green,Trey,Green,3.0,Guard,72.0,168.0,Charlotte,NC,,,2026,2026
91,2230,Fordham,A-10,2026,1416,5239544,Ryan Pettis,Ryan,Pettis,8.0,Guard,76.0,185.0,East Palo Alto,CA,,,2025,2026
91,2230,Fordham,A-10,2026,1418,5239548,Max Miller,Max,Miller,23.0,Guard,72.0,165.0,Rye,NY,,,2025,2026
91,2230,Fordham,A-10,2026,1419,5239547,Aidan Crotty,Aidan,Crotty,21.0,Guard,71.0,165.0,Fairfield,CT,,,2025,2026
91,2230,Fordham,A-10,2026,1420,5239545,Kingston Price,Kingston,Price,10.0,Guard,74.0,180.0,Bowie,MD,,,2025,2026
91,2230,Fordham,A-10,2026,1421,5174589,Jameson O'Toole,Jameson,O'Toole,17.0,Guard,75.0,200.0,Pittsburgh,PA,,,2024,2026
91,2230,Fordham,A-10,2026,199263,5311861,Roor Akhuar,Roor,Akhuar,14.0,Forward,79.0,205.0,Canberra,ACT,,,2026,2026
91,2230,Fordham,A-10,2026,7235,5241956,Abass Bodija,Abass,Bodija,0.0,Forward,82.0,225.0,Brisbane,QLD,,,2026,2026
91,2230,Fordham,A-10,2026,9808,5252053,Demitri Gardner,Demitri,Gardner,5.0,Athlete,76.0,210.0,Winchester,VA,,,2026,2026
91,2230,Fordham,A-10,2026,9400,4897953,Marcus Greene,Marcus,Greene,4.0,Guard,74.0,195.0,Gilroy,CA,,,2026,2026
91,2230,Fordham,A-10,2026,9388,5176374,Akira Jacobs,Akira,Jacobs,13.0,Forward,82.0,230.0,Yokohama,JPN,,,2026,2026
91,2230,Fordham,A-10,2026,1072,4898222,Louis Lesmond,Louis,Lesmond,77.0,Guard,78.0,195.0,Paris,FRA,,,2026,2026
91,2230,Fordham,A-10,2026,5620,4611541,Jace Howard,Jace,Howard,25.0,Guard,79.0,220.0,Miami,FL,,,2026,2026
91,2230,Fordham,A-10,2026,2660,4703526,Zarique Nutter,Zarique,Nutter,1.0,Forward,79.0,210.0,Newark,NJ,,,2026,2026
91,2230,Fordham,A-10,2026,3369,5175415,Dejour Reaves,Dejour,Reaves,2.0,Guard,72.0,175.0,Syracuse,NY,,,2026,2026
91,2230,Fordham,A-10,2026,4870,5242936,Christian Henry,Christian,Henry,30.0,Guard,75.0,195.0,Chicago,IL,,,2026,2026
91,2230,Fordham,A-10,2026,7229,5174571,Rikus Schulte,Rikus,Schulte,12.0,Forward,81.0,240.0,Munster,GER,,,2026,2026
91,2230,Fordham,A-10,2026,7231,5241957,Jack Whitbourn,Jack,Whitbourn,3.0,Center,83.0,250.0,Melbourne,VIC,,,2026,2026
333,2670,VCU,A-10,2026,3486,5174672,Michael Belle,Michael,Belle,8.0,Guard,80.0,220.0,London,ENG,,,2024,2026
333,2670,VCU,A-10,2026,3488,5060712,Terrence Hill Jr.,Terrence,Hill Jr.,6.0,Guard,75.0,180.0,Portland,OR,,,2025,2026
333,2670,VCU,A-10,2026,3489,5106042,Obinnaya Okafor,Obinnaya,Okafor,7.0,Forward,81.0,215.0,Hampton,VA,,,2023,2026
333,2670,VCU,A-10,2026,3479,5106041,Christian Fermin,Christian,Fermin,21.0,Forward,82.0,225.0,Tobyhanna,PA,,,2023,2026
333,2670,VCU,A-10,2026,3485,5239713,Brandon Jennings,Brandon,Jennings,0.0,Guard,76.0,175.0,Richmond,VA,,,2025,2026
333,2670,VCU,A-10,2026,4703,5174851,Keyshawn Mitchell,Keyshawn,Mitchell,22.0,Forward,83.0,215.0,Brooklyn,NY,,,2026,2026
333,2670,VCU,A-10,2026,4704,5105987,Barry Evans,Barry,Evans,5.0,Forward,80.0,215.0,Baltimore,MD,,,2026,2026
333,2670,VCU,A-10,2026,728,5175368,Lazar Djokovic,Lazar,Djokovic,17.0,Forward,83.0,235.0,Gornji Milanovac,SER,,,2026,2026
333,2670,VCU,A-10,2026,8335,4684733,Tyrell Ward,Tyrell,Ward,15.0,Guard,78.0,195.0,Washington,DC,,,2026,2026
333,2670,VCU,A-10,2026,7247,4701030,Jadrian Tracey,Jadrian,Tracey,2.0,Guard,78.0,210.0,Fort Myers,FL,,,2026,2026
333,2670,VCU,A-10,2026,7800,4869778,Ahmad Nowell,Ahmad,Nowell,4.0,Guard,72.0,195.0,Philadelphia,PA,,,2026,2026
333,2670,VCU,A-10,2026,5363,5117584,Jordann Dumont,Jordann,Dumont,10.0,Forward,80.0,220.0,Montreal,PQ,,,2026,2026
333,2670,VCU,A-10,2026,203149,5311890,Nyk Lewis,Nyk,Lewis,1.0,Guard,73.0,195.0,Washington,DC,,,2026,2026
333,2670,VCU,A-10,2026,203153,5311892,Jordan Tillery,Jordan,Tillery,14.0,Guard,77.0,180.0,Orlando,FL,,,2026,2026
63,2166,Davidson,A-10,2026,198843,5311849,Devin Brown,Devin,Brown,6.0,Guard,78.0,200.0,Lewis Center,OH,,,2026,2026
63,2166,Davidson,A-10,2026,198847,5311850,RJ Greer,RJ,Greer,7.0,Guard,75.0,175.0,Centerville,OH,,,2026,2026
63,2166,Davidson,A-10,2026,198853,5311852,John Nowland,John,Nowland,50.0,Forward,80.0,220.0,Spokane,WA,,,2026,2026
63,2166,Davidson,A-10,2026,198854,5311851,Ian Platteeuw,Ian,Platteeuw,16.0,Guard,84.0,232.0,Barcelona,ESP,,,2026,2026
63,2166,Davidson,A-10,2026,4777,5176031,Josh Scovens,Josh,Scovens,4.0,Forward,78.0,220.0,Greensboro,NC,,,2026,2026
63,2166,Davidson,A-10,2026,2426,5182413,Sam Brown,Sam,Brown,11.0,Guard,75.0,185.0,Merion Station,PA,,,2026,2026
63,2166,Davidson,A-10,2026,4560,4848644,JaQualon Roberts,JaQualon,Roberts,24.0,Forward,80.0,230.0,Bloomington,IN,,,2026,2026
63,2166,Davidson,A-10,2026,5769,4845382,Parker Friedrichsen,Parker,Friedrichsen,5.0,Guard,76.0,200.0,Bixby,OK,,,2026,2026
63,2166,Davidson,A-10,2026,2330,5105866,Sean Logan,Sean,Logan,15.0,Forward,82.0,235.0,Westfield,NJ,,,2023,2026
63,2166,Davidson,A-10,2026,2334,5239519,Manie Joses,Manie,Joses,0.0,Forward,79.0,190.0,London,ENG,,,2025,2026
63,2166,Davidson,A-10,2026,2335,5105613,Joe Hurlburt,Joe,Hurlburt,8.0,Forward,83.0,235.0,Enderlin,ND,,,2025,2026
63,2166,Davidson,A-10,2026,2337,5239523,Roberts Blums,Roberts,Blums,45.0,Guard,76.0,200.0,Riga,LAT,,,2025,2026
63,2166,Davidson,A-10,2026,2339,5174570,Hunter Adam,Hunter,Adam,12.0,Guard,79.0,220.0,Christchurch,NZL,,,2024,2026
63,2166,Davidson,A-10,2026,2340,5105870,Brock Matheny,Brock,Matheny,51.0,Guard,70.0,155.0,Davidson,NC,,,2023,2026
63,2166,Davidson,A-10,2026,2343,5239521,Phillip Kavu,Phillip,Kavu,14.0,Guard,74.0,175.0,Manchester,ENG,,,2025,2026
63,2166,Davidson,A-10,2026,2344,5239520,Nick Coval,Nick,Coval,3.0,Guard,74.0,175.0,Orefield,PA,,,2025,2026
95,2244,George Mason,A-10,2026,2953,5107269,Brayden O'Connor,Brayden,O'Connor,1.0,Guard,77.0,207.0,Ottawa,ON,,,2025,2026
95,2244,George Mason,A-10,2026,2957,5239595,Stas Sivka,Stas,Sivka,9.0,Forward,82.0,220.0,Celje,SLO,,,2025,2026
95,2244,George Mason,A-10,2026,199339,5312284,Isaiah Skinn,Isaiah,Skinn,7.0,Guard,72.0,165.0,Alexandria,VA,,,2026,2026
95,2244,George Mason,A-10,2026,3980,5106714,Masai Troutman,Masai,Troutman,0.0,Guard,77.0,202.0,Frederick,MD,,,2026,2026
95,2244,George Mason,A-10,2026,2648,5241480,Fatt Hill,Fatt,Hill,5.0,Guard,77.0,185.0,Bessemer,AL,,,2026,2026
95,2244,George Mason,A-10,2026,3301,4433512,Jahari Long,Jahari,Long,2.0,Guard,77.0,200.0,Houston,TX,,,2026,2026
95,2244,George Mason,A-10,2026,447,4848631,Malik Presley,Malik,Presley,13.0,Guard,78.0,200.0,San Marcos,TX,,,2026,2026
95,2244,George Mason,A-10,2026,1762,4897976,Dola Adebayo,Dola,Adebayo,4.0,Forward,80.0,210.0,Fort Myers,FL,,,2026,2026
95,2244,George Mason,A-10,2026,3673,4838752,Riley Allenspach,Riley,Allenspach,35.0,Center,83.0,247.0,Charlotte,NC,,,2026,2026
95,2244,George Mason,A-10,2026,5100,5175671,Kory Mincy,Kory,Mincy,3.0,Guard,74.0,185.0,East Point,GA,,,2026,2026
95,2244,George Mason,A-10,2026,2964,5239597,T.J. Prosise,T.J.,Prosise,14.0,Guard,75.0,175.0,Chesterfield,VA,,,2025,2026
95,2244,George Mason,A-10,2026,2965,5239596,Ben Woodward,Ben,Woodward,12.0,Guard,76.0,195.0,Ashburn,VA,,,2025,2026
95,2244,George Mason,A-10,2026,199328,5254317,Devin Booker,Devin,Booker,11.0,Guard,76.0,180.0,Philadelphia,PA,,,2026,2026
95,2244,George Mason,A-10,2026,4263,5107703,Nick Ellington,Nick,Ellington,23.0,Forward,80.0,235.0,St. Louis,MO,,,2026,2026
95,2244,George Mason,A-10,2026,199331,5196954,Emmanuel Kanga,Emmanuel,Kanga,10.0,Forward,80.0,220.0,Libreville,GAB,,,2026,2026
95,2244,George Mason,A-10,2026,199333,5312285,Ryan-Preston Mendy,Ryan-Preston,Mendy,31.0,Forward,81.0,205.0,Nanterre,FRA,,,2026,2026
151,2350,Loyola Chicago,A-10,2026,6077,5174609,Miles Rubin,Miles,Rubin,24.0,Center,82.0,220.0,Chicago,IL,,,2024,2026
151,2350,Loyola Chicago,A-10,2026,6079,5105780,Justin Moore,Justin,Moore,1.0,Guard,75.0,185.0,Philadelphia,PA,,,2025,2026
151,2350,Loyola Chicago,A-10,2026,6080,5105659,Kymany Houinsou,Kymany,Houinsou,28.0,Guard,79.0,210.0,Mulhouse,FRA,,,2025,2026
151,2350,Loyola Chicago,A-10,2026,6086,5239631,Zachary Royster,Zachary,Royster,31.0,Forward,79.0,220.0,Chicago,IL,,,2025,2026
151,2350,Loyola Chicago,A-10,2026,6087,5239630,Brayden Young,Brayden,Young,30.0,Forward,81.0,210.0,Houston,TX,,,2025,2026
151,2350,Loyola Chicago,A-10,2026,6091,5239627,Daniil Glazkov,Daniil,Glazkov,5.0,Guard,78.0,210.0,Krasnodar,RUS,,,2025,2026
151,2350,Loyola Chicago,A-10,2026,6092,5193438,Sam Yurasek,Sam,Yurasek,22.0,Guard,75.0,165.0,Napa,CA,,,2024,2026
151,2350,Loyola Chicago,A-10,2026,6093,5105967,Caleb Reese,Caleb,Reese,14.0,Guard,71.0,160.0,Warren,MI,,,2023,2026
151,2350,Loyola Chicago,A-10,2026,730,5176275,Deywilk Tavarez,Deywilk,Tavarez,0.0,Guard,74.0,190.0,Pennsauken,NJ,,,2026,2026
151,2350,Loyola Chicago,A-10,2026,6440,5241246,Kayde Dotson,Kayde,Dotson,4.0,Guard,73.0,190.0,Beaumont,TX,,,2026,2026
151,2350,Loyola Chicago,A-10,2026,539,4432198,Dominick Harris,Dominick,Harris,7.0,Guard,75.0,190.0,Murrieta,CA,,,2026,2026
151,2350,Loyola Chicago,A-10,2026,200200,5252606,Nic Anderson,Nic,Anderson,8.0,Guard,76.0,180.0,Olathe,KS,,,2026,2026
151,2350,Loyola Chicago,A-10,2026,200205,5101822,Chuck Love,Chuck,Love,10.0,Guard,79.0,195.0,Lincoln,NE,,,2026,2026
151,2350,Loyola Chicago,A-10,2026,200209,5311867,Alexander Richardson,Alexander,Richardson,9.0,Center,81.0,240.0,Glasgow,SCT,,,2026,2026
151,2350,Loyola Chicago,A-10,2026,5423,5108022,Xavier Amos,Xavier,Amos,13.0,Forward,80.0,225.0,Chicago,IL,,,2026,2026
151,2350,Loyola Chicago,A-10,2026,7382,5105822,Joshua Ola-Joseph,Joshua,Ola-Joseph,2.0,Forward,79.0,215.0,Brooklyn Park,MN,,,2026,2026
200,153,North Carolina,ACC,2026,238,4712836,Seth Trimble,Seth,Trimble,7.0,Guard,75.0,200.0,Menomonee Falls,WI,,,2023,2026
200,153,North Carolina,ACC,2026,244,5238173,John Holbrook,John,Holbrook,25.0,Forward,80.0,230.0,Hickory,NC,,,2025,2026
200,153,North Carolina,ACC,2026,245,4869763,James Brown,James,Brown,2.0,Forward,82.0,240.0,Aurora,IL,,,2025,2026
200,153,North Carolina,ACC,2026,249,5116699,Elijah Davis,Elijah,Davis,6.0,Guard,75.0,205.0,Chapel Hill,NC,,,2025,2026
200,153,North Carolina,ACC,2026,83,4873181,Jarin Stevenson,Jarin,Stevenson,15.0,Forward,82.0,215.0,Chapel Hill,NC,,,2026,2026
200,153,North Carolina,ACC,2026,270,5105571,Henri Veesaar,Henri,Veesaar,13.0,Forward,84.0,225.0,Tallin,EST,,,2026,2026
200,153,North Carolina,ACC,2026,6786,5093253,Kyan Evans,Kyan,Evans,0.0,Guard,74.0,175.0,Kansas City,MO,,,2026,2026
200,153,North Carolina,ACC,2026,8121,5241596,Ivan Matlekovic,Ivan,Matlekovic,40.0,Forward,84.0,255.0,Sisak,CRO,,,2026,2026
200,153,North Carolina,ACC,2026,3326,5101669,Jonathan Powell,Jonathan,Powell,11.0,Guard,78.0,190.0,Centerville,OH,,,2026,2026
200,153,North Carolina,ACC,2026,5706,4711266,Jaydon Young,Jaydon,Young,4.0,Guard,76.0,200.0,Goldsboro,NC,,,2026,2026
200,153,North Carolina,ACC,2026,200973,5312014,Luka Bogavac,Luka,Bogavac,44.0,Guard,78.0,215.0,Mojkovac,MTG,,,2026,2026
200,153,North Carolina,ACC,2026,200977,5217193,Isaiah Denis,Isaiah,Denis,5.0,Guard,76.0,180.0,Charlotte,NC,,,2026,2026
200,153,North Carolina,ACC,2026,200978,5144097,Derek Dixon,Derek,Dixon,3.0,Guard,77.0,200.0,Vienna,VA,,,2026,2026
200,153,North Carolina,ACC,2026,200984,5312013,Evan Smith,Evan,Smith,32.0,Guard,73.0,195.0,Charlotte,NC,,,2026,2026
200,153,North Carolina,ACC,2026,200988,5095151,Caleb Wilson,Caleb,Wilson,8.0,Forward,82.0,215.0,Atlanta,GA,,,2026,2026
200,153,North Carolina,ACC,2026,15380,4895793,Zayden High,Zayden,High,1.0,Forward,82.0,230.0,San Antonio,TX,,,2026,2026
72,150,Duke,ACC,2026,208,4711256,Caleb Foster,Caleb,Foster,1.0,Guard,77.0,205.0,Harrisburg,NC,,,2024,2026
72,150,Duke,ACC,2026,209,5105337,Maliq Brown,Maliq,Brown,6.0,Forward,81.0,225.0,Culpeper,VA,,,2025,2026
72,150,Duke,ACC,2026,198977,5041935,Cameron Boozer,Cameron,Boozer,12.0,Forward,81.0,250.0,Miami,FL,,,2026,2026
72,150,Duke,ACC,2026,198978,5041937,Cayden Boozer,Cayden,Boozer,2.0,Guard,76.0,205.0,Miami,FL,,,2026,2026
72,150,Duke,ACC,2026,198983,5144124,Nikolas Khamenia,Nikolas,Khamenia,14.0,Guard,80.0,215.0,Los Angeles,CA,,,2026,2026
72,150,Duke,ACC,2026,198985,5287474,Dame Sarr,Dame,Sarr,7.0,Guard,80.0,190.0,Oderzo,ITA,,,2026,2026
72,150,Duke,ACC,2026,7432,5107141,Ifeanyi Ufochukwu,Ifeanyi,Ufochukwu,15.0,Center,83.0,240.0,Benin City,NGR,,,2026,2026
72,150,Duke,ACC,2026,198989,5144150,Sebastian Wilkins,Sebastian,Wilkins,5.0,Guard,80.0,220.0,Boston,MA,,,2026,2026
72,150,Duke,ACC,2026,3397,4888720,Jack Scott,Jack,Scott,20.0,Guard,78.0,220.0,Pelican Island,NJ,,,2026,2026
72,150,Duke,ACC,2026,211,5061585,Isaiah Evans,Isaiah,Evans,3.0,Guard,78.0,180.0,Fayetteville,NC,,,2025,2026
72,150,Duke,ACC,2026,212,4873107,Darren Harris,Darren,Harris,8.0,Guard,77.0,195.0,Herndon,VA,,,2025,2026
72,150,Duke,ACC,2026,216,4873209,Patrick Ngongba II,Patrick,Ngongba II,21.0,Center,83.0,250.0,Manassas,VA,,,2025,2026
72,150,Duke,ACC,2026,218,4432321,Cameron Sheffield,Cameron,Sheffield,13.0,Guard,78.0,205.0,Alpharetta,GA,,,2025,2026
185,152,NC State,ACC,2026,2859,5105430,Jordan Snell,Jordan,Snell,0.0,Guard,75.0,195.0,Cary,NC,,,2023,2026
185,152,NC State,ACC,2026,2862,4873151,Paul McNeil Jr.,Paul,McNeil Jr.,2.0,Guard,77.0,190.0,Rockingham,NC,,,2025,2026
185,152,NC State,ACC,2026,240,4684799,Ven-Allen Lubin,Ven-Allen,Lubin,22.0,Forward,81.0,250.0,Orlando,FL,,,2026,2026
185,152,NC State,ACC,2026,1503,5142707,Colt Langdon,Colt,Langdon,45.0,Forward,79.0,230.0,Raleigh,NC,,,2026,2026
185,152,NC State,ACC,2026,3109,5174958,Jerry Deng,Jerry,Deng,15.0,Forward,81.0,230.0,Rochester,NY,,,2026,2026
185,152,NC State,ACC,2026,118,5106059,Terrance Arceneaux,Terrance,Arceneaux,21.0,Guard,78.0,205.0,Beaumont,TX,,,2026,2026
185,152,NC State,ACC,2026,1278,4585590,Alyn Breed,Alyn,Breed,7.0,Guard,75.0,200.0,Powder Springs,GA,,,2026,2026
185,152,NC State,ACC,2026,1282,4683860,Quadir Copeland,Quadir,Copeland,11.0,Guard,78.0,220.0,Philadelphia,PA,,,2026,2026
185,152,NC State,ACC,2026,2481,5105816,Tre Holloman,Tre,Holloman,5.0,Guard,74.0,195.0,Minneapolis,MN,,,2026,2026
185,152,NC State,ACC,2026,200773,5196877,Matt Able,Matt,Able,3.0,Guard,78.0,205.0,Baltimore,MD,,,2026,2026
185,152,NC State,ACC,2026,200781,5311994,Jayme Kontuniemi,Jayme,Kontuniemi,10.0,Guard,76.0,215.0,Helsinki,FIN,,,2026,2026
185,152,NC State,ACC,2026,200785,5311995,Musa Sagnia,Musa,Sagnia,13.0,Forward,82.0,235.0,Bakau,GAM,,,2026,2026
185,152,NC State,ACC,2026,200787,5101858,Zymicah Wilkins,Zymicah,Wilkins,33.0,Forward,81.0,260.0,Rutherfordton,NC,,,2026,2026
185,152,NC State,ACC,2026,6761,4897482,Scottie Ebube,Scottie,Ebube,12.0,Center,82.0,280.0,Mundelein,IL,,,2026,2026
185,152,NC State,ACC,2026,7582,4937074,Darrion Williams,Darrion,Williams,1.0,Forward,78.0,225.0,Sacramento,CA,,,2026,2026
339,258,Virginia,ACC,2026,8199,4894460,Carter Lang,Carter,Lang,35.0,Forward,81.0,251.0,Charlottesville,VA,,,2025,2026
339,258,Virginia,ACC,2026,8201,5174572,Desmond Roberts,Desmond,Roberts,13.0,Guard,76.0,195.0,Charlottesville,VA,,,2024,2026
339,258,Virginia,ACC,2026,8203,5080790,Elijah Gertrude,Elijah,Gertrude,12.0,Guard,76.0,173.0,Jersey City,NJ,,,2024,2026
339,258,Virginia,ACC,2026,7686,5105464,Dallin Hall,Dallin,Hall,30.0,Guard,76.0,197.0,Plain City,UT,,,2026,2026
339,258,Virginia,ACC,2026,7614,5037878,Ugonna Onyenso,Ugonna,Onyenso,33.0,Center,84.0,245.0,Owerri,NGR,,,2026,2026
339,258,Virginia,ACC,2026,4365,5107274,Jacari White,Jacari,White,6.0,Guard,75.0,180.0,Orlando,FL,,,2026,2026
339,258,Virginia,ACC,2026,3490,5239714,Martin Carrere,Martin,Carrere,7.0,Guard,81.0,198.0,Dax,FRA,,,2026,2026
339,258,Virginia,ACC,2026,2519,5176232,Sam Lewis,Sam,Lewis,5.0,Guard,79.0,210.0,Chicago,IL,,,2026,2026
339,258,Virginia,ACC,2026,7292,4703393,Devin Tillis,Devin,Tillis,11.0,Forward,79.0,240.0,Los Angeles,CA,,,2026,2026
339,258,Virginia,ACC,2026,7709,4683758,Malik Thomas,Malik,Thomas,1.0,Guard,77.0,215.0,Fontana,CA,,,2026,2026
339,258,Virginia,ACC,2026,203188,5144157,Silas Barksdale,Silas,Barksdale,21.0,Forward,81.0,223.0,Newport News,VA,,,2026,2026
339,258,Virginia,ACC,2026,203190,5311846,Thijs De Ridder,Thijs,De Ridder,28.0,Forward,81.0,238.0,Antwerp,BEL,,,2026,2026
339,258,Virginia,ACC,2026,203192,5311844,Johann Grunloh,Johann,Grunloh,17.0,Center,84.0,238.0,Loningen,GER,,,2026,2026
339,258,Virginia,ACC,2026,203196,5150404,Chance Mallory,Chance,Mallory,2.0,Guard,70.0,186.0,Charlottesville,VA,,,2026,2026
339,258,Virginia,ACC,2026,203197,5311845,Owen Odom,Owen,Odom,22.0,Guard,73.0,171.0,Annapolis,MD,,,2026,2026
342,154,Wake Forest,ACC,2026,5768,5176758,Tre'Von Spillers,Tre'Von,Spillers,25.0,Forward,79.0,215.0,Charleston,SC,,,2025,2026
342,154,Wake Forest,ACC,2026,5772,5175037,Omaha Biliew,Omaha,Biliew,0.0,Forward,80.0,230.0,Waukee,IA,,,2025,2026
342,154,Wake Forest,ACC,2026,5773,5142609,Juke Harris,Juke,Harris,2.0,Guard,79.0,200.0,Salisbury,NC,,,2025,2026
342,154,Wake Forest,ACC,2026,5777,5174580,Vincent Ricchiuti,Vincent,Ricchiuti,9.0,Forward,78.0,195.0,San Diego,CA,,,2024,2026
342,154,Wake Forest,ACC,2026,5778,5174579,Marqus Marion,Marqus,Marion,11.0,Forward,81.0,220.0,Skovlunde,DEN,,,2024,2026
342,154,Wake Forest,ACC,2026,5781,5174581,Will Underwood,Will,Underwood,4.0,Guard,75.0,180.0,Mahtomedi,MN,,,2024,2026
342,154,Wake Forest,ACC,2026,899,5241913,Sebastian Akins,Sebastian,Akins,10.0,Guard,74.0,175.0,Concord,NC,,,2026,2026
342,154,Wake Forest,ACC,2026,376,4894452,Myles Colvin,Myles,Colvin,6.0,Guard,77.0,212.0,Indianapolis,IN,,,2026,2026
342,154,Wake Forest,ACC,2026,1074,5176402,Cooper Schwieger,Cooper,Schwieger,13.0,Forward,82.0,235.0,Overland Park,KS,,,2026,2026
342,154,Wake Forest,ACC,2026,7325,5108081,Nate Calmese,Nate,Calmese,1.0,Guard,74.0,181.0,Gilbert,AZ,,,2026,2026
342,154,Wake Forest,ACC,2026,7777,4905250,Mekhi Mason,Mekhi,Mason,8.0,Guard,77.0,202.0,Gilbert,AZ,,,2026,2026
342,154,Wake Forest,ACC,2026,203252,5312296,Anson Beard Jr.,Anson,Beard Jr.,30.0,Guard,77.0,215.0,New York,NY,,,2026,2026
342,154,Wake Forest,ACC,2026,203255,5237435,Isaac Carr,Isaac,Carr,7.0,Guard,76.0,187.0,Portland,OR,,,2026,2026
342,154,Wake Forest,ACC,2026,203257,5196911,Jaylen Cross,Jaylen,Cross,23.0,Forward,76.0,185.0,Greensboro,NC,,,2026,2026
342,154,Wake Forest,ACC,2026,203259,5312297,Dimitrije Kovacevic,Dimitrije,Kovacevic,33.0,Forward,80.0,215.0,Doboj,BIH,,,2026,2026
52,228,Clemson,ACC,2026,3458,5105445,Dillon Hunter,Dillon,Hunter,2.0,Guard,75.0,192.0,Atlanta,GA,,,2023,2026
52,228,Clemson,ACC,2026,198668,5311534,Blake Davidson,Blake,Davidson,14.0,Forward,81.0,200.0,Mission Viejo,CA,,,2026,2026
52,228,Clemson,ACC,2026,3461,4869781,Dallas Thomas,Dallas,Thomas,8.0,Forward,81.0,180.0,Little Rock,AR,,,2025,2026
52,228,Clemson,ACC,2026,3462,5179085,Ace Buckner,Ace,Buckner,21.0,Guard,75.0,170.0,Dallas,TX,,,2025,2026
52,228,Clemson,ACC,2026,198670,5237299,Zac Foster,Zac,Foster,5.0,Guard,76.0,180.0,Atlanta,GA,,,2026,2026
52,228,Clemson,ACC,2026,669,5106880,Jestin Porter,Jestin,Porter,1.0,Guard,73.0,180.0,Houston,TX,,,2026,2026
52,228,Clemson,ACC,2026,198676,5196959,Trent Steinour,Trent,Steinour,44.0,Forward,82.0,215.0,Huntersville,NC,,,2026,2026
52,228,Clemson,ACC,2026,198678,5196962,Chase Thompson,Chase,Thompson,3.0,Forward,80.0,215.0,Glenwood,MN,,,2026,2026
52,228,Clemson,ACC,2026,6584,5174977,Jake Wahlin,Jake,Wahlin,10.0,Forward,82.0,212.0,Provo,UT,,,2026,2026
52,228,Clemson,ACC,2026,19,5105449,RJ Godfrey,RJ,Godfrey,0.0,Forward,80.0,230.0,Suwanee,GA,,,2026,2026
52,228,Clemson,ACC,2026,3955,5107144,Butta Johnson,Butta,Johnson,4.0,Guard,76.0,180.0,Huntsville,AL,,,2026,2026
52,228,Clemson,ACC,2026,4434,5176397,Carter Welling,Carter,Welling,22.0,Forward,82.0,225.0,Draper,UT,,,2026,2026
52,228,Clemson,ACC,2026,7057,4699440,Nick Davidson,Nick,Davidson,11.0,Forward,82.0,238.0,Mission Viejo,CA,,,2026,2026
101,59,Georgia Tech,ACC,2026,8233,5142356,Baye Ndongo,Baye,Ndongo,11.0,Forward,81.0,240.0,Mbour,SEN,,,2024,2026
101,59,Georgia Tech,ACC,2026,8237,4683757,Kowacie Reeves Jr.,Kowacie,Reeves Jr.,14.0,Guard,79.0,205.0,Macon,GA,,,2024,2026
101,59,Georgia Tech,ACC,2026,8242,5060730,Jaeden Mustaf,Jaeden,Mustaf,3.0,Guard,78.0,210.0,Bowie,MD,,,2025,2026
101,59,Georgia Tech,ACC,2026,8246,5238167,Dyllan Thompson,Dyllan,Thompson,32.0,Guard,79.0,215.0,Sugar Land,TX,,,2025,2026
101,59,Georgia Tech,ACC,2026,1337,5105607,Kam Craft,Kam,Craft,12.0,Forward,78.0,205.0,Chicago,IL,,,2026,2026
101,59,Georgia Tech,ACC,2026,199421,5248298,Eric Chatfield Jr.,Eric,Chatfield Jr.,2.0,Guard,71.0,160.0,Atlanta,GA,,,2026,2026
101,59,Georgia Tech,ACC,2026,199423,5101784,Akai Fleming,Akai,Fleming,0.0,Guard,76.0,184.0,Marietta,GA,,,2026,2026
101,59,Georgia Tech,ACC,2026,199425,5172343,Cole Kirouac,Cole,Kirouac,8.0,Center,84.0,199.0,Cumming,GA,,,2026,2026
101,59,Georgia Tech,ACC,2026,199430,5311960,Davi Remagen,Davi,Remagen,10.0,Guard,75.0,193.0,Cologne,GER,,,2026,2026
101,59,Georgia Tech,ACC,2026,199431,5144109,Brandon Stores Jr.,Brandon,Stores Jr.,23.0,Guard,77.0,210.0,Bronx,NY,,,2026,2026
101,59,Georgia Tech,ACC,2026,199432,5258494,Mouhamed Sylla,Mouhamed,Sylla,6.0,Center,82.0,240.0,Louga,SEN,,,2026,2026
101,59,Georgia Tech,ACC,2026,5740,4888733,Chas Kelley III,Chas,Kelley III,7.0,Guard,75.0,185.0,Houston,TX,,,2026,2026
101,59,Georgia Tech,ACC,2026,5499,5061592,Peyton Marshall,Peyton,Marshall,5.0,Center,84.0,300.0,Atlanta,GA,,,2026,2026
101,59,Georgia Tech,ACC,2026,6922,5106284,Lamar Washington,Lamar,Washington,1.0,Guard,76.0,200.0,Portland,OR,,,2026,2026
90,52,Florida State,ACC,2026,3107,5238166,Alier Maluk,Alier,Maluk,12.0,Forward,83.0,220.0,Baldwin,PA,,,2025,2026
90,52,Florida State,ACC,2026,3110,4873208,AJ Swinton,AJ,Swinton,19.0,Forward,78.0,220.0,Cabin John,MD,,,2025,2026
90,52,Florida State,ACC,2026,3115,5238165,Jalen Crawford,Jalen,Crawford,15.0,Guard,72.0,165.0,Tallahassee,FL,,,2025,2026
90,52,Florida State,ACC,2026,199249,5316047,Thomas Bassong,Thomas,Bassong,3.0,Forward,80.0,203.0,Paris,FRA,,,2026,2026
90,52,Florida State,ACC,2026,199251,5316045,Maximo Garcia-Plata,Maximo,Garcia-Plata,0.0,Guard,76.0,180.0,Madrid,ESP,,,2026,2026
90,52,Florida State,ACC,2026,2825,5108969,Lajae Jones,Lajae,Jones,10.0,Guard,79.0,220.0,Neptune Beach,FL,,,2026,2026
90,52,Florida State,ACC,2026,199256,5316046,Cam Miles,Cam,Miles,2.0,Guard,74.0,170.0,Chicago,IL,,,2026,2026
90,52,Florida State,ACC,2026,199258,5316048,Xavier Osceola,Xavier,Osceola,11.0,Guard,73.0,175.0,Hollywood,FL,,,2026,2026
90,52,Florida State,ACC,2026,199260,5316049,Alex Steen,Alex,Steen,25.0,Forward,81.0,230.0,Panama City Beach,FL,,,2026,2026
90,52,Florida State,ACC,2026,1215,5105779,Kobe MaGee,Kobe,MaGee,5.0,Guard,77.0,207.0,Allentown,PA,,,2026,2026
90,52,Florida State,ACC,2026,1268,5239821,Martin Somerville,Martin,Somerville,1.0,Guard,75.0,185.0,Bowie,MD,,,2026,2026
90,52,Florida State,ACC,2026,2288,4685802,Robert McCray V,Robert,McCray V,6.0,Guard,76.0,188.0,Columbia,SC,,,2026,2026
90,52,Florida State,ACC,2026,2890,5114231,Shah Muhammad,Shah,Muhammad,4.0,Forward,83.0,200.0,Queens,NY,,,2026,2026
90,52,Florida State,ACC,2026,3446,5105448,Chauncey Wiggins,Chauncey,Wiggins,7.0,Forward,82.0,225.0,Atlanta,GA,,,2026,2026
168,2390,Miami,ACC,2026,31,5214525,Jordyn Kee,Jordyn,Kee,1.0,Guard,75.0,183.0,Broward County,FL,,,2026,2026
168,2390,Miami,ACC,2026,6437,4845368,Tru Washington,Tru,Washington,10.0,Guard,76.0,204.0,Phoenix,AZ,,,2026,2026
168,2390,Miami,ACC,2026,200471,5142709,Dante Allen,Dante,Allen,34.0,Guard,76.0,220.0,Miami,FL,,,2026,2026
168,2390,Miami,ACC,2026,5511,4869762,Marcus Allen,Marcus,Allen,4.0,Guard,79.0,231.0,Miami,FL,,,2026,2026
168,2390,Miami,ACC,2026,200473,5311984,Salih Altuntas,Salih,Altuntas,11.0,Forward,82.0,274.0,Istanbul,TUR,,,2026,2026
168,2390,Miami,ACC,2026,200476,5311986,Noam Dovrat,Noam,Dovrat,14.0,Guard,77.0,213.0,Rishon Leziyon,ISR,,,2026,2026
168,2390,Miami,ACC,2026,200477,5101809,Shelton Henderson,Shelton,Henderson,7.0,Forward,78.0,240.0,Bellaire,TX,,,2026,2026
168,2390,Miami,ACC,2026,200480,5311985,John Laboy II,John,Laboy II,12.0,Guard,75.0,194.0,Houston,TX,,,2026,2026
168,2390,Miami,ACC,2026,200481,5101821,Treyvon Maddox,Treyvon,Maddox,6.0,Forward,78.0,180.0,Orlando,FL,,,2026,2026
168,2390,Miami,ACC,2026,200482,5281366,Timotej Malovec,Timotej,Malovec,88.0,Forward,80.0,214.0,Bratislava,SVK,,,2026,2026
168,2390,Miami,ACC,2026,5610,4837356,Tre Donaldson,Tre,Donaldson,3.0,Guard,75.0,198.0,Tallahassee,FL,,,2026,2026
168,2390,Miami,ACC,2026,5670,5106261,Ernest Udeh Jr.,Ernest,Udeh Jr.,8.0,Center,83.0,266.0,Orlando,FL,,,2026,2026
168,2390,Miami,ACC,2026,7836,5105798,Malik Reneau,Malik,Reneau,5.0,Forward,81.0,238.0,Miami,FL,,,2026,2026
340,259,Virginia Tech,ACC,2026,5702,5106040,Tobi Lawal,Tobi,Lawal,1.0,Forward,80.0,215.0,London,ENG,,,2025,2026
340,259,Virginia Tech,ACC,2026,5705,4712846,Jaden Schutt,Jaden,Schutt,2.0,Guard,77.0,200.0,Yorkville,IL,,,2025,2026
340,259,Virginia Tech,ACC,2026,5713,5165275,Tyler Johnson,Tyler,Johnson,10.0,Guard,77.0,210.0,Orlando,FL,,,2025,2026
340,259,Virginia Tech,ACC,2026,5715,4873105,Ben Hammond,Ben,Hammond,3.0,Guard,71.0,170.0,Manassas,VA,,,2025,2026
340,259,Virginia Tech,ACC,2026,1322,5239617,Izaiah Pasha,Izaiah,Pasha,4.0,Guard,77.0,205.0,Harrisburg,PA,,,2026,2026
340,259,Virginia Tech,ACC,2026,3317,4685673,Amani Hansberry,Amani,Hansberry,13.0,Forward,80.0,240.0,Silver Spring,MD,,,2026,2026
340,259,Virginia Tech,ACC,2026,7353,5177040,Jailen Bedford,Jailen,Bedford,0.0,Guard,76.0,190.0,Austin,TX,,,2026,2026
340,259,Virginia Tech,ACC,2026,203203,5311829,Neoklis Avdalas,Neoklis,Avdalas,17.0,Guard,81.0,215.0,Kalamata,GRE,,,2026,2026
340,259,Virginia Tech,ACC,2026,203205,5311830,Solomon Davis,Solomon,Davis,22.0,Center,83.0,225.0,Hyattsville,MD,,,2026,2026
340,259,Virginia Tech,ACC,2026,203206,5311831,Antonio Dorn,Antonio,Dorn,77.0,Center,84.0,230.0,Berlin,GER,,,2026,2026
340,259,Virginia Tech,ACC,2026,203207,5311827,Brett Freeman,Brett,Freeman,7.0,Guard,77.0,180.0,Bronx,NY,,,2026,2026
340,259,Virginia Tech,ACC,2026,203208,5101850,Christian Gurdak,Christian,Gurdak,32.0,Center,82.0,260.0,Charles Town,WV,,,2026,2026
340,259,Virginia Tech,ACC,2026,203212,5311826,Sin'Cere Jones,Sin'Cere,Jones,5.0,Forward,79.0,230.0,Portsmouth,VA,,,2026,2026
340,259,Virginia Tech,ACC,2026,203215,5311828,Shamarius Peterkin,Shamarius,Peterkin,15.0,Guard,75.0,174.0,Winston-Salem,NC,,,2026,2026
26,103,Boston College,ACC,2026,5741,4683629,Donald Hand Jr.,Donald,Hand Jr.,13.0,Guard,77.0,210.0,Virginia Beach,VA,,,2023,2026
26,103,Boston College,ACC,2026,5742,4685671,Jayden Hastings,Jayden,Hastings,22.0,Forward,81.0,240.0,Orlando,FL,,,2024,2026
26,103,Boston College,ACC,2026,5743,5151855,Luka Toews,Luka,Toews,10.0,Guard,73.0,190.0,Tokyo,JPN,,,2025,2026
26,103,Boston College,ACC,2026,5746,4684268,Fred Payne,Fred,Payne,5.0,Guard,73.0,185.0,Grambling,LA,,,2024,2026
26,103,Boston College,ACC,2026,5747,5061602,Kany Tchanda,Kany,Tchanda,8.0,Forward,81.0,200.0,Kinshasa,CGO,,,2025,2026
26,103,Boston College,ACC,2026,5748,5238156,Will Eggemeier,Will,Eggemeier,21.0,Guard,74.0,190.0,Menlo Park,CA,,,2025,2026
26,103,Boston College,ACC,2026,5749,5238155,Nick Petronio,Nick,Petronio,11.0,Guard,75.0,195.0,Needham,MA,,,2025,2026
26,103,Boston College,ACC,2026,198235,5144146,Jack Bailey,Jack,Bailey,2.0,Forward,82.0,210.0,New York,NY,,,2026,2026
26,103,Boston College,ACC,2026,1500,5103631,Boden Kapke,Boden,Kapke,33.0,Forward,83.0,255.0,Victoria,MN,,,2026,2026
26,103,Boston College,ACC,2026,198245,5309819,Marko Radunovic,Marko,Radunovic,88.0,Guard,78.0,205.0,Podgorica,MTG,,,2026,2026
26,103,Boston College,ACC,2026,198247,5196919,Caleb Steger,Caleb,Steger,30.0,Guard,77.0,180.0,Dallas,TX,,,2026,2026
26,103,Boston College,ACC,2026,198250,5210830,Akbar Waheed III,Akbar,Waheed III,3.0,Guard,78.0,205.0,North Bethesda,MD,,,2026,2026
26,103,Boston College,ACC,2026,162,5239489,Jason Asemota,Jason,Asemota,55.0,Forward,80.0,205.0,Lynn,MA,,,2026,2026
26,103,Boston College,ACC,2026,5500,5105543,Aidan Shaw,Aidan,Shaw,23.0,Guard,81.0,210.0,Overland Park,KS,,,2026,2026
26,103,Boston College,ACC,2026,6468,4706918,Chase Forte,Chase,Forte,9.0,Guard,76.0,190.0,Raleigh,NC,,,2026,2026
26,103,Boston College,ACC,2026,5751,5183069,Jack DiDonna,Jack,DiDonna,4.0,Guard,72.0,185.0,Boca Raton,FL,,,2024,2026
286,183,Syracuse,ACC,2026,3349,4873145,Donnie Freeman,Donnie,Freeman,1.0,Forward,81.0,205.0,Washington,DC,,,2025,2026
286,183,Syracuse,ACC,2026,3353,4683697,J.J. Starling,J.J.,Starling,2.0,Guard,76.0,206.0,Baldwinsville,NY,,,2024,2026
286,183,Syracuse,ACC,2026,3362,5238188,Noah Lobdell,Noah,Lobdell,24.0,Guard,72.0,150.0,Syracuse,NY,,,2025,2026
286,183,Syracuse,ACC,2026,8235,5174557,Naithan George,Naithan,George,11.0,Guard,75.0,185.0,Toronto,ON,,,2026,2026
286,183,Syracuse,ACC,2026,8238,5174559,Ibrahim Souare,Ibrahim,Souare,10.0,Forward,81.0,225.0,Conakry,GUI,,,2026,2026
286,183,Syracuse,ACC,2026,8921,4897519,Bryce Zephir,Bryce,Zephir,55.0,Guard,76.0,200.0,Carson,CA,,,2026,2026
286,183,Syracuse,ACC,2026,6855,5240882,Nate Kingz,Nate,Kingz,4.0,Guard,77.0,190.0,Salem,OR,,,2026,2026
286,183,Syracuse,ACC,2026,471,4873141,Tyler Betsey,Tyler,Betsey,5.0,Forward,80.0,225.0,Windsor,CT,,,2026,2026
286,183,Syracuse,ACC,2026,202381,5120280,Kiyan Anthony,Kiyan,Anthony,7.0,Guard,77.0,185.0,Brooklyn,NY,,,2026,2026
286,183,Syracuse,ACC,2026,202383,5311848,Tiefing Diawara,Tiefing,Diawara,12.0,Center,84.0,240.0,Mopti,MLI,,,2026,2026
286,183,Syracuse,ACC,2026,202384,5311847,Luke Fennell,Luke,Fennell,9.0,Guard,78.0,190.0,Melbourne,VIC,,,2026,2026
286,183,Syracuse,ACC,2026,534,5107258,William Kyle III,William,Kyle III,42.0,Forward,81.0,230.0,Bellevue,NE,,,2026,2026
286,183,Syracuse,ACC,2026,202392,5101831,Sadiq White Jr.,Sadiq,White Jr.,0.0,Forward,81.0,195.0,Charlotte,NC,,,2026,2026
286,183,Syracuse,ACC,2026,202393,5239196,Aaron Womack,Aaron,Womack,14.0,Guard,78.0,170.0,Milwaukee,WI,,,2026,2026
213,87,Notre Dame,ACC,2026,8155,5105845,Kebba Njie,Kebba,Njie,14.0,Forward,82.0,255.0,Centerville,OH,,,2024,2026
213,87,Notre Dame,ACC,2026,8157,5101623,Markus Burton,Markus,Burton,3.0,Guard,72.0,190.0,Mishawaka,IN,,,2024,2026
213,87,Notre Dame,ACC,2026,8158,4912455,Braeden Shrewsberry,Braeden,Shrewsberry,11.0,Guard,76.0,205.0,Granger,IN,,,2024,2026
213,87,Notre Dame,ACC,2026,8160,5142610,Garrett Sundra,Garrett,Sundra,12.0,Forward,83.0,230.0,Ashburn,VA,,,2025,2026
213,87,Notre Dame,ACC,2026,8163,5144373,Cole Certa,Cole,Certa,5.0,Guard,77.0,205.0,Le Roy,IL,,,2025,2026
213,87,Notre Dame,ACC,2026,8164,5137653,Sir Mohammed,Sir,Mohammed,13.0,Guard,78.0,215.0,Charlotte,NC,,,2025,2026
213,87,Notre Dame,ACC,2026,8165,4872727,Logan Imes,Logan,Imes,2.0,Guard,76.0,205.0,Zionsville,IN,,,2024,2026
213,87,Notre Dame,ACC,2026,5034,4702120,Carson Towt,Carson,Towt,33.0,Forward,80.0,250.0,Gilbert,AZ,,,2026,2026
213,87,Notre Dame,ACC,2026,201195,5312259,Tommy Ahneman,Tommy,Ahneman,15.0,Center,82.0,250.0,Fargo,ND,,,2026,2026
213,87,Notre Dame,ACC,2026,201198,5312260,Luke Devine,Luke,Devine,22.0,Forward,79.0,215.0,Moraga,CA,,,2026,2026
213,87,Notre Dame,ACC,2026,201199,5312257,Ryder Frost,Ryder,Frost,7.0,Forward,79.0,215.0,Beverly,MA,,,2026,2026
213,87,Notre Dame,ACC,2026,201200,5312258,Jalen Haralson,Jalen,Haralson,10.0,Forward,79.0,220.0,Anderson,IN,,,2026,2026
213,87,Notre Dame,ACC,2026,201202,5312256,Brady Koehler,Brady,Koehler,6.0,Forward,82.0,205.0,Fishers,IN,,,2026,2026
213,87,Notre Dame,ACC,2026,201203,5312261,Matthew MacLellan,Matthew,MacLellan,34.0,Forward,81.0,240.0,Canton,MI,,,2026,2026
213,87,Notre Dame,ACC,2026,8169,5238175,Brady Stevens,Brady,Stevens,0.0,Guard,76.0,195.0,Boston,MA,,,2025,2026
213,87,Notre Dame,ACC,2026,216529,5141770,Mark Zackery IV,Mark,Zackery IV,24.0,Guard,71.0,170.0,Indianapolis,IN,,,2026,2026
229,221,Pittsburgh,ACC,2026,3043,4712902,Cameron Corhen,Cameron,Corhen,2.0,Forward,82.0,235.0,Allen,TX,,,2025,2026
229,221,Pittsburgh,ACC,2026,3047,5238179,Amdy Ndiaye,Amdy,Ndiaye,0.0,Forward,82.0,210.0,Dakar,SEN,,,2025,2026
229,221,Pittsburgh,ACC,2026,204892,5196882,Macari Moore,Macari,Moore,21.0,Guard,75.0,200.0,Ypsilanti,MI,,,2026,2026
229,221,Pittsburgh,ACC,2026,3048,5174565,Papa Amadou Kante,Papa,Amadou Kante,4.0,Forward,82.0,235.0,Dakar,SEN,,,2024,2026
229,221,Pittsburgh,ACC,2026,3052,5060728,Brandin Cummings,Brandin,Cummings,3.0,Guard,75.0,175.0,Midland,PA,,,2025,2026
229,221,Pittsburgh,ACC,2026,3053,5174567,Jajuan Nelson,Jajuan,Nelson,44.0,Forward,79.0,215.0,Philadelphia,PA,,,2024,2026
229,221,Pittsburgh,ACC,2026,3054,5174566,Benjamin Mayhew,Benjamin,Mayhew,35.0,Forward,76.0,180.0,Wilkinsburg,PA,,,2024,2026
229,221,Pittsburgh,ACC,2026,154,5101664,Nojus Indrusaitis,Nojus,Indrusaitis,25.0,Guard,77.0,200.0,Lemont,IL,,,2026,2026
229,221,Pittsburgh,ACC,2026,6856,5107652,Damarco Minor,Damarco,Minor,7.0,Guard,72.0,190.0,Chicago,IL,,,2026,2026
229,221,Pittsburgh,ACC,2026,143,4432926,Dishon Jackson,Dishon,Jackson,1.0,Center,83.0,270.0,Oakland,CA,,,2026,2026
229,221,Pittsburgh,ACC,2026,4913,4683675,Barry Dunning Jr.,Barry,Dunning Jr.,22.0,Forward,78.0,195.0,Mobile,AL,,,2026,2026
229,221,Pittsburgh,ACC,2026,201460,5312286,Henry Lau,Henry,Lau,6.0,Forward,79.0,195.0,Sydney,NSW,,,2026,2026
229,221,Pittsburgh,ACC,2026,201463,5312287,Kieran Mullen,Kieran,Mullen,12.0,Center,84.0,220.0,North Vancouver,BC,,,2026,2026
229,221,Pittsburgh,ACC,2026,201466,5312288,Roman Siulepa,Roman,Siulepa,13.0,Forward,78.0,220.0,Brisbane,QLD,,,2026,2026
229,221,Pittsburgh,ACC,2026,201467,5237300,Omari Witherspoon,Omari,Witherspoon,8.0,Guard,76.0,190.0,Bowie,MD,,,2026,2026
150,97,Louisville,ACC,2026,3416,4702784,J'Vonne Hadley,J'Vonne,Hadley,1.0,Guard,79.0,210.0,Saint Paul,MN,,,2025,2026
150,97,Louisville,ACC,2026,3419,4873187,Khani Rooths,Khani,Rooths,9.0,Forward,82.0,215.0,Washington,DC,,,2025,2026
150,97,Louisville,ACC,2026,3421,4589481,Kasean Pryor,Kasean,Pryor,7.0,Forward,82.0,230.0,Chicago,IL,,,2025,2026
150,97,Louisville,ACC,2026,3423,5106779,Cole Sherman,Cole,Sherman,4.0,Guard,71.0,190.0,Louisville,KY,,,2025,2026
150,97,Louisville,ACC,2026,3428,4702739,Aly Khalifa,Aly,Khalifa,15.0,Center,84.0,250.0,Alexandria,EGY,,,2025,2026
150,97,Louisville,ACC,2026,3429,5174946,Kobe Rodgers,Kobe,Rodgers,11.0,Guard,75.0,185.0,Cincinnati,OH,,,2025,2026
150,97,Louisville,ACC,2026,3430,5105765,Spencer Legg,Spencer,Legg,55.0,Guard,79.0,200.0,Washington,DC,,,2025,2026
150,97,Louisville,ACC,2026,8193,4712845,Isaac McKneely,Isaac,McKneely,10.0,Guard,76.0,195.0,Poca,WV,,,2026,2026
150,97,Louisville,ACC,2026,200182,5101761,Mikel Brown Jr.,Mikel,Brown Jr.,0.0,Guard,77.0,190.0,Orlando,FL,,,2026,2026
150,97,Louisville,ACC,2026,200183,5311966,Mouhamed Camara,Mouhamed,Camara,12.0,Forward,80.0,225.0,Dakar,SEN,,,2026,2026
150,97,Louisville,ACC,2026,200186,5311967,Sananda Fru,Sananda,Fru,13.0,Forward,83.0,250.0,Berlin,GER,,,2026,2026
150,97,Louisville,ACC,2026,200188,5311968,Will Hanke,Will,Hanke,33.0,Guard,76.0,200.0,Louisville,KY,,,2026,2026
150,97,Louisville,ACC,2026,200198,5311969,Vangelis Zougris,Vangelis,Zougris,53.0,Forward,80.0,240.0,Peristeri,GRE,,,2026,2026
150,97,Louisville,ACC,2026,4066,5107157,Ryan Conwell,Ryan,Conwell,3.0,Guard,76.0,215.0,Indianapolis,IN,,,2026,2026
150,97,Louisville,ACC,2026,7518,5242127,Adrian Wooley,Adrian,Wooley,14.0,Guard,76.0,200.0,Tuscaloosa,AL,,,2026,2026
248,2567,SMU,ACC,2026,6159,5238184,Samet Yigitoglu,Samet,Yigitoglu,24.0,Center,86.0,270.0,Istanbul,TUR,,,2025,2026
248,2567,SMU,ACC,2026,6148,5105552,B.J. Edwards,B.J.,Edwards,0.0,Guard,75.0,200.0,Knoxville,TN,,,2024,2026
248,2567,SMU,ACC,2026,6149,4898283,Boopie Miller,Boopie,Miller,2.0,Guard,72.0,175.0,Chicago,IL,,,2025,2026
248,2567,SMU,ACC,2026,6154,5106638,Trey Utter,Trey,Utter,31.0,Guard,72.0,175.0,Argyle,TX,,,2023,2026
248,2567,SMU,ACC,2026,6158,5238182,Mitchell Holmes,Mitchell,Holmes,13.0,Forward,82.0,230.0,Fort Worth,TX,,,2025,2026
248,2567,SMU,ACC,2026,6160,5238183,Niccolo Kalischer-Stork,Niccolo,Kalischer-Stork,33.0,Guard,74.0,205.0,Los Angeles,CA,,,2025,2026
248,2567,SMU,ACC,2026,6161,5144391,Chance Puryear,Chance,Puryear,1.0,Guard,79.0,210.0,Dallas,TX,,,2025,2026
248,2567,SMU,ACC,2026,4635,5110039,Corey Washington,Corey,Washington,3.0,Forward,78.0,190.0,Little Rock,AR,,,2026,2026
248,2567,SMU,ACC,2026,5614,4683781,Sam Walters,Sam,Walters,4.0,Forward,81.0,230.0,The Villages,FL,,,2026,2026
248,2567,SMU,ACC,2026,202018,5041938,B.J. Davis-Ray,B.J.,Davis-Ray,9.0,Guard,78.0,195.0,St. Louis,MO,,,2026,2026
248,2567,SMU,ACC,2026,202023,5312289,Jermaine O'Neal Jr.,Jermaine,O'Neal Jr.,7.0,Forward,77.0,185.0,Southlake,TX,,,2026,2026
248,2567,SMU,ACC,2026,795,4703115,Jaron Pierre Jr.,Jaron,Pierre Jr.,5.0,Guard,77.0,210.0,New Orleans,LA,,,2026,2026
248,2567,SMU,ACC,2026,202026,5101840,Jaden Toombs,Jaden,Toombs,10.0,Center,82.0,230.0,Amarillo,TX,,,2026,2026
248,2567,SMU,ACC,2026,202028,5101828,Nigel Walls,Nigel,Walls,22.0,Forward,82.0,200.0,Houston,TX,,,2026,2026
248,2567,SMU,ACC,2026,202031,5280896,Billy White III,Billy,White III,8.0,Forward,80.0,195.0,Corpus Christi,TX,,,2026,2026
281,24,Stanford,ACC,2026,906,5175009,Aidan Cammann,Aidan,Cammann,52.0,Forward,82.0,230.0,Andover,MA,,,2024,2026
281,24,Stanford,ACC,2026,909,5105633,Benny Gealer,Benny,Gealer,5.0,Guard,73.0,185.0,Palos Verdes Estates,CA,,,2023,2026
281,24,Stanford,ACC,2026,912,5175008,Cameron Grant,Cameron,Grant,20.0,Forward,79.0,220.0,Lakewood,OH,,,2024,2026
281,24,Stanford,ACC,2026,913,5152726,Tallis Toure,Tallis,Toure,3.0,Forward,83.0,240.0,Roseville,CA,,,2025,2026
281,24,Stanford,ACC,2026,914,5105634,Jaylen Thompson,Jaylen,Thompson,24.0,Forward,79.0,210.0,Oakland,CA,,,2023,2026
281,24,Stanford,ACC,2026,915,4684745,Chisom Okpara,Chisom,Okpara,10.0,Forward,80.0,240.0,Bronxville,NY,,,2025,2026
281,24,Stanford,ACC,2026,916,5183923,Anthony Batson Jr.,Anthony,Batson Jr.,0.0,Guard,75.0,195.0,Scottsdale,AZ,,,2025,2026
281,24,Stanford,ACC,2026,918,5105632,Ryan Agarwal,Ryan,Agarwal,11.0,Guard,78.0,205.0,Coppell,TX,,,2023,2026
281,24,Stanford,ACC,2026,919,5214644,Donavin Young,Donavin,Young,2.0,Forward,80.0,220.0,Pasco,WA,,,2025,2026
281,24,Stanford,ACC,2026,920,5164370,Evan Stinson,Evan,Stinson,33.0,Forward,79.0,205.0,Cheney,WA,,,2025,2026
281,24,Stanford,ACC,2026,921,5238186,Ethan Kitch,Ethan,Kitch,13.0,Guard,74.0,185.0,Palo Alto,CA,,,2025,2026
281,24,Stanford,ACC,2026,19347,5189814,Jeremy Dent-Smith,Jeremy,Dent-Smith,25.0,Guard,73.0,200.0,Hawthorne,CA,,,2026,2026
281,24,Stanford,ACC,2026,202241,5312293,Oskar Giltay,Oskar,Giltay,15.0,Forward,82.0,235.0,Bilzen,BEL,,,2026,2026
281,24,Stanford,ACC,2026,202243,5312291,Myles Jones,Myles,Jones,6.0,Guard,75.0,175.0,Sacramento,CA,,,2026,2026
281,24,Stanford,ACC,2026,202245,5258459,Ebuka Okorie,Ebuka,Okorie,1.0,Guard,74.0,185.0,Nashua,NH,,,2026,2026
281,24,Stanford,ACC,2026,202248,5312292,Kristers Skrinda,Kristers,Skrinda,12.0,Forward,82.0,230.0,Riga,LAT,,,2026,2026
281,24,Stanford,ACC,2026,17177,5105657,AJ Rohosy,AJ,Rohosy,4.0,Forward,81.0,230.0,San Anselmo,CA,,,2026,2026
40,25,California,ACC,2026,7385,5107343,DeJuan Campbell,DeJuan,Campbell,1.0,Guard,74.0,205.0,Hampton,VA,,,2025,2026
40,25,California,ACC,2026,7387,5113388,Rytis Petraitis,Rytis,Petraitis,31.0,Forward,79.0,210.0,Arlington,TX,,,2025,2026
40,25,California,ACC,2026,7389,4683672,Lee Dort,Lee,Dort,34.0,Forward,82.0,245.0,Dallas,TX,,,2025,2026
40,25,California,ACC,2026,7397,5245385,BJ Fisher,BJ,Fisher,26.0,Guard,73.0,175.0,Ross,CA,,,2025,2026
40,25,California,ACC,2026,7398,5238159,Stephon Marbury II,Stephon,Marbury II,30.0,Guard,73.0,170.0,Purchase,NY,,,2025,2026
40,25,California,ACC,2026,1320,4684155,John Camden,John,Camden,2.0,Forward,80.0,220.0,Downingtown,PA,,,2026,2026
40,25,California,ACC,2026,198395,5311533,Luke Butler,Luke,Butler,15.0,Guard,76.0,180.0,Austin,TX,,,2026,2026
40,25,California,ACC,2026,198398,5164560,Semetri Carr,Semetri,Carr,3.0,Guard,72.0,165.0,Mill Valley,CA,,,2026,2026
40,25,California,ACC,2026,198399,5311532,Jorell Clark,Jorell,Clark,6.0,Guard,74.0,180.0,Palo Alto,CA,,,2026,2026
40,25,California,ACC,2026,3798,4703253,Nolan Dorsey,Nolan,Dorsey,21.0,Guard,77.0,205.0,Knightdale,NC,,,2026,2026
40,25,California,ACC,2026,2406,4897890,Milos Ilic,Milos,Ilic,8.0,Forward,82.0,235.0,Gornji Milanovac,SER,,,2026,2026
40,25,California,ACC,2026,5621,5196370,Justin Pippen,Justin,Pippen,10.0,Guard,75.0,180.0,Los Angeles,CA,,,2026,2026
40,25,California,ACC,2026,198409,5041956,Jovani Ruff,Jovani,Ruff,0.0,Guard,77.0,175.0,Long Beach,CA,,,2026,2026
40,25,California,ACC,2026,3928,5239840,Mantas Kocanas,Mantas,Kocanas,17.0,Center,83.0,235.0,Karciupis,LTU,,,2026,2026
40,25,California,ACC,2026,2671,5176804,Dhiaukuei Manyiel Dut,Dhiaukuei,Manyiel Dut,12.0,Forward,84.0,210.0,Rumbek,SS,,,2026,2026
40,25,California,ACC,2026,3350,4684627,Chris Bell,Chris,Bell,22.0,Forward,79.0,195.0,Concord,CA,,,2026,2026
40,25,California,ACC,2026,6409,5061606,Sammie Yeanay,Sammie,Yeanay,23.0,Forward,80.0,240.0,Gainesville,FL,,,2026,2026
40,25,California,ACC,2026,8196,4845373,Dai Dai Ames,Dai Dai,Ames,7.0,Guard,74.0,190.0,Chicago,IL,,,2026,2026
283,56,Stetson,ASUN,2026,3178,5240016,Jamie Phillips Jr.,Jamie,Phillips Jr.,0.0,Guard,77.0,205.0,Winter Haven,FL,,,2025,2026
283,56,Stetson,ASUN,2026,3182,5177678,Finley Sheridan,Finley,Sheridan,21.0,Forward,82.0,195.0,Merrick,NY,,,2024,2026
283,56,Stetson,ASUN,2026,3183,5177677,Alex Doyle,Alex,Doyle,13.0,Forward,81.0,165.0,Cholet,FRA,,,2024,2026
283,56,Stetson,ASUN,2026,3185,5240018,Daniel Macgregor,Daniel,Macgregor,4.0,Guard,72.0,,Clearwater,FL,,,2025,2026
283,56,Stetson,ASUN,2026,3187,5240020,Ben Gladieux,Ben,Gladieux,20.0,Guard,79.0,,Raleigh,NC,,,2025,2026
283,56,Stetson,ASUN,2026,3189,5177676,Isaac Jones,Isaac,Jones,2.0,Guard,73.0,190.0,DeLand,FL,,,2024,2026
283,56,Stetson,ASUN,2026,6957,5174799,Matar Diop,Matar,Diop,12.0,Forward,82.0,225.0,Dakar,SEN,,,2026,2026
283,56,Stetson,ASUN,2026,327,5238231,Janusz Ratowski,Janusz,Ratowski,18.0,Forward,83.0,225.0,Warsaw,POL,,,2026,2026
283,56,Stetson,ASUN,2026,2604,5176799,Collin Kuhl,Collin,Kuhl,9.0,Forward,80.0,210.0,Holly Springs,NC,,,2026,2026
283,56,Stetson,ASUN,2026,202283,5314558,Ethan Copeland,Ethan,Copeland,1.0,Guard,74.0,180.0,Sunnyside,WA,,,2026,2026
283,56,Stetson,ASUN,2026,202287,5314562,Jake Johnson,Jake,Johnson,32.0,Guard,77.0,180.0,St. Leon,IN,,,2026,2026
283,56,Stetson,ASUN,2026,202290,5314561,J.R. Leonard,J.R.,Leonard,15.0,Guard,76.0,180.0,Atlanta,GA,,,2026,2026
283,56,Stetson,ASUN,2026,202292,5314560,Miller McGowan,Miller,McGowan,8.0,Guard,73.0,180.0,Atlanta,GA,,,2026,2026
283,56,Stetson,ASUN,2026,202293,5314563,Sean Morgan,Sean,Morgan,51.0,Guard,74.0,185.0,Huntsville,AL,,,2026,2026
283,56,Stetson,ASUN,2026,202297,5314559,Calvin Sirmans III,Calvin,Sirmans III,3.0,Guard,68.0,150.0,Lake Worth,FL,,,2026,2026
127,294,Jacksonville,ASUN,2026,2286,5243204,Chris Arias,Chris,Arias,1.0,Guard,78.0,205.0,Jacksonville,FL,,,2025,2026
127,294,Jacksonville,ASUN,2026,2289,5243210,Enrico Borio,Enrico,Borio,23.0,Forward,80.0,220.0,Curitiba,BRA,,,2025,2026
127,294,Jacksonville,ASUN,2026,2290,5179287,Donovan Rivers,Donovan,Rivers,33.0,Forward,81.0,230.0,Columbia,SC,,,2024,2026
127,294,Jacksonville,ASUN,2026,2291,5179284,Tito Deng,Tito,Deng,5.0,Forward,83.0,210.0,Twic,SS,,,2024,2026
127,294,Jacksonville,ASUN,2026,2294,5243207,Simon Wheeler,Simon,Wheeler,10.0,Guard,70.0,165.0,Detroit,MI,,,2025,2026
127,294,Jacksonville,ASUN,2026,2295,5243205,Anakin Brown,Anakin,Brown,4.0,Guard,75.0,175.0,Jacksonville,FL,,,2025,2026
127,294,Jacksonville,ASUN,2026,2297,5243206,Lamont Jackson,Lamont,Jackson,6.0,Guard,72.0,165.0,Columbia,SC,,,2025,2026
127,294,Jacksonville,ASUN,2026,25430,5122260,Jaylen Jordon,Jaylen,Jordon,0.0,Athlete,80.0,235.0,Hilliard,FL,,,2026,2026
127,294,Jacksonville,ASUN,2026,8361,4683768,Chris Lockett Jr.,Chris,Lockett Jr.,11.0,Guard,76.0,190.0,New Orleans,LA,,,2026,2026
127,294,Jacksonville,ASUN,2026,1729,4845388,Jaylen Jones,Jaylen,Jones,2.0,Guard,72.0,170.0,Nashville,TN,,,2026,2026
127,294,Jacksonville,ASUN,2026,199826,5313677,Charles Caporaso,Charles,Caporaso,22.0,Center,84.0,235.0,Lake Mary,FL,,,2026,2026
127,294,Jacksonville,ASUN,2026,199828,5313675,Michael Harper Jr.,Michael,Harper Jr.,9.0,Guard,75.0,195.0,Jasper,FL,,,2026,2026
127,294,Jacksonville,ASUN,2026,199833,5313676,Roman Loux,Roman,Loux,12.0,Guard,72.0,165.0,St. Augustine,FL,,,2026,2026
127,294,Jacksonville,ASUN,2026,199835,5313678,Evan Sterck,Evan,Sterck,34.0,Guard,73.0,180.0,St. Louis,MO,,,2026,2026
127,294,Jacksonville,ASUN,2026,199839,5313674,Hayden Wood,Hayden,Wood,8.0,Guard,78.0,205.0,Springdale,AR,,,2026,2026
127,294,Jacksonville,ASUN,2026,1482,5176296,Allen Udemadu,Allen,Udemadu,14.0,Forward,82.0,240.0,Lagos,NGR,,,2026,2026
127,294,Jacksonville,ASUN,2026,5082,5108085,Jason Thirdkill Jr.,Jason,Thirdkill Jr.,31.0,Forward,79.0,215.0,Detroit,MI,,,2026,2026
143,288,Lipscomb,ASUN,2026,5527,5106738,Charlie Williams,Charlie,Williams,33.0,Center,82.0,225.0,Carmel,IN,,,2025,2026
143,288,Lipscomb,ASUN,2026,5532,4897583,Grant Asman,Grant,Asman,35.0,Center,83.0,217.0,Kimberly,WI,,,2022,2026
143,288,Lipscomb,ASUN,2026,5533,5239794,Miles White,Miles,White,5.0,Guard,75.0,196.0,Kansas City,MO,,,2025,2026
143,288,Lipscomb,ASUN,2026,5534,5176191,Logan Suber,Logan,Suber,11.0,Guard,72.0,175.0,Fredericksburg,VA,,,2024,2026
143,288,Lipscomb,ASUN,2026,5535,5105864,Ross Candelino,Ross,Candelino,30.0,Guard,77.0,198.0,Jacksonville,FL,,,2025,2026
143,288,Lipscomb,ASUN,2026,5537,5239795,Luke Carter,Luke,Carter,12.0,Guard,73.0,189.0,Knoxville,TN,,,2025,2026
143,288,Lipscomb,ASUN,2026,5539,5113385,Kellan Boylan,Kellan,Boylan,23.0,Guard,79.0,203.0,Overland Park,KS,,,2025,2026
143,288,Lipscomb,ASUN,2026,8126,5175660,Titas Sargiunas,Titas,Sargiunas,26.0,Guard,76.0,185.0,Kaunas,LTU,,,2026,2026
143,288,Lipscomb,ASUN,2026,200074,5313706,Or Ashkenazi,Or,Ashkenazi,6.0,Forward,77.0,197.0,Eilat,ISR,,,2026,2026
143,288,Lipscomb,ASUN,2026,27246,4897775,Ethan Duncan,Ethan,Duncan,7.0,Guard,72.0,170.0,Lubbock,TX,,,2026,2026
143,288,Lipscomb,ASUN,2026,200081,5313703,Luke Jack,Luke,Jack,0.0,Forward,78.0,184.0,Canton,GA,,,2026,2026
143,288,Lipscomb,ASUN,2026,200082,5313704,Devyn Martin,Devyn,Martin,2.0,Forward,80.0,217.0,Knoxville,TN,,,2026,2026
143,288,Lipscomb,ASUN,2026,19602,4781728,Cole Middleton,Cole,Middleton,24.0,Guard,78.0,240.0,Atlanta,GA,,,2026,2026
143,288,Lipscomb,ASUN,2026,200084,5313705,Kennedy Okpara,Kennedy,Okpara,3.0,Forward,79.0,206.0,Lagos,NGR,,,2026,2026
143,288,Lipscomb,ASUN,2026,200086,5313707,Josh Scott,Josh,Scott,15.0,Forward,78.0,194.0,Fort Payne,AL,,,2026,2026
143,288,Lipscomb,ASUN,2026,16146,5107530,Mateo Esmeraldo,Mateo,Esmeraldo,1.0,Guard,73.0,176.0,Monroe,CT,,,2026,2026
88,526,Florida Gulf Coast,ASUN,2026,2220,4897479,Michael Duax,Michael,Duax,15.0,Forward,77.0,215.0,Dubuque,IA,,,2025,2026
88,526,Florida Gulf Coast,ASUN,2026,2223,4895738,Rahmir Barno,Rahmir,Barno,1.0,Guard,72.0,155.0,Philadelphia,PA,,,2024,2026
88,526,Florida Gulf Coast,ASUN,2026,2225,5105971,Rory Stewart,Rory,Stewart,6.0,Forward,80.0,230.0,London,ENG,,,2025,2026
88,526,Florida Gulf Coast,ASUN,2026,2226,5239791,Darren Williams,Darren,Williams,2.0,Guard,76.0,172.0,Philadelphia,PA,,,2025,2026
88,526,Florida Gulf Coast,ASUN,2026,2228,5246065,Evan Barlow,Evan,Barlow,12.0,Forward,76.0,185.0,Morton,IL,,,2025,2026
88,526,Florida Gulf Coast,ASUN,2026,2230,5239793,Tristen Guillouette,Tristen,Guillouette,21.0,Center,82.0,255.0,Willingboro,NJ,,,2025,2026
88,526,Florida Gulf Coast,ASUN,2026,2231,5239792,BB Washington,BB,Washington,8.0,Shooting Guard,77.0,175.0,Houston,TX,,,2025,2026
88,526,Florida Gulf Coast,ASUN,2026,2232,5239790,Jack Reddick,Jack,Reddick,0.0,Point Guard,75.0,170.0,Eddyville,KY,,,2025,2026
88,526,Florida Gulf Coast,ASUN,2026,2236,4897069,Brandon Dwyer,Brandon,Dwyer,31.0,Guard,75.0,180.0,Newark,DE,,,2023,2026
88,526,Florida Gulf Coast,ASUN,2026,199223,5236221,Jordan Ellerbee,Jordan,Ellerbee,7.0,Guard,74.0,175.0,Philadelphia,PA,,,2026,2026
88,526,Florida Gulf Coast,ASUN,2026,199225,5313661,Chase Konieczny,Chase,Konieczny,23.0,Forward,76.0,170.0,South Bend,IN,,,2026,2026
88,526,Florida Gulf Coast,ASUN,2026,199227,5313662,Isaiah Malone,Isaiah,Malone,32.0,Forward,80.0,175.0,Lagrange,IN,,,2026,2026
88,526,Florida Gulf Coast,ASUN,2026,199228,5313660,Matt McCarthy,Matt,McCarthy,4.0,Guard,75.0,195.0,Aston,PA,,,2026,2026
88,526,Florida Gulf Coast,ASUN,2026,199231,5313659,Gabe Tanner,Gabe,Tanner,3.0,Forward,76.0,170.0,Scranton,PA,,,2026,2026
88,526,Florida Gulf Coast,ASUN,2026,8167,4575837,J.R. Konieczny,J.R.,Konieczny,20.0,Guard,79.0,204.0,South Bend,IN,,,2026,2026
88,526,Florida Gulf Coast,ASUN,2026,8150,4711274,George Washington III,George,Washington III,10.0,Guard,74.0,195.0,Austin,TX,,,2026,2026
203,2454,North Florida,ASUN,2026,3196,5239995,Dante Oliver,Dante,Oliver,5.0,Guard,77.0,190.0,Knoxville,TN,,,2025,2026
203,2454,North Florida,ASUN,2026,3198,5176208,Mason Lee,Mason,Lee,2.0,Guard,79.0,200.0,Jacksonville Beach,FL,,,2024,2026
203,2454,North Florida,ASUN,2026,3199,5119069,Kamrin Oriol,Kamrin,Oriol,11.0,Guard,75.0,187.0,St. Petersburg,FL,,,2025,2026
203,2454,North Florida,ASUN,2026,3200,5239997,Arden Begaj,Arden,Begaj,12.0,Forward,84.0,215.0,Toronto,ON,,,2025,2026
203,2454,North Florida,ASUN,2026,3201,5177724,Nestor Dyachok,Nestor,Dyachok,24.0,Forward,81.0,218.0,Moscow,RUS,,,2025,2026
203,2454,North Florida,ASUN,2026,3202,5239994,Taylor Thompson,Taylor,Thompson,3.0,Guard,71.0,172.0,Jacksonville,FL,,,2025,2026
203,2454,North Florida,ASUN,2026,3203,4702988,Alex Vargo,Alex,Vargo,13.0,Guard,77.0,190.0,Wheeling,WV,,,2025,2026
203,2454,North Florida,ASUN,2026,2293,5243208,Kent Jackson,Kent,Jackson,10.0,Guard,74.0,169.0,Jacksonville,FL,,,2026,2026
203,2454,North Florida,ASUN,2026,201141,5314454,Trey Cady,Trey,Cady,22.0,Forward,80.0,205.0,Marion,OH,,,2026,2026
203,2454,North Florida,ASUN,2026,5343,4897902,Devin Hines,Devin,Hines,4.0,Guard,76.0,188.0,West Palm Beach,FL,,,2026,2026
203,2454,North Florida,ASUN,2026,201146,5314455,Gabe Jacobs,Gabe,Jacobs,25.0,Guard,73.0,170.0,Warner Robins,GA,,,2026,2026
203,2454,North Florida,ASUN,2026,201150,5314453,BJ Plummer,BJ,Plummer,1.0,Forward,78.0,189.0,Tallahassee,FL,,,2026,2026
203,2454,North Florida,ASUN,2026,201153,5314452,Mason Watkins,Mason,Watkins,0.0,Guard,75.0,165.0,Burlington,IA,,,2026,2026
203,2454,North Florida,ASUN,2026,12510,5257916,Dalton Gayman,Dalton,Gayman,21.0,Athlete,79.0,223.0,Nevada,MO,,,2026,2026
197,2453,North Alabama,ASUN,2026,6800,5105533,Corneilous Williams,Corneilous,Williams,2.0,Forward,81.0,215.0,Beaumont,MS,,,2025,2026
197,2453,North Alabama,ASUN,2026,6801,4709454,Dallas Howell,Dallas,Howell,34.0,Forward,79.0,220.0,Coffee Springs,AL,,,2021,2026
197,2453,North Alabama,ASUN,2026,6805,5239797,Donte Bacchus,Donte,Bacchus,1.0,Forward,79.0,220.0,Homewood,AL,,,2025,2026
197,2453,North Alabama,ASUN,2026,6806,5239801,Israel Jenrette,Israel,Jenrette,21.0,Center,85.0,270.0,Valdosta,GA,,,2025,2026
197,2453,North Alabama,ASUN,2026,6807,5176204,Jamal Albritton,Jamal,Albritton,35.0,Center,81.0,250.0,Montgomery,AL,,,2024,2026
197,2453,North Alabama,ASUN,2026,6808,5239798,Kevin de Kovachich,Kevin,de Kovachich,8.0,Guard,76.0,185.0,Montreal,PQ,,,2025,2026
197,2453,North Alabama,ASUN,2026,6809,5176200,Canin Jefferson,Canin,Jefferson,4.0,Guard,74.0,185.0,New Orleans,LA,,,2024,2026
197,2453,North Alabama,ASUN,2026,6812,5239803,DarKaun King,DarKaun,King,25.0,Forward,79.0,215.0,Dallas,TX,,,2025,2026
197,2453,North Alabama,ASUN,2026,6813,5239802,Mitchell Chaffee,Mitchell,Chaffee,24.0,Center,82.0,220.0,Muscle Shoals,AL,,,2025,2026
197,2453,North Alabama,ASUN,2026,6814,5239800,King Walker,King,Walker,55.0,Guard,78.0,185.0,Detroit,MI,,,2025,2026
197,2453,North Alabama,ASUN,2026,200961,5314350,Kedar Bodie,Kedar,Bodie,5.0,Guard,75.0,205.0,Augusta,GA,,,2026,2026
197,2453,North Alabama,ASUN,2026,200964,5314351,Cortez Graham-Howard,Cortez,Graham-Howard,12.0,Guard,77.0,210.0,Nashville,TN,,,2026,2026
197,2453,North Alabama,ASUN,2026,200969,5314349,Braylon Patton,Braylon,Patton,3.0,Guard,72.0,180.0,Birmingham,AL,,,2026,2026
197,2453,North Alabama,ASUN,2026,200971,5314348,Tank Washington,Tank,Washington,0.0,Forward,79.0,210.0,Panama City,FL,,,2026,2026
78,2198,Eastern Kentucky,ASUN,2026,1560,4898333,Montavious Myrick,Montavious,Myrick,13.0,Forward,80.0,208.0,Atlanta,GA,,,2024,2026
78,2198,Eastern Kentucky,ASUN,2026,1564,5106707,Jackson Holt,Jackson,Holt,11.0,Guard,76.0,185.0,Cincinnati,OH,,,2023,2026
78,2198,Eastern Kentucky,ASUN,2026,1565,5239788,Yvens Paul,Yvens,Paul,21.0,Forward,79.0,220.0,Naples,FL,,,2025,2026
78,2198,Eastern Kentucky,ASUN,2026,1571,5106705,Turner Buttry,Turner,Buttry,0.0,Guard,71.0,165.0,Bowling Green,KY,,,2023,2026
78,2198,Eastern Kentucky,ASUN,2026,1573,5239786,Jayden Harris,Jayden,Harris,5.0,Forward,79.0,189.0,Dumfries,VA,,,2025,2026
78,2198,Eastern Kentucky,ASUN,2026,199039,5313636,Rydge Beverly,Rydge,Beverly,10.0,Guard,72.0,180.0,Hazard,KY,,,2026,2026
78,2198,Eastern Kentucky,ASUN,2026,199041,5313635,Trey Coles,Trey,Coles,7.0,Guard,76.0,200.0,Richmond,VA,,,2026,2026
78,2198,Eastern Kentucky,ASUN,2026,199046,5313633,Tyler Jackson,Tyler,Jackson,2.0,Guard,74.0,153.0,Baltimore,MD,,,2026,2026
78,2198,Eastern Kentucky,ASUN,2026,199048,5313637,Mason Miles,Mason,Miles,12.0,Guard,74.0,184.0,Louisville,KY,,,2026,2026
78,2198,Eastern Kentucky,ASUN,2026,199051,5313638,Asa White,Asa,White,24.0,Center,81.0,200.0,Raleigh,NC,,,2026,2026
78,2198,Eastern Kentucky,ASUN,2026,199052,5313634,MJ Williams,MJ,Williams,3.0,Guard,70.0,168.0,Rocky Mount,NC,,,2026,2026
78,2198,Eastern Kentucky,ASUN,2026,7340,4812368,Amarr Knox,Amarr,Knox,1.0,Guard,75.0,170.0,Memphis,TN,,,2026,2026
78,2198,Eastern Kentucky,ASUN,2026,6400,4909271,Jalen Cooper,Jalen,Cooper,8.0,Forward,79.0,215.0,St. Petersburg,FL,,,2026,2026
78,2198,Eastern Kentucky,ASUN,2026,2967,4895779,Austin Ball,Austin,Ball,14.0,Guard,79.0,210.0,Man,WV,,,2026,2026
78,2198,Eastern Kentucky,ASUN,2026,2909,5242400,Juan Cranford Jr.,Juan,Cranford Jr.,4.0,Guard,76.0,205.0,Dayton,OH,,,2026,2026
21,91,Bellarmine,ASUN,2026,3463,5106735,Jack Karasinski,Jack,Karasinski,32.0,Forward,79.0,215.0,Grand Rapids,MI,,,2025,2026
21,91,Bellarmine,ASUN,2026,198168,5312903,Jacob Wassler,Jacob,Wassler,44.0,Center,83.0,230.0,Cincinnati,OH,,,2026,2026
21,91,Bellarmine,ASUN,2026,10643,5254207,Michael Wilson Jr.,Michael,Wilson Jr.,24.0,Forward,78.0,195.0,Charlotte,NC,,,2026,2026
21,91,Bellarmine,ASUN,2026,379,4823976,Brian Waddell,Brian,Waddell,11.0,Forward,79.0,195.0,Carmel,IN,,,2026,2026
21,91,Bellarmine,ASUN,2026,4848,5176207,Donovan Hunter,Donovan,Hunter,7.0,Forward,80.0,200.0,Columbus,OH,,,2026,2026
21,91,Bellarmine,ASUN,2026,3469,5239765,Myles Watkins,Myles,Watkins,5.0,Guard,75.0,185.0,Frisco,TX,,,2025,2026
21,91,Bellarmine,ASUN,2026,3470,5239763,Tyler Doyle,Tyler,Doyle,2.0,Guard,77.0,185.0,Lexington,KY,,,2025,2026
21,91,Bellarmine,ASUN,2026,3471,5175851,Grant Whitaker,Grant,Whitaker,10.0,Guard,76.0,185.0,Murray,KY,,,2024,2026
21,91,Bellarmine,ASUN,2026,3472,5175850,Kenyon Goodin,Kenyon,Goodin,8.0,Guard,75.0,190.0,Shelbyville,KY,,,2024,2026
21,91,Bellarmine,ASUN,2026,3474,5175852,Luke Anderson,Luke,Anderson,15.0,Forward,80.0,200.0,Goshen,KY,,,2024,2026
21,91,Bellarmine,ASUN,2026,3476,5239766,Grant Neal,Grant,Neal,4.0,Guard,75.0,180.0,Prospect,KY,,,2025,2026
21,91,Bellarmine,ASUN,2026,198157,5312901,Darrius Bolden,Darrius,Bolden,22.0,Guard,73.0,185.0,Milwaukee,WI,,,2026,2026
21,91,Bellarmine,ASUN,2026,198158,5312898,Tommy Clark,Tommy,Clark,0.0,Guard,75.0,175.0,Kings Mills,OH,,,2026,2026
21,91,Bellarmine,ASUN,2026,198159,5312902,Sam Donald,Sam,Donald,23.0,Forward,80.0,195.0,Columbia,IL,,,2026,2026
21,91,Bellarmine,ASUN,2026,198164,5312899,Ant McAfee,Ant,McAfee,1.0,Guard,78.0,170.0,Peoria,IL,,,2026,2026
21,91,Bellarmine,ASUN,2026,198165,5312900,Dominique Murphy,Dominique,Murphy,14.0,Forward,77.0,180.0,East Chicago,IN,,,2026,2026
362,2511,Queens University,ASUN,2026,3253,5240006,Yoav Berman,Yoav,Berman,24.0,Forward,78.0,214.0,Tel Aviv,ISR,,,2025,2026
362,2511,Queens University,ASUN,2026,3255,5107088,Chris Ashby,Chris,Ashby,11.0,Guard,74.0,193.0,Houston,TX,,,2023,2026
362,2511,Queens University,ASUN,2026,3257,5240005,Maban Jabriel,Maban,Jabriel,9.0,Forward,81.0,205.0,Waterloo,ON,,,2025,2026
362,2511,Queens University,ASUN,2026,3258,5176643,Nasir Mann,Nasir,Mann,1.0,Forward,77.0,203.0,Gainesville,FL,,,2025,2026
362,2511,Queens University,ASUN,2026,3266,5240008,Colby Christiansen,Colby,Christiansen,35.0,Guard,74.0,182.0,Portland,OR,,,2025,2026
362,2511,Queens University,ASUN,2026,3267,5240007,Jacob Brandly,Jacob,Brandly,25.0,Guard,78.0,216.0,Holtsville,NY,,,2025,2026
362,2511,Queens University,ASUN,2026,7396,4898223,Gus Larson,Gus,Larson,7.0,Forward,82.0,220.0,New Canaan,CT,,,2026,2026
362,2511,Queens University,ASUN,2026,1078,5177217,Carson Schwieger,Carson,Schwieger,22.0,Forward,80.0,222.0,Overland Park,KS,,,2026,2026
362,2511,Queens University,ASUN,2026,2607,5176801,Avantae Parker,Avantae,Parker,6.0,Forward,81.0,218.0,Columbia,SC,,,2026,2026
362,2511,Queens University,ASUN,2026,201592,5314489,Danzelle Bullock Coles,Danzelle,Bullock Coles,2.0,Guard,77.0,194.0,Richmond,VA,,,2026,2026
362,2511,Queens University,ASUN,2026,201593,5314490,Reid Celestin,Reid,Celestin,4.0,Guard,78.0,189.0,Atlanta,GA,,,2026,2026
362,2511,Queens University,ASUN,2026,201595,5314491,Kam Clark,Kam,Clark,5.0,Forward,79.0,187.0,Memphis,TN,,,2026,2026
362,2511,Queens University,ASUN,2026,201596,5314493,Tyler Crider,Tyler,Crider,12.0,Guard,72.0,160.0,Matthews,NC,,,2026,2026
362,2511,Queens University,ASUN,2026,201597,5196932,Isaiah Henry,Isaiah,Henry,3.0,Guard,76.0,222.0,Charlotte,NC,,,2026,2026
362,2511,Queens University,ASUN,2026,201599,5314492,Jimma James,Jimma,James,8.0,Guard,78.0,192.0,Windsor,ON,,,2026,2026
362,2511,Queens University,ASUN,2026,201604,5314496,Matthew Walter,Matthew,Walter,23.0,Guard,75.0,182.0,Honolulu,HI,,,2026,2026
362,2511,Queens University,ASUN,2026,201605,5144110,Jordan Watford,Jordan,Watford,0.0,Guard,77.0,185.0,Lancaster,SC,,,2026,2026
362,2511,Queens University,ASUN,2026,201606,5314495,Seamus Wilson,Seamus,Wilson,15.0,Guard,72.0,165.0,Moscow,ID,,,2026,2026
362,2511,Queens University,ASUN,2026,201607,5314494,Saif-Allah Zatari,Saif-Allah,Zatari,13.0,Guard,75.0,188.0,Amman,JOR,,,2026,2026
17,2046,Austin Peay,ASUN,2026,4748,5239753,Quan Lax,Quan,Lax,20.0,Guard,74.0,188.0,Bolivar,TN,,,2025,2026
17,2046,Austin Peay,ASUN,2026,4751,4683734,Anton Brookshire,Anton,Brookshire,12.0,Guard,74.0,174.0,Milwaukee,WI,,,2024,2026
17,2046,Austin Peay,ASUN,2026,4756,5239750,Terrell Gaines,Terrell,Gaines,10.0,Guard,68.0,155.0,West Plains,MO,,,2025,2026
17,2046,Austin Peay,ASUN,2026,4758,5239748,Tate McCubbin,Tate,McCubbin,0.0,Guard,80.0,174.0,Columbia,MO,,,2025,2026
17,2046,Austin Peay,ASUN,2026,4759,5108913,Hansel Enmanuel,Hansel,Enmanuel,24.0,Guard,78.0,167.0,Santo Domingo,DOM,,,2024,2026
17,2046,Austin Peay,ASUN,2026,198112,5312885,Zyree Collins,Zyree,Collins,1.0,Point Guard,72.0,187.0,St. Louis,MO,,,2026,2026
17,2046,Austin Peay,ASUN,2026,198114,5312887,Matt Enright,Matt,Enright,3.0,Point Guard,74.0,179.0,St. Louis,MO,,,2026,2026
17,2046,Austin Peay,ASUN,2026,198119,5312888,Creighton Morisch,Creighton,Morisch,7.0,Forward,82.0,229.0,Spirit Lake,IA,,,2026,2026
17,2046,Austin Peay,ASUN,2026,198120,5312891,Collin Parker,Collin,Parker,32.0,Forward,80.0,227.0,Montgomery City,MO,,,2026,2026
17,2046,Austin Peay,ASUN,2026,198121,5312890,Ja'Corey Robinson,Ja'Corey,Robinson,23.0,Point Guard,78.0,211.0,Topeka,KS,,,2026,2026
17,2046,Austin Peay,ASUN,2026,198122,5312889,Travis Torain,Travis,Torain,22.0,Guard,80.0,203.0,Surprise,AZ,,,2026,2026
17,2046,Austin Peay,ASUN,2026,198123,5312886,Tyler Wagner,Tyler,Wagner,2.0,Guard,77.0,197.0,Brooklyn Park,MN,,,2026,2026
17,2046,Austin Peay,ASUN,2026,4977,5060699,Rashaud Marshall,Rashaud,Marshall,5.0,Forward,80.0,226.0,Blytheville,AR,,,2026,2026
43,2110,Central Arkansas,ASUN,2026,7660,5239782,Cole McCormick,Cole,McCormick,24.0,Forward,78.0,200.0,Chattanooga,TN,,,2025,2026
43,2110,Central Arkansas,ASUN,2026,7663,5239780,Ty Robinson,Ty,Robinson,12.0,Guard,76.0,190.0,Hot Springs,AR,,,2025,2026
43,2110,Central Arkansas,ASUN,2026,7666,5239781,Ethan Thomas,Ethan,Thomas,17.0,Guard,73.0,185.0,Lebanon,TN,,,2025,2026
43,2110,Central Arkansas,ASUN,2026,7669,5239777,Tyler Lee,Tyler,Lee,5.0,Guard,77.0,200.0,Knoxville,TN,,,2025,2026
43,2110,Central Arkansas,ASUN,2026,7671,4712848,Javion Guy-King,Javion,Guy-King,2.0,Guard,78.0,205.0,Little Rock,AR,,,2024,2026
43,2110,Central Arkansas,ASUN,2026,7668,5239778,Owen Derhmann,Owen,Derhmann,10.0,Guard,76.0,185.0,Bentonville,AR,,,2025,2026
43,2110,Central Arkansas,ASUN,2026,198521,5312922,Harry Beauchamp,Harry,Beauchamp,9.0,Guard,77.0,200.0,Melbourne,VIC,,,2026,2026
43,2110,Central Arkansas,ASUN,2026,3666,4897558,Rashad Bolden,Rashad,Bolden,11.0,Guard,72.0,180.0,Jackson,MS,,,2026,2026
43,2110,Central Arkansas,ASUN,2026,198523,5312919,Truman Byrne,Truman,Byrne,0.0,Forward,82.0,230.0,Melbourne,VIC,,,2026,2026
43,2110,Central Arkansas,ASUN,2026,198528,5312925,Malchiah Marable,Malchiah,Marable,25.0,Forward,81.0,245.0,Washington,DC,,,2026,2026
43,2110,Central Arkansas,ASUN,2026,198530,5312924,Chris Mason,Chris,Mason,23.0,Forward,79.0,250.0,Tulsa,OK,,,2026,2026
43,2110,Central Arkansas,ASUN,2026,198532,5312926,Luke Moore,Luke,Moore,32.0,Guard,74.0,180.0,Little Rock,AR,,,2026,2026
43,2110,Central Arkansas,ASUN,2026,198533,5312921,R.J. Newton,R.J.,Newton,7.0,Guard,77.0,180.0,Bryant,AR,,,2026,2026
43,2110,Central Arkansas,ASUN,2026,198535,5312920,J.C. Shulman,J.C.,Shulman,4.0,Guard,74.0,200.0,Chattanooga,TN,,,2026,2026
43,2110,Central Arkansas,ASUN,2026,21399,5111680,Rylie Marshall,Rylie,Marshall,3.0,Guard,73.0,170.0,Beebe,AR,,,2026,2026
43,2110,Central Arkansas,ASUN,2026,5432,4897018,Camren Hunter,Camren,Hunter,1.0,Guard,75.0,205.0,Bryant,AR,,,2026,2026
43,2110,Central Arkansas,ASUN,2026,4723,5247935,Parker Applegate,Parker,Applegate,13.0,Athlete,80.0,210.0,Murfreesboro,TN,,,2026,2026
346,2698,West Georgia,ASUN,2026,4138,5240029,Kolten Griffin,Kolten,Griffin,11.0,Forward,78.0,202.0,Saint Joseph,MO,,,2025,2026
346,2698,West Georgia,ASUN,2026,4139,5240027,Shelton Williams-Dryden,Shelton,Williams-Dryden,4.0,Forward,78.0,220.0,Milwaukee,WI,,,2025,2026
346,2698,West Georgia,ASUN,2026,4145,5240035,Cameron Merritt,Cameron,Merritt,30.0,Guard,71.0,172.0,Carrollton,GA,,,2025,2026
346,2698,West Georgia,ASUN,2026,4146,5240024,Brady Hardewig,Brady,Hardewig,1.0,Guard,74.0,195.0,Cincinnati,OH,,,2025,2026
346,2698,West Georgia,ASUN,2026,4148,5240033,Kenneth Chime,Kenneth,Chime,22.0,Power Forward,81.0,214.0,Enugu,NGR,,,2025,2026
346,2698,West Georgia,ASUN,2026,4149,5240026,Xavier Shegog,Xavier,Shegog,3.0,Power Forward,78.0,211.0,Nashville,TN,,,2025,2026
346,2698,West Georgia,ASUN,2026,4150,5240032,Max Young,Max,Young,20.0,Guard,75.0,190.0,Carrollton,GA,,,2025,2026
346,2698,West Georgia,ASUN,2026,4152,5240030,Eric Baldassarre,Eric,Baldassarre,12.0,Guard,76.0,172.0,Lancaster,PA,,,2025,2026
346,2698,West Georgia,ASUN,2026,4153,5115866,Malcolm Noel,Malcolm,Noel,23.0,Guard,71.0,175.0,Atlanta,GA,,,2025,2026
346,2698,West Georgia,ASUN,2026,4760,5194058,JaVar Daniel,JaVar,Daniel,5.0,Guard,82.0,215.0,Memphis,TN,,,2026,2026
346,2698,West Georgia,ASUN,2026,8487,5241000,Chas Lewless,Chas,Lewless,2.0,Guard,74.0,175.0,Detroit,MI,,,2026,2026
346,2698,West Georgia,ASUN,2026,2602,5239886,Micah Smith,Micah,Smith,9.0,Forward,79.0,205.0,Tyrone,GA,,,2026,2026
346,2698,West Georgia,ASUN,2026,2944,5179291,Josh Smith,Josh,Smith,10.0,Guard,75.0,182.0,Chicago,IL,,,2026,2026
346,2698,West Georgia,ASUN,2026,4574,5243003,Matija Žužić,Matija,Žužić,6.0,Forward,78.0,194.0,Belgrade,SER,,,2026,2026
346,2698,West Georgia,ASUN,2026,203378,5314546,Maddox Fowles,Maddox,Fowles,25.0,Forward,79.0,206.0,Miami Gardens,FL,,,2026,2026
346,2698,West Georgia,ASUN,2026,18143,5184642,Nate Jones,Nate,Jones,14.0,Guard,74.0,190.0,Carrollton,GA,,,2026,2026
337,261,Vermont,Am. East,2026,3938,5107295,TJ Hurley,TJ,Hurley,3.0,Guard,77.0,190.0,Pelham,ON,,,2023,2026
337,261,Vermont,Am. East,2026,3939,4896370,TJ Long,TJ,Long,20.0,Guard,76.0,195.0,Rockville Centre,NY,,,2024,2026
337,261,Vermont,Am. East,2026,3942,4895789,Noah Barnett,Noah,Barnett,34.0,Forward,81.0,205.0,Poughkeepsie,NY,,,2024,2026
337,261,Vermont,Am. East,2026,3943,5239825,Sean Blake,Sean,Blake,5.0,Guard,74.0,160.0,Mississauga,AB,,,2025,2026
337,261,Vermont,Am. East,2026,3945,5239826,Drew Bessette,Drew,Bessette,15.0,Forward,80.0,225.0,Milton,VT,,,2025,2026
337,261,Vermont,Am. East,2026,3947,5239827,Sincere Clemons,Sincere,Clemons,25.0,Guard,74.0,170.0,Ithaca,NY,,,2025,2026
337,261,Vermont,Am. East,2026,3948,5239824,Ben Wesson,Ben,Wesson,12.0,Guard,76.0,170.0,Charlottesville,VA,,,2025,2026
337,261,Vermont,Am. East,2026,2415,4897889,Chris Kuzemka,Chris,Kuzemka,13.0,Guard,72.0,183.0,Clifton,VA,,,2026,2026
337,261,Vermont,Am. East,2026,3466,4897010,Ben Johnson,Ben,Johnson,24.0,Guard,75.0,195.0,Lexington,KY,,,2026,2026
337,261,Vermont,Am. East,2026,8470,5176447,David Simon,David,Simon,0.0,Forward,83.0,190.0,Windsor,ON,,,2026,2026
337,261,Vermont,Am. East,2026,4102,4685686,Gus Yalden,Gus,Yalden,19.0,Forward,81.0,258.0,Appleton,WI,,,2026,2026
337,261,Vermont,Am. East,2026,2617,5243028,Ben Michaels,Ben,Michaels,2.0,Forward,80.0,220.0,Ipswich,ENG,,,2026,2026
337,261,Vermont,Am. East,2026,2869,4897489,Trey Woodyard,Trey,Woodyard,32.0,Forward,78.0,196.0,London,OH,,,2026,2026
337,261,Vermont,Am. East,2026,8293,4870563,Jackson Skipper,Jackson,Skipper,4.0,Forward,79.0,190.0,Tulsa,OK,,,2026,2026
337,261,Vermont,Am. East,2026,203164,5313192,Lucas Mari,Lucas,Mari,21.0,Guard,78.0,,Valencia,ESP,,,2026,2026
337,261,Vermont,Am. East,2026,203166,5313191,Momo Nkugwa,Momo,Nkugwa,1.0,Guard,75.0,,Chelmsford,MA,,,2026,2026
154,311,Maine,Am. East,2026,188,5107211,Keelan Steele,Keelan,Steele,25.0,Forward,82.0,230.0,Alton,ON,,,2023,2026
154,311,Maine,Am. East,2026,193,5107810,Killian Gribben,Killian,Gribben,10.0,Forward,82.0,222.0,Letterkenny,IRL,,,2025,2026
154,311,Maine,Am. East,2026,197,5175691,Isaac Bonilla,Isaac,Bonilla,5.0,Guard,73.0,175.0,Danville,NH,,,2024,2026
154,311,Maine,Am. East,2026,198,5175690,Logan Carey,Logan,Carey,0.0,Guard,75.0,183.0,Shelton,CT,,,2024,2026
154,311,Maine,Am. East,2026,199,5239747,Amare Allen,Amare,Allen,14.0,Forward,79.0,208.0,Ajax,ON,,,2025,2026
154,311,Maine,Am. East,2026,200,5107210,John Shea,John,Shea,15.0,Forward,78.0,235.0,Auburn,ME,,,2023,2026
154,311,Maine,Am. East,2026,202,5239746,Darius Lopes,Darius,Lopes,8.0,Guard,76.0,167.0,West Warwick,RI,,,2025,2026
154,311,Maine,Am. East,2026,203,5239745,Caleb Crawford,Caleb,Crawford,4.0,Guard,72.0,172.0,Bronx,NY,,,2025,2026
154,311,Maine,Am. East,2026,4647,5175745,Yanis Bamba,Yanis,Bamba,6.0,Guard,78.0,211.0,Montreal,PQ,,,2026,2026
154,311,Maine,Am. East,2026,200266,5313107,Emmitt Byther,Emmitt,Byther,12.0,Forward,78.0,225.0,Old Town,ME,,,2026,2026
154,311,Maine,Am. East,2026,200269,5093143,Ace Flagg,Ace,Flagg,11.0,Forward,79.0,205.0,Newport,ME,,,2026,2026
154,311,Maine,Am. East,2026,1269,4701160,Mekhi Gray,Mekhi,Gray,24.0,Guard,76.0,190.0,Montrose,NY,,,2026,2026
154,311,Maine,Am. East,2026,4807,5108029,Ryan Mabrey,Ryan,Mabrey,3.0,Guard,77.0,195.0,Belmar,NJ,,,2026,2026
154,311,Maine,Am. East,2026,200274,5313109,Bashir N'Galang,Bashir,N'Galang,64.0,Guard,75.0,190.0,Montreal,PQ,,,2026,2026
154,311,Maine,Am. East,2026,200275,5313108,Joshua Ojuri,Joshua,Ojuri,21.0,Forward,78.0,206.0,Providence,RI,,,2026,2026
154,311,Maine,Am. East,2026,4606,5177368,TJ Biel,TJ,Biel,1.0,Guard,81.0,205.0,Calgary,AB,,,2026,2026
190,160,New Hampshire,Am. East,2026,2868,5177101,Dylan Saunders,Dylan,Saunders,3.0,Forward,80.0,202.0,Roanoke,VA,,,2025,2026
190,160,New Hampshire,Am. East,2026,2872,5239772,Jon O'Neill,Jon,O'Neill,24.0,Forward,81.0,216.0,Kaukauna,WI,,,2025,2026
190,160,New Hampshire,Am. East,2026,2873,5175705,Davide Poser,Davide,Poser,15.0,Forward,76.0,206.0,Veneto,ITA,,,2024,2026
190,160,New Hampshire,Am. East,2026,2875,5239771,Antoni Siewruk,Antoni,Siewruk,14.0,Guard,81.0,193.0,Koszalin,POL,,,2025,2026
190,160,New Hampshire,Am. East,2026,2880,5239769,Nick Sanford,Nick,Sanford,11.0,Guard,73.0,178.0,Phoenix,AZ,,,2025,2026
190,160,New Hampshire,Am. East,2026,990,5174932,KiJan Robinson,KiJan,Robinson,8.0,Guard,75.0,175.0,Apopka,FL,,,2026,2026
190,160,New Hampshire,Am. East,2026,3375,5103832,Comeh Emuobor,Comeh,Emuobor,10.0,Guard,77.0,205.0,Raleigh,NC,,,2026,2026
190,160,New Hampshire,Am. East,2026,958,5176417,Belal El Shakery,Belal,El Shakery,23.0,Forward,80.0,230.0,Alexandria,EGY,,,2026,2026
190,160,New Hampshire,Am. East,2026,200822,5313119,Tyler Bike,Tyler,Bike,0.0,Guard,70.0,170.0,Merrimack,NH,,,2026,2026
190,160,New Hampshire,Am. East,2026,200823,5313120,Myles Blackley,Myles,Blackley,4.0,Guard,76.0,170.0,Summit,NJ,,,2026,2026
190,160,New Hampshire,Am. East,2026,3962,5240394,R.J. Kennedy,R.J.,Kennedy,5.0,Guard,73.0,180.0,Fayetteville,GA,,,2026,2026
190,160,New Hampshire,Am. East,2026,17068,5176520,John Squire,John,Squire,7.0,Forward,80.0,220.0,Sausalito,CA,,,2026,2026
190,160,New Hampshire,Am. East,2026,200835,5313121,Giannos Xanthopoulos,Giannos,Xanthopoulos,6.0,Center,82.0,220.0,Athens,GRE,,,2026,2026
190,160,New Hampshire,Am. East,2026,8147,5174630,Jack Graham,Jack,Graham,1.0,Guard,75.0,185.0,Smithfield,RI,,,2026,2026
306,399,UAlbany,Am. East,2026,4762,5177099,Sully Adewale,Sully,Adewale,33.0,Forward,80.0,225.0,East London,ENG,,,2025,2026
306,399,UAlbany,Am. East,2026,4763,5175797,Zacharie Matulu,Zacharie,Matulu,14.0,Guard,76.0,190.0,Albany,NY,,,2024,2026
306,399,UAlbany,Am. East,2026,5594,4897200,Isaac Abidde,Isaac,Abidde,5.0,Forward,81.0,215.0,Albany,GA,,,2026,2026
306,399,UAlbany,Am. East,2026,1410,5105887,Will Richardson,Will,Richardson,1.0,Guard,74.0,170.0,Teaneck,NJ,,,2026,2026
306,399,UAlbany,Am. East,2026,2587,5176224,Nas Muhammad,Nas,Muhammad,8.0,Guard,73.0,200.0,Brooklyn,NY,,,2026,2026
306,399,UAlbany,Am. East,2026,6247,4684461,Yaya Keita,Yaya,Keita,25.0,Forward,81.0,235.0,Koutiala,MLI,,,2026,2026
306,399,UAlbany,Am. East,2026,520,5177145,Ife West-Ingram,Ife,West-Ingram,7.0,Forward,79.0,200.0,Philadelphia,PA,,,2026,2026
306,399,UAlbany,Am. East,2026,2835,5174669,Miles Rose,Miles,Rose,4.0,Guard,76.0,195.0,Rochester,NY,,,2026,2026
306,399,UAlbany,Am. East,2026,2889,5174615,Tarique Foster,Tarique,Foster,24.0,Forward,80.0,185.0,Bronx,NY,,,2026,2026
306,399,UAlbany,Am. East,2026,202690,5313145,Abdoulaye Fall,Abdoulaye,Fall,22.0,Guard,82.0,205.0,Dakar,SEN,,,2026,2026
306,399,UAlbany,Am. East,2026,202694,5313144,Jaden Kempson,Jaden,Kempson,11.0,Guard,75.0,175.0,Bronx,NY,,,2026,2026
306,399,UAlbany,Am. East,2026,7409,5177685,Okechukwu Okeke,Okechukwu,Okeke,0.0,Forward,82.0,235.0,East Chicago,IN,,,2026,2026
306,399,UAlbany,Am. East,2026,202699,5313143,Wilkin Paulino,Wilkin,Paulino,3.0,Guard,74.0,180.0,Worcester,MA,,,2026,2026
306,399,UAlbany,Am. East,2026,4769,5239812,Amir Lindsey,Amir,Lindsey,2.0,Guard,71.0,165.0,Framingham,MA,,,2025,2026
306,399,UAlbany,Am. East,2026,4772,5239814,Ma'Kye Taylor,Ma'Kye,Taylor,13.0,Forward,79.0,220.0,Philadelphia,PA,,,2025,2026
306,399,UAlbany,Am. East,2026,4773,5175795,Bautista Giralt,Bautista,Giralt,10.0,Center,84.0,225.0,Buenos Aires,ARG,,,2024,2026
317,2378,UMBC,Am. East,2026,875,4702976,Josh Odunowo,Josh,Odunowo,2.0,Forward,78.0,215.0,Laurel,MD,,,2025,2026
317,2378,UMBC,Am. East,2026,876,5174860,Ace Valentine,Ace,Valentine,1.0,Guard,75.0,195.0,Columbia,MD,,,2024,2026
317,2378,UMBC,Am. East,2026,879,5239817,Tim Eze,Tim,Eze,7.0,Forward,79.0,210.0,Kleinburg,ON,,,2025,2026
317,2378,UMBC,Am. East,2026,880,5239816,Daylon Dickerson,Daylon,Dickerson,5.0,Forward,78.0,205.0,Kaufman,TX,,,2025,2026
317,2378,UMBC,Am. East,2026,887,5107238,Regimantas Ciunys,Regimantas,Ciunys,0.0,Forward,78.0,200.0,Vilnius,LTU,,,2023,2026
317,2378,UMBC,Am. East,2026,888,5239818,Jake Stout,Jake,Stout,12.0,Guard,79.0,200.0,Catonsville,MD,,,2025,2026
317,2378,UMBC,Am. East,2026,2632,5196866,Caden Diggs,Caden,Diggs,11.0,Forward,80.0,195.0,Waldorf,MD,,,2026,2026
317,2378,UMBC,Am. East,2026,2636,4888718,Devin Ceaser,Devin,Ceaser,13.0,Guard,73.0,175.0,Waldorf,MD,,,2026,2026
317,2378,UMBC,Am. East,2026,10305,5252505,DJ Armstrong Jr.,DJ,Armstrong Jr.,3.0,Athlete,76.0,190.0,Orlando,FL,,,2026,2026
317,2378,UMBC,Am. East,2026,202883,5313187,Paul Greene,Paul,Greene,10.0,Forward,78.0,195.0,Freeport,BAH,,,2026,2026
317,2378,UMBC,Am. East,2026,202884,5313189,Riley Jacobs,Riley,Jacobs,23.0,Forward,80.0,205.0,Alexandria,VA,,,2026,2026
317,2378,UMBC,Am. East,2026,202886,5313186,Jah'Likai King,Jah'Likai,King,4.0,Guard,74.0,160.0,Newburgh,NY,,,2026,2026
317,2378,UMBC,Am. East,2026,202890,5313190,Saahil Thakkar,Saahil,Thakkar,30.0,Guard,73.0,,Germantown,MD,,,2026,2026
317,2378,UMBC,Am. East,2026,16367,5177355,Cougar Downing,Cougar,Downing,21.0,Guard,74.0,180.0,Atchison,KS,,,2026,2026
317,2378,UMBC,Am. East,2026,13903,5182581,Jose Roberto Tanchyn,Jose Roberto,Tanchyn,14.0,Forward,82.0,235.0,Cordoba,ESP,,,2026,2026
24,2066,Binghamton,Am. East,2026,4113,5174812,Evan Ashe,Evan,Ashe,3.0,Guard,75.0,190.0,Charlotte,NC,,,2024,2026
24,2066,Binghamton,Am. East,2026,198206,5312446,Zyier Beverly,Zyier,Beverly,10.0,Forward,81.0,200.0,Los Angeles,CA,,,2026,2026
24,2066,Binghamton,Am. East,2026,198207,5312447,Jake Blackburn,Jake,Blackburn,30.0,Guard,77.0,200.0,Southborough,MA,,,2026,2026
24,2066,Binghamton,Am. East,2026,8300,5241626,Nevin Ibroci,Nevin,Ibroci,12.0,Guard,74.0,170.0,Staten Island,NY,,,2026,2026
24,2066,Binghamton,Am. East,2026,198209,5312444,Jayden Kelsey,Jayden,Kelsey,2.0,Guard,79.0,210.0,Phoenixville,PA,,,2026,2026
24,2066,Binghamton,Am. East,2026,2961,5177097,Jeremiah Quigley,Jeremiah,Quigley,0.0,Guard,71.0,170.0,Accokeek,MD,,,2026,2026
24,2066,Binghamton,Am. East,2026,198214,5312445,Ryan Richardson,Ryan,Richardson,4.0,Guard,77.0,200.0,Hollywood,FL,,,2026,2026
24,2066,Binghamton,Am. East,2026,14896,5262128,Sayerr Senghore,Sayerr,Senghore,33.0,Athlete,80.0,205.0,Woodinville,WA,,,2026,2026
24,2066,Binghamton,Am. East,2026,2621,4895759,Bryson Wilson,Bryson,Wilson,15.0,Guard,77.0,200.0,Washington,DC,,,2026,2026
24,2066,Binghamton,Am. East,2026,3549,5105848,Demetrius Lilley,Demetrius,Lilley,14.0,Forward,81.0,220.0,Philadelphia,PA,,,2026,2026
24,2066,Binghamton,Am. East,2026,4114,4684622,Jayden Lemond,Jayden,Lemond,1.0,Guard,76.0,185.0,Marietta,GA,,,2025,2026
24,2066,Binghamton,Am. East,2026,4118,5106619,Jackson Benigni,Jackson,Benigni,24.0,Guard,73.0,180.0,East Hampton,CT,,,2025,2026
24,2066,Binghamton,Am. East,2026,4121,4897008,Wes Peterson Jr.,Wes,Peterson Jr.,5.0,Guard,78.0,205.0,Alexandria,VA,,,2025,2026
24,2066,Binghamton,Am. East,2026,4122,5174814,Stephan Snagg,Stephan,Snagg,13.0,Forward,80.0,220.0,Queens,NY,,,2024,2026
318,2349,UMass Lowell,Am. East,2026,1265,5175814,Keenan Bey,Keenan,Bey,2.0,Forward,79.0,205.0,Las Vegas,NV,,,2024,2026
318,2349,UMass Lowell,Am. East,2026,1271,5239822,Isaiah Walter,Isaiah,Walter,6.0,Guard,79.0,200.0,Central Coast,NSW,,,2025,2026
318,2349,UMass Lowell,Am. East,2026,1272,5239820,Kris Johnson,Kris,Johnson,1.0,Guard,77.0,190.0,Prince George County,MD,,,2025,2026
318,2349,UMass Lowell,Am. East,2026,995,5105717,Khalil Farmer,Khalil,Farmer,22.0,Guard,75.0,190.0,Philadelphia,PA,,,2026,2026
318,2349,UMass Lowell,Am. East,2026,2573,5107225,Jerrell Roberson II,Jerrell,Roberson II,15.0,Forward,81.0,225.0,Upper Marlboro,MD,,,2026,2026
318,2349,UMass Lowell,Am. East,2026,392,5106722,Jared Frey,Jared,Frey,14.0,Guard,78.0,196.0,Columbus,OH,,,2026,2026
318,2349,UMass Lowell,Am. East,2026,3524,5174632,Shawn Simmons II,Shawn,Simmons II,13.0,Forward,78.0,215.0,Philadelphia,PA,,,2026,2026
318,2349,UMass Lowell,Am. East,2026,4889,5240686,Austin Green,Austin,Green,10.0,Forward,80.0,210.0,Sicklerville,NJ,,,2026,2026
318,2349,UMass Lowell,Am. East,2026,8660,5105889,Angel Montas Jr.,Angel,Montas Jr.,9.0,Guard,78.0,225.0,Romana,DOM,,,2026,2026
318,2349,UMass Lowell,Am. East,2026,202867,5313154,JJ Massaquoi,JJ,Massaquoi,55.0,Guard,78.0,235.0,Prince George County,MD,,,2026,2026
318,2349,UMass Lowell,Am. East,2026,202869,5313153,Victor Okojie,Victor,Okojie,23.0,Forward,80.0,215.0,Castlebar,IRL,,,2026,2026
318,2349,UMass Lowell,Am. East,2026,202873,5313152,Xavier Spencer,Xavier,Spencer,11.0,Guard,73.0,210.0,Calgary,AB,,,2026,2026
318,2349,UMass Lowell,Am. East,2026,202875,5313151,Darrel Yepdo,Darrel,Yepdo,3.0,Guard,72.0,185.0,Dracut,MA,,,2026,2026
31,2803,Bryant,Am. East,2026,198314,5313081,Daniel Akoue,Daniel,Akoue,10.0,Forward,82.0,,Saly,SEN,,,2026,2026
31,2803,Bryant,Am. East,2026,198317,5313082,Ethane Bourgade,Ethane,Bourgade,11.0,Forward,81.0,220.0,Le Mans,FRA,,,2026,2026
31,2803,Bryant,Am. East,2026,198319,5313084,Michael DeOrsey,Michael,DeOrsey,30.0,Guard,71.0,170.0,North Kingstown,RI,,,2026,2026
31,2803,Bryant,Am. East,2026,198320,5313078,Joe Green,Joe,Green,7.0,Guard,75.0,185.0,Baltimore,MD,,,2026,2026
31,2803,Bryant,Am. East,2026,198322,5313077,Jaheim Nyam,Jaheim,Nyam,5.0,Guard,75.0,190.0,Paris,FRA,,,2026,2026
31,2803,Bryant,Am. East,2026,198324,5313085,Timofei Rudovskii,Timofei,Rudovskii,99.0,Forward,81.0,215.0,Moscow,RUS,,,2026,2026
31,2803,Bryant,Am. East,2026,198325,5313080,Gio Sanford,Gio,Sanford,9.0,Forward,76.0,185.0,Glenn Dale,MD,,,2026,2026
31,2803,Bryant,Am. East,2026,198327,5313075,Ashley Sims II,Ashley,Sims II,0.0,Forward,80.0,253.0,Glen Burnie,MD,,,2026,2026
31,2803,Bryant,Am. East,2026,198328,5313076,Ty Tabales,Ty,Tabales,1.0,Guard,74.0,170.0,Worcester,MA,,,2026,2026
31,2803,Bryant,Am. East,2026,198330,5313079,Lennart Weber,Lennart,Weber,8.0,Forward,80.0,,Wiesbaden,GER,,,2026,2026
31,2803,Bryant,Am. East,2026,198332,5313083,Reed Woerner,Reed,Woerner,25.0,Guard,75.0,190.0,Bridgewater,CT,,,2026,2026
31,2803,Bryant,Am. East,2026,5182,4702741,Keegan Harvey,Keegan,Harvey,14.0,Forward,83.0,230.0,Newcastle,NSW,,,2026,2026
31,2803,Bryant,Am. East,2026,6061,4433257,Quincy Allen,Quincy,Allen,4.0,Forward,80.0,205.0,Silver Spring,MD,,,2026,2026
31,2803,Bryant,Am. East,2026,4712,5239716,Frankie Vassalluzzo,Frankie,Vassalluzzo,21.0,Guard,72.0,175.0,Boca Raton,FL,,,2025,2026
31,2803,Bryant,Am. East,2026,4715,4683741,Jakai Robinson,Jakai,Robinson,13.0,Guard,77.0,208.0,Ossining,NY,,,2025,2026
31,2803,Bryant,Am. East,2026,4717,5239721,Jason Sepe,Jason,Sepe,22.0,Guard,75.0,170.0,Foster,RI,,,2025,2026
31,2803,Bryant,Am. East,2026,4718,5239719,Langston Bailey,Langston,Bailey,6.0,Guard,69.0,142.0,Riverdale,MD,,,2025,2026
31,2803,Bryant,Am. East,2026,4720,5239715,Khalil Williams,Khalil,Williams,2.0,Guard,77.0,190.0,Washington,DC,,,2025,2026
31,2803,Bryant,Am. East,2026,4721,5174850,Aaron Davis III,Aaron,Davis III,3.0,Guard,79.0,215.0,Bay Shore,NY,,,2024,2026
186,2885,NJIT,Am. East,2026,2438,5239762,Jordan Rogers,Jordan,Rogers,3.0,Forward,78.0,215.0,Ridgewood,NJ,,,2025,2026
186,2885,NJIT,Am. East,2026,2442,5175802,Sebastian Robinson,Sebastian,Robinson,0.0,Guard,75.0,190.0,Montclair,NJ,,,2024,2026
186,2885,NJIT,Am. East,2026,2443,5239759,John Kelly,John,Kelly,25.0,Forward,80.0,205.0,Hillsborough,NJ,,,2025,2026
186,2885,NJIT,Am. East,2026,2445,5239761,Malachi Arrington,Malachi,Arrington,32.0,Center,83.0,220.0,Somerville,NJ,,,2025,2026
186,2885,NJIT,Am. East,2026,2446,5239758,Ari Fulton,Ari,Fulton,24.0,Guard,79.0,205.0,Fayetteville,NC,,,2025,2026
186,2885,NJIT,Am. East,2026,2449,5175807,Jeffrey Akintolu,Jeffrey,Akintolu,8.0,Forward,79.0,210.0,Welling,ENG,,,2024,2026
186,2885,NJIT,Am. East,2026,2450,5239756,Stefan Jimenez-Vojnic,Stefan,Jimenez-Vojnic,13.0,Center,83.0,230.0,Toronto,ON,,,2025,2026
186,2885,NJIT,Am. East,2026,2451,5239757,Quentin Duncan,Quentin,Duncan,14.0,Guard,76.0,180.0,Waterbury,CT,,,2025,2026
186,2885,NJIT,Am. East,2026,2452,5175806,Cameron Piggee,Cameron,Piggee,7.0,Guard,73.0,180.0,North Brunswick,NJ,,,2024,2026
186,2885,NJIT,Am. East,2026,200930,5313132,AJ Altobelli,AJ,Altobelli,5.0,Guard,72.0,165.0,Westfield,NJ,,,2026,2026
186,2885,NJIT,Am. East,2026,200932,5313134,Rocco Awad,Rocco,Awad,44.0,Guard,73.0,185.0,Windsor,ON,,,2026,2026
186,2885,NJIT,Am. East,2026,200933,5313131,David Bolden,David,Bolden,1.0,Guard,72.0,185.0,Milwaukee,WI,,,2026,2026
186,2885,NJIT,Am. East,2026,2908,5242401,Jeremy Clayville,Jeremy,Clayville,2.0,Guard,73.0,175.0,Ridgewood,NJ,,,2026,2026
186,2885,NJIT,Am. East,2026,1831,4703977,Melvyn Ebonkoli,Melvyn,Ebonkoli,11.0,Center,80.0,237.0,Trappes,FRA,,,2026,2026
186,2885,NJIT,Am. East,2026,200943,5313133,Zack Scherler,Zack,Scherler,33.0,Forward,83.0,245.0,Clarkston,MI,,,2026,2026
163,235,Memphis,American,2026,1125,5105618,Quante Berry,Quante,Berry,0.0,Guard,76.0,185.0,Cleveland,TN,,,2026,2026
163,235,Memphis,American,2026,2400,5175888,Arop Arop,Arop,Arop,4.0,Forward,83.0,180.0,Dallas,TX,,,2026,2026
163,235,Memphis,American,2026,7616,5105805,Dug McDaniel,Dug,McDaniel,1.0,Guard,71.0,175.0,Washington,DC,,,2026,2026
163,235,Memphis,American,2026,8330,5037872,Curtis Givens III,Curtis,Givens III,5.0,Guard,75.0,185.0,Memphis,TN,,,2026,2026
163,235,Memphis,American,2026,5814,5106647,Thierno Sylla,Thierno,Sylla,31.0,Forward,83.0,225.0,Conakry,GUI,,,2026,2026
163,235,Memphis,American,2026,418,4685683,Aaron Bradshaw,Aaron,Bradshaw,11.0,Forward,85.0,215.0,Rahway,NJ,,,2026,2026
163,235,Memphis,American,2026,514,4431995,Tariq Ingraham,Tariq,Ingraham,19.0,Forward,81.0,255.0,Philadelphia,PA,,,2026,2026
163,235,Memphis,American,2026,1296,5177047,William Whorton,William,Whorton,12.0,Forward,80.0,220.0,Milwaukee,WI,,,2026,2026
163,235,Memphis,American,2026,3207,5105548,Zach Davis,Zach,Davis,2.0,Guard,79.0,200.0,Orangeburg,SC,,,2026,2026
163,235,Memphis,American,2026,200418,5313374,Simon Majok,Simon,Majok,10.0,Center,85.0,210.0,Akak,SS,,,2026,2026
163,235,Memphis,American,2026,1281,5105984,Sincere Parker,Sincere,Parker,23.0,Guard,75.0,195.0,Rockford,IL,,,2026,2026
163,235,Memphis,American,2026,4656,5242617,Julius Thedford,Julius,Thedford,15.0,Guard,76.0,190.0,Memphis,TN,,,2026,2026
163,235,Memphis,American,2026,5562,5176660,Hasan Abdul Hakim,Hasan,Abdul Hakim,14.0,Guard,80.0,206.0,Toronto,ON,,,2026,2026
163,235,Memphis,American,2026,6890,4711280,Ashton Hardaway,Ashton,Hardaway,3.0,Forward,80.0,210.0,Carson,CA,,,2026,2026
163,235,Memphis,American,2026,15677,5180726,Mason Matthews,Mason,Matthews,8.0,Forward,80.0,190.0,Maumelle,AR,,,2026,2026
289,218,Temple,American,2026,1122,5240368,Babatunde Durodola,Babatunde,Durodola,11.0,Forward,80.0,235.0,Toronto,ON,,,2025,2026
289,218,Temple,American,2026,1134,5105605,Mohamed Keita,Mohamed,Keita,4.0,Center,85.0,230.0,Conakry,GUI,,,2025,2026
289,218,Temple,American,2026,1135,5240369,Aiden Tobiason,Aiden,Tobiason,25.0,Guard,77.0,200.0,Wilmington,DE,,,2025,2026
289,218,Temple,American,2026,5584,4884255,Gavin Griffiths,Gavin,Griffiths,0.0,Guard,79.0,200.0,Simsbury,CT,,,2026,2026
289,218,Temple,American,2026,7338,5177528,CJ Hines,CJ,Hines,3.0,Guard,74.0,185.0,Atlanta,GA,,,2026,2026
289,218,Temple,American,2026,731,5107357,AJ Smith,AJ,Smith,9.0,Guard,77.0,210.0,Charlotte,NC,,,2026,2026
289,218,Temple,American,2026,3271,5241536,Masiah Gilyard,Masiah,Gilyard,10.0,Guard,75.0,190.0,Brooklyn,NY,,,2026,2026
289,218,Temple,American,2026,4497,5106453,Jordan Mason,Jordan,Mason,32.0,Guard,75.0,200.0,San Antonio,TX,,,2026,2026
289,218,Temple,American,2026,1136,5113363,Connor Gal,Connor,Gal,13.0,Guard,76.0,205.0,Malvern,PA,,,2023,2026
289,218,Temple,American,2026,4933,5108050,Jamai Felt,Jamai,Felt,1.0,Forward,81.0,205.0,Boston,MA,,,2026,2026
289,218,Temple,American,2026,4982,4684720,Derrian Ford,Derrian,Ford,22.0,Guard,75.0,200.0,Magnolia,AR,,,2026,2026
289,218,Temple,American,2026,7395,5060690,Spencer Mahoney,Spencer,Mahoney,8.0,Forward,80.0,220.0,Brooklyn,NY,,,2026,2026
289,218,Temple,American,2026,202429,5313565,Ayuba Bryant Jr.,Ayuba,Bryant Jr.,2.0,Forward,81.0,200.0,Antwerp,BEL,,,2026,2026
289,218,Temple,American,2026,202430,5101771,Olin Chamberlain Jr.,Olin,Chamberlain Jr.,21.0,Guard,72.0,180.0,Philadelphia,PA,,,2026,2026
289,218,Temple,American,2026,202443,5254181,Cam Wallace,Cam,Wallace,7.0,Guard,76.0,185.0,Malvern,PA,,,2026,2026
304,202,Tulsa,American,2026,4405,5240387,Tyler Behrend,Tyler,Behrend,9.0,Forward,82.0,220.0,Cincinnati,OH,,,2025,2026
304,202,Tulsa,American,2026,4406,5101691,Ian Smikle,Ian,Smikle,35.0,Forward,80.0,242.0,West Palm Beach,FL,,,2025,2026
304,202,Tulsa,American,2026,4413,5240386,Cal Conroy,Cal,Conroy,7.0,Guard,74.0,168.0,Tulsa,OK,,,2025,2026
304,202,Tulsa,American,2026,7161,5178210,Tylen Riley,Tylen,Riley,10.0,Guard,75.0,190.0,Las Vegas,NV,,,2026,2026
304,202,Tulsa,American,2026,1407,5105890,Romad Dean,Romad,Dean,6.0,Forward,79.0,210.0,Freeport,BAH,,,2026,2026
304,202,Tulsa,American,2026,8241,4873179,Doryan Onwuchekwa,Doryan,Onwuchekwa,45.0,Center,83.0,240.0,Dallas,TX,,,2026,2026
304,202,Tulsa,American,2026,6931,5240910,Carter Benton,Carter,Benton,33.0,Guard,76.0,205.0,Tulsa,OK,,,2026,2026
304,202,Tulsa,American,2026,4980,5107248,Terrance Ford Jr.,Terrance,Ford Jr.,11.0,Guard,73.0,177.0,Chicago,IL,,,2026,2026
304,202,Tulsa,American,2026,5146,5174623,David Green,David,Green,23.0,Forward,79.0,225.0,Apopka,FL,,,2026,2026
304,202,Tulsa,American,2026,6286,5241411,Miles Barnstable,Miles,Barnstable,14.0,Guard,74.0,180.0,Sheboygan,WI,,,2026,2026
304,202,Tulsa,American,2026,202665,5254171,Jaylen Lawal,Jaylen,Lawal,2.0,Guard,75.0,195.0,Plano,TX,,,2026,2026
304,202,Tulsa,American,2026,202666,5254174,KJ Martin Jr.,KJ,Martin Jr.,15.0,Forward,80.0,225.0,Tampa,FL,,,2026,2026
304,202,Tulsa,American,2026,202668,5313566,Ade Popoola,Ade,Popoola,0.0,Guard,77.0,200.0,St. Louis,MO,,,2026,2026
304,202,Tulsa,American,2026,2531,5176734,Myles Rigsby,Myles,Rigsby,4.0,Forward,78.0,190.0,Fort Worth,TX,,,2026,2026
304,202,Tulsa,American,2026,202671,5313567,Leon Sifferlin,Leon,Sifferlin,8.0,Guard,78.0,200.0,Bourg-en-Bresse,FRA,,,2026,2026
271,58,South Florida,American,2026,485,4684795,De'Ante Green,De'Ante,Green,1.0,Forward,81.0,210.0,Asheville,NC,,,2025,2026
271,58,South Florida,American,2026,488,5183925,CJ Brown,CJ,Brown,11.0,Guard,74.0,175.0,Marietta,GA,,,2025,2026
271,58,South Florida,American,2026,4986,5107251,Izaiyah Nelson,Izaiyah,Nelson,35.0,Forward,82.0,218.0,Marietta,GA,,,2026,2026
271,58,South Florida,American,2026,3126,5241694,Devin Haid,Devin,Haid,4.0,Guard,77.0,190.0,Wooster,OH,,,2026,2026
271,58,South Florida,American,2026,1735,4067423,Isaiah Jones,Isaiah,Jones,3.0,Guard,79.0,229.0,Nashville,TN,,,2026,2026
271,58,South Florida,American,2026,2565,5107222,Xavier Brown,Xavier,Brown,0.0,Guard,74.0,183.0,Williamsburg,VA,,,2026,2026
271,58,South Florida,American,2026,3304,5241690,Josh Omojafo,Josh,Omojafo,8.0,Guard,77.0,200.0,Hamilton,ON,,,2026,2026
271,58,South Florida,American,2026,8327,4611412,Daimion Collins,Daimion,Collins,6.0,Forward,81.0,200.0,Atlanta,TX,,,2026,2026
271,58,South Florida,American,2026,202221,5313562,Tristan Beckford,Tristan,Beckford,10.0,Forward,77.0,180.0,Maple,ON,,,2026,2026
271,58,South Florida,American,2026,202225,5313560,Wes Enis,Wes,Enis,2.0,Guard,74.0,200.0,Conover,OH,,,2026,2026
271,58,South Florida,American,2026,202228,5101765,Gavin Hightower,Gavin,Hightower,9.0,Guard,73.0,165.0,Los Angeles,CA,,,2026,2026
271,58,South Florida,American,2026,202231,5196957,Onyx Nnani,Onyx,Nnani,15.0,Forward,81.0,215.0,Edmonton,AB,,,2026,2026
271,58,South Florida,American,2026,202232,5313563,Adriel Nyorha,Adriel,Nyorha,21.0,Guard,77.0,175.0,Ottawa,ON,,,2026,2026
271,58,South Florida,American,2026,4981,4699760,Joseph Pinion,Joseph,Pinion,5.0,Guard,77.0,200.0,Morrilton,AR,,,2026,2026
271,58,South Florida,American,2026,202235,5313561,Caleb Sanders,Caleb,Sanders,7.0,Forward,78.0,185.0,Tampa,FL,,,2026,2026
352,2724,Wichita State,American,2026,4644,5106651,Henry Thengvall,Henry,Thengvall,21.0,Forward,78.0,207.0,Wichita,KS,,,2023,2026
352,2724,Wichita State,American,2026,4646,5175746,Joy Ighovodja,Joy,Ighovodja,12.0,Guard,76.0,211.0,Abeokuta,NGR,,,2024,2026
352,2724,Wichita State,American,2026,4648,4873115,TJ Williams,TJ,Williams,4.0,Guard,77.0,201.0,Wichita,KS,,,2025,2026
352,2724,Wichita State,American,2026,1126,5181250,Dillon Battie,Dillon,Battie,8.0,Forward,80.0,200.0,Dallas,TX,,,2026,2026
352,2724,Wichita State,American,2026,203410,5313657,Pierre Couisnard,Pierre,Couisnard,11.0,Guard,73.0,161.0,Houston,TX,,,2026,2026
352,2724,Wichita State,American,2026,203413,5313658,Noah Hill,Noah,Hill,22.0,Forward,79.0,222.0,Frisco,TX,,,2026,2026
352,2724,Wichita State,American,2026,2795,5176140,Karon Boyd,Karon,Boyd,0.0,Forward,78.0,223.0,Concord,NC,,,2026,2026
352,2724,Wichita State,American,2026,9382,5241241,Brian Amuneke,Brian,Amuneke,5.0,Guard,77.0,184.0,Los Angeles,CA,,,2026,2026
352,2724,Wichita State,American,2026,2468,5106701,Jaret Valencia,Jaret,Valencia,2.0,Forward,80.0,189.0,Quibdó,COL,,,2026,2026
352,2724,Wichita State,American,2026,6428,4710354,Michael Gray Jr.,Michael,Gray Jr.,9.0,Guard,73.0,206.0,Fredericksburg,VA,,,2026,2026
352,2724,Wichita State,American,2026,4106,5125176,Emmanuel Okorafor,Emmanuel,Okorafor,20.0,Center,82.0,235.0,Abia,NGR,,,2026,2026
352,2724,Wichita State,American,2026,374,5105857,Will Berg,Will,Berg,44.0,Center,86.0,255.0,Stockholm,SWE,,,2026,2026
352,2724,Wichita State,American,2026,2246,5107508,Kenyon Giles,Kenyon,Giles,1.0,Guard,70.0,159.0,Chesapeake,VA,,,2026,2026
352,2724,Wichita State,American,2026,203415,5313656,Dre Kindell,Dre,Kindell,3.0,Guard,71.0,160.0,Cincinnati,OH,,,2026,2026
352,2724,Wichita State,American,2026,203417,5254177,Tyrus Rathan-Mayes,Tyrus,Rathan-Mayes,10.0,Guard,77.0,193.0,Toronto,ON,,,2026,2026
74,151,East Carolina,American,2026,2163,5239835,Trevion LaBeaux,Trevion,LaBeaux,24.0,Forward,75.0,209.0,Waterloo,IA,,,2025,2026
74,151,East Carolina,American,2026,7601,5243062,Luke Davis,Luke,Davis,43.0,Forward,80.0,224.0,Winterville,NC,,,2026,2026
74,151,East Carolina,American,2026,199008,5312049,Jake Baker,Jake,Baker,1.0,Guard,72.0,174.0,Concord,NC,,,2026,2026
74,151,East Carolina,American,2026,199010,5312050,Corey Caulker,Corey,Caulker,5.0,Guard,72.0,175.0,Sterling,VA,,,2026,2026
74,151,East Carolina,American,2026,199011,5312051,Paddy D'Arcy,Paddy,D'Arcy,10.0,Guard,78.0,189.0,Adelaide,SA,,,2026,2026
74,151,East Carolina,American,2026,199019,5312052,Vito Perkovic,Vito,Perkovic,11.0,Forward,82.0,250.0,Zadar,CRO,,,2026,2026
74,151,East Carolina,American,2026,199020,5254179,Daithi Quinn,Daithi,Quinn,3.0,Guard,75.0,206.0,Quincy,MA,,,2026,2026
74,151,East Carolina,American,2026,2958,4896939,Giovanni Emejuru,Giovanni,Emejuru,7.0,Forward,82.0,262.0,Leicester,ENG,,,2026,2026
74,151,East Carolina,American,2026,1935,5242592,Isaiah Mbeng,Isaiah,Mbeng,2.0,Guard,73.0,183.0,Potomac,MD,,,2026,2026
74,151,East Carolina,American,2026,3146,4858612,Eli DeLaurier,Eli,DeLaurier,33.0,Forward,82.0,238.0,Shipman,VA,,,2026,2026
74,151,East Carolina,American,2026,2167,4683942,Jordan Riley,Jordan,Riley,12.0,Guard,77.0,210.0,Brentwood,NY,,,2025,2026
74,151,East Carolina,American,2026,2168,5239834,Reid Cason,Reid,Cason,23.0,Forward,82.0,239.0,Kingston,OK,,,2025,2026
74,151,East Carolina,American,2026,2169,5175055,Grant Smith,Grant,Smith,35.0,Forward,79.0,207.0,Richmond,VA,,,2024,2026
74,151,East Carolina,American,2026,2171,5239833,Tybo Bailey,Tybo,Bailey,4.0,Guard,74.0,187.0,Winston-Salem,NC,,,2025,2026
74,151,East Carolina,American,2026,2173,5239830,Jayshayne Woodard,Jayshayne,Woodard,0.0,Guard,79.0,181.0,Harlem,NY,,,2025,2026
74,151,East Carolina,American,2026,2177,5239832,Ladontae Felton,Ladontae,Felton,6.0,Guard,74.0,184.0,Aiken,SC,,,2025,2026
303,2655,Tulane,American,2026,3892,5107350,Asher Woods,Asher,Woods,22.0,Guard,75.0,190.0,Atlanta,GA,,,2024,2026
303,2655,Tulane,American,2026,3893,5106280,Rowan Brumbaugh,Rowan,Brumbaugh,7.0,Guard,76.0,185.0,Washington,DC,,,2025,2026
303,2655,Tulane,American,2026,3895,5174293,Tyler Ringgold,Tyler,Ringgold,0.0,Forward,80.0,225.0,Baton Rouge,LA,,,2025,2026
303,2655,Tulane,American,2026,3898,4684988,Percy Daniels,Percy,Daniels,23.0,Center,82.0,230.0,Baton Rouge,LA,,,2023,2026
303,2655,Tulane,American,2026,3899,5240379,Joseph Teich,Joseph,Teich,13.0,Guard,70.0,155.0,Fort Lauderdale,FL,,,2025,2026
303,2655,Tulane,American,2026,3900,5240378,KJ Greene,KJ,Greene,9.0,Guard,75.0,170.0,Atlanta,GA,,,2025,2026
303,2655,Tulane,American,2026,3902,5106640,Jake Shapiro,Jake,Shapiro,34.0,Guard,73.0,190.0,Los Angeles,CA,,,2023,2026
303,2655,Tulane,American,2026,3905,5176064,Luke Rasmussen,Luke,Rasmussen,11.0,Guard,80.0,215.0,Haverford,PA,,,2025,2026
303,2655,Tulane,American,2026,2791,4700530,Davion Bradford,Davion,Bradford,55.0,Center,84.0,265.0,St. Louis,MO,,,2026,2026
303,2655,Tulane,American,2026,8181,4683782,Curtis Williams Jr.,Curtis,Williams Jr.,99.0,Guard,78.0,180.0,Detroit,MI,,,2026,2026
303,2655,Tulane,American,2026,8296,5241622,Josiah Moore,Josiah,Moore,1.0,Guard,76.0,205.0,Leander,TX,,,2026,2026
303,2655,Tulane,American,2026,202648,5314345,Vasilije Kuridza,Vasilije,Kuridza,77.0,Forward,81.0,235.0,Banja Luka,BIH,,,2026,2026
303,2655,Tulane,American,2026,4100,4711279,Scotty Middleton,Scotty,Middleton,5.0,Forward,78.0,165.0,Miami,FL,,,2026,2026
303,2655,Tulane,American,2026,202651,5314344,Robert Moore,Robert,Moore,15.0,Guard,78.0,180.0,Charleston,SC,,,2026,2026
303,2655,Tulane,American,2026,16629,5174602,Luke Cronin,Luke,Cronin,32.0,Forward,80.0,210.0,Great Neck,NY,,,2026,2026
86,2226,Florida Atlantic,American,2026,3929,5175058,Devin Vanterpool,Devin,Vanterpool,22.0,Guard,76.0,190.0,Laurel,MD,,,2024,2026
86,2226,Florida Atlantic,American,2026,3930,5126036,Niccolo Moretti,Niccolo,Moretti,25.0,Guard,73.0,180.0,Bologna,ITA,,,2025,2026
86,2226,Florida Atlantic,American,2026,3932,5239839,Max Langenfeld,Max,Langenfeld,9.0,Forward,78.0,195.0,Ulm,GER,,,2025,2026
86,2226,Florida Atlantic,American,2026,3933,5239837,Liam Dayco-Green,Liam,Dayco-Green,4.0,Guard,74.0,185.0,Vancouver,BC,,,2025,2026
86,2226,Florida Atlantic,American,2026,3934,5239836,Amar Amkou,Amar,Amkou,3.0,Guard,79.0,215.0,Theis,SEN,,,2025,2026
86,2226,Florida Atlantic,American,2026,199211,5312059,Vincent Neugebauer,Vincent,Neugebauer,8.0,Center,85.0,241.0,Paderborn,GER,,,2026,2026
86,2226,Florida Atlantic,American,2026,199212,5312060,Josiah Parker,Josiah,Parker,11.0,Guard,79.0,225.0,Leesburg,GA,,,2026,2026
86,2226,Florida Atlantic,American,2026,199213,5312061,Xander Pintelon,Xander,Pintelon,17.0,Forward,83.0,220.0,Bruges,BEL,,,2026,2026
86,2226,Florida Atlantic,American,2026,199214,5312058,Zion Sampaio,Zion,Sampaio,7.0,Guard,78.0,185.0,Coconut Creek,FL,,,2026,2026
86,2226,Florida Atlantic,American,2026,199215,5312057,Yohann Sissoko,Yohann,Sissoko,5.0,Guard,77.0,205.0,Fontenay-Sous-Bois,FRA,,,2026,2026
86,2226,Florida Atlantic,American,2026,199216,5312062,Lachlan Smith,Lachlan,Smith,30.0,Guard,75.0,170.0,Adelaide,SA,,,2026,2026
86,2226,Florida Atlantic,American,2026,6857,5240885,Maxim Logue,Maxim,Logue,77.0,Forward,81.0,215.0,Lyon,FRA,,,2026,2026
86,2226,Florida Atlantic,American,2026,541,4685685,Devin Williams,Devin,Williams,1.0,Forward,82.0,205.0,Riverside,CA,,,2026,2026
86,2226,Florida Atlantic,American,2026,7094,4869767,Isaiah Elohim,Isaiah,Elohim,2.0,Guard,77.0,215.0,North Hills,CA,,,2026,2026
86,2226,Florida Atlantic,American,2026,7840,4683761,Kanaan Carlyle,Kanaan,Carlyle,18.0,Guard,75.0,182.0,Atlanta,GA,,,2026,2026
305,5,UAB,American,2026,21891,5105470,Joao Das Chagas,Joao,Das Chagas,3.0,Forward,82.0,250.0,Alvorada,BRA,,,2026,2026
305,5,UAB,American,2026,5394,5176795,Jacob Meyer,Jacob,Meyer,12.0,Guard,74.0,190.0,Covington,KY,,,2026,2026
305,5,UAB,American,2026,4269,5105531,KyeRon Lindsay-Martin,KyeRon,Lindsay-Martin,2.0,Forward,80.0,222.0,Denton,TX,,,2026,2026
305,5,UAB,American,2026,2589,4432524,Quaran McPherson,Quaran,McPherson,8.0,Guard,76.0,200.0,Queens,NY,,,2026,2026
305,5,UAB,American,2026,3365,4683680,Chance Westry,Chance,Westry,11.0,Guard,78.0,205.0,Harrisburg,PA,,,2026,2026
305,5,UAB,American,2026,2883,5105982,Daniel Rivera,Daniel,Rivera,23.0,Forward,79.0,215.0,San Juan,PUR,,,2026,2026
305,5,UAB,American,2026,8659,5175704,Ahmad Robinson,Ahmad,Robinson,4.0,Guard,70.0,180.0,West Orange,NJ,,,2026,2026
305,5,UAB,American,2026,202674,5248299,Lance Carr,Lance,Carr,6.0,Forward,79.0,210.0,Dallas,TX,,,2026,2026
305,5,UAB,American,2026,202675,5312079,Evan Chatman,Evan,Chatman,15.0,Forward,80.0,220.0,Harker Heights,TX,,,2026,2026
305,5,UAB,American,2026,202677,5312078,Ari Gooch,Ari,Gooch,7.0,Guard,74.0,180.0,Minneapolis,MN,,,2026,2026
305,5,UAB,American,2026,202678,5312081,Justin Holloway,Justin,Holloway,22.0,Forward,79.0,205.0,Opelika,AL,,,2026,2026
305,5,UAB,American,2026,202681,5101806,Salim London,Salim,London,5.0,Guard,76.0,193.0,Hoover,AL,,,2026,2026
305,5,UAB,American,2026,202684,5312080,Jorden Pittman,Jorden,Pittman,21.0,Guard,72.0,170.0,Sanford,FL,,,2026,2026
305,5,UAB,American,2026,17868,5177218,Dayjaun Anderson,Dayjaun,Anderson,0.0,Guard,74.0,185.0,Dayton,OH,,,2026,2026
305,5,UAB,American,2026,3965,5107237,Joey Kahn,Joey,Kahn,9.0,Guard,76.0,190.0,Mobile,AL,,,2025,2026
204,249,North Texas,American,2026,5593,5106742,Dylan Arnett,Dylan,Arnett,12.0,Forward,81.0,240.0,Chicago,IL,,,2026,2026
204,249,North Texas,American,2026,5598,5241610,Reece Robinson,Reece,Robinson,15.0,Forward,80.0,223.0,Cleveland,OH,,,2026,2026
204,249,North Texas,American,2026,5600,5241611,Cole Franklin,Cole,Franklin,10.0,Guard,76.0,195.0,DeSoto,TX,,,2026,2026
204,249,North Texas,American,2026,5601,5241608,Je'Shawn Stevenson,Je'Shawn,Stevenson,4.0,Guard,74.0,200.0,Chicago,IL,,,2026,2026
204,249,North Texas,American,2026,153,5106255,Demarion Watson,Demarion,Watson,0.0,Guard,79.0,225.0,Maple Grove,MN,,,2026,2026
204,249,North Texas,American,2026,6331,5177691,David Terrell Jr.,David,Terrell Jr.,5.0,Guard,76.0,185.0,Dallas,TX,,,2026,2026
204,249,North Texas,American,2026,7028,4433275,Will McClendon,Will,McClendon,1.0,Guard,75.0,195.0,Sacramento,CA,,,2026,2026
204,249,North Texas,American,2026,201155,5313375,Cahmai Crosby,Cahmai,Crosby,2.0,Guard,75.0,,Kansas City,KS,,,2026,2026
204,249,North Texas,American,2026,201157,5313378,Buddy Hammer Jr.,Buddy,Hammer Jr.,23.0,Forward,79.0,210.0,Westville,OK,,,2026,2026
204,249,North Texas,American,2026,201158,5313376,EJ Horton,EJ,Horton,6.0,Guard,75.0,,Chicago,IL,,,2026,2026
204,249,North Texas,American,2026,201163,5313377,Curtis Stinson Jr.,Curtis,Stinson Jr.,11.0,Guard,77.0,,West Des Moines,IA,,,2026,2026
204,249,North Texas,American,2026,17265,5106682,Josiah Shackleford,Josiah,Shackleford,8.0,Forward,81.0,225.0,Greenville,NC,,,2026,2026
48,2429,Charlotte,American,2026,5117,5175050,Nick Richart,Nick,Richart,31.0,Forward,82.0,230.0,Zionsville,IN,,,2024,2026
48,2429,Charlotte,American,2026,5121,5175048,Andrew Bailey,Andrew,Bailey,22.0,Forward,78.0,210.0,Ramstein,GER,,,2024,2026
48,2429,Charlotte,American,2026,5124,5239828,Ben Bradford,Ben,Bradford,3.0,Guard,77.0,200.0,Gaithersburg,MD,,,2025,2026
48,2429,Charlotte,American,2026,5125,5107233,Kylan Blackmon,Kylan,Blackmon,1.0,Guard,76.0,200.0,Oxford,MS,,,2025,2026
48,2429,Charlotte,American,2026,198617,5312042,Raul Villar,Raul,Villar,44.0,Guard,75.0,185.0,Barcelona,ESP,,,2026,2026
48,2429,Charlotte,American,2026,2741,5242924,Major Freeman,Major,Freeman,5.0,Guard,75.0,190.0,Atlanta,GA,,,2026,2026
48,2429,Charlotte,American,2026,3148,5240529,Anton Bonke,Anton,Bonke,49.0,Center,86.0,270.0,Port Vila,VAN,,,2026,2026
48,2429,Charlotte,American,2026,3897,5175712,Spencer Elliott,Spencer,Elliott,9.0,Center,82.0,225.0,Atlanta,GA,,,2026,2026
48,2429,Charlotte,American,2026,5371,5242980,Damoni Harrison,Damoni,Harrison,10.0,Guard,76.0,185.0,Atlanta,GA,,,2026,2026
48,2429,Charlotte,American,2026,2580,4898117,Ethan Butler,Ethan,Butler,15.0,Forward,79.0,220.0,Toronto,ON,,,2026,2026
48,2429,Charlotte,American,2026,3212,5093265,Arden Conyers,Arden,Conyers,12.0,Guard,79.0,210.0,Columbia,SC,,,2026,2026
48,2429,Charlotte,American,2026,198609,5312041,Jarne Elouna Eyenga,Jarne,Elouna Eyenga,25.0,Forward,82.0,230.0,Mechelen,BEL,,,2026,2026
48,2429,Charlotte,American,2026,198611,5312040,David Gomez,David,Gomez,11.0,Forward,81.0,215.0,Seville,ESP,,,2026,2026
48,2429,Charlotte,American,2026,4529,4709150,Kuluel Mading,Kuluel,Mading,7.0,Forward,83.0,235.0,High Point,NC,,,2026,2026
48,2429,Charlotte,American,2026,1886,5240545,Dezayne Mingo,Dezayne,Mingo,2.0,Guard,76.0,190.0,Hamilton,ON,,,2026,2026
48,2429,Charlotte,American,2026,198615,5312039,Frank Oguche,Frank,Oguche,8.0,Guard,80.0,210.0,Melbourne,VIC,,,2026,2026
241,242,Rice,American,2026,7422,4702522,Trae Broadnax,Trae,Broadnax,12.0,Guard,76.0,200.0,Savannah,GA,,,2025,2026
241,242,Rice,American,2026,7425,5117583,Jimmy Oladokun Jr.,Jimmy,Oladokun Jr.,24.0,Forward,81.0,220.0,Los Angeles,CA,,,2025,2026
241,242,Rice,American,2026,7426,5107142,Andrew Akuchie,Andrew,Akuchie,13.0,Forward,83.0,215.0,Fort Lauderdale,FL,,,2023,2026
241,242,Rice,American,2026,7427,4713885,Trey Patterson,Trey,Patterson,3.0,Forward,81.0,225.0,Somerset,NJ,,,2025,2026
241,242,Rice,American,2026,7430,4873091,Aaron Powell,Aaron,Powell,11.0,Guard,73.0,175.0,Los Angeles,CA,,,2025,2026
241,242,Rice,American,2026,7431,5107143,George Perkins,George,Perkins,30.0,Forward,80.0,200.0,Washington,DC,,,2023,2026
241,242,Rice,American,2026,7433,5175820,Cole Andrews-Heitz,Cole,Andrews-Heitz,10.0,Guard,73.0,170.0,Leander,TX,,,2024,2026
241,242,Rice,American,2026,7435,4690767,Jalen Smith,Jalen,Smith,2.0,Guard,76.0,195.0,Orlando,FL,,,2025,2026
241,242,Rice,American,2026,17,5105524,Presley Patterson,Presley,Patterson,14.0,Guard,71.0,180.0,Knoxville,TN,,,2026,2026
241,242,Rice,American,2026,363,5107293,Stephen Giwa,Stephen,Giwa,32.0,Center,81.0,245.0,Houston,TX,,,2026,2026
241,242,Rice,American,2026,4564,5105561,Jordan Williams,Jordan,Williams,5.0,Guard,74.0,215.0,Houston,TX,,,2026,2026
241,242,Rice,American,2026,1764,5177125,Dallas Hobbs,Dallas,Hobbs,0.0,Guard,73.0,175.0,Dallas,TX,,,2026,2026
241,242,Rice,American,2026,2206,5243364,Nick Anderson,Nick,Anderson,23.0,Guard,75.0,195.0,Houston,TX,,,2026,2026
241,242,Rice,American,2026,201657,5144088,Cam Carroll,Cam,Carroll,1.0,Guard,74.0,175.0,Grand Prairie,TX,,,2026,2026
241,242,Rice,American,2026,201658,5254172,Evan Cochran,Evan,Cochran,21.0,Forward,81.0,210.0,Houston,TX,,,2026,2026
241,242,Rice,American,2026,201659,5312069,Eternity Eguagie,Eternity,Eguagie,8.0,Forward,78.0,220.0,Edmonton,AB,,,2026,2026
241,242,Rice,American,2026,201662,5254173,Bodey Howell,Bodey,Howell,7.0,Guard,76.0,180.0,Meridian,ID,,,2026,2026
328,2636,UTSA,American,2026,5238,5240408,Jackson Fazande,Jackson,Fazande,25.0,Forward,75.0,245.0,Houston,TX,,,2025,2026
328,2636,UTSA,American,2026,5239,4898293,Mo Njie,Mo,Njie,10.0,Center,83.0,250.0,Dayton,OH,,,2025,2026
328,2636,UTSA,American,2026,5240,5240407,Baboucarr Njie,Baboucarr,Njie,24.0,Guard,78.0,185.0,Dayton,OH,,,2025,2026
328,2636,UTSA,American,2026,5241,4905284,LJ Brown,LJ,Brown,8.0,Guard,74.0,175.0,San Antonio,TX,,,2025,2026
328,2636,UTSA,American,2026,7647,4712837,Austin Nunez,Austin,Nunez,2.0,Guard,74.0,170.0,San Antonio,TX,,,2026,2026
328,2636,UTSA,American,2026,215,4897107,Stanley Borden,Stanley,Borden,17.0,Center,84.0,241.0,Istanbul,TUR,,,2026,2026
328,2636,UTSA,American,2026,7617,5103628,Macaleab Rich,Macaleab,Rich,6.0,Guard,79.0,235.0,East St. Louis,IL,,,2026,2026
328,2636,UTSA,American,2026,2121,5176290,Daniel Akitoby,Daniel,Akitoby,12.0,Forward,81.0,230.0,Fairfax,VA,,,2026,2026
328,2636,UTSA,American,2026,6001,5111919,Jamir Simpson,Jamir,Simpson,7.0,Guard,77.0,205.0,Lima,OH,,,2026,2026
328,2636,UTSA,American,2026,5680,5176569,Vasean Allette,Vasean,Allette,3.0,Guard,74.0,190.0,Scarborough,ON,,,2026,2026
328,2636,UTSA,American,2026,16353,4703670,Pierce Spencer,Pierce,Spencer,5.0,Guard,75.0,175.0,Porter,TX,,,2026,2026
328,2636,UTSA,American,2026,203096,5313655,Matheo Coffi,Matheo,Coffi,23.0,Forward,80.0,210.0,Strasbourg,FRA,,,2026,2026
328,2636,UTSA,American,2026,203098,5221325,Dorian Hayes,Dorian,Hayes,0.0,Guard,77.0,175.0,Houston,TX,,,2026,2026
328,2636,UTSA,American,2026,203099,5313654,Brent Moss,Brent,Moss,4.0,Guard,78.0,185.0,Lima,OH,,,2026,2026
328,2636,UTSA,American,2026,203103,5101826,Kaidon Rayfield,Kaidon,Rayfield,1.0,Forward,80.0,180.0,Oklahoma City,OK,,,2026,2026
131,2305,Kansas,Big 12,2026,52,5175889,Justin Cross,Justin,Cross,25.0,Forward,80.0,200.0,Oak Park,IL,,,2024,2026
131,2305,Kansas,Big 12,2026,53,5044426,Flory Bidunga,Flory,Bidunga,40.0,Forward,82.0,235.0,Kinshasa,CGO,,,2025,2026
131,2305,Kansas,Big 12,2026,55,5240262,Will Thengvall,Will,Thengvall,21.0,Guard,76.0,190.0,Wichita,KS,,,2025,2026
131,2305,Kansas,Big 12,2026,57,5106260,Wilder Evers,Wilder,Evers,12.0,Guard,76.0,195.0,Birmingham,AL,,,2023,2026
131,2305,Kansas,Big 12,2026,62,5103571,Jamari McDowell,Jamari,McDowell,11.0,Guard,77.0,200.0,Houston,TX,,,2024,2026
131,2305,Kansas,Big 12,2026,63,4872739,Elmarko Jackson,Elmarko,Jackson,13.0,Guard,75.0,195.0,Marlton,NJ,,,2024,2026
131,2305,Kansas,Big 12,2026,199870,5311917,Corbin Allen,Corbin,Allen,2.0,Guard,77.0,175.0,Kansas City,MO,,,2026,2026
131,2305,Kansas,Big 12,2026,199872,5252599,Samis Calderon,Samis,Calderon,6.0,Forward,80.0,200.0,Espirito Santo,BRA,,,2026,2026
131,2305,Kansas,Big 12,2026,2824,5177301,Melvin Council Jr.,Melvin,Council Jr.,14.0,Guard,76.0,180.0,Rochester,NY,,,2026,2026
131,2305,Kansas,Big 12,2026,199880,5281379,Paul Mbiya,Paul,Mbiya,34.0,Center,84.0,245.0,Kinshasa,CGO,,,2026,2026
131,2305,Kansas,Big 12,2026,199882,5311916,Nginyu Ngala,Nginyu,Ngala,0.0,Guard,70.0,175.0,Montreal,PQ,,,2026,2026
131,2305,Kansas,Big 12,2026,199883,5041955,Darryn Peterson,Darryn,Peterson,22.0,Guard,78.0,205.0,Canton,OH,,,2026,2026
131,2305,Kansas,Big 12,2026,199884,5291864,Kohl Rosario,Kohl,Rosario,7.0,Guard,78.0,200.0,Miami,FL,,,2026,2026
131,2305,Kansas,Big 12,2026,199886,5041958,Bryson Tiller,Bryson,Tiller,15.0,Forward,83.0,240.0,Atlanta,GA,,,2026,2026
131,2305,Kansas,Big 12,2026,5642,5105643,Tre White,Tre,White,3.0,Guard,79.0,215.0,Dallas,TX,,,2026,2026
131,2305,Kansas,Big 12,2026,6078,5105964,Jayden Dawson,Jayden,Dawson,1.0,Guard,77.0,205.0,Omaha,NE,,,2026,2026
218,197,Oklahoma State,Big 12,2026,6668,5106286,Robert Jennings II,Robert,Jennings II,25.0,Forward,79.0,230.0,DeSoto,TX,,,2025,2026
218,197,Oklahoma State,Big 12,2026,6682,5240264,Andrija Vukovic,Andrija,Vukovic,19.0,Forward,83.0,270.0,Belgrade,SER,,,2025,2026
218,197,Oklahoma State,Big 12,2026,6684,4897148,Kirk Cole,Kirk,Cole,7.0,Guard,73.0,170.0,Yukon,OK,,,2025,2026
218,197,Oklahoma State,Big 12,2026,4109,4884257,Isaiah Coleman,Isaiah,Coleman,21.0,Guard,77.0,200.0,Fredericksburg,VA,,,2026,2026
218,197,Oklahoma State,Big 12,2026,2885,5174611,Jaylen Curry,Jaylen,Curry,0.0,Guard,73.0,175.0,Charlotte,NC,,,2026,2026
218,197,Oklahoma State,Big 12,2026,4156,5105844,Kanye Clary,Kanye,Clary,1.0,Guard,72.0,190.0,Virginia Beach,VA,,,2026,2026
218,197,Oklahoma State,Big 12,2026,6654,4701189,Anthony Roy,Anthony,Roy,9.0,Guard,77.0,205.0,Oakland,CA,,,2026,2026
218,197,Oklahoma State,Big 12,2026,6852,4897970,Parsa Fallah,Parsa,Fallah,22.0,Forward,82.0,250.0,Amol,IRI,,,2026,2026
218,197,Oklahoma State,Big 12,2026,8328,5238208,Vyctorius Miller,Vyctorius,Miller,5.0,Guard,77.0,190.0,Los Angeles,CA,,,2026,2026
218,197,Oklahoma State,Big 12,2026,201270,5210965,Benjamin Ahmed,Benjamin,Ahmed,23.0,Center,82.0,275.0,Kogi,NGR,,,2026,2026
218,197,Oklahoma State,Big 12,2026,3952,4901961,Christian Coleman,Christian,Coleman,4.0,Forward,80.0,210.0,Winnsboro,LA,,,2026,2026
218,197,Oklahoma State,Big 12,2026,201275,5215268,Ryan Crotty,Ryan,Crotty,24.0,Guard,78.0,215.0,Holly Springs,NC,,,2026,2026
218,197,Oklahoma State,Big 12,2026,201278,5311925,Daniel Guetta,Daniel,Guetta,8.0,Guard,74.0,180.0,Kiryat Gat,ISR,,,2026,2026
218,197,Oklahoma State,Big 12,2026,201280,5311926,Lefteris Mantzoukas,Lefteris,Mantzoukas,72.0,Forward,81.0,230.0,Ioannina,GRE,,,2026,2026
218,197,Oklahoma State,Big 12,2026,201282,5196960,Mekhi Ragland,Mekhi,Ragland,13.0,Forward,83.0,330.0,Lilburn,GA,,,2026,2026
20,239,Baylor,Big 12,2026,7850,5174781,James Goodis,James,Goodis,13.0,Guard,72.0,185.0,Winter Park,FL,,,2026,2026
20,239,Baylor,Big 12,2026,198143,5196940,Andre Iguodala II,Andre,Iguodala II,7.0,Guard,79.0,170.0,Lafayette,CA,,,2026,2026
20,239,Baylor,Big 12,2026,198147,5311907,Maikcol Perez,Maikcol,Perez,20.0,Forward,80.0,215.0,Bassano del Grappa,ITA,,,2026,2026
20,239,Baylor,Big 12,2026,198148,5311905,Drew Perry,Drew,Perry,3.0,Guard,70.0,162.0,Dallas,TX,,,2026,2026
20,239,Baylor,Big 12,2026,6854,5105627,Michael Rataj,Michael,Rataj,12.0,Forward,80.0,230.0,Augsburg,GER,,,2026,2026
20,239,Baylor,Big 12,2026,198152,5311906,Mayo Soyoye,Mayo,Soyoye,15.0,Center,82.0,234.0,Atlanta,GA,,,2026,2026
20,239,Baylor,Big 12,2026,4321,5107260,JJ White,JJ,White,1.0,Guard,73.0,193.0,Lawrenceville,GA,,,2026,2026
20,239,Baylor,Big 12,2026,198155,5095152,Tounde Yessoufou,Tounde,Yessoufou,24.0,Guard,77.0,215.0,Cotonou,BEN,,,2026,2026
20,239,Baylor,Big 12,2026,283,5174953,Will Kuykendall,Will,Kuykendall,2.0,Guard,74.0,176.0,Santa Maria,CA,,,2026,2026
20,239,Baylor,Big 12,2026,309,5113969,Cameron Carr,Cameron,Carr,43.0,Guard,77.0,175.0,Eden Prairie,MN,,,2026,2026
20,239,Baylor,Big 12,2026,352,5243130,Isaac Williams IV,Isaac,Williams IV,10.0,Guard,73.0,192.0,Oklahoma City,OK,,,2026,2026
20,239,Baylor,Big 12,2026,468,5105811,Dan Skillings Jr.,Dan,Skillings Jr.,0.0,Guard,78.0,210.0,Blackwood,NJ,,,2026,2026
20,239,Baylor,Big 12,2026,6762,5241273,Obi Agbim,Obi,Agbim,5.0,Guard,75.0,183.0,Aurora,CO,,,2026,2026
20,239,Baylor,Big 12,2026,7420,5107866,Caden Powell,Caden,Powell,44.0,Forward,81.0,224.0,Waco,TX,,,2026,2026
20,239,Baylor,Big 12,2026,8116,5175662,Juslin Bodo Bodo,Juslin,Bodo Bodo,21.0,Forward,83.0,231.0,Yaounde,CMR,,,2026,2026
125,66,Iowa State,Big 12,2026,142,4870564,Joshua Jefferson,Joshua,Jefferson,5.0,Forward,81.0,240.0,Las Vegas,NV,,,2025,2026
125,66,Iowa State,Big 12,2026,144,5106254,Tamin Lipsey,Tamin,Lipsey,3.0,Guard,73.0,200.0,Ames,IA,,,2023,2026
125,66,Iowa State,Big 12,2026,149,4848637,Milan Momcilovic,Milan,Momcilovic,22.0,Forward,80.0,225.0,Pewaukee,WI,,,2024,2026
125,66,Iowa State,Big 12,2026,152,5175036,Cade Kelderman,Cade,Kelderman,13.0,Guard,73.0,185.0,Waukee,IA,,,2024,2026
125,66,Iowa State,Big 12,2026,155,4703912,Nate Heise,Nate,Heise,0.0,Guard,77.0,212.0,Lake City,MN,,,2025,2026
125,66,Iowa State,Big 12,2026,199779,5217196,Jamarion Batemon,Jamarion,Batemon,1.0,Guard,75.0,195.0,Milwaukee,WI,,,2026,2026
125,66,Iowa State,Big 12,2026,8189,5079838,Blake Buchanan,Blake,Buchanan,23.0,Forward,82.0,235.0,Coeur d'Alene,ID,,,2026,2026
125,66,Iowa State,Big 12,2026,199785,5101856,Xzavion Mitchell,Xzavion,Mitchell,55.0,Forward,78.0,215.0,Oshkosh,WI,,,2026,2026
125,66,Iowa State,Big 12,2026,199789,5281369,Dominykas Pleta,Dominykas,Pleta,21.0,Forward,83.0,240.0,Gotha,GER,,,2026,2026
125,66,Iowa State,Big 12,2026,199790,5311915,Anthony Rise,Anthony,Rise,7.0,Guard,72.0,174.0,Milwaukee,WI,,,2026,2026
125,66,Iowa State,Big 12,2026,199791,5248302,Killyan Toure,Killyan,Toure,27.0,Guard,75.0,205.0,Pamiers,FRA,,,2026,2026
125,66,Iowa State,Big 12,2026,1660,5106790,Eric Mulder,Eric,Mulder,4.0,Forward,81.0,230.0,Oskaloosa,IA,,,2026,2026
125,66,Iowa State,Big 12,2026,4436,5241380,Dominick Nelson,Dominick,Nelson,11.0,Guard,77.0,190.0,Miami,FL,,,2026,2026
125,66,Iowa State,Big 12,2026,6688,5175370,Mason Williams,Mason,Williams,2.0,Guard,77.0,200.0,Seattle,WA,,,2026,2026
132,2306,Kansas State,Big 12,2026,7612,5107878,C.J. Jones,C.J.,Jones,3.0,Guard,77.0,195.0,East St. Louis,IL,,,2025,2026
132,2306,Kansas State,Big 12,2026,7615,5106266,Taj Manning,Taj,Manning,15.0,Guard,79.0,230.0,Grandview,MO,,,2023,2026
132,2306,Kansas State,Big 12,2026,7618,4869768,David Castillo,David,Castillo,10.0,Guard,73.0,180.0,Bartlesville,OK,,,2025,2026
132,2306,Kansas State,Big 12,2026,7620,5240263,Mobi Ikegwuruka,Mobi,Ikegwuruka,14.0,Guard,78.0,215.0,Galway,IRL,,,2025,2026
132,2306,Kansas State,Big 12,2026,4966,4898278,Nate Johnson,Nate,Johnson,34.0,Guard,75.0,215.0,Liberty Township,OH,,,2026,2026
132,2306,Kansas State,Big 12,2026,4927,5242561,Marcus Johnson,Marcus,Johnson,6.0,Forward,79.0,265.0,Akron,OH,,,2026,2026
132,2306,Kansas State,Big 12,2026,199904,5311921,Dorin Buca,Dorin,Buca,22.0,Center,86.0,254.0,Perugia,ITA,,,2026,2026
132,2306,Kansas State,Big 12,2026,199911,5311923,Andrej Kostic,Andrej,Kostic,47.0,Forward,78.0,210.0,Belgrade,SER,,,2026,2026
132,2306,Kansas State,Big 12,2026,199914,5311922,Stephen Osei,Stephen,Osei,23.0,Forward,82.0,200.0,Toronto,ON,,,2026,2026
132,2306,Kansas State,Big 12,2026,199915,5311919,Elias Rapieque,Elias,Rapieque,0.0,Forward,81.0,225.0,Berlin,GER,,,2026,2026
132,2306,Kansas State,Big 12,2026,199916,5311920,Exavier Wilson,Exavier,Wilson,2.0,Guard,73.0,170.0,Columbia,MO,,,2026,2026
132,2306,Kansas State,Big 12,2026,1976,4897715,Khamari McGriff,Khamari,McGriff,21.0,Forward,81.0,230.0,Tallahassee,FL,,,2026,2026
132,2306,Kansas State,Big 12,2026,2455,5174959,Abdi Bashir Jr.,Abdi,Bashir Jr.,1.0,Guard,79.0,175.0,Omaha,NE,,,2026,2026
132,2306,Kansas State,Big 12,2026,5514,5106275,P.J. Haggerty,P.J.,Haggerty,4.0,Guard,76.0,195.0,Crosby,TX,,,2026,2026
298,2641,Texas Tech,Big 12,2026,7581,5143604,JT Toppin,JT,Toppin,15.0,Forward,81.0,230.0,Dallas,TX,,,2025,2026
298,2641,Texas Tech,Big 12,2026,7589,5240271,Leon Horner,Leon,Horner,6.0,Guard,76.0,215.0,Dallas,TX,,,2025,2026
298,2641,Texas Tech,Big 12,2026,7590,5175077,Jack Francis,Jack,Francis,10.0,Guard,75.0,180.0,Austin,TX,,,2024,2026
298,2641,Texas Tech,Big 12,2026,7592,5240270,Jazz Henderson,Jazz,Henderson,2.0,Guard,71.0,180.0,Dallas,TX,,,2025,2026
298,2641,Texas Tech,Big 12,2026,7593,5060701,Christian Anderson,Christian,Anderson,4.0,Guard,75.0,178.0,Atlanta,GA,,,2025,2026
298,2641,Texas Tech,Big 12,2026,824,5108120,Tyeree Bryan,Tyeree,Bryan,1.0,Guard,77.0,215.0,Orlando,FL,,,2026,2026
298,2641,Texas Tech,Big 12,2026,2239,5107355,Donovan Atwell,Donovan,Atwell,12.0,Guard,77.0,200.0,Huntersville,NC,,,2026,2026
298,2641,Texas Tech,Big 12,2026,3484,5061581,Luke Bamgboye,Luke,Bamgboye,9.0,Forward,83.0,220.0,London,ENG,,,2026,2026
298,2641,Texas Tech,Big 12,2026,5359,5152656,Josiah Moseley,Josiah,Moseley,5.0,Forward,80.0,225.0,Round Rock,TX,,,2026,2026
298,2641,Texas Tech,Big 12,2026,7323,5107312,LeJuan Watts,LeJuan,Watts,3.0,Forward,78.0,225.0,Fresno,CA,,,2026,2026
298,2641,Texas Tech,Big 12,2026,202567,5311930,Marial Akuentok,Marial,Akuentok,13.0,Forward,83.0,240.0,Edmonton,AB,,,2026,2026
298,2641,Texas Tech,Big 12,2026,202573,5311929,Nolan Groves,Nolan,Groves,8.0,Guard,77.0,205.0,Long Lake,MN,,,2026,2026
298,2641,Texas Tech,Big 12,2026,202575,5311931,LaTrell Hoover,LaTrell,Hoover,21.0,Forward,84.0,230.0,San Antonio,TX,,,2026,2026
298,2641,Texas Tech,Big 12,2026,202578,5221321,Jaylen Petty,Jaylen,Petty,11.0,Guard,73.0,168.0,Seattle,WA,,,2026,2026
347,277,West Virginia,Big 12,2026,3329,5240513,Abraham Oyeadier,Abraham,Oyeadier,8.0,Center,81.0,221.0,Accra,GHA,,,2025,2026
347,277,West Virginia,Big 12,2026,203391,5311939,Evans Barning Jr.,Evans,Barning Jr.,7.0,Forward,79.0,190.0,Toronto,ON,,,2026,2026
347,277,West Virginia,Big 12,2026,203393,5311940,MJ Feenane,MJ,Feenane,20.0,Guard,78.0,190.0,Miami,FL,,,2026,2026
347,277,West Virginia,Big 12,2026,203396,5237433,Jayden Forsythe,Jayden,Forsythe,4.0,Guard,77.0,190.0,Brooklyn,NY,,,2026,2026
347,277,West Virginia,Big 12,2026,6648,5241321,Niyol Hauet,Niyol,Hauet,21.0,Guard,76.0,175.0,Yokohama,JPN,,,2026,2026
347,277,West Virginia,Big 12,2026,203399,5293246,Amir Jenkins,Amir,Jenkins,2.0,Guard,74.0,170.0,Worcester,MA,,,2026,2026
347,277,West Virginia,Big 12,2026,203404,5311938,DJ Thomas,DJ,Thomas,5.0,Forward,79.0,210.0,Allen,TX,,,2026,2026
347,277,West Virginia,Big 12,2026,7073,4897365,Honor Huff,Honor,Huff,3.0,Guard,70.0,168.0,Brooklyn,NY,,,2026,2026
347,277,West Virginia,Big 12,2026,3211,5174294,Morris Ugusuk,Morris,Ugusuk,23.0,Guard,76.0,170.0,Helsinki,FIN,,,2026,2026
347,277,West Virginia,Big 12,2026,2827,4433596,Chance Moore,Chance,Moore,13.0,Guard,78.0,210.0,Brookhaven,GA,,,2026,2026
347,277,West Virginia,Big 12,2026,1983,4920142,Harlan Obioha,Harlan,Obioha,55.0,Forward,84.0,280.0,Hoxie,KS,,,2026,2026
347,277,West Virginia,Big 12,2026,2533,5106449,Jackson Fields,Jackson,Fields,15.0,Forward,80.0,210.0,Missouri City,TX,,,2026,2026
347,277,West Virginia,Big 12,2026,6773,5107287,Treysen Eaglestaff,Treysen,Eaglestaff,52.0,Guard,78.0,190.0,Bismarck,ND,,,2026,2026
347,277,West Virginia,Big 12,2026,7553,5177104,Jasper Floyd,Jasper,Floyd,1.0,Guard,75.0,190.0,Tampa,FL,,,2026,2026
347,277,West Virginia,Big 12,2026,7556,5106864,Brenen Lorient,Brenen,Lorient,0.0,Forward,81.0,215.0,Ocala,FL,,,2026,2026
287,2628,TCU,Big 12,2026,5674,5164368,David Punch,David,Punch,15.0,Forward,79.0,246.0,Harker Heights,TX,,,2025,2026
287,2628,TCU,Big 12,2026,5675,5037876,Micah Robinson,Micah,Robinson,5.0,Forward,78.0,232.0,Kansas City,MO,,,2025,2026
287,2628,TCU,Big 12,2026,5677,5240268,Adam Stewart,Adam,Stewart,22.0,Center,83.0,235.0,Waller,TX,,,2025,2026
287,2628,TCU,Big 12,2026,5678,5061583,Malick Diallo,Malick,Diallo,32.0,Center,81.0,238.0,Bamako,MLI,,,2025,2026
287,2628,TCU,Big 12,2026,5679,5240269,Drew McElroy,Drew,McElroy,30.0,Guard,74.0,176.0,Dallas,TX,,,2025,2026
287,2628,TCU,Big 12,2026,5681,5106277,Trey Stuart,Trey,Stuart,33.0,Guard,74.0,172.0,Weatherford,TX,,,2023,2026
287,2628,TCU,Big 12,2026,6861,5245624,Liutauras Lelevicius,Liutauras,Lelevicius,3.0,Guard,79.0,225.0,Kaunas,LTU,,,2026,2026
287,2628,TCU,Big 12,2026,3136,5105619,Jayden Pierre,Jayden,Pierre,1.0,Guard,72.0,177.0,Elizabeth,NJ,,,2026,2026
287,2628,TCU,Big 12,2026,4438,5105461,Tanner Toolson,Tanner,Toolson,55.0,Guard,77.0,194.0,Vancouver,WA,,,2026,2026
287,2628,TCU,Big 12,2026,5482,5103589,Brock Harding,Brock,Harding,2.0,Guard,72.0,160.0,Moline,IL,,,2026,2026
287,2628,TCU,Big 12,2026,7405,5242117,Vianney Salatchoum,Vianney,Salatchoum,23.0,Center,82.0,216.0,Yaounde,CMR,,,2026,2026
287,2628,TCU,Big 12,2026,202414,5311928,Xavier Edmonds,Xavier,Edmonds,24.0,Forward,80.0,245.0,Long Beach,CA,,,2026,2026
287,2628,TCU,Big 12,2026,202415,5101787,Kayden Edwards,Kayden,Edwards,7.0,Guard,74.0,168.0,Fort Worth,TX,,,2026,2026
287,2628,TCU,Big 12,2026,5682,5101654,Jace Posey,Jace,Posey,0.0,Guard,77.0,222.0,Houston,TX,,,2024,2026
287,2628,TCU,Big 12,2026,5683,5179086,Ashton Simmons,Ashton,Simmons,6.0,Guard,75.0,200.0,Beaumont,TX,,,2025,2026
287,2628,TCU,Big 12,2026,5684,5175042,RJ Jones,RJ,Jones,8.0,Guard,74.0,189.0,Denton,TX,,,2025,2026
113,248,Houston,Big 12,2026,199595,5142621,Chris Cenac Jr.,Chris,Cenac Jr.,5.0,Forward,83.0,240.0,New Orleans,LA,,,2026,2026
113,248,Houston,Big 12,2026,199596,5149077,Kingston Flemings,Kingston,Flemings,4.0,Guard,76.0,190.0,San Antonio,TX,,,2026,2026
113,248,Houston,Big 12,2026,199597,5041942,Isiah Harwell,Isiah,Harwell,1.0,Guard,78.0,220.0,Pocatello,ID,,,2026,2026
113,248,Houston,Big 12,2026,199598,5144098,Bryce Jackson,Bryce,Jackson,6.0,Guard,78.0,210.0,Pearland,TX,,,2026,2026
113,248,Houston,Big 12,2026,7041,5176274,Kalifa Sakho,Kalifa,Sakho,14.0,Forward,83.0,230.0,Rouen,FRA,,,2026,2026
113,248,Houston,Big 12,2026,112,5060700,Joseph Tugler,Joseph,Tugler,11.0,Forward,80.0,230.0,Monroe,LA,,,2024,2026
113,248,Houston,Big 12,2026,114,5106272,Milos Uzan,Milos,Uzan,7.0,Guard,76.0,195.0,Las Vegas,NV,,,2025,2026
113,248,Houston,Big 12,2026,115,5106058,Emanuel Sharp,Emanuel,Sharp,21.0,Guard,75.0,205.0,Tampa,FL,,,2023,2026
113,248,Houston,Big 12,2026,117,5117524,Cedric Lath,Cedric,Lath,8.0,Center,82.0,265.0,Abidjan,CIV,,,2023,2026
113,248,Houston,Big 12,2026,119,5070506,Kordel Jefferson,Kordel,Jefferson,0.0,Guard,75.0,195.0,Bogue Chitto,MS,,,2024,2026
113,248,Houston,Big 12,2026,120,4873086,Mercy Miller,Mercy,Miller,25.0,Guard,76.0,200.0,Sherman Oaks,CA,,,2025,2026
113,248,Houston,Big 12,2026,121,4708176,Ramon Walker Jr.,Ramon,Walker Jr.,3.0,Guard,77.0,215.0,Pearland,TX,,,2022,2026
113,248,Houston,Big 12,2026,123,5101660,Chase McCarty,Chase,McCarty,24.0,Forward,77.0,215.0,Huntsville,AL,,,2025,2026
113,248,Houston,Big 12,2026,125,5095062,Jacob McFarland,Jacob,McFarland,13.0,Center,83.0,225.0,Moreno Valley,CA,,,2024,2026
18,252,BYU,Big 12,2026,7673,5105462,Richie Saunders,Richie,Saunders,15.0,Forward,77.0,200.0,Riverton,UT,,,2023,2026
18,252,BYU,Big 12,2026,7674,5105647,Keba Keita,Keba,Keita,13.0,Center,80.0,231.0,Bamako,MLI,,,2025,2026
18,252,BYU,Big 12,2026,7677,5243211,Mihailo Bošković,Mihailo,Bošković,5.0,Forward,82.0,,Uzice,SER,,,2025,2026
18,252,BYU,Big 12,2026,7681,4702626,Dawson Baker,Dawson,Baker,25.0,Guard,76.0,190.0,Coto De Caza,CA,,,2024,2026
18,252,BYU,Big 12,2026,7683,5243214,Brody Kozlowski,Brody,Kozlowski,4.0,Forward,80.0,,Draper,UT,,,2025,2026
18,252,BYU,Big 12,2026,7685,5105466,Jared McGregor,Jared,McGregor,51.0,Guard,75.0,180.0,Saratoga Springs,UT,,,2023,2026
18,252,BYU,Big 12,2026,198384,5311908,Aleksej Kostić,Aleksej,Kostić,6.0,Guard,76.0,,Pfaffstätten,AUT,,,2026,2026
18,252,BYU,Big 12,2026,198391,5143304,Xavion Staton,Xavion,Staton,33.0,Center,83.0,,Las Vegas,NV,,,2026,2026
18,252,BYU,Big 12,2026,165,5060709,Robert Wright III,Robert,Wright III,1.0,Guard,73.0,183.0,Wilmington,DE,,,2026,2026
18,252,BYU,Big 12,2026,748,4685654,Kennard Davis Jr.,Kennard,Davis Jr.,30.0,Guard,78.0,215.0,St. Louis,MO,,,2026,2026
18,252,BYU,Big 12,2026,6549,5176299,Tyler Mrus,Tyler,Mrus,2.0,Forward,79.0,205.0,Bothell,WA,,,2026,2026
18,252,BYU,Big 12,2026,7227,5107152,Nate Pickens,Nate,Pickens,12.0,Guard,75.0,,El Mirage,AZ,,,2026,2026
18,252,BYU,Big 12,2026,15083,5262996,Dominique Diomande,Dominique,Diomande,24.0,Forward,79.0,190.0,Paris,FRA,,,2026,2026
18,252,BYU,Big 12,2026,15031,5262601,Khadim Mboup,Khadim,Mboup,7.0,Forward,81.0,,Dakar,SEN,,,2025,2026
18,252,BYU,Big 12,2026,198382,5142718,AJ Dybantsa,AJ,Dybantsa,3.0,Forward,81.0,,Brockton,MA,,,2026,2026
18,252,BYU,Big 12,2026,216784,5183975,Abdullah Ahmed,Abdullah,Ahmed,34.0,Center,82.0,220.0,Cairo,EGY,,,2026,2026
18,252,BYU,Big 12,2026,216785,5329424,KJ Perry,KJ,Perry,,Guard,75.0,180.0,,,,,2026,2026
51,2132,Cincinnati,Big 12,2026,469,5240256,Halvine Dzellat,Halvine,Dzellat,65.0,Forward,82.0,240.0,Blois,FRA,,,2025,2026
51,2132,Cincinnati,Big 12,2026,476,4873163,Tyler McKinley,Tyler,McKinley,24.0,Forward,81.0,245.0,Cincinnati,OH,,,2025,2026
51,2132,Cincinnati,Big 12,2026,478,5175032,Day Day Thomas,Day Day,Thomas,1.0,Guard,73.0,190.0,Bishopville,SC,,,2024,2026
51,2132,Cincinnati,Big 12,2026,467,5175033,Jizzle James,Jizzle,James,2.0,Guard,75.0,205.0,Orlando,FL,,,2024,2026
51,2132,Cincinnati,Big 12,2026,198652,5101852,Shon Abaev,Shon,Abaev,10.0,Guard,80.0,210.0,Broward County,FL,,,2026,2026
51,2132,Cincinnati,Big 12,2026,198653,5311910,Lucas Atauri,Lucas,Atauri,14.0,Guard,77.0,205.0,Campinas,BRA,,,2026,2026
51,2132,Cincinnati,Big 12,2026,198654,5311909,Bryson Buckingham,Bryson,Buckingham,0.0,Guard,74.0,180.0,Edmond,OK,,,2026,2026
51,2132,Cincinnati,Big 12,2026,573,5105282,Grant Darbyshire,Grant,Darbyshire,13.0,Guard,74.0,190.0,Cincinnati,OH,,,2026,2026
51,2132,Cincinnati,Big 12,2026,571,4683633,Kerr Kriisa,Kerr,Kriisa,11.0,Guard,75.0,185.0,Vissu Küla,EST,,,2026,2026
51,2132,Cincinnati,Big 12,2026,198663,5311911,Jordi Rodriguez,Jordi,Rodriguez,17.0,Guard,78.0,195.0,Barcelona,ESP,,,2026,2026
51,2132,Cincinnati,Big 12,2026,198666,5196876,Keyshuan Tillery,Keyshuan,Tillery,7.0,Guard,72.0,190.0,Albany,NY,,,2026,2026
51,2132,Cincinnati,Big 12,2026,166,4598611,Jalen Celestine,Jalen,Celestine,32.0,Guard,79.0,220.0,Ajax,ON,,,2026,2026
51,2132,Cincinnati,Big 12,2026,2952,4709151,Jalen Haynes,Jalen,Haynes,3.0,Forward,80.0,250.0,Fort Lauderdale,FL,,,2026,2026
51,2132,Cincinnati,Big 12,2026,333,5149078,Moustapha Thiam,Moustapha,Thiam,52.0,Center,86.0,250.0,Dakar,SEN,,,2026,2026
51,2132,Cincinnati,Big 12,2026,3318,5105790,Sencire Harris,Sencire,Harris,5.0,Guard,76.0,180.0,Canton,OH,,,2026,2026
51,2132,Cincinnati,Big 12,2026,3921,5075626,Baba Miller,Baba,Miller,18.0,Forward,83.0,225.0,Mallorca,ESP,,,2026,2026
312,2116,UCF,Big 12,2026,8178,5060684,Jordan Burks,Jordan,Burks,99.0,Forward,81.0,205.0,Decatur,AL,,,2026,2026
312,2116,UCF,Big 12,2026,2031,5107975,George Beale Jr.,George,Beale Jr.,3.0,Guard,76.0,200.0,Suffolk,VA,,,2026,2026
312,2116,UCF,Big 12,2026,4166,5105529,Riley Kugel,Riley,Kugel,2.0,Guard,77.0,210.0,Orlando,FL,,,2026,2026
312,2116,UCF,Big 12,2026,594,4915060,John Bol,John,Bol,7.0,Forward,86.0,210.0,Boma,SS,,,2026,2026
312,2116,UCF,Big 12,2026,1763,5242634,Carmelo Pacheco,Carmelo,Pacheco,11.0,Guard,77.0,190.0,Harrisonburg,VA,,,2026,2026
312,2116,UCF,Big 12,2026,3013,4704078,Themus Fulks,Themus,Fulks,1.0,Guard,74.0,185.0,Winston-Salem,NC,,,2026,2026
312,2116,UCF,Big 12,2026,3014,5241667,Jamichael Stillwell,Jamichael,Stillwell,4.0,Forward,80.0,225.0,Atlanta,GA,,,2026,2026
312,2116,UCF,Big 12,2026,343,5108850,Elijah Hulsewe,Elijah,Hulsewe,9.0,Center,84.0,270.0,Orlando,FL,,,2025,2026
312,2116,UCF,Big 12,2026,345,5106645,Poohpha Warakulnukroh,Poohpha,Warakulnukroh,33.0,Guard,71.0,177.0,Bangkok,THA,,,2023,2026
312,2116,UCF,Big 12,2026,4160,5105970,Jeremy Foumena,Jeremy,Foumena,0.0,Center,83.0,250.0,Montreal,PQ,,,2026,2026
312,2116,UCF,Big 12,2026,7588,4567588,Devan Cambridge,Devan,Cambridge,35.0,Forward,78.0,210.0,Nashville,TN,,,2026,2026
312,2116,UCF,Big 12,2026,5820,5175069,Chris Johnson,Chris,Johnson,22.0,Guard,77.0,196.0,Houston,TX,,,2026,2026
312,2116,UCF,Big 12,2026,202728,5311932,Zach Johnson,Zach,Johnson,24.0,Guard,78.0,205.0,Southern Pines,NC,,,2026,2026
312,2116,UCF,Big 12,2026,202729,5311933,Tanner Jones,Tanner,Jones,30.0,Guard,76.0,190.0,Memphis,TN,,,2026,2026
312,2116,UCF,Big 12,2026,5361,4848623,Kris Parker,Kris,Parker,5.0,Guard,81.0,201.0,Tallahassee,FL,,,2026,2026
11,12,Arizona,Big 12,2026,265,5105555,Tobe Awaka,Tobe,Awaka,30.0,Forward,80.0,255.0,Hyde Park,NY,,,2025,2026
11,12,Arizona,Big 12,2026,269,4432737,Jaden Bradley,Jaden,Bradley,0.0,Guard,75.0,200.0,Rochester,NY,,,2024,2026
11,12,Arizona,Big 12,2026,274,5174954,Motiejus Krivas,Motiejus,Krivas,13.0,Center,86.0,260.0,Siaulia,LTU,,,2024,2026
11,12,Arizona,Big 12,2026,276,5108141,Anthony Dell'Orso,Anthony,Dell'Orso,3.0,Guard,78.0,205.0,Melbourne,VIC,,,2025,2026
11,12,Arizona,Big 12,2026,277,4896359,Addison Arnold,Addison,Arnold,22.0,Guard,75.0,185.0,Simi Valley,CA,,,2022,2026
11,12,Arizona,Big 12,2026,281,5239487,Sven Djopmo,Sven,Djopmo,42.0,Guard,74.0,190.0,Reims,FRA,,,2025,2026
11,12,Arizona,Big 12,2026,197978,5186456,Dwayne Aristode,Dwayne,Aristode,2.0,Forward,80.0,220.0,Lelystad,NED,,,2026,2026
11,12,Arizona,Big 12,2026,197982,5082206,Brayden Burries,Brayden,Burries,5.0,Guard,76.0,205.0,San Bernardino,CA,,,2026,2026
11,12,Arizona,Big 12,2026,197987,5311897,Sidi Gueye,Sidi,Gueye,15.0,Forward,83.0,215.0,Guediawaye,SEN,,,2026,2026
11,12,Arizona,Big 12,2026,197988,5082287,Bryce James,Bryce,James,6.0,Guard,77.0,195.0,Akron,OH,,,2026,2026
11,12,Arizona,Big 12,2026,197989,5311896,Ivan Kharchenkov,Ivan,Kharchenkov,8.0,Forward,79.0,220.0,Munich,GER,,,2026,2026
11,12,Arizona,Big 12,2026,197991,5311898,Mabil Mawut,Mabil,Mawut,20.0,Forward,83.0,200.0,Bor,SS,,,2026,2026
11,12,Arizona,Big 12,2026,1061,4702960,Evan Nelson,Evan,Nelson,21.0,Guard,74.0,175.0,Tucson,AZ,,,2026,2026
11,12,Arizona,Big 12,2026,197993,5041953,Koa Peat,Koa,Peat,10.0,Forward,80.0,235.0,Chandler,AZ,,,2026,2026
11,12,Arizona,Big 12,2026,282,5174956,Jackson Cook,Jackson,Cook,11.0,Guard,75.0,185.0,Oxford,ENG,,,2024,2026
11,12,Arizona,Big 12,2026,284,5105542,Jackson Francois,Jackson,Francois,7.0,Guard,77.0,160.0,Las Vegas,NV,,,2025,2026
331,254,Utah,Big 12,2026,6590,5060685,Keanu Dawes,Keanu,Dawes,8.0,Forward,81.0,225.0,Houston,TX,,,2025,2026
331,254,Utah,Big 12,2026,6593,5174979,Jerry Huang,Jerry,Huang,9.0,Guard,74.0,195.0,Taipei,TPE,,,2024,2026
331,254,Utah,Big 12,2026,6596,5240509,Ibrahima Traore,Ibrahima,Traore,31.0,Forward,81.0,222.0,Bamako,MLI,,,2025,2026
331,254,Utah,Big 12,2026,17258,5176757,Josh Hayes,Josh,Hayes,7.0,Forward,81.0,210.0,Gainesville,FL,,,2026,2026
331,254,Utah,Big 12,2026,4961,4897777,James Okonkwo,James,Okonkwo,32.0,Forward,80.0,245.0,Maidenhead,ENG,,,2026,2026
331,254,Utah,Big 12,2026,5491,5177114,Seydou Traore,Seydou,Traore,0.0,Forward,78.0,220.0,Bronx,NY,,,2026,2026
331,254,Utah,Big 12,2026,3062,5177233,Terrence Brown,Terrence,Brown,2.0,Guard,75.0,175.0,Minneapolis,MN,,,2026,2026
331,254,Utah,Big 12,2026,4651,4897000,Babacar Faye,Babacar,Faye,5.0,Forward,81.0,230.0,Dakar,SEN,,,2026,2026
331,254,Utah,Big 12,2026,4654,4903216,Don McHenry,Don,McHenry,3.0,Guard,74.0,170.0,Milwaukee,WI,,,2026,2026
331,254,Utah,Big 12,2026,202971,5311937,Obomate Abbey,Obomate,Abbey,21.0,Guard,72.0,195.0,Jyvaskyla,FIN,,,2026,2026
331,254,Utah,Big 12,2026,7,4869769,Jahki Howard,Jahki,Howard,10.0,Forward,79.0,195.0,Roxbury,MA,,,2026,2026
331,254,Utah,Big 12,2026,202978,5311936,Alvin Jackson III,Alvin,Jackson III,15.0,Guard,77.0,215.0,Washington,DC,,,2026,2026
331,254,Utah,Big 12,2026,202983,5311934,Jacob Patrick,Jacob,Patrick,6.0,Guard,78.0,195.0,Ludwigsburg,GER,,,2026,2026
331,254,Utah,Big 12,2026,202984,5311935,Kendyl Sanders,Kendyl,Sanders,13.0,Forward,80.0,230.0,Los Angeles,CA,,,2026,2026
10,9,Arizona State,Big 12,2026,7650,5239488,Quentin McCoy,Quentin,McCoy,22.0,Guard,73.0,165.0,Chicago,IL,,,2025,2026
10,9,Arizona State,Big 12,2026,15104,5263625,Trevor Best,Trevor,Best,12.0,Guard,75.0,180.0,Wilson,NC,,,2025,2026
10,9,Arizona State,Big 12,2026,2806,5142326,Marcus Adams Jr.,Marcus,Adams Jr.,8.0,Forward,80.0,195.0,Torrance,CA,,,2026,2026
10,9,Arizona State,Big 12,2026,197997,5311903,Massamba Diop,Massamba,Diop,35.0,Center,85.0,230.0,Rufisque,SEN,,,2026,2026
10,9,Arizona State,Big 12,2026,197999,5311900,Andrija Grbović,Andrija,Grbović,14.0,Forward,83.0,207.0,Pljevlja,MTG,,,2026,2026
10,9,Arizona State,Big 12,2026,198001,5311904,Jovan Ićitović,Jovan,Ićitović,70.0,Forward,81.0,235.0,Belgrade,SER,,,2026,2026
10,9,Arizona State,Big 12,2026,198004,5311901,Noah Meeusen,Noah,Meeusen,15.0,Guard,77.0,209.0,Ostend,BEL,,,2026,2026
10,9,Arizona State,Big 12,2026,198008,5144131,Kash Polk,Kash,Polk,11.0,Forward,82.0,200.0,Argyle,TX,,,2026,2026
10,9,Arizona State,Big 12,2026,198009,5311902,Dame Salane,Dame,Salane,24.0,Center,85.0,195.0,Dakar,SEN,,,2026,2026
10,9,Arizona State,Big 12,2026,8475,5176444,Santiago Trouet,Santiago,Trouet,1.0,Forward,83.0,218.0,Buenos Aires,ARG,,,2026,2026
10,9,Arizona State,Big 12,2026,198011,5311899,Vijay Wallace,Vijay,Wallace,7.0,Guard,77.0,175.0,Chicago,IL,,,2026,2026
10,9,Arizona State,Big 12,2026,1730,5109033,Allen Mukeba,Allen,Mukeba,23.0,Forward,80.0,247.0,Charleroi,BEL,,,2026,2026
10,9,Arizona State,Big 12,2026,2524,5176231,Bryce Ford,Bryce,Ford,4.0,Guard,76.0,190.0,Scottsdale,AZ,,,2026,2026
10,9,Arizona State,Big 12,2026,2606,4684620,Adante' Holiman,Adante',Holiman,3.0,Guard,71.0,175.0,Mcalester,OK,,,2026,2026
10,9,Arizona State,Big 12,2026,8339,5105457,Maurice Odum,Maurice,Odum,5.0,Guard,74.0,160.0,Bronx,NY,,,2026,2026
10,9,Arizona State,Big 12,2026,13337,5189257,Anthony Johnson,Anthony,Johnson,2.0,Guard,75.0,175.0,Midfield,AL,,,2026,2026
338,222,Villanova,Big East,2026,5355,5182412,Tyler Perkins,Tyler,Perkins,4.0,Guard,76.0,212.0,Lorton,VA,,,2025,2026
338,222,Villanova,Big East,2026,5362,5175588,Matt Hodge,Matt,Hodge,33.0,Forward,80.0,220.0,Limburg,BEL,,,2025,2026
338,222,Villanova,Big East,2026,5366,5240540,Wade Chiddick,Wade,Chiddick,14.0,Guard,76.0,200.0,King Of Prussia,PA,,,2025,2026
338,222,Villanova,Big East,2026,1127,5175067,Zion Stanford,Zion,Stanford,1.0,Guard,78.0,205.0,Philadelphia,PA,,,2026,2026
338,222,Villanova,Big East,2026,6414,4870569,Duke Brennan,Duke,Brennan,24.0,Forward,82.0,250.0,Chandler,AZ,,,2026,2026
338,222,Villanova,Big East,2026,6417,5105576,Malcolm Flaggs,Malcolm,Flaggs,15.0,Guard,78.0,200.0,Chandler,AZ,,,2026,2026
338,222,Villanova,Big East,2026,2570,5174291,Bryce Lindsay,Bryce,Lindsay,2.0,Guard,75.0,194.0,Baltimore,MD,,,2026,2026
338,222,Villanova,Big East,2026,7212,4702467,Devin Askew,Devin,Askew,5.0,Guard,77.0,195.0,Sacramento,CA,,,2026,2026
338,222,Villanova,Big East,2026,3292,5106034,Tafara Gapare,Tafara,Gapare,6.0,Forward,81.0,215.0,Wellington,NZL,,,2026,2026
338,222,Villanova,Big East,2026,3294,5142360,Braden Pierce,Braden,Pierce,17.0,Center,84.0,245.0,Woodstock,GA,,,2026,2026
338,222,Villanova,Big East,2026,3295,5239554,Malachi Palmer,Malachi,Palmer,7.0,Guard,78.0,212.0,Harrisburg,PA,,,2026,2026
338,222,Villanova,Big East,2026,203178,5221332,Chris Jeffrey,Chris,Jeffrey,0.0,Guard,75.0,200.0,Brooklyn,NY,,,2026,2026
338,222,Villanova,Big East,2026,203179,5144105,Acaden Lewis,Acaden,Lewis,55.0,Guard,74.0,180.0,Washington,DC,,,2026,2026
338,222,Villanova,Big East,2026,203182,5281374,Nico Onyekwere,Nico,Onyekwere,21.0,Center,85.0,240.0,Abuja,NGR,,,2026,2026
97,46,Georgetown,Big East,2026,8174,5175952,Malik Mack,Malik,Mack,2.0,Guard,74.0,175.0,Oxon Hill,MD,,,2025,2026
97,46,Georgetown,Big East,2026,267,5174952,KJ Lewis,KJ,Lewis,5.0,Guard,76.0,210.0,El Paso,TX,,,2026,2026
97,46,Georgetown,Big East,2026,169,4433265,Langston Love,Langston,Love,13.0,Guard,77.0,210.0,Universal City,TX,,,2026,2026
97,46,Georgetown,Big East,2026,1432,5105641,Vince Iwuchukwu,Vince,Iwuchukwu,3.0,Center,85.0,257.0,Imo State,NGR,,,2026,2026
97,46,Georgetown,Big East,2026,3291,4848622,DeShawn Harris-Smith,DeShawn,Harris-Smith,1.0,Guard,77.0,224.0,Woodbridge,VA,,,2026,2026
97,46,Georgetown,Big East,2026,7796,5093403,Isaiah Abraham,Isaiah,Abraham,7.0,Forward,79.0,205.0,Gainesville,VA,,,2026,2026
97,46,Georgetown,Big East,2026,7872,4701222,Jeremiah Williams,Jeremiah,Williams,25.0,Guard,76.0,200.0,Chicago,IL,,,2026,2026
97,46,Georgetown,Big East,2026,8177,5061569,Caleb Williams,Caleb,Williams,4.0,Forward,79.0,227.0,Upper Marlboro,MD,,,2025,2026
97,46,Georgetown,Big East,2026,8179,5240524,Julius Halaifonua,Julius,Halaifonua,11.0,Center,84.0,259.0,Auckland,NZL,,,2025,2026
97,46,Georgetown,Big East,2026,8180,5101668,Kayvaun Mulready,Kayvaun,Mulready,45.0,Guard,76.0,219.0,Worcester,MA,,,2025,2026
97,46,Georgetown,Big East,2026,8182,5240521,Jayden Fort,Jayden,Fort,0.0,Forward,81.0,216.0,Washington,DC,,,2025,2026
97,46,Georgetown,Big East,2026,8184,5105536,Austin Montgomery,Austin,Montgomery,12.0,Forward,78.0,205.0,New Orleans,LA,,,2024,2026
97,46,Georgetown,Big East,2026,8185,5240526,Seal Diouf,Seal,Diouf,14.0,Center,81.0,255.0,Gouda,NED,,,2025,2026
97,46,Georgetown,Big East,2026,8186,5240525,Michael Van Raaphorst,Michael,Van Raaphorst,30.0,Guard,74.0,218.0,Chatham,NJ,,,2025,2026
97,46,Georgetown,Big East,2026,8187,5240523,Mason Moses,Mason,Moses,22.0,Guard,78.0,209.0,New York,NY,,,2025,2026
97,46,Georgetown,Big East,2026,8188,5175362,Hashem Asadallah,Hashem,Asadallah,15.0,Guard,74.0,189.0,Jabriya,KUW,,,2024,2026
279,2599,St. John's,Big East,2026,1424,5106262,Zuby Ejiofor,Zuby,Ejiofor,24.0,Forward,81.0,245.0,Garland,TX,,,2024,2026
279,2599,St. John's,Big East,2026,1429,5240539,Ruben Prey,Ruben,Prey,17.0,Forward,83.0,230.0,Lisbon,POR,,,2025,2026
279,2599,St. John's,Big East,2026,1430,5107197,Sadiku Ibine Ayo,Sadiku,Ibine Ayo,2.0,Forward,78.0,215.0,Kumasi,GHA,,,2024,2026
279,2599,St. John's,Big East,2026,17406,4896480,Handje Tamba,Handje,Tamba,44.0,Center,83.0,240.0,Kinshasa,CGO,,,2026,2026
279,2599,St. John's,Big East,2026,7641,5142625,Joson Sanon,Joson,Sanon,3.0,Guard,77.0,200.0,Fall River,MA,,,2026,2026
279,2599,St. John's,Big East,2026,7626,5105658,Dylan Darling,Dylan,Darling,0.0,Point Guard,73.0,175.0,Spokane,WA,,,2026,2026
279,2599,St. John's,Big East,2026,243,4869770,Ian Jackson,Ian,Jackson,11.0,Guard,77.0,195.0,Bronx,NY,,,2026,2026
279,2599,St. John's,Big East,2026,465,5106283,Dillon Mitchell,Dillon,Mitchell,1.0,Forward,80.0,210.0,Tampa,FL,,,2026,2026
279,2599,St. John's,Big East,2026,908,5105642,Oziyah Sellers,Oziyah,Sellers,4.0,Guard,77.0,190.0,Hayward,CA,,,2026,2026
279,2599,St. John's,Big East,2026,3147,4565698,Bryce Hopkins,Bryce,Hopkins,23.0,Forward,79.0,225.0,Oak Park,IL,,,2026,2026
279,2599,St. John's,Big East,2026,202321,5312302,Fotis Konstantinidis,Fotis,Konstantinidis,7.0,Guard,74.0,180.0,Athens,GRE,,,2026,2026
279,2599,St. John's,Big East,2026,202324,5226072,Kelvin Odih,Kelvin,Odih,5.0,Guard,76.0,215.0,Providence,RI,,,2026,2026
279,2599,St. John's,Big East,2026,202325,5312301,Casper Pohto,Casper,Pohto,6.0,Guard,75.0,185.0,Stockholm,SWE,,,2026,2026
279,2599,St. John's,Big East,2026,202332,5312303,Imran Suljanovic,Imran,Suljanovic,22.0,Forward,80.0,210.0,Vienna,AUT,,,2026,2026
279,2599,St. John's,Big East,2026,1433,5145712,Lefteris Liotopoulos,Lefteris,Liotopoulos,31.0,Guard,76.0,195.0,Thessaloniki,GRE,,,2025,2026
235,2507,Providence,Big East,2026,3135,5164558,Oswin Erhunmwunse,Oswin,Erhunmwunse,55.0,Forward,82.0,235.0,Benin City,NGR,,,2025,2026
235,2507,Providence,Big East,2026,3138,4684718,Corey Floyd Jr.,Corey,Floyd Jr.,14.0,Guard,76.0,208.0,Franklin,NJ,,,2023,2026
235,2507,Providence,Big East,2026,3140,5142324,Rich Barron,Rich,Barron,10.0,Forward,77.0,225.0,Chicago,IL,,,2024,2026
235,2507,Providence,Big East,2026,3144,5156117,Ryan Mela,Ryan,Mela,11.0,Forward,79.0,205.0,Natick,MA,,,2025,2026
235,2507,Providence,Big East,2026,3149,5240530,Nilavan Daniels,Nilavan,Daniels,20.0,Guard,75.0,180.0,St. Louis,MO,,,2025,2026
235,2507,Providence,Big East,2026,1213,5105782,Cole Hargrove,Cole,Hargrove,13.0,Forward,80.0,245.0,Norristown,PA,,,2026,2026
235,2507,Providence,Big East,2026,3113,5101651,Daquan Davis,Daquan,Davis,3.0,Guard,73.0,185.0,Baltimore,MD,,,2026,2026
235,2507,Providence,Big East,2026,8240,4565204,Duncan Powell,Duncan,Powell,31.0,Forward,80.0,240.0,Dallas,TX,,,2026,2026
235,2507,Providence,Big East,2026,346,4898010,Jaylin Sellers,Jaylin,Sellers,2.0,Guard,77.0,205.0,Columbus,GA,,,2026,2026
235,2507,Providence,Big East,2026,4557,5175064,Jason Edwards,Jason,Edwards,1.0,Guard,73.0,180.0,Atlanta,GA,,,2026,2026
235,2507,Providence,Big East,2026,201550,5144104,Jaylen Harrell,Jaylen,Harrell,4.0,Guard,77.0,210.0,Boston,MA,,,2026,2026
235,2507,Providence,Big East,2026,201551,5041949,Jamier Jones,Jamier,Jones,5.0,Forward,78.0,218.0,Sarasota,FL,,,2026,2026
235,2507,Providence,Big East,2026,201553,5311993,Peteris Pinnis,Peteris,Pinnis,17.0,Forward,84.0,260.0,Salaspils,LAT,,,2026,2026
235,2507,Providence,Big East,2026,201556,5311991,Stefan Vaaks,Stefan,Vaaks,7.0,Guard,79.0,206.0,Tabasalu,EST,,,2026,2026
235,2507,Providence,Big East,2026,201557,5311992,Jack Williams,Jack,Williams,8.0,Guard,76.0,195.0,Ann Arbor,MI,,,2026,2026
263,2550,Seton Hall,Big East,2026,227,5239637,Tajuan Simpkins,Tajuan,Simpkins,2.0,Guard,76.0,190.0,Brooklyn,NY,,,2026,2026
263,2550,Seton Hall,Big East,2026,1412,5105681,Josh Rivera,Josh,Rivera,7.0,Forward,78.0,225.0,New Brunswick,NJ,,,2026,2026
263,2550,Seton Hall,Big East,2026,8329,5174319,Mike Williams,Mike,Williams,23.0,Guard,75.0,185.0,Baltimore,MD,,,2026,2026
263,2550,Seton Hall,Big East,2026,9511,5177275,Adam Clark,Adam,Clark,0.0,Guard,70.0,165.0,Philadelphia,PA,,,2026,2026
263,2550,Seton Hall,Big East,2026,7428,5111629,Jacob Dar,Jacob,Dar,1.0,Guard,79.0,190.0,Omaha,NE,,,2026,2026
263,2550,Seton Hall,Big East,2026,2858,5238170,Trey Parker,Trey,Parker,13.0,Guard,72.0,180.0,Fayetteville,NC,,,2026,2026
263,2550,Seton Hall,Big East,2026,3075,4703837,AJ Staton-McCray,AJ,Staton-McCray,14.0,Guard,76.0,200.0,Delray Beach,FL,,,2026,2026
263,2550,Seton Hall,Big East,2026,6674,4703002,Patrick Suemnick,Patrick,Suemnick,9.0,Forward,80.0,235.0,Green Bay,WI,,,2026,2026
263,2550,Seton Hall,Big East,2026,6921,5106288,Elijah Fisher,Elijah,Fisher,22.0,Guard,78.0,220.0,Toronto,ON,,,2026,2026
263,2550,Seton Hall,Big East,2026,201976,5292602,Najai Hines,Najai,Hines,25.0,Forward,82.0,265.0,Plainfield,NJ,,,2026,2026
263,2550,Seton Hall,Big East,2026,2284,5108891,Stephon Payne,Stephon,Payne,6.0,Forward,81.0,235.0,Jacksonville,FL,,,2026,2026
263,2550,Seton Hall,Big East,2026,4095,5101686,Godswill Erheriene,Godswill,Erheriene,54.0,Center,81.0,225.0,Ughelli,NGR,,,2025,2026
263,2550,Seton Hall,Big East,2026,4103,4873098,Jahseem Felton,Jahseem,Felton,15.0,Guard,77.0,205.0,Charlotte,NC,,,2025,2026
263,2550,Seton Hall,Big East,2026,4105,5240537,Assane Mbaye,Assane,Mbaye,35.0,Center,86.0,190.0,Mbour,SEN,,,2025,2026
263,2550,Seton Hall,Big East,2026,4108,5114229,David Gabriel,David,Gabriel,41.0,Guard,73.0,175.0,North Bergen,NJ,,,2023,2026
157,269,Marquette,Big East,2026,398,5105599,Ben Gold,Ben,Gold,12.0,Forward,83.0,235.0,Wellington,NZL,,,2023,2026
157,269,Marquette,Big East,2026,400,5105598,Chase Ross,Chase,Ross,2.0,Guard,77.0,210.0,Dallas,TX,,,2023,2026
157,269,Marquette,Big East,2026,403,5175364,Caedin Hamilton,Caedin,Hamilton,18.0,Forward,81.0,250.0,Santa Maria,CA,,,2024,2026
157,269,Marquette,Big East,2026,404,5101676,Royce Parham,Royce,Parham,13.0,Forward,80.0,235.0,Pittsburgh,PA,,,2025,2026
157,269,Marquette,Big East,2026,405,5175365,Casey O'Malley,Casey,O'Malley,40.0,Guard,75.0,200.0,Omaha,NE,,,2024,2026
157,269,Marquette,Big East,2026,407,5105602,Jonah Lucas,Jonah,Lucas,41.0,Guard,73.0,180.0,West Lafayette,IN,,,2023,2026
157,269,Marquette,Big East,2026,410,4895750,Zaide Lowery,Zaide,Lowery,7.0,Guard,77.0,205.0,Springfield,MO,,,2024,2026
157,269,Marquette,Big East,2026,411,4895745,Tre Norman,Tre,Norman,5.0,Guard,76.0,205.0,Boston,MA,,,2024,2026
157,269,Marquette,Big East,2026,413,5240527,Joshua Clark,Joshua,Clark,8.0,Forward,85.0,235.0,Virginia Beach,VA,,,2025,2026
157,269,Marquette,Big East,2026,414,5061595,Damarius Owens,Damarius,Owens,9.0,Forward,79.0,205.0,Rochester,NY,,,2025,2026
157,269,Marquette,Big East,2026,416,5105600,Sean Jones,Sean,Jones,22.0,Guard,70.0,185.0,Columbus,OH,,,2023,2026
157,269,Marquette,Big East,2026,200311,5311977,Braeden Brenn,Braeden,Brenn,42.0,Forward,80.0,210.0,Appleton,WI,,,2026,2026
157,269,Marquette,Big East,2026,200315,5144086,Nigel James Jr.,Nigel,James Jr.,0.0,Guard,72.0,185.0,Huntington,NY,,,2026,2026
157,269,Marquette,Big East,2026,200320,5248297,Ian Miletic,Ian,Miletic,21.0,Forward,79.0,200.0,Arlington Heights,IL,,,2026,2026
157,269,Marquette,Big East,2026,200325,5280899,Sheek Pearson,Sheek,Pearson,6.0,Forward,83.0,200.0,Saint Charles,MO,,,2026,2026
157,269,Marquette,Big East,2026,200326,5248300,Michael Phillips II,Michael,Phillips II,35.0,Forward,78.0,195.0,Rolesville,NC,,,2026,2026
157,269,Marquette,Big East,2026,200328,5196920,Adrien Stevens,Adrien,Stevens,10.0,Guard,76.0,210.0,Potomac,MD,,,2026,2026
61,156,Creighton,Big East,2026,7804,5105577,Jasen Green,Jasen,Green,0.0,Forward,80.0,235.0,Omaha,NE,,,2023,2026
61,156,Creighton,Big East,2026,7809,5175359,Josh Townley-Thomas,Josh,Townley-Thomas,53.0,Forward,82.0,225.0,Omaha,NE,,,2024,2026
61,156,Creighton,Big East,2026,7810,5061591,Jackson McAndrew,Jackson,McAndrew,23.0,Forward,82.0,225.0,Wayzata,MN,,,2025,2026
61,156,Creighton,Big East,2026,7811,4712866,Isaac Traudt,Isaac,Traudt,41.0,Forward,82.0,235.0,Grand Island,NE,,,2024,2026
61,156,Creighton,Big East,2026,7813,5175358,Shane Thomas,Shane,Thomas,12.0,Guard,75.0,195.0,Las Vegas,NV,,,2024,2026
61,156,Creighton,Big East,2026,7815,5149116,Ty Davis,Ty,Davis,9.0,Guard,76.0,190.0,Mountain Brook,AL,,,2025,2026
61,156,Creighton,Big East,2026,198812,5311956,Aleksa Dimitrijevic,Aleksa,Dimitrijevic,27.0,Center,84.0,220.0,Belgrade,SER,,,2026,2026
61,156,Creighton,Big East,2026,198817,5101788,Hudson Greer,Hudson,Greer,10.0,Guard,79.0,215.0,Lakeway,TX,,,2026,2026
61,156,Creighton,Big East,2026,198819,5311955,Kerem Konan,Kerem,Konan,17.0,Forward,81.0,235.0,,,,,2026,2026
61,156,Creighton,Big East,2026,5116,5106863,Nik Graves,Nik,Graves,5.0,Guard,74.0,190.0,Durham,NC,,,2026,2026
61,156,Creighton,Big East,2026,8133,4433038,Liam McChesney,Liam,McChesney,13.0,Forward,82.0,195.0,Prince Rupert,BC,,,2026,2026
61,156,Creighton,Big East,2026,35,5243101,Blake Harper,Blake,Harper,2.0,Guard,79.0,220.0,Washington,DC,,,2026,2026
61,156,Creighton,Big East,2026,3080,5144380,Austin Swartz,Austin,Swartz,1.0,Guard,76.0,205.0,Concord,NC,,,2026,2026
61,156,Creighton,Big East,2026,5479,4894465,Owen Freeman,Owen,Freeman,32.0,Forward,82.0,240.0,Moline,IL,,,2026,2026
61,156,Creighton,Big East,2026,5481,5105800,Josh Dix,Josh,Dix,4.0,Guard,78.0,205.0,Council Bluffs,IA,,,2026,2026
61,156,Creighton,Big East,2026,214156,5075230,Fedor Zugic,Fedor,Zugic,7.0,Guard,78.0,215.0,Podgorica,MTG,,,2026,2026
359,2752,Xavier,Big East,2026,4073,5240541,Henry Thole,Henry,Thole,20.0,Forward,79.0,230.0,Union,KY,,,2025,2026
359,2752,Xavier,Big East,2026,4074,5105609,Ian Sabourin,Ian,Sabourin,31.0,Forward,76.0,210.0,Hamilton,OH,,,2023,2026
359,2752,Xavier,Big East,2026,4077,5107148,Roddie Anderson III,Roddie,Anderson III,0.0,Guard,75.0,195.0,Orange County,CA,,,2025,2026
359,2752,Xavier,Big East,2026,4079,5105608,Michael Wolf,Michael,Wolf,25.0,Guard,73.0,195.0,Greenwood Village,CO,,,2023,2026
359,2752,Xavier,Big East,2026,3843,4897261,Isaiah Walker,Isaiah,Walker,7.0,Guard,77.0,205.0,Cincinnati,OH,,,2026,2026
359,2752,Xavier,Big East,2026,3927,4684289,Tre Carroll,Tre,Carroll,12.0,Forward,80.0,235.0,Port Charlotte,FL,,,2026,2026
359,2752,Xavier,Big East,2026,6518,5105454,Malik Messina-Moore,Malik,Messina-Moore,1.0,Guard,77.0,200.0,Ventura,CA,,,2026,2026
359,2752,Xavier,Big East,2026,6438,5101673,Jovan Milicevic,Jovan,Milicevic,24.0,Forward,82.0,241.0,Toronto,ON,,,2026,2026
359,2752,Xavier,Big East,2026,7363,5152658,Pape N'Diaye,Pape,N'Diaye,22.0,Forward,84.0,230.0,Abidjan,CIV,,,2026,2026
359,2752,Xavier,Big East,2026,7365,5241258,Luke Naser,Luke,Naser,8.0,Guard,74.0,179.0,Gilroy,CA,,,2026,2026
359,2752,Xavier,Big East,2026,1082,5241430,All Wright,All,Wright,3.0,Guard,75.0,190.0,Durango,MEX,,,2026,2026
359,2752,Xavier,Big East,2026,6433,5105569,Filip Borovicanin,Filip,Borovicanin,4.0,Forward,81.0,227.0,Belgrade,SER,,,2026,2026
359,2752,Xavier,Big East,2026,6772,5175711,Mier Panoam,Mier,Panoam,9.0,Guard,74.0,200.0,Anchorage,AK,,,2026,2026
359,2752,Xavier,Big East,2026,8198,5143921,Anthony Robinson,Anthony,Robinson,21.0,Forward,82.0,252.0,Atlanta,GA,,,2026,2026
359,2752,Xavier,Big East,2026,7533,5241369,Gabriel Pozzato,Gabriel,Pozzato,2.0,Forward,79.0,200.0,Novara,ITA,,,2026,2026
359,2752,Xavier,Big East,2026,203534,5315032,Kason Westphal,Kason,Westphal,15.0,Center,84.0,260.0,Salida,CO,,,2026,2026
65,305,DePaul,Big East,2026,5390,4845358,Layden Blocker,Layden,Blocker,2.0,Guard,74.0,195.0,Little Rock,AR,,,2025,2026
65,305,DePaul,Big East,2026,5392,5107903,NJ Benson,NJ,Benson,35.0,Forward,80.0,235.0,Mount Vernon,IL,,,2025,2026
65,305,DePaul,Big East,2026,5396,5240520,Théo Pierre-Justin,Théo,Pierre-Justin,21.0,Forward,82.0,215.0,Coudures,FRA,,,2025,2026
65,305,DePaul,Big East,2026,5399,5240518,Nate Kasher,Nate,Kasher,3.0,Guard,73.0,180.0,Glenview,IL,,,2025,2026
65,305,DePaul,Big East,2026,5400,5105796,CJ Gunn,CJ,Gunn,11.0,Guard,79.0,200.0,Indianapolis,IN,,,2025,2026
65,305,DePaul,Big East,2026,198922,5312300,Fabián Flores,Fabián,Flores,15.0,Center,86.0,250.0,Murcia,ESP,,,2026,2026
65,305,DePaul,Big East,2026,198924,5312298,Jonas Johnson,Jonas,Johnson,6.0,Forward,79.0,185.0,Chicago,IL,,,2026,2026
65,305,DePaul,Big East,2026,1436,4873206,Khaman Maker,Khaman,Maker,14.0,Center,85.0,225.0,Juba,SS,,,2026,2026
65,305,DePaul,Big East,2026,198929,5254161,Kruz McClure,Kruz,McClure,22.0,Guard,78.0,185.0,Westerville,OH,,,2026,2026
65,305,DePaul,Big East,2026,198930,5254163,Isaiah Medina,Isaiah,Medina,7.0,Forward,84.0,230.0,Saint Petersburg,FL,,,2026,2026
65,305,DePaul,Big East,2026,198931,5312299,Ilija Milijašević,Ilija,Milijašević,10.0,Guard,74.0,190.0,Belgrade,SER,,,2026,2026
65,305,DePaul,Big East,2026,6710,5105612,RJ Smith,RJ,Smith,5.0,Guard,75.0,195.0,Chino,CA,,,2026,2026
65,305,DePaul,Big East,2026,957,5176418,Jeremy Lorenz,Jeremy,Lorenz,32.0,Forward,80.0,230.0,Brillion,WI,,,2026,2026
65,305,DePaul,Big East,2026,3057,5238181,Amsal Delalić,Amsal,Delalić,52.0,Guard,80.0,215.0,Tuzla,BIH,,,2026,2026
65,305,DePaul,Big East,2026,3029,5241737,Brandon Maclin,Brandon,Maclin,0.0,Guard,75.0,215.0,Jackson,TN,,,2026,2026
65,305,DePaul,Big East,2026,3891,5105795,Kaleb Banks,Kaleb,Banks,1.0,Forward,80.0,215.0,Hampton,GA,,,2026,2026
34,2086,Butler,Big East,2026,1216,4700880,Yame Butler,Yame,Butler,8.0,Guard,77.0,210.0,Greenbelt,MD,,,2026,2026
34,2086,Butler,Big East,2026,198365,5311947,Bryson Cardinal,Bryson,Cardinal,35.0,Forward,79.0,205.0,Westfield,IN,,,2026,2026
34,2086,Butler,Big East,2026,1610,5143607,Drayton Jones,Drayton,Jones,13.0,Forward,83.0,250.0,Houston,TX,,,2026,2026
34,2086,Butler,Big East,2026,198370,5101859,Jackson Keith,Jackson,Keith,0.0,Forward,77.0,225.0,Durham,NC,,,2026,2026
34,2086,Butler,Big East,2026,198371,5101835,Jack McCaffery,Jack,McCaffery,6.0,Forward,81.0,215.0,Iowa City,IA,,,2026,2026
34,2086,Butler,Big East,2026,198373,5311948,Kevin Ndzie,Kevin,Ndzie,39.0,Center,85.0,240.0,Yaounde,CMR,,,2026,2026
34,2086,Butler,Big East,2026,198374,5311946,Efeosa Oliogu-Elabor,Efeosa,Oliogu-Elabor,4.0,Forward,78.0,220.0,Markham,ON,,,2026,2026
34,2086,Butler,Big East,2026,198375,5101796,Azavier Robinson,Azavier,Robinson,23.0,Guard,74.0,195.0,Indianapolis,IN,,,2026,2026
34,2086,Butler,Big East,2026,6146,4869741,Yohan Traore,Yohan,Traore,21.0,Forward,83.0,240.0,Tours,FRA,,,2026,2026
34,2086,Butler,Big East,2026,179,5176517,Michael Ajayi,Michael,Ajayi,5.0,Guard,79.0,235.0,Kent,WA,,,2026,2026
34,2086,Butler,Big East,2026,1501,5184903,Evan Haywood,Evan,Haywood,1.0,Guard,76.0,200.0,Carmel,IN,,,2025,2026
34,2086,Butler,Big East,2026,1506,5175355,Ethan McComb,Ethan,McComb,3.0,Guard,73.0,190.0,Greenwood,IN,,,2024,2026
34,2086,Butler,Big East,2026,1507,5060688,Jamie Kaiser Jr.,Jamie,Kaiser Jr.,7.0,Guard,78.0,205.0,Burke,VA,,,2025,2026
34,2086,Butler,Big East,2026,1508,4848619,Finley Bizjack,Finley,Bizjack,11.0,Guard,76.0,190.0,Trophy Club,TX,,,2024,2026
34,2086,Butler,Big East,2026,1662,5107876,Jalen Jackson,Jalen,Jackson,2.0,Guard,74.0,200.0,Fort Wayne,IN,,,2026,2026
345,2692,Weber State,Big Sky,2026,6634,5107824,Nigel Burris,Nigel,Burris,5.0,Forward,79.0,225.0,San Francisco,CA,,,2025,2026
345,2692,Weber State,Big Sky,2026,6639,5241318,Declan Cutler,Declan,Cutler,15.0,Forward,81.0,230.0,Vancouver,BC,,,2025,2026
345,2692,Weber State,Big Sky,2026,6643,5241316,Trevor Hennig,Trevor,Hennig,6.0,Guard,76.0,185.0,North Bend,WA,,,2025,2026
345,2692,Weber State,Big Sky,2026,6645,5175397,Viljami Vartiainen,Viljami,Vartiainen,8.0,Guard,78.0,195.0,Helsinki,FIN,,,2024,2026
345,2692,Weber State,Big Sky,2026,6647,5241319,David Hansen,David,Hansen,33.0,Forward,81.0,200.0,Magrath,AB,,,2025,2026
345,2692,Weber State,Big Sky,2026,8380,5177717,Malek Gomma,Malek,Gomma,7.0,Forward,80.0,245.0,Seattle,WA,,,2026,2026
345,2692,Weber State,Big Sky,2026,7358,5107474,Jace Whiting,Jace,Whiting,24.0,Guard,75.0,190.0,Burley,ID,,,2026,2026
345,2692,Weber State,Big Sky,2026,6592,5240507,Brady Smith,Brady,Smith,11.0,Guard,72.0,175.0,Fargo,ND,,,2026,2026
345,2692,Weber State,Big Sky,2026,203298,5313297,Tyler Christensen,Tyler,Christensen,22.0,Guard,76.0,,Eagle Mountain,UT,,,2026,2026
345,2692,Weber State,Big Sky,2026,203301,5313295,ArDarius Grayson,ArDarius,Grayson,12.0,Guard,73.0,185.0,Oakland,CA,,,2026,2026
345,2692,Weber State,Big Sky,2026,203304,5313293,Anthony Moore,Anthony,Moore,4.0,Guard,77.0,190.0,Stockton,CA,,,2026,2026
345,2692,Weber State,Big Sky,2026,203305,5313294,Duce Paschal,Duce,Paschal,9.0,Guard,77.0,185.0,Portland,OR,,,2026,2026
345,2692,Weber State,Big Sky,2026,203306,5313292,Tijan Saine Jr.,Tijan,Saine Jr.,3.0,Guard,70.0,175.0,Everett,WA,,,2026,2026
345,2692,Weber State,Big Sky,2026,203308,5313291,Edwin Suarez Jr.,Edwin,Suarez Jr.,0.0,Forward,78.0,205.0,San Juan,PUR,,,2026,2026
345,2692,Weber State,Big Sky,2026,203310,5313296,Bourgeois Tshilobo,Bourgeois,Tshilobo,17.0,Forward,80.0,225.0,Kinshasa,CGO,,,2026,2026
179,149,Montana,Big Sky,2026,6504,4702042,Te'Jon Sawyer,Te'Jon,Sawyer,32.0,Forward,80.0,255.0,San Francisco,CA,,,2024,2026
179,149,Montana,Big Sky,2026,6506,5177694,Money Williams,Money,Williams,0.0,Guard,76.0,211.0,Oakland,CA,,,2024,2026
179,149,Montana,Big Sky,2026,6510,5106752,Amari Jedkins,Amari,Jedkins,5.0,Forward,79.0,197.0,Racine,WI,,,2025,2026
179,149,Montana,Big Sky,2026,6516,5177698,Connor Dick,Connor,Dick,10.0,Guard,75.0,197.0,Missoula,MT,,,2024,2026
179,149,Montana,Big Sky,2026,6517,5177695,Chase Henderson,Chase,Henderson,2.0,Guard,72.0,172.0,Des Moines,IA,,,2024,2026
179,149,Montana,Big Sky,2026,6519,5060727,Tyler Thompson,Tyler,Thompson,4.0,Guard,78.0,195.0,Fairfield,CA,,,2025,2026
179,149,Montana,Big Sky,2026,6711,4685648,Courtney Anderson Jr.,Courtney,Anderson Jr.,13.0,Guard,77.0,200.0,Vallejo,CA,,,2026,2026
179,149,Montana,Big Sky,2026,7359,5101624,Brooklyn Hicks,Brooklyn,Hicks,3.0,Guard,75.0,186.0,Seattle,WA,,,2026,2026
179,149,Montana,Big Sky,2026,200659,5315598,Kenyon Aguino,Kenyon,Aguino,24.0,Forward,79.0,222.0,Albuquerque,NM,,,2026,2026
179,149,Montana,Big Sky,2026,17046,5106313,Tyler Isaak,Tyler,Isaak,8.0,Guard,76.0,190.0,Danville,CA,,,2026,2026
179,149,Montana,Big Sky,2026,200667,5315596,Grant Kepley,Grant,Kepley,11.0,Guard,76.0,180.0,Bellingham,WA,,,2026,2026
179,149,Montana,Big Sky,2026,200668,5315597,Luke Moxon,Luke,Moxon,22.0,Guard,75.0,210.0,Arcata,CA,,,2026,2026
179,149,Montana,Big Sky,2026,200670,5315595,Trae Taylor,Trae,Taylor,1.0,Forward,81.0,207.0,San Diego,CA,,,2026,2026
179,149,Montana,Big Sky,2026,8309,5105819,Kadyn Betts,Kadyn,Betts,7.0,Forward,80.0,219.0,Pueblo,CO,,,2026,2026
180,147,Montana State,Big Sky,2026,8914,4897923,Patrick McMahon,Patrick,McMahon,1.0,Guard,79.0,200.0,Palmer,AK,,,2022,2026
180,147,Montana State,Big Sky,2026,8920,5107844,Jed Miller,Jed,Miller,24.0,Guard,74.0,185.0,Agoura Hills,CA,,,2023,2026
180,147,Montana State,Big Sky,2026,8922,5241294,Grayson Gaddis,Grayson,Gaddis,15.0,Forward,79.0,215.0,Salt Lake City,UT,,,2025,2026
180,147,Montana State,Big Sky,2026,8924,5175379,Calum Rutherfurd,Calum,Rutherfurd,22.0,Forward,83.0,225.0,Sebastopol,CA,,,2024,2026
180,147,Montana State,Big Sky,2026,8927,5241290,Jeremiah Davis,Jeremiah,Davis,5.0,Guard,76.0,185.0,Compton,CA,,,2025,2026
180,147,Montana State,Big Sky,2026,6792,5061605,Jaden Steppe,Jaden,Steppe,44.0,Forward,80.0,220.0,Tualatin,OR,,,2026,2026
180,147,Montana State,Big Sky,2026,3114,5174671,Waka Mbatch,Waka,Mbatch,35.0,Forward,82.0,225.0,Serekunda,GAM,,,2026,2026
180,147,Montana State,Big Sky,2026,200673,5313226,Seth Amunrud,Seth,Amunrud,12.0,Guard,75.0,175.0,Bozeman,MT,,,2026,2026
180,147,Montana State,Big Sky,2026,200674,5313221,Davian Brown,Davian,Brown,0.0,Guard,75.0,180.0,Pasadena,CA,,,2026,2026
180,147,Montana State,Big Sky,2026,200678,5313224,Cavin Holden,Cavin,Holden,4.0,Guard,74.0,175.0,Apple Valley,CA,,,2026,2026
180,147,Montana State,Big Sky,2026,200679,5313222,Howie Keene,Howie,Keene,2.0,Guard,79.0,195.0,The Woodlands,TX,,,2026,2026
180,147,Montana State,Big Sky,2026,200680,5313225,Christian King,Christian,King,7.0,Forward,80.0,210.0,Kirkland,WA,,,2026,2026
180,147,Montana State,Big Sky,2026,200684,5313223,CJ Purdie,CJ,Purdie,3.0,Guard,76.0,185.0,Davidson,NC,,,2026,2026
180,147,Montana State,Big Sky,2026,200687,5313227,James Steward,James,Steward,14.0,Forward,80.0,210.0,Tempe,AZ,,,2026,2026
180,147,Montana State,Big Sky,2026,5426,4433615,Chris Hodges,Chris,Hodges,21.0,Forward,81.0,240.0,Schaumburg,IL,,,2026,2026
116,304,Idaho State,Big Sky,2026,7623,5176324,Evan Otten,Evan,Otten,30.0,Forward,83.0,240.0,Redmond,OR,,,2024,2026
116,304,Idaho State,Big Sky,2026,7628,5241286,Blake Daberkow,Blake,Daberkow,32.0,Forward,82.0,235.0,Lincoln,NE,,,2025,2026
116,304,Idaho State,Big Sky,2026,7631,5176319,Jaedyn Brown,Jaedyn,Brown,4.0,Guard,77.0,185.0,Pullman,WA,,,2024,2026
116,304,Idaho State,Big Sky,2026,7635,5241282,Cheikh Sow,Cheikh,Sow,5.0,Guard,79.0,195.0,Theis,SEN,,,2025,2026
116,304,Idaho State,Big Sky,2026,7624,5241283,Connor Hollenbeck,Connor,Hollenbeck,10.0,Forward,79.0,225.0,Rapid City,SD,,,2025,2026
116,304,Idaho State,Big Sky,2026,7752,5241308,Lachlan Brewer,Lachlan,Brewer,12.0,Guard,78.0,210.0,Launceston,TAS,,,2026,2026
116,304,Idaho State,Big Sky,2026,199658,5313168,Trey Arland,Trey,Arland,8.0,Guard,79.0,190.0,Kennewick,WA,,,2026,2026
116,304,Idaho State,Big Sky,2026,199659,5313167,Landen Birley,Landen,Birley,3.0,Guard,76.0,180.0,Yakima,WA,,,2026,2026
116,304,Idaho State,Big Sky,2026,199660,5313171,Louis Bond,Louis,Bond,13.0,Guard,77.0,185.0,Los Angeles,CA,,,2026,2026
116,304,Idaho State,Big Sky,2026,199663,5313172,Kasen Carpenter,Kasen,Carpenter,14.0,Guard,77.0,190.0,Rupert,ID,,,2026,2026
116,304,Idaho State,Big Sky,2026,21927,4898348,Gus Etchison,Gus,Etchison,0.0,Guard,71.0,150.0,Arcadia,IN,,,2026,2026
116,304,Idaho State,Big Sky,2026,199666,5313166,Jamison Guerra,Jamison,Guerra,2.0,Point Guard,72.0,200.0,Sherwood,OR,,,2026,2026
116,304,Idaho State,Big Sky,2026,199668,5313170,Martin Kheil,Martin,Kheil,11.0,Guard,77.0,205.0,Jindrichuv Hradec,CZE,,,2026,2026
116,304,Idaho State,Big Sky,2026,199672,5313173,Caleb Van De Griend,Caleb,Van De Griend,24.0,Forward,80.0,255.0,Bridgetown,WA,,,2026,2026
116,304,Idaho State,Big Sky,2026,8452,5107151,Quin Patterson,Quin,Patterson,21.0,Guard,79.0,205.0,Snoqualmie,WA,,,2026,2026
206,2464,Northern Arizona,Big Sky,2026,5035,5107851,Ryan Abelman,Ryan,Abelman,11.0,Guard,76.0,200.0,Las Vegas,NV,,,2023,2026
206,2464,Northern Arizona,Big Sky,2026,5038,4888717,Oakland Fort,Oakland,Fort,4.0,Guard,70.0,180.0,Phoenix,AZ,,,2023,2026
206,2464,Northern Arizona,Big Sky,2026,5041,4897938,Diego Campisano,Diego,Campisano,12.0,Forward,78.0,205.0,San Diego,CA,,,2022,2026
206,2464,Northern Arizona,Big Sky,2026,7715,5248277,Karl Poom,Karl,Poom,9.0,Forward,80.0,228.0,Tartu,EST,,,2026,2026
206,2464,Northern Arizona,Big Sky,2026,201075,5313241,Erez Poran,Erez,Poran,82.0,Guard,78.0,197.0,Tel Aviv,ISR,,,2026,2026
206,2464,Northern Arizona,Big Sky,2026,21357,5107304,Walker Timme,Walker,Timme,8.0,Forward,79.0,227.0,Richardson,TX,,,2026,2026
206,2464,Northern Arizona,Big Sky,2026,6413,5176783,Traivar Jackson,Traivar,Jackson,3.0,Forward,79.0,212.0,Anchorage,AK,,,2026,2026
206,2464,Northern Arizona,Big Sky,2026,1077,4896885,Isaiah Shaw,Isaiah,Shaw,24.0,Guard,80.0,200.0,Phoenix,AZ,,,2026,2026
206,2464,Northern Arizona,Big Sky,2026,2618,5243033,Kavon Bradford,Kavon,Bradford,22.0,Guard,73.0,180.0,Portland,OR,,,2026,2026
206,2464,Northern Arizona,Big Sky,2026,6509,5177696,Zack Davidson,Zack,Davidson,5.0,Forward,81.0,225.0,Mission Viejo,CA,,,2026,2026
206,2464,Northern Arizona,Big Sky,2026,201065,5313238,JT Amundsen,JT,Amundsen,0.0,Guard,68.0,160.0,Goodyear,AZ,,,2026,2026
206,2464,Northern Arizona,Big Sky,2026,201071,5313239,Chris Komin,Chris,Komin,2.0,Guard,75.0,160.0,Cypress,CA,,,2026,2026
206,2464,Northern Arizona,Big Sky,2026,4871,5176190,Arne Osojnik,Arne,Osojnik,44.0,Guard,78.0,200.0,Ljubljana,SLO,,,2026,2026
206,2464,Northern Arizona,Big Sky,2026,201073,5313240,Brennan Peterson,Brennan,Peterson,7.0,Guard,72.0,167.0,Scottsdale,AZ,,,2026,2026
80,331,Eastern Washington,Big Sky,2026,6685,5175374,Emmett Marquardt,Emmett,Marquardt,33.0,Forward,81.0,225.0,Seattle,WA,,,2024,2026
80,331,Eastern Washington,Big Sky,2026,6689,4906817,Andrew Cook,Andrew,Cook,9.0,Guard,76.0,220.0,Huntington Beach,CA,,,2025,2026
80,331,Eastern Washington,Big Sky,2026,6690,5241162,Angelo Winkel,Angelo,Winkel,0.0,Forward,80.0,225.0,Algona,IA,,,2025,2026
80,331,Eastern Washington,Big Sky,2026,6693,5107196,Shaumba Ngoyi,Shaumba,Ngoyi,35.0,Forward,81.0,225.0,Kinshasa,CGO,,,2025,2026
80,331,Eastern Washington,Big Sky,2026,6696,5241164,Elijah Thomas,Elijah,Thomas,5.0,Guard,78.0,195.0,Surprise,AZ,,,2025,2026
80,331,Eastern Washington,Big Sky,2026,199069,5313113,Alan Gballou,Alan,Gballou,55.0,Forward,79.0,255.0,Layton,UT,,,2026,2026
80,331,Eastern Washington,Big Sky,2026,199070,5313112,Alton Hamilton IV,Alton,Hamilton IV,13.0,Forward,80.0,235.0,Fontana,CA,,,2026,2026
80,331,Eastern Washington,Big Sky,2026,33178,4708534,Johnny Radford,Johnny,Radford,21.0,Guard,73.0,180.0,Hailey,ID,,,2026,2026
80,331,Eastern Washington,Big Sky,2026,199078,5313111,Straton Rogers,Straton,Rogers,12.0,Guard,77.0,205.0,Eagle,ID,,,2026,2026
80,331,Eastern Washington,Big Sky,2026,199079,5313110,Cole Scherer,Cole,Scherer,11.0,Guard,74.0,185.0,Littleton,CO,,,2026,2026
80,331,Eastern Washington,Big Sky,2026,3086,5176321,Kiree Huie,Kiree,Huie,15.0,Forward,81.0,245.0,Grayson,GA,,,2026,2026
80,331,Eastern Washington,Big Sky,2026,6557,5241269,Jojo Anderson,Jojo,Anderson,22.0,Guard,73.0,185.0,Spokane,WA,,,2026,2026
80,331,Eastern Washington,Big Sky,2026,7226,5176412,Isaiah Moses,Isaiah,Moses,2.0,Guard,72.0,190.0,Anchorage,AK,,,2026,2026
80,331,Eastern Washington,Big Sky,2026,6697,4684146,Tyler Powell,Tyler,Powell,1.0,Guard,77.0,210.0,Los Angeles,CA,,,2025,2026
80,331,Eastern Washington,Big Sky,2026,6699,5107191,Maddox Monson,Maddox,Monson,10.0,Guard,74.0,180.0,Los Alamitos,CA,,,2025,2026
231,2502,Portland State,Big Sky,2026,7309,4712656,Tre-Vaughn Minott,Tre-Vaughn,Minott,4.0,Center,82.0,245.0,Montreal,PQ,,,2024,2026
231,2502,Portland State,Big Sky,2026,7310,5175974,Jaylin Henderson,Jaylin,Henderson,5.0,Guard,75.0,175.0,Wichita,KS,,,2025,2026
231,2502,Portland State,Big Sky,2026,7313,5177095,Isaac Brice,Isaac,Brice,9.0,Forward,79.0,210.0,Picayune,MS,,,2025,2026
231,2502,Portland State,Big Sky,2026,7314,5175976,Terri Miller Jr.,Terri,Miller Jr.,23.0,Forward,80.0,250.0,Fresno,CA,,,2025,2026
231,2502,Portland State,Big Sky,2026,7316,5175677,Kelcy Phipps,Kelcy,Phipps,1.0,Guard,74.0,190.0,Carson,CA,,,2024,2026
231,2502,Portland State,Big Sky,2026,7319,5241305,Alex Dupre,Alex,Dupre,15.0,Guard,77.0,190.0,Los Angeles,CA,,,2025,2026
231,2502,Portland State,Big Sky,2026,7321,5241303,Sebastian Tidor,Sebastian,Tidor,6.0,Guard,77.0,195.0,Dallas,GA,,,2025,2026
231,2502,Portland State,Big Sky,2026,7654,4586322,Brycen Long,Brycen,Long,3.0,Guard,74.0,190.0,Gilbert,AZ,,,2026,2026
231,2502,Portland State,Big Sky,2026,4234,4838708,Charles Chukwu,Charles,Chukwu,7.0,Forward,81.0,240.0,Katy,TX,,,2026,2026
231,2502,Portland State,Big Sky,2026,1485,5241389,Mozae Downing-Rivers,Mozae,Downing-Rivers,2.0,Guard,78.0,215.0,Lawrence,KS,,,2026,2026
231,2502,Portland State,Big Sky,2026,8472,5176451,Keyon Kensie Jr.,Keyon,Kensie Jr.,0.0,Guard,80.0,200.0,Los Angeles,CA,,,2026,2026
231,2502,Portland State,Big Sky,2026,201483,5313266,Brayden Barron,Brayden,Barron,32.0,Forward,78.0,200.0,Gresham,OR,,,2026,2026
231,2502,Portland State,Big Sky,2026,201484,5313267,Matt Beatty,Matt,Beatty,35.0,Center,82.0,215.0,Portland,OR,,,2026,2026
231,2502,Portland State,Big Sky,2026,201494,5313264,Colt Ness,Colt,Ness,10.0,Guard,72.0,170.0,Tigard,OR,,,2026,2026
231,2502,Portland State,Big Sky,2026,8476,5241003,Kean Webb,Kean,Webb,13.0,Center,83.0,235.0,St. George,UT,,,2026,2026
231,2502,Portland State,Big Sky,2026,201499,5313265,Isaiah Williams,Isaiah,Williams,21.0,Guard,79.0,190.0,Oklahoma City,OK,,,2026,2026
231,2502,Portland State,Big Sky,2026,18971,5188809,Samuel Stewart IV,Samuel,Stewart IV,12.0,Guard,76.0,180.0,San Diego,CA,,,2026,2026
207,2458,Northern Colorado,Big Sky,2026,7123,5107858,Brock Wisne,Brock,Wisne,14.0,Forward,81.0,245.0,Thornton,CO,,,2023,2026
207,2458,Northern Colorado,Big Sky,2026,7126,4897944,Zach Bloch,Zach,Bloch,8.0,Guard,74.0,185.0,Lawrence,KS,,,2022,2026
207,2458,Northern Colorado,Big Sky,2026,7128,5176255,William Humer,William,Humer,21.0,Forward,82.0,235.0,Sollentuna,SWE,,,2025,2026
207,2458,Northern Colorado,Big Sky,2026,7130,5175417,Egan Shields,Egan,Shields,33.0,Center,82.0,250.0,Ashland,OR,,,2024,2026
207,2458,Northern Colorado,Big Sky,2026,7131,5176300,Quinn Denker,Quinn,Denker,35.0,Guard,75.0,190.0,San Jose,CA,,,2025,2026
207,2458,Northern Colorado,Big Sky,2026,7134,5241298,Walker Asp,Walker,Asp,0.0,Forward,80.0,160.0,Colorado Springs,CO,,,2025,2026
207,2458,Northern Colorado,Big Sky,2026,1843,5241653,Ring Nyeri,Ring,Nyeri,7.0,Forward,80.0,165.0,Peoria,AZ,,,2026,2026
207,2458,Northern Colorado,Big Sky,2026,4861,5107217,Chancellor White,Chancellor,White,11.0,Guard,78.0,185.0,Richmond,TX,,,2026,2026
207,2458,Northern Colorado,Big Sky,2026,8431,5176494,Vincent Delano,Vincent,Delano,1.0,Guard,74.0,175.0,Phoenix,AZ,,,2026,2026
207,2458,Northern Colorado,Big Sky,2026,3033,5107514,Ibu Yamazaki,Ibu,Yamazaki,54.0,Forward,79.0,215.0,Matsudo,JPN,,,2026,2026
207,2458,Northern Colorado,Big Sky,2026,201080,5313253,Tanner Braketa,Tanner,Braketa,10.0,Guard,73.0,,Arvada,CO,,,2026,2026
207,2458,Northern Colorado,Big Sky,2026,201084,5313254,Will Dixion III,Will,Dixion III,13.0,Guard,74.0,,Tucson,AZ,,,2026,2026
207,2458,Northern Colorado,Big Sky,2026,201085,5313251,Kaden Ericksen,Kaden,Ericksen,2.0,Guard,76.0,,Syracuse,UT,,,2026,2026
207,2458,Northern Colorado,Big Sky,2026,201089,5313252,Steven Ramirez Jr.,Steven,Ramirez Jr.,5.0,Guard,76.0,,Fort Worth,TX,,,2026,2026
207,2458,Northern Colorado,Big Sky,2026,7135,5241300,Hunter Caldwell,Hunter,Caldwell,4.0,Center,82.0,230.0,Parker,CO,,,2025,2026
207,2458,Northern Colorado,Big Sky,2026,7137,5241299,Ariik Mawien,Ariik,Mawien,3.0,Guard,76.0,175.0,Anoka,MN,,,2025,2026
249,16,Sacramento State,Big Sky,2026,7648,4711296,Brandon Gardner,Brandon,Gardner,0.0,Forward,80.0,215.0,Waynesboro,GA,,,2026,2026
249,16,Sacramento State,Big Sky,2026,5047,5175391,Arman Madi,Arman,Madi,23.0,Guard,78.0,205.0,Scottsdale,AZ,,,2026,2026
249,16,Sacramento State,Big Sky,2026,348,4683786,Mikey Williams,Mikey,Williams,1.0,Guard,75.0,193.0,San Diego,CA,,,2026,2026
249,16,Sacramento State,Big Sky,2026,390,4712865,Jeremiah Nyarko,Jeremiah,Nyarko,34.0,Forward,81.0,215.0,Accra,GHA,,,2026,2026
249,16,Sacramento State,Big Sky,2026,3908,5241384,Jahni Summers,Jahni,Summers,4.0,Guard,78.0,195.0,Evansville,IN,,,2026,2026
249,16,Sacramento State,Big Sky,2026,5129,5177722,Prophet Johnson,Prophet,Johnson,16.0,Guard,75.0,195.0,Dayton,OH,,,2026,2026
249,16,Sacramento State,Big Sky,2026,5656,4684156,Shaqir O'Neal,Shaqir,O'Neal,8.0,Forward,80.0,200.0,Los Angeles,CA,,,2026,2026
249,16,Sacramento State,Big Sky,2026,7351,5241260,Jeremiah Cherry,Jeremiah,Cherry,9.0,Forward,83.0,250.0,San Diego,CA,,,2026,2026
249,16,Sacramento State,Big Sky,2026,201732,5313275,Zach Anderson,Zach,Anderson,7.0,Guard,75.0,185.0,Scottsdale,AZ,,,2026,2026
249,16,Sacramento State,Big Sky,2026,201733,5313276,Isaiah Bronson,Isaiah,Bronson,13.0,Guard,74.0,180.0,Gilbert,AZ,,,2026,2026
249,16,Sacramento State,Big Sky,2026,201738,5313277,Mark Lavrenov,Mark,Lavrenov,32.0,Forward,80.0,220.0,Rocklin,CA,,,2026,2026
249,16,Sacramento State,Big Sky,2026,201742,5313274,Romari Robinson,Romari,Robinson,3.0,Guard,76.0,195.0,Miami,FL,,,2026,2026
249,16,Sacramento State,Big Sky,2026,6600,5174976,Jayden Teat,Jayden,Teat,5.0,Guard,74.0,180.0,Sacramento,CA,,,2026,2026
249,16,Sacramento State,Big Sky,2026,493,5240356,Taj Glover,Taj,Glover,2.0,Guard,75.0,190.0,Atlanta,GA,,,2026,2026
354,2737,Winthrop,Big South,2026,1391,5241760,Tommy Kamarad,Tommy,Kamarad,15.0,Forward,80.0,205.0,Buford,GA,,,2025,2026
354,2737,Winthrop,Big South,2026,1396,5176753,Tai Hamilton,Tai,Hamilton,21.0,Forward,82.0,200.0,Charlotte,NC,,,2025,2026
354,2737,Winthrop,Big South,2026,1399,5177682,Henry Harrison,Henry,Harrison,22.0,Guard,71.0,175.0,Lewisburg,PA,,,2024,2026
354,2737,Winthrop,Big South,2026,1401,5119172,Cam Christy,Cam,Christy,8.0,Guard,76.0,200.0,Walton,KY,,,2024,2026
354,2737,Winthrop,Big South,2026,1403,4700973,Isaiah Wilson,Isaiah,Wilson,1.0,Guard,73.0,180.0,Pittsburgh,PA,,,2023,2026
354,2737,Winthrop,Big South,2026,3434,4897458,Daylen Berry,Daylen,Berry,7.0,Guard,76.0,175.0,Raleigh,NC,,,2026,2026
354,2737,Winthrop,Big South,2026,2504,5239866,Josh Meo,Josh,Meo,3.0,Guard,76.0,195.0,Orlando,FL,,,2026,2026
354,2737,Winthrop,Big South,2026,5543,5105885,Kareem Rozier,Kareem,Rozier,2.0,Guard,69.0,160.0,Detroit,MI,,,2026,2026
354,2737,Winthrop,Big South,2026,297,5240416,Pharrell Boyogueno,Pharrell,Boyogueno,4.0,Guard,78.0,215.0,Greenville,SC,,,2026,2026
354,2737,Winthrop,Big South,2026,2611,5239884,Braylhan Thomas,Braylhan,Thomas,5.0,Guard,78.0,205.0,Atlanta,GA,,,2026,2026
354,2737,Winthrop,Big South,2026,6090,5239628,Seifeldin Hendawy,Seifeldin,Hendawy,25.0,Guard,80.0,200.0,Cairo,EGY,,,2026,2026
354,2737,Winthrop,Big South,2026,8474,4906515,Kody Clouet,Kody,Clouet,11.0,Guard,77.0,210.0,San Marcos,CA,,,2026,2026
354,2737,Winthrop,Big South,2026,6380,5107220,Ed Nnamoko,Ed,Nnamoko,23.0,Forward,82.0,230.0,Lagos,NGR,,,2026,2026
354,2737,Winthrop,Big South,2026,203441,5313545,Kaleb Evans,Kaleb,Evans,0.0,Guard,76.0,190.0,Lexington,SC,,,2026,2026
354,2737,Winthrop,Big South,2026,1405,4682856,Logan Duncomb,Logan,Duncomb,51.0,Center,82.0,230.0,Cincinnati,OH,,,2025,2026
239,2515,Radford,Big South,2026,3460,4873143,Del Jones,Del,Jones,10.0,Guard,75.0,187.0,Arlington,VA,,,2026,2026
239,2515,Radford,Big South,2026,2597,5174621,Tyson Brown,Tyson,Brown,21.0,Forward,81.0,225.0,Virginia Beach,VA,,,2026,2026
239,2515,Radford,Big South,2026,874,5108145,Louie Jordan,Louie,Jordan,6.0,Forward,81.0,220.0,Leicester,ENG,,,2026,2026
239,2515,Radford,Big South,2026,2863,4848630,Dennis Parker Jr.,Dennis,Parker Jr.,11.0,Guard,78.0,205.0,Richmond,VA,,,2026,2026
239,2515,Radford,Big South,2026,4173,5242992,Jaylon Johnson,Jaylon,Johnson,3.0,Guard,72.0,170.0,Houston,TX,,,2026,2026
239,2515,Radford,Big South,2026,201623,5313524,Diogo Alves,Diogo,Alves,31.0,Guard,74.0,,Tualatin,OR,,,2026,2026
239,2515,Radford,Big South,2026,201625,5313521,Frederik Erichsen,Frederik,Erichsen,7.0,Forward,81.0,,Copenhagen,DEN,,,2026,2026
239,2515,Radford,Big South,2026,201626,5313522,Gabriel Ferreira,Gabriel,Ferreira,12.0,Center,82.0,,Paulista,BRA,,,2026,2026
239,2515,Radford,Big South,2026,3894,4894453,Mari Jordan,Mari,Jordan,5.0,Guard,77.0,190.0,Atlanta,GA,,,2026,2026
239,2515,Radford,Big South,2026,201631,5313523,Warren Keel Jr.,Warren,Keel Jr.,30.0,Guard,72.0,,Lynn,MA,,,2026,2026
239,2515,Radford,Big South,2026,10280,5111589,Bradley Land,Bradley,Land,13.0,Forward,78.0,,Dallas,TX,,,2026,2026
239,2515,Radford,Big South,2026,8306,5105622,Brennan Rigsby Jr.,Brennan,Rigsby Jr.,4.0,Guard,75.0,185.0,De Beque,CO,,,2026,2026
239,2515,Radford,Big South,2026,3684,5176159,Lukas Walls,Lukas,Walls,24.0,Guard,77.0,203.0,Knoxville,TN,,,2026,2026
239,2515,Radford,Big South,2026,3038,4873191,Zion Walker,Zion,Walker,1.0,Guard,74.0,205.0,Burlington,NC,,,2025,2026
319,2427,UNC Asheville,Big South,2026,66,5176355,Toyaz Solomon,Toyaz,Solomon,0.0,Forward,81.0,210.0,Enfield,NC,,,2024,2026
319,2427,UNC Asheville,Big South,2026,71,4838724,Sage Tolentino,Sage,Tolentino,44.0,Forward,85.0,240.0,Kaneohe,HI,,,2025,2026
319,2427,UNC Asheville,Big South,2026,72,5241757,Julian Clarke,Julian,Clarke,1.0,Point Guard,73.0,170.0,Orlando,FL,,,2025,2026
319,2427,UNC Asheville,Big South,2026,73,5241756,Kameron Taylor,Kameron,Taylor,3.0,Guard,79.0,185.0,Charlotte,NC,,,2025,2026
319,2427,UNC Asheville,Big South,2026,74,5176357,Corey Jones,Corey,Jones,24.0,Guard,74.0,175.0,Wake Forest,NC,,,2024,2026
319,2427,UNC Asheville,Big South,2026,76,5174622,Connor Dubsky,Connor,Dubsky,7.0,Guard,76.0,195.0,Woodbridge,VA,,,2025,2026
319,2427,UNC Asheville,Big South,2026,80,5176358,Rasheed Baldwin,Rasheed,Baldwin,2.0,Guard,77.0,190.0,Charlotte,NC,,,2024,2026
319,2427,UNC Asheville,Big South,2026,81,4704109,Justin Wright,Justin,Wright,55.0,Guard,74.0,195.0,Greenville,NC,,,2025,2026
319,2427,UNC Asheville,Big South,2026,3445,4897129,DJ Patrick,DJ,Patrick,8.0,Guard,78.0,205.0,Powder Springs,GA,,,2026,2026
319,2427,UNC Asheville,Big South,2026,3935,5175057,Jakel Powell,Jakel,Powell,11.0,Guard,77.0,190.0,Raleigh,NC,,,2026,2026
319,2427,UNC Asheville,Big South,2026,6444,5241247,Daniel Thomas,Daniel,Thomas,13.0,Forward,80.0,225.0,Dallas,TX,,,2026,2026
319,2427,UNC Asheville,Big South,2026,1613,5179095,Mitchell Taylor,Mitchell,Taylor,12.0,Guard,75.0,188.0,Atlanta,GA,,,2026,2026
319,2427,UNC Asheville,Big South,2026,5232,5240406,David Hermes,David,Hermes,23.0,Forward,82.0,240.0,Stockholm,SWE,,,2026,2026
319,2427,UNC Asheville,Big South,2026,202897,5313543,Hugo Maton,Hugo,Maton,10.0,Guard,74.0,185.0,Lommel,BEL,,,2026,2026
319,2427,UNC Asheville,Big South,2026,202898,5313542,Myles Mayfield,Myles,Mayfield,5.0,Forward,80.0,200.0,Orlando,FL,,,2026,2026
319,2427,UNC Asheville,Big South,2026,202901,5313544,Brayden Rivers,Brayden,Rivers,14.0,Small Forward,79.0,200.0,Huntsville,AL,,,2026,2026
47,2127,Charleston Southern,Big South,2026,3431,5107670,Reis Jones,Reis,Jones,23.0,Forward,82.0,240.0,Fort Washington,MD,,,2025,2026
47,2127,Charleston Southern,Big South,2026,3441,5175655,Lase Olalere,Lase,Olalere,34.0,Forward,82.0,235.0,Charleston,SC,,,2024,2026
47,2127,Charleston Southern,Big South,2026,3442,5240411,Anthony Gause,Anthony,Gause,6.0,Guard,75.0,180.0,St. Louis,MO,,,2025,2026
47,2127,Charleston Southern,Big South,2026,3444,5106775,A'lahn Sumler,A'lahn,Sumler,1.0,Guard,76.0,200.0,Waterbury,CT,,,2024,2026
47,2127,Charleston Southern,Big South,2026,15242,5107223,Brycen Blaine,Brycen,Blaine,11.0,Guard,77.0,205.0,Richmond,VA,,,2026,2026
47,2127,Charleston Southern,Big South,2026,198589,5313447,Armari Carraway,Armari,Carraway,0.0,Guard,72.0,170.0,Fresno,CA,,,2026,2026
47,2127,Charleston Southern,Big South,2026,11209,5254986,Trent Coleman,Trent,Coleman,4.0,Athlete,79.0,210.0,Ridgeland,MS,,,2026,2026
47,2127,Charleston Southern,Big South,2026,198591,5313448,Jaquias Franklin,Jaquias,Franklin,2.0,Guard,73.0,180.0,Elizabethtown,KY,,,2026,2026
47,2127,Charleston Southern,Big South,2026,198593,5313451,AJ Gladieux,AJ,Gladieux,10.0,Guard,74.0,170.0,Holly Springs,NC,,,2026,2026
47,2127,Charleston Southern,Big South,2026,198595,5313452,Easton Hupp,Easton,Hupp,24.0,Guard,76.0,200.0,Fort Worth,TX,,,2026,2026
47,2127,Charleston Southern,Big South,2026,198600,5313449,Jacob Taylor,Jacob,Taylor,5.0,Guard,75.0,185.0,Marietta,GA,,,2026,2026
47,2127,Charleston Southern,Big South,2026,198601,5313450,Luke Williams,Luke,Williams,8.0,Guard,72.0,180.0,Olathe,KS,,,2026,2026
47,2127,Charleston Southern,Big South,2026,15782,5180701,Kaleb Lofton,Kaleb,Lofton,13.0,Guard,72.0,175.0,Savannah,GA,,,2026,2026
47,2127,Charleston Southern,Big South,2026,2598,5107230,Nate Brafford,Nate,Brafford,7.0,Forward,81.0,200.0,Waynesville,NC,,,2026,2026
47,2127,Charleston Southern,Big South,2026,5173,5243382,Jesse Hafemeister,Jesse,Hafemeister,12.0,Forward,77.0,200.0,Mendham,NJ,,,2026,2026
47,2127,Charleston Southern,Big South,2026,2750,5242928,Devin Brafford,Devin,Brafford,22.0,Center,85.0,200.0,Waynesville,NC,,,2026,2026
109,2272,High Point,Big South,2026,8120,4612709,Chase Johnston,Chase,Johnston,99.0,Guard,75.0,180.0,Boca Raton,FL,,,2025,2026
109,2272,High Point,Big South,2026,8122,5241595,Birgir Irving,Birgir,Irving,14.0,Forward,79.0,215.0,Gardabaer,ISL,,,2025,2026
109,2272,High Point,Big South,2026,8123,5241592,Braden Hausen,Braden,Hausen,15.0,Forward,79.0,213.0,Amarillo,TX,,,2025,2026
109,2272,High Point,Big South,2026,8125,5241591,David Fonville,David,Fonville,35.0,Guard,75.0,198.0,Jacksonville,FL,,,2025,2026
109,2272,High Point,Big South,2026,8127,5108710,Liam Carney,Liam,Carney,16.0,Guard,78.0,198.0,Minneapolis,MN,,,2023,2026
109,2272,High Point,Big South,2026,8130,5241594,Josh Ibukunoluwa,Josh,Ibukunoluwa,19.0,Forward,82.0,219.0,Perth,WA,,,2025,2026
109,2272,High Point,Big South,2026,8132,5241590,Terry Anderson,Terry,Anderson,5.0,Forward,78.0,202.0,Deer Park,TX,,,2025,2026
109,2272,High Point,Big South,2026,8134,5241597,Mavrick Miller,Mavrick,Miller,33.0,Guard,76.0,180.0,Memphis,TN,,,2025,2026
109,2272,High Point,Big South,2026,275,5174957,Conrad Martinez,Conrad,Martinez,9.0,Guard,72.0,175.0,Granollers,ESP,,,2026,2026
109,2272,High Point,Big South,2026,2808,4896852,Scotty Washington,Scotty,Washington,12.0,Guard,76.0,180.0,Los Angeles,CA,,,2026,2026
109,2272,High Point,Big South,2026,1840,4711705,Babacar Diallo,Babacar,Diallo,4.0,Guard,78.0,197.0,Dakar,SEN,,,2026,2026
109,2272,High Point,Big South,2026,4076,4432182,Cam'Ron Fletcher,Cam'Ron,Fletcher,11.0,Forward,79.0,220.0,St. Louis,MO,,,2026,2026
109,2272,High Point,Big South,2026,199552,5313504,Dorian Grosber,Dorian,Grosber,10.0,Guard,79.0,200.0,Luxembourg City,LUX,,,2026,2026
109,2272,High Point,Big South,2026,199557,5313505,Kasen Krueger,Kasen,Krueger,23.0,Guard,73.0,185.0,Alamo,CA,,,2026,2026
109,2272,High Point,Big South,2026,199560,5313503,Caden Miller,Caden,Miller,7.0,Forward,81.0,220.0,Cincinnati,OH,,,2026,2026
109,2272,High Point,Big South,2026,1090,5242131,Owen Aquino,Owen,Aquino,8.0,Forward,80.0,230.0,Madrid,ESP,,,2026,2026
109,2272,High Point,Big South,2026,1481,5106755,Vincent Brady II,Vincent,Brady II,2.0,Guard,75.0,195.0,Indianapolis,IN,,,2026,2026
109,2272,High Point,Big South,2026,4607,5107904,Rob Martin,Rob,Martin,3.0,Guard,70.0,170.0,St. Louis,MO,,,2026,2026
109,2272,High Point,Big South,2026,7798,5102797,Youssouf Singare,Youssouf,Singare,24.0,Center,82.0,230.0,Bamako,MLI,,,2026,2026
94,2241,Gardner-Webb,Big South,2026,290,5240419,Colin Hawkins,Colin,Hawkins,23.0,Guard,75.0,,Colorado Springs,CO,,,2025,2026
94,2241,Gardner-Webb,Big South,2026,291,5240417,Jacob Hudson,Jacob,Hudson,6.0,Guard,74.0,,Houston,TX,,,2025,2026
94,2241,Gardner-Webb,Big South,2026,296,5240418,Cameron Gales,Cameron,Gales,12.0,Guard,72.0,,Shelby,NC,,,2025,2026
94,2241,Gardner-Webb,Big South,2026,298,5175658,Paul Lindberg,Paul,Lindberg,9.0,Guard,76.0,195.0,Houston,TX,,,2024,2026
94,2241,Gardner-Webb,Big South,2026,299,5108113,Isaiah Hicks,Isaiah,Hicks,2.0,Guard,72.0,185.0,Shelby,NC,,,2023,2026
94,2241,Gardner-Webb,Big South,2026,199310,5313455,Julius Clark,Julius,Clark,3.0,Guard,79.0,,Tuscaloosa,AL,,,2026,2026
94,2241,Gardner-Webb,Big South,2026,199311,5313453,Jamias Ferere,Jamias,Ferere,0.0,Guard,78.0,,High Point,NC,,,2026,2026
94,2241,Gardner-Webb,Big South,2026,4040,4895353,DJ Jefferson,DJ,Jefferson,4.0,Guard,76.0,220.0,Richardson,TX,,,2026,2026
94,2241,Gardner-Webb,Big South,2026,199318,5313457,Ashton King,Ashton,King,8.0,Guard,75.0,,Raleigh,NC,,,2026,2026
94,2241,Gardner-Webb,Big South,2026,199320,5313459,Ahmadou Ndiaye,Ahmadou,Ndiaye,21.0,Guard,80.0,,Everett,MA,,,2026,2026
94,2241,Gardner-Webb,Big South,2026,199322,5313456,Riek Riek,Riek,Riek,7.0,Forward,81.0,,Rochester,MN,,,2026,2026
94,2241,Gardner-Webb,Big South,2026,199323,5313454,Spence Sims,Spence,Sims,1.0,Guard,73.0,,Fairhope,AL,,,2026,2026
94,2241,Gardner-Webb,Big South,2026,199325,5313458,Curtis Williams III,Curtis,Williams III,10.0,Guard,79.0,,Rancho Cucamonga,CA,,,2026,2026
94,2241,Gardner-Webb,Big South,2026,2903,5177284,Ace Talbert,Ace,Talbert,25.0,Guard,72.0,185.0,Wyandanch,NY,,,2026,2026
94,2241,Gardner-Webb,Big South,2026,3370,5241489,Jacob Hogarth,Jacob,Hogarth,5.0,Forward,81.0,210.0,Brooklyn,NY,,,2026,2026
94,2241,Gardner-Webb,Big South,2026,14122,5180944,NaVuan Peterson,NaVuan,Peterson,11.0,Forward,78.0,205.0,Orlando,FL,,,2026,2026
94,2241,Gardner-Webb,Big South,2026,11265,5113141,Bo Barber,Bo,Barber,,Guard,70.0,,Mountain Brook,AL,,,2026,2026
147,2344,Longwood,Big South,2026,4032,4684309,Elijah Tucker,Elijah,Tucker,77.0,Forward,80.0,232.0,Canton,GA,,,2024,2026
147,2344,Longwood,Big South,2026,4035,5175669,Jaylen Benard,Jaylen,Benard,24.0,Guard,74.0,207.0,Houston,TX,,,2024,2026
147,2344,Longwood,Big South,2026,4037,5175666,Johan Nziemi,Johan,Nziemi,0.0,Forward,78.0,227.0,Manhattan,NY,,,2024,2026
147,2344,Longwood,Big South,2026,4039,5175665,Emanuel Richards,Emanuel,Richards,4.0,Guard,76.0,212.0,Irmo,SC,,,2024,2026
147,2344,Longwood,Big South,2026,4041,4701156,KJ McClurg,KJ,McClurg,5.0,Guard,75.0,189.0,Morgantown,WV,,,2025,2026
147,2344,Longwood,Big South,2026,733,5176811,Elijah Jones,Elijah,Jones,23.0,Forward,79.0,207.0,South Holland,IL,,,2026,2026
147,2344,Longwood,Big South,2026,2579,5101649,Redd Thompson Jr.,Redd,Thompson Jr.,2.0,Guard,72.0,185.0,Richmond,VA,,,2026,2026
147,2344,Longwood,Big South,2026,200135,5313513,Quadri Bashiru,Quadri,Bashiru,35.0,Forward,82.0,220.0,Ibadan,NGR,,,2026,2026
147,2344,Longwood,Big South,2026,200138,5313510,Gerald Burr III,Gerald,Burr III,10.0,Guard,74.0,160.0,Richmond,VA,,,2026,2026
147,2344,Longwood,Big South,2026,200141,5313509,Isaiah Kalala,Isaiah,Kalala,8.0,Forward,81.0,220.0,Dallas,TX,,,2026,2026
147,2344,Longwood,Big South,2026,200142,5313508,Elijah Kelly,Elijah,Kelly,7.0,Guard,79.0,195.0,Radford,VA,,,2026,2026
147,2344,Longwood,Big South,2026,200145,5313511,Jaylin Payne,Jaylin,Payne,11.0,Forward,80.0,228.0,Landover,MD,,,2026,2026
147,2344,Longwood,Big South,2026,200149,5313512,Jerome Williams,Jerome,Williams,30.0,Guard,72.0,165.0,Minneapolis,MN,,,2026,2026
147,2344,Longwood,Big South,2026,3487,5106039,Alphonzo Billups III,Alphonzo,Billups III,3.0,Guard,79.0,180.0,Richmond,VA,,,2026,2026
147,2344,Longwood,Big South,2026,5177,4845378,Jacoi Hutchinson,Jacoi,Hutchinson,1.0,Guard,75.0,188.0,Laurel,MD,,,2026,2026
233,2506,Presbyterian,Big South,2026,5098,5107524,Jaylen Peterson,Jaylen,Peterson,42.0,Forward,80.0,200.0,Stone Mountain,GA,,,2023,2026
233,2506,Presbyterian,Big South,2026,5103,5175673,Jonah Pierce,Jonah,Pierce,15.0,Forward,82.0,235.0,Sanford,FL,,,2024,2026
233,2506,Presbyterian,Big South,2026,5104,5241602,Iverson King,Iverson,King,0.0,Guard,78.0,205.0,Winston-Salem,NC,,,2025,2026
233,2506,Presbyterian,Big South,2026,5105,5175672,Carl Parrish,Carl,Parrish,12.0,Guard,75.0,170.0,Miami Gardens,FL,,,2024,2026
233,2506,Presbyterian,Big South,2026,5107,5241605,Chidi Chiakwelu,Chidi,Chiakwelu,6.0,Forward,80.0,205.0,Houston,TX,,,2025,2026
233,2506,Presbyterian,Big South,2026,5108,5241606,Triston Wilson,Triston,Wilson,7.0,Guard,78.0,205.0,Miami,FL,,,2025,2026
233,2506,Presbyterian,Big South,2026,5109,5241604,Khalon Hudson,Khalon,Hudson,2.0,Guard,78.0,215.0,Augusta,GA,,,2025,2026
233,2506,Presbyterian,Big South,2026,5110,5241603,Luke Allison,Luke,Allison,1.0,Guard,72.0,170.0,Missoula,MT,,,2025,2026
233,2506,Presbyterian,Big South,2026,897,5241915,Josh Pickett,Josh,Pickett,4.0,Forward,77.0,210.0,Plainfield,IL,,,2026,2026
233,2506,Presbyterian,Big South,2026,201516,5313515,Amare Anderson,Amare,Anderson,10.0,Guard,73.0,180.0,Greer,SC,,,2026,2026
233,2506,Presbyterian,Big South,2026,201517,5313516,Augustine Ayelyine,Augustine,Ayelyine,13.0,Forward,82.0,210.0,Sunyani,GHA,,,2026,2026
233,2506,Presbyterian,Big South,2026,201518,5313514,JD Bowden,JD,Bowden,3.0,Guard,73.0,180.0,Charlotte,NC,,,2026,2026
233,2506,Presbyterian,Big South,2026,7052,5242608,Erik Taylor,Erik,Taylor,11.0,Guard,73.0,180.0,Orlando,FL,,,2026,2026
268,2908,South Carolina Upstate,Big South,2026,2838,5241748,Karmani Gregory,Karmani,Gregory,1.0,Guard,73.0,175.0,Palmetto,FL,,,2025,2026
268,2908,South Carolina Upstate,Big South,2026,2842,5241747,Nic Book,Nic,Book,8.0,Forward,80.0,216.0,Christchurch,NZL,,,2025,2026
268,2908,South Carolina Upstate,Big South,2026,2845,5241744,Isaiah Skinner,Isaiah,Skinner,2.0,Guard,77.0,191.0,Hemet,CA,,,2025,2026
268,2908,South Carolina Upstate,Big South,2026,2846,5183294,Carmelo Adkins,Carmelo,Adkins,4.0,Guard,76.0,185.0,Lubbock,TX,,,2025,2026
268,2908,South Carolina Upstate,Big South,2026,2847,5176345,CJ Rich,CJ,Rich,21.0,Guard,69.0,174.0,Columbia,SC,,,2024,2026
268,2908,South Carolina Upstate,Big South,2026,2850,5241749,Breylin Garcia,Breylin,Garcia,10.0,Forward,78.0,217.0,Romana,DOM,,,2025,2026
268,2908,South Carolina Upstate,Big South,2026,2840,5108759,Kanye Jones,Kanye,Jones,6.0,Guard,77.0,186.0,Orlando,FL,,,2025,2026
268,2908,South Carolina Upstate,Big South,2026,2841,4845362,Chico Johnson,Chico,Johnson,24.0,Guard,74.0,175.0,Toledo,OH,,,2025,2026
268,2908,South Carolina Upstate,Big South,2026,3020,5108806,Learic Davis,Learic,Davis,11.0,Guard,78.0,195.0,Milwaukee,WI,,,2026,2026
268,2908,South Carolina Upstate,Big South,2026,202073,5313530,Mason Bendinger,Mason,Bendinger,9.0,Guard,76.0,210.0,Salt Lake City,UT,,,2026,2026
268,2908,South Carolina Upstate,Big South,2026,202075,5313529,Coen Collier,Coen,Collier,7.0,Center,85.0,226.0,Holladay,UT,,,2026,2026
268,2908,South Carolina Upstate,Big South,2026,202081,5313528,TJ Lewis,TJ,Lewis,5.0,Guard,76.0,184.0,Blythewood,SC,,,2026,2026
268,2908,South Carolina Upstate,Big South,2026,202082,5313531,Jafeth Martinez,Jafeth,Martinez,12.0,Forward,81.0,238.0,Roatan,HON,,,2026,2026
268,2908,South Carolina Upstate,Big South,2026,202085,5313527,Tyler Smith,Tyler,Smith,0.0,Guard,72.0,152.0,Chicago,IL,,,2026,2026
236,2509,Purdue,Big Ten,2026,366,4897438,Trey Kaufman-Renn,Trey,Kaufman-Renn,4.0,Forward,81.0,240.0,Sellersburg,IN,,,2022,2026
236,2509,Purdue,Big Ten,2026,367,5144147,Daniel Jacobsen,Daniel,Jacobsen,12.0,Center,88.0,250.0,Chicago,IL,,,2025,2026
236,2509,Purdue,Big Ten,2026,368,5105854,Braden Smith,Braden,Smith,3.0,Guard,72.0,170.0,Westfield,IN,,,2023,2026
236,2509,Purdue,Big Ten,2026,369,5105853,Fletcher Loyer,Fletcher,Loyer,2.0,Guard,77.0,180.0,Fort Wayne,IN,,,2023,2026
236,2509,Purdue,Big Ten,2026,370,5101658,Gicarri Harris,Gicarri,Harris,24.0,Guard,75.0,210.0,Atlanta,GA,,,2025,2026
236,2509,Purdue,Big Ten,2026,372,5061582,Raleigh Burgess,Raleigh,Burgess,34.0,Forward,83.0,245.0,Cincinnati,OH,,,2025,2026
236,2509,Purdue,Big Ten,2026,375,5175591,C.J. Cox,C.J.,Cox,0.0,Guard,75.0,195.0,Lexington,MA,,,2025,2026
236,2509,Purdue,Big Ten,2026,378,5105856,Sam King,Sam,King,7.0,Forward,81.0,230.0,Columbus,IN,,,2023,2026
236,2509,Purdue,Big Ten,2026,3195,4702975,Liam Murphy,Liam,Murphy,5.0,Forward,80.0,225.0,Staten Island,NY,,,2026,2026
236,2509,Purdue,Big Ten,2026,1291,5174973,Oscar Cluff,Oscar,Cluff,45.0,Center,83.0,255.0,Sunshine Coast,QLD,,,2026,2026
236,2509,Purdue,Big Ten,2026,201569,5312035,Omer Mayer,Omer,Mayer,17.0,Guard,76.0,215.0,Tel Aviv,ISR,,,2026,2026
236,2509,Purdue,Big Ten,2026,201573,5144111,Antione West Jr,Antione,West Jr,1.0,Guard,75.0,195.0,Toledo,OH,,,2026,2026
236,2509,Purdue,Big Ten,2026,380,5239504,Jack Lusk,Jack,Lusk,9.0,Guard,76.0,195.0,Elkhorn,NE,,,2025,2026
236,2509,Purdue,Big Ten,2026,381,5239503,Aaron Fine,Aaron,Fine,6.0,Guard,74.0,190.0,Noblesville,IN,,,2025,2026
236,2509,Purdue,Big Ten,2026,382,5174804,Jace Rayl,Jace,Rayl,32.0,Guard,71.0,175.0,Kokomo,IN,,,2024,2026
236,2509,Purdue,Big Ten,2026,383,5102618,Jack Benter,Jack,Benter,14.0,Guard,78.0,215.0,Brownstown,IN,,,2025,2026
121,84,Indiana,Big Ten,2026,7848,5174783,Ian Stephens,Ian,Stephens,30.0,Guard,77.0,180.0,New Palestine,IN,,,2024,2026
121,84,Indiana,Big Ten,2026,7851,5113383,Jordan Rayford,Jordan,Rayford,14.0,Guard,77.0,210.0,Washington,DC,,,2024,2026
121,84,Indiana,Big Ten,2026,222,5174935,Nick Dorn,Nick,Dorn,7.0,Guard,79.0,225.0,Charlotte,NC,,,2026,2026
121,84,Indiana,Big Ten,2026,2331,5105865,Reed Bailey,Reed,Bailey,1.0,Forward,82.0,230.0,Harvard,MA,,,2026,2026
121,84,Indiana,Big Ten,2026,5389,4897451,Conor Enright,Conor,Enright,5.0,Guard,73.0,180.0,Mundelein,IL,,,2026,2026
121,84,Indiana,Big Ten,2026,1214,5106739,Jason Drake,Jason,Drake,2.0,Guard,73.0,200.0,Oak Park,MI,,,2026,2026
121,84,Indiana,Big Ten,2026,501,5107375,Sam Alexis,Sam,Alexis,4.0,Forward,81.0,240.0,Apopka,FL,,,2026,2026
121,84,Indiana,Big Ten,2026,3190,5239996,Josh Harris,Josh,Harris,10.0,Forward,80.0,225.0,Pembroke Pines,FL,,,2026,2026
121,84,Indiana,Big Ten,2026,199716,5311837,Andrej Acimovic,Andrej,Acimovic,15.0,Center,82.0,240.0,Bijeljina,BIH,,,2026,2026
121,84,Indiana,Big Ten,2026,199724,5311838,Tryce Grensing,Tryce,Grensing,18.0,Guard,72.0,175.0,Murfreesboro,TN,,,2026,2026
121,84,Indiana,Big Ten,2026,3192,5143601,Jasai Miles,Jasai,Miles,0.0,Guard,78.0,210.0,Miami,FL,,,2026,2026
121,84,Indiana,Big Ten,2026,199728,5311836,Aleksa Ristic,Aleksa,Ristic,13.0,Guard,75.0,200.0,Nis,SER,,,2026,2026
121,84,Indiana,Big Ten,2026,199729,5101827,Trent Sisley,Trent,Sisley,11.0,Forward,80.0,225.0,Santa Claus,IN,,,2026,2026
121,84,Indiana,Big Ten,2026,199730,5311839,Drew Snively,Drew,Snively,21.0,Guard,77.0,190.0,Zionsville,IN,,,2026,2026
121,84,Indiana,Big Ten,2026,2534,5176737,Tayton Conerway,Tayton,Conerway,6.0,Guard,75.0,190.0,Burleson,TX,,,2026,2026
121,84,Indiana,Big Ten,2026,3319,4837238,Tucker DeVries,Tucker,DeVries,12.0,Guard,79.0,225.0,Waukee,IA,,,2026,2026
121,84,Indiana,Big Ten,2026,7045,5105876,Lamar Wilkerson,Lamar,Wilkerson,3.0,Guard,78.0,205.0,Ashdown,AR,,,2026,2026
118,356,Illinois,Big Ten,2026,5639,5177736,Ben Humrichous,Ben,Humrichous,3.0,Forward,81.0,225.0,Tipton,IN,,,2025,2026
118,356,Illinois,Big Ten,2026,5640,5214642,Tomislav Ivisic,Tomislav,Ivisic,13.0,Center,85.0,255.0,Vodice,CRO,,,2025,2026
118,356,Illinois,Big Ten,2026,5643,4684269,Kylan Boswell,Kylan,Boswell,4.0,Guard,74.0,205.0,Champaign,IL,,,2025,2026
118,356,Illinois,Big Ten,2026,5644,5176150,Jake Davis,Jake,Davis,15.0,Forward,78.0,205.0,McCordsville,IN,,,2025,2026
118,356,Illinois,Big Ten,2026,5648,5121952,AJ Redd,AJ,Redd,5.0,Guard,75.0,170.0,Chicago,IL,,,2023,2026
118,356,Illinois,Big Ten,2026,5651,5173645,Jason Jakstys,Jason,Jakstys,31.0,Forward,82.0,210.0,Yorkville,IL,,,2025,2026
118,356,Illinois,Big Ten,2026,5652,5105792,Ty Rodgers,Ty,Rodgers,20.0,Guard,78.0,210.0,Saginaw,MI,,,2023,2026
118,356,Illinois,Big Ten,2026,7820,5174665,Zvonimir Ivisic,Zvonimir,Ivisic,44.0,Forward,86.0,245.0,Vodice,CRO,,,2026,2026
118,356,Illinois,Big Ten,2026,7384,5175007,Andrej Stojakovic,Andrej,Stojakovic,2.0,Guard,79.0,205.0,Carmichael,CA,,,2026,2026
118,356,Illinois,Big Ten,2026,199675,5311834,Blake Fagbemi,Blake,Fagbemi,8.0,Guard,72.0,160.0,Naperville,IL,,,2026,2026
118,356,Illinois,Big Ten,2026,199680,5311833,Brandon Lee,Brandon,Lee,1.0,Guard,76.0,180.0,San Juan,PUR,,,2026,2026
118,356,Illinois,Big Ten,2026,199681,5311832,David Mirkovic,David,Mirkovic,0.0,Forward,81.0,255.0,Niksic,MTG,,,2026,2026
118,356,Illinois,Big Ten,2026,199682,5311835,Mihailo Petrovic,Mihailo,Petrovic,77.0,Guard,75.0,180.0,Prokuplje,SER,,,2026,2026
118,356,Illinois,Big Ten,2026,199686,5254165,Keaton Wagler,Keaton,Wagler,23.0,Guard,78.0,180.0,Shawnee,KS,,,2026,2026
216,194,Ohio State,Big Ten,2026,420,5105837,Bruce Thornton,Bruce,Thornton,2.0,Guard,74.0,215.0,Fairburn,GA,,,2023,2026
216,194,Ohio State,Big Ten,2026,422,4895776,Devin Royal,Devin,Royal,21.0,Forward,78.0,220.0,Pickerington,OH,,,2024,2026
216,194,Ohio State,Big Ten,2026,425,5060708,John Mobley Jr.,John,Mobley Jr.,0.0,Guard,73.0,175.0,Reynoldsburg,OH,,,2025,2026
216,194,Ohio State,Big Ten,2026,427,5101675,Colin White,Colin,White,20.0,Forward,78.0,205.0,Ottawa,OH,,,2025,2026
216,194,Ohio State,Big Ten,2026,429,5239599,Ivan Njegovan,Ivan,Njegovan,7.0,Center,85.0,250.0,Otocac,CRO,,,2025,2026
216,194,Ohio State,Big Ten,2026,430,5239598,Braylen Nash,Braylen,Nash,55.0,Guard,76.0,180.0,New Albany,OH,,,2025,2026
216,194,Ohio State,Big Ten,2026,432,4685646,Taison Chatman,Taison,Chatman,3.0,Guard,76.0,175.0,Minneapolis,MN,,,2024,2026
216,194,Ohio State,Big Ten,2026,823,5109790,Christoph Tilly,Christoph,Tilly,13.0,Center,84.0,240.0,Berlin,GER,,,2026,2026
216,194,Ohio State,Big Ten,2026,7844,4845387,Gabe Cupps,Gabe,Cupps,4.0,Guard,74.0,180.0,Dayton,OH,,,2026,2026
216,194,Ohio State,Big Ten,2026,156,4894236,Josh Ojianwuna,Josh,Ojianwuna,17.0,Forward,82.0,230.0,Asaba,NGR,,,2026,2026
216,194,Ohio State,Big Ten,2026,547,4702994,Brandon Noel,Brandon,Noel,14.0,Forward,80.0,240.0,Lucasville,OH,,,2026,2026
216,194,Ohio State,Big Ten,2026,201240,5196946,Amare Bynum,Amare,Bynum,1.0,Forward,80.0,220.0,Omaha,NE,,,2026,2026
216,194,Ohio State,Big Ten,2026,201243,5290629,Mathieu Grujicic,Mathieu,Grujicic,9.0,Guard,78.0,205.0,Berlin,GER,,,2026,2026
216,194,Ohio State,Big Ten,2026,201244,5290626,Myles Herro,Myles,Herro,8.0,Guard,75.0,165.0,Milwaukee,WI,,,2026,2026
124,2294,Iowa,Big Ten,2026,5484,4873203,Cooper Koch,Cooper,Koch,8.0,Forward,80.0,220.0,Peoria,IL,,,2025,2026
124,2294,Iowa,Big Ten,2026,5488,5239551,Jacob Koch,Jacob,Koch,10.0,Guard,74.0,185.0,Iowa City,IA,,,2025,2026
124,2294,Iowa,Big Ten,2026,3600,5176280,Kael Combs,Kael,Combs,11.0,Guard,76.0,205.0,Nixa,MO,,,2026,2026
124,2294,Iowa,Big Ten,2026,3602,5241367,Joey Matteoni,Joey,Matteoni,44.0,Forward,81.0,220.0,Overland Park,KS,,,2026,2026
124,2294,Iowa,Big Ten,2026,3603,5241363,Tavion Banks,Tavion,Banks,6.0,Guard,79.0,215.0,Kansas City,MO,,,2026,2026
124,2294,Iowa,Big Ten,2026,7613,5105589,Brendan Hausen,Brendan,Hausen,15.0,Guard,76.0,220.0,Amarillo,TX,,,2026,2026
124,2294,Iowa,Big Ten,2026,199770,5311843,Trevin Jirak,Trevin,Jirak,27.0,Center,83.0,250.0,West Des Moines,IA,,,2026,2026
124,2294,Iowa,Big Ten,2026,199775,5311840,Peyton McCollum,Peyton,McCollum,5.0,Guard,74.0,180.0,Maryville,MO,,,2026,2026
124,2294,Iowa,Big Ten,2026,199776,5311842,Tate Sage,Tate,Sage,24.0,Guard,79.0,210.0,Weatherford,OK,,,2026,2026
124,2294,Iowa,Big Ten,2026,199778,5311841,Trey Thompson,Trey,Thompson,20.0,Forward,80.0,220.0,Greeneville,TN,,,2026,2026
124,2294,Iowa,Big Ten,2026,3302,5177211,Alvaro Folgueiras,Alvaro,Folgueiras,7.0,Forward,82.0,230.0,Malaga,ESP,,,2026,2026
124,2294,Iowa,Big Ten,2026,3594,5176283,Cam Manyawu,Cam,Manyawu,3.0,Forward,81.0,250.0,Kansas City,MO,,,2026,2026
124,2294,Iowa,Big Ten,2026,3596,5241364,Bennett Stirtz,Bennett,Stirtz,14.0,Guard,76.0,190.0,Liberty,MO,,,2026,2026
124,2294,Iowa,Big Ten,2026,3599,5241366,Isaia Howard,Isaia,Howard,23.0,Guard,77.0,215.0,Plattsburg,MO,,,2026,2026
355,275,Wisconsin,Big Ten,2026,5416,4895783,Nolan Winter,Nolan,Winter,31.0,Forward,84.0,235.0,Lakeville,MN,,,2024,2026
355,275,Wisconsin,Big Ten,2026,5418,5103630,John Blackwell,John,Blackwell,25.0,Guard,76.0,203.0,Bloomfield Hills,MI,,,2024,2026
355,275,Wisconsin,Big Ten,2026,5421,5239655,Riccardo Greppi,Riccardo,Greppi,18.0,Forward,82.0,255.0,Lecco,ITA,,,2025,2026
355,275,Wisconsin,Big Ten,2026,5422,5110430,Jack Robison,Jack,Robison,11.0,Forward,78.0,198.0,Lakeville,MN,,,2025,2026
355,275,Wisconsin,Big Ten,2026,5428,5174807,Jack Janicki,Jack,Janicki,5.0,Guard,77.0,200.0,White Bear Lake,MN,,,2024,2026
355,275,Wisconsin,Big Ten,2026,5429,5105863,Isaac Gard,Isaac,Gard,15.0,Guard,75.0,170.0,Oregon,WI,,,2023,2026
355,275,Wisconsin,Big Ten,2026,8192,5109019,Andrew Rohde,Andrew,Rohde,7.0,Guard,78.0,195.0,Brookfield,WI,,,2026,2026
355,275,Wisconsin,Big Ten,2026,8421,5240971,Austin Rapp,Austin,Rapp,22.0,Forward,82.0,238.0,Melbourne,VIC,,,2026,2026
355,275,Wisconsin,Big Ten,2026,4402,5105820,Braeden Carrington,Braeden,Carrington,0.0,Guard,77.0,197.0,Brooklyn Park,MN,,,2026,2026
355,275,Wisconsin,Big Ten,2026,8458,4702654,Nick Boyd,Nick,Boyd,2.0,Guard,75.0,177.0,Garnerville,NY,,,2026,2026
355,275,Wisconsin,Big Ten,2026,203451,5312048,Aleksas Bieliauskas,Aleksas,Bieliauskas,32.0,Forward,82.0,235.0,Kaunas,LTU,,,2026,2026
355,275,Wisconsin,Big Ten,2026,203456,5215270,Will Garlock,Will,Garlock,23.0,Forward,84.0,243.0,Middleton,WI,,,2026,2026
355,275,Wisconsin,Big Ten,2026,1132,5105894,Elijah Gray,Elijah,Gray,6.0,Forward,81.0,235.0,Charlotte,NC,,,2026,2026
355,275,Wisconsin,Big Ten,2026,203460,5252600,Hayden Jones,Hayden,Jones,13.0,Guard,78.0,198.0,Nelson,NZL,,,2026,2026
355,275,Wisconsin,Big Ten,2026,203461,5144103,Zach Kinziger,Zach,Kinziger,4.0,Guard,75.0,185.0,De Pere,WI,,,2026,2026
173,135,Minnesota,Big Ten,2026,8311,5144165,Isaac Asuma,Isaac,Asuma,1.0,Guard,75.0,205.0,Cherry,MN,,,2025,2026
173,135,Minnesota,Big Ten,2026,8313,5239570,Grayson Grove,Grayson,Grove,2.0,Forward,81.0,220.0,Alexandria,MN,,,2025,2026
173,135,Minnesota,Big Ten,2026,241,5107970,Cade Tyson,Cade,Tyson,10.0,Guard,79.0,195.0,Monroe,NC,,,2026,2026
173,135,Minnesota,Big Ten,2026,7388,5107285,BJ Omot,BJ,Omot,20.0,Forward,80.0,200.0,Mankato,MN,,,2026,2026
173,135,Minnesota,Big Ten,2026,6785,4894462,Jaylen Crocker-Johnson,Jaylen,Crocker-Johnson,5.0,Forward,80.0,240.0,San Antonio,TX,,,2026,2026
173,135,Minnesota,Big Ten,2026,2329,5174568,Bobby Durkin,Bobby,Durkin,3.0,Forward,79.0,220.0,Darien,IL,,,2026,2026
173,135,Minnesota,Big Ten,2026,3299,5105459,Chance Stephens,Chance,Stephens,13.0,Guard,75.0,185.0,Riverside,CA,,,2026,2026
173,135,Minnesota,Big Ten,2026,2500,5243095,Chansey Willis Jr.,Chansey,Willis Jr.,0.0,Guard,74.0,205.0,Detroit,MI,,,2026,2026
173,135,Minnesota,Big Ten,2026,200571,5311997,Maximus Gizzi,Maximus,Gizzi,11.0,Guard,73.0,185.0,New Palestine,IN,,,2026,2026
173,135,Minnesota,Big Ten,2026,200573,5311996,Max Lorenson,Max,Lorenson,8.0,Guard,74.0,175.0,Eden Prairie,MN,,,2026,2026
173,135,Minnesota,Big Ten,2026,200576,5254164,Kai Shinholster,Kai,Shinholster,9.0,Guard,77.0,175.0,Woolwich Township,NJ,,,2026,2026
173,135,Minnesota,Big Ten,2026,200577,5311998,RJ Spencer,RJ,Spencer,12.0,Guard,75.0,185.0,Blaine,MN,,,2026,2026
173,135,Minnesota,Big Ten,2026,7026,4897515,Robert Vaihola,Robert,Vaihola,22.0,Center,80.0,265.0,San Mateo,CA,,,2026,2026
173,135,Minnesota,Big Ten,2026,7125,5107857,Langston Reynolds,Langston,Reynolds,6.0,Guard,76.0,215.0,Denver,CO,,,2026,2026
173,135,Minnesota,Big Ten,2026,7661,5239776,Nehemiah Turner,Nehemiah,Turner,4.0,Forward,82.0,270.0,Auburndale,FL,,,2026,2026
170,130,Michigan,Big Ten,2026,5609,5105836,Roddy Gayle Jr.,Roddy,Gayle Jr.,11.0,Guard,77.0,210.0,Niagara Falls,NY,,,2025,2026
170,130,Michigan,Big Ten,2026,5611,4433138,Nimari Burnett,Nimari,Burnett,4.0,Guard,77.0,195.0,Chicago,IL,,,2024,2026
170,130,Michigan,Big Ten,2026,5612,5174787,Harrison Hochberg,Harrison,Hochberg,13.0,Forward,79.0,220.0,New York,NY,,,2024,2026
170,130,Michigan,Big Ten,2026,5613,4684596,Will Tschetter,Will,Tschetter,42.0,Forward,80.0,230.0,Stewartville,MN,,,2022,2026
170,130,Michigan,Big Ten,2026,5616,5239559,Howard Eisley Jr.,Howard,Eisley Jr.,7.0,Guard,72.0,200.0,New York,NY,,,2025,2026
170,130,Michigan,Big Ten,2026,5617,5214641,L.J. Cason,L.J.,Cason,2.0,Guard,74.0,195.0,Lakeland,FL,,,2025,2026
170,130,Michigan,Big Ten,2026,5618,5106648,Charlie May,Charlie,May,12.0,Guard,77.0,190.0,Boca Raton,FL,,,2025,2026
170,130,Michigan,Big Ten,2026,237,4869764,Elliot Cadeau,Elliot,Cadeau,3.0,Guard,73.0,180.0,West Orange,NJ,,,2026,2026
170,130,Michigan,Big Ten,2026,535,5174983,Aday Mara,Aday,Mara,15.0,Center,87.0,255.0,Zaragoza,ESP,,,2026,2026
170,130,Michigan,Big Ten,2026,200508,5244505,Oscar Goodman,Oscar,Goodman,5.0,Forward,79.0,235.0,Opunake,NZL,,,2026,2026
170,130,Michigan,Big Ten,2026,200509,5174808,Winters Grady,Winters,Grady,10.0,Guard,78.0,210.0,Tualatin,OR,,,2026,2026
170,130,Michigan,Big Ten,2026,200512,5311988,Malick Kordel,Malick,Kordel,32.0,Center,86.0,275.0,Oberhausen,GER,,,2026,2026
170,130,Michigan,Big Ten,2026,3951,5175737,Yaxel Lendeborg,Yaxel,Lendeborg,23.0,Forward,81.0,240.0,Pennsauken,NJ,,,2026,2026
170,130,Michigan,Big Ten,2026,200514,5311987,Ricky Liburd,Ricky,Liburd,0.0,Guard,76.0,190.0,Hollywood,FL,,,2026,2026
170,130,Michigan,Big Ten,2026,200517,5041954,Trey McKenney,Trey,McKenney,1.0,Guard,76.0,225.0,Flint,MI,,,2026,2026
170,130,Michigan,Big Ten,2026,5647,4873153,Morez Johnson Jr.,Morez,Johnson Jr.,21.0,Forward,81.0,250.0,Riverdale,IL,,,2026,2026
169,127,Michigan State,Big Ten,2026,2474,4711255,Jeremy Fears Jr.,Jeremy,Fears Jr.,1.0,Guard,74.0,190.0,Joliet,IL,,,2024,2026
169,127,Michigan State,Big Ten,2026,2476,5105815,Jaxon Kohler,Jaxon,Kohler,0.0,Forward,81.0,245.0,American Fork,UT,,,2023,2026
169,127,Michigan State,Big Ten,2026,2477,4872740,Coen Carr,Coen,Carr,55.0,Forward,78.0,225.0,Stockbridge,GA,,,2024,2026
169,127,Michigan State,Big Ten,2026,3926,4685668,Kaleb Glenn,Kaleb,Glenn,8.0,Forward,79.0,220.0,Louisville,KY,,,2026,2026
169,127,Michigan State,Big Ten,2026,3083,5060733,Divine Ugochukwu,Divine,Ugochukwu,99.0,Guard,75.0,190.0,Sugar Land,TX,,,2026,2026
169,127,Michigan State,Big Ten,2026,3675,4703411,Trey Fort,Trey,Fort,9.0,Guard,76.0,200.0,Florence,MS,,,2026,2026
169,127,Michigan State,Big Ten,2026,200529,5196931,Jordan Scott,Jordan,Scott,6.0,Forward,79.0,190.0,Reston,VA,,,2026,2026
169,127,Michigan State,Big Ten,2026,200534,5101798,Cam Ward,Cam,Ward,3.0,Forward,80.0,225.0,Upper Marlboro,MD,,,2026,2026
169,127,Michigan State,Big Ten,2026,16018,4610138,Denham Wojcik,Denham,Wojcik,10.0,Guard,74.0,190.0,Charleston,SC,,,2026,2026
169,127,Michigan State,Big Ten,2026,2478,5105817,Carson Cooper,Carson,Cooper,15.0,Center,83.0,245.0,Jackson,MI,,,2023,2026
169,127,Michigan State,Big Ten,2026,2480,5105818,Nick Sanders,Nick,Sanders,20.0,Guard,70.0,185.0,Franklin,MI,,,2023,2026
169,127,Michigan State,Big Ten,2026,2483,4873111,Kur Teng,Kur,Teng,2.0,Guard,76.0,190.0,Manchester,NH,,,2025,2026
169,127,Michigan State,Big Ten,2026,2484,5239564,Colin Walton,Colin,Walton,43.0,Forward,79.0,220.0,Okemos,MI,,,2025,2026
169,127,Michigan State,Big Ten,2026,2485,5239563,Brennan Walton,Brennan,Walton,40.0,Forward,79.0,220.0,Okemos,MI,,,2025,2026
169,127,Michigan State,Big Ten,2026,2486,5239562,Jesse McCulloch,Jesse,McCulloch,35.0,Forward,82.0,240.0,Cleveland,OH,,,2025,2026
212,77,Northwestern,Big Ten,2026,5450,5101650,K.J. Windham,K.J.,Windham,24.0,Guard,75.0,190.0,Indianapolis,IN,,,2025,2026
212,77,Northwestern,Big Ten,2026,5454,5105835,Gus Hurlburt,Gus,Hurlburt,54.0,Forward,81.0,210.0,Enderlin,ND,,,2023,2026
212,77,Northwestern,Big Ten,2026,5457,5239575,Angelo Ciaravino,Angelo,Ciaravino,44.0,Guard,78.0,195.0,Chicago,IL,,,2025,2026
212,77,Northwestern,Big Ten,2026,5458,5107289,Justin Mullins,Justin,Mullins,20.0,Guard,78.0,200.0,Oak Park,IL,,,2024,2026
212,77,Northwestern,Big Ten,2026,5459,5105834,Blake Smith,Blake,Smith,43.0,Guard,78.0,190.0,Blue Bell,PA,,,2023,2026
212,77,Northwestern,Big Ten,2026,5460,5093250,Jordan Clayton,Jordan,Clayton,11.0,Guard,74.0,185.0,Medford,MA,,,2024,2026
212,77,Northwestern,Big Ten,2026,5448,5105832,Nick Martinelli,Nick,Martinelli,2.0,Forward,79.0,225.0,Glenview,IL,,,2023,2026
212,77,Northwestern,Big Ten,2026,5404,5242943,Max Green,Max,Green,10.0,Guard,78.0,190.0,La Grange,KY,,,2026,2026
212,77,Northwestern,Big Ten,2026,470,5060696,Arrinten Page,Arrinten,Page,22.0,Forward,83.0,245.0,Atlanta,GA,,,2026,2026
212,77,Northwestern,Big Ten,2026,482,4895746,Jayden Reid,Jayden,Reid,4.0,Guard,70.0,160.0,Westbury,NY,,,2026,2026
212,77,Northwestern,Big Ten,2026,201166,5196943,Cade Bennerman,Cade,Bennerman,35.0,Forward,84.0,205.0,Nashville,TN,,,2026,2026
212,77,Northwestern,Big Ten,2026,201169,5254158,Phoenix Gill,Phoenix,Gill,13.0,Guard,74.0,185.0,Chicago,IL,,,2026,2026
212,77,Northwestern,Big Ten,2026,201172,5144141,Tyler Kropp,Tyler,Kropp,1.0,Forward,81.0,230.0,Powell,OH,,,2026,2026
212,77,Northwestern,Big Ten,2026,201177,5226071,Tre Singleton,Tre,Singleton,8.0,Forward,80.0,215.0,Jeffersonville,IN,,,2026,2026
212,77,Northwestern,Big Ten,2026,201179,5221322,Jake West,Jake,West,3.0,Guard,75.0,170.0,Philadelphia,PA,,,2026,2026
226,213,Penn State,Big Ten,2026,4126,5125192,Freddie Dilione V,Freddie,Dilione V,5.0,Guard,77.0,195.0,Fayetteville,NC,,,2025,2026
226,213,Penn State,Big Ten,2026,4132,5173445,Dominick Stewart,Dominick,Stewart,7.0,Guard,77.0,195.0,Ocean Springs,MS,,,2025,2026
226,213,Penn State,Big Ten,2026,4137,5093264,Eli Rice,Eli,Rice,11.0,Guard,80.0,230.0,Gallatin,TN,,,2025,2026
226,213,Penn State,Big Ten,2026,473,4838723,Josh Reed,Josh,Reed,10.0,Guard,80.0,230.0,Atlanta,GA,,,2026,2026
226,213,Penn State,Big Ten,2026,4489,5170078,Saša Ciani,Saša,Ciani,22.0,Forward,82.0,240.0,Nova Gorica,SLO,,,2026,2026
226,213,Penn State,Big Ten,2026,201404,4873144,Mason Blackwood,Mason,Blackwood,1.0,Forward,79.0,230.0,Rochester,NY,,,2026,2026
226,213,Penn State,Big Ten,2026,201407,5312027,Reggie Grodin,Reggie,Grodin,12.0,Guard,77.0,200.0,Larchmont,NY,,,2026,2026
226,213,Penn State,Big Ten,2026,201409,5217197,Justin Houser,Justin,Houser,21.0,Forward,84.0,235.0,Camp Hill,PA,,,2026,2026
226,213,Penn State,Big Ten,2026,201410,5312025,Ivan Juric,Ivan,Juric,3.0,Forward,84.0,250.0,Zagreb,CRO,,,2026,2026
226,213,Penn State,Big Ten,2026,201411,5312029,Chris Lotito,Chris,Lotito,30.0,Forward,79.0,215.0,Upper Saddle River,NJ,,,2026,2026
226,213,Penn State,Big Ten,2026,201412,5144108,Kayden Mingo,Kayden,Mingo,4.0,Guard,75.0,195.0,Farmingdale,NY,,,2026,2026
226,213,Penn State,Big Ten,2026,201413,5312028,Tibor Mirtic,Tibor,Mirtic,16.0,Forward,81.0,255.0,Ljubljana,SLO,,,2026,2026
226,213,Penn State,Big Ten,2026,201417,5312026,Melih Tunca,Melih,Tunca,9.0,Guard,77.0,195.0,Istanbul,TUR,,,2026,2026
160,120,Maryland,Big Ten,2026,3296,5181259,Lukas Sotell,Lukas,Sotell,30.0,Guard,75.0,180.0,Stamford,CT,,,2024,2026
160,120,Maryland,Big Ten,2026,8190,4870565,Elijah Saunders,Elijah,Saunders,13.0,Forward,80.0,240.0,Phoenix,AZ,,,2026,2026
160,120,Maryland,Big Ten,2026,59,5101661,Rakease Passmore,Rakease,Passmore,4.0,Guard,77.0,185.0,Palatka,FL,,,2026,2026
160,120,Maryland,Big Ten,2026,317,5105823,Pharrel Payne,Pharrel,Payne,21.0,Forward,81.0,250.0,Cottage Grove,MN,,,2026,2026
160,120,Maryland,Big Ten,2026,318,5105562,Solomon Washington,Solomon,Washington,9.0,Forward,79.0,220.0,New Orleans,LA,,,2026,2026
160,120,Maryland,Big Ten,2026,329,5144378,Andre Mills,Andre,Mills,7.0,Guard,76.0,205.0,Boston,MA,,,2026,2026
160,120,Maryland,Big Ten,2026,49,5108023,David Coit,David,Coit,8.0,Guard,71.0,175.0,Columbus,NJ,,,2026,2026
160,120,Maryland,Big Ten,2026,331,5037877,George Turkson Jr.,George,Turkson Jr.,11.0,Guard,79.0,220.0,Lowell,MA,,,2026,2026
160,120,Maryland,Big Ten,2026,200345,5311972,Darius Adams,Darius,Adams,1.0,Guard,77.0,175.0,Manchester,NJ,,,2026,2026
160,120,Maryland,Big Ten,2026,200346,5311975,Aleks Alston,Aleks,Alston,24.0,Forward,82.0,204.0,Chicago,IL,,,2026,2026
160,120,Maryland,Big Ten,2026,200347,5311976,Nick Blake,Nick,Blake,25.0,Guard,74.0,175.0,Orlando,FL,,,2026,2026
160,120,Maryland,Big Ten,2026,200349,5311974,Guillermo Del Pino,Guillermo,Del Pino,18.0,Guard,77.0,183.0,Cordoba,ESP,,,2026,2026
160,120,Maryland,Big Ten,2026,200350,5311973,Jaziah Harper,Jaziah,Harper,15.0,Guard,79.0,205.0,Oak Park,IL,,,2026,2026
160,120,Maryland,Big Ten,2026,3967,5106718,Collin Metcalf,Collin,Metcalf,45.0,Center,81.0,233.0,Nortof,GER,,,2026,2026
160,120,Maryland,Big Ten,2026,7329,5174970,Isaiah Watts,Isaiah,Watts,12.0,Guard,75.0,170.0,West Seattle,WA,,,2026,2026
160,120,Maryland,Big Ten,2026,7839,4709133,Myles Rice,Myles,Rice,2.0,Guard,75.0,185.0,Columbia,SC,,,2026,2026
188,158,Nebraska,Big Ten,2026,5576,5174982,Berke Buyuktuncel,Berke,Buyuktuncel,9.0,Forward,82.0,244.0,Bursa,TUR,,,2025,2026
188,158,Nebraska,Big Ten,2026,5582,5105861,Connor Essegian,Connor,Essegian,0.0,Guard,76.0,190.0,Fort Wayne,IN,,,2025,2026
188,158,Nebraska,Big Ten,2026,5583,4897432,Sam Hoiberg,Sam,Hoiberg,1.0,Guard,72.0,185.0,Lincoln,NE,,,2022,2026
188,158,Nebraska,Big Ten,2026,5587,5239571,Braden Frager,Braden,Frager,5.0,Forward,79.0,220.0,Lincoln,NE,,,2025,2026
188,158,Nebraska,Big Ten,2026,5586,5239573,Justin Bolis,Justin,Bolis,7.0,Forward,80.0,225.0,Lincoln,NE,,,2025,2026
188,158,Nebraska,Big Ten,2026,5588,5105828,Henry Burt,Henry,Burt,35.0,Forward,79.0,222.0,Omaha,NE,,,2023,2026
188,158,Nebraska,Big Ten,2026,5589,4592677,Rienk Mast,Rienk,Mast,51.0,Forward,82.0,250.0,Groningen,NED,,,2024,2026
188,158,Nebraska,Big Ten,2026,5590,5105827,Cale Jacobsen,Cale,Jacobsen,31.0,Guard,76.0,195.0,Ashland,NE,,,2023,2026
188,158,Nebraska,Big Ten,2026,8967,5248172,Will Cooper,Will,Cooper,6.0,Forward,78.0,210.0,Omaha,NE,,,2026,2026
188,158,Nebraska,Big Ten,2026,4903,5108721,Ugnius Jarusevicius,Ugnius,Jarusevicius,13.0,Forward,83.0,220.0,Alytus,LTU,,,2026,2026
188,158,Nebraska,Big Ten,2026,5148,5105825,Jamarques Lawrence,Jamarques,Lawrence,10.0,Guard,75.0,183.0,Plainfield,NJ,,,2026,2026
188,158,Nebraska,Big Ten,2026,5485,4858604,Pryce Sandfort,Pryce,Sandfort,21.0,Forward,79.0,215.0,Waukee,IA,,,2026,2026
188,158,Nebraska,Big Ten,2026,200794,5263670,Leo Curtis,Leo,Curtis,33.0,Forward,85.0,220.0,Reykjavik,ISL,,,2026,2026
188,158,Nebraska,Big Ten,2026,4412,4702740,Jared Garcia,Jared,Garcia,15.0,Forward,80.0,245.0,Houston,TX,,,2026,2026
188,158,Nebraska,Big Ten,2026,200804,5254162,Quentin Rhymes,Quentin,Rhymes,11.0,Guard,78.0,195.0,Las Vegas,NV,,,2026,2026
188,158,Nebraska,Big Ten,2026,6287,5109018,Kendall Blue,Kendall,Blue,2.0,Guard,78.0,195.0,Woodbury,MN,,,2026,2026
245,164,Rutgers,Big Ten,2026,7868,5174805,Emmanuel Ogbole,Emmanuel,Ogbole,21.0,Center,82.0,260.0,Benue,NGR,,,2024,2026
245,164,Rutgers,Big Ten,2026,7873,5061576,Dylan Grant,Dylan,Grant,9.0,Forward,80.0,220.0,Mississauga,AB,,,2025,2026
245,164,Rutgers,Big Ten,2026,7876,5142358,Jamichael Davis,Jamichael,Davis,1.0,Guard,74.0,180.0,Chattanooga,TN,,,2024,2026
245,164,Rutgers,Big Ten,2026,7879,5144387,Bryce Dortch,Bryce,Dortch,4.0,Forward,81.0,210.0,Somerville,MA,,,2025,2026
245,164,Rutgers,Big Ten,2026,7880,5239609,Max Fradkin,Max,Fradkin,24.0,Guard,71.0,170.0,Southbury,CT,,,2025,2026
245,164,Rutgers,Big Ten,2026,7619,4683770,Baye Fall,Baye,Fall,32.0,Guard,83.0,205.0,Dakar,SEN,,,2026,2026
245,164,Rutgers,Big Ten,2026,5176,5105402,Darren Buchanan Jr.,Darren,Buchanan Jr.,5.0,Forward,79.0,235.0,Washington,DC,,,2026,2026
245,164,Rutgers,Big Ten,2026,201717,5312037,Denis Badalau,Denis,Badalau,27.0,Forward,80.0,200.0,Giurgiu,ROM,,,2026,2026
245,164,Rutgers,Big Ten,2026,2440,5175809,Tariq Francis,Tariq,Francis,0.0,Guard,73.0,180.0,Pittsburgh,PA,,,2026,2026
245,164,Rutgers,Big Ten,2026,201725,5101811,Dorian Jones,Dorian,Jones,22.0,Guard,76.0,160.0,Cleveland,OH,,,2026,2026
245,164,Rutgers,Big Ten,2026,201726,5234749,Lino Mark,Lino,Mark,2.0,Guard,74.0,185.0,Los Angeles,CA,,,2026,2026
245,164,Rutgers,Big Ten,2026,201727,5081348,Chris Nwuli,Chris,Nwuli,11.0,Forward,80.0,205.0,North Las Vegas,NV,,,2026,2026
245,164,Rutgers,Big Ten,2026,201729,5248301,Kaden Powers,Kaden,Powers,3.0,Guard,76.0,195.0,Seattle,WA,,,2026,2026
245,164,Rutgers,Big Ten,2026,201730,5101841,Gevonte Ware,Gevonte,Ware,15.0,Center,81.0,255.0,Roosevelt,NY,,,2026,2026
245,164,Rutgers,Big Ten,2026,201731,5264730,Harun Zrno,Harun,Zrno,13.0,Guard,79.0,220.0,Sarajevo,BIH,,,2026,2026
223,2483,Oregon,Big Ten,2026,7239,4683769,Kwame Evans Jr.,Kwame,Evans Jr.,10.0,Forward,82.0,220.0,Baltimore,MD,,,2024,2026
223,2483,Oregon,Big Ten,2026,9387,5234300,Oleksandr Kobzystyi,Oleksandr,Kobzystyi,6.0,Forward,80.0,,Kremenchuk,UKR,,2003-05-23,2025,2026
223,2483,Oregon,Big Ten,2026,221,5174937,Takai Simpkins,Takai,Simpkins,5.0,Guard,76.0,184.0,Brooklyn,NY,,,2026,2026
223,2483,Oregon,Big Ten,2026,441,5152761,Devon Pryor,Devon,Pryor,22.0,Forward,79.0,185.0,Houston,TX,,,2026,2026
223,2483,Oregon,Big Ten,2026,40,4897769,Miles Stewart,Miles,Stewart,35.0,Forward,80.0,202.0,Windermere,FL,,,2026,2026
223,2483,Oregon,Big Ten,2026,201355,5312018,Ege Demir,Ege,Demir,16.0,Center,83.0,,Kaduna,NGR,,,2026,2026
223,2483,Oregon,Big Ten,2026,201357,5312016,JJ Frakes,JJ,Frakes,14.0,Guard,77.0,,Berrien Springs,MI,,,2026,2026
223,2483,Oregon,Big Ten,2026,201358,5312017,Rian Gonzales,Rian,Gonzales,15.0,Guard,75.0,,Albuquerque,NM,,,2026,2026
223,2483,Oregon,Big Ten,2026,201361,5312019,Wei Lin,Wei,Lin,23.0,Guard,76.0,,Xiamen,CHN,,,2026,2026
223,2483,Oregon,Big Ten,2026,417,4869739,Sean Stewart,Sean,Stewart,13.0,Forward,81.0,220.0,Windermere,FL,,,2026,2026
223,2483,Oregon,Big Ten,2026,201369,5312015,Efe Vatan,Efe,Vatan,0.0,Forward,82.0,,Istanbul,TUR,,,2026,2026
223,2483,Oregon,Big Ten,2026,7241,4432586,Nate Bittle,Nate,Bittle,32.0,Center,84.0,220.0,Central Point,OR,,,2022,2026
223,2483,Oregon,Big Ten,2026,7242,4845361,Jackson Shelstad,Jackson,Shelstad,3.0,Guard,73.0,170.0,West Linn,OR,,,2024,2026
223,2483,Oregon,Big Ten,2026,7248,5239600,Dezdrick Lindsay,Dezdrick,Lindsay,4.0,Forward,78.0,200.0,Louisville,KY,,,2025,2026
223,2483,Oregon,Big Ten,2026,7253,5176387,Drew Carter,Drew,Carter,12.0,Guard,75.0,200.0,Portland,OR,,,2025,2026
223,2483,Oregon,Big Ten,2026,7254,4869779,Jamari Phillips,Jamari,Phillips,24.0,Guard,76.0,190.0,Modesto,CA,,,2025,2026
223,2483,Oregon,Big Ten,2026,10416,5252351,Luke Johnson,Luke,Johnson,7.0,Forward,80.0,,Portland,OR,,,2025,2026
313,26,UCLA,Big Ten,2026,529,5105626,Tyler Bilodeau,Tyler,Bilodeau,34.0,Forward,81.0,235.0,Kennewick,WA,,,2025,2026
313,26,UCLA,Big Ten,2026,530,4610012,Eric Dailey Jr.,Eric,Dailey Jr.,3.0,Guard,80.0,230.0,Palmetto,FL,,,2025,2026
313,26,UCLA,Big Ten,2026,531,5105794,Skyy Clark,Skyy,Clark,55.0,Guard,75.0,210.0,Los Angeles,CA,,,2025,2026
313,26,UCLA,Big Ten,2026,536,5060706,Trent Perry,Trent,Perry,0.0,Guard,76.0,190.0,West Covina,CA,,,2025,2026
313,26,UCLA,Big Ten,2026,540,5105639,Evan Manjikian,Evan,Manjikian,21.0,Forward,80.0,235.0,Glendale,CA,,,2023,2026
313,26,UCLA,Big Ten,2026,542,5239622,Christian Horry,Christian,Horry,7.0,Guard,74.0,180.0,La Canada,CA,,,2025,2026
313,26,UCLA,Big Ten,2026,543,5174981,Brandon Williams,Brandon,Williams,5.0,Guard,79.0,230.0,Queens,NY,,,2024,2026
313,26,UCLA,Big Ten,2026,544,5149633,Eric Freeny,Eric,Freeny,8.0,Guard,76.0,215.0,Corona,CA,,,2025,2026
313,26,UCLA,Big Ten,2026,545,5105640,Jack Seidler,Jack,Seidler,30.0,Guard,76.0,215.0,Marlboro,NJ,,,2023,2026
313,26,UCLA,Big Ten,2026,6436,5107782,Donovan Dent,Donovan,Dent,2.0,Guard,74.0,185.0,Riverside,CA,,,2026,2026
313,26,UCLA,Big Ten,2026,2946,5243402,Anthony Peoples Jr.,Anthony,Peoples Jr.,23.0,Forward,81.0,230.0,Corona,CA,,,2026,2026
313,26,UCLA,Big Ten,2026,8471,5105417,Steven Jamerson II,Steven,Jamerson II,24.0,Center,82.0,230.0,Los Angeles,CA,,,2026,2026
313,26,UCLA,Big Ten,2026,1833,5177743,Jamar Brown,Jamar,Brown,4.0,Guard,77.0,200.0,Chandler,AZ,,,2026,2026
313,26,UCLA,Big Ten,2026,202753,5312038,Markell Alston,Markell,Alston,10.0,Guard,73.0,185.0,Queensbridge,NY,,,2026,2026
313,26,UCLA,Big Ten,2026,2472,4711304,Xavier Booker,Xavier,Booker,1.0,Forward,83.0,245.0,Indianapolis,IN,,,2026,2026
323,30,USC,Big Ten,2026,7098,4702236,Terrance Williams II,Terrance,Williams II,5.0,Forward,79.0,235.0,Clinton,MD,,,2025,2026
323,30,USC,Big Ten,2026,7099,5239636,Jonah Goorin,Jonah,Goorin,21.0,Guard,76.0,177.0,San Francisco,CA,,,2025,2026
323,30,USC,Big Ten,2026,11589,5254917,Brit Burden,Brit,Burden,22.0,Forward,79.0,210.0,Piedmont,CA,,,2025,2026
323,30,USC,Big Ten,2026,8194,4873219,Jacob Cofie,Jacob,Cofie,6.0,Forward,82.0,231.0,Seattle,WA,,,2026,2026
323,30,USC,Big Ten,2026,3300,4684634,Rodney Rice,Rodney,Rice,1.0,Guard,77.0,199.0,Clinton,MD,,,2026,2026
323,30,USC,Big Ten,2026,3677,5243241,Jaden Brownell,Jaden,Brownell,33.0,Forward,82.0,235.0,Sandy,UT,,,2026,2026
323,30,USC,Big Ten,2026,6585,5106051,Ezra Ausar,Ezra,Ausar,2.0,Forward,81.0,253.0,Atlanta,GA,,,2026,2026
323,30,USC,Big Ten,2026,9608,5177227,Gabe Dynes,Gabe,Dynes,45.0,Center,89.0,214.0,Independence,KY,,,2026,2026
323,30,USC,Big Ten,2026,68,5176755,Jordan Marsh,Jordan,Marsh,7.0,Guard,71.0,146.0,Monroe,NC,,,2026,2026
323,30,USC,Big Ten,2026,2712,4898190,Ryan Cornish,Ryan,Cornish,9.0,Guard,77.0,173.0,Potomac,MD,,,2026,2026
323,30,USC,Big Ten,2026,3309,5241689,Amarion Dickerson,Amarion,Dickerson,3.0,Guard,79.0,197.0,Cleveland,OH,,,2026,2026
323,30,USC,Big Ten,2026,7747,5176301,EJ Neal Jr.,EJ,Neal Jr.,12.0,Guard,77.0,200.0,San Francisco,CA,,,2026,2026
323,30,USC,Big Ten,2026,202954,5144495,Alijah Arenas,Alijah,Arenas,0.0,Guard,78.0,199.0,Woodland Hills,CA,,,2026,2026
323,30,USC,Big Ten,2026,32585,4700877,Chad Baker-Mazara,Chad,Baker-Mazara,4.0,Forward,79.0,172.0,Santo Domingo,DOM,,,2026,2026
323,30,USC,Big Ten,2026,202963,5101762,Jerry Easter II,Jerry,Easter II,8.0,Guard,77.0,193.0,Toledo,OH,,,2026,2026
323,30,USC,Big Ten,2026,202967,5312043,Patrick O'Brien,Patrick,O'Brien,18.0,Guard,77.0,204.0,San Diego,CA,,,2026,2026
343,264,Washington,Big Ten,2026,7776,4711400,Franck Kepnang,Franck,Kepnang,11.0,Center,83.0,253.0,Yaounde,CMR,,,2023,2026
343,264,Washington,Big Ten,2026,7783,5060705,Zoom Diallo,Zoom,Diallo,5.0,Guard,76.0,180.0,Tacoma,WA,,,2025,2026
343,264,Washington,Big Ten,2026,2792,4897465,Quimari Peterson,Quimari,Peterson,0.0,Guard,73.0,190.0,Gary,IN,,,2026,2026
343,264,Washington,Big Ten,2026,3108,5238164,Christian Nitu,Christian,Nitu,7.0,Forward,83.0,220.0,Whitby,ON,,,2026,2026
343,264,Washington,Big Ten,2026,7841,4873180,Bryson Tucker,Bryson,Tucker,8.0,Forward,79.0,207.0,Bowie,MD,,,2026,2026
343,264,Washington,Big Ten,2026,7095,4869737,Wesley Yates III,Wesley,Yates III,9.0,Guard,76.0,219.0,Beaumont,TX,,,2026,2026
343,264,Washington,Big Ten,2026,5526,4703983,Jacob Ognacevic,Jacob,Ognacevic,41.0,Forward,80.0,220.0,Sheboygan,WI,,,2026,2026
343,264,Washington,Big Ten,2026,7089,5105606,Desmond Claude,Desmond,Claude,1.0,Guard,78.0,201.0,New Haven,CT,,,2026,2026
343,264,Washington,Big Ten,2026,203270,5101766,JJ Mandaquit,JJ,Mandaquit,23.0,Guard,73.0,,Hilo,HI,,,2026,2026
343,264,Washington,Big Ten,2026,203271,5221320,Courtland Muldrew,Courtland,Muldrew,30.0,Guard,75.0,,Arlington,TX,,,2026,2026
343,264,Washington,Big Ten,2026,203276,5144117,Jasir Rencher,Jasir,Rencher,4.0,Forward,77.0,,Oakland,CA,,,2026,2026
343,264,Washington,Big Ten,2026,203277,5312047,BJ Roy,BJ,Roy,3.0,Guard,74.0,,Seattle,WA,,,2026,2026
343,264,Washington,Big Ten,2026,7874,5101689,Lathan Sommerville,Lathan,Sommerville,24.0,Center,82.0,275.0,Peoria,IL,,,2026,2026
343,264,Washington,Big Ten,2026,203279,5281370,Hannes Steinbach,Hannes,Steinbach,6.0,Forward,83.0,,Wurzburg,GER,,,2026,2026
343,264,Washington,Big Ten,2026,17332,5122917,Mady Traore,Mady,Traore,14.0,Forward,83.0,195.0,Paris,FRA,,,2026,2026
343,264,Washington,Big Ten,2026,216575,5328456,Nikola Dzepina,Nikola,Dzepina,33.0,Forward,82.0,,Belgrade,SER,,,2026,2026
145,299,Long Beach State,Big West,2026,7209,5106309,Derrick Michael Xzavierro,Derrick Michael,Xzavierro,1.0,Forward,82.0,235.0,Jakarta,INA,,,2025,2026
145,299,Long Beach State,Big West,2026,2816,5175808,JJ Chaikovsky,JJ,Chaikovsky,15.0,Forward,79.0,205.0,Manhattan Beach,CA,,,2026,2026
145,299,Long Beach State,Big West,2026,1809,5174936,Grant Gondrezick II,Grant,Gondrezick II,8.0,Guard,72.0,180.0,Benton Harbor,MI,,,2026,2026
145,299,Long Beach State,Big West,2026,3274,5177115,Shaquil Bender,Shaquil,Bender,2.0,Guard,74.0,185.0,Philadelphia,PA,,,2026,2026
145,299,Long Beach State,Big West,2026,7317,5108150,Cole Farrell,Cole,Farrell,10.0,Guard,77.0,205.0,St. Louis,MO,,,2026,2026
145,299,Long Beach State,Big West,2026,8465,4897531,Shay Johnson Jr.,Shay,Johnson Jr.,33.0,Forward,82.0,225.0,Oakland,CA,,,2026,2026
145,299,Long Beach State,Big West,2026,200105,5312978,Jayden Alexander,Jayden,Alexander,22.0,Guard,73.0,,Los Angeles,CA,,,2026,2026
145,299,Long Beach State,Big West,2026,200108,5312976,Rob Diaz III,Rob,Diaz III,0.0,Guard,74.0,,Long Beach,CA,,,2026,2026
145,299,Long Beach State,Big West,2026,200112,5312979,Christian Jones,Christian,Jones,24.0,Guard,76.0,,Los Angeles,CA,,,2026,2026
145,299,Long Beach State,Big West,2026,200113,5312977,Leopold Levillain,Leopold,Levillain,4.0,Forward,81.0,,Montpellier,FRA,,,2026,2026
145,299,Long Beach State,Big West,2026,4230,5242546,Isaiah Lewis,Isaiah,Lewis,12.0,Guard,75.0,165.0,Los Angeles,CA,,,2026,2026
145,299,Long Beach State,Big West,2026,200117,5196921,Gavin Sykes,Gavin,Sykes,11.0,Guard,76.0,,Sacramento,CA,,,2026,2026
145,299,Long Beach State,Big West,2026,200118,5101834,Dallas Washington,Dallas,Washington,3.0,Forward,82.0,,Redwood City,CA,,,2026,2026
145,299,Long Beach State,Big West,2026,3354,5238187,Petar Majstorovic,Petar,Majstorovic,6.0,Forward,80.0,215.0,Sombor,SER,,,2026,2026
145,299,Long Beach State,Big West,2026,10639,5253392,Immanuel Lewis,Immanuel,Lewis,14.0,Athlete,75.0,,Los Angeles,CA,,,2026,2026
308,300,UC Irvine,Big West,2026,7295,4702629,Andre Henry,Andre,Henry,4.0,Guard,76.0,190.0,La Canada Flintridge,CA,,,2021,2026
308,300,UC Irvine,Big West,2026,7297,5107567,Kyle Evans,Kyle,Evans,14.0,Forward,82.0,210.0,Aliso Viejo,CA,,,2025,2026
308,300,UC Irvine,Big West,2026,7298,5107163,Elijah Chol,Elijah,Chol,3.0,Forward,84.0,195.0,Cumming,GA,,,2023,2026
308,300,UC Irvine,Big West,2026,7299,5241932,Tishan Ahir,Tishan,Ahir,27.0,Guard,72.0,150.0,La Canada Flintridge,CA,,,2025,2026
308,300,UC Irvine,Big West,2026,7301,5241929,Torian Lee,Torian,Lee,1.0,Guard,72.0,165.0,Surrey,BC,,,2025,2026
308,300,UC Irvine,Big West,2026,7302,5176396,Ben Egbo,Ben,Egbo,5.0,Guard,76.0,205.0,Gilbert,AZ,,,2024,2026
308,300,UC Irvine,Big West,2026,7303,4897677,Langston Redfield,Langston,Redfield,21.0,Guard,76.0,205.0,Mission Viejo,CA,,,2022,2026
308,300,UC Irvine,Big West,2026,7304,4711267,Jurian Dixon,Jurian,Dixon,24.0,Guard,76.0,195.0,San Diego,CA,,,2024,2026
308,300,UC Irvine,Big West,2026,7306,4897678,Akiva McBirney-Griffin,Akiva,McBirney-Griffin,43.0,Forward,81.0,225.0,Hamilton,NZL,,,2022,2026
308,300,UC Irvine,Big West,2026,7307,5241931,Jovan Jester Jr.,Jovan,Jester Jr.,9.0,Guard,76.0,195.0,Pasadena,CA,,,2025,2026
308,300,UC Irvine,Big West,2026,6709,5105615,Harrison Carrington,Harrison,Carrington,2.0,Guard,79.0,207.0,Menlo Park,CA,,,2026,2026
308,300,UC Irvine,Big West,2026,917,5176395,Derin Saran,Derin,Saran,13.0,Guard,77.0,190.0,Istanbul,TUR,,,2026,2026
308,300,UC Irvine,Big West,2026,202740,5254329,Nes Emeneke,Nes,Emeneke,23.0,Forward,82.0,225.0,Yaounde,CMR,,,2026,2026
308,300,UC Irvine,Big West,2026,202742,5254330,Bryce Goldman,Bryce,Goldman,0.0,Guard,78.0,200.0,Tarzana,CA,,,2026,2026
308,300,UC Irvine,Big West,2026,202744,5313010,Mason Hodges,Mason,Hodges,55.0,Forward,79.0,215.0,San Juan Capistrano,CA,,,2026,2026
308,300,UC Irvine,Big West,2026,202745,5313007,Tama Isaac,Tama,Isaac,6.0,Guard,74.0,207.0,Christchurch,NZL,,,2026,2026
308,300,UC Irvine,Big West,2026,202746,5313009,Luke Isaak,Luke,Isaak,8.0,Guard,75.0,190.0,Alamo,CA,,,2026,2026
308,300,UC Irvine,Big West,2026,202750,5313008,Joshua Palmer,Joshua,Palmer,7.0,Guard,76.0,160.0,Carson,CA,,,2026,2026
37,2239,Cal State Fullerton,Big West,2026,6389,5175763,Kendrick De Luna,Kendrick,De Luna,24.0,Forward,82.0,230.0,San Antonio,TX,,,2024,2026
37,2239,Cal State Fullerton,Big West,2026,6401,5241870,Kidus Tilahun,Kidus,Tilahun,21.0,Guard,73.0,180.0,Los Angeles,CA,,,2025,2026
37,2239,Cal State Fullerton,Big West,2026,198457,5144135,Bryce Cofield,Bryce,Cofield,12.0,Guard,78.0,210.0,Chatsworth,CA,,,2026,2026
37,2239,Cal State Fullerton,Big West,2026,198460,5312312,KJ Garris,KJ,Garris,2.0,Guard,77.0,200.0,Atlanta,GA,,,2026,2026
37,2239,Cal State Fullerton,Big West,2026,31784,4706262,Jaden Henderson,Jaden,Henderson,32.0,Guard,75.0,197.0,Sacramento,CA,,,2026,2026
37,2239,Cal State Fullerton,Big West,2026,198462,5312318,Nicholas Khatchikian,Nicholas,Khatchikian,15.0,Guard,74.0,170.0,Pasadena,CA,,,2026,2026
37,2239,Cal State Fullerton,Big West,2026,198463,5312316,Karan Kolappa,Karan,Kolappa,10.0,Guard,75.0,190.0,Santa Clara,CA,,,2026,2026
37,2239,Cal State Fullerton,Big West,2026,198465,5312319,Matthew Quinlan,Matthew,Quinlan,22.0,Guard,72.0,170.0,Phoenix,AZ,,,2026,2026
37,2239,Cal State Fullerton,Big West,2026,9713,4910887,Landon Seaman,Landon,Seaman,99.0,Forward,80.0,220.0,Vacaville,CA,,,2026,2026
37,2239,Cal State Fullerton,Big West,2026,198467,5312317,Cam Smith,Cam,Smith,11.0,Guard,79.0,185.0,Houston,TX,,,2026,2026
37,2239,Cal State Fullerton,Big West,2026,198470,5312314,Yesan Warren,Yesan,Warren,5.0,Guard,73.0,185.0,Capitol Heights,MD,,,2026,2026
37,2239,Cal State Fullerton,Big West,2026,198471,5312311,Davis White,Davis,White,1.0,Guard,77.0,210.0,Santa Clarita,CA,,,2026,2026
37,2239,Cal State Fullerton,Big West,2026,198472,5312315,Christian Williams,Christian,Williams,7.0,Guard,72.0,185.0,St. Louis,MO,,,2026,2026
37,2239,Cal State Fullerton,Big West,2026,198473,5312320,Ben Winker,Ben,Winker,33.0,Guard,82.0,230.0,St. Louis,MO,,,2026,2026
37,2239,Cal State Fullerton,Big West,2026,7755,5175404,Bailey Nunn,Bailey,Nunn,8.0,Guard,72.0,175.0,Melbourne,VIC,,,2026,2026
37,2239,Cal State Fullerton,Big West,2026,1075,5176246,Jefferson De La Cruz Monegro,Jefferson,De La Cruz Monegro,13.0,Guard,75.0,205.0,Lasalle,ON,,,2026,2026
37,2239,Cal State Fullerton,Big West,2026,16734,5180837,Joshua Ward,Joshua,Ward,3.0,Guard,73.0,185.0,Memphis,TN,,,2026,2026
35,13,Cal Poly,Big West,2026,7688,5242266,Kieran Elliott,Kieran,Elliott,4.0,Guard,78.0,215.0,Lubbock,TX,,,2025,2026
35,13,Cal Poly,Big West,2026,7695,5242268,Peter Bandelj,Peter,Bandelj,9.0,Guard,76.0,210.0,Ljubljana,SLO,,,2025,2026
35,13,Cal Poly,Big West,2026,7696,5242267,Guzman Vasilic,Guzman,Vasilic,5.0,Guard,76.0,200.0,Montevideo,URU,,,2025,2026
35,13,Cal Poly,Big West,2026,7697,5105648,Luka Tarlac,Luka,Tarlac,21.0,Guard,79.0,220.0,Belgrade,SER,,,2025,2026
35,13,Cal Poly,Big West,2026,7699,5201356,Eric Brown,Eric,Brown,22.0,Forward,80.0,225.0,Los Gatos,CA,,,2024,2026
35,13,Cal Poly,Big West,2026,7700,5107280,Aaron Price Jr.,Aaron,Price Jr.,15.0,Forward,80.0,225.0,Las Vegas,NV,,,2023,2026
35,13,Cal Poly,Big West,2026,7701,5242269,Cayden Ward,Cayden,Ward,14.0,Guard,77.0,185.0,Stockton,CA,,,2025,2026
35,13,Cal Poly,Big West,2026,7702,5175173,Jackson Mosley,Jackson,Mosley,8.0,Guard,70.0,170.0,La Canada,CA,,,2024,2026
35,13,Cal Poly,Big West,2026,198427,5312010,Ali Assran,Ali,Assran,7.0,Forward,81.0,210.0,Cairo,EGY,,,2026,2026
35,13,Cal Poly,Big West,2026,198430,5312009,Jake Davis,Jake,Davis,3.0,Guard,76.0,175.0,Walnut Creek,CA,,,2026,2026
35,13,Cal Poly,Big West,2026,198432,5312007,Jess Esso Essis,Jess,Esso Essis,1.0,Guard,82.0,210.0,Le Mans,FRA,,,2026,2026
35,13,Cal Poly,Big West,2026,198433,5312008,Braden Freeman,Braden,Freeman,2.0,Forward,78.0,200.0,Moline,IL,,,2026,2026
35,13,Cal Poly,Big West,2026,198434,5312011,Austin Goode,Austin,Goode,11.0,Forward,79.0,200.0,Brampton,ON,,,2026,2026
35,13,Cal Poly,Big West,2026,198437,5312012,Troy Plumtree,Troy,Plumtree,13.0,Forward,78.0,215.0,Wellington,NZL,,,2026,2026
35,13,Cal Poly,Big West,2026,198439,5312006,Jason Scott,Jason,Scott,0.0,Guard,76.0,190.0,Houston,TX,,,2026,2026
35,13,Cal Poly,Big West,2026,2927,5239525,Hamad Mousa,Hamad,Mousa,10.0,Guard,80.0,200.0,Doha,QAT,,,2026,2026
38,2463,Cal State Northridge,Big West,2026,2807,5117707,Grady Lewis,Grady,Lewis,21.0,Forward,81.0,225.0,Phoenix,AZ,,,2025,2026
38,2463,Cal State Northridge,Big West,2026,2810,5175787,Mahmoud Fofana,Mahmoud,Fofana,11.0,Forward,78.0,195.0,San Jose,CA,,,2024,2026
38,2463,Cal State Northridge,Big West,2026,2814,5241877,Jalen Barbee,Jalen,Barbee,3.0,Guard,78.0,205.0,Tacoma,WA,,,2025,2026
38,2463,Cal State Northridge,Big West,2026,2818,5241881,Greg Gazarian,Greg,Gazarian,24.0,Guard,72.0,175.0,La Canada Flintridge,CA,,,2025,2026
38,2463,Cal State Northridge,Big West,2026,2819,5241880,Robert Thibiant,Robert,Thibiant,20.0,Guard,74.0,185.0,Chatsworth,CA,,,2025,2026
38,2463,Cal State Northridge,Big West,2026,2821,5241876,Joseph Barrio,Joseph,Barrio,6.0,Guard,73.0,180.0,Hermosa Beach,CA,,,2025,2026
38,2463,Cal State Northridge,Big West,2026,2822,4432899,Jordan Brinson,Jordan,Brinson,23.0,Guard,74.0,170.0,Inglewood,CA,,,2024,2026
38,2463,Cal State Northridge,Big West,2026,198478,5312433,Jai Chisolm,Jai,Chisolm,15.0,Guard,75.0,190.0,Summerville,SC,,,2026,2026
38,2463,Cal State Northridge,Big West,2026,198479,5312432,Omer Dahan,Omer,Dahan,14.0,Guard,72.0,165.0,Los Angeles,CA,,,2026,2026
38,2463,Cal State Northridge,Big West,2026,812,5105981,Larry Hughes II,Larry,Hughes II,2.0,Guard,76.0,185.0,St. Louis,MO,,,2026,2026
38,2463,Cal State Northridge,Big West,2026,198486,5312429,Davius Loury,Davius,Loury,1.0,Forward,79.0,205.0,Chicago,IL,,,2026,2026
38,2463,Cal State Northridge,Big West,2026,4892,4684167,Joshua O'Garro,Joshua,O'Garro,7.0,Guard,78.0,175.0,George Town,CAY,,,2026,2026
38,2463,Cal State Northridge,Big West,2026,198488,5312431,Max Rehl,Max,Rehl,8.0,Guard,78.0,200.0,Phoenix,AZ,,,2026,2026
38,2463,Cal State Northridge,Big West,2026,5118,5105528,Aleks Szymczyk,Aleks,Szymczyk,13.0,Forward,82.0,250.0,Frankfurt,GER,,,2026,2026
38,2463,Cal State Northridge,Big West,2026,6441,5107783,Quinton Webb,Quinton,Webb,,Guard,78.0,205.0,San Bernardino,CA,,,2026,2026
38,2463,Cal State Northridge,Big West,2026,1467,5106291,Josiah Davis,Josiah,Davis,4.0,Guard,75.0,195.0,Kitchener,ON,,,2026,2026
38,2463,Cal State Northridge,Big West,2026,7366,5241257,James Evans Jr.,James,Evans Jr.,5.0,Guard,78.0,205.0,Wichita,KS,,,2026,2026
309,27,UC Riverside,Big West,2026,7236,5241955,Tyler Jones,Tyler,Jones,0.0,Guard,74.0,,Morgan Hill,CA,,,2025,2026
309,27,UC Riverside,Big West,2026,7238,5174801,Parker Strauss,Parker,Strauss,7.0,Guard,76.0,180.0,Costa Mesa,CA,,,2025,2026
309,27,UC Riverside,Big West,2026,2502,5175663,Denzel Hines,Denzel,Hines,22.0,Forward,78.0,210.0,Fontana,CA,,,2026,2026
309,27,UC Riverside,Big West,2026,2894,5174613,Marqui Worthy Jr.,Marqui,Worthy Jr.,10.0,Guard,76.0,216.0,Anaheim,CA,,,2026,2026
309,27,UC Riverside,Big West,2026,8923,5241291,BJ Kolly,BJ,Kolly,8.0,Forward,82.0,225.0,Everett,WA,,,2026,2026
309,27,UC Riverside,Big West,2026,492,5175833,Daniel Tobiloba,Daniel,Tobiloba,34.0,Center,84.0,238.0,Lagos,NGR,,,2026,2026
309,27,UC Riverside,Big West,2026,250,5241460,Dylan Godfrey,Dylan,Godfrey,23.0,Forward,80.0,205.0,Newport Beach,CA,,,2026,2026
309,27,UC Riverside,Big West,2026,4441,4858609,Osiris Grady,Osiris,Grady,9.0,Forward,81.0,215.0,Las Vegas,NV,,,2026,2026
309,27,UC Riverside,Big West,2026,6987,5180714,Jailen Daniel-Dalton,Jailen,Daniel-Dalton,44.0,Forward,78.0,220.0,Henderson,NV,,,2026,2026
309,27,UC Riverside,Big West,2026,202789,5313037,Gavin Haase,Gavin,Haase,35.0,Guard,72.0,,Palo Alto,CA,,,2026,2026
309,27,UC Riverside,Big West,2026,202794,5313036,Amaury McKinney,Amaury,McKinney,32.0,Forward,78.0,,Sacramento,CA,,,2026,2026
309,27,UC Riverside,Big West,2026,202795,5313033,De'Undrae Perteete Jr.,De'Undrae,Perteete Jr.,1.0,Guard,77.0,,Antioch,CA,,,2026,2026
309,27,UC Riverside,Big West,2026,202798,5313035,Ben Waller,Ben,Waller,13.0,Guard,78.0,,Traralgon,VIC,,,2026,2026
309,27,UC Riverside,Big West,2026,17154,5181503,Andrew Henderson,Andrew,Henderson,12.0,Shooting Guard,77.0,210.0,Los Angeles,CA,,,2026,2026
309,27,UC Riverside,Big West,2026,211995,5313034,EJ Spillman,EJ,Spillman,2.0,Guard,76.0,,Long Beach,CA,,,2026,2026
307,302,UC Davis,Big West,2026,7759,4702596,Niko Rocak,Niko,Rocak,7.0,Forward,81.0,230.0,Geneva,SUI,,,2023,2026
307,302,UC Davis,Big West,2026,7764,5241920,Isaiah Chappell,Isaiah,Chappell,20.0,Forward,81.0,225.0,Los Angeles,CA,,,2025,2026
307,302,UC Davis,Big West,2026,7766,5176386,Connor Sevilla,Connor,Sevilla,4.0,Guard,72.0,175.0,San Ramon,CA,,,2024,2026
307,302,UC Davis,Big West,2026,7659,5239775,Brayden Fagbemi,Brayden,Fagbemi,0.0,Guard,72.0,185.0,Naperville,IL,,,2026,2026
307,302,UC Davis,Big West,2026,202704,5313004,Abdullah Amzil,Abdullah,Amzil,14.0,Forward,79.0,210.0,Helsinki,FIN,,,2026,2026
307,302,UC Davis,Big West,2026,202708,5313002,Ylan Esso-Essis,Ylan,Esso-Essis,11.0,Guard,80.0,220.0,Le Mans,FRA,,,2026,2026
307,302,UC Davis,Big West,2026,202710,5313001,Cyril Franklin Jr.,Cyril,Franklin Jr.,10.0,Guard,77.0,175.0,Las Vegas,NV,,,2026,2026
307,302,UC Davis,Big West,2026,202712,5313003,Jonathan Noudjihidi,Jonathan,Noudjihidi,13.0,Center,83.0,225.0,N'Djamena,CHA,,,2026,2026
307,302,UC Davis,Big West,2026,202713,5313000,Chase Rawlins,Chase,Rawlins,8.0,Guard,77.0,170.0,Folsom,CA,,,2026,2026
307,302,UC Davis,Big West,2026,202716,5254339,Jalen Stokes,Jalen,Stokes,5.0,Guard,77.0,205.0,Oakland,CA,,,2026,2026
307,302,UC Davis,Big West,2026,202717,5313005,Omer Suljanovic,Omer,Suljanovic,21.0,Forward,80.0,210.0,Vienna,AUT,,,2026,2026
307,302,UC Davis,Big West,2026,7328,5241070,Marcus Wilson,Marcus,Wilson,2.0,Guard,75.0,180.0,Albuquerque,NM,,,2026,2026
307,302,UC Davis,Big West,2026,7767,5106684,Carl Daughtery Jr.,Carl,Daughtery Jr.,1.0,Guard,75.0,200.0,Maumelle,AR,,,2025,2026
307,302,UC Davis,Big West,2026,7773,5176518,Nils Cooper,Nils,Cooper,36.0,Guard,78.0,185.0,Santa Monica,CA,,,2025,2026
108,62,Hawai'i,Big West,2026,9389,5107204,Harry Rouhliadeff,Harry,Rouhliadeff,14.0,Forward,81.0,230.0,Brisbane,QLD,,,2023,2026
108,62,Hawai'i,Big West,2026,9394,5175369,Gytis Nemeiksa,Gytis,Nemeiksa,5.0,Forward,80.0,220.0,Kaunas,LTU,,,2025,2026
108,62,Hawai'i,Big West,2026,9396,5241898,Aaron Hunkin-Claytor,Aaron,Hunkin-Claytor,30.0,Guard,75.0,175.0,Wahiawa,HI,,,2025,2026
108,62,Hawai'i,Big West,2026,9398,5241895,AJ Economou,AJ,Economou,8.0,Guard,77.0,180.0,Santa Monica,CA,,,2025,2026
108,62,Hawai'i,Big West,2026,6594,4701217,Hunter Erickson,Hunter,Erickson,0.0,Guard,75.0,200.0,Provo,UT,,,2026,2026
108,62,Hawai'i,Big West,2026,199533,5254318,Hunter Carter,Hunter,Carter,2.0,Guard,77.0,170.0,Tacoma,WA,,,2026,2026
108,62,Hawai'i,Big West,2026,22137,5105472,Isaac Finlinson,Isaac,Finlinson,6.0,Forward,80.0,185.0,St. George,UT,,,2026,2026
108,62,Hawai'i,Big West,2026,22283,5107841,Isaiah Kerr,Isaiah,Kerr,7.0,Guard,75.0,180.0,Palo Alto,CA,,,2026,2026
108,62,Hawai'i,Big West,2026,4101,4702598,Yacine Toumi,Yacine,Toumi,10.0,Forward,82.0,200.0,Meudon,FRA,,,2026,2026
108,62,Hawai'i,Big West,2026,4540,5107607,Jalen Myers,Jalen,Myers,9.0,Forward,80.0,200.0,Huntsville,AL,,,2026,2026
108,62,Hawai'i,Big West,2026,6473,5106877,Dre Bullock,Dre,Bullock,4.0,Guard,78.0,190.0,Franklinton,NC,,,2026,2026
108,62,Hawai'i,Big West,2026,7535,5177731,Tanner Cuff,Tanner,Cuff,1.0,Guard,79.0,210.0,American Fork,UT,,,2026,2026
108,62,Hawai'i,Big West,2026,8366,4898118,Isaac Johnson,Isaac,Johnson,20.0,Center,84.0,240.0,American Fork,UT,,,2026,2026
310,28,UC San Diego,Big West,2026,8448,5241960,Christopher Cox,Christopher,Cox,2.0,Guard,80.0,208.0,Salt Lake City,UT,,,2025,2026
310,28,UC San Diego,Big West,2026,8449,5241959,Ryder Elisaldez,Ryder,Elisaldez,1.0,Guard,75.0,175.0,Las Vegas,NV,,,2025,2026
310,28,UC San Diego,Big West,2026,8450,5176424,Yaqub Mir,Yaqub,Mir,22.0,Guard,74.0,175.0,Granite Bay,CA,,,2024,2026
310,28,UC San Diego,Big West,2026,8451,5176421,Jasen Brooks,Jasen,Brooks,11.0,Guard,72.0,195.0,Cleveland,TN,,,2024,2026
310,28,UC San Diego,Big West,2026,8445,5176423,Aidan Burke,Aidan,Burke,20.0,Guard,75.0,190.0,Los Gatos,CA,,,2024,2026
310,28,UC San Diego,Big West,2026,8447,5107149,Cade Pendleton,Cade,Pendleton,4.0,Forward,82.0,210.0,Chattanooga,TN,,,2023,2026
310,28,UC San Diego,Big West,2026,9391,5176372,Tom Beattie,Tom,Beattie,9.0,Guard,77.0,195.0,Auckland,NZL,,,2026,2026
310,28,UC San Diego,Big West,2026,5346,5243038,Alex Chaikin,Alex,Chaikin,10.0,Guard,77.0,170.0,Williamsburg,VA,,,2026,2026
310,28,UC San Diego,Big West,2026,8926,5241292,Trap Johnson,Trap,Johnson,23.0,Guard,78.0,200.0,Belton,TX,,,2026,2026
310,28,UC San Diego,Big West,2026,8425,5105426,Bol Dengdit,Bol,Dengdit,7.0,Forward,83.0,210.0,Melbourne,VIC,,,2026,2026
310,28,UC San Diego,Big West,2026,2614,5243026,Tyson Dunn,Tyson,Dunn,3.0,Guard,75.0,190.0,Newmarket,ON,,,2026,2026
310,28,UC San Diego,Big West,2026,7332,5241073,Dimitrije Vukicevic,Dimitrije,Vukicevic,33.0,Center,84.0,245.0,Belgrade,SER,,,2026,2026
310,28,UC San Diego,Big West,2026,202811,5313048,Hudson Mayes,Hudson,Mayes,0.0,Guard,77.0,200.0,Los Angeles,CA,,,2026,2026
310,28,UC San Diego,Big West,2026,202814,5313049,Emanuel Prospere II,Emanuel,Prospere II,5.0,Guard,77.0,212.0,Miami,FL,,,2026,2026
310,28,UC San Diego,Big West,2026,202816,5313050,Jaden Vance,Jaden,Vance,13.0,Forward,78.0,180.0,Phoenix,AZ,,,2026,2026
310,28,UC San Diego,Big West,2026,17491,5106867,Leo Beath,Leo,Beath,8.0,Forward,80.0,215.0,Malibu,CA,,,2026,2026
36,2934,Cal State Bakersfield,Big West,2026,7367,5175758,Tom Mark,Tom,Mark,1.0,Forward,79.0,200.0,Affligem,BEL,,,2024,2026
36,2934,Cal State Bakersfield,Big West,2026,7371,4899807,Kadar Waller,Kadar,Waller,12.0,Guard,71.0,185.0,Bakersfield,CA,,,2024,2026
36,2934,Cal State Bakersfield,Big West,2026,7377,5241841,CJ Hardy,CJ,Hardy,0.0,Guard,75.0,175.0,Gardena,CA,,,2025,2026
36,2934,Cal State Bakersfield,Big West,2026,7378,5108983,Jaden Alexander,Jaden,Alexander,25.0,Guard,76.0,210.0,Fairfield,CA,,,2024,2026
36,2934,Cal State Bakersfield,Big West,2026,7379,5241845,Colin Darby,Colin,Darby,11.0,Forward,79.0,200.0,Frisco,TX,,,2025,2026
36,2934,Cal State Bakersfield,Big West,2026,7380,5241844,Bentley Waller,Bentley,Waller,5.0,Guard,76.0,185.0,Bakersfield,CA,,,2025,2026
36,2934,Cal State Bakersfield,Big West,2026,7381,5241842,Mike Price,Mike,Price,2.0,Guard,75.0,185.0,Chicago,IL,,,2025,2026
36,2934,Cal State Bakersfield,Big West,2026,9376,5106879,Pierre Geneste Jr.,Pierre,Geneste Jr.,7.0,Forward,83.0,220.0,Port-au-Prince,HAI,,,2026,2026
36,2934,Cal State Bakersfield,Big West,2026,6155,4897668,AJ George,AJ,George,10.0,Guard,77.0,210.0,Fresno,CA,,,2026,2026
36,2934,Cal State Bakersfield,Big West,2026,198448,5312305,TJ James Jr.,TJ,James Jr.,40.0,Guard,73.0,175.0,The Woodlands,TX,,,2026,2026
36,2934,Cal State Bakersfield,Big West,2026,1617,5179093,Caleb McCarty,Caleb,McCarty,4.0,Forward,80.0,195.0,Biloxi,MS,,,2026,2026
36,2934,Cal State Bakersfield,Big West,2026,198453,5312304,Dylan Purnell,Dylan,Purnell,3.0,Guard,77.0,185.0,Raleigh,NC,,,2026,2026
36,2934,Cal State Bakersfield,Big West,2026,17726,4703106,Dailin Smith,Dailin,Smith,15.0,Guard,78.0,195.0,Colorado Springs,CO,,,2026,2026
36,2934,Cal State Bakersfield,Big West,2026,5859,4895782,Ronald Jessamy,Ronald,Jessamy,21.0,Forward,80.0,220.0,Philadelphia,PA,,,2026,2026
321,350,UNC Wilmington,CAA,2026,1977,5106732,Noah Ross,Noah,Ross,5.0,Guard,79.0,210.0,Apex,NC,,,2023,2026
321,350,UNC Wilmington,CAA,2026,1978,5106731,Nolan Hodge,Nolan,Hodge,4.0,Guard,79.0,190.0,Greensboro,NC,,,2023,2026
321,350,UNC Wilmington,CAA,2026,1981,5242590,Makoi Mabor Makoi,Makoi,Mabor Makoi,13.0,Forward,83.0,240.0,Rumbek,SS,,,2025,2026
321,350,UNC Wilmington,CAA,2026,1984,5242591,JoJo Fullwood,JoJo,Fullwood,14.0,Guard,74.0,185.0,Currie,NC,,,2025,2026
321,350,UNC Wilmington,CAA,2026,1986,5108909,Greedy Williams,Greedy,Williams,7.0,Guard,77.0,190.0,Montgomery,AL,,,2025,2026
321,350,UNC Wilmington,CAA,2026,1990,5242588,Makel Smith,Makel,Smith,12.0,Guard,73.0,175.0,Eden,NC,,,2025,2026
321,350,UNC Wilmington,CAA,2026,4110,5174815,Gavin Walsh,Gavin,Walsh,22.0,Forward,80.0,225.0,Baltimore,MD,,,2026,2026
321,350,UNC Wilmington,CAA,2026,6715,5175023,Grady Whitt,Grady,Whitt,10.0,Guard,75.0,170.0,Raleigh,NC,,,2026,2026
321,350,UNC Wilmington,CAA,2026,1528,4711264,Jahnathan Lamothe,Jahnathan,Lamothe,0.0,Guard,76.0,192.0,Baltimore,MD,,,2026,2026
321,350,UNC Wilmington,CAA,2026,5710,4838717,Patrick Wessler,Patrick,Wessler,2.0,Center,85.0,250.0,Matthews,NC,,,2026,2026
321,350,UNC Wilmington,CAA,2026,386,5242278,CJ Luster II,CJ,Luster II,3.0,Guard,75.0,165.0,Denton,TX,,,2026,2026
321,350,UNC Wilmington,CAA,2026,2456,5107358,Madison Durr,Madison,Durr,1.0,Guard,77.0,195.0,Atlanta,GA,,,2026,2026
321,350,UNC Wilmington,CAA,2026,6870,5106728,Christian May,Christian,May,8.0,Guard,77.0,210.0,Edinburg,VA,,,2026,2026
321,350,UNC Wilmington,CAA,2026,202931,5312324,Matija Prodanovic,Matija,Prodanovic,24.0,Forward,83.0,230.0,Uzice,SER,,,2026,2026
321,350,UNC Wilmington,CAA,2026,202934,5312325,Adam Tokpah,Adam,Tokpah,35.0,Forward,83.0,230.0,Sheffield,ENG,,,2026,2026
110,2275,Hofstra,CAA,2026,987,5239632,Joshua DeCady,Joshua,DeCady,4.0,Forward,80.0,220.0,Queens Village,NY,,,2025,2026
110,2275,Hofstra,CAA,2026,15300,5177536,Alex Tsynkevich,Alex,Tsynkevich,17.0,Center,82.0,245.0,Minsk,BLR,,,2026,2026
110,2275,Hofstra,CAA,2026,4499,4703169,Joshua Aaron Reaves,Joshua Aaron,Reaves,15.0,Guard,75.0,195.0,Hamden,CT,,,2026,2026
110,2275,Hofstra,CAA,2026,199564,5312162,Trey Boyd III,Trey,Boyd III,3.0,Guard,76.0,185.0,Durham,NC,,,2026,2026
110,2275,Hofstra,CAA,2026,199567,5236222,Preston Edmead,Preston,Edmead,1.0,Guard,73.0,170.0,Deer Park,NY,,,2026,2026
110,2275,Hofstra,CAA,2026,199570,5312163,Victory Onuetu,Victory,Onuetu,6.0,Forward,82.0,235.0,Alhaurin El Grande,ESP,,,2026,2026
110,2275,Hofstra,CAA,2026,199574,5312164,Jaeden Roberts,Jaeden,Roberts,7.0,Guard,75.0,160.0,Boston,MA,,,2026,2026
110,2275,Hofstra,CAA,2026,3368,5241495,Biggie Patterson,Biggie,Patterson,0.0,Guard,79.0,204.0,Richmond,VA,,,2026,2026
110,2275,Hofstra,CAA,2026,3725,5243267,Brandon Morgan,Brandon,Morgan,55.0,Guard,76.0,190.0,Greensboro,NC,,,2026,2026
110,2275,Hofstra,CAA,2026,6757,5176061,A.J. Wills,A.J.,Wills,2.0,Guard,72.0,160.0,Richmond,VA,,,2026,2026
110,2275,Hofstra,CAA,2026,984,5107198,Cruz Davis,Cruz,Davis,5.0,Guard,75.0,170.0,Plano,TX,,,2025,2026
110,2275,Hofstra,CAA,2026,988,4684984,Silas Sunday,Silas,Sunday,33.0,Forward,84.0,282.0,Lucan,IRL,,,2024,2026
110,2275,Hofstra,CAA,2026,991,5105719,German Plotnikov,German,Plotnikov,25.0,Guard,77.0,200.0,Minsk,BLR,,,2023,2026
110,2275,Hofstra,CAA,2026,992,5239633,Amir Williams,Amir,Williams,11.0,Guard,76.0,195.0,Newark,DE,,,2025,2026
110,2275,Hofstra,CAA,2026,993,5177285,Carlos Lopez,Carlos,Lopez,8.0,Guard,73.0,180.0,Atlantic City,NJ,,,2025,2026
71,2182,Drexel,CAA,2026,1212,5108105,Victor Panov,Victor,Panov,1.0,Forward,79.0,230.0,St Petersburg,RUS,,,2025,2026
71,2182,Drexel,CAA,2026,1217,5239626,Ralph Akuta,Ralph,Akuta,33.0,Forward,85.0,285.0,Ijamsville,MD,,,2025,2026
71,2182,Drexel,CAA,2026,1218,5239625,Clem Edomwonyin,Clem,Edomwonyin,6.0,Forward,81.0,225.0,East London,ENG,,,2025,2026
71,2182,Drexel,CAA,2026,1219,5174941,Horace Simmons Jr.,Horace,Simmons Jr.,0.0,Forward,78.0,215.0,Glenside,PA,,,2024,2026
71,2182,Drexel,CAA,2026,1220,5239623,Josh Reed,Josh,Reed,5.0,Guard,74.0,200.0,Wyndmoor,PA,,,2025,2026
71,2182,Drexel,CAA,2026,1221,5176529,Villiam Garcia Adsten,Villiam,Garcia Adsten,22.0,Guard,80.0,225.0,Stockholm,SWE,,,2025,2026
71,2182,Drexel,CAA,2026,1222,5105783,Max Davis,Max,Davis,25.0,Guard,76.0,200.0,New York,NY,,,2023,2026
71,2182,Drexel,CAA,2026,1223,5105778,Shane Blakeney,Shane,Blakeney,4.0,Guard,77.0,200.0,Rock Hill,SC,,,2023,2026
71,2182,Drexel,CAA,2026,1224,5105781,Garfield Turner,Garfield,Turner,13.0,Forward,80.0,250.0,Gaithersburg,MD,,,2023,2026
71,2182,Drexel,CAA,2026,1225,5239624,Kevon Vanderhorst,Kevon,Vanderhorst,3.0,Guard,74.0,180.0,Raleigh,NC,,,2025,2026
71,2182,Drexel,CAA,2026,198963,5312144,Eli Beard,Eli,Beard,7.0,Guard,71.0,160.0,Big Sandy,TX,,,2026,2026
71,2182,Drexel,CAA,2026,198965,5312146,Ignacio Campoy Galvez,Ignacio,Campoy Galvez,24.0,Forward,79.0,210.0,Madrid,ESP,,,2026,2026
71,2182,Drexel,CAA,2026,198967,5312145,Martin de LaPorterie,Martin,de LaPorterie,11.0,Forward,85.0,210.0,Bordeaux,FRA,,,2026,2026
71,2182,Drexel,CAA,2026,8365,5060723,Moses Hipps,Moses,Hipps,2.0,Guard,76.0,180.0,Voorhees,NJ,,,2026,2026
71,2182,Drexel,CAA,2026,4876,5101666,Dillon Tingler,Dillon,Tingler,23.0,Guard,79.0,175.0,Hurricane,WV,,,2026,2026
205,111,Northeastern,CAA,2026,3968,5175016,William Kermoury,William,Kermoury,8.0,Guard,77.0,194.0,Stockholm,SWE,,,2024,2026
205,111,Northeastern,CAA,2026,3971,5105787,LA Pratt,LA,Pratt,3.0,Guard,77.0,192.0,Columbus,OH,,,2025,2026
205,111,Northeastern,CAA,2026,3972,5107178,Youri Fritz,Youri,Fritz,7.0,Forward,81.0,220.0,Tiel,NED,,,2025,2026
205,111,Northeastern,CAA,2026,3975,5242276,Ryan Williams,Ryan,Williams,2.0,Guard,76.0,180.0,Phoenixville,PA,,,2025,2026
205,111,Northeastern,CAA,2026,3976,5175017,JB Frankel,JB,Frankel,11.0,Guard,75.0,194.0,New York,NY,,,2024,2026
205,111,Northeastern,CAA,2026,3977,5242277,Luca Soroa Schaller,Luca,Soroa Schaller,13.0,Guard,79.0,215.0,Valencia,ESP,,,2025,2026
205,111,Northeastern,CAA,2026,2332,5174569,Mike Loughnane,Mike,Loughnane,4.0,Guard,76.0,182.0,Quincy,MA,,,2026,2026
205,111,Northeastern,CAA,2026,3085,5238169,Xander Alarie,Xander,Alarie,0.0,Forward,80.0,233.0,Bethesda,MD,,,2026,2026
205,111,Northeastern,CAA,2026,3322,5240514,Haris Elezovic,Haris,Elezovic,22.0,Forward,80.0,230.0,Sherbrooke,ON,,,2026,2026
205,111,Northeastern,CAA,2026,201050,5312176,Xavier Abreu,Xavier,Abreu,1.0,Guard,75.0,184.0,Lynn,MA,,,2026,2026
205,111,Northeastern,CAA,2026,201053,5312177,Ty Francis,Ty,Francis,9.0,Forward,79.0,198.0,Brooklyn,NY,,,2026,2026
205,111,Northeastern,CAA,2026,201057,5312179,Liam Koelsch,Liam,Koelsch,12.0,Center,81.0,224.0,Alexandria,VA,,,2026,2026
205,111,Northeastern,CAA,2026,201059,5312178,Miles Newton,Miles,Newton,10.0,Guard,75.0,204.0,Eden Prairie,MN,,,2026,2026
205,111,Northeastern,CAA,2026,201060,5312180,Petar Pinter,Petar,Pinter,21.0,Center,83.0,202.0,Niksic,MTG,,,2026,2026
46,232,Charleston,CAA,2026,735,5174638,Djordje Curcic,Djordje,Curcic,4.0,Guard,75.0,190.0,Cacak,SER,,,2025,2026
46,232,Charleston,CAA,2026,736,5060731,Jaxon Prunty,Jaxon,Prunty,0.0,Guard,78.0,203.0,Charlotte,NC,,,2025,2026
46,232,Charleston,CAA,2026,739,5239614,Joey Scarpitti,Joey,Scarpitti,33.0,Guard,71.0,170.0,Cleveland,OH,,,2025,2026
46,232,Charleston,CAA,2026,678,5106754,Jlynn Counter,Jlynn,Counter,82.0,Guard,75.0,205.0,Oklahoma City,OK,,,2026,2026
46,232,Charleston,CAA,2026,198572,5313548,Chris Davis Jr.,Chris,Davis Jr.,6.0,Guard,76.0,200.0,Madison,WI,,,2026,2026
46,232,Charleston,CAA,2026,3800,5174947,Colby Duggan,Colby,Duggan,2.0,Forward,79.0,225.0,Monson,MA,,,2026,2026
46,232,Charleston,CAA,2026,198575,5313549,AJ Fowler,AJ,Fowler,7.0,Guard,76.0,150.0,Fayetteville,AR,,,2026,2026
46,232,Charleston,CAA,2026,198578,5313547,Martin Kalu,Martin,Kalu,5.0,Guard,78.0,210.0,Quakenbrueck,GER,,,2026,2026
46,232,Charleston,CAA,2026,198579,5313550,Chol Machot,Chol,Machot,11.0,Center,84.0,190.0,Melbourne,VIC,,,2026,2026
46,232,Charleston,CAA,2026,198580,5313551,Will Mortimore,Will,Mortimore,15.0,Forward,82.0,220.0,Maitland,NSW,,,2026,2026
46,232,Charleston,CAA,2026,198584,5313552,Kendall Taylor,Kendall,Taylor,23.0,Guard,77.0,210.0,Sacramento,CA,,,2026,2026
46,232,Charleston,CAA,2026,198585,5313546,Chadlyn Traylor,Chadlyn,Traylor,1.0,Guard,75.0,170.0,Charlotte,NC,,,2026,2026
46,232,Charleston,CAA,2026,472,4897447,Connor Hickman,Connor,Hickman,10.0,Guard,75.0,200.0,Bloomington,IN,,,2026,2026
46,232,Charleston,CAA,2026,1402,5106463,Bryce Baker,Bryce,Baker,55.0,Guard,77.0,195.0,Mooresville,NC,,,2026,2026
46,232,Charleston,CAA,2026,2839,5241746,Mister Dean,Mister,Dean,3.0,Guard,78.0,200.0,Miami,FL,,,2026,2026
46,232,Charleston,CAA,2026,3455,5105444,Christian Reeves,Christian,Reeves,32.0,Center,86.0,255.0,Charlotte,NC,,,2026,2026
81,2210,Elon,CAA,2026,224,5174938,Isaac Harrell,Isaac,Harrell,12.0,Forward,80.0,218.0,Jonesboro,AR,,,2024,2026
81,2210,Elon,CAA,2026,231,5239638,Trey O'Neil,Trey,O'Neil,1.0,Guard,73.0,185.0,Ardmore,PA,,,2025,2026
81,2210,Elon,CAA,2026,232,5174940,Ned Hull,Ned,Hull,22.0,Guard,75.0,195.0,Charlotte,NC,,,2024,2026
81,2210,Elon,CAA,2026,233,5174939,Savion Taylor,Savion,Taylor,13.0,Guard,76.0,200.0,Burlington,NC,,,2024,2026
81,2210,Elon,CAA,2026,234,5105788,Austin Williams,Austin,Williams,10.0,Guard,73.0,185.0,Laurel,MD,,,2023,2026
81,2210,Elon,CAA,2026,199112,5312150,Alex Brabec,Alex,Brabec,14.0,Guard,74.0,185.0,Ann Arbor,MI,,,2026,2026
81,2210,Elon,CAA,2026,199119,5101807,DeMarco Johnson,DeMarco,Johnson,8.0,Guard,76.0,176.0,Long Beach,CA,,,2026,2026
81,2210,Elon,CAA,2026,199123,5312151,Alex Olander,Alex,Olander,25.0,Forward,76.0,235.0,Raleigh,NC,,,2026,2026
81,2210,Elon,CAA,2026,2960,5239594,Bryson Cokley,Bryson,Cokley,0.0,Guard,78.0,196.0,Whiteville,NC,,,2026,2026
81,2210,Elon,CAA,2026,1104,4897571,Bryson Spell,Bryson,Spell,33.0,Forward,81.0,230.0,Virginia Beach,VA,,,2026,2026
81,2210,Elon,CAA,2026,4501,5241422,Iker Garmendia,Iker,Garmendia,4.0,Forward,81.0,220.0,Barcelona,ESP,,,2026,2026
81,2210,Elon,CAA,2026,1664,5175741,Chandler Cuthrell,Chandler,Cuthrell,7.0,Forward,80.0,225.0,Baltimore,MD,,,2026,2026
81,2210,Elon,CAA,2026,2874,4873194,Caleb Middleton,Caleb,Middleton,5.0,Center,83.0,230.0,Dover,NH,,,2026,2026
81,2210,Elon,CAA,2026,3094,5177193,Randall Pettus II,Randall,Pettus II,11.0,Guard,75.0,197.0,Bessemer City,NC,,,2026,2026
81,2210,Elon,CAA,2026,4766,4897053,Kacper Klaczek,Kacper,Klaczek,6.0,Forward,80.0,225.0,Chorzow,POL,,,2026,2026
81,2210,Elon,CAA,2026,31715,4702777,Ja'Juan Carr,Ja'Juan,Carr,3.0,Guard,74.0,192.0,Burgaw,NC,,,2026,2026
285,2619,Stony Brook,CAA,2026,2025,5239643,Richard Goods,Richard,Goods,12.0,Forward,81.0,225.0,Greensboro,NC,,,2026,2026
285,2619,Stony Brook,CAA,2026,3011,5105560,Erik Pratt,Erik,Pratt,1.0,Guard,77.0,185.0,Lake Worth,FL,,,2026,2026
285,2619,Stony Brook,CAA,2026,6422,4898228,Rob Brown III,Rob,Brown III,2.0,Guard,76.0,195.0,Albany,NY,,,2026,2026
285,2619,Stony Brook,CAA,2026,6760,4810230,Oleg Kojenets,Oleg,Kojenets,17.0,Forward,84.0,228.0,Kaunas,LTU,,,2026,2026
285,2619,Stony Brook,CAA,2026,202351,5312182,Jonah Butler,Jonah,Butler,5.0,Guard,78.0,210.0,Murray,KY,,,2026,2026
285,2619,Stony Brook,CAA,2026,202352,5312183,Liam Dagostino,Liam,Dagostino,6.0,Guard,77.0,180.0,Saratoga Springs,NY,,,2026,2026
285,2619,Stony Brook,CAA,2026,202355,5312186,Jake Harbatkin,Jake,Harbatkin,11.0,Guard,75.0,185.0,West Palm Beach,FL,,,2026,2026
285,2619,Stony Brook,CAA,2026,202359,5312185,Andrew Okafor,Andrew,Okafor,10.0,Forward,80.0,205.0,Pembroke Pines,FL,,,2026,2026
285,2619,Stony Brook,CAA,2026,202362,5312188,Andrej Shoshkikj,Andrej,Shoshkikj,29.0,Guard,74.0,182.0,Skopje,MKD,,,2026,2026
285,2619,Stony Brook,CAA,2026,202363,5312184,Ethan Simmon,Ethan,Simmon,7.0,Guard,77.0,205.0,Edison,NJ,,,2026,2026
285,2619,Stony Brook,CAA,2026,202364,5312187,Tomas Valentiny,Tomas,Valentiny,21.0,Forward,78.0,201.0,Zilina,SVK,,,2026,2026
285,2619,Stony Brook,CAA,2026,385,5242281,Collin O'Connor,Collin,O'Connor,13.0,Guard,75.0,195.0,Dayton,OH,,,2025,2026
285,2619,Stony Brook,CAA,2026,389,5242282,Quin Gorman,Quin,Gorman,15.0,Forward,80.0,210.0,Falls Church,VA,,,2025,2026
285,2619,Stony Brook,CAA,2026,394,5106723,Leon Nahar,Leon,Nahar,33.0,Forward,82.0,218.0,Alkmaar,NED,,,2023,2026
285,2619,Stony Brook,CAA,2026,397,5106719,Toby Onyekonwu,Toby,Onyekonwu,4.0,Guard,74.0,170.0,Joliet,IL,,,2023,2026
178,2405,Monmouth,CAA,2026,2454,5174962,Cornelius Robinson III,Cornelius,Robinson III,23.0,Forward,79.0,225.0,Willingboro,NJ,,,2024,2026
178,2405,Monmouth,CAA,2026,2457,5106703,Jack Collins,Jack,Collins,13.0,Guard,77.0,205.0,Manasquan,NJ,,,2023,2026
178,2405,Monmouth,CAA,2026,2458,5174963,Quinn Peters,Quinn,Peters,42.0,Forward,78.0,205.0,Spring Lake Heights,NJ,,,2024,2026
178,2405,Monmouth,CAA,2026,2460,5107158,Dok Muordar,Dok,Muordar,0.0,Center,85.0,195.0,Rumbek,SS,,,2025,2026
178,2405,Monmouth,CAA,2026,2461,5242599,Lucas Orchard,Lucas,Orchard,9.0,Guard,75.0,195.0,Wayne,PA,,,2025,2026
178,2405,Monmouth,CAA,2026,2462,5242598,Justin Ray,Justin,Ray,7.0,Guard,75.0,175.0,Greer,SC,,,2025,2026
178,2405,Monmouth,CAA,2026,2464,5174961,Jack Leahy,Jack,Leahy,10.0,Guard,77.0,205.0,Long Branch,NJ,,,2024,2026
178,2405,Monmouth,CAA,2026,2465,5174960,Corey Miller,Corey,Miller,5.0,Guard,74.0,180.0,Ocean Township,NJ,,,2024,2026
178,2405,Monmouth,CAA,2026,2466,5106702,Andrew Ball,Andrew,Ball,4.0,Guard,81.0,215.0,Marlton,NJ,,,2023,2026
178,2405,Monmouth,CAA,2026,8429,5240966,Jinup Dobuol,Jinup,Dobuol,24.0,Guard,80.0,205.0,Saint Cloud,MN,,,2026,2026
178,2405,Monmouth,CAA,2026,7712,5174288,Jason Rivera-Torres,Jason,Rivera-Torres,1.0,Forward,79.0,195.0,Bronx,NY,,,2026,2026
178,2405,Monmouth,CAA,2026,200646,5312165,Zubayr Griffin,Zubayr,Griffin,20.0,Guard,76.0,180.0,Binghamton,NY,,,2026,2026
178,2405,Monmouth,CAA,2026,200647,5101818,O'Marion Harvey,O'Marion,Harvey,8.0,Forward,79.0,190.0,Katy,TX,,,2026,2026
178,2405,Monmouth,CAA,2026,200649,5312166,Anthony Martinez,Anthony,Martinez,3.0,Guard,74.0,175.0,Le Bouscat,FRA,,,2026,2026
178,2405,Monmouth,CAA,2026,4056,5177703,Kavion McClain,Kavion,McClain,2.0,Guard,70.0,165.0,Memphis,TN,,,2026,2026
178,2405,Monmouth,CAA,2026,200658,5313726,Stefanos Spartalis,Stefanos,Spartalis,15.0,Forward,81.0,220.0,Chios,GRE,,,2026,2026
106,2261,Hampton,CAA,2026,2022,4896367,Xzavier Long,Xzavier,Long,25.0,Forward,79.0,190.0,Washington,DC,,,2025,2026
106,2261,Hampton,CAA,2026,2026,5239644,Daniel Johnson,Daniel,Johnson,11.0,Guard,79.0,190.0,Chicago,IL,,,2025,2026
106,2261,Hampton,CAA,2026,2029,5176756,Etienne Strothers,Etienne,Strothers,5.0,Guard,74.0,210.0,Newport News,VA,,,2025,2026
106,2261,Hampton,CAA,2026,2034,5239645,Eunique Rink,Eunique,Rink,15.0,Forward,82.0,220.0,Newark,NJ,,,2025,2026
106,2261,Hampton,CAA,2026,2035,5239647,Hamza Asadallah,Hamza,Asadallah,30.0,Guard,73.0,,Kuwait,KUW,,,2025,2026
106,2261,Hampton,CAA,2026,2038,4879743,Elijah Kennedy,Elijah,Kennedy,8.0,Guard,76.0,180.0,Virginia Beach,VA,,,2025,2026
106,2261,Hampton,CAA,2026,2036,5239646,Kellan Lewis,Kellan,Lewis,22.0,Guard,72.0,165.0,Orlando,FL,,,2025,2026
106,2261,Hampton,CAA,2026,199501,5312156,Quintin Cooper,Quintin,Cooper,24.0,Guard,74.0,180.0,Washington,DC,,,2026,2026
106,2261,Hampton,CAA,2026,9392,5107203,Kody Williams,Kody,Williams,0.0,Guard,72.0,190.0,Minnetonka,MN,,,2026,2026
106,2261,Hampton,CAA,2026,6567,5177538,Jalyke Gaines-Wyatt,Jalyke,Gaines-Wyatt,2.0,Point Guard,72.0,186.0,Wyandanch,NY,,,2026,2026
106,2261,Hampton,CAA,2026,199504,5312155,Aidan Haskins,Aidan,Haskins,13.0,Forward,80.0,210.0,Washington,DC,,,2026,2026
106,2261,Hampton,CAA,2026,5865,4433231,Josh Ogundele,Josh,Ogundele,23.0,Forward,84.0,275.0,London,ENG,,,2026,2026
106,2261,Hampton,CAA,2026,3901,5107807,Michael Eley,Michael,Eley,3.0,Guard,76.0,180.0,Fort Wayne,IN,,,2026,2026
106,2261,Hampton,CAA,2026,4944,4684735,Christian Watson,Christian,Watson,1.0,Guard,78.0,205.0,Lanham,MD,,,2026,2026
106,2261,Hampton,CAA,2026,5753,5105896,Peter Oduro,Peter,Oduro,12.0,Forward,80.0,230.0,Gainesville,VA,,,2026,2026
198,2448,North Carolina A&T,CAA,2026,1524,4693724,Will Felton,Will,Felton,34.0,Center,81.0,260.0,Raleigh,NC,,,2023,2026
198,2448,North Carolina A&T,CAA,2026,1525,5175000,Jalal McKie,Jalal,McKie,15.0,Guard,76.0,195.0,Atlanta,GA,,,2024,2026
198,2448,North Carolina A&T,CAA,2026,1530,5242274,Efstratios Kalliontzis,Efstratios,Kalliontzis,31.0,Center,83.0,225.0,Mitilini,GRE,,,2025,2026
198,2448,North Carolina A&T,CAA,2026,1532,5242273,Chanler Montgomery,Chanler,Montgomery,20.0,Guard,75.0,172.0,Blacksburg,VA,,,2025,2026
198,2448,North Carolina A&T,CAA,2026,1533,5242272,Bryson Ogletree,Bryson,Ogletree,4.0,Guard,76.0,190.0,Hampton,GA,,,2025,2026
198,2448,North Carolina A&T,CAA,2026,1536,5174998,Uchenna Kellman-Nicholes,Uchenna,Kellman-Nicholes,10.0,Guard,77.0,180.0,Orlando,FL,,,2024,2026
198,2448,North Carolina A&T,CAA,2026,1328,5176166,Trent Middleton Jr.,Trent,Middleton Jr.,1.0,Guard,75.0,180.0,Philadelphia,PA,,,2026,2026
198,2448,North Carolina A&T,CAA,2026,5599,5177701,KJ Debrick,KJ,Debrick,32.0,Forward,81.0,240.0,Springfield,IL,,,2026,2026
198,2448,North Carolina A&T,CAA,2026,2896,5239649,Lewis Walker,Lewis,Walker,5.0,Forward,78.0,230.0,Winston-Salem,NC,,,2026,2026
198,2448,North Carolina A&T,CAA,2026,5180,5174601,Zamoku Weluche-Ume,Zamoku,Weluche-Ume,8.0,Forward,80.0,220.0,London,ENG,,,2026,2026
198,2448,North Carolina A&T,CAA,2026,200990,5312171,Mujahiid Burton,Mujahiid,Burton,2.0,Guard,77.0,180.0,Minneapolis,MN,,,2026,2026
198,2448,North Carolina A&T,CAA,2026,200991,5312173,Yancarlos Cueto,Yancarlos,Cueto,9.0,Guard,77.0,180.0,Providence,RI,,,2026,2026
198,2448,North Carolina A&T,CAA,2026,2887,5239652,Amadou Doumbia,Amadou,Doumbia,14.0,Forward,83.0,215.0,Bamako,MLI,,,2026,2026
198,2448,North Carolina A&T,CAA,2026,201001,5312174,Dwayne Pierce,Dwayne,Pierce,11.0,Guard,77.0,215.0,New York,NY,,,2026,2026
198,2448,North Carolina A&T,CAA,2026,201002,5312172,Brooklyn Vick,Brooklyn,Vick,7.0,Guard,74.0,150.0,Deerfield Beach,FL,,,2026,2026
198,2448,North Carolina A&T,CAA,2026,1941,5247156,Lureon Walker,Lureon,Walker,0.0,Athlete,77.0,190.0,Durham,NC,,,2026,2026
41,2097,Campbell,CAA,2026,3796,5106610,Cam Gregory,Cam,Gregory,7.0,Guard,77.0,170.0,Accokeek,MD,,,2025,2026
41,2097,Campbell,CAA,2026,3799,5178894,Israel Yaw,Israel,Yaw,12.0,Forward,81.0,205.0,Georgetown,GUY,,,2025,2026
41,2097,Campbell,CAA,2026,3806,4897617,Tasos Cook,Tasos,Cook,1.0,Guard,74.0,200.0,Columbus,OH,,,2024,2026
41,2097,Campbell,CAA,2026,3807,4782965,Broc Bidwell,Broc,Bidwell,4.0,Guard,72.0,170.0,Cumming,GA,,,2022,2026
41,2097,Campbell,CAA,2026,198492,5312138,Klairus Amir,Klairus,Amir,10.0,Guard,79.0,180.0,Sydney,NSW,,,2026,2026
41,2097,Campbell,CAA,2026,4539,5176752,Chris Fields Jr.,Chris,Fields Jr.,0.0,Forward,79.0,240.0,Petersburg,VA,,,2026,2026
41,2097,Campbell,CAA,2026,198500,5312139,Daniel Marcellinus,Daniel,Marcellinus,32.0,Forward,83.0,275.0,Abia,NGR,,,2026,2026
41,2097,Campbell,CAA,2026,5686,5175796,Muneer Newton,Muneer,Newton,11.0,Forward,77.0,225.0,Philadelphia,PA,,,2026,2026
41,2097,Campbell,CAA,2026,4657,5176779,Enoch Kalambay,Enoch,Kalambay,5.0,Guard,78.0,215.0,Gatineau,PQ,,,2026,2026
41,2097,Campbell,CAA,2026,6653,4711262,Jeremiah Johnson,Jeremiah,Johnson,2.0,Guard,76.0,180.0,Del City,OK,,,2026,2026
41,2097,Campbell,CAA,2026,8336,5240935,Dovydas Butka,Dovydas,Butka,13.0,Forward,81.0,215.0,Panevezys,LTU,,,2026,2026
41,2097,Campbell,CAA,2026,3310,4897215,DJ Smith,DJ,Smith,9.0,Guard,71.0,155.0,Dallas,TX,,,2026,2026
41,2097,Campbell,CAA,2026,211797,5323982,Dominykas Butka,Dominykas,Butka,22.0,Guard,78.0,220.0,Panevezys,LTU,,,2026,2026
327,2638,UTEP,CUSA,2026,6337,5106056,Elijah Jones,Elijah,Jones,33.0,Forward,80.0,220.0,Pleasantville,NJ,,,2024,2026
327,2638,UTEP,CUSA,2026,6338,5242612,KJ Thomas,KJ,Thomas,1.0,Guard,73.0,175.0,Amarillo,TX,,,2025,2026
327,2638,UTEP,CUSA,2026,17728,5107455,Caleb Blackwell,Caleb,Blackwell,4.0,Guard,73.0,185.0,Buford,GA,,,2026,2026
327,2638,UTEP,CUSA,2026,5688,5108719,Kaseem Watson,Kaseem,Watson,13.0,Forward,81.0,200.0,Philadelphia,PA,,,2026,2026
327,2638,UTEP,CUSA,2026,6420,5176665,Jamal West Jr.,Jamal,West Jr.,15.0,Forward,78.0,225.0,Baltimore,MD,,,2026,2026
327,2638,UTEP,CUSA,2026,6679,5240267,C.J. Smith,C.J.,Smith,6.0,Forward,79.0,210.0,Oklahoma City,OK,,,2026,2026
327,2638,UTEP,CUSA,2026,4099,5113182,David Tubek,David,Tubek,0.0,Forward,79.0,220.0,Juba,SS,,,2026,2026
327,2638,UTEP,CUSA,2026,203047,5314540,Cassius Brooks,Cassius,Brooks,23.0,Guard,72.0,185.0,Chicago,IL,,,2026,2026
327,2638,UTEP,CUSA,2026,205515,5254337,Bobby Montgomery Jr.,Bobby,Montgomery Jr.,3.0,Guard,77.0,200.0,Baltimore,MD,,,2026,2026
327,2638,UTEP,CUSA,2026,6339,5177692,Trey Horton III,Trey,Horton III,11.0,Guard,77.0,205.0,Charlotte,NC,,,2024,2026
327,2638,UTEP,CUSA,2026,6344,5242613,Jordan Hernandez,Jordan,Hernandez,2.0,Guard,71.0,175.0,El Paso,TX,,,2025,2026
327,2638,UTEP,CUSA,2026,15712,5176206,LA Hayes,LA,Hayes,7.0,Guard,77.0,185.0,Cleveland,OH,,,2026,2026
327,2638,UTEP,CUSA,2026,203052,5314541,Mouhamed Mbaye,Mouhamed,Mbaye,25.0,Center,82.0,235.0,Saint-Louis,SEN,,,2026,2026
327,2638,UTEP,CUSA,2026,5959,5176747,Tyreese Watson,Tyreese,Watson,5.0,Guard,76.0,190.0,Philadelphia,PA,,,2026,2026
149,2348,Louisiana Tech,CUSA,2026,3631,4701841,Will Jeffress,Will,Jeffress,2.0,Forward,80.0,215.0,Erie,PA,,,2025,2026
149,2348,Louisiana Tech,CUSA,2026,3635,5070505,Kaden Cooper,Kaden,Cooper,11.0,Guard,78.0,200.0,Ada,OK,,,2025,2026
149,2348,Louisiana Tech,CUSA,2026,3637,4897501,Will Allen,Will,Allen,14.0,Forward,79.0,225.0,New Orleans,LA,,,2022,2026
149,2348,Louisiana Tech,CUSA,2026,3641,5060724,AJ Bates,AJ,Bates,3.0,Guard,75.0,200.0,Houston,TX,,,2025,2026
149,2348,Louisiana Tech,CUSA,2026,15129,5263909,Lachlan Thompson,Lachlan,Thompson,23.0,Guard,76.0,175.0,Choudrant,LA,,,2025,2026
149,2348,Louisiana Tech,CUSA,2026,5464,5243118,Scooter Williams,Scooter,Williams,8.0,Guard,76.0,205.0,Clarksville,TN,,,2026,2026
149,2348,Louisiana Tech,CUSA,2026,8299,4897258,Sir Issac Herron,Sir Issac,Herron,7.0,Forward,82.0,235.0,Houston,TX,,,2026,2026
149,2348,Louisiana Tech,CUSA,2026,200169,5313668,Jermaurhiyun Anderson,Jermaurhiyun,Anderson,1.0,Guard,76.0,200.0,Greenville,SC,,,2026,2026
149,2348,Louisiana Tech,CUSA,2026,200172,5313667,DJ Dudley,DJ,Dudley,0.0,Guard,75.0,175.0,Inglewood,CA,,,2026,2026
149,2348,Louisiana Tech,CUSA,2026,200173,5254333,Jaylen Fenner,Jaylen,Fenner,4.0,Guard,78.0,210.0,Humble,TX,,,2026,2026
149,2348,Louisiana Tech,CUSA,2026,200175,5313671,Kylan Howze,Kylan,Howze,10.0,Forward,81.0,235.0,Gulfport,MS,,,2026,2026
149,2348,Louisiana Tech,CUSA,2026,200177,5313672,Melian Martinez,Melian,Martinez,21.0,Center,84.0,230.0,Santo Domingo,DOM,,,2026,2026
149,2348,Louisiana Tech,CUSA,2026,200178,5313670,Keegan Rowell,Keegan,Rowell,6.0,Guard,75.0,180.0,Lorena,TX,,,2026,2026
149,2348,Louisiana Tech,CUSA,2026,200179,5313669,Avery Thomas II,Avery,Thomas II,5.0,Forward,80.0,210.0,Jackson,MS,,,2026,2026
149,2348,Louisiana Tech,CUSA,2026,200180,5313673,A'Meir Williams,A'Meir,Williams,27.0,Forward,80.0,230.0,Kennedale,TX,,,2026,2026
171,2393,Middle Tennessee,CUSA,2026,668,4610140,Kamari Lands,Kamari,Lands,22.0,Guard,80.0,230.0,Indianapolis,IN,,,2025,2026
171,2393,Middle Tennessee,CUSA,2026,672,5176765,Chris Loofe,Chris,Loofe,13.0,Forward,83.0,240.0,Leander,TX,,,2024,2026
171,2393,Middle Tennessee,CUSA,2026,673,5176763,Torey Alston,Torey,Alston,10.0,Forward,81.0,220.0,Durham,NC,,,2024,2026
171,2393,Middle Tennessee,CUSA,2026,674,4848642,Jarred Hall,Jarred,Hall,5.0,Forward,81.0,230.0,Lebanon,TN,,,2025,2026
171,2393,Middle Tennessee,CUSA,2026,677,5106881,Tre Green,Tre,Green,11.0,Guard,75.0,195.0,Baltimore,MD,,,2023,2026
171,2393,Middle Tennessee,CUSA,2026,2582,5177651,James Dent Jr.,James,Dent Jr.,23.0,Guard,77.0,170.0,Springfield,IL,,,2026,2026
171,2393,Middle Tennessee,CUSA,2026,4133,5149117,Jahvin Carter,Jahvin,Carter,2.0,Guard,75.0,195.0,Alcoa,TN,,,2026,2026
171,2393,Middle Tennessee,CUSA,2026,200537,5313680,Charvez Ambrose,Charvez,Ambrose,7.0,Guard,77.0,180.0,Memphis,TN,,,2026,2026
171,2393,Middle Tennessee,CUSA,2026,200542,5313681,Jax Howard,Jax,Howard,8.0,Guard,72.0,170.0,Bell Buckle,TN,,,2026,2026
171,2393,Middle Tennessee,CUSA,2026,200543,5313679,Luka Jovanovic,Luka,Jovanovic,3.0,Center,83.0,235.0,Belgrade,SER,,,2026,2026
171,2393,Middle Tennessee,CUSA,2026,200547,5313682,Brandon Oloumou,Brandon,Oloumou,12.0,Center,81.0,215.0,Nassau,BAH,,,2026,2026
171,2393,Middle Tennessee,CUSA,2026,200550,5313683,Savon Wykle,Savon,Wykle,20.0,Guard,77.0,200.0,Smyrna,TN,,,2026,2026
171,2393,Middle Tennessee,CUSA,2026,7013,5177533,Sean Smith,Sean,Smith,55.0,Guard,75.0,185.0,Louisville,KY,,,2026,2026
171,2393,Middle Tennessee,CUSA,2026,17352,5176188,Marcus Whitlock Jr.,Marcus,Whitlock Jr.,1.0,Guard,75.0,185.0,Monticello,GA,,,2026,2026
171,2393,Middle Tennessee,CUSA,2026,681,4702696,Alec Oglesby,Alec,Oglesby,0.0,Guard,77.0,210.0,Gainesville,FL,,,2025,2026
350,98,Western Kentucky,CUSA,2026,4652,5176778,Jack Edelen,Jack,Edelen,5.0,Guard,70.0,172.0,Louisville,KY,,,2024,2026
350,98,Western Kentucky,CUSA,2026,4655,5176572,Leeroy Odiahi,Leeroy,Odiahi,21.0,Forward,83.0,218.0,Tralee,IRL,,,2025,2026
350,98,Western Kentucky,CUSA,2026,4661,5105826,Blaise Keita,Blaise,Keita,1.0,Forward,83.0,250.0,Bamako,MLI,,,2025,2026
350,98,Western Kentucky,CUSA,2026,4662,5242616,Cade Stinnett,Cade,Stinnett,10.0,Guard,75.0,198.0,Bowling Green,KY,,,2025,2026
350,98,Western Kentucky,CUSA,2026,4663,5242615,Kade Unseld,Kade,Unseld,6.0,Guard,77.0,202.0,Bowling Green,KY,,,2025,2026
350,98,Western Kentucky,CUSA,2026,4664,5176780,Teagan Moore,Teagan,Moore,30.0,Guard,77.0,220.0,Dry Ridge,KY,,,2024,2026
350,98,Western Kentucky,CUSA,2026,4667,4897301,Terrion Murdix,Terrion,Murdix,11.0,Guard,73.0,170.0,Springfield,IL,,,2024,2026
350,98,Western Kentucky,CUSA,2026,8334,5238209,Noah Boyde,Noah,Boyde,7.0,Forward,84.0,245.0,Castries,LCA,,,2026,2026
350,98,Western Kentucky,CUSA,2026,1279,5106643,Bryant Selebangue,Bryant,Selebangue,0.0,Forward,80.0,225.0,Montreal,PQ,,,2026,2026
350,98,Western Kentucky,CUSA,2026,1032,5177297,Louie Semona,Louie,Semona,33.0,Forward,80.0,205.0,Cincinnati,OH,,,2026,2026
350,98,Western Kentucky,CUSA,2026,7015,4703009,Ryan Myers,Ryan,Myers,4.0,Guard,73.0,180.0,Brooklyn,NY,,,2026,2026
350,98,Western Kentucky,CUSA,2026,7536,5107700,Cam Haffner,Cam,Haffner,3.0,Guard,74.0,180.0,Westfield,IN,,,2026,2026
350,98,Western Kentucky,CUSA,2026,7551,5105587,Grant Newell,Grant,Newell,8.0,Forward,81.0,220.0,Chicago,IL,,,2026,2026
350,98,Western Kentucky,CUSA,2026,203344,5313164,Armelo Boone,Armelo,Boone,12.0,Guard,76.0,175.0,Lexington,KY,,,2026,2026
350,98,Western Kentucky,CUSA,2026,203347,5313163,LJ Hackman,LJ,Hackman,2.0,Guard,75.0,200.0,Columbus,MS,,,2026,2026
350,98,Western Kentucky,CUSA,2026,203355,5313165,Lawson Rice,Lawson,Rice,24.0,Guard,78.0,195.0,Morgantown,KY,,,2026,2026
89,2229,Florida International,CUSA,2026,7412,5242116,Ashton Williamson,Ashton,Williamson,4.0,Guard,75.0,170.0,Gary,IN,,,2025,2026
89,2229,Florida International,CUSA,2026,7416,5242119,Ibrahim Olajuwon,Ibrahim,Olajuwon,34.0,Forward,82.0,210.0,Lagos,NGR,,,2025,2026
89,2229,Florida International,CUSA,2026,7418,5177688,Renato Ruiz,Renato,Ruiz,15.0,Guard,73.0,185.0,Plantation,FL,,,2024,2026
89,2229,Florida International,CUSA,2026,19886,5107262,Kennedy Brown,Kennedy,Brown,25.0,Forward,80.0,225.0,Chicago,IL,,,2026,2026
89,2229,Florida International,CUSA,2026,199236,5312338,Eric Dibami,Eric,Dibami,9.0,Forward,82.0,235.0,Yaounde,CMR,,,2026,2026
89,2229,Florida International,CUSA,2026,199237,5312337,Gvidas Gicevicius,Gvidas,Gicevicius,7.0,Forward,80.0,185.0,Kaunas,LTU,,,2026,2026
89,2229,Florida International,CUSA,2026,199247,5312336,Thiago Sucatzky,Thiago,Sucatzky,6.0,Guard,70.0,190.0,Cordoba,ARG,,,2026,2026
89,2229,Florida International,CUSA,2026,5281,4719433,Julian Mackey,Julian,Mackey,10.0,Guard,74.0,160.0,Grayson,GA,,,2026,2026
89,2229,Florida International,CUSA,2026,6681,5240265,Michael Kelvin II,Michael,Kelvin II,0.0,Forward,81.0,220.0,Ottawa,ON,,,2026,2026
89,2229,Florida International,CUSA,2026,3678,5176648,Hamed Olayinka,Hamed,Olayinka,5.0,Forward,81.0,215.0,Los Angeles,CA,,,2026,2026
89,2229,Florida International,CUSA,2026,2844,5241745,Brit Harris,Brit,Harris,1.0,Guard,77.0,170.0,Gary,IN,,,2026,2026
89,2229,Florida International,CUSA,2026,6376,5242602,Zawdie Jackson,Zawdie,Jackson,2.0,Guard,73.0,165.0,Stone Mountain,GA,,,2026,2026
89,2229,Florida International,CUSA,2026,7369,5175759,Corey Stephenson,Corey,Stephenson,3.0,Guard,78.0,220.0,Bessemer,AL,,,2026,2026
89,2229,Florida International,CUSA,2026,20846,5105799,Amarion Nimmers,Amarion,Nimmers,11.0,Guard,75.0,185.0,Rock Island,IL,,,2026,2026
89,2229,Florida International,CUSA,2026,211536,5323975,Jorge Santos,Jorge,Santos,22.0,Forward,78.0,230.0,Miami,FL,,,2026,2026
89,2229,Florida International,CUSA,2026,216653,5220980,Aydan Clinton,Aydan,Clinton,23.0,Forward,78.0,275.0,Saint Petersburg,FL,,,2026,2026
142,2335,Liberty,CUSA,2026,1091,5107069,Zach Cleveland,Zach,Cleveland,25.0,Forward,79.0,220.0,Bloomington,IL,,,2023,2026
142,2335,Liberty,CUSA,2026,1092,4592702,Isaiah Ihnen,Isaiah,Ihnen,7.0,Forward,81.0,220.0,Boeblingen,GER,,,2025,2026
142,2335,Liberty,CUSA,2026,1093,5107070,Colin Porter,Colin,Porter,0.0,Guard,70.0,170.0,Ashland,KY,,,2023,2026
142,2335,Liberty,CUSA,2026,1094,4703572,Kaden Metheny,Kaden,Metheny,3.0,Guard,71.0,170.0,Morgantown,WV,,,2024,2026
142,2335,Liberty,CUSA,2026,1096,4897412,Zander Yates,Zander,Yates,11.0,Forward,80.0,225.0,Germantown,TN,,,2024,2026
142,2335,Liberty,CUSA,2026,1097,5242130,Brett Decker Jr.,Brett,Decker Jr.,4.0,Guard,75.0,190.0,Elizabethtown,KY,,,2025,2026
142,2335,Liberty,CUSA,2026,1099,5107071,JC Shirer Jr.,JC,Shirer Jr.,10.0,Guard,75.0,195.0,Arlington,TX,,,2023,2026
142,2335,Liberty,CUSA,2026,1105,4700859,Josh Smith,Josh,Smith,12.0,Forward,81.0,225.0,Monrovia,IN,,,2025,2026
142,2335,Liberty,CUSA,2026,25172,5119095,JJ Harper,JJ,Harper,9.0,Guard,77.0,200.0,Orlando,FL,,,2026,2026
142,2335,Liberty,CUSA,2026,200044,5254332,Zander Carter,Zander,Carter,1.0,Guard,78.0,195.0,Greenup,KY,,,2026,2026
142,2335,Liberty,CUSA,2026,200047,5254331,TJ Drain,TJ,Drain,23.0,Forward,80.0,220.0,Windermere,FL,,,2026,2026
142,2335,Liberty,CUSA,2026,200048,5254335,Drew Grimes,Drew,Grimes,15.0,Forward,81.0,205.0,Goldsboro,NC,,,2026,2026
142,2335,Liberty,CUSA,2026,200052,5313665,Brady Kester,Brady,Kester,24.0,Forward,80.0,220.0,Huntersville,NC,,,2026,2026
142,2335,Liberty,CUSA,2026,200057,5313663,Torr Sorensen,Torr,Sorensen,20.0,Forward,79.0,220.0,Goode,VA,,,2026,2026
142,2335,Liberty,CUSA,2026,5707,5238192,Ryan Jones Jr.,Ryan,Jones Jr.,21.0,Forward,80.0,240.0,Gainesville,FL,,,2026,2026
255,2534,Sam Houston,CUSA,2026,7046,5242606,Jaxson Ford,Jaxson,Ford,10.0,Forward,79.0,215.0,Prosper,TX,,,2025,2026
255,2534,Sam Houston,CUSA,2026,7050,5242610,Cheikh Ndiaye,Cheikh,Ndiaye,23.0,Forward,82.0,215.0,Louga,SEN,,,2025,2026
255,2534,Sam Houston,CUSA,2026,7051,5242609,Jackson Rogers,Jackson,Rogers,22.0,Guard,75.0,205.0,Murphy,TX,,,2025,2026
255,2534,Sam Houston,CUSA,2026,7054,5176773,CJ Beaumont,CJ,Beaumont,1.0,Guard,80.0,210.0,West Palm Beach,FL,,,2024,2026
255,2534,Sam Houston,CUSA,2026,7055,4896936,Damon Nicholas Jr.,Damon,Nicholas Jr.,25.0,Guard,76.0,195.0,Duncanville,TX,,,2022,2026
255,2534,Sam Houston,CUSA,2026,2411,4897888,Veljko Ilic,Veljko,Ilic,8.0,Forward,82.0,240.0,Gornji Milanovac,SER,,,2026,2026
255,2534,Sam Houston,CUSA,2026,2962,5060702,Justin Begg,Justin,Begg,5.0,Guard,72.0,185.0,Houston,TX,,,2026,2026
255,2534,Sam Houston,CUSA,2026,2938,5179294,Po'Boigh King,Po'Boigh,King,35.0,Guard,77.0,200.0,Roanoke Rapids,NC,,,2026,2026
255,2534,Sam Houston,CUSA,2026,3609,5117648,Kashie Natt,Kashie,Natt,4.0,Guard,75.0,190.0,Rayville,LA,,,2026,2026
255,2534,Sam Houston,CUSA,2026,5676,4895786,Isaiah Manning,Isaiah,Manning,13.0,Forward,80.0,225.0,Mansfield,TX,,,2026,2026
255,2534,Sam Houston,CUSA,2026,201842,5314532,Noah Benny,Noah,Benny,0.0,Guard,72.0,170.0,Sugar Land,TX,,,2026,2026
255,2534,Sam Houston,CUSA,2026,201843,5241724,Jacobe Coleman,Jacobe,Coleman,2.0,Guard,75.0,200.0,Fort Smith,AR,,,2026,2026
255,2534,Sam Houston,CUSA,2026,201844,5314534,Matt Dann,Matt,Dann,12.0,Forward,84.0,235.0,Oakville,ON,,,2026,2026
255,2534,Sam Houston,CUSA,2026,201851,5314533,Nathan Nguyen,Nathan,Nguyen,11.0,Guard,72.0,160.0,Houston,TX,,,2026,2026
255,2534,Sam Houston,CUSA,2026,201854,5314535,Jacob Walker,Jacob,Walker,55.0,Guard,73.0,185.0,Memphis,TN,,,2026,2026
128,55,Jacksonville State,CUSA,2026,793,5106456,Jamar Franklin,Jamar,Franklin,11.0,Guard,75.0,170.0,Rockledge,FL,,,2025,2026
128,55,Jacksonville State,CUSA,2026,796,5105645,Iaroslav Niagu,Iaroslav,Niagu,99.0,Forward,84.0,235.0,Krasnodar,RUS,,,2025,2026
128,55,Jacksonville State,CUSA,2026,8646,5177521,AC Bryant,AC,Bryant,0.0,Guard,75.0,185.0,Shreveport,LA,,,2026,2026
128,55,Jacksonville State,CUSA,2026,2174,5196348,Bencao Vungo,Bencao,Vungo,5.0,Guard,78.0,215.0,Chitato,ANG,,,2026,2026
128,55,Jacksonville State,CUSA,2026,4408,5060718,Jaye Nash,Jaye,Nash,3.0,Guard,75.0,175.0,Memphis,TN,,,2026,2026
128,55,Jacksonville State,CUSA,2026,199844,5312342,Emondrek Erkins-Ford,Emondrek,Erkins-Ford,13.0,Forward,81.0,,Chicago,IL,,,2026,2026
128,55,Jacksonville State,CUSA,2026,199847,5312340,Jacoby Hill,Jacoby,Hill,2.0,Guard,76.0,,Phenix City,AL,,,2026,2026
128,55,Jacksonville State,CUSA,2026,800,5242122,Aidan Driggers,Aidan,Driggers,55.0,Forward,78.0,215.0,Oneonta,AL,,,2025,2026
128,55,Jacksonville State,CUSA,2026,805,4703415,Marcus Fitzgerald Jr.,Marcus,Fitzgerald Jr.,1.0,Guard,74.0,182.0,Nashville,TN,,,2025,2026
128,55,Jacksonville State,CUSA,2026,199848,5312343,Connor Loy,Connor,Loy,14.0,Guard,71.0,,Columbia,KY,,,2026,2026
128,55,Jacksonville State,CUSA,2026,199853,5312341,Jordan Vick,Jordan,Vick,8.0,Guard,70.0,,Rocky Mount,NC,,,2026,2026
128,55,Jacksonville State,CUSA,2026,4451,4709991,Aitor Anabitarte,Aitor,Anabitarte,21.0,Forward,80.0,216.0,Lasarte-Oria,ESP,,,2026,2026
128,55,Jacksonville State,CUSA,2026,4853,5240082,Mostapha El Moutaouakkil,Mostapha,El Moutaouakkil,23.0,Guard,78.0,195.0,Rabat,MAR,,,2026,2026
128,55,Jacksonville State,CUSA,2026,5756,5108777,Toby Nnadozie,Toby,Nnadozie,7.0,Guard,75.0,185.0,Baltimore,MD,,,2026,2026
128,55,Jacksonville State,CUSA,2026,6114,5107805,Thomas Tut,Thomas,Tut,42.0,Forward,82.0,210.0,Juba,SS,,,2026,2026
192,166,New Mexico State,CUSA,2026,6379,5242603,JaeCoby Osborne,JaeCoby,Osborne,4.0,Forward,78.0,,Missouri City,TX,,,2025,2026
192,166,New Mexico State,CUSA,2026,6383,5242601,Gabe Pickens,Gabe,Pickens,1.0,Guard,72.0,,Phoenix,AZ,,,2025,2026
192,166,New Mexico State,CUSA,2026,2170,5175054,Cyr Malonga,Cyr,Malonga,24.0,Center,83.0,239.0,Pointe-Noire,CGO,,,2026,2026
192,166,New Mexico State,CUSA,2026,2021,5106697,Kyrese Mullen,Kyrese,Mullen,3.0,Forward,79.0,230.0,Norfolk,VA,,,2026,2026
192,166,New Mexico State,CUSA,2026,1842,5241655,Teysean Eaglestaff,Teysean,Eaglestaff,7.0,Forward,79.0,188.0,Eagle Butte,SD,,,2026,2026
192,166,New Mexico State,CUSA,2026,358,5176709,Christian Villegas,Christian,Villegas,12.0,Guard,74.0,155.0,El Paso,TX,,,2026,2026
192,166,New Mexico State,CUSA,2026,5373,5107453,Jayland Randall,Jayland,Randall,8.0,Guard,77.0,180.0,Detroit,MI,,,2026,2026
192,166,New Mexico State,CUSA,2026,200872,5314527,Amarco Doyle,Amarco,Doyle,20.0,Forward,79.0,,Queensland,QLD,,,2026,2026
192,166,New Mexico State,CUSA,2026,200874,5240272,Augustine Ekwe,Augustine,Ekwe,44.0,Center,81.0,,Lagos,NGR,,,2026,2026
192,166,New Mexico State,CUSA,2026,746,4897978,Elijah Elliott,Elijah,Elliott,11.0,Guard,73.0,175.0,Houston,TX,,,2026,2026
192,166,New Mexico State,CUSA,2026,6550,5176298,Julius Mims,Julius,Mims,0.0,Forward,81.0,190.0,Billings,MT,,,2026,2026
192,166,New Mexico State,CUSA,2026,200883,5314526,Omarr Smith,Omarr,Smith,2.0,Guard,76.0,,Baltimore,MD,,,2026,2026
192,166,New Mexico State,CUSA,2026,200884,5180743,Chris Terrell,Chris,Terrell,5.0,Guard,72.0,165.0,Horn Lake,MS,,,2026,2026
192,166,New Mexico State,CUSA,2026,7375,5241846,Jemel Jones,Jemel,Jones,21.0,Guard,76.0,,Chicago,IL,,,2026,2026
192,166,New Mexico State,CUSA,2026,17074,5105877,Anthony Wrzeszcz,Anthony,Wrzeszcz,9.0,Guard,76.0,185.0,Gdynia,POL,,,2026,2026
133,338,Kennesaw State,CUSA,2026,7516,5242126,Braedan Lue,Braedan,Lue,13.0,Forward,81.0,235.0,Douglasville,GA,,,2025,2026
133,338,Kennesaw State,CUSA,2026,7519,5242125,Jamil Miller,Jamil,Miller,10.0,Guard,78.0,205.0,Spokane,WA,,,2025,2026
133,338,Kennesaw State,CUSA,2026,7520,5106660,Simeon Cottle,Simeon,Cottle,5.0,Guard,74.0,175.0,College Park,GA,,,2023,2026
133,338,Kennesaw State,CUSA,2026,7521,5242128,Dozie Onyirimba,Dozie,Onyirimba,30.0,Forward,75.0,196.0,Powder Springs,GA,,,2025,2026
133,338,Kennesaw State,CUSA,2026,7523,5176187,Frankquon Sherman,Frankquon,Sherman,6.0,Forward,79.0,220.0,Lincolnton,GA,,,2024,2026
133,338,Kennesaw State,CUSA,2026,7525,5106665,Eric Holland,Eric,Holland,9.0,Guard,68.0,153.0,Tifton,GA,,,2023,2026
133,338,Kennesaw State,CUSA,2026,7526,5106664,Charles Stone,Charles,Stone,31.0,Guard,74.0,180.0,Columbus,GA,,,2023,2026
133,338,Kennesaw State,CUSA,2026,7527,5101667,Ramone Seals,Ramone,Seals,0.0,Guard,78.0,220.0,Tampa,FL,,,2025,2026
133,338,Kennesaw State,CUSA,2026,7531,5176186,RJ Johnson,RJ,Johnson,11.0,Guard,76.0,225.0,Huntsville,AL,,,2024,2026
133,338,Kennesaw State,CUSA,2026,7532,4894459,Chase Clemmons,Chase,Clemmons,7.0,Guard,73.0,178.0,Woodstock,GA,,,2024,2026
133,338,Kennesaw State,CUSA,2026,2936,5107296,Perry Smith Jr.,Perry,Smith Jr.,12.0,Forward,80.0,241.0,Augusta,GA,,,2026,2026
133,338,Kennesaw State,CUSA,2026,5774,5132733,Davin Cosby Jr.,Davin,Cosby Jr.,1.0,Guard,77.0,215.0,Richmond,VA,,,2026,2026
133,338,Kennesaw State,CUSA,2026,6384,5176770,Jaden Harris,Jaden,Harris,21.0,Guard,76.0,187.0,Atlanta,GA,,,2026,2026
133,338,Kennesaw State,CUSA,2026,199926,5312345,Kaden Rickard,Kaden,Rickard,4.0,Guard,78.0,211.0,Madison,AL,,,2026,2026
133,338,Kennesaw State,CUSA,2026,199929,5312350,Trey Simpson,Trey,Simpson,2.0,Forward,80.0,212.0,Evergreen,AL,,,2026,2026
133,338,Kennesaw State,CUSA,2026,199932,5312348,Amir Taylor,Amir,Taylor,23.0,Forward,81.0,250.0,Pittsburgh,PA,,,2026,2026
133,338,Kennesaw State,CUSA,2026,199933,5312346,Nigel Thomas,Nigel,Thomas,8.0,Forward,80.0,203.0,Cincinnati,OH,,,2026,2026
133,338,Kennesaw State,CUSA,2026,199934,5312349,Brendan Tousignaut,Brendan,Tousignaut,24.0,Guard,77.0,185.0,Canton,GA,,,2026,2026
133,338,Kennesaw State,CUSA,2026,199935,5312344,Darius Washington III,Darius,Washington III,3.0,Guard,77.0,198.0,Orlando,FL,,,2026,2026
69,2174,Detroit Mercy,Horizon,2026,1798,5191345,Jared Lary,Jared,Lary,13.0,Guard,78.0,200.0,Grand Rapids,MI,,,2025,2026
69,2174,Detroit Mercy,Horizon,2026,1799,5241614,Nate Johnson,Nate,Johnson,10.0,Guard,79.0,215.0,Grand Rapids,MI,,,2025,2026
69,2174,Detroit Mercy,Horizon,2026,1800,5108764,Orlando Lovejoy,Orlando,Lovejoy,5.0,Guard,75.0,190.0,Detroit,MI,,,2025,2026
69,2174,Detroit Mercy,Horizon,2026,1802,5241617,Ryan Kalambay,Ryan,Kalambay,30.0,Forward,81.0,240.0,Brampton,ON,,,2025,2026
69,2174,Detroit Mercy,Horizon,2026,1804,4684296,Legend Geeter,Legend,Geeter,23.0,Forward,80.0,230.0,River Rouge,MI,,,2025,2026
69,2174,Detroit Mercy,Horizon,2026,1805,5241618,TJ Nadeau,TJ,Nadeau,33.0,Guard,77.0,205.0,South Lyon,MI,,,2025,2026
69,2174,Detroit Mercy,Horizon,2026,198934,5313185,Zak Abdalla,Zak,Abdalla,25.0,Guard,74.0,180.0,Las Vegas,NV,,,2026,2026
69,2174,Detroit Mercy,Horizon,2026,198935,5313184,Ayden Carter,Ayden,Carter,7.0,Guard,77.0,200.0,Fremont,OH,,,2026,2026
69,2174,Detroit Mercy,Horizon,2026,198936,5313181,Je'kel Cotton,Je'kel,Cotton,2.0,Guard,78.0,190.0,Lima,OH,,,2026,2026
69,2174,Detroit Mercy,Horizon,2026,198937,5313182,Keshawn Fisher,Keshawn,Fisher,4.0,Guard,79.0,200.0,Detroit,MI,,,2026,2026
69,2174,Detroit Mercy,Horizon,2026,198939,5313183,Xavier Istomin-Monroe,Xavier,Istomin-Monroe,6.0,Center,85.0,235.0,Sydney,NSW,,,2026,2026
69,2174,Detroit Mercy,Horizon,2026,20610,5108092,London Maiden,London,Maiden,20.0,Center,80.0,250.0,Cleveland,OH,,,2026,2026
69,2174,Detroit Mercy,Horizon,2026,198947,5215269,Lance Stone,Lance,Stone,11.0,Guard,68.0,160.0,Detroit,MI,,,2026,2026
69,2174,Detroit Mercy,Horizon,2026,5605,5241607,Tyler Spratt,Tyler,Spratt,1.0,Guard,77.0,200.0,Farmington,MI,,,2026,2026
357,2750,Wright State,Horizon,2026,546,4707481,Michael Imariagbe,Michael,Imariagbe,33.0,Forward,79.0,225.0,Houston,TX,,,2025,2026
357,2750,Wright State,Horizon,2026,548,5106806,Logan Woods,Logan,Woods,21.0,Guard,77.0,185.0,Fairfield,OH,,,2023,2026
357,2750,Wright State,Horizon,2026,554,5241701,Ayden Davis,Ayden,Davis,51.0,Center,82.0,225.0,Onsted,MI,,,2025,2026
357,2750,Wright State,Horizon,2026,555,5177215,Solomon Callaghan,Solomon,Callaghan,13.0,Guard,74.0,195.0,Wadsworth,OH,,,2024,2026
357,2750,Wright State,Horizon,2026,558,5241700,Andrea Holden,Andrea,Holden,20.0,Forward,78.0,215.0,Hamilton,OH,,,2025,2026
357,2750,Wright State,Horizon,2026,559,5241699,Alex Bruskotter,Alex,Bruskotter,5.0,Guard,80.0,205.0,Shelby,OH,,,2025,2026
357,2750,Wright State,Horizon,2026,2657,5241483,TJ Burch,TJ,Burch,22.0,Guard,73.0,160.0,Dallas,TX,,,2026,2026
357,2750,Wright State,Horizon,2026,9510,5106602,Bryan Etumnu,Bryan,Etumnu,1.0,Forward,79.0,220.0,Sugar Land,TX,,,2026,2026
357,2750,Wright State,Horizon,2026,5812,5243109,Dominic Pangonis,Dominic,Pangonis,3.0,Guard,79.0,200.0,Toronto,ON,,,2026,2026
357,2750,Wright State,Horizon,2026,3944,4898006,Sam Alamutu,Sam,Alamutu,2.0,Guard,77.0,220.0,Ajax,ON,,,2026,2026
357,2750,Wright State,Horizon,2026,203485,5314630,Michael Cooper,Michael,Cooper,55.0,Guard,75.0,185.0,Jeffersonville,IN,,,2026,2026
357,2750,Wright State,Horizon,2026,203487,5314628,PJ Douglas,PJ,Douglas,12.0,Guard,76.0,205.0,Jeffersonville,IN,,,2026,2026
357,2750,Wright State,Horizon,2026,203492,5314627,Kellen Pickett,Kellen,Pickett,4.0,Forward,81.0,215.0,Fort Wayne,IN,,,2026,2026
357,2750,Wright State,Horizon,2026,203493,5314629,Isaiah Williams,Isaiah,Williams,15.0,Guard,75.0,185.0,Beavercreek,OH,,,2026,2026
105,2739,Green Bay,Horizon,2026,6650,5176814,Marcus Hall,Marcus,Hall,13.0,Forward,78.0,,Schofield,WI,,,2024,2026
105,2739,Green Bay,Horizon,2026,6651,4897485,Preston Ruedinger,Preston,Ruedinger,2.0,Guard,74.0,185.0,Oshkosh,WI,,,2024,2026
105,2739,Green Bay,Horizon,2026,6658,5241635,C.J. O'Hara,C.J.,O'Hara,10.0,Guard,76.0,,Minneapolis,MN,,,2025,2026
105,2739,Green Bay,Horizon,2026,6660,5176812,Mac Wrecke,Mac,Wrecke,4.0,Guard,77.0,,Hartland,WI,,,2024,2026
105,2739,Green Bay,Horizon,2026,6663,5241637,Caden Wilkins,Caden,Wilkins,23.0,Forward,78.0,,Bettendorf,IA,,,2025,2026
105,2739,Green Bay,Horizon,2026,6665,5241636,Brady Fitzgerald,Brady,Fitzgerald,21.0,Guard,76.0,,Fortville,IN,,,2025,2026
105,2739,Green Bay,Horizon,2026,23279,5115454,Josh Hines,Josh,Hines,1.0,Guard,74.0,165.0,Macomb,MI,,,2026,2026
105,2739,Green Bay,Horizon,2026,199484,5313196,Justin Allen,Justin,Allen,7.0,Guard,76.0,,Mount Kisco,NY,,,2026,2026
105,2739,Green Bay,Horizon,2026,199485,5313193,Ramel Bethea,Ramel,Bethea,0.0,Forward,81.0,,Fort Washington,MD,,,2026,2026
105,2739,Green Bay,Horizon,2026,199486,5313199,Maruan Cicic,Maruan,Cicic,20.0,Center,84.0,,Bar,MTG,,,2026,2026
105,2739,Green Bay,Horizon,2026,199493,5313197,Trey Schachter,Trey,Schachter,11.0,Guard,75.0,,Pittsburgh,PA,,,2026,2026
105,2739,Green Bay,Horizon,2026,199494,5313198,Rob Stroud,Rob,Stroud,15.0,Forward,77.0,,Danville,IL,,,2026,2026
105,2739,Green Bay,Horizon,2026,199495,5313200,LeBron Thomas,LeBron,Thomas,22.0,Guard,75.0,,Bishopville,SC,,,2026,2026
105,2739,Green Bay,Horizon,2026,199496,5313195,Vukasin Todorovic,Vukasin,Todorovic,6.0,Forward,80.0,,Ljubljana,SLO,,,2026,2026
105,2739,Green Bay,Horizon,2026,199497,5313194,Keegan Van Kauwenberg,Keegan,Van Kauwenberg,3.0,Guard,75.0,,Kaukauna,WI,,,2026,2026
105,2739,Green Bay,Horizon,2026,11578,5183131,Dontrell Hewlett,Dontrell,Hewlett,12.0,Athlete,76.0,,Sacramento,CA,,,2026,2026
172,270,Milwaukee,Horizon,2026,3009,5106461,Faizon Fields,Faizon,Fields,22.0,Forward,82.0,220.0,Memphis,TN,,,2024,2026
172,270,Milwaukee,Horizon,2026,3016,5241671,Austin Villarreal,Austin,Villarreal,23.0,Guard,73.0,180.0,Pewaukee,WI,,,2025,2026
172,270,Milwaukee,Horizon,2026,3017,5241668,Esyah Pippa-White,Esyah,Pippa-White,24.0,Guard,74.0,180.0,Portland,OR,,,2025,2026
172,270,Milwaukee,Horizon,2026,5397,5240519,Sekou Konneh,Sekou,Konneh,25.0,Forward,81.0,215.0,Milwaukee,WI,,,2026,2026
172,270,Milwaukee,Horizon,2026,9378,4897222,Amar Augillard,Amar,Augillard,1.0,Guard,77.0,225.0,Zion,IL,,,2026,2026
172,270,Milwaukee,Horizon,2026,200552,5144090,Josh Dixon,Josh,Dixon,2.0,Guard,73.0,160.0,Charlotte,NC,,,2026,2026
172,270,Milwaukee,Horizon,2026,200553,5313242,Isaiah Dorceus,Isaiah,Dorceus,5.0,Guard,72.0,180.0,Orlando,FL,,,2026,2026
172,270,Milwaukee,Horizon,2026,200554,5313243,Stevie Elam,Stevie,Elam,8.0,Guard,75.0,200.0,Adrian,MI,,,2026,2026
172,270,Milwaukee,Horizon,2026,2526,5108000,Seth Hubbard,Seth,Hubbard,12.0,Guard,76.0,195.0,Jonesboro,GA,,,2026,2026
172,270,Milwaukee,Horizon,2026,3018,5176835,Aaron Franklin,Aaron,Franklin,29.0,Guard,77.0,210.0,Kansas City,MO,,,2024,2026
172,270,Milwaukee,Horizon,2026,3021,5106810,John Lovelace Jr.,John,Lovelace Jr.,0.0,Guard,80.0,215.0,Milwaukee,WI,,,2025,2026
172,270,Milwaukee,Horizon,2026,3024,4858608,Simeon Murchison,Simeon,Murchison,9.0,Forward,81.0,221.0,Milwaukee,WI,,,2024,2026
172,270,Milwaukee,Horizon,2026,3025,4838711,Danilo Jovanovich,Danilo,Jovanovich,3.0,Forward,80.0,227.0,Milwaukee,WI,,,2025,2026
172,270,Milwaukee,Horizon,2026,200558,5313245,Chandler Jackson,Chandler,Jackson,11.0,Forward,79.0,225.0,Indianapolis,IN,,,2026,2026
172,270,Milwaukee,Horizon,2026,200562,5313246,Tate Mackenzie,Tate,Mackenzie,34.0,Forward,82.0,260.0,Ypsilanti,MI,,,2026,2026
172,270,Milwaukee,Horizon,2026,200565,5313244,Ned Renfree,Ned,Renfree,10.0,Guard,74.0,193.0,Ballarat,VIC,,,2026,2026
53,325,Cleveland State,Horizon,2026,198682,5313176,Lucas Burton,Lucas,Burton,13.0,Forward,80.0,195.0,Vancouver,BC,,,2026,2026
53,325,Cleveland State,Horizon,2026,198684,5313174,David Giddens,David,Giddens,5.0,Guard,79.0,205.0,Atlanta,GA,,,2026,2026
53,325,Cleveland State,Horizon,2026,14659,5261965,Manny Hill,Manny,Hill,23.0,Athlete,72.0,175.0,Cleveland,OH,,,2026,2026
53,325,Cleveland State,Horizon,2026,1131,5240370,Holden Pierre-Louis,Holden,Pierre-Louis,12.0,Forward,80.0,235.0,Potomac,MD,,,2026,2026
53,325,Cleveland State,Horizon,2026,198692,5313177,Ivan Spirov,Ivan,Spirov,15.0,Forward,80.0,216.0,Varna,BUL,,,2026,2026
53,325,Cleveland State,Horizon,2026,198693,5313178,Kevo St. Hilaire,Kevo,St. Hilaire,50.0,Forward,82.0,250.0,West Lafayette,IN,,,2026,2026
53,325,Cleveland State,Horizon,2026,198694,5313175,Waqo Tessema,Waqo,Tessema,11.0,Guard,72.0,175.0,Winnipeg,MB,,,2026,2026
53,325,Cleveland State,Horizon,2026,13584,5182601,Tre Beard,Tre,Beard,3.0,Point Guard,70.0,165.0,Chillicothe,OH,,,2026,2026
53,325,Cleveland State,Horizon,2026,4960,5106292,Josiah Harris,Josiah,Harris,22.0,Forward,79.0,225.0,Canton,OH,,,2026,2026
53,325,Cleveland State,Horizon,2026,5186,5239604,Dayan Nessah,Dayan,Nessah,7.0,Forward,79.0,218.0,Geneva,SUI,,,2026,2026
53,325,Cleveland State,Horizon,2026,3718,5106598,Chevalier Emery,Chevalier,Emery,1.0,Guard,72.0,183.0,Appleton,WI,,,2026,2026
53,325,Cleveland State,Horizon,2026,3727,5176378,Kamari Jones,Kamari,Jones,24.0,Guard,76.0,180.0,Indianapolis,IN,,,2026,2026
53,325,Cleveland State,Horizon,2026,6652,4897481,Foster Wonders,Foster,Wonders,0.0,Guard,77.0,204.0,Iron Mountain,MI,,,2026,2026
53,325,Cleveland State,Horizon,2026,7414,5177686,Jaidon Lipscomb,Jaidon,Lipscomb,2.0,Guard,77.0,171.0,Columbus,OH,,,2026,2026
53,325,Cleveland State,Horizon,2026,16547,5176268,Preist Ryan,Preist,Ryan,4.0,Guard,78.0,220.0,Pittsburgh,PA,,,2026,2026
361,2754,Youngstown State,Horizon,2026,9610,4710358,Jason Nelson,Jason,Nelson,0.0,Guard,70.0,175.0,Richmond,VA,,,2025,2026
361,2754,Youngstown State,Horizon,2026,9613,5241706,Cris Carroll,Cris,Carroll,15.0,Forward,78.0,230.0,Tallahassee,FL,,,2025,2026
361,2754,Youngstown State,Horizon,2026,9620,4898165,Imanuel Zorgvol,Imanuel,Zorgvol,10.0,Center,84.0,215.0,Paramaribo,SUR,,,2024,2026
361,2754,Youngstown State,Horizon,2026,223,5107307,Drew King,Drew,King,6.0,Guard,75.0,190.0,Phoenix,AZ,,,2026,2026
361,2754,Youngstown State,Horizon,2026,203558,5314623,Markus Navarra,Markus,Navarra,13.0,Forward,80.0,225.0,Saranac Lake,NY,,,2026,2026
361,2754,Youngstown State,Horizon,2026,5112,5106862,Rich Rolf,Rich,Rolf,2.0,Forward,79.0,210.0,Centerville,OH,,,2026,2026
361,2754,Youngstown State,Horizon,2026,5270,5107077,Bryson Dawkins,Bryson,Dawkins,9.0,Guard,74.0,200.0,Dothan,AL,,,2026,2026
361,2754,Youngstown State,Horizon,2026,4573,5107154,Vlad Salaridze,Vlad,Salaridze,7.0,Forward,79.0,230.0,Tbilisi,GEO,,,2026,2026
361,2754,Youngstown State,Horizon,2026,203552,5314621,Derrick Anderson,Derrick,Anderson,3.0,Guard,73.0,180.0,Boardman,OH,,,2026,2026
361,2754,Youngstown State,Horizon,2026,203553,5314625,Tae Blackshear,Tae,Blackshear,77.0,Guard,78.0,180.0,Atlanta,GA,,,2026,2026
361,2754,Youngstown State,Horizon,2026,203556,5314622,Jaiden Haynes,Jaiden,Haynes,8.0,Guard,75.0,185.0,Atlanta,GA,,,2026,2026
361,2754,Youngstown State,Horizon,2026,203560,5314620,Cam Polak,Cam,Polak,1.0,Guard,74.0,185.0,West Homestead,PA,,,2026,2026
361,2754,Youngstown State,Horizon,2026,32882,4708533,Tyler Robinett,Tyler,Robinett,4.0,Forward,80.0,215.0,Middleton,ID,,,2026,2026
361,2754,Youngstown State,Horizon,2026,203565,5314624,Connor Swider,Connor,Swider,21.0,Forward,81.0,200.0,Portsmouth,RI,,,2026,2026
361,2754,Youngstown State,Horizon,2026,9621,5241703,Shaheed Solebo,Shaheed,Solebo,5.0,Guard,76.0,185.0,Chicago,IL,,,2025,2026
214,2473,Oakland,Horizon,2026,1721,5177207,Tuburu Naivalurua,Tuburu,Naivalurua,12.0,Forward,80.0,240.0,Sydney,NSW,,,2024,2026
214,2473,Oakland,Horizon,2026,1724,5241679,Nassim Mashhour,Nassim,Mashhour,0.0,Guard,78.0,190.0,Dearborn,MI,,,2025,2026
214,2473,Oakland,Horizon,2026,1731,5241684,Warren Marshall IV,Warren,Marshall IV,13.0,Guard,78.0,180.0,Auburn Hills,MI,,,2025,2026
214,2473,Oakland,Horizon,2026,717,5107377,Brody Robinson,Brody,Robinson,55.0,Guard,71.0,160.0,Houston,TX,,,2026,2026
214,2473,Oakland,Horizon,2026,791,5177149,Michael Houge,Michael,Houge,6.0,Forward,79.0,228.0,Detroit,MI,,,2026,2026
214,2473,Oakland,Horizon,2026,4888,5240688,Nate Deer,Nate,Deer,11.0,Forward,82.0,240.0,Adelaide,SA,,,2026,2026
214,2473,Oakland,Horizon,2026,201211,5313714,Isaac Garrett,Isaac,Garrett,32.0,Forward,80.0,219.0,Pleasant Grove,UT,,,2026,2026
214,2473,Oakland,Horizon,2026,201213,5313710,William Kassi,William,Kassi,4.0,Guard,81.0,190.0,Pontoise,FRA,,,2026,2026
214,2473,Oakland,Horizon,2026,201215,5313708,Hamoudy Mashhour,Hamoudy,Mashhour,1.0,Guard,74.0,188.0,Dearborn,MI,,,2026,2026
214,2473,Oakland,Horizon,2026,201219,5313713,Khoi Thurmon,Khoi,Thurmon,21.0,Guard,73.0,205.0,Chicago,IL,,,2026,2026
214,2473,Oakland,Horizon,2026,201221,5315124,Ziare Wells,Ziare,Wells,2.0,Guard,78.0,170.0,Queens,NY,,,2026,2026
214,2473,Oakland,Horizon,2026,201222,5313712,Brett White II,Brett,White II,10.0,Guard,78.0,184.0,Battle Creek,MI,,,2026,2026
214,2473,Oakland,Horizon,2026,201223,5313709,Donny Yeager,Donny,Yeager,3.0,Guard,72.0,173.0,Saginaw,MI,,,2026,2026
214,2473,Oakland,Horizon,2026,201224,5313711,MJ Yeager,MJ,Yeager,5.0,Guard,70.0,152.0,Saginaw,MI,,,2026,2026
210,94,Northern Kentucky,Horizon,2026,3089,5241674,Dan Gherezgher,Dan,Gherezgher,0.0,Guard,76.0,180.0,Brookfield,WI,,,2025,2026
210,94,Northern Kentucky,Horizon,2026,3093,5106776,LJ Wells,LJ,Wells,5.0,Forward,80.0,220.0,Eau Claire,WI,,,2023,2026
210,94,Northern Kentucky,Horizon,2026,3095,5177192,Bryce Darbyshire,Bryce,Darbyshire,4.0,Guard,76.0,180.0,Cincinnati,OH,,,2024,2026
210,94,Northern Kentucky,Horizon,2026,3099,5241676,Donovan Rakotonanahary,Donovan,Rakotonanahary,10.0,Guard,78.0,190.0,Antananarivo,MAD,,,2025,2026
210,94,Northern Kentucky,Horizon,2026,3101,5106778,Mitchel Minor,Mitchel,Minor,26.0,Guard,70.0,165.0,Taylor Mill,KY,,,2023,2026
210,94,Northern Kentucky,Horizon,2026,26019,4901934,Tae Dozier,Tae,Dozier,11.0,Guard,77.0,170.0,Louisville,KY,,,2026,2026
210,94,Northern Kentucky,Horizon,2026,6393,5107298,Donovan Oday,Donovan,Oday,8.0,Guard,74.0,195.0,Arlington,TX,,,2026,2026
210,94,Northern Kentucky,Horizon,2026,201127,5313284,JJ Apathjang,JJ,Apathjang,22.0,Guard,76.0,185.0,Salt Lake City,UT,,,2026,2026
210,94,Northern Kentucky,Horizon,2026,201128,5313282,Addison Archer,Addison,Archer,12.0,Forward,81.0,195.0,Charlotte,NC,,,2026,2026
210,94,Northern Kentucky,Horizon,2026,201131,5313281,Ethan Elliott,Ethan,Elliott,6.0,Guard,75.0,190.0,Perth,WA,,,2026,2026
210,94,Northern Kentucky,Horizon,2026,201134,5313280,Shawn Nelson,Shawn,Nelson,3.0,Guard,75.0,195.0,Miami,FL,,,2026,2026
210,94,Northern Kentucky,Horizon,2026,18757,4904206,Kael Robinson,Kael,Robinson,24.0,Guard,79.0,220.0,Hamilton,NZL,,,2026,2026
210,94,Northern Kentucky,Horizon,2026,201138,5313279,Ryan Tolliver,Ryan,Tolliver,1.0,Guard,79.0,220.0,Hartford,CT,,,2026,2026
210,94,Northern Kentucky,Horizon,2026,211515,5313283,Juanma Ruiz,Juanma,Ruiz,17.0,Forward,81.0,200.0,Cordoba,ESP,,,2026,2026
237,2870,Purdue Fort Wayne,Horizon,2026,1659,5107870,Maximus Nelson,Maximus,Nelson,11.0,Forward,80.0,215.0,Appleton,WI,,,2024,2026
237,2870,Purdue Fort Wayne,Horizon,2026,1665,5106786,Deangelo Elisee,Deangelo,Elisee,13.0,Forward,81.0,260.0,Nassau,BAH,,,2023,2026
237,2870,Purdue Fort Wayne,Horizon,2026,1667,5177707,Corey Hadnot II,Corey,Hadnot II,10.0,Guard,75.0,175.0,Atlanta,GA,,,2024,2026
237,2870,Purdue Fort Wayne,Horizon,2026,894,5176937,DeAndre Craig Jr.,DeAndre,Craig Jr.,9.0,Guard,72.0,175.0,Chicago,IL,,,2026,2026
237,2870,Purdue Fort Wayne,Horizon,2026,6203,5177573,Mikale Stevenson,Mikale,Stevenson,2.0,Guard,74.0,175.0,Fort Wayne,IN,,,2026,2026
237,2870,Purdue Fort Wayne,Horizon,2026,2834,5239710,Ebrahim Kaba,Ebrahim,Kaba,1.0,Guard,81.0,200.0,East Orange,NJ,,,2026,2026
237,2870,Purdue Fort Wayne,Horizon,2026,3015,5176836,Darius Duffy,Darius,Duffy,34.0,Forward,80.0,225.0,Murray,KY,,,2026,2026
237,2870,Purdue Fort Wayne,Horizon,2026,201579,5313723,Danny Kelly,Danny,Kelly,22.0,Guard,78.0,,Fort Wayne,IN,,,2026,2026
237,2870,Purdue Fort Wayne,Horizon,2026,201580,5313722,Yuval Levin,Yuval,Levin,15.0,Forward,80.0,,Haifa,ISR,,,2026,2026
237,2870,Purdue Fort Wayne,Horizon,2026,201581,5313720,Ja'Corey Lipkins,Ja'Corey,Lipkins,0.0,Guard,73.0,,Canton,OH,,,2026,2026
237,2870,Purdue Fort Wayne,Horizon,2026,201583,5313725,Quentin Morgan,Quentin,Morgan,31.0,Forward,81.0,,Glen Allen,VA,,,2026,2026
237,2870,Purdue Fort Wayne,Horizon,2026,201584,5313721,EJ Mosley,EJ,Mosley,5.0,Guard,72.0,,Chicago,IL,,,2026,2026
237,2870,Purdue Fort Wayne,Horizon,2026,201586,5313724,Solomon Richard,Solomon,Richard,23.0,Guard,74.0,,Leo,IN,,,2026,2026
237,2870,Purdue Fort Wayne,Horizon,2026,1669,5106785,Chris Morgan,Chris,Morgan,4.0,Guard,74.0,190.0,Kaukauna,WI,,,2023,2026
237,2870,Purdue Fort Wayne,Horizon,2026,1672,5241687,Mason Shrout,Mason,Shrout,24.0,Guard,77.0,180.0,Camden,OH,,,2025,2026
115,85,IU Indianapolis,Horizon,2026,634,5115456,Ajay Holubar,Ajay,Holubar,22.0,Guard,75.0,185.0,Bargersville,IN,,,2025,2026
115,85,IU Indianapolis,Horizon,2026,199804,5313216,Gabe Stewart,Gabe,Stewart,24.0,Forward,81.0,225.0,Daytona Beach,FL,,,2026,2026
115,85,IU Indianapolis,Horizon,2026,199805,5313214,Kameron Tinsley,Kameron,Tinsley,20.0,Forward,78.0,180.0,Roanoke,VA,,,2026,2026
115,85,IU Indianapolis,Horizon,2026,199806,5313210,Finley Woodward,Finley,Woodward,7.0,Forward,79.0,215.0,Bristol,ENG,,,2026,2026
115,85,IU Indianapolis,Horizon,2026,1570,5239785,Micah Davis,Micah,Davis,4.0,Guard,74.0,175.0,Greenwood,IN,,,2026,2026
115,85,IU Indianapolis,Horizon,2026,2833,5107890,Jaxon Edwards,Jaxon,Edwards,0.0,Guard,77.0,195.0,Indianapolis,IN,,,2026,2026
115,85,IU Indianapolis,Horizon,2026,14166,5261271,Lav Cvetkovic,Lav,Cvetkovic,10.0,Athlete,79.0,210.0,Novi Sad,SER,,,2026,2026
115,85,IU Indianapolis,Horizon,2026,199793,5313208,Corey Boston,Corey,Boston,2.0,Guard,70.0,170.0,Lafayette,AL,,,2026,2026
115,85,IU Indianapolis,Horizon,2026,12192,5181934,Matt Compas,Matt,Compas,15.0,Guard,76.0,170.0,Blue Bell,PA,,,2026,2026
115,85,IU Indianapolis,Horizon,2026,199796,5313212,Kyler D'Augustino,Kyler,D'Augustino,12.0,Guard,73.0,195.0,Albany,OH,,,2026,2026
115,85,IU Indianapolis,Horizon,2026,199799,5313207,Reece Hagy,Reece,Hagy,1.0,Forward,80.0,220.0,Charlottesville,VA,,,2026,2026
115,85,IU Indianapolis,Horizon,2026,199801,5313215,Aiden Miller,Aiden,Miller,23.0,Forward,80.0,210.0,Austin,TX,,,2026,2026
115,85,IU Indianapolis,Horizon,2026,199802,5313213,Maguire Mitchell,Maguire,Mitchell,13.0,Guard,77.0,185.0,Zionsville,IN,,,2026,2026
115,85,IU Indianapolis,Horizon,2026,199803,5313211,Garrett Sever,Garrett,Sever,11.0,Guard,75.0,190.0,Hilliard,OH,,,2026,2026
115,85,IU Indianapolis,Horizon,2026,211501,5313209,JP Dragas,JP,Dragas,5.0,Guard,73.0,160.0,Madison,OH,,,2026,2026
244,2523,Robert Morris,Horizon,2026,3305,5108062,Ryan Prather Jr.,Ryan,Prather Jr.,2.0,Guard,77.0,205.0,Clarksburg,MD,,,2025,2026
244,2523,Robert Morris,Horizon,2026,3313,5177212,Vasilije Serafimoski,Vasilije,Serafimoski,14.0,Guard,78.0,195.0,Gostivar,MKD,,,2024,2026
244,2523,Robert Morris,Horizon,2026,3314,5106795,Cyril Arvanitis,Cyril,Arvanitis,9.0,Guard,75.0,185.0,Elberon,NJ,,,2023,2026
244,2523,Robert Morris,Horizon,2026,3315,5106794,Tanner O'Grady,Tanner,O'Grady,8.0,Guard,72.0,175.0,Pittsburgh,PA,,,2023,2026
244,2523,Robert Morris,Horizon,2026,7336,5177532,Ubong Okon,Ubong,Okon,35.0,Center,85.0,230.0,Akwa-ibom,NGR,,,2026,2026
244,2523,Robert Morris,Horizon,2026,6398,4690766,Kaleb Brown,Kaleb,Brown,4.0,Guard,79.0,245.0,Huntsville,AL,,,2026,2026
244,2523,Robert Morris,Horizon,2026,628,5241658,DeSean Goode,DeSean,Goode,0.0,Forward,80.0,230.0,Fairmont,WV,,,2026,2026
244,2523,Robert Morris,Horizon,2026,1529,5175001,Nikolaos Chitikoudis,Nikolaos,Chitikoudis,16.0,Forward,81.0,215.0,Thessaloniki,GRE,,,2026,2026
244,2523,Robert Morris,Horizon,2026,201704,5257959,Eddie Cooke Iii,Eddie,Cooke Iii,6.0,Forward,77.0,202.0,Atlanta,GA,,,2026,2026
244,2523,Robert Morris,Horizon,2026,4976,5196867,Josh Hill,Josh,Hill,1.0,Forward,83.0,200.0,Laurel,MD,,,2026,2026
244,2523,Robert Morris,Horizon,2026,201707,5313734,Jeremiah Littlejohn,Jeremiah,Littlejohn,21.0,Guard,77.0,160.0,Gaithersburg,MD,,,2026,2026
244,2523,Robert Morris,Horizon,2026,201708,5313731,Darius Livingston,Darius,Livingston,12.0,Guard,74.0,165.0,Orlando,FL,,,2026,2026
244,2523,Robert Morris,Horizon,2026,201710,5313732,Samuel Obenjo,Samuel,Obenjo,13.0,Forward,82.0,187.0,Stockholm,SWE,,,2026,2026
244,2523,Robert Morris,Horizon,2026,201715,5313733,Albert Vargas,Albert,Vargas,20.0,Guard,70.0,160.0,New York,NY,,,2026,2026
244,2523,Robert Morris,Horizon,2026,201716,5313730,Cam Wilds,Cam,Wilds,5.0,Guard,78.0,215.0,Virginia Beach,VA,,,2026,2026
244,2523,Robert Morris,Horizon,2026,5970,5240756,Ta'Zir Smith,Ta'Zir,Smith,3.0,Guard,75.0,182.0,Woodbridge,VA,,,2026,2026
234,163,Princeton,Ivy,2026,3382,5177173,Jacob Huggins,Jacob,Huggins,12.0,Forward,80.0,225.0,Oak Park,CA,,,2024,2026
234,163,Princeton,Ivy,2026,3384,5177175,Dalen Davis,Dalen,Davis,22.0,Guard,72.0,190.0,Chicago,IL,,,2024,2026
234,163,Princeton,Ivy,2026,3385,5177174,Jackson Hicke,Jackson,Hicke,33.0,Guard,77.0,200.0,Radnor,PA,,,2024,2026
234,163,Princeton,Ivy,2026,3387,5241741,CJ Happy,CJ,Happy,4.0,Forward,81.0,226.0,Sterling,MA,,,2025,2026
234,163,Princeton,Ivy,2026,3388,5174791,Malik Abdullahi,Malik,Abdullahi,7.0,Forward,79.0,207.0,Miami,FL,,,2025,2026
234,163,Princeton,Ivy,2026,3390,5241743,Jack Stanton,Jack,Stanton,21.0,Guard,74.0,184.0,Downers Grove,IL,,,2025,2026
234,163,Princeton,Ivy,2026,3391,5241740,Peyton Seals,Peyton,Seals,2.0,Guard,76.0,212.0,Wyckoff,NJ,,,2025,2026
234,163,Princeton,Ivy,2026,3393,5241742,Zio Kim,Zio,Kim,5.0,Guard,76.0,160.0,Basking Ridge,NJ,,,2025,2026
234,163,Princeton,Ivy,2026,12250,5247624,Cooper Mueller,Cooper,Mueller,66.0,Guard,75.0,180.0,Villanova,PA,,,2025,2026
234,163,Princeton,Ivy,2026,201529,5221328,Landon Clark,Landon,Clark,8.0,Guard,80.0,200.0,Bangor,ME,,,2026,2026
234,163,Princeton,Ivy,2026,201531,5236224,Jacob Hammond,Jacob,Hammond,24.0,Forward,78.0,220.0,Whitby,ON,,,2026,2026
234,163,Princeton,Ivy,2026,201536,5314679,Ryan Mandes,Ryan,Mandes,6.0,Guard,75.0,190.0,Denver,CO,,,2026,2026
234,163,Princeton,Ivy,2026,201537,5314681,Cash McSweeney,Cash,McSweeney,15.0,Forward,80.0,225.0,Raleigh,NC,,,2026,2026
234,163,Princeton,Ivy,2026,201541,5314680,Jake Sussberg,Jake,Sussberg,11.0,Guard,77.0,195.0,Scarsdale,NY,,,2026,2026
234,163,Princeton,Ivy,2026,201542,5314682,Sebastian Whitfield,Sebastian,Whitfield,23.0,Forward,78.0,205.0,Virginia Beach,VA,,,2026,2026
234,163,Princeton,Ivy,2026,214971,5325995,Will Kutzler,Will,Kutzler,0.0,Forward,79.0,205.0,Lakeville,MN,,,2026,2026
227,219,Pennsylvania,Ivy,2026,2423,5182415,Augustus Gerhart,Augustus,Gerhart,25.0,Forward,81.0,235.0,Denver,PA,,,2024,2026
227,219,Pennsylvania,Ivy,2026,2424,5108811,Ethan Roberts,Ethan,Roberts,23.0,Guard,77.0,190.0,Arlington Heights,IL,,,2025,2026
227,219,Pennsylvania,Ivy,2026,2425,5241734,Dylan Williams,Dylan,Williams,2.0,Guard,71.0,180.0,Columbia,SC,,,2025,2026
227,219,Pennsylvania,Ivy,2026,2427,5108098,Johnnie Walter,Johnnie,Walter,3.0,Forward,82.0,230.0,Agoura Hills,CA,,,2024,2026
227,219,Pennsylvania,Ivy,2026,2428,5241732,AJ Levine,AJ,Levine,0.0,Guard,72.0,185.0,Elmhurst,IL,,,2025,2026
227,219,Pennsylvania,Ivy,2026,2429,5182416,Niklas Polonowski,Niklas,Polonowski,35.0,Guard,78.0,210.0,La Grange,IL,,,2024,2026
227,219,Pennsylvania,Ivy,2026,2430,5108877,Michael Zanoni,Michael,Zanoni,7.0,Guard,77.0,200.0,Charlotte,NC,,,2025,2026
227,219,Pennsylvania,Ivy,2026,2432,5241735,Bradyn Foster,Bradyn,Foster,15.0,Forward,80.0,220.0,Natrona Heights,PA,,,2025,2026
227,219,Pennsylvania,Ivy,2026,2433,5241736,Michelangelo Oberti,Michelangelo,Oberti,33.0,Center,82.0,240.0,Riva di Solto,ITA,,,2025,2026
227,219,Pennsylvania,Ivy,2026,2434,5107165,Chris Ubochi,Chris,Ubochi,34.0,Center,81.0,230.0,Lagos,NGR,,,2023,2026
227,219,Pennsylvania,Ivy,2026,2435,5241733,Alex Massung,Alex,Massung,11.0,Guard,76.0,195.0,West Orange,NJ,,,2025,2026
227,219,Pennsylvania,Ivy,2026,2436,5107164,Cam Thrower,Cam,Thrower,5.0,Guard,75.0,195.0,Manhattan Beach,CA,,,2023,2026
227,219,Pennsylvania,Ivy,2026,8191,4684843,TJ Power,TJ,Power,12.0,Forward,81.0,220.0,Shrewsbury,MA,,,2026,2026
227,219,Pennsylvania,Ivy,2026,201418,5314645,Ryan Altman,Ryan,Altman,10.0,Forward,78.0,200.0,Chestnut Hill,MA,,,2026,2026
227,219,Pennsylvania,Ivy,2026,201421,5314644,Jay Jones,Jay,Jones,4.0,Guard,76.0,195.0,Chestnut Hill,MA,,,2026,2026
227,219,Pennsylvania,Ivy,2026,201422,5314647,Payton Kamin,Payton,Kamin,21.0,Forward,79.0,210.0,Chicago,IL,,,2026,2026
227,219,Pennsylvania,Ivy,2026,201423,5314649,William Kruse,William,Kruse,40.0,Forward,83.0,240.0,Nesbru,NOR,,,2026,2026
227,219,Pennsylvania,Ivy,2026,201425,5314648,Lucas Lueth,Lucas,Lueth,30.0,Forward,79.0,210.0,Ames,IA,,,2026,2026
227,219,Pennsylvania,Ivy,2026,201431,5314646,Dalton Scantlebury,Dalton,Scantlebury,13.0,Center,81.0,250.0,Chicago,IL,,,2026,2026
360,43,Yale,Ivy,2026,4819,5107174,Nick Townsend,Nick,Townsend,42.0,Forward,79.0,240.0,Chappaqua,NY,,,2023,2026
360,43,Yale,Ivy,2026,4820,5177187,Samson Aletan,Samson,Aletan,10.0,Center,82.0,223.0,Dallas,TX,,,2024,2026
360,43,Yale,Ivy,2026,4824,5241755,Riley Fox,Riley,Fox,9.0,Forward,78.0,195.0,West Hartford,CT,,,2025,2026
360,43,Yale,Ivy,2026,4825,5241754,Isaac Celiscar,Isaac,Celiscar,8.0,Forward,78.0,210.0,Winter Haven,FL,,,2025,2026
360,43,Yale,Ivy,2026,4827,4432692,Casey Simmons,Casey,Simmons,14.0,Forward,79.0,180.0,Milton,MA,,,2024,2026
360,43,Yale,Ivy,2026,4828,5241753,Jordan Brathwaite,Jordan,Brathwaite,3.0,Guard,76.0,190.0,Fulton,MD,,,2025,2026
360,43,Yale,Ivy,2026,4829,5177186,Jeannot Basima,Jeannot,Basima,22.0,Guard,76.0,190.0,Goma,CD,,,2024,2026
360,43,Yale,Ivy,2026,4830,5177185,Trevor Mullin,Trevor,Mullin,11.0,Guard,73.0,185.0,Wellesley,MA,,,2024,2026
360,43,Yale,Ivy,2026,4831,5107175,Devon Arlington,Devon,Arlington,44.0,Guard,75.0,190.0,San Marcos,CA,,,2023,2026
360,43,Yale,Ivy,2026,203543,5313387,Alvin Loving,Alvin,Loving,4.0,Guard,76.0,215.0,Berkeley,CA,,,2026,2026
360,43,Yale,Ivy,2026,203545,5313389,Daniel Ogunyemi,Daniel,Ogunyemi,12.0,Forward,79.0,235.0,Milton,GA,,,2026,2026
360,43,Yale,Ivy,2026,203548,5313388,Jack Sullivan,Jack,Sullivan,7.0,Forward,83.0,230.0,St. Augustine,FL,,,2026,2026
360,43,Yale,Ivy,2026,203550,5313386,Jacob Tsai,Jacob,Tsai,1.0,Guard,71.0,165.0,San Diego,CA,,,2026,2026
360,43,Yale,Ivy,2026,203551,5313385,Courtney Wallace,Courtney,Wallace,0.0,Guard,74.0,195.0,Pittsburgh,PA,,,2026,2026
58,171,Columbia,Ivy,2026,2402,5241712,Gerard O'Keefe,Gerard,O'Keefe,4.0,Guard,75.0,195.0,Memphis,TN,,,2025,2026
58,171,Columbia,Ivy,2026,2403,5175886,Nicolo Romanelli,Nicolo,Romanelli,5.0,Guard,74.0,175.0,Sydney,NSW,,,2024,2026
58,171,Columbia,Ivy,2026,2404,5174806,Dan Vessey,Dan,Vessey,21.0,Guard,75.0,195.0,Kalamazoo,MI,,,2025,2026
58,171,Columbia,Ivy,2026,2405,5060729,Josiah Cunningham,Josiah,Cunningham,8.0,Guard,74.0,185.0,Long Beach,CA,,,2025,2026
58,171,Columbia,Ivy,2026,2388,5113287,Zine Eddine Bedri,Zine,Eddine Bedri,23.0,Forward,82.0,235.0,Tebessa,ALG,,,2023,2026
58,171,Columbia,Ivy,2026,2389,5106237,Blair Thompson,Blair,Thompson,3.0,Forward,80.0,210.0,New York,NY,,,2023,2026
58,171,Columbia,Ivy,2026,2390,5106236,Kenny Noland,Kenny,Noland,2.0,Guard,74.0,180.0,Apex,NC,,,2023,2026
58,171,Columbia,Ivy,2026,2391,5106235,Avery Brown,Avery,Brown,1.0,Guard,76.0,190.0,Beacon Falls,CT,,,2023,2026
58,171,Columbia,Ivy,2026,2393,5241715,Mason Ritter,Mason,Ritter,14.0,Forward,81.0,240.0,Bowling Green,KY,,,2025,2026
58,171,Columbia,Ivy,2026,2399,5241713,Nigel Clarkson,Nigel,Clarkson,11.0,Forward,80.0,185.0,Fayetteville,NC,,,2025,2026
58,171,Columbia,Ivy,2026,2401,5175887,Richard Nweke,Richard,Nweke,22.0,Forward,79.0,220.0,Anambra State,NGR,,,2024,2026
58,171,Columbia,Ivy,2026,198756,5313684,Edwin Bai,Edwin,Bai,0.0,Guard,74.0,195.0,Hong Kong,HKG,,,2026,2026
58,171,Columbia,Ivy,2026,7602,5243061,Leland Coleman,Leland,Coleman,6.0,Forward,79.0,190.0,Richmond,VA,,,2026,2026
58,171,Columbia,Ivy,2026,198762,5313687,Miles Franklin,Miles,Franklin,24.0,Guard,77.0,195.0,Vienna,VA,,,2026,2026
58,171,Columbia,Ivy,2026,198763,5313686,Connor Igoe,Connor,Igoe,10.0,Forward,79.0,225.0,Brooklyn,NY,,,2026,2026
58,171,Columbia,Ivy,2026,198769,5313685,Hampton Sanders,Hampton,Sanders,7.0,Guard,72.0,185.0,South Brunswick,NJ,,,2026,2026
58,171,Columbia,Ivy,2026,8144,5174631,Ryan Soulis,Ryan,Soulis,12.0,Forward,82.0,225.0,Athens,GRE,,,2026,2026
60,172,Cornell,Ivy,2026,2370,5175900,Jake Fiegen,Jake,Fiegen,22.0,Guard,76.0,205.0,Wilmette,IL,,,2024,2026
60,172,Cornell,Ivy,2026,2371,5106247,Cooper Noard,Cooper,Noard,31.0,Guard,74.0,195.0,Glenview,IL,,,2023,2026
60,172,Cornell,Ivy,2026,2372,5106245,Josh Baldwin,Josh,Baldwin,24.0,Guard,77.0,240.0,Everett,MA,,,2023,2026
60,172,Cornell,Ivy,2026,2373,5241716,Gioacchino Panzini,Gioacchino,Panzini,4.0,Forward,77.0,200.0,Spring Lake,NJ,,,2025,2026
60,172,Cornell,Ivy,2026,2374,5175897,Ian Imegwu,Ian,Imegwu,2.0,Forward,81.0,238.0,Short Hills,NJ,,,2024,2026
60,172,Cornell,Ivy,2026,2376,4684840,DJ Nix,DJ,Nix,23.0,Forward,78.0,224.0,Harrisburg,NC,,,2023,2026
60,172,Cornell,Ivy,2026,2377,5241719,Ty Iwanonkiw,Ty,Iwanonkiw,11.0,Center,81.0,202.0,Pittsburgh,PA,,,2025,2026
60,172,Cornell,Ivy,2026,2378,5174972,AJ LaBeau,AJ,LaBeau,55.0,Center,82.0,222.0,Boise,ID,,,2025,2026
60,172,Cornell,Ivy,2026,2380,5241720,AJ Rodriguez,AJ,Rodriguez,13.0,Guard,78.0,205.0,Westchester,NY,,,2025,2026
60,172,Cornell,Ivy,2026,2381,5241718,Anthony Nimani,Anthony,Nimani,7.0,Guard,76.0,186.0,Meriden,CT,,,2025,2026
60,172,Cornell,Ivy,2026,2382,5241717,Mateen Rafiq,Mateen,Rafiq,10.0,Guard,72.0,155.0,Sacramento,CA,,,2025,2026
60,172,Cornell,Ivy,2026,2383,5196671,Corbin Zentner,Corbin,Zentner,14.0,Guard,69.0,167.0,Alpine,UT,,,2024,2026
60,172,Cornell,Ivy,2026,2384,5175898,Jacob Beccles,Jacob,Beccles,5.0,Guard,75.0,183.0,Philadelphia,PA,,,2024,2026
60,172,Cornell,Ivy,2026,2385,5106243,Adam Hinton,Adam,Hinton,8.0,Guard,76.0,215.0,Hollywood Hills,CA,,,2023,2026
60,172,Cornell,Ivy,2026,198790,5313690,Jax Abalos,Jax,Abalos,3.0,Forward,80.0,200.0,Batavia,IL,,,2026,2026
60,172,Cornell,Ivy,2026,198793,5313691,Ryan Burbach,Ryan,Burbach,12.0,Guard,75.0,185.0,Phoenix,AZ,,,2026,2026
60,172,Cornell,Ivy,2026,198795,5313688,DaMaryon Fishburn,DaMaryon,Fishburn,0.0,Guard,77.0,190.0,Detroit,MI,,,2026,2026
60,172,Cornell,Ivy,2026,198796,5313689,Elijah Griffin,Elijah,Griffin,1.0,Guard,74.0,165.0,Kenosha,WI,,,2026,2026
60,172,Cornell,Ivy,2026,198801,5313692,Blake Lecklitner,Blake,Lecklitner,15.0,Forward,81.0,210.0,Prosper,TX,,,2026,2026
60,172,Cornell,Ivy,2026,1079,5176404,Kaspar Sepp,Kaspar,Sepp,21.0,Forward,79.0,220.0,Tartu,EST,,,2026,2026
62,159,Dartmouth,Ivy,2026,2708,5106242,Jackson Munro,Jackson,Munro,33.0,Forward,80.0,220.0,Wilmette,IL,,,2023,2026
62,159,Dartmouth,Ivy,2026,2710,5152623,Connor Amundsen,Connor,Amundsen,30.0,Guard,71.0,165.0,Fresno,CA,,,2025,2026
62,159,Dartmouth,Ivy,2026,2713,5241723,Shanon Simango,Shanon,Simango,44.0,Forward,80.0,,Maputo,MOZ,,,2025,2026
62,159,Dartmouth,Ivy,2026,2714,5106241,Jayden Williams,Jayden,Williams,22.0,Forward,78.0,185.0,Windermere,FL,,,2023,2026
62,159,Dartmouth,Ivy,2026,2716,5241722,Cameron McNamee,Cameron,McNamee,5.0,Guard,78.0,195.0,Mission Viejo,CA,,,2025,2026
62,159,Dartmouth,Ivy,2026,2718,5175921,Nikola Abusara,Nikola,Abusara,23.0,Guard,77.0,195.0,Chicago,IL,,,2024,2026
62,159,Dartmouth,Ivy,2026,2719,5175919,Ben Brown,Ben,Brown,0.0,Guard,74.0,198.0,Manchester,ENG,,,2024,2026
62,159,Dartmouth,Ivy,2026,2717,5241721,Kareem Thomas,Kareem,Thomas,2.0,Guard,77.0,195.0,Wilmington,DE,,,2025,2026
62,159,Dartmouth,Ivy,2026,2720,5175920,Patrick Tivnan Jr.,Patrick,Tivnan Jr.,7.0,Forward,80.0,210.0,Charlotte,NC,,,2024,2026
62,159,Dartmouth,Ivy,2026,2721,5106240,Brandon Mitchell-Day,Brandon,Mitchell-Day,21.0,Forward,80.0,205.0,St. Louis,MO,,,2023,2026
62,159,Dartmouth,Ivy,2026,198831,5313701,Tyler Garrett,Tyler,Garrett,50.0,Forward,82.0,235.0,Potomac,MD,,,2026,2026
62,159,Dartmouth,Ivy,2026,198832,5313700,Cam Hiatt,Cam,Hiatt,11.0,Guard,76.0,195.0,Edmonds,WA,,,2026,2026
62,159,Dartmouth,Ivy,2026,198837,5255091,Anton Strelnikov,Anton,Strelnikov,10.0,Center,80.0,225.0,Lake Zurich,IL,,,2026,2026
62,159,Dartmouth,Ivy,2026,214710,5324105,Khai Lockwood,Khai,Lockwood,3.0,Guard,73.0,,Park City,UT,,,2026,2026
107,108,Harvard,Ivy,2026,1068,5175953,Xavier Nesbitt,Xavier,Nesbitt,3.0,Guard,71.0,175.0,Chicago,IL,,,2024,2026
107,108,Harvard,Ivy,2026,1069,5106251,Greg Cooper,Greg,Cooper,14.0,Guard,72.0,175.0,Cambridge,MA,,,2023,2026
107,108,Harvard,Ivy,2026,1070,5241726,Kenan Parrish,Kenan,Parrish,0.0,Forward,84.0,260.0,Pittsboro,NC,,,2025,2026
107,108,Harvard,Ivy,2026,1057,5175955,Luca Ace-Nasteski,Luca,Ace-Nasteski,35.0,Forward,82.0,235.0,Manly,NSW,,,2024,2026
107,108,Harvard,Ivy,2026,1058,5175954,Thomas Batties III,Thomas,Batties III,15.0,Forward,79.0,225.0,Washington,DC,,,2024,2026
107,108,Harvard,Ivy,2026,1059,5061572,Robert Hinton,Robert,Hinton,4.0,Guard,77.0,200.0,Los Angeles,CA,,,2025,2026
107,108,Harvard,Ivy,2026,1060,4902967,Chandler Pigge,Chandler,Pigge,13.0,Guard,77.0,210.0,Houston,TX,,,2023,2026
107,108,Harvard,Ivy,2026,1063,5241729,Dutch Dowdell,Dutch,Dowdell,12.0,Guard,78.0,195.0,Holladay,UT,,,2025,2026
107,108,Harvard,Ivy,2026,1064,5241728,Tey Barbour,Tey,Barbour,8.0,Guard,76.0,190.0,Manassas,VA,,,2025,2026
107,108,Harvard,Ivy,2026,1065,5241727,Austin Hunt,Austin,Hunt,7.0,Guard,76.0,190.0,Marlborough,MA,,,2025,2026
107,108,Harvard,Ivy,2026,1066,5241725,Ben Eisendrath,Ben,Eisendrath,5.0,Guard,74.0,180.0,Los Angeles,CA,,,2025,2026
107,108,Harvard,Ivy,2026,1067,5175956,Payton Pitts,Payton,Pitts,24.0,Guard,74.0,180.0,Chicago,IL,,,2024,2026
107,108,Harvard,Ivy,2026,199520,5313719,Avner Dror,Avner,Dror,41.0,Forward,81.0,225.0,Kfar Blum,ISR,,,2026,2026
107,108,Harvard,Ivy,2026,199524,5313716,Frankie Mannino,Frankie,Mannino,10.0,Guard,77.0,205.0,Leesburg,VA,,,2026,2026
107,108,Harvard,Ivy,2026,199529,5313717,Joseph Quartey,Joseph,Quartey,18.0,Guard,74.0,165.0,Cape Coast,GHA,,,2026,2026
107,108,Harvard,Ivy,2026,199530,5313718,Ryan Sullivan,Ryan,Sullivan,34.0,Forward,81.0,205.0,Auburn,MA,,,2026,2026
107,108,Harvard,Ivy,2026,199531,5248296,Alex Touomou,Alex,Touomou,11.0,Forward,79.0,215.0,Falls Church,VA,,,2026,2026
30,225,Brown,Ivy,2026,2723,5106206,Landon Lewis,Landon,Lewis,40.0,Forward,79.0,225.0,Los Angeles,CA,,,2023,2026
30,225,Brown,Ivy,2026,2727,4873101,Jeremiah Jenkins,Jeremiah,Jenkins,2.0,Guard,72.0,155.0,New Britain,CT,,,2025,2026
30,225,Brown,Ivy,2026,2728,5175857,N'famara Dabo,N'famara,Dabo,45.0,Forward,80.0,235.0,Conakry,GUI,,,2024,2026
30,225,Brown,Ivy,2026,198301,5312600,Jonah Drezner,Jonah,Drezner,4.0,Guard,75.0,170.0,Seattle,WA,,,2026,2026
30,225,Brown,Ivy,2026,198304,5312599,Isaiah Langham,Isaiah,Langham,1.0,Guard,77.0,210.0,Stoughton,MA,,,2026,2026
30,225,Brown,Ivy,2026,198308,5312601,Brady Loughlin,Brady,Loughlin,30.0,Guard,77.0,200.0,Wyckoff,NJ,,,2026,2026
30,225,Brown,Ivy,2026,198309,5312602,Charlie O'Sullivan,Charlie,O'Sullivan,33.0,Forward,82.0,230.0,Harrison,NY,,,2026,2026
30,225,Brown,Ivy,2026,2729,5241711,David Rochester,David,Rochester,23.0,Guard,80.0,215.0,Great Falls,VA,,,2025,2026
30,225,Brown,Ivy,2026,2730,5175855,Adrian Uchidiuno,Adrian,Uchidiuno,5.0,Guard,74.0,170.0,Markham,ON,,,2024,2026
30,225,Brown,Ivy,2026,2731,5175853,Malcolm Wrisby-Jefferson,Malcolm,Wrisby-Jefferson,12.0,Guard,76.0,195.0,Queens,NY,,,2024,2026
30,225,Brown,Ivy,2026,2733,5241709,Wyatt DeGraaf,Wyatt,DeGraaf,6.0,Forward,82.0,240.0,Durham,NC,,,2025,2026
30,225,Brown,Ivy,2026,2734,5106207,Drew Kania,Drew,Kania,32.0,Forward,80.0,230.0,Chatham,NJ,,,2023,2026
30,225,Brown,Ivy,2026,2736,5241710,Jerrell Barron Jr.,Jerrell,Barron Jr.,11.0,Guard,76.0,175.0,Atascocita,TX,,,2025,2026
30,225,Brown,Ivy,2026,2737,5175854,Luke Paragon,Luke,Paragon,14.0,Guard,76.0,195.0,Cicero,NY,,,2024,2026
30,225,Brown,Ivy,2026,2738,5106208,Alexander Lesburt Jr.,Alexander,Lesburt Jr.,3.0,Guard,77.0,197.0,Derry,NH,,,2023,2026
123,314,Iona,MAAC,2026,3371,5107259,Luke Jungers,Luke,Jungers,7.0,Forward,81.0,220.0,Omaha,NE,,,2025,2026
123,314,Iona,MAAC,2026,3376,5241490,Connor Horan,Connor,Horan,31.0,Forward,80.0,230.0,Fairfax,VA,,,2025,2026
123,314,Iona,MAAC,2026,20923,5110696,Toby Harris,Toby,Harris,30.0,Forward,80.0,225.0,Durham,NC,,,2026,2026
123,314,Iona,MAAC,2026,479,4897054,CJ Anthony,CJ,Anthony,11.0,Guard,72.0,195.0,Columbus,OH,,,2026,2026
123,314,Iona,MAAC,2026,6795,4602029,Keshawn Williams,Keshawn,Williams,0.0,Guard,76.0,175.0,Chicago Heights,IL,,,2026,2026
123,314,Iona,MAAC,2026,2876,5239768,Khalil Badru,Khalil,Badru,4.0,Guard,77.0,192.0,New Britain,CT,,,2026,2026
123,314,Iona,MAAC,2026,7429,5105596,Denver Anglin,Denver,Anglin,2.0,Guard,73.0,185.0,Montclair,NJ,,,2026,2026
123,314,Iona,MAAC,2026,837,5109787,Kosy Akametu,Kosy,Akametu,13.0,Guard,77.0,215.0,Carson,CA,,,2026,2026
123,314,Iona,MAAC,2026,4400,4858602,Matt Reed,Matt,Reed,1.0,Forward,82.0,230.0,Carrollton,TX,,,2026,2026
123,314,Iona,MAAC,2026,199754,5311752,Alliou Fall,Alliou,Fall,44.0,Forward,82.0,230.0,Stockholm,SWE,,,2026,2026
123,314,Iona,MAAC,2026,199757,5311749,Oscar Hourruitiner Jr.,Oscar,Hourruitiner Jr.,12.0,Guard,72.0,165.0,Gurabo,PUR,,,2026,2026
123,314,Iona,MAAC,2026,199759,5311748,Deondrea Lindsey,Deondrea,Lindsey,5.0,Forward,80.0,212.0,Knoxville,TN,,,2026,2026
123,314,Iona,MAAC,2026,199760,5311751,Ore Odutayo,Ore,Odutayo,21.0,Forward,80.0,210.0,Albany,NY,,,2026,2026
123,314,Iona,MAAC,2026,199761,5311750,Marko Pandiloski,Marko,Pandiloski,16.0,Guard,78.0,200.0,Mississauga,AB,,,2026,2026
123,314,Iona,MAAC,2026,7150,4897691,Lamin Sabally,Lamin,Sabally,9.0,Forward,80.0,215.0,Berlin,GER,,,2026,2026
123,314,Iona,MAAC,2026,9508,4838705,Chase Cormier,Chase,Cormier,3.0,Guard,74.0,183.0,Atlanta,GA,,,2026,2026
254,2612,Saint Peter's,MAAC,2026,4084,5176176,Bryce Eaton,Bryce,Eaton,8.0,Guard,72.0,180.0,Detroit,MI,,,2025,2026
254,2612,Saint Peter's,MAAC,2026,4086,4898370,Zaakir Williamson,Zaakir,Williamson,11.0,Forward,79.0,230.0,Philadelphia,PA,,,2025,2026
254,2612,Saint Peter's,MAAC,2026,4090,5112342,Eric Morgan Jr.,Eric,Morgan Jr.,0.0,Guard,76.0,190.0,Washington,DC,,,2025,2026
254,2612,Saint Peter's,MAAC,2026,4091,4898256,Brent Bland,Brent,Bland,1.0,Guard,75.0,205.0,Wheatley Heights,NY,,,2022,2026
254,2612,Saint Peter's,MAAC,2026,4092,4590362,Adetokunbo Bakare,Adetokunbo,Bakare,4.0,Guard,75.0,190.0,Newark,NJ,,,2025,2026
254,2612,Saint Peter's,MAAC,2026,4093,5106667,Elijah Perkins,Elijah,Perkins,7.0,Guard,76.0,195.0,Middletown,NJ,,,2024,2026
254,2612,Saint Peter's,MAAC,2026,22154,4897807,J'Quan Ewing,J'Quan,Ewing,15.0,Forward,81.0,200.0,Clarksville,TN,,,2026,2026
254,2612,Saint Peter's,MAAC,2026,4904,5176179,Shaedon Simpson,Shaedon,Simpson,12.0,Guard,78.0,185.0,Toronto,CA,,,2026,2026
254,2612,Saint Peter's,MAAC,2026,2891,4683783,Akil Watson,Akil,Watson,23.0,Forward,81.0,190.0,Middletown,NY,,,2026,2026
254,2612,Saint Peter's,MAAC,2026,1080,5176401,Lucas Scroggins,Lucas,Scroggins,10.0,Forward,81.0,210.0,Woodbridge,VA,,,2026,2026
254,2612,Saint Peter's,MAAC,2026,201810,5314170,Bol Agu,Bol,Agu,14.0,Forward,80.0,235.0,Winnipeg,MB,,,2026,2026
254,2612,Saint Peter's,MAAC,2026,201815,5314169,Jahki Gupton,Jahki,Gupton,5.0,Forward,79.0,180.0,Oakland,CA,,,2026,2026
254,2612,Saint Peter's,MAAC,2026,201818,5314168,TJ Robinson,TJ,Robinson,2.0,Guard,76.0,180.0,Paterson,NJ,,,2026,2026
254,2612,Saint Peter's,MAAC,2026,216968,5329573,Robert Wilmote,Robert,Wilmote,24.0,Guard,,,,,,,2026,2026
83,2217,Fairfield,MAAC,2026,5127,5177111,Peyton Smith,Peyton,Smith,33.0,Forward,82.0,235.0,Hudson Falls,NY,,,2024,2026
83,2217,Fairfield,MAAC,2026,5130,5108879,Braden Sparks,Braden,Sparks,4.0,Guard,72.0,185.0,Villa Rica,GA,,,2025,2026
83,2217,Fairfield,MAAC,2026,5132,5241486,Isaac Munkadi,Isaac,Munkadi,15.0,Forward,82.0,230.0,Kinshasa,CGO,,,2025,2026
83,2217,Fairfield,MAAC,2026,5136,5107183,Michael Rogan,Michael,Rogan,25.0,Guard,78.0,215.0,Saratoga Springs,NY,,,2023,2026
83,2217,Fairfield,MAAC,2026,5137,5105888,Noah Best,Noah,Best,13.0,Guard,77.0,175.0,Bronx,NY,,,2025,2026
83,2217,Fairfield,MAAC,2026,5139,5241487,Tanner Ostop,Tanner,Ostop,21.0,Guard,72.0,165.0,West Hartford,CT,,,2025,2026
83,2217,Fairfield,MAAC,2026,5140,5241485,Aidan May,Aidan,May,6.0,Guard,74.0,180.0,Fairfield,CT,,,2025,2026
83,2217,Fairfield,MAAC,2026,5141,5177110,Joe Ganton,Joe,Ganton,24.0,Guard,76.0,190.0,North Caldwell,NJ,,,2024,2026
83,2217,Fairfield,MAAC,2026,5142,5177108,Luke Davidson,Luke,Davidson,22.0,Guard,72.0,185.0,Fayetteville,NY,,,2024,2026
83,2217,Fairfield,MAAC,2026,5144,5177105,Matt Curtis,Matt,Curtis,5.0,Guard,76.0,190.0,Ellington,CT,,,2024,2026
83,2217,Fairfield,MAAC,2026,199143,5311734,Brandon Benjamin,Brandon,Benjamin,20.0,Forward,80.0,,Newark,NJ,,,2026,2026
83,2217,Fairfield,MAAC,2026,199150,5311730,Eric Mejia,Eric,Mejia,0.0,Guard,75.0,,Washington Heights,NY,,,2026,2026
83,2217,Fairfield,MAAC,2026,199153,5311733,Halon Rawlins,Halon,Rawlins,11.0,Guard,78.0,,Brooklyn,NY,,,2026,2026
83,2217,Fairfield,MAAC,2026,199154,5311731,Nasir Rodriguez,Nasir,Rodriguez,2.0,Guard,76.0,,Long Island City,NY,,,2026,2026
83,2217,Fairfield,MAAC,2026,199159,5311732,Tony Williams,Tony,Williams,8.0,Guard,73.0,,Putnam,CT,,,2026,2026
83,2217,Fairfield,MAAC,2026,199160,5311735,Declan Wucherpfennig,Declan,Wucherpfennig,44.0,Guard,79.0,,Teaneck,NJ,,,2026,2026
83,2217,Fairfield,MAAC,2026,5153,5174619,Cam Estevez,Cam,Estevez,3.0,Guard,76.0,195.0,Harlem,NY,,,2026,2026
83,2217,Fairfield,MAAC,2026,3554,5105901,Ryan Zan,Ryan,Zan,7.0,Forward,78.0,200.0,Princeton,NJ,,,2026,2026
83,2217,Fairfield,MAAC,2026,7008,4702497,Deuce Turner,Deuce,Turner,1.0,Guard,74.0,190.0,Coatesville,PA,,,2026,2026
155,2363,Manhattan,MAAC,2026,10083,4901653,Aryan Arora,Aryan,Arora,8.0,Guard,73.0,190.0,Tuxedo Park,NY,,,2025,2026
155,2363,Manhattan,MAAC,2026,3270,5241535,Will Sydnor,Will,Sydnor,9.0,Forward,80.0,210.0,Bronx,NY,,,2025,2026
155,2363,Manhattan,MAAC,2026,3273,5177116,Jaden Winston,Jaden,Winston,2.0,Guard,72.0,160.0,South Laurel,MD,,,2024,2026
155,2363,Manhattan,MAAC,2026,3275,5246878,Marko Ljubicic,Marko,Ljubicic,21.0,Forward,82.0,224.0,Zagreb,CRO,,,2025,2026
155,2363,Manhattan,MAAC,2026,3276,5241537,Fraser Roxburgh,Fraser,Roxburgh,3.0,Forward,79.0,215.0,Melbourne,VIC,,,2025,2026
155,2363,Manhattan,MAAC,2026,3278,5181767,Michael Lawlor,Michael,Lawlor,11.0,Forward,80.0,210.0,Eastchester,NY,,,2024,2026
155,2363,Manhattan,MAAC,2026,3282,5105895,Devin Dinkins,Devin,Dinkins,0.0,Guard,70.0,165.0,Washington,DC,,,2025,2026
155,2363,Manhattan,MAAC,2026,3283,5241534,Louis Fairtlough,Louis,Fairtlough,7.0,Guard,78.0,200.0,Lisbon,POR,,,2025,2026
155,2363,Manhattan,MAAC,2026,3284,5185184,Jackson Delaney,Jackson,Delaney,23.0,Guard,77.0,205.0,Suffern,NY,,,2025,2026
155,2363,Manhattan,MAAC,2026,3286,4897050,Brett Rumpel,Brett,Rumpel,4.0,Guard,76.0,190.0,Binghamton,NY,,,2024,2026
155,2363,Manhattan,MAAC,2026,4537,4898280,Terrance Jones,Terrance,Jones,22.0,Guard,75.0,180.0,Trenton,NJ,,,2026,2026
155,2363,Manhattan,MAAC,2026,200279,5311764,Jameson Borodawka,Jameson,Borodawka,12.0,Guard,70.0,,Tyngsboro,MA,,,2026,2026
155,2363,Manhattan,MAAC,2026,200282,5311763,Quron Elliott,Quron,Elliott,10.0,Guard,74.0,,Baltimore,MD,,,2026,2026
155,2363,Manhattan,MAAC,2026,200284,5311760,Anthony Isaac,Anthony,Isaac,1.0,Forward,78.0,,Brooklyn,NY,,,2026,2026
155,2363,Manhattan,MAAC,2026,200288,5311766,Nick Lukmann,Nick,Lukmann,24.0,Guard,76.0,,Montvale,NJ,,,2026,2026
155,2363,Manhattan,MAAC,2026,200289,5311767,Asier Miguel,Asier,Miguel,35.0,Guard,76.0,,Fuenlabrada,ESP,,,2026,2026
155,2363,Manhattan,MAAC,2026,200290,5311765,Omari Moore,Omari,Moore,13.0,Guard,73.0,,Plainfield,NJ,,,2026,2026
155,2363,Manhattan,MAAC,2026,200291,5311761,Erik Oliver-Bush,Erik,Oliver-Bush,5.0,Guard,77.0,,Trenton,NJ,,,2026,2026
155,2363,Manhattan,MAAC,2026,200292,5311762,Jaeden Robley,Jaeden,Robley,6.0,Guard,77.0,,San Diego,CA,,,2026,2026
264,2561,Siena,MAAC,2026,2739,5107811,Brendan Coyle,Brendan,Coyle,21.0,Forward,79.0,200.0,Niskayuna,NY,,,2023,2026
264,2561,Siena,MAAC,2026,2742,5106044,Marcus Jackson,Marcus,Jackson,44.0,Guard,74.0,185.0,Amsterdam,NY,,,2025,2026
264,2561,Siena,MAAC,2026,2743,4685660,Reid Ducharme,Reid,Ducharme,12.0,Guard,79.0,200.0,Milton,MA,,,2025,2026
264,2561,Siena,MAAC,2026,2744,5242925,Tajae Jones,Tajae,Jones,7.0,Forward,80.0,210.0,Waterbury,CT,,,2025,2026
264,2561,Siena,MAAC,2026,2747,5242926,Gavin Doty,Gavin,Doty,4.0,Guard,77.0,190.0,Fulton,NY,,,2025,2026
264,2561,Siena,MAAC,2026,2748,5242922,Justice Shoats,Justice,Shoats,0.0,Guard,71.0,180.0,Wilkes-Barre,PA,,,2025,2026
264,2561,Siena,MAAC,2026,2751,5242929,Cooper Nadler,Cooper,Nadler,24.0,Guard,77.0,200.0,Lake George,NY,,,2025,2026
264,2561,Siena,MAAC,2026,2753,5242923,Chris Torres,Chris,Torres,33.0,Guard,74.0,170.0,Suffern,NY,,,2025,2026
264,2561,Siena,MAAC,2026,2755,5177164,Mosi Clayton,Mosi,Clayton,8.0,Guard,73.0,190.0,Brooklyn,NY,,,2024,2026
264,2561,Siena,MAAC,2026,5487,4685004,Riley Mulvey,Riley,Mulvey,55.0,Forward,84.0,240.0,Rotterdam,NY,,,2026,2026
264,2561,Siena,MAAC,2026,201985,5314192,Antonio Chandler,Antonio,Chandler,2.0,Forward,78.0,215.0,Piscataway,NJ,,,2026,2026
264,2561,Siena,MAAC,2026,201990,5314195,Francis Folefac,Francis,Folefac,11.0,Forward,79.0,245.0,Lanham,MD,,,2026,2026
264,2561,Siena,MAAC,2026,201992,5314191,Isaiah Henderson,Isaiah,Henderson,1.0,Forward,78.0,220.0,Painted Post,NY,,,2026,2026
264,2561,Siena,MAAC,2026,201994,5314193,Christian Jones,Christian,Jones,3.0,Guard,71.0,160.0,Katy,TX,,,2026,2026
264,2561,Siena,MAAC,2026,201997,5314196,Danny Murray,Danny,Murray,15.0,Guard,76.0,200.0,Deer Park,NY,,,2026,2026
264,2561,Siena,MAAC,2026,201999,5314194,Owen Schlager,Owen,Schlager,9.0,Guard,75.0,190.0,Mechanicsburg,PA,,,2026,2026
264,2561,Siena,MAAC,2026,17043,5178209,Tasman Goodrick,Tasman,Goodrick,5.0,Forward,82.0,230.0,Sydney,NSW,,,2026,2026
194,315,Niagara,MAAC,2026,1468,5242644,AJ McBride,AJ,McBride,35.0,Forward,77.0,,Cincinnati,OH,,,2025,2026
194,315,Niagara,MAAC,2026,1469,5242643,Will Shortt,Will,Shortt,32.0,Forward,80.0,215.0,Sydney,NSW,,,2025,2026
194,315,Niagara,MAAC,2026,1474,5175174,Justin Page,Justin,Page,5.0,Guard,77.0,185.0,Peoria,IL,,,2025,2026
194,315,Niagara,MAAC,2026,1476,5242642,Landon Williams,Landon,Williams,10.0,Guard,76.0,,Farmington Hills,MI,,,2025,2026
194,315,Niagara,MAAC,2026,200902,5314359,Gael Dalmau,Gael,Dalmau,9.0,Guard,78.0,,Guaynabo,PUR,,,2026,2026
194,315,Niagara,MAAC,2026,200903,5314360,Brian Griffith,Brian,Griffith,15.0,Guard,70.0,,Owensboro,KY,,,2026,2026
194,315,Niagara,MAAC,2026,200904,5314356,Justin Hawkins,Justin,Hawkins,0.0,Forward,79.0,,Willingboro,NJ,,,2026,2026
194,315,Niagara,MAAC,2026,200905,5314361,Drew Larson,Drew,Larson,22.0,Forward,79.0,,Ft. Collins,CO,,,2026,2026
194,315,Niagara,MAAC,2026,200908,5314357,Reggie Prudhomme,Reggie,Prudhomme,1.0,Guard,72.0,,Missouri City,TX,,,2026,2026
194,315,Niagara,MAAC,2026,200911,5314358,Kabeya Tshibangu,Kabeya,Tshibangu,8.0,Center,81.0,,Justin,TX,,,2026,2026
194,315,Niagara,MAAC,2026,15371,5175675,Trenton Walters,Trenton,Walters,2.0,Guard,69.0,150.0,Frisco,TX,,,2026,2026
194,315,Niagara,MAAC,2026,6691,5175375,Vice Zanki,Vice,Zanki,11.0,Forward,80.0,215.0,Zagreb,CRO,,,2026,2026
194,315,Niagara,MAAC,2026,15662,5106680,Josiah Sabino,Josiah,Sabino,12.0,Guard,76.0,195.0,Jacksonville,FL,,,2026,2026
42,2099,Canisius,MAAC,2026,251,5241462,Evan van der Plas,Evan,van der Plas,9.0,Guard,77.0,190.0,Rosmalen,NED,,,2025,2026
42,2099,Canisius,MAAC,2026,252,5176146,Anthony Benard,Anthony,Benard,3.0,Guard,72.0,170.0,Detroit,MI,,,2025,2026
42,2099,Canisius,MAAC,2026,260,5177093,Nicco DiGiulio,Nicco,DiGiulio,4.0,Guard,71.0,170.0,Williamsville,NY,,,2024,2026
42,2099,Canisius,MAAC,2026,198504,5311729,Andreo Ash,Andreo,Ash,32.0,Forward,80.0,225.0,Liverpool,NY,,,2026,2026
42,2099,Canisius,MAAC,2026,198507,5311727,Zach Christian,Zach,Christian,6.0,Guard,73.0,175.0,Grand Island,NY,,,2026,2026
42,2099,Canisius,MAAC,2026,198509,5311726,Javante Edwards,Javante,Edwards,1.0,Guard,73.0,175.0,Milwaukee,WI,,,2026,2026
42,2099,Canisius,MAAC,2026,7664,5177167,Mike Evbagharu,Mike,Evbagharu,15.0,Guard,76.0,220.0,Scarborough,ON,,,2026,2026
42,2099,Canisius,MAAC,2026,12641,5258414,King Ijeoma,King,Ijeoma,34.0,Athlete,80.0,220.0,Houston,TX,,,2026,2026
42,2099,Canisius,MAAC,2026,198513,5311725,Chris Kumu,Chris,Kumu,0.0,Guard,76.0,190.0,Montreal,PQ,,,2026,2026
42,2099,Canisius,MAAC,2026,198516,5311728,Brendan Oliver,Brendan,Oliver,22.0,Forward,78.0,195.0,West Orange,NJ,,,2026,2026
42,2099,Canisius,MAAC,2026,5409,5176059,Kahlil Singleton,Kahlil,Singleton,11.0,Guard,75.0,195.0,Vancouver,WA,,,2026,2026
42,2099,Canisius,MAAC,2026,197164,5265865,Trevor Augustine,Trevor,Augustine,12.0,Athlete,74.0,180.0,Grand Island,NY,,,2026,2026
42,2099,Canisius,MAAC,2026,2299,4703805,Marcus Niblack,Marcus,Niblack,2.0,Guard,74.0,190.0,Leesburg,FL,,,2026,2026
42,2099,Canisius,MAAC,2026,2746,4433560,Myles Wilmoth,Myles,Wilmoth,5.0,Forward,82.0,225.0,Chestnut Ridge,NY,,,2026,2026
42,2099,Canisius,MAAC,2026,4897,5175788,Bryan Ndjonga,Bryan,Ndjonga,13.0,Forward,81.0,210.0,Yaounde,CMR,,,2026,2026
42,2099,Canisius,MAAC,2026,5162,5243383,Max Jusianiec,Max,Jusianiec,21.0,Forward,79.0,205.0,Alfred,NY,,,2026,2026
243,2520,Rider,MAAC,2026,518,5242913,Cole McCabe,Cole,McCabe,21.0,Forward,80.0,220.0,Miami Beach,FL,,,2025,2026
243,2520,Rider,MAAC,2026,522,5242911,Flash Burton,Flash,Burton,11.0,Guard,75.0,165.0,Philadelphia,PA,,,2025,2026
243,2520,Rider,MAAC,2026,526,5242912,Maurizio D'Alessandro,Maurizio,D'Alessandro,20.0,Guard,73.0,185.0,Charlottesville,VA,,,2025,2026
243,2520,Rider,MAAC,2026,528,5105581,Zion Cruz,Zion,Cruz,0.0,Guard,77.0,195.0,Trenton,NJ,,,2025,2026
243,2520,Rider,MAAC,2026,20131,5112245,Mohamad Diallo,Mohamad,Diallo,6.0,Center,84.0,230.0,Decatur,GA,,,2026,2026
243,2520,Rider,MAAC,2026,6394,5241869,Davis Bynum,Davis,Bynum,7.0,Forward,81.0,225.0,O'Fallon,IL,,,2026,2026
243,2520,Rider,MAAC,2026,2843,5116517,Daniel Helterhoff,Daniel,Helterhoff,13.0,Forward,82.0,240.0,Cologne,GER,,,2026,2026
243,2520,Rider,MAAC,2026,4713,5107177,Devean Williams,Devean,Williams,8.0,Guard,75.0,180.0,Los Angeles,CA,,,2026,2026
243,2520,Rider,MAAC,2026,201688,5314466,AB Coulibaly,AB,Coulibaly,10.0,Guard,77.0,185.0,Philadelphia,PA,,,2026,2026
243,2520,Rider,MAAC,2026,21925,4898349,Shemani Fuller,Shemani,Fuller,3.0,Forward,81.0,210.0,Bronx,NY,,,2026,2026
243,2520,Rider,MAAC,2026,201694,5314468,Kristupas Kepežinskas,Kristupas,Kepežinskas,30.0,Guard,72.0,,Kaunas,LTU,,,2026,2026
243,2520,Rider,MAAC,2026,201696,5314465,Jamir McNeil,Jamir,McNeil,5.0,Guard,72.0,160.0,Cape May Court H,NJ,,,2026,2026
243,2520,Rider,MAAC,2026,201697,5314467,Xaviel Rodriguez,Xaviel,Rodriguez,12.0,Guard,78.0,215.0,Bayamon,PUR,,,2026,2026
243,2520,Rider,MAAC,2026,201698,5314464,Caleb Smith,Caleb,Smith,2.0,Guard,77.0,205.0,Atlanta,GA,,,2026,2026
243,2520,Rider,MAAC,2026,16221,5178893,Antwan Wilson,Antwan,Wilson,14.0,Guard,77.0,190.0,Salisbury,MD,,,2026,2026
156,2368,Marist,MAAC,2026,1042,5107770,Jaden Daughtry,Jaden,Daughtry,11.0,Forward,79.0,205.0,Queens,NY,,,2023,2026
156,2368,Marist,MAAC,2026,1044,5242621,Elijah Lewis,Elijah,Lewis,13.0,Guard,77.0,180.0,Watchung,NJ,,,2025,2026
156,2368,Marist,MAAC,2026,1045,5242619,Jadin Collins-Roberts,Jadin,Collins-Roberts,0.0,Guard,73.0,175.0,Edison,NJ,,,2025,2026
156,2368,Marist,MAAC,2026,1047,5242622,Parby Kabamba,Parby,Kabamba,15.0,Forward,78.0,225.0,Kinshasa,CGO,,,2025,2026
156,2368,Marist,MAAC,2026,1048,5177120,Jason Schofield,Jason,Schofield,1.0,Forward,82.0,240.0,Poughkeepsie,NY,,,2024,2026
156,2368,Marist,MAAC,2026,1049,5107769,Trace Salton,Trace,Salton,10.0,Forward,77.0,188.0,Lake Oswego,OR,,,2023,2026
156,2368,Marist,MAAC,2026,1052,4897651,Martin Kawa,Martin,Kawa,7.0,Guard,76.0,195.0,Stafford,VA,,,2025,2026
156,2368,Marist,MAAC,2026,1054,4873195,Tarik Watson,Tarik,Watson,25.0,Forward,80.0,225.0,Middletown,NY,,,2025,2026
156,2368,Marist,MAAC,2026,1056,5242623,Antoni Vlogianitis,Antoni,Vlogianitis,31.0,Guard,76.0,187.0,Garden City,NY,,,2025,2026
156,2368,Marist,MAAC,2026,21353,5107299,Rhyjon Blackwell,Rhyjon,Blackwell,4.0,Guard,72.0,175.0,Baldwin,NY,,,2026,2026
156,2368,Marist,MAAC,2026,3379,5241491,Justin Menard,Justin,Menard,2.0,Guard,75.0,185.0,Higganum,CT,,,2026,2026
156,2368,Marist,MAAC,2026,7530,5242124,Ricky McKenzie,Ricky,McKenzie,8.0,Guard,77.0,200.0,Marietta,GA,,,2026,2026
156,2368,Marist,MAAC,2026,200300,5314854,Jordan Gabriel,Jordan,Gabriel,21.0,Center,81.0,225.0,Mineola,NY,,,2026,2026
156,2368,Marist,MAAC,2026,200306,5279252,Myles Parker,Myles,Parker,5.0,Forward,80.0,195.0,Plainfield,NJ,,,2026,2026
238,2514,Quinnipiac,MAAC,2026,4805,5107321,Amarri Monroe,Amarri,Monroe,2.0,Forward,79.0,220.0,Newburgh,NY,,,2024,2026
238,2514,Quinnipiac,MAAC,2026,4809,5242907,Spence Wewe,Spence,Wewe,12.0,Forward,84.0,220.0,Bristol,ENG,,,2025,2026
238,2514,Quinnipiac,MAAC,2026,4810,5242905,Grant Randall,Grant,Randall,8.0,Forward,81.0,195.0,Queens,NY,,,2025,2026
238,2514,Quinnipiac,MAAC,2026,4812,5242908,Jaden Zimmerman,Jaden,Zimmerman,24.0,Guard,77.0,200.0,Bronx,NY,,,2025,2026
238,2514,Quinnipiac,MAAC,2026,4816,5242909,Akintola Akinniyi,Akintola,Akinniyi,34.0,Forward,79.0,225.0,Denton,TX,,,2025,2026
238,2514,Quinnipiac,MAAC,2026,4817,5198203,Braylan Ritvo,Braylan,Ritvo,13.0,Forward,80.0,205.0,Harlem,NY,,,2025,2026
238,2514,Quinnipiac,MAAC,2026,4818,5242906,Samson Reilly,Samson,Reilly,11.0,Guard,74.0,165.0,Manchester,CT,,,2025,2026
238,2514,Quinnipiac,MAAC,2026,13798,4703194,Ronell Giles Jr.,Ronell,Giles Jr.,10.0,Guard,75.0,200.0,Brandywine,MD,,,2025,2026
238,2514,Quinnipiac,MAAC,2026,2892,5239648,Nate Guerengomba,Nate,Guerengomba,9.0,Guard,76.0,215.0,Washington,DC,,,2026,2026
238,2514,Quinnipiac,MAAC,2026,7406,5242115,Asim Jones,Asim,Jones,3.0,Guard,74.0,170.0,Paterson,NJ,,,2026,2026
238,2514,Quinnipiac,MAAC,2026,201612,5311609,Keith Mcknight,Keith,Mcknight,21.0,Guard,79.0,,Teaneck,NJ,,,2026,2026
238,2514,Quinnipiac,MAAC,2026,201614,5311610,Sam Nosakhare,Sam,Nosakhare,32.0,Forward,81.0,,Benin City,NGR,,,2026,2026
238,2514,Quinnipiac,MAAC,2026,201616,5311606,Jayden Reid,Jayden,Reid,1.0,Forward,81.0,,Cheshire,CT,,,2026,2026
238,2514,Quinnipiac,MAAC,2026,201619,5311608,Christopher Skenderi,Christopher,Skenderi,5.0,Forward,79.0,205.0,Queens,NY,,,2026,2026
238,2514,Quinnipiac,MAAC,2026,201620,5311607,Tai Turnage,Tai,Turnage,4.0,Guard,72.0,160.0,Bronx,NY,,,2026,2026
183,116,Mount St. Mary's,MAAC,2026,1765,4702218,Xavier Lipscomb,Xavier,Lipscomb,45.0,Guard,74.0,195.0,Washington,DC,,,2023,2026
183,116,Mount St. Mary's,MAAC,2026,1766,5242638,Abdou Khadre Kébé,Abdou,Khadre Kébé,9.0,Forward,79.0,170.0,Dakar,SEN,,,2025,2026
183,116,Mount St. Mary's,MAAC,2026,1771,5242635,Arlandus Keyes,Arlandus,Keyes,2.0,Guard,74.0,173.0,Florissant,MO,,,2025,2026
183,116,Mount St. Mary's,MAAC,2026,1772,5177124,Patrick Haigh,Patrick,Haigh,10.0,Guard,76.0,190.0,Altoona,PA,,,2024,2026
183,116,Mount St. Mary's,MAAC,2026,1773,5242637,Elijah Espinosa,Elijah,Espinosa,7.0,Forward,81.0,200.0,Etters,PA,,,2025,2026
183,116,Mount St. Mary's,MAAC,2026,1774,5242636,Jaxon Hartman,Jaxon,Hartman,6.0,Guard,75.0,195.0,Staunton,VA,,,2025,2026
183,116,Mount St. Mary's,MAAC,2026,3116,5238163,Anastasios Rozakeas,Anastasios,Rozakeas,1.0,Guard,79.0,225.0,Athens,GRE,,,2026,2026
183,116,Mount St. Mary's,MAAC,2026,832,5176362,Luke McEldon,Luke,McEldon,21.0,Forward,82.0,255.0,London,ENG,,,2026,2026
183,116,Mount St. Mary's,MAAC,2026,4411,4702765,Justin Amadi,Justin,Amadi,11.0,Forward,79.0,225.0,Greenville,SC,,,2026,2026
183,116,Mount St. Mary's,MAAC,2026,962,5107325,Anthony Arrington,Anthony,Arrington,30.0,Guard,74.0,190.0,Atlanta,GA,,,2026,2026
183,116,Mount St. Mary's,MAAC,2026,2245,5176220,Mason So,Mason,So,4.0,Guard,74.0,180.0,Burke,VA,,,2026,2026
183,116,Mount St. Mary's,MAAC,2026,200721,5314337,Yakhya Diop,Yakhya,Diop,23.0,Forward,84.0,220.0,Dakar,SEN,,,2026,2026
183,116,Mount St. Mary's,MAAC,2026,200728,5314336,Justin May,Justin,May,8.0,Guard,74.0,185.0,Little Rock,AR,,,2026,2026
183,116,Mount St. Mary's,MAAC,2026,200730,5314335,John Miller IV,John,Miller IV,3.0,Guard,73.0,195.0,Eldersburg,MD,,,2026,2026
183,116,Mount St. Mary's,MAAC,2026,7011,5243013,Trey Deveaux,Trey,Deveaux,5.0,Forward,77.0,205.0,Lincoln,NE,,,2026,2026
183,116,Mount St. Mary's,MAAC,2026,213894,5324103,Noah Rogers,Noah,Rogers,22.0,Guard,73.0,175.0,Waldorf,MD,,,2026,2026
166,2771,Merrimack,MAAC,2026,9515,5242629,Tye Dorset,Tye,Dorset,4.0,Guard,75.0,175.0,Mount Laurel,NJ,,,2025,2026
166,2771,Merrimack,MAAC,2026,9519,5106603,Brandon Legris,Brandon,Legris,14.0,Forward,79.0,210.0,Hatfield,PA,,,2023,2026
166,2771,Merrimack,MAAC,2026,9525,4703155,Malik Edmead,Malik,Edmead,9.0,Guard,70.0,165.0,Deer Park,NY,,,2025,2026
166,2771,Merrimack,MAAC,2026,5468,5176686,KC Ugwuakazi,KC,Ugwuakazi,23.0,Forward,80.0,230.0,Boston,MA,,,2026,2026
166,2771,Merrimack,MAAC,2026,1026,5177298,Todd Brogna,Todd,Brogna,20.0,Forward,79.0,220.0,Southborough,MA,,,2026,2026
166,2771,Merrimack,MAAC,2026,3550,4897066,Andrés Marrero,Andrés,Marrero,10.0,Guard,75.0,200.0,Caracas,VEN,,,2026,2026
166,2771,Merrimack,MAAC,2026,200457,5314296,Aliou Cisse,Aliou,Cisse,2.0,Forward,79.0,190.0,Yonkers,NY,,,2026,2026
166,2771,Merrimack,MAAC,2026,200461,5314298,Kevair Kennedy,Kevair,Kennedy,5.0,Guard,74.0,165.0,Philadelphia,PA,,,2026,2026
166,2771,Merrimack,MAAC,2026,200462,5314300,Quinn Kwasniak,Quinn,Kwasniak,11.0,Guard,74.0,175.0,Chesterland,OH,,,2026,2026
166,2771,Merrimack,MAAC,2026,200465,5314299,Jacob Moore,Jacob,Moore,7.0,Forward,81.0,200.0,Hamilton,VA,,,2026,2026
166,2771,Merrimack,MAAC,2026,200466,5314301,David Munro,David,Munro,12.0,Forward,80.0,230.0,Neptune,NJ,,,2026,2026
166,2771,Merrimack,MAAC,2026,200467,5314297,Ernest Shelton,Ernest,Shelton,3.0,Guard,77.0,180.0,Philadelphia,PA,,,2026,2026
166,2771,Merrimack,MAAC,2026,200470,5314295,Dylan Veillette,Dylan,Veillette,0.0,Forward,79.0,230.0,Ridgefield,CT,,,2026,2026
166,2771,Merrimack,MAAC,2026,9522,5242631,Brendan Johnson,Brendan,Johnson,21.0,Guard,76.0,205.0,Pikesville,MD,,,2025,2026
166,2771,Merrimack,MAAC,2026,9524,4897704,Jaylen Stinson,Jaylen,Stinson,1.0,Guard,74.0,170.0,Philadelphia,PA,,,2023,2026
250,2529,Sacred Heart,MAAC,2026,1109,5243019,Mekhi Conner,Mekhi,Conner,3.0,Guard,73.0,183.0,New Haven,CT,,,2025,2026
250,2529,Sacred Heart,MAAC,2026,1111,5243023,Fallou Gueye,Fallou,Gueye,13.0,Guard,78.0,187.0,Raleigh,NC,,,2025,2026
250,2529,Sacred Heart,MAAC,2026,1114,4897700,Griffin Barrouk,Griffin,Barrouk,1.0,Guard,77.0,200.0,Glen Mills,PA,,,2025,2026
250,2529,Sacred Heart,MAAC,2026,1115,5177281,Lucius Gibson-Savadel,Lucius,Gibson-Savadel,23.0,Forward,83.0,240.0,Bay Shore,NY,,,2024,2026
250,2529,Sacred Heart,MAAC,2026,1116,4709320,Anquan Hill,Anquan,Hill,7.0,Forward,81.0,200.0,Philadelphia,PA,,,2024,2026
250,2529,Sacred Heart,MAAC,2026,1117,5243024,Alex Woodring,Alex,Woodring,33.0,Center,80.0,,Wyckoff,NJ,,,2025,2026
250,2529,Sacred Heart,MAAC,2026,1118,5243022,Malik Sheppard,Malik,Sheppard,55.0,Guard,70.0,155.0,Edgewater,NJ,,,2025,2026
250,2529,Sacred Heart,MAAC,2026,1119,5243021,Taj Bryant,Taj,Bryant,10.0,Guard,74.0,178.0,Queens,NY,,,2025,2026
250,2529,Sacred Heart,MAAC,2026,1120,5243020,Jaden Slaughter,Jaden,Slaughter,4.0,Guard,77.0,205.0,Buffalo,NY,,,2025,2026
250,2529,Sacred Heart,MAAC,2026,1121,5243018,Nyle Ralph-Beyer,Nyle,Ralph-Beyer,2.0,Guard,76.0,175.0,West Chester,PA,,,2025,2026
250,2529,Sacred Heart,MAAC,2026,7408,4712834,Dashon Gittens,Dashon,Gittens,5.0,Guard,75.0,180.0,Hartford,CT,,,2026,2026
250,2529,Sacred Heart,MAAC,2026,201752,5312135,Mooda Gittens,Mooda,Gittens,0.0,Guard,76.0,184.0,Hartford,CT,,,2026,2026
250,2529,Sacred Heart,MAAC,2026,201755,5312136,Jeremiah Jacobs,Jeremiah,Jacobs,8.0,Guard,80.0,245.0,New York,NY,,,2026,2026
250,2529,Sacred Heart,MAAC,2026,201756,5312137,Kevin Pikiell,Kevin,Pikiell,21.0,Guard,75.0,175.0,Far Hills,NJ,,,2026,2026
250,2529,Sacred Heart,MAAC,2026,201761,5144128,Abdou Yadd,Abdou,Yadd,11.0,Forward,81.0,250.0,Dakar,SEN,,,2026,2026
250,2529,Sacred Heart,MAAC,2026,16147,5105988,Yann Farell,Yann,Farell,6.0,Forward,79.0,220.0,Crowley,TX,,,2026,2026
215,195,Ohio,MAC,2026,2548,5108011,Aidan Hadaway,Aidan,Hadaway,10.0,Forward,80.0,220.0,Lafayette,GA,,,2023,2026
215,195,Ohio,MAC,2026,2551,5107317,Jackson Paveletzke,Jackson,Paveletzke,13.0,Guard,74.0,175.0,Kimberly,WI,,,2025,2026
215,195,Ohio,MAC,2026,2555,5108009,Ajay Sheldon,Ajay,Sheldon,0.0,Guard,73.0,190.0,Dublin,OH,,,2023,2026
215,195,Ohio,MAC,2026,2556,5243082,Chase Boals,Chase,Boals,15.0,Forward,77.0,253.0,New Albany,OH,,,2025,2026
215,195,Ohio,MAC,2026,2557,5243081,Kiir Kuany,Kiir,Kuany,17.0,Forward,81.0,195.0,Melbourne,VIC,,,2025,2026
215,195,Ohio,MAC,2026,2559,4873136,Ayden Evans,Ayden,Evans,5.0,Forward,82.0,205.0,Radcliff,KY,,,2025,2026
215,195,Ohio,MAC,2026,2560,5243083,Jesse Burris,Jesse,Burris,21.0,Guard,77.0,190.0,Delaware,OH,,,2025,2026
215,195,Ohio,MAC,2026,2561,5243080,Elijah Elliott,Elijah,Elliott,6.0,Guard,75.0,180.0,Orlando,FL,,,2025,2026
215,195,Ohio,MAC,2026,1360,5239578,Dior Conners,Dior,Conners,3.0,Guard,75.0,183.0,Columbus,OH,,,2026,2026
215,195,Ohio,MAC,2026,2237,4897370,Jalen Breath,Jalen,Breath,22.0,Forward,80.0,225.0,Tulsa,OK,,,2026,2026
215,195,Ohio,MAC,2026,2517,5108006,Javan Simmons,Javan,Simmons,1.0,Forward,79.0,235.0,Columbus,OH,,,2026,2026
215,195,Ohio,MAC,2026,201231,5314213,Jordan Fisher,Jordan,Fisher,24.0,Forward,77.0,185.0,Pickerington,OH,,,2026,2026
215,195,Ohio,MAC,2026,201233,5314210,JJ Kelly,JJ,Kelly,4.0,Guard,78.0,195.0,Chambersburg,PA,,,2026,2026
215,195,Ohio,MAC,2026,201235,5314211,Zay Mosley,Zay,Mosley,8.0,Forward,79.0,210.0,Pemberton,NJ,,,2026,2026
215,195,Ohio,MAC,2026,201237,5314212,Carter Reese,Carter,Reese,11.0,Guard,75.0,200.0,Westerville,OH,,,2026,2026
300,2649,Toledo,MAC,2026,2520,4845365,Sonny Wilson,Sonny,Wilson,3.0,Guard,73.0,175.0,Pontiac,MI,,,2024,2026
300,2649,Toledo,MAC,2026,2522,5243086,Jaylan Ouwinga,Jaylan,Ouwinga,32.0,Forward,81.0,210.0,Grand Rapids,MI,,,2025,2026
300,2649,Toledo,MAC,2026,2525,5147322,Tyler Ode,Tyler,Ode,22.0,Guard,77.0,195.0,Saginaw,MI,,,2025,2026
300,2649,Toledo,MAC,2026,5398,4905252,Chris Riddle,Chris,Riddle,10.0,Forward,77.0,213.0,Chicago,IL,,,2026,2026
300,2649,Toledo,MAC,2026,625,5115458,Sean Craig,Sean,Craig,7.0,Forward,79.0,220.0,Sylvania,OH,,,2026,2026
300,2649,Toledo,MAC,2026,423,4711260,Austin Parks,Austin,Parks,25.0,Center,82.0,250.0,Saint Marys,OH,,,2026,2026
300,2649,Toledo,MAC,2026,4905,5107969,Kyler Vanderjagt,Kyler,Vanderjagt,4.0,Guard,76.0,205.0,Grand Rapids,MI,,,2026,2026
300,2649,Toledo,MAC,2026,202599,5314225,Leroy Blyden Jr.,Leroy,Blyden Jr.,2.0,Guard,73.0,175.0,Detroit,MI,,,2026,2026
300,2649,Toledo,MAC,2026,202601,5314229,Phoenix Glassnor,Phoenix,Glassnor,23.0,Guard,72.0,175.0,Port Huron,MI,,,2026,2026
300,2649,Toledo,MAC,2026,202602,5314227,Will James Jr.,Will,James Jr.,11.0,Guard,76.0,185.0,Holly Springs,NC,,,2026,2026
300,2649,Toledo,MAC,2026,202603,5314224,Toby Nwokolo,Toby,Nwokolo,0.0,Forward,78.0,200.0,Columbus,OH,,,2026,2026
300,2649,Toledo,MAC,2026,202607,5314228,London Praytor,London,Praytor,21.0,Forward,84.0,205.0,Colorado Springs,CO,,,2026,2026
300,2649,Toledo,MAC,2026,202609,5314226,Mynor Strong,Mynor,Strong,5.0,Guard,75.0,175.0,Omaha,NE,,,2026,2026
167,193,Miami (OH),MAC,2026,1335,5105859,Antwone Woolfolk,Antwone,Woolfolk,13.0,Forward,81.0,245.0,Cleveland,OH,,,2025,2026
167,193,Miami (OH),MAC,2026,1336,5093252,Eian Elmer,Eian,Elmer,0.0,Forward,78.0,215.0,Covington,KY,,,2024,2026
167,193,Miami (OH),MAC,2026,1339,5106674,Peter Suder,Peter,Suder,5.0,Guard,77.0,215.0,Carmel,IN,,,2025,2026
167,193,Miami (OH),MAC,2026,1340,5243053,Brant Byers,Brant,Byers,22.0,Forward,80.0,200.0,Chambersburg,PA,,,2025,2026
167,193,Miami (OH),MAC,2026,1341,5176215,Jackson Kotecki,Jackson,Kotecki,24.0,Forward,81.0,220.0,Chicago,IL,,,2024,2026
167,193,Miami (OH),MAC,2026,1342,5176212,Evan Ipsaro,Evan,Ipsaro,2.0,Guard,72.0,180.0,Crestview Hills,KY,,,2024,2026
167,193,Miami (OH),MAC,2026,1343,5101653,Luke Skaljac,Luke,Skaljac,3.0,Guard,74.0,190.0,Brecksville,OH,,,2025,2026
167,193,Miami (OH),MAC,2026,4619,5176313,Almar Atlason,Almar,Atlason,11.0,Forward,80.0,235.0,Reykjavik,ISL,,,2026,2026
167,193,Miami (OH),MAC,2026,200490,5313369,Brady Ganley,Brady,Ganley,4.0,Guard,75.0,180.0,Brecksville,OH,,,2026,2026
167,193,Miami (OH),MAC,2026,200492,5313370,Justin Kirby,Justin,Kirby,12.0,Guard,76.0,185.0,Fishers,IN,,,2026,2026
167,193,Miami (OH),MAC,2026,200494,5313368,Trey Perry,Trey,Perry,1.0,Guard,74.0,185.0,Liberty Township,OH,,,2026,2026
167,193,Miami (OH),MAC,2026,200495,5313371,Tyler Robbins,Tyler,Robbins,20.0,Forward,82.0,245.0,Pittsburgh,PA,,,2026,2026
167,193,Miami (OH),MAC,2026,200497,5313372,Leshawn Stowers,Leshawn,Stowers,21.0,Guard,77.0,190.0,Peoria,IL,,,2026,2026
167,193,Miami (OH),MAC,2026,200499,5313373,Kyle Waltz,Kyle,Waltz,25.0,Forward,79.0,200.0,Elmhurst,IL,,,2026,2026
167,193,Miami (OH),MAC,2026,1346,5243054,Ethan Wright,Ethan,Wright,7.0,Guard,77.0,180.0,Philadelphia,PA,,,2025,2026
167,193,Miami (OH),MAC,2026,1348,5176216,Blake Anderson,Blake,Anderson,33.0,Guard,76.0,205.0,Evansville,IN,,,2024,2026
167,193,Miami (OH),MAC,2026,1349,5108031,Eli Yofan,Eli,Yofan,8.0,Guard,74.0,205.0,Pittsburgh,PA,,,2023,2026
134,2309,Kent State,MAC,2026,4836,5174637,Cian Medley,Cian,Medley,1.0,Guard,71.0,172.0,Sicklerville,NJ,,,2025,2026
134,2309,Kent State,MAC,2026,4838,4593739,Morgan Safford,Morgan,Safford,8.0,Guard,76.0,217.0,Columbus,OH,,,2025,2026
134,2309,Kent State,MAC,2026,4839,5108093,Delrecco Gillespie,Delrecco,Gillespie,23.0,Forward,80.0,230.0,Benton Harbor,MI,,,2023,2026
134,2309,Kent State,MAC,2026,4840,5108091,Magnus Entenmann,Magnus,Entenmann,14.0,Forward,81.0,227.0,Bonn,GER,,,2023,2026
134,2309,Kent State,MAC,2026,4842,5106846,Jamal Sumlin,Jamal,Sumlin,4.0,Guard,73.0,195.0,Cleveland,OH,,,2025,2026
134,2309,Kent State,MAC,2026,4845,5242949,Drew Huffman,Drew,Huffman,51.0,Forward,78.0,225.0,Cuyahoga Falls,OH,,,2025,2026
134,2309,Kent State,MAC,2026,4847,5242947,Deandre Jones,Deandre,Jones,21.0,Forward,83.0,211.0,Cleveland,OH,,,2025,2026
134,2309,Kent State,MAC,2026,4850,5108090,Brenden Moss,Brenden,Moss,5.0,Guard,76.0,196.0,Rockford,IL,,,2023,2026
134,2309,Kent State,MAC,2026,474,4683765,Rayvon Griffith,Rayvon,Griffith,0.0,Guard,80.0,205.0,Cincinnati,OH,,,2026,2026
134,2309,Kent State,MAC,2026,7356,5176262,Rob Whaley Jr.,Rob,Whaley Jr.,2.0,Forward,79.0,289.0,Farmington,UT,,,2026,2026
134,2309,Kent State,MAC,2026,199936,5313326,Dezmon Briscoe,Dezmon,Briscoe,11.0,Forward,80.0,219.0,Indianapolis,IN,,,2026,2026
134,2309,Kent State,MAC,2026,199940,5313328,Omer Hamama,Omer,Hamama,54.0,Guard,74.0,190.0,Rishon Leziyon,ISR,,,2026,2026
134,2309,Kent State,MAC,2026,199943,5315165,Dylan Lakatos,Dylan,Lakatos,32.0,Guard,71.0,138.0,Broadview Heights,OH,,,2026,2026
134,2309,Kent State,MAC,2026,199948,5313327,Jaymen Townsend,Jaymen,Townsend,22.0,Forward,77.0,220.0,Marion,IN,,,2026,2026
134,2309,Kent State,MAC,2026,199949,5313325,Landon Vanderwarker,Landon,Vanderwarker,7.0,Forward,80.0,215.0,Delaware,OH,,,2026,2026
134,2309,Kent State,MAC,2026,199952,5313324,Quinn Woidke,Quinn,Woidke,6.0,Guard,72.0,185.0,Westlake,OH,,,2026,2026
134,2309,Kent State,MAC,2026,1466,5176400,Jahari Williamson,Jahari,Williamson,25.0,Guard,73.0,193.0,Pickering,ON,,,2026,2026
353,2729,William & Mary,CAA,2026,1927,5106734,Chase Lowe,Chase,Lowe,2.0,Guard,77.0,205.0,Weddington,NC,,,2023,2026
353,2729,William & Mary,CAA,2026,1929,5242597,Finn Lally,Finn,Lally,43.0,Forward,80.0,220.0,Hamilton,NZL,,,2025,2026
353,2729,William & Mary,CAA,2026,1932,5242596,Ryan Jackson Jr.,Ryan,Jackson Jr.,15.0,Guard,78.0,205.0,Mesa,AZ,,,2025,2026
353,2729,William & Mary,CAA,2026,1934,5242594,Kyle Pulliam,Kyle,Pulliam,11.0,Guard,76.0,190.0,Silver Spring,MD,,,2025,2026
353,2729,William & Mary,CAA,2026,1936,5193634,Kyle Frazier,Kyle,Frazier,7.0,Guard,74.0,190.0,Matthews,NC,,,2025,2026
353,2729,William & Mary,CAA,2026,1937,5106737,Miles Hicks,Miles,Hicks,25.0,Guard,73.0,160.0,Upper Marlboro,MD,,,2023,2026
353,2729,William & Mary,CAA,2026,815,5176465,Kilian Brockhoff,Kilian,Brockhoff,22.0,Forward,80.0,235.0,Cuxhaven,GER,,,2026,2026
353,2729,William & Mary,CAA,2026,2709,4898189,Cade Haskins,Cade,Haskins,1.0,Forward,78.0,215.0,Minneapolis,MN,,,2026,2026
353,2729,William & Mary,CAA,2026,3059,5106588,Jo'el Emanuel,Jo'el,Emanuel,23.0,Forward,78.0,205.0,Suffern,NY,,,2026,2026
353,2729,William & Mary,CAA,2026,203422,5312327,Ethan Connery,Ethan,Connery,5.0,Guard,75.0,190.0,Akron,OH,,,2026,2026
353,2729,William & Mary,CAA,2026,203428,5312328,Jhei-R Jones,Jhei-R,Jones,8.0,Guard,73.0,175.0,Sauk Village,IL,,,2026,2026
353,2729,William & Mary,CAA,2026,203431,5312326,Reese Miller,Reese,Miller,0.0,Guard,76.0,180.0,Round Rock,TX,,,2026,2026
353,2729,William & Mary,CAA,2026,203434,5312330,Kaleb Spencer,Kaleb,Spencer,24.0,Forward,80.0,225.0,Manteo,NC,,,2026,2026
353,2729,William & Mary,CAA,2026,1939,5242593,Colin Ndaw,Colin,Ndaw,6.0,Guard,75.0,180.0,Dakar,SEN,,,2025,2026
353,2729,William & Mary,CAA,2026,3556,5174608,Tunde Vahlberg Fasasi,Tunde,Vahlberg Fasasi,16.0,Guard,80.0,210.0,Stockholm,SWE,,,2026,2026
28,189,Bowling Green,MAC,2026,4928,4703531,Sam Towns,Sam,Towns,14.0,Forward,81.0,200.0,Columbus,OH,,,2023,2026
28,189,Bowling Green,MAC,2026,4929,5242560,Javontae Campbell,Javontae,Campbell,2.0,Guard,74.0,185.0,Muskogee,OK,,,2025,2026
28,189,Bowling Green,MAC,2026,4932,5242564,Preston Squire,Preston,Squire,13.0,Forward,83.0,235.0,Ephraim,UT,,,2025,2026
28,189,Bowling Green,MAC,2026,4938,5242563,Mohamed Maxamud,Mohamed,Maxamud,12.0,Forward,82.0,200.0,Westerville,OH,,,2025,2026
28,189,Bowling Green,MAC,2026,4939,4905915,Greg Spurgin,Greg,Spurgin,8.0,Forward,79.0,225.0,Toowoomba,QLD,,,2024,2026
28,189,Bowling Green,MAC,2026,4940,5242565,Alijah Adem,Alijah,Adem,31.0,Guard,74.0,160.0,Las Vegas,NV,,,2025,2026
28,189,Bowling Green,MAC,2026,4941,5242559,Jaxon Pardon,Jaxon,Pardon,0.0,Guard,76.0,170.0,Fort Wayne,IN,,,2025,2026
28,189,Bowling Green,MAC,2026,198268,5312970,Christian Dedivanaj,Christian,Dedivanaj,10.0,Guard,75.0,170.0,Flint,MI,,,2026,2026
28,189,Bowling Green,MAC,2026,198270,5312972,Aiden Goins,Aiden,Goins,34.0,Forward,81.0,275.0,Knoxville,TN,,,2026,2026
28,189,Bowling Green,MAC,2026,198271,5312971,Camden Karel,Camden,Karel,15.0,Forward,81.0,220.0,Byron Center,MI,,,2026,2026
28,189,Bowling Green,MAC,2026,198272,5312967,Jason Kimbrough Jr.,Jason,Kimbrough Jr.,1.0,Guard,72.0,165.0,Maricopa,AZ,,,2026,2026
28,189,Bowling Green,MAC,2026,198273,5312968,Makhi Leach,Makhi,Leach,3.0,Guard,74.0,173.0,Toledo,OH,,,2026,2026
28,189,Bowling Green,MAC,2026,6703,4693725,Javon Ruffin,Javon,Ruffin,11.0,Guard,77.0,195.0,Phoenix,AZ,,,2026,2026
28,189,Bowling Green,MAC,2026,198277,5312969,Josiah Shackelford,Josiah,Shackelford,4.0,Guard,76.0,212.0,Sanford,FL,,,2026,2026
28,189,Bowling Green,MAC,2026,1567,5102799,Mayar Wol,Mayar,Wol,9.0,Forward,80.0,196.0,Raleigh,NC,,,2026,2026
28,189,Bowling Green,MAC,2026,3112,5106773,Justin Thomas,Justin,Thomas,25.0,Guard,79.0,184.0,Baton Rouge,LA,,,2026,2026
28,189,Bowling Green,MAC,2026,11130,5112412,Troy Glover II,Troy,Glover II,16.0,Forward,82.0,225.0,Wheaton,IL,,,2026,2026
351,2711,Western Michigan,MAC,2026,2487,5107999,Max Burton,Max,Burton,10.0,Forward,82.0,240.0,Williamston,MI,,,2023,2026
351,2711,Western Michigan,MAC,2026,2489,5243096,EJ Ryans,EJ,Ryans,3.0,Guard,75.0,185.0,Grand Rapids,MI,,,2025,2026
351,2711,Western Michigan,MAC,2026,2496,5243099,Junior Sileu,Junior,Sileu,52.0,Forward,82.0,220.0,Douala,CMR,,,2025,2026
351,2711,Western Michigan,MAC,2026,2498,5176248,Michael Sulaka,Michael,Sulaka,24.0,Forward,81.0,215.0,Macomb,MI,,,2024,2026
351,2711,Western Michigan,MAC,2026,71107,5264646,Nicholas Errica,Nicholas,Errica,9.0,Athlete,75.0,185.0,Cremona,ITA,,,2025,2026
351,2711,Western Michigan,MAC,2026,1670,5105966,Trey Lewis,Trey,Lewis,1.0,Guard,78.0,200.0,Ferndale,MI,,,2026,2026
351,2711,Western Michigan,MAC,2026,3316,4683676,Justice Williams,Justice,Williams,11.0,Guard,76.0,185.0,Philadelphia,PA,,,2026,2026
351,2711,Western Michigan,MAC,2026,4129,5239603,Hudson Ward,Hudson,Ward,8.0,Forward,79.0,220.0,Leduc,AB,,,2026,2026
351,2711,Western Michigan,MAC,2026,203360,5314283,Sharod Barnes,Sharod,Barnes,0.0,Guard,74.0,180.0,Ypsilanti,MI,,,2026,2026
351,2711,Western Michigan,MAC,2026,7407,5106869,Jayden Brewer,Jayden,Brewer,12.0,Guard,78.0,160.0,Indianapolis,IN,,,2026,2026
351,2711,Western Michigan,MAC,2026,15664,5179286,Jalen Griffith,Jalen,Griffith,2.0,Guard,70.0,150.0,Chicago,IL,,,2026,2026
351,2711,Western Michigan,MAC,2026,203366,5314286,Declan Peterson,Declan,Peterson,22.0,Center,83.0,250.0,Bentley,AB,,,2026,2026
351,2711,Western Michigan,MAC,2026,203370,5314284,Brady Swartz,Brady,Swartz,4.0,Guard,79.0,195.0,Grand Rapids,MI,,,2026,2026
351,2711,Western Michigan,MAC,2026,203371,5314287,Camden Thompson,Camden,Thompson,23.0,Guard,77.0,200.0,Whitehall,MI,,,2026,2026
351,2711,Western Michigan,MAC,2026,203372,5314285,Carson Vis,Carson,Vis,7.0,Guard,75.0,190.0,Byron Center,MI,,,2026,2026
19,2050,Ball State,MAC,2026,2651,5176167,Mason Jones,Mason,Jones,24.0,Forward,79.0,225.0,Valparaiso,IN,,,2024,2026
19,2050,Ball State,MAC,2026,2653,5093254,Joey Hart,Joey,Hart,20.0,Guard,77.0,205.0,Linton,IN,,,2025,2026
19,2050,Ball State,MAC,2026,2655,5241481,Jai Anthoni Bearden,Jai Anthoni,Bearden,0.0,Forward,79.0,185.0,Phoenix,AZ,,,2025,2026
19,2050,Ball State,MAC,2026,2656,5176168,Zane Doughty,Zane,Doughty,54.0,Center,81.0,230.0,Indianapolis,IN,,,2024,2026
19,2050,Ball State,MAC,2026,2658,5241482,Kody Clancy,Kody,Clancy,11.0,Guard,75.0,200.0,Scottsburg,IN,,,2025,2026
19,2050,Ball State,MAC,2026,198127,5312913,Preston Copeland,Preston,Copeland,34.0,Forward,81.0,215.0,Clayton,NC,,,2026,2026
19,2050,Ball State,MAC,2026,198130,5312914,Alex Farley,Alex,Farley,45.0,Guard,73.0,177.0,Rossville,IN,,,2026,2026
19,2050,Ball State,MAC,2026,198132,5312912,Easton Foster,Easton,Foster,23.0,Forward,78.0,180.0,Parker City,IN,,,2026,2026
19,2050,Ball State,MAC,2026,9615,5241705,Juwan Maxey,Juwan,Maxey,3.0,Guard,72.0,175.0,Detroit,MI,,,2026,2026
19,2050,Ball State,MAC,2026,148,5103584,Kayden Fish,Kayden,Fish,4.0,Forward,78.0,245.0,Kansas City,MO,,,2026,2026
19,2050,Ball State,MAC,2026,2554,5108010,Elmore James IV,Elmore,James IV,1.0,Guard,75.0,210.0,Cleveland,OH,,,2026,2026
19,2050,Ball State,MAC,2026,4083,5177148,Armoni Zeigler,Armoni,Zeigler,5.0,Guard,76.0,200.0,Amityville,NY,,,2026,2026
19,2050,Ball State,MAC,2026,6333,5176789,Devon Barnes,Devon,Barnes,13.0,Guard,73.0,180.0,Hinesville,GA,,,2026,2026
19,2050,Ball State,MAC,2026,7220,5105458,Cam Denson,Cam,Denson,7.0,Guard,79.0,215.0,Compton,CA,,,2026,2026
19,2050,Ball State,MAC,2026,16118,5176370,Davion Hill,Davion,Hill,2.0,Guard,74.0,225.0,Williamsport,PA,,,2026,2026
79,2199,Eastern Michigan,MAC,2026,4873,5242935,Godslove Nwabude,Godslove,Nwabude,13.0,Forward,81.0,,Anambra State,NGR,,,2025,2026
79,2199,Eastern Michigan,MAC,2026,4875,4703097,John Shanu II,John,Shanu II,33.0,Center,83.0,245.0,Houston,TX,,,2025,2026
79,2199,Eastern Michigan,MAC,2026,4880,5242934,Mbaye N'Diaye,Mbaye,N'Diaye,8.0,Guard,77.0,,Theis,SEN,,,2025,2026
79,2199,Eastern Michigan,MAC,2026,4882,4401637,Cooper Smith,Cooper,Smith,45.0,Guard,73.0,180.0,Mio,MI,,,2025,2026
79,2199,Eastern Michigan,MAC,2026,199058,5313308,Gregory Lawson II,Gregory,Lawson II,0.0,Guard,75.0,,Saginaw,MI,,,2026,2026
79,2199,Eastern Michigan,MAC,2026,4902,5242937,Mohammad Habhab,Mohammad,Habhab,4.0,Forward,81.0,205.0,Dearborn,MI,,,2026,2026
79,2199,Eastern Michigan,MAC,2026,1801,5107246,Mak Manciel,Mak,Manciel,1.0,Guard,76.0,200.0,Detroit,MI,,,2026,2026
79,2199,Eastern Michigan,MAC,2026,69,5176182,Aidan Rubio,Aidan,Rubio,7.0,Guard,79.0,200.0,Flint,MI,,,2026,2026
79,2199,Eastern Michigan,MAC,2026,3177,5240017,Mehki Ellison,Mehki,Ellison,3.0,Guard,72.0,,Flint,MI,,,2026,2026
79,2199,Eastern Michigan,MAC,2026,3755,4592404,Addison Patterson,Addison,Patterson,9.0,Forward,79.0,205.0,Mississauga,AB,,,2026,2026
79,2199,Eastern Michigan,MAC,2026,3756,5176794,Jon Sanders II,Jon,Sanders II,10.0,Guard,74.0,190.0,Detroit,MI,,,2026,2026
79,2199,Eastern Michigan,MAC,2026,3911,5241388,Merritt Alderink,Merritt,Alderink,35.0,Forward,79.0,215.0,Zeeland,MI,,,2026,2026
79,2199,Eastern Michigan,MAC,2026,4936,5175028,Braelon Green,Braelon,Green,5.0,Guard,75.0,180.0,Southfield,MI,,,2026,2026
79,2199,Eastern Michigan,MAC,2026,16295,5176654,Carlos Hart,Carlos,Hart,2.0,Guard,77.0,210.0,Miami,FL,,,2026,2026
45,2117,Central Michigan,MAC,2026,198553,5313259,Kareem Aburashed,Kareem,Aburashed,4.0,Center,82.0,235.0,West Bloomfield,MI,,,2026,2026
45,2117,Central Michigan,MAC,2026,198554,5313260,Tamario Adley,Tamario,Adley,5.0,Guard,73.0,195.0,Detroit,MI,,,2026,2026
45,2117,Central Michigan,MAC,2026,198555,5313255,Uchenna Amene,Uchenna,Amene,0.0,Guard,72.0,180.0,Northville,MI,,,2026,2026
45,2117,Central Michigan,MAC,2026,12516,5257917,Will Ashford,Will,Ashford,22.0,Athlete,77.0,200.0,Aurora,IL,,,2026,2026
45,2117,Central Michigan,MAC,2026,198557,5313262,Jorden Brooks,Jorden,Brooks,23.0,Guard,73.0,185.0,Grand Rapids,MI,,,2026,2026
45,2117,Central Michigan,MAC,2026,198559,5313263,Nathan Claerbaut,Nathan,Claerbaut,32.0,Center,84.0,230.0,Zeeland,MI,,,2026,2026
45,2117,Central Michigan,MAC,2026,624,5241663,Keenan Garner,Keenan,Garner,13.0,Forward,78.0,220.0,Fishers,IN,,,2026,2026
45,2117,Central Michigan,MAC,2026,198562,5313257,Jalen Kampen,Jalen,Kampen,2.0,Guard,75.0,175.0,Parchment,MI,,,2026,2026
45,2117,Central Michigan,MAC,2026,14111,5108789,Logan McIntire,Logan,McIntire,33.0,Guard,77.0,205.0,Ramsey,IN,,,2026,2026
45,2117,Central Michigan,MAC,2026,23458,5116155,Nick Mullen,Nick,Mullen,21.0,Forward,82.0,230.0,Chesterton,IN,,,2026,2026
45,2117,Central Michigan,MAC,2026,198565,5313261,Kayden Nation,Kayden,Nation,11.0,Forward,79.0,225.0,Peoria,IL,,,2026,2026
45,2117,Central Michigan,MAC,2026,198566,5313256,Nsikan Usen,Nsikan,Usen,1.0,Forward,78.0,200.0,Milford,MI,,,2026,2026
45,2117,Central Michigan,MAC,2026,198567,5313258,Jaxson Whitaker,Jaxson,Whitaker,3.0,Guard,76.0,215.0,Muskegon,MI,,,2026,2026
45,2117,Central Michigan,MAC,2026,4176,5177611,Rodney Johnson Jr.,Rodney,Johnson Jr.,24.0,Forward,77.0,220.0,Bryan,TX,,,2026,2026
45,2117,Central Michigan,MAC,2026,5615,5239560,Phat Phat Brooks,Phat Phat,Brooks,10.0,Guard,74.0,195.0,Grand Rapids,MI,,,2026,2026
3,2006,Akron,MAC,2026,4959,5108060,Amani Lyles,Amani,Lyles,0.0,Forward,81.0,240.0,Columbus,OH,,,2023,2026
3,2006,Akron,MAC,2026,4962,5241470,Sharron Young,Sharron,Young,3.0,Guard,72.0,160.0,Morgantown,WV,,,2025,2026
3,2006,Akron,MAC,2026,4963,5108059,Tavari Johnson,Tavari,Johnson,5.0,Guard,72.0,170.0,La Grange Park,IL,,,2023,2026
3,2006,Akron,MAC,2026,4989,5176192,Cody Head,Cody,Head,9.0,Guard,75.0,195.0,Cleveland,OH,,,2026,2026
3,2006,Akron,MAC,2026,197871,5314280,Josh Henderson,Josh,Henderson,7.0,Guard,77.0,170.0,Westerville,OH,,,2026,2026
3,2006,Akron,MAC,2026,424,5105847,Evan Mahaffey,Evan,Mahaffey,12.0,Guard,78.0,215.0,Cincinnati,OH,,,2026,2026
3,2006,Akron,MAC,2026,197877,5314279,Tai Perkins,Tai,Perkins,6.0,Guard,72.0,150.0,Westerville,OH,,,2026,2026
3,2006,Akron,MAC,2026,197879,5314282,Ognjen Stankovic,Ognjen,Stankovic,16.0,Guard,80.0,205.0,Belgrade,SER,,,2026,2026
3,2006,Akron,MAC,2026,4964,5106652,Shammah Scott,Shammah,Scott,1.0,Guard,74.0,200.0,Cleveland,OH,,,2024,2026
3,2006,Akron,MAC,2026,4965,5105840,Bowen Hardman,Bowen,Hardman,15.0,Guard,75.0,190.0,Cincinnati,OH,,,2025,2026
3,2006,Akron,MAC,2026,4969,5241469,Rich Brisco,Rich,Brisco,2.0,Forward,80.0,240.0,Brooklyn,NY,,,2025,2026
3,2006,Akron,MAC,2026,4970,5241472,Conner Groce,Conner,Groce,11.0,Guard,72.0,165.0,Champaign,IL,,,2025,2026
3,2006,Akron,MAC,2026,4971,5241471,Eric Mahaffey,Eric,Mahaffey,4.0,Guard,78.0,200.0,Cincinnati,OH,,,2025,2026
3,2006,Akron,MAC,2026,4972,5176139,Marvin Musiime-Kamali,Marvin,Musiime-Kamali,23.0,Guard,78.0,195.0,Brockton,MA,,,2024,2026
3,2006,Akron,MAC,2026,4973,5176138,Zach Halligan,Zach,Halligan,21.0,Guard,77.0,210.0,Uniontown,OH,,,2024,2026
3,2006,Akron,MAC,2026,5552,5105882,Chabi Barre,Chabi,Barre,8.0,Forward,82.0,225.0,Cotonou,BEN,,,2026,2026
33,2084,Buffalo,MAC,2026,4042,4684022,Angelo Brizzi,Angelo,Brizzi,14.0,Guard,75.0,193.0,Warrenton,VA,,,2026,2026
33,2084,Buffalo,MAC,2026,198350,5312995,Matas Buteliauskas,Matas,Buteliauskas,0.0,Forward,79.0,200.0,Vilnius,LTU,,,2026,2026
33,2084,Buffalo,MAC,2026,5430,5101672,Daniel Freitag,Daniel,Freitag,5.0,Guard,74.0,192.0,Bloomington,MN,,,2026,2026
33,2084,Buffalo,MAC,2026,198352,5312997,Kyle Jones,Kyle,Jones,12.0,Guard,77.0,195.0,Frisco,TX,,,2026,2026
33,2084,Buffalo,MAC,2026,198357,5312999,Evan Romano,Evan,Romano,35.0,Guard,75.0,185.0,Holmdel,NJ,,,2026,2026
33,2084,Buffalo,MAC,2026,198360,5312996,Derrick Talton Jr.,Derrick,Talton Jr.,10.0,Guard,70.0,157.0,Fort Worth,TX,,,2026,2026
33,2084,Buffalo,MAC,2026,198361,5312998,Aleksa Vlajic,Aleksa,Vlajic,15.0,Forward,82.0,225.0,Belgrade,SER,,,2026,2026
33,2084,Buffalo,MAC,2026,15590,5180962,Mikhail Pocknett,Mikhail,Pocknett,3.0,Forward,78.0,235.0,Wilmington,NC,,,2026,2026
33,2084,Buffalo,MAC,2026,14858,5112334,Ezra McKenna,Ezra,McKenna,13.0,Forward,82.0,243.0,Fort Walton Beach,FL,,,2026,2026
33,2084,Buffalo,MAC,2026,2612,5105803,Noah Batchelor,Noah,Batchelor,1.0,Forward,80.0,210.0,Frederick,MD,,,2025,2026
33,2084,Buffalo,MAC,2026,2613,5243034,Tim Oboh,Tim,Oboh,33.0,Center,83.0,230.0,Orpington,ENG,,,2025,2026
33,2084,Buffalo,MAC,2026,2616,5177188,Ryan Sabol,Ryan,Sabol,2.0,Guard,75.0,195.0,Washington,DC,,,2024,2026
33,2084,Buffalo,MAC,2026,2624,5243032,Daniel Shao,Daniel,Shao,20.0,Guard,70.0,175.0,Morris Plains,NJ,,,2025,2026
33,2084,Buffalo,MAC,2026,2626,5243025,Omar Migues-Hibeljic,Omar,Migues-Hibeljic,8.0,Guard,77.0,200.0,Quebec City,PQ,,,2025,2026
267,2569,South Carolina State,MEAC,2026,1611,5243405,Jayden Johnson,Jayden,Johnson,10.0,Guard,73.0,165.0,Brooklyn,NY,,,2025,2026
267,2569,South Carolina State,MEAC,2026,1615,5243409,D'Shay Knights Wright,D'Shay,Knights Wright,23.0,Forward,81.0,210.0,Ajax,ON,,,2025,2026
267,2569,South Carolina State,MEAC,2026,1614,5106054,Colin McKenzie,Colin,McKenzie,2.0,Guard,78.0,200.0,Charleston,SC,,,2025,2026
267,2569,South Carolina State,MEAC,2026,1616,5179094,James Morrow,James,Morrow,22.0,Forward,80.0,210.0,Jacksonville,FL,,,2024,2026
267,2569,South Carolina State,MEAC,2026,1620,5243407,Jamal Miles,Jamal,Miles,14.0,Guard,76.0,190.0,Lorton,VA,,,2025,2026
267,2569,South Carolina State,MEAC,2026,1621,5243404,Florian Tenebay,Florian,Tenebay,1.0,Guard,78.0,195.0,Martinique,FRA,,,2025,2026
267,2569,South Carolina State,MEAC,2026,202061,5317333,Derwin Hodge Jr.,Derwin,Hodge Jr.,7.0,Forward,82.0,195.0,Suwanee,GA,,,2026,2026
267,2569,South Carolina State,MEAC,2026,202067,5317334,Tim Okojie,Tim,Okojie,15.0,Center,85.0,225.0,Frisco,TX,,,2026,2026
267,2569,South Carolina State,MEAC,2026,202068,5317337,Chris Parker,Chris,Parker,55.0,Guard,77.0,215.0,Columbia,SC,,,2026,2026
267,2569,South Carolina State,MEAC,2026,202070,5317336,Teon Tindal,Teon,Tindal,32.0,Center,79.0,210.0,Sumter,SC,,,2026,2026
267,2569,South Carolina State,MEAC,2026,202071,5317332,Noah Treadwell,Noah,Treadwell,0.0,Guard,77.0,180.0,Atlanta,GA,,,2026,2026
267,2569,South Carolina State,MEAC,2026,7373,5241847,Cameron Clark,Cameron,Clark,4.0,Forward,82.0,225.0,Gwinnett,GA,,,2026,2026
267,2569,South Carolina State,MEAC,2026,211958,5323988,Rayniel Wright,Rayniel,Wright,30.0,Guard,72.0,160.0,Inglewood,CA,,,2026,2026
267,2569,South Carolina State,MEAC,2026,211959,5323987,Owen Bronston Jr.,Owen,Bronston Jr.,5.0,Guard,78.0,205.0,Fairfield,OH,,,2026,2026
114,47,Howard,MEAC,2026,36,4897768,Bryce Harris,Bryce,Harris,34.0,Guard,76.0,220.0,Brentwood,NY,,,2022,2026
114,47,Howard,MEAC,2026,42,5107986,Ose Okojie,Ose,Okojie,11.0,Guard,77.0,191.0,Brampton,ON,,,2023,2026
114,47,Howard,MEAC,2026,46,5243100,Isaiah Brown,Isaiah,Brown,0.0,Guard,73.0,170.0,Ramsey,NJ,,,2025,2026
114,47,Howard,MEAC,2026,9369,5250600,Calvin Robins Jr.,Calvin,Robins Jr.,21.0,Forward,77.0,185.0,Chicago,IL,,,2025,2026
114,47,Howard,MEAC,2026,5434,5176075,Cam Gillus,Cam,Gillus,2.0,Guard,71.0,180.0,Falls Church,VA,,,2026,2026
114,47,Howard,MEAC,2026,7564,5175065,Alex Cotton,Alex,Cotton,4.0,Guard,77.0,200.0,Carrollton,TX,,,2026,2026
114,47,Howard,MEAC,2026,199626,5316220,Travelle Bryson,Travelle,Bryson,32.0,Forward,77.0,185.0,Anderson,SC,,,2026,2026
114,47,Howard,MEAC,2026,199629,5316215,Shane Frazier,Shane,Frazier,5.0,Guard,77.0,,Los Angeles,CA,,,2026,2026
114,47,Howard,MEAC,2026,199633,5316213,Stefan Isailovic,Stefan,Isailovic,1.0,Forward,80.0,,Sabac,SER,,,2026,2026
114,47,Howard,MEAC,2026,199634,5316218,Jeremiah Johnson,Jeremiah,Johnson,10.0,Guard,75.0,,Potomac,MD,,,2026,2026
114,47,Howard,MEAC,2026,199635,5316216,Julian Johnson,Julian,Johnson,7.0,Forward,81.0,,Charlotte,NC,,,2026,2026
114,47,Howard,MEAC,2026,199636,5316219,Danas Kazakevicius,Danas,Kazakevicius,13.0,Center,82.0,,Vilnius,LTU,,,2026,2026
114,47,Howard,MEAC,2026,199638,5316214,BJ Powell,BJ,Powell,3.0,Guard,72.0,,Charlotte,NC,,,2026,2026
114,47,Howard,MEAC,2026,199640,5316217,River Smith,River,Smith,9.0,Guard,70.0,,Englewood,NJ,,,2026,2026
114,47,Howard,MEAC,2026,15146,5192142,Cedric Taylor III,Cedric,Taylor III,12.0,Guard,79.0,210.0,Atlanta,GA,,,2026,2026
114,47,Howard,MEAC,2026,15545,4898226,Ed Holland III,Ed,Holland III,23.0,Guard,78.0,210.0,Philadelphia,PA,,,2026,2026
67,2169,Delaware State,MEAC,2026,5692,5108720,Kareem Watson,Kareem,Watson,13.0,Forward,80.0,180.0,Philadelphia,PA,,,2025,2026
67,2169,Delaware State,MEAC,2026,5694,5243397,John Clemmons,John,Clemmons,5.0,Guard,78.0,203.0,Bear,DE,,,2025,2026
67,2169,Delaware State,MEAC,2026,5695,5176278,Dean Shepherd,Dean,Shepherd,22.0,Guard,75.0,180.0,New Castle,DE,,,2024,2026
67,2169,Delaware State,MEAC,2026,5696,4897761,Corey Perkins,Corey,Perkins,2.0,Guard,74.0,180.0,Wilmington,DE,,,2022,2026
67,2169,Delaware State,MEAC,2026,198888,5317275,Muazibini Adamu,Muazibini,Adamu,35.0,Center,82.0,215.0,Accra,GHA,,,2026,2026
67,2169,Delaware State,MEAC,2026,198893,5317274,Cyril Obasogie,Cyril,Obasogie,10.0,Center,83.0,211.0,Edo State,NGR,,,2026,2026
67,2169,Delaware State,MEAC,2026,198896,5317276,Ademar Santos,Ademar,Santos,37.0,Forward,80.0,201.0,Stockholm,SWE,,,2026,2026
67,2169,Delaware State,MEAC,2026,198900,5317273,Jalen St Clair,Jalen,St Clair,8.0,Guard,73.0,165.0,Bethesda,MD,,,2026,2026
67,2169,Delaware State,MEAC,2026,1527,5174995,Camian Shell,Camian,Shell,11.0,Guard,70.0,170.0,Winston-Salem,NC,,,2026,2026
67,2169,Delaware State,MEAC,2026,2905,5106611,Miles Webb,Miles,Webb,3.0,Forward,80.0,190.0,Arlington,VA,,,2026,2026
67,2169,Delaware State,MEAC,2026,4890,5107879,Bessanty Saragba,Bessanty,Saragba,42.0,Forward,81.0,215.0,Marseille,FRA,,,2026,2026
67,2169,Delaware State,MEAC,2026,7859,4592477,Rahmir Moore,Rahmir,Moore,0.0,Guard,75.0,205.0,Philadelphia,PA,,,2026,2026
67,2169,Delaware State,MEAC,2026,8340,4433577,Zion Bethea,Zion,Bethea,4.0,Guard,76.0,205.0,South Orange,NJ,,,2026,2026
67,2169,Delaware State,MEAC,2026,5697,5243398,Theodore Pendergrass III,Theodore,Pendergrass III,,Forward,74.0,165.0,Ardmore,PA,,,2025,2026
67,2169,Delaware State,MEAC,2026,5699,5243399,Ponce James,Ponce,James,1.0,Guard,71.0,180.0,Bridgeport,CT,,,2025,2026
67,2169,Delaware State,MEAC,2026,215360,5326468,Omar Stephen,Omar,Stephen,,Forward,,,,,,,2026,2026
59,2154,Coppin State,MEAC,2026,5752,5176265,Khali Horton,Khali,Horton,7.0,Forward,80.0,200.0,Erie,PA,,,2024,2026
59,2154,Coppin State,MEAC,2026,5758,5176269,Camaren Sparrow,Camaren,Sparrow,10.0,Guard,76.0,185.0,Baltimore,MD,,,2024,2026
59,2154,Coppin State,MEAC,2026,5765,5108705,Macahi Nelson,Macahi,Nelson,15.0,Guard,77.0,185.0,Hagerstown,MD,,,2025,2026
59,2154,Coppin State,MEAC,2026,198774,5313947,Torrin Andrews,Torrin,Andrews,11.0,Guard,76.0,190.0,West Palm Beach,FL,,,2026,2026
59,2154,Coppin State,MEAC,2026,198775,5313945,Josiah Brown,Josiah,Brown,3.0,Guard,77.0,200.0,Baltimore,MD,,,2026,2026
59,2154,Coppin State,MEAC,2026,10164,5252323,Demariontay Hall,Demariontay,Hall,6.0,Athlete,79.0,235.0,Atlanta,GA,,,2026,2026
59,2154,Coppin State,MEAC,2026,198778,5313951,Tyler Koenig,Tyler,Koenig,33.0,Forward,81.0,225.0,Waldwick,NJ,,,2026,2026
59,2154,Coppin State,MEAC,2026,198779,5313949,Nelson Lamizana,Nelson,Lamizana,21.0,Forward,81.0,215.0,West Chester,PA,,,2026,2026
59,2154,Coppin State,MEAC,2026,198780,5313950,Daveyon Lydner,Daveyon,Lydner,23.0,Guard,76.0,180.0,York,PA,,,2026,2026
59,2154,Coppin State,MEAC,2026,198784,5313948,Jamari Piercy,Jamari,Piercy,14.0,Guard,77.0,170.0,Griffin,GA,,,2026,2026
59,2154,Coppin State,MEAC,2026,198785,5313944,Baasil Saunders,Baasil,Saunders,0.0,Guard,76.0,195.0,Philadelphia,PA,,,2026,2026
59,2154,Coppin State,MEAC,2026,198789,5313946,Hussain Williams,Hussain,Williams,4.0,Guard,77.0,200.0,Lynchburg,VA,,,2026,2026
59,2154,Coppin State,MEAC,2026,4553,4896959,Hassan Perkins,Hassan,Perkins,1.0,Guard,72.0,175.0,Wilmington,DE,,,2026,2026
59,2154,Coppin State,MEAC,2026,2453,4897522,Chris Morgan,Chris,Morgan,12.0,Forward,81.0,245.0,Grand Prairie,TX,,,2026,2026
59,2154,Coppin State,MEAC,2026,4716,4684986,Favour Aire,Favour,Aire,2.0,Forward,83.0,220.0,Ekpoma,NGR,,,2026,2026
59,2154,Coppin State,MEAC,2026,16224,4432364,Taj Thweatt,Taj,Thweatt,24.0,Forward,79.0,225.0,Wildwood,NJ,,,2026,2026
59,2154,Coppin State,MEAC,2026,16319,4433210,Elijah Taylor,Elijah,Taylor,22.0,Forward,81.0,230.0,Philadelphia,PA,,,2026,2026
182,2415,Morgan State,MEAC,2026,2114,5243111,Marland Harris,Marland,Harris,7.0,Forward,81.0,215.0,Inglewood,CA,,,2025,2026
182,2415,Morgan State,MEAC,2026,2115,5176291,Trent Edwards,Trent,Edwards,13.0,Forward,80.0,190.0,Lexington,KY,,,2024,2026
182,2415,Morgan State,MEAC,2026,2117,5107977,Rob Lawson,Rob,Lawson,3.0,Guard,71.0,175.0,Capitol Heights,MD,,,2023,2026
182,2415,Morgan State,MEAC,2026,2120,5243110,Matar Wade,Matar,Wade,5.0,Forward,80.0,210.0,Dakar,SEN,,,2025,2026
182,2415,Morgan State,MEAC,2026,2128,5243114,Jayden Socka,Jayden,Socka,32.0,Forward,81.0,260.0,Silver Spring,MD,,,2025,2026
182,2415,Morgan State,MEAC,2026,15108,5263816,Elijah Davis,Elijah,Davis,2.0,Athlete,73.0,175.0,Severn,MD,,,2026,2026
182,2415,Morgan State,MEAC,2026,7846,4704086,Dallas James,Dallas,James,42.0,Center,85.0,240.0,Artesia,CA,,,2026,2026
182,2415,Morgan State,MEAC,2026,4948,5240664,Alfred Worrell Jr.,Alfred,Worrell Jr.,1.0,Guard,76.0,210.0,Washington,DC,,,2026,2026
182,2415,Morgan State,MEAC,2026,200703,5314182,Eugene Alvin,Eugene,Alvin,55.0,Forward,79.0,225.0,Fort Myers,FL,,,2026,2026
182,2415,Morgan State,MEAC,2026,200704,5314181,Breon Barnett,Breon,Barnett,10.0,Guard,73.0,175.0,Douglasville,GA,,,2026,2026
182,2415,Morgan State,MEAC,2026,200705,5314180,David Bumpass,David,Bumpass,4.0,Guard,76.0,180.0,Washington,DC,,,2026,2026
182,2415,Morgan State,MEAC,2026,2078,5247441,Manok Lual,Manok,Lual,22.0,Athlete,81.0,185.0,Jacksonville,FL,,,2026,2026
182,2415,Morgan State,MEAC,2026,200712,5314179,Christian Meeks,Christian,Meeks,0.0,Guard,78.0,215.0,Hazel Crest,IL,,,2026,2026
182,2415,Morgan State,MEAC,2026,11266,5110002,Walter Peggs Jr.,Walter,Peggs Jr.,52.0,Guard,76.0,195.0,Jackson,TN,,,2026,2026
182,2415,Morgan State,MEAC,2026,15280,5176294,Christian Oliver,Christian,Oliver,21.0,Forward,82.0,250.0,Pasadena,CA,,,2026,2026
196,2450,Norfolk State,MEAC,2026,4534,5243395,Melo Baines,Melo,Baines,6.0,Forward,80.0,225.0,Norfolk,VA,,,2025,2026
196,2450,Norfolk State,MEAC,2026,4535,5176751,Jordan Leaks,Jordan,Leaks,20.0,Guard,75.0,170.0,Hampton,VA,,,2024,2026
196,2450,Norfolk State,MEAC,2026,4536,5175361,Dramane Camara,Dramane,Camara,35.0,Guard,78.0,215.0,Paris,FRA,,,2025,2026
196,2450,Norfolk State,MEAC,2026,4541,5243394,Mykel Jenkins,Mykel,Jenkins,3.0,Guard,77.0,180.0,Tarboro,NC,,,2025,2026
196,2450,Norfolk State,MEAC,2026,4087,5108030,Jaquel Morris,Jaquel,Morris,21.0,Center,80.0,220.0,Brooklyn,NY,,,2026,2026
196,2450,Norfolk State,MEAC,2026,1992,5106767,Elijah Jamison,Elijah,Jamison,2.0,Guard,75.0,195.0,Louisburg,NC,,,2026,2026
196,2450,Norfolk State,MEAC,2026,1073,5178891,Devon Ellis,Devon,Ellis,11.0,Forward,79.0,225.0,Schaumburg,IL,,,2026,2026
196,2450,Norfolk State,MEAC,2026,200946,5314185,Yel Deeng,Yel,Deeng,14.0,Forward,80.0,200.0,Amarillo,TX,,,2026,2026
196,2450,Norfolk State,MEAC,2026,2871,5108049,Anthony McComb III,Anthony,McComb III,7.0,Guard,75.0,180.0,Dayton,OH,,,2026,2026
196,2450,Norfolk State,MEAC,2026,200954,5314183,Adrean Newton,Adrean,Newton,0.0,Guard,72.0,165.0,Norfolk,VA,,,2026,2026
196,2450,Norfolk State,MEAC,2026,200956,5314184,Ahmad Torrence,Ahmad,Torrence,13.0,Guard,77.0,200.0,New York,NY,,,2026,2026
196,2450,Norfolk State,MEAC,2026,200957,5314186,Ryan Williams,Ryan,Williams,24.0,Guard,76.0,200.0,Queens,NY,,,2026,2026
196,2450,Norfolk State,MEAC,2026,359,5176708,Dian Wright-Forde,Dian,Wright-Forde,1.0,Guard,75.0,215.0,Bay Shore,NY,,,2026,2026
196,2450,Norfolk State,MEAC,2026,7856,5106634,Keyontae Lewis,Keyontae,Lewis,23.0,Forward,81.0,260.0,Chesterfield,VA,,,2026,2026
196,2450,Norfolk State,MEAC,2026,10101,5189033,Mekhi Reid,Mekhi,Reid,22.0,Forward,76.0,,Virginia Beach,VA,,,2026,2026
159,2379,Maryland Eastern Shore,MEAC,2026,4542,5243393,Christopher Flippin,Christopher,Flippin,35.0,Forward,80.0,240.0,Metairie,LA,,,2025,2026
159,2379,Maryland Eastern Shore,MEAC,2026,4547,4873199,Maurice Vassel,Maurice,Vassel,22.0,Forward,81.0,195.0,Brooklyn,NY,,,2025,2026
159,2379,Maryland Eastern Shore,MEAC,2026,4551,4703893,Trey Hall,Trey,Hall,23.0,Forward,81.0,215.0,Willimantic,CT,,,2025,2026
159,2379,Maryland Eastern Shore,MEAC,2026,2398,4898212,Jaden Cooper,Jaden,Cooper,0.0,Guard,75.0,190.0,Goldsboro,NC,,,2026,2026
159,2379,Maryland Eastern Shore,MEAC,2026,75,5176356,Javoy Thompson,Javoy,Thompson,11.0,Guard,79.0,205.0,Bronx,NY,,,2026,2026
159,2379,Maryland Eastern Shore,MEAC,2026,1623,5179096,Michael Teal,Michael,Teal,4.0,Guard,73.0,165.0,Alexandria,VA,,,2026,2026
159,2379,Maryland Eastern Shore,MEAC,2026,200362,5314177,Levi Beckwith,Levi,Beckwith,24.0,Small Forward,79.0,205.0,Raleigh,NC,,,2026,2026
159,2379,Maryland Eastern Shore,MEAC,2026,200363,5314173,Trey Brown,Trey,Brown,3.0,Point Guard,79.0,195.0,Phoenix,AZ,,,2026,2026
159,2379,Maryland Eastern Shore,MEAC,2026,3311,5241693,Maurio Hanson Jr.,Maurio,Hanson Jr.,31.0,Forward,79.0,210.0,Charlotte,NC,,,2026,2026
159,2379,Maryland Eastern Shore,MEAC,2026,200368,5314172,Jaden Johnson,Jaden,Johnson,2.0,Point Guard,70.0,175.0,Upper Marlboro,MD,,,2026,2026
159,2379,Maryland Eastern Shore,MEAC,2026,200369,5314176,Joseph Locandro,Joseph,Locandro,14.0,Forward,81.0,255.0,Melbourne,VIC,,,2026,2026
159,2379,Maryland Eastern Shore,MEAC,2026,200370,5314175,Justin Monden,Justin,Monden,12.0,Guard,72.0,160.0,Raleigh,NC,,,2026,2026
159,2379,Maryland Eastern Shore,MEAC,2026,200371,5314171,Zion Obanla,Zion,Obanla,1.0,Guard,80.0,215.0,Houston,TX,,,2026,2026
159,2379,Maryland Eastern Shore,MEAC,2026,200374,5314174,Devin Thomas,Devin,Thomas,10.0,Guard,72.0,165.0,Laurel,MD,,,2026,2026
159,2379,Maryland Eastern Shore,MEAC,2026,16097,5107653,Dorion Staples,Dorion,Staples,5.0,Forward,80.0,215.0,Fredericksburg,VA,,,2026,2026
199,2428,North Carolina Central,MEAC,2026,2937,5106673,Kelechi Okworogwo,Kelechi,Okworogwo,21.0,Forward,78.0,215.0,Bronx,NY,,,2025,2026
199,2428,North Carolina Central,MEAC,2026,2939,5108775,Dionte Johnson,Dionte,Johnson,2.0,Guard,72.0,190.0,Bronx,NY,,,2025,2026
199,2428,North Carolina Central,MEAC,2026,2947,5179293,Gbenga Olubi,Gbenga,Olubi,9.0,Forward,79.0,200.0,Corona,CA,,,2024,2026
199,2428,North Carolina Central,MEAC,2026,2948,5243400,Camren Daniels,Camren,Daniels,4.0,Guard,77.0,175.0,Durham,NC,,,2025,2026
199,2428,North Carolina Central,MEAC,2026,2949,5179290,Caleb Ellison,Caleb,Ellison,0.0,Guard,72.0,148.0,Winston-Salem,NC,,,2024,2026
199,2428,North Carolina Central,MEAC,2026,3403,5242551,Khouri Carvey,Khouri,Carvey,7.0,Forward,81.0,230.0,Wilson,NC,,,2026,2026
199,2428,North Carolina Central,MEAC,2026,4757,5239749,Tekao Carpenter,Tekao,Carpenter,5.0,Guard,75.0,190.0,Alexandria,VA,,,2026,2026
199,2428,North Carolina Central,MEAC,2026,4142,5240023,Kyric Davis,Kyric,Davis,1.0,Guard,77.0,198.0,Americus,GA,,,2026,2026
199,2428,North Carolina Central,MEAC,2026,7539,5241371,Ramondo Battle II,Ramondo,Battle II,22.0,Forward,80.0,175.0,McKinney,TX,,,2026,2026
199,2428,North Carolina Central,MEAC,2026,5759,5176266,Ryan Archey,Ryan,Archey,10.0,Guard,72.0,172.0,Clinton,MD,,,2026,2026
199,2428,North Carolina Central,MEAC,2026,201007,5314188,Khalil Arnold,Khalil,Arnold,3.0,Guard,76.0,180.0,Simpsonville,SC,,,2026,2026
199,2428,North Carolina Central,MEAC,2026,5757,5107900,Jonathan Dunn,Jonathan,Dunn,13.0,Forward,79.0,200.0,Florissant,MO,,,2026,2026
199,2428,North Carolina Central,MEAC,2026,201017,5314190,Gage Lattimore,Gage,Lattimore,11.0,Guard,74.0,190.0,Greensboro,NC,,,2026,2026
199,2428,North Carolina Central,MEAC,2026,13132,5258958,Justin Edwards,Justin,Edwards,12.0,Athlete,69.0,168.0,Corona,CA,,,2026,2026
199,2428,North Carolina Central,MEAC,2026,16185,5176670,Jae Slack,Jae,Slack,8.0,Guard,78.0,210.0,Fort Worth,TX,,,2026,2026
273,79,Southern Illinois,MVC,2026,749,5241419,Jorge Moreno,Jorge,Moreno,25.0,Forward,83.0,270.0,Cananea,MEX,,,2025,2026
273,79,Southern Illinois,MVC,2026,750,5241417,Rolyns Aligbe,Rolyns,Aligbe,0.0,Forward,81.0,240.0,Minneapolis,MN,,,2025,2026
273,79,Southern Illinois,MVC,2026,751,5107899,Damien Mayo Jr.,Damien,Mayo Jr.,10.0,Guard,75.0,205.0,St. Louis,MO,,,2025,2026
273,79,Southern Illinois,MVC,2026,752,5106452,Davion Sykes,Davion,Sykes,4.0,Guard,78.0,220.0,Duncanville,TX,,,2025,2026
273,79,Southern Illinois,MVC,2026,753,4711281,Drew Steffe,Drew,Steffe,21.0,Guard,77.0,200.0,Frisco,TX,,,2025,2026
273,79,Southern Illinois,MVC,2026,1088,5176403,Isaiah Stafford,Isaiah,Stafford,9.0,Guard,74.0,185.0,Bolingbrook,IL,,,2026,2026
273,79,Southern Illinois,MVC,2026,4094,4609653,Prince Aligbe,Prince,Aligbe,8.0,Forward,79.0,235.0,Minneapolis,MN,,,2026,2026
273,79,Southern Illinois,MVC,2026,202150,5313874,Caden Hawkins,Caden,Hawkins,3.0,Guard,72.0,175.0,Carterville,IL,,,2026,2026
273,79,Southern Illinois,MVC,2026,202154,5313876,Daniel Pauliukonis,Daniel,Pauliukonis,7.0,Forward,81.0,200.0,Chicago,IL,,,2026,2026
273,79,Southern Illinois,MVC,2026,202159,5313877,Luke Walsh,Luke,Walsh,14.0,Guard,74.0,185.0,St. Louis,MO,,,2026,2026
273,79,Southern Illinois,MVC,2026,205185,5313875,Jalen Haynes,Jalen,Haynes,5.0,Guard,76.0,185.0,Lewisville,TX,,,2026,2026
273,79,Southern Illinois,MVC,2026,754,5061607,Jaheem Webber,Jaheem,Webber,33.0,Center,82.0,255.0,Normal,IL,,,2025,2026
273,79,Southern Illinois,MVC,2026,803,5242121,Quel'Ron House,Quel'Ron,House,2.0,Guard,72.0,180.0,Louisville,KY,,,2026,2026
273,79,Southern Illinois,MVC,2026,814,5239709,Max Pikaar,Max,Pikaar,35.0,Forward,84.0,205.0,Leidschendam,NED,,,2026,2026
119,2287,Illinois State,MVC,2026,4590,5176354,Chase Walker,Chase,Walker,35.0,Forward,81.0,280.0,Columbus,OH,,,2024,2026
119,2287,Illinois State,MVC,2026,4591,5176352,Johnny Kinziger,Johnny,Kinziger,11.0,Guard,71.0,170.0,De Pere,WI,,,2024,2026
119,2287,Illinois State,MVC,2026,4592,4897478,Landon Wolf,Landon,Wolf,4.0,Guard,77.0,210.0,Cedar Falls,IA,,,2025,2026
119,2287,Illinois State,MVC,2026,4595,5241373,Jack Daugherty,Jack,Daugherty,0.0,Forward,80.0,210.0,Brookfield,WI,,,2025,2026
119,2287,Illinois State,MVC,2026,4596,5174297,Cameron Barnes,Cameron,Barnes,23.0,Forward,82.0,205.0,Duncanville,TX,,,2025,2026
119,2287,Illinois State,MVC,2026,4599,5176351,Ty Pence,Ty,Pence,22.0,Guard,78.0,205.0,Saint Joseph,IL,,,2024,2026
119,2287,Illinois State,MVC,2026,4602,4684285,Brandon Lieb,Brandon,Lieb,12.0,Forward,85.0,250.0,Deerfield,IL,,,2024,2026
119,2287,Illinois State,MVC,2026,4603,5176353,Ty Blake,Ty,Blake,13.0,Guard,76.0,190.0,Normal,IL,,,2024,2026
119,2287,Illinois State,MVC,2026,1498,5106612,Landon Moore,Landon,Moore,1.0,Guard,75.0,205.0,Bloomington,IL,,,2026,2026
119,2287,Illinois State,MVC,2026,199687,5313854,Nick Allen,Nick,Allen,15.0,Forward,82.0,230.0,Bourbonnais,IL,,,2026,2026
119,2287,Illinois State,MVC,2026,199690,5313853,Ty'Reek Coleman,Ty'Reek,Coleman,10.0,Guard,74.0,175.0,Aurora,IL,,,2026,2026
119,2287,Illinois State,MVC,2026,199692,5313851,Isaac Ericksen,Isaac,Ericksen,2.0,Forward,80.0,195.0,Cary,NC,,,2026,2026
119,2287,Illinois State,MVC,2026,199694,5313852,Mason Klabo,Mason,Klabo,3.0,Guard,74.0,180.0,Fargo,ND,,,2026,2026
119,2287,Illinois State,MVC,2026,4604,4702671,Boden Skunberg,Boden,Skunberg,14.0,Guard,77.0,210.0,Jamestown,ND,,,2025,2026
122,282,Indiana State,MVC,2026,3906,5108045,Markus Harding,Markus,Harding,11.0,Forward,82.0,250.0,Toronto,ON,,,2025,2026
122,282,Indiana State,MVC,2026,3912,5176350,Derek Vorst,Derek,Vorst,35.0,Forward,82.0,250.0,Luckey,OH,,,2024,2026
122,282,Indiana State,MVC,2026,3914,5241387,Bruno Alocen,Bruno,Alocen,4.0,Guard,78.0,180.0,Barcelona,ESP,,,2025,2026
122,282,Indiana State,MVC,2026,3915,5241385,Jayan Walker,Jayan,Walker,2.0,Guard,78.0,200.0,Raleigh,NC,,,2025,2026
122,282,Indiana State,MVC,2026,3917,5175821,Camp Wagner,Camp,Wagner,8.0,Guard,78.0,190.0,Dallas,TX,,,2025,2026
122,282,Indiana State,MVC,2026,3919,5241386,Caden Huttenlocker,Caden,Huttenlocker,12.0,Guard,74.0,185.0,Ellettsville,IN,,,2025,2026
122,282,Indiana State,MVC,2026,3920,5176348,Cooper Bean,Cooper,Bean,13.0,Guard,75.0,190.0,Noblesville,IN,,,2024,2026
122,282,Indiana State,MVC,2026,19511,5190937,Xavier Hall,Xavier,Hall,30.0,Guard,72.0,185.0,Shawnee Mission,KS,,,2026,2026
122,282,Indiana State,MVC,2026,5663,5175049,Sterling Young,Sterling,Young,0.0,Guard,73.0,175.0,Queens,NY,,,2026,2026
122,282,Indiana State,MVC,2026,25035,5121360,Zyair Greene,Zyair,Greene,5.0,Athlete,75.0,200.0,Atlanta,GA,,,2026,2026
122,282,Indiana State,MVC,2026,199740,5313862,Martin Kaupanger,Martin,Kaupanger,21.0,Guard,77.0,190.0,Gig Harbor,WA,,,2026,2026
122,282,Indiana State,MVC,2026,199741,5313860,Sivert Nordheim,Sivert,Nordheim,9.0,Guard,78.0,190.0,Oslo,NOR,,,2026,2026
122,282,Indiana State,MVC,2026,23208,5115354,Ian Scott,Ian,Scott,23.0,Forward,79.0,220.0,Plainfield,IN,,,2026,2026
122,282,Indiana State,MVC,2026,199743,5313861,Enel St. Bernard,Enel,St. Bernard,10.0,Forward,78.0,215.0,Harford Village,GRN,,,2026,2026
122,282,Indiana State,MVC,2026,199744,5313859,Jo Van Buggenhout,Jo,Van Buggenhout,6.0,Guard,74.0,,Brussels,BEL,,,2026,2026
122,282,Indiana State,MVC,2026,4898,5176181,Hunter Harding,Hunter,Harding,7.0,Center,85.0,255.0,Toronto,ON,,,2026,2026
209,2460,Northern Iowa,MVC,2026,5324,5176384,RJ Taylor,RJ,Taylor,10.0,Guard,71.0,175.0,Grand Blanc,MI,,,2024,2026
209,2460,Northern Iowa,MVC,2026,5325,5107887,Trey Campbell,Trey,Campbell,4.0,Guard,76.0,195.0,Cedar Falls,IA,,,2023,2026
209,2460,Northern Iowa,MVC,2026,5326,4838704,Leon Bond III,Leon,Bond III,35.0,Guard,77.0,200.0,Wauwatosa,WI,,,2025,2026
209,2460,Northern Iowa,MVC,2026,5328,5241409,Will Hornseth,Will,Hornseth,13.0,Forward,80.0,235.0,De Pere,WI,,,2025,2026
209,2460,Northern Iowa,MVC,2026,5329,5176385,Kyle Pock,Kyle,Pock,22.0,Forward,78.0,215.0,Bolivar,MO,,,2024,2026
209,2460,Northern Iowa,MVC,2026,5331,4897480,Chase Courbat,Chase,Courbat,20.0,Forward,82.0,235.0,Cedar Falls,IA,,,2022,2026
209,2460,Northern Iowa,MVC,2026,5332,5241408,Max Weisbrod,Max,Weisbrod,3.0,Guard,76.0,190.0,Windsor,WI,,,2025,2026
209,2460,Northern Iowa,MVC,2026,5333,5107889,Hunter Jacobson,Hunter,Jacobson,30.0,Guard,73.0,180.0,Cedar Falls,IA,,,2023,2026
209,2460,Northern Iowa,MVC,2026,5335,4897474,Ben Schwieger,Ben,Schwieger,7.0,Guard,80.0,220.0,Aurora,IL,,,2025,2026
209,2460,Northern Iowa,MVC,2026,5336,5241410,Cade Courbat,Cade,Courbat,15.0,Guard,80.0,235.0,Cedar Falls,IA,,,2025,2026
209,2460,Northern Iowa,MVC,2026,5337,5241407,Redek Born,Redek,Born,0.0,Guard,75.0,185.0,Norwalk,IA,,,2025,2026
209,2460,Northern Iowa,MVC,2026,2865,5238171,Ismael Diouf,Ismael,Diouf,11.0,Forward,81.0,225.0,St. Jean-sur-richielie,PQ,,,2026,2026
209,2460,Northern Iowa,MVC,2026,161,5239492,Marino Dubravcic,Marino,Dubravcic,31.0,Forward,82.0,242.0,Otocac,CRO,,,2026,2026
209,2460,Northern Iowa,MVC,2026,201118,5315804,Geon Hutchins,Geon,Hutchins,2.0,Guard,76.0,180.0,Detroit,MI,,,2026,2026
209,2460,Northern Iowa,MVC,2026,201122,5315806,Tristan Smith,Tristan,Smith,14.0,Forward,78.0,235.0,Elizabeth,CO,,,2026,2026
209,2460,Northern Iowa,MVC,2026,201124,5315805,Levi Valdo,Levi,Valdo,9.0,Guard,76.0,215.0,Yaounde,CMR,,,2026,2026
209,2460,Northern Iowa,MVC,2026,201126,5144119,Jalen Wilson,Jalen,Wilson,24.0,Forward,80.0,215.0,Minneapolis,MN,,,2026,2026
82,339,Evansville,MVC,2026,7534,5177734,Joshua Hughes,Joshua,Hughes,11.0,Forward,82.0,,Brisbane,QLD,,,2024,2026
82,339,Evansville,MVC,2026,7538,5241372,Trent Hundley,Trent,Hundley,45.0,Forward,78.0,,Mount Orab,OH,,,2025,2026
82,339,Evansville,MVC,2026,7540,4888885,Connor Turnbull,Connor,Turnbull,22.0,Forward,82.0,225.0,Saint Paul,MN,,,2025,2026
82,339,Evansville,MVC,2026,7541,5241370,Kaia Berridge,Kaia,Berridge,9.0,Guard,76.0,,Whangarei,NZL,,,2025,2026
82,339,Evansville,MVC,2026,7544,5177738,Dakota Candler,Dakota,Candler,32.0,Forward,77.0,,Vincennes,IN,,,2024,2026
82,339,Evansville,MVC,2026,7546,5177740,Weston Aigner,Weston,Aigner,40.0,Guard,75.0,,Newburgh,IN,,,2024,2026
82,339,Evansville,MVC,2026,199134,5313846,James Dyson-Merwe,James,Dyson-Merwe,2.0,Forward,83.0,,Sydney,NSW,,,2026,2026
82,339,Evansville,MVC,2026,199135,5313848,Aaron Gutman,Aaron,Gutman,33.0,Guard,79.0,,Walton,KY,,,2026,2026
82,339,Evansville,MVC,2026,199139,5313847,Leif Moeller,Leif,Moeller,6.0,Guard,79.0,,Berlin,GER,,,2026,2026
82,339,Evansville,MVC,2026,199141,5313845,Bryce Quinet,Bryce,Quinet,0.0,Guard,75.0,,Scottsdale,AZ,,,2026,2026
82,339,Evansville,MVC,2026,2593,5176225,Leo Amari IV,Leo,Amari IV,13.0,Guard,74.0,170.0,Sherman Oaks,CA,,,2026,2026
82,339,Evansville,MVC,2026,811,4433286,AJ Casey,AJ,Casey,23.0,Forward,81.0,225.0,Chicago,IL,,,2026,2026
82,339,Evansville,MVC,2026,4571,4433001,Alex Hemenway,Alex,Hemenway,12.0,Guard,76.0,190.0,Newburgh,IN,,,2026,2026
82,339,Evansville,MVC,2026,2940,4702212,Keishon Porter,Keishon,Porter,1.0,Guard,77.0,195.0,Pinetops,NC,,,2026,2026
82,339,Evansville,MVC,2026,3051,4701543,Marlon Barnes Jr.,Marlon,Barnes Jr.,5.0,Forward,78.0,190.0,Cleveland,OH,,,2026,2026
335,2674,Valparaiso,MVC,2026,1083,5241429,Justus McNair,Justus,McNair,1.0,Guard,75.0,195.0,Joliet,IL,,,2025,2026
335,2674,Valparaiso,MVC,2026,1085,5241432,Jayden Watson,Jayden,Watson,4.0,Forward,80.0,215.0,Chicago Heights,IL,,,2025,2026
335,2674,Valparaiso,MVC,2026,1086,5241433,Nick Lombardi,Nick,Lombardi,32.0,Guard,72.0,200.0,Lisle,IL,,,2025,2026
335,2674,Valparaiso,MVC,2026,1089,5107871,Joe Vick,Joe,Vick,20.0,Guard,75.0,195.0,Kouts,IN,,,2023,2026
335,2674,Valparaiso,MVC,2026,13620,5180868,Shon Tupuola,Shon,Tupuola,23.0,Center,82.0,245.0,Brownsburg,IN,,,2026,2026
335,2674,Valparaiso,MVC,2026,4403,4683946,Isaiah Barnes,Isaiah,Barnes,11.0,Guard,79.0,210.0,Chicago,IL,,,2026,2026
335,2674,Valparaiso,MVC,2026,351,4897302,Owen Dease,Owen,Dease,12.0,Forward,80.0,200.0,Evansville,IN,,,2026,2026
335,2674,Valparaiso,MVC,2026,203108,5313887,Mark Brown Jr.,Mark,Brown Jr.,10.0,Guard,72.0,190.0,Phoenix,AR,,,2026,2026
335,2674,Valparaiso,MVC,2026,203109,5313883,Rakim Chaney,Rakim,Chaney,0.0,Guard,75.0,185.0,Rockford,IL,,,2026,2026
335,2674,Valparaiso,MVC,2026,203111,5313888,Carter Hopoi,Carter,Hopoi,13.0,Forward,83.0,220.0,Tauranga,NZL,,,2026,2026
335,2674,Valparaiso,MVC,2026,203114,5313886,JT Pettigrew,JT,Pettigrew,7.0,Forward,80.0,215.0,Lisle,IL,,,2026,2026
335,2674,Valparaiso,MVC,2026,203115,5313892,Sader Servilus,Sader,Servilus,44.0,Guard,76.0,215.0,Montreal,PQ,,,2026,2026
335,2674,Valparaiso,MVC,2026,203116,5313890,Kyonte Thomas,Kyonte,Thomas,22.0,Guard,72.0,180.0,Chicago,IL,,,2026,2026
335,2674,Valparaiso,MVC,2026,203117,5313891,Tucker Tornatta,Tucker,Tornatta,35.0,Center,80.0,235.0,Evansville,IN,,,2026,2026
335,2674,Valparaiso,MVC,2026,203120,5313889,Kobe Walker,Kobe,Walker,15.0,Center,81.0,270.0,Normal,IL,,,2026,2026
335,2674,Valparaiso,MVC,2026,203122,5313885,Camden Webster,Camden,Webster,5.0,Guard,75.0,185.0,Wheatfield,IN,,,2026,2026
335,2674,Valparaiso,MVC,2026,203123,5313884,Brody Whitaker,Brody,Whitaker,3.0,Guard,75.0,195.0,Greencastle,IN,,,2026,2026
22,2057,Belmont,MVC,2026,198186,5255092,Jack Smiley,Jack,Smiley,2.0,Guard,74.0,170.0,Valparaiso,IN,,,2026,2026
22,2057,Belmont,MVC,2026,3688,4683784,Isaiah West,Isaiah,West,3.0,Guard,74.0,195.0,Springfield,TN,,,2026,2026
22,2057,Belmont,MVC,2026,183,5240585,Graydon Lemke,Graydon,Lemke,7.0,Forward,82.0,210.0,Las Vegas,NV,,,2026,2026
22,2057,Belmont,MVC,2026,6687,5175371,Nic McClain,Nic,McClain,1.0,Guard,75.0,200.0,Jennings,FL,,,2026,2026
22,2057,Belmont,MVC,2026,3839,5176311,Brigham Rogers,Brigham,Rogers,12.0,Forward,81.0,240.0,Woodstock,GA,,,2024,2026
22,2057,Belmont,MVC,2026,3841,4710359,Aidan Noyes,Aidan,Noyes,4.0,Forward,79.0,200.0,Cincinnati,OH,,,2025,2026
22,2057,Belmont,MVC,2026,3844,5176310,Sam Orme,Sam,Orme,14.0,Forward,81.0,220.0,Carmel,IN,,,2024,2026
22,2057,Belmont,MVC,2026,3845,5176309,Drew Scharnowski,Drew,Scharnowski,11.0,Forward,81.0,230.0,Burlington,IL,,,2024,2026
22,2057,Belmont,MVC,2026,3846,5176308,Win Miller,Win,Miller,0.0,Guard,75.0,190.0,Vestavia Hills,AL,,,2024,2026
22,2057,Belmont,MVC,2026,3847,5107973,Keith Robbins,Keith,Robbins,24.0,Guard,76.0,180.0,Milledgeville,GA,,,2023,2026
22,2057,Belmont,MVC,2026,3848,5107972,Jake Dykstra,Jake,Dykstra,23.0,Guard,76.0,200.0,Nashville,TN,,,2023,2026
22,2057,Belmont,MVC,2026,3850,4683944,Tyler Lundblade,Tyler,Lundblade,8.0,Guard,77.0,195.0,Dallas,TX,,,2025,2026
22,2057,Belmont,MVC,2026,3851,5241333,Eoin Dillon,Eoin,Dillon,5.0,Forward,81.0,220.0,Peoria,IL,,,2025,2026
22,2057,Belmont,MVC,2026,3852,5241334,Jabez Jenkins,Jabez,Jenkins,10.0,Guard,76.0,200.0,Covington,GA,,,2025,2026
22,2057,Belmont,MVC,2026,3853,4873154,Cooper Haynes,Cooper,Haynes,13.0,Guard,74.0,195.0,Memphis,TN,,,2025,2026
184,93,Murray State,MVC,2026,8355,4432739,Dylan Anderson,Dylan,Anderson,11.0,Forward,84.0,235.0,Chandler,AZ,,,2026,2026
184,93,Murray State,MVC,2026,7805,4683755,Mason Miller,Mason,Miller,13.0,Forward,81.0,190.0,Germantown,TN,,,2026,2026
184,93,Murray State,MVC,2026,5393,4596711,JJ Traynor,JJ,Traynor,8.0,Forward,81.0,210.0,Bardstown,KY,,,2026,2026
184,93,Murray State,MVC,2026,7005,5105578,Ben Shtolzberg,Ben,Shtolzberg,7.0,Guard,76.0,195.0,Northridge,CA,,,2026,2026
184,93,Murray State,MVC,2026,3325,5240511,KJ Tenner,KJ,Tenner,10.0,Guard,72.0,166.0,Memphis,TN,,,2026,2026
184,93,Murray State,MVC,2026,4493,5113534,Javon Jackson,Javon,Jackson,22.0,Guard,75.0,190.0,Houston,TX,,,2026,2026
184,93,Murray State,MVC,2026,200734,5313871,Dillon Butler,Dillon,Butler,25.0,Guard,75.0,192.0,Memphis,TN,,,2026,2026
184,93,Murray State,MVC,2026,200735,5313868,Mathis Courbon,Mathis,Courbon,2.0,Guard,78.0,190.0,Lyon,FRA,,,2026,2026
184,93,Murray State,MVC,2026,200736,5313870,Lachlan Crate,Lachlan,Crate,14.0,Guard,80.0,215.0,Fielding,NZL,,,2026,2026
184,93,Murray State,MVC,2026,200737,5313873,Roman Domon,Roman,Domon,77.0,Guard,81.0,225.0,Amiens,FRA,,,2026,2026
184,93,Murray State,MVC,2026,200738,5313869,Tristian Ford,Tristian,Ford,4.0,Guard,75.0,164.0,Rockford,IL,,,2026,2026
184,93,Murray State,MVC,2026,200742,5313872,Brayden Shorter,Brayden,Shorter,34.0,Guard,77.0,210.0,Springfield,MO,,,2026,2026
184,93,Murray State,MVC,2026,7561,5175357,Brock Vice,Brock,Vice,6.0,Center,82.0,238.0,Memphis,TN,,,2026,2026
184,93,Murray State,MVC,2026,7658,5239783,Layne Taylor,Layne,Taylor,9.0,Guard,71.0,184.0,Farmington,AR,,,2026,2026
184,93,Murray State,MVC,2026,7812,5105580,Fred King,Fred,King,33.0,Center,81.0,267.0,Andros,BAH,,,2026,2026
315,82,UIC,MVC,2026,4491,5177126,Ahmad Henderson II,Ahmad,Henderson II,0.0,Guard,70.0,144.0,Chicago,IL,,,2025,2026
315,82,UIC,MVC,2026,4494,5174452,Jayce Nathaniel,Jayce,Nathaniel,1.0,Forward,80.0,227.0,Buford,GA,,,2025,2026
315,82,UIC,MVC,2026,4502,5241421,Carlos Harris III,Carlos,Harris III,3.0,Guard,73.0,190.0,Chicago,IL,,,2025,2026
315,82,UIC,MVC,2026,4120,4897213,Chris Walker,Chris,Walker,13.0,Guard,78.0,206.0,West Palm Beach,FL,,,2026,2026
315,82,UIC,MVC,2026,7158,4702961,Sam Silverstein,Sam,Silverstein,20.0,Guard,78.0,219.0,Glencoe,IL,,,2026,2026
315,82,UIC,MVC,2026,3121,4896534,Abdul Momoh,Abdul,Momoh,7.0,Forward,80.0,249.0,Carteret,NJ,,,2026,2026
315,82,UIC,MVC,2026,4223,5108799,Ante Beljan,Ante,Beljan,21.0,Forward,82.0,241.0,Trogir,CRO,,,2026,2026
315,82,UIC,MVC,2026,6876,5175146,Mekhi Lowery,Mekhi,Lowery,22.0,Guard,79.0,204.0,Bellwood,IL,,,2026,2026
315,82,UIC,MVC,2026,7049,5176577,Josiah Hammons,Josiah,Hammons,10.0,Guard,74.0,180.0,Chicago,IL,,,2026,2026
315,82,UIC,MVC,2026,7680,5060703,Elijah Crawford,Elijah,Crawford,2.0,Guard,75.0,187.0,Augusta,GA,,,2026,2026
315,82,UIC,MVC,2026,202834,5313878,Nano Barrantes,Nano,Barrantes,4.0,Forward,82.0,217.0,Des Moines,IA,,,2026,2026
315,82,UIC,MVC,2026,202840,5313880,Andy Johnson,Andy,Johnson,14.0,Guard,78.0,197.0,Union,KY,,,2026,2026
315,82,UIC,MVC,2026,202843,5313881,AJ Morgan,AJ,Morgan,25.0,Guard,77.0,213.0,Vernon Hills,IL,,,2026,2026
315,82,UIC,MVC,2026,202847,5313882,Tai Walters-Whitaker,Tai,Walters-Whitaker,27.0,Guard,74.0,195.0,Flossmoor,IL,,,2026,2026
315,82,UIC,MVC,2026,202848,5313879,Rashund Washington Jr.,Rashund,Washington Jr.,5.0,Guard,77.0,197.0,Dublin,GA,,,2026,2026
257,21,San Diego State,Mountain West,2026,8454,5176240,Magoon Gwath,Magoon,Gwath,0.0,Forward,84.0,210.0,Euless,TX,,,2024,2026
257,21,San Diego State,Mountain West,2026,8456,5176241,BJ Davis,BJ,Davis,10.0,Guard,74.0,175.0,Modesto,CA,,,2024,2026
257,21,San Diego State,Mountain West,2026,8457,5107804,Miles Byrd,Miles,Byrd,21.0,Guard,78.0,190.0,Stockton,CA,,,2023,2026
257,21,San Diego State,Mountain West,2026,8459,5176243,Miles Heide,Miles,Heide,40.0,Forward,81.0,240.0,North Bend,WA,,,2024,2026
257,21,San Diego State,Mountain West,2026,8460,5061584,Pharaoh Compton,Pharaoh,Compton,5.0,Forward,79.0,235.0,Chicago,IL,,,2025,2026
257,21,San Diego State,Mountain West,2026,8462,4873147,Taj DeGourville,Taj,DeGourville,24.0,Guard,77.0,215.0,Las Vegas,NV,,,2025,2026
257,21,San Diego State,Mountain West,2026,8464,5184755,Thokbor Majak,Thokbor,Majak,33.0,Forward,85.0,215.0,Bor,SS,,,2025,2026
257,21,San Diego State,Mountain West,2026,8468,5107803,Cam Lawin,Cam,Lawin,7.0,Guard,75.0,185.0,Chicago,IL,,,2023,2026
257,21,San Diego State,Mountain West,2026,5123,4703399,Jeremiah Oden,Jeremiah,Oden,25.0,Forward,80.0,215.0,Chicago,IL,,,2026,2026
257,21,San Diego State,Mountain West,2026,3633,5175973,Sean Newman Jr.,Sean,Newman Jr.,4.0,Guard,73.0,170.0,Los Angeles,CA,,,2026,2026
257,21,San Diego State,Mountain West,2026,7032,5176251,Latrell Davis,Latrell,Davis,6.0,Guard,75.0,217.0,Leeds,ENG,,,2026,2026
257,21,San Diego State,Mountain West,2026,201880,5313927,Reese Dixon-Waters,Reese,Dixon-Waters,39.0,Guard,77.0,215.0,Long Beach,CA,,,2026,2026
257,21,San Diego State,Mountain West,2026,201881,5313926,Raymar Gonzales,Raymar,Gonzales,9.0,Guard,75.0,170.0,San Diego,CA,,,2026,2026
257,21,San Diego State,Mountain West,2026,201883,5313924,Elzie Harrington,Elzie,Harrington,3.0,Guard,77.0,190.0,Long Beach,CA,,,2026,2026
257,21,San Diego State,Mountain West,2026,201889,5313925,Tae Simmons,Tae,Simmons,8.0,Forward,78.0,225.0,Simi Valley,CA,,,2026,2026
322,2439,UNLV,Mountain West,2026,7362,5176263,Jacob Bannarbie,Jacob,Bannarbie,10.0,Forward,81.0,235.0,Anchorage,AK,,,2024,2026
322,2439,UNLV,Mountain West,2026,93,4869766,Naas Cunningham,Naas,Cunningham,24.0,Forward,79.0,175.0,West Orange,NJ,,,2026,2026
322,2439,UNLV,Mountain West,2026,280,5164369,Emmanuel Stephen,Emmanuel,Stephen,34.0,Center,84.0,230.0,Lagos,NGR,,,2026,2026
322,2439,UNLV,Mountain West,2026,3639,5242133,Al Green,Al,Green,7.0,Guard,75.0,185.0,Sacramento,CA,,,2026,2026
322,2439,UNLV,Mountain West,2026,5569,4703899,Howie Fleming Jr.,Howie,Fleming Jr.,3.0,Guard,77.0,210.0,Louisville,KY,,,2026,2026
322,2439,UNLV,Mountain West,2026,5478,5117582,Ladji Dembele,Ladji,Dembele,1.0,Forward,80.0,255.0,Newark,NJ,,,2026,2026
322,2439,UNLV,Mountain West,2026,5650,4711259,Dra Gibbs-Lawhorn,Dra,Gibbs-Lawhorn,0.0,Guard,73.0,185.0,Lafayette,IN,,,2026,2026
322,2439,UNLV,Mountain West,2026,7294,5176112,Myles Che,Myles,Che,77.0,Guard,75.0,190.0,Walnut,CA,,,2026,2026
322,2439,UNLV,Mountain West,2026,8117,5105538,Kimani Hamilton,Kimani,Hamilton,2.0,Forward,80.0,225.0,Jackson,MS,,,2026,2026
322,2439,UNLV,Mountain West,2026,202939,5239111,Mason Abittan,Mason,Abittan,8.0,Guard,78.0,205.0,Las Vegas,NV,,,2026,2026
322,2439,UNLV,Mountain West,2026,202941,5313941,Walter Brown,Walter,Brown,22.0,Forward,77.0,210.0,Christchurch,NZL,,,2026,2026
322,2439,UNLV,Mountain West,2026,202942,5313942,Xavier Brumfield,Xavier,Brumfield,,Guard,73.0,180.0,New Orleans,LA,,,2026,2026
322,2439,UNLV,Mountain West,2026,202944,5313940,Jalen Cunningham,Jalen,Cunningham,13.0,Guard,74.0,185.0,Las Vegas,NV,,,2026,2026
322,2439,UNLV,Mountain West,2026,202951,5236223,Tyrin Jones,Tyrin,Jones,6.0,Forward,81.0,190.0,Las Vegas,NV,,,2026,2026
322,2439,UNLV,Mountain West,2026,202953,5313939,Issac Williamson,Issac,Williamson,12.0,Guard,72.0,165.0,Moreno Valley,CA,,,2026,2026
191,167,New Mexico,Mountain West,2026,151,5061598,JT Rock,JT,Rock,35.0,Center,85.0,260.0,Sioux Falls,SD,,,2026,2026
191,167,New Mexico,Mountain West,2026,4371,5107272,Tajavis Miller,Tajavis,Miller,2.0,Guard,76.0,200.0,Lubbock,TX,,,2026,2026
191,167,New Mexico,Mountain West,2026,8376,5176237,Deyton Albury,Deyton,Albury,1.0,Guard,74.0,190.0,Nassau,BAH,,,2026,2026
191,167,New Mexico,Mountain West,2026,200858,5315585,Tomislav Buljan,Tomislav,Buljan,10.0,Forward,81.0,,Split,CRO,,,2026,2026
191,167,New Mexico,Mountain West,2026,15902,5105860,Antonio Chol,Antonio,Chol,5.0,Forward,81.0,210.0,Buffalo,NY,,,2026,2026
191,167,New Mexico,Mountain West,2026,200860,5254338,Jake Hall,Jake,Hall,23.0,Guard,76.0,,Carlsbad,CA,,,2026,2026
191,167,New Mexico,Mountain West,2026,200861,5188026,Luke Haupt,Luke,Haupt,3.0,Guard,79.0,215.0,San Diego,CA,,,2026,2026
191,167,New Mexico,Mountain West,2026,200863,5315584,Sir Marius Jones,Sir Marius,Jones,7.0,Guard,76.0,,Oroville,CA,,,2026,2026
191,167,New Mexico,Mountain West,2026,7101,5239634,Kallai Patton,Kallai,Patton,11.0,Guard,76.0,180.0,Murrieta,CA,,,2026,2026
191,167,New Mexico,Mountain West,2026,7102,5176443,Kevin Patton Jr.,Kevin,Patton Jr.,0.0,Guard,80.0,200.0,Murrieta,CA,,,2026,2026
191,167,New Mexico,Mountain West,2026,200868,5315586,Timéo Pons,Timéo,Pons,29.0,Guard,80.0,,Nanterre,FRA,,,2026,2026
191,167,New Mexico,Mountain West,2026,200870,5254340,Uriah Tenette,Uriah,Tenette,4.0,Guard,71.0,,North Highlands,CA,,,2026,2026
191,167,New Mexico,Mountain West,2026,8444,5241961,Milos Vicentic,Milos,Vicentic,31.0,Forward,79.0,200.0,Belgrade,SER,,,2026,2026
191,167,New Mexico,Mountain West,2026,8442,4684163,Chris Howell,Chris,Howell,8.0,Guard,78.0,195.0,San Diego,CA,,,2026,2026
57,36,Colorado State,Mountain West,2026,6790,5241234,Kyle Jorgensen,Kyle,Jorgensen,35.0,Forward,81.0,225.0,Minneapolis,MN,,,2025,2026
57,36,Colorado State,Mountain West,2026,6791,5176196,Rashaan Mbemba,Rashaan,Mbemba,21.0,Forward,79.0,250.0,Vienna,AUT,,,2024,2026
57,36,Colorado State,Mountain West,2026,6796,5241233,Charlie Dortch,Charlie,Dortch,30.0,Forward,79.0,235.0,Fort Collins,CO,,,2025,2026
57,36,Colorado State,Mountain West,2026,6797,5241232,Jon Mekonnen,Jon,Mekonnen,5.0,Forward,80.0,195.0,Eagan,MN,,,2025,2026
57,36,Colorado State,Mountain West,2026,6798,5177264,Nikola Djapa,Nikola,Djapa,23.0,Center,83.0,235.0,Belgrade,SER,,,2025,2026
57,36,Colorado State,Mountain West,2026,6799,5241231,Darnez Slater,Darnez,Slater,3.0,Guard,75.0,175.0,Eastvale,CA,,,2025,2026
57,36,Colorado State,Mountain West,2026,7789,5175589,Jase Butler,Jase,Butler,4.0,Guard,76.0,185.0,San Anselmo,CA,,,2026,2026
57,36,Colorado State,Mountain West,2026,198749,5313905,Jojo McIver,Jojo,McIver,8.0,Guard,75.0,185.0,Killeen,TX,,,2026,2026
57,36,Colorado State,Mountain West,2026,198755,5313906,Docker Tedeschi,Docker,Tedeschi,41.0,Forward,81.0,190.0,Benton,IL,,,2026,2026
57,36,Colorado State,Mountain West,2026,1046,5177121,Josh Pascarelli,Josh,Pascarelli,1.0,Guard,75.0,195.0,Cambria Heights,NY,,,2026,2026
57,36,Colorado State,Mountain West,2026,1165,5176346,Augustinas Kiudulas,Augustinas,Kiudulas,11.0,Forward,80.0,215.0,Vilnius,LTU,,,2026,2026
57,36,Colorado State,Mountain West,2026,2222,5108770,Jevin Muniz,Jevin,Muniz,55.0,Guard,78.0,190.0,Bethlehem,PA,,,2026,2026
57,36,Colorado State,Mountain West,2026,5646,5037880,Carey Booth,Carey,Booth,0.0,Forward,82.0,215.0,Englewood,CO,,,2026,2026
57,36,Colorado State,Mountain West,2026,5704,5103590,Brandon Rechsteiner,Brandon,Rechsteiner,2.0,Guard,73.0,190.0,Acworth,GA,,,2026,2026
358,2751,Wyoming,Mountain West,2026,6754,5174639,Abou Magassa,Abou,Magassa,10.0,Forward,79.0,217.0,Morsang-Sur-Orge,FRA,,,2025,2026
358,2751,Wyoming,Mountain West,2026,6766,5107147,Matija Belic,Matija,Belic,7.0,Forward,79.0,239.0,Belgrade,SER,,,2025,2026
358,2751,Wyoming,Mountain West,2026,6768,5241274,Garrett Spielman,Garrett,Spielman,14.0,Guard,79.0,201.0,Sheridan,WY,,,2025,2026
358,2751,Wyoming,Mountain West,2026,4814,5177137,Khaden Bennett,Khaden,Bennett,3.0,Guard,76.0,205.0,Mansfield,TX,,,2026,2026
358,2751,Wyoming,Mountain West,2026,3923,4712838,Leland Walker,Leland,Walker,5.0,Guard,73.0,181.0,Indianapolis,IN,,,2026,2026
358,2751,Wyoming,Mountain West,2026,5519,5060710,Jared Harris,Jared,Harris,9.0,Guard,74.0,186.0,Silsbee,TX,,,2026,2026
358,2751,Wyoming,Mountain West,2026,356,5243127,Damarion Dennis,Damarion,Dennis,1.0,Guard,73.0,166.0,San Antonio,TX,,,2026,2026
358,2751,Wyoming,Mountain West,2026,203498,5313754,Gavin Gores,Gavin,Gores,11.0,Forward,82.0,224.0,Cumberland,WI,,,2026,2026
358,2751,Wyoming,Mountain West,2026,18780,5187519,Adam Harakow,Adam,Harakow,13.0,Guard,79.0,218.0,Edmonton,AB,,,2026,2026
358,2751,Wyoming,Mountain West,2026,203502,5313752,Nasir Meyer,Nasir,Meyer,2.0,Guard,79.0,194.0,Los Angeles,CA,,,2026,2026
358,2751,Wyoming,Mountain West,2026,203503,5313751,Uriyah Rojas,Uriyah,Rojas,0.0,Guard,75.0,206.0,Rancho Cucamonga,CA,,,2026,2026
358,2751,Wyoming,Mountain West,2026,203504,5313756,Simm-Marten Saadi,Simm-Marten,Saadi,35.0,Forward,81.0,242.0,Tallin,EST,,,2026,2026
358,2751,Wyoming,Mountain West,2026,203505,5313753,Kiani Saxon,Kiani,Saxon,8.0,Forward,80.0,226.0,Auckland,NZL,,,2026,2026
358,2751,Wyoming,Mountain West,2026,203507,5313757,Neil Summers,Neil,Summers,45.0,Forward,81.0,290.0,Laramie,WY,,,2026,2026
358,2751,Wyoming,Mountain West,2026,203508,5313755,Talan Taylor,Talan,Taylor,32.0,Guard,76.0,158.0,Idaho Falls,ID,,,2026,2026
2,2005,Air Force,Mountain West,2026,6816,5182077,Wesley Celichowski,Wesley,Celichowski,51.0,Center,84.0,255.0,Georgetown,IN,,,2024,2026
2,2005,Air Force,Mountain West,2026,6821,5182084,Caleb Walker,Caleb,Walker,10.0,Forward,81.0,250.0,Jefferson City,MO,,,2024,2026
2,2005,Air Force,Mountain West,2026,8970,5248174,Elliott Taite,Elliott,Taite,7.0,Guard,76.0,200.0,Frisco,TX,,,2025,2026
2,2005,Air Force,Mountain West,2026,197848,5313900,Chris Catchings,Chris,Catchings,25.0,Guard,76.0,210.0,Houston,TX,,,2026,2026
2,2005,Air Force,Mountain West,2026,197850,5313894,Riley Dering,Riley,Dering,5.0,Forward,81.0,230.0,Dallas,TX,,,2026,2026
2,2005,Air Force,Mountain West,2026,197851,5313895,Keaton Frisch,Keaton,Frisch,8.0,Forward,78.0,195.0,Waunakee,WI,,,2026,2026
2,2005,Air Force,Mountain West,2026,197854,5313898,Ethan Greenberg,Ethan,Greenberg,21.0,Guard,76.0,195.0,Centerville,OH,,,2026,2026
2,2005,Air Force,Mountain West,2026,197855,5313897,Justin Hinds,Justin,Hinds,15.0,Guard,77.0,200.0,Wilmington,DE,,,2026,2026
2,2005,Air Force,Mountain West,2026,197856,5313899,Lucas Hobin,Lucas,Hobin,24.0,Forward,80.0,205.0,Katy,TX,,,2026,2026
2,2005,Air Force,Mountain West,2026,197857,5313901,Sam Imade,Sam,Imade,33.0,Forward,79.0,200.0,Cincinnati,OH,,,2026,2026
2,2005,Air Force,Mountain West,2026,197859,5313896,Brendan Martin,Brendan,Martin,11.0,Forward,78.0,195.0,Huntsville,AL,,,2026,2026
2,2005,Air Force,Mountain West,2026,197862,5313893,Kam Sanders,Kam,Sanders,3.0,Guard,75.0,195.0,Albany,GA,,,2026,2026
2,2005,Air Force,Mountain West,2026,6823,5247865,Kyle Marshall,Kyle,Marshall,35.0,Guard,76.0,190.0,Oyster Bay,NY,,,2025,2026
2,2005,Air Force,Mountain West,2026,6826,5247864,Eli Robinson,Eli,Robinson,30.0,Forward,78.0,215.0,Monument,CO,,,2025,2026
2,2005,Air Force,Mountain West,2026,6827,5182079,Kolby Gilles,Kolby,Gilles,32.0,Forward,77.0,240.0,Chicago,IL,,,2024,2026
2,2005,Air Force,Mountain West,2026,6828,5182078,Josh Gatete,Josh,Gatete,0.0,Forward,81.0,195.0,Granger,IN,,,2024,2026
2,2005,Air Force,Mountain West,2026,6831,5247860,A.J. Patterson,A.J.,Patterson,2.0,Guard,75.0,200.0,Atlanta,GA,,,2025,2026
25,68,Boise State,Mountain West,2026,198218,5185444,Spencer Ahrens,Spencer,Ahrens,16.0,Forward,82.0,230.0,Oakville,ON,,,2026,2026
25,68,Boise State,Mountain West,2026,198220,5313904,Noah Bendinger,Noah,Bendinger,23.0,Guard,76.0,170.0,Draper,UT,,,2026,2026
25,68,Boise State,Mountain West,2026,18999,5191013,Rayzhon Bergersen,Rayzhon,Bergersen,11.0,Point Guard,74.0,175.0,Boise,ID,,,2026,2026
25,68,Boise State,Mountain West,2026,198224,5313903,Bhan Buom,Bhan,Buom,3.0,Forward,80.0,175.0,Lincoln,NE,,,2026,2026
25,68,Boise State,Mountain West,2026,8172,5082704,Drew Fielder,Drew,Fielder,20.0,Forward,83.0,225.0,Boise,ID,,,2026,2026
25,68,Boise State,Mountain West,2026,198231,5313902,Aginaldo Neto,Aginaldo,Neto,1.0,Guard,75.0,180.0,Luanda,ANG,,,2026,2026
25,68,Boise State,Mountain West,2026,532,5105636,Dylan Andrews,Dylan,Andrews,4.0,Guard,75.0,180.0,Gardena,CA,,,2026,2026
25,68,Boise State,Mountain West,2026,8352,5081887,Andrew Meadow,Andrew,Meadow,13.0,Forward,79.0,218.0,Santa Clarita,CA,,,2024,2026
25,68,Boise State,Mountain West,2026,8357,5241230,Javan Buchanan,Javan,Buchanan,22.0,Forward,79.0,230.0,Lafayette,IN,,,2025,2026
25,68,Boise State,Mountain West,2026,8359,5241229,Julian Bowie,Julian,Bowie,0.0,Guard,75.0,200.0,Pocatello,ID,,,2025,2026
25,68,Boise State,Mountain West,2026,8360,4683941,RJ Keene II,RJ,Keene II,5.0,Guard,79.0,212.0,The Woodlands,TX,,,2022,2026
25,68,Boise State,Mountain West,2026,8362,5117627,Pearson Carmichael,Pearson,Carmichael,6.0,Forward,79.0,208.0,Bend,OR,,,2025,2026
25,68,Boise State,Mountain West,2026,8363,4873196,Ethan Lathan,Ethan,Lathan,30.0,Forward,82.0,220.0,Rockford,IL,,,2025,2026
25,68,Boise State,Mountain West,2026,8364,4702518,Dominic Parolin,Dominic,Parolin,9.0,Forward,81.0,245.0,Coquitlam,BC,,,2025,2026
25,68,Boise State,Mountain West,2026,11102,5252550,Brennan Ramirez,Brennan,Ramirez,21.0,Guard,74.0,185.0,Redding,CA,,,2025,2026
189,2440,Nevada,Mountain West,2026,7063,4845370,Tyler Rolison,Tyler,Rolison,3.0,Point Guard,72.0,186.0,Los Angeles,CA,,,2024,2026
189,2440,Nevada,Mountain West,2026,7064,5177732,Chuck Bailey III,Chuck,Bailey III,0.0,Guard,76.0,220.0,Detroit,MI,,,2025,2026
189,2440,Nevada,Mountain West,2026,7067,4703196,Jeriah Coleman,Jeriah,Coleman,10.0,Forward,85.0,248.0,Anchorage,AK,,,2024,2026
189,2440,Nevada,Mountain West,2026,7069,5176227,Amire Robinson,Amire,Robinson,5.0,Guard,75.0,196.0,Akron,OH,,,2024,2026
189,2440,Nevada,Mountain West,2026,9371,5176317,Elijah Price,Elijah,Price,1.0,Forward,81.0,205.0,Long Beach,CA,,,2026,2026
189,2440,Nevada,Mountain West,2026,200809,5313916,Christopher Baudreau,Christopher,Baudreau,24.0,Forward,81.0,,Las Vegas,NV,,,2026,2026
189,2440,Nevada,Mountain West,2026,200813,5313917,Ethan Croley,Ethan,Croley,50.0,Forward,81.0,,San Antonio,TX,,,2026,2026
189,2440,Nevada,Mountain West,2026,25139,5119063,Kaleb Lowery,Kaleb,Lowery,6.0,Forward,80.0,,San Diego,CA,,,2026,2026
189,2440,Nevada,Mountain West,2026,200819,5313913,Myles Walker,Myles,Walker,2.0,Guard,70.0,,Riverside,CA,,,2026,2026
189,2440,Nevada,Mountain West,2026,200820,5313914,Vaughn Weems,Vaughn,Weems,7.0,Guard,77.0,,Federal Way,WA,,,2026,2026
189,2440,Nevada,Mountain West,2026,200821,5313915,Peyton White,Peyton,White,17.0,Guard,78.0,,Encino,CA,,,2026,2026
189,2440,Nevada,Mountain West,2026,6332,5177690,Corey Camper Jr.,Corey,Camper Jr.,4.0,Guard,77.0,180.0,Little Rock,AR,,,2026,2026
189,2440,Nevada,Mountain West,2026,7225,5175170,Joel Armotrading,Joel,Armotrading,21.0,Center,82.0,225.0,London,ENG,,,2026,2026
189,2440,Nevada,Mountain West,2026,7537,5106706,Tayshawn Comer,Tayshawn,Comer,12.0,Guard,73.0,190.0,Indianapolis,IN,,,2026,2026
329,328,Utah State,Mountain West,2026,8368,5107864,Mason Falslev,Mason,Falslev,12.0,Guard,76.0,200.0,Benson,UT,,,2023,2026
329,328,Utah State,Mountain West,2026,8369,5105494,Drake Allen,Drake,Allen,8.0,Guard,77.0,205.0,Eagle Mountain,UT,,,2025,2026
329,328,Utah State,Mountain West,2026,8371,5176273,Karson Templin,Karson,Templin,22.0,Forward,81.0,230.0,Fairview,TX,,,2024,2026
329,328,Utah State,Mountain West,2026,8372,5175860,Tucker Anderson,Tucker,Anderson,3.0,Forward,81.0,230.0,Centerton,AR,,,2025,2026
329,328,Utah State,Mountain West,2026,8374,5241264,Jordy Barnes,Jordy,Barnes,5.0,Guard,76.0,185.0,Holladay,UT,,,2025,2026
329,328,Utah State,Mountain West,2026,6815,5182081,Luke Kearney,Luke,Kearney,20.0,Forward,79.0,220.0,Phoenix,AZ,,,2026,2026
329,328,Utah State,Mountain West,2026,1502,5105604,Kolby King,Kolby,King,7.0,Guard,73.0,185.0,Pompano Beach,FL,,,2026,2026
329,328,Utah State,Mountain West,2026,350,5108973,Garry Clark,Garry,Clark,11.0,Forward,81.0,220.0,St. Louis,MO,,,2026,2026
329,328,Utah State,Mountain West,2026,4558,5105401,MJ Collins Jr.,MJ,Collins Jr.,2.0,Guard,76.0,195.0,Clover,SC,,,2026,2026
329,328,Utah State,Mountain West,2026,202990,5144136,Brayden Boe,Brayden,Boe,4.0,Guard,77.0,200.0,Beaverton,OR,,,2026,2026
329,328,Utah State,Mountain West,2026,202993,5195079,Adlan Elamin,Adlan,Elamin,35.0,Forward,81.0,185.0,Arlington,VA,,,2026,2026
329,328,Utah State,Mountain West,2026,202995,5255259,David Iweze,David,Iweze,13.0,Forward,82.0,240.0,Roanoke,TX,,,2026,2026
329,328,Utah State,Mountain West,2026,6597,4896363,Zach Keller,Zach,Keller,32.0,Forward,82.0,245.0,Highlands Ranch,CO,,,2026,2026
329,328,Utah State,Mountain West,2026,202999,5255260,Elijah Perryman,Elijah,Perryman,1.0,Guard,74.0,190.0,San Francisco,CA,,,2026,2026
329,328,Utah State,Mountain West,2026,203001,5152734,Kingston Tosi,Kingston,Tosi,24.0,Forward,80.0,205.0,Anchorage,AK,,,2026,2026
92,278,Fresno State,Mountain West,2026,9374,5241239,Zaon Collins,Zaon,Collins,10.0,Guard,73.0,180.0,Las Vegas,NV,,,2025,2026
92,278,Fresno State,Mountain West,2026,9380,5142617,Makhan Diouf,Makhan,Diouf,5.0,Forward,83.0,217.0,Dakar,SEN,,,2025,2026
92,278,Fresno State,Mountain West,2026,9385,5241236,Troy Jenkins,Troy,Jenkins,1.0,Guard,76.0,180.0,Newport Beach,CA,,,2025,2026
92,278,Fresno State,Mountain West,2026,9386,5176815,David Douglas Jr.,David,Douglas Jr.,15.0,Guard,77.0,208.0,Park Forest,IL,,,2025,2026
92,278,Fresno State,Mountain West,2026,1839,5177744,Cameron Faas,Cameron,Faas,4.0,Guard,79.0,212.0,Scottsdale,AZ,,,2026,2026
92,278,Fresno State,Mountain West,2026,199284,5315579,DeShawn Gory,DeShawn,Gory,35.0,Forward,78.0,165.0,Victorville,CA,,,2026,2026
92,278,Fresno State,Mountain West,2026,199286,5315576,Wilson Jacques,Wilson,Jacques,16.0,Center,84.0,264.0,Metz,FRA,,,2026,2026
92,278,Fresno State,Mountain West,2026,199288,5315575,Gasper Kocevar,Gasper,Kocevar,9.0,Center,82.0,229.0,Semic,SLO,,,2026,2026
92,278,Fresno State,Mountain West,2026,199290,5315577,Matteo Porto,Matteo,Porto,17.0,Guard,79.0,210.0,Rome,ITA,,,2026,2026
92,278,Fresno State,Mountain West,2026,199291,5315578,Bastien Rieber,Bastien,Rieber,21.0,Guard,74.0,164.0,Mulhouse,FRA,,,2026,2026
92,278,Fresno State,Mountain West,2026,199292,5315574,Aram Soqui Urbano,Aram,Soqui Urbano,7.0,Guard,76.0,185.0,Rosarito Beach,MEX,,,2026,2026
92,278,Fresno State,Mountain West,2026,199293,5315573,DJ Stickman,DJ,Stickman,6.0,Guard,74.0,185.0,Fresno,CA,,,2026,2026
92,278,Fresno State,Mountain West,2026,199294,5315580,Nathan Zulemie,Nathan,Zulemie,80.0,Guard,76.0,203.0,Nanterre,FRA,,,2026,2026
92,278,Fresno State,Mountain West,2026,3459,4903264,Jake Heidbreder,Jake,Heidbreder,3.0,Guard,77.0,185.0,Floyds Knobs,IN,,,2026,2026
92,278,Fresno State,Mountain West,2026,7770,5107167,Jac Mani,Jac,Mani,11.0,Forward,81.0,243.0,Beverly Hills,CA,,,2026,2026
260,23,San José State,Mountain West,2026,7025,4432749,Sadraque NgaNga,Sadraque,NgaNga,99.0,Forward,82.0,220.0,Luanda,ANG,,,2025,2026
260,23,San José State,Mountain West,2026,4034,5176315,Colby Garland,Colby,Garland,0.0,Guard,72.0,190.0,Magnolia,AR,,,2026,2026
260,23,San José State,Mountain West,2026,4170,5142584,Adrian Myers,Adrian,Myers,1.0,Forward,78.0,205.0,Stephens City,VA,,,2026,2026
260,23,San José State,Mountain West,2026,2490,5107997,JaVaughn Hannah,JaVaughn,Hannah,2.0,Guard,75.0,200.0,Mount Clemens,MI,,,2026,2026
260,23,San José State,Mountain West,2026,3366,5241493,Yaphet Moundi,Yaphet,Moundi,32.0,Forward,80.0,237.0,Paris,FRA,,,2026,2026
260,23,San José State,Mountain West,2026,8661,5243238,Marcus Overstreet,Marcus,Overstreet,33.0,Forward,81.0,230.0,Chicago,IL,,,2026,2026
260,23,San José State,Mountain West,2026,201905,5101782,Melvin Bell Jr.,Melvin,Bell Jr.,4.0,Guard,76.0,195.0,Chicago,IL,,,2026,2026
260,23,San José State,Mountain West,2026,201906,5313929,Damase Coly,Damase,Coly,8.0,Guard,74.0,171.0,Dublin,CA,,,2026,2026
260,23,San José State,Mountain West,2026,7393,5061574,Jaden Goodall,Jaden,Goodall,17.0,Forward,78.0,175.0,Yorba Linda,CA,,,2026,2026
260,23,San José State,Mountain West,2026,201911,5313930,Eren Karakaya,Eren,Karakaya,14.0,Center,82.0,229.0,Kutahya,TUR,,,2026,2026
260,23,San José State,Mountain West,2026,201912,5248295,Douglas Langford,Douglas,Langford,24.0,Forward,79.0,240.0,Dangriga,BIZ,,,2026,2026
260,23,San José State,Mountain West,2026,201914,5313931,Japhet Moupadele,Japhet,Moupadele,21.0,Forward,80.0,220.0,Lille,FRA,,,2026,2026
260,23,San José State,Mountain West,2026,7031,5241251,Jermaine Washington,Jermaine,Washington,13.0,Guard,73.0,180.0,Hemet,CA,,,2025,2026
260,23,San José State,Mountain West,2026,7034,5176254,Christian Wise,Christian,Wise,20.0,Forward,78.0,205.0,San Francisco,CA,,,2024,2026
260,23,San José State,Mountain West,2026,7037,5176252,Pasha Goodarzi,Pasha,Goodarzi,7.0,Guard,75.0,193.0,Los Gatos,CA,,,2024,2026
260,23,San José State,Mountain West,2026,7040,4873192,Ben Roseborough,Ben,Roseborough,11.0,Guard,76.0,205.0,Sacramento,CA,,,2025,2026
84,161,Fairleigh Dickinson,NEC,2026,3066,5241778,Andrew Canda,Andrew,Canda,30.0,Guard,72.0,164.0,Woodbridge,VA,,,2025,2026
84,161,Fairleigh Dickinson,NEC,2026,3067,5241776,Josiah Francis,Josiah,Francis,15.0,Guard,80.0,200.0,Scarborough,ON,,,2025,2026
84,161,Fairleigh Dickinson,NEC,2026,3068,5241773,Chid Ekwommadu,Chid,Ekwommadu,5.0,Guard,78.0,195.0,Mississauga,AB,,,2025,2026
84,161,Fairleigh Dickinson,NEC,2026,3072,5241772,Raysean Johnson,Raysean,Johnson,3.0,Guard,73.0,180.0,Montgomery,NY,,,2025,2026
84,161,Fairleigh Dickinson,NEC,2026,199164,5313938,Arthur Cox,Arthur,Cox,55.0,Forward,80.0,215.0,Fayetteville,AR,,,2026,2026
84,161,Fairleigh Dickinson,NEC,2026,199167,5313933,Kody Frey,Kody,Frey,1.0,Guard,78.0,177.0,Raleigh,NC,,,2026,2026
84,161,Fairleigh Dickinson,NEC,2026,199168,5313936,Ras Elijah Godbolt,Ras Elijah,Godbolt,24.0,Guard,72.0,177.0,Albany,NY,,,2026,2026
84,161,Fairleigh Dickinson,NEC,2026,199169,5313934,Sebastian Haubro,Sebastian,Haubro,9.0,Forward,82.0,208.0,Ballerup,DEN,,,2026,2026
84,161,Fairleigh Dickinson,NEC,2026,199171,5313937,David Jevtic,David,Jevtic,35.0,Guard,80.0,197.0,Belgrade,SER,,,2026,2026
84,161,Fairleigh Dickinson,NEC,2026,1568,5105432,Cyril Martynov,Cyril,Martynov,22.0,Center,84.0,223.0,Barrie,ON,,,2026,2026
84,161,Fairleigh Dickinson,NEC,2026,199174,5313935,Tyler McQuaid,Tyler,McQuaid,11.0,Guard,72.0,181.0,Maywood,NJ,,,2026,2026
84,161,Fairleigh Dickinson,NEC,2026,199176,5313932,Joey Niesman,Joey,Niesman,0.0,Guard,74.0,185.0,Oswego,IL,,,2026,2026
84,161,Fairleigh Dickinson,NEC,2026,7078,5176109,Noah Melson,Noah,Melson,8.0,Guard,78.0,185.0,Douglasville,GA,,,2026,2026
84,161,Fairleigh Dickinson,NEC,2026,989,5174934,Eric Parnell,Eric,Parnell,7.0,Guard,75.0,178.0,Melbourne,FL,,,2026,2026
84,161,Fairleigh Dickinson,NEC,2026,7133,5107349,Taeshaud Jackson,Taeshaud,Jackson,2.0,Guard,78.0,221.0,Denver,CO,,,2026,2026
84,161,Fairleigh Dickinson,NEC,2026,5730,5107362,Cole Alexander,Cole,Alexander,21.0,Forward,79.0,215.0,Charleston,SC,,,2026,2026
341,2681,Wagner,NEC,2026,7860,5242414,Zavier Fitch,Zavier,Fitch,1.0,Forward,79.0,210.0,Chicago,IL,,,2025,2026
341,2681,Wagner,NEC,2026,2076,5247448,Jaden Baker,Jaden,Baker,9.0,Athlete,74.0,190.0,Salisbury,MD,,,2026,2026
341,2681,Wagner,NEC,2026,203232,5317318,Bryan Akanmu,Bryan,Akanmu,10.0,Forward,78.0,230.0,Saint-denis,FRA,,,2026,2026
341,2681,Wagner,NEC,2026,203234,5317316,John Awoke,John,Awoke,4.0,Guard,75.0,185.0,Alexandria,VA,,,2026,2026
341,2681,Wagner,NEC,2026,203236,5317320,Binael Basil,Binael,Basil,22.0,Forward,79.0,240.0,Ottawa,ON,,,2026,2026
341,2681,Wagner,NEC,2026,203238,5317315,Elijah Brown,Elijah,Brown,3.0,Guard,76.0,200.0,Atlantic City,NJ,,,2026,2026
341,2681,Wagner,NEC,2026,203239,5317317,Michael Cooper,Michael,Cooper,5.0,Guard,78.0,215.0,Minneapolis,MN,,,2026,2026
341,2681,Wagner,NEC,2026,203240,5317319,Huascar Cuevas,Huascar,Cuevas,12.0,Guard,71.0,180.0,Santo Domingo,DOM,,,2026,2026
341,2681,Wagner,NEC,2026,203245,5317314,Nick Jones,Nick,Jones,0.0,Guard,74.0,170.0,Edgewood,MD,,,2026,2026
341,2681,Wagner,NEC,2026,15841,5176342,Eddie Placer,Eddie,Placer,7.0,Guard,77.0,200.0,Orlando,FL,,,2026,2026
341,2681,Wagner,NEC,2026,7866,5242415,Makhai Anderson,Makhai,Anderson,15.0,Guard,78.0,195.0,Hamden,CT,,,2025,2026
341,2681,Wagner,NEC,2026,203249,5317321,Sam Smith,Sam,Smith,24.0,Forward,78.0,235.0,Gurdon,AR,,,2026,2026
341,2681,Wagner,NEC,2026,7413,5177687,Travis Gray,Travis,Gray,2.0,Guard,77.0,195.0,Syracuse,NY,,,2026,2026
146,112358,Long Island University,NEC,2026,574,5243273,Shadrak Lasu,Shadrak,Lasu,22.0,Forward,80.0,200.0,Winnipeg,MB,,,2025,2026
146,112358,Long Island University,NEC,2026,576,5175029,Malachi Davis,Malachi,Davis,0.0,Guard,76.0,172.0,Scarborough,ON,,,2025,2026
146,112358,Long Island University,NEC,2026,579,5181768,Xinyi Li,Xinyi,Li,34.0,Forward,81.0,235.0,Beijing,CHN,,,2025,2026
146,112358,Long Island University,NEC,2026,581,5122836,Jamal Fuller,Jamal,Fuller,33.0,Forward,77.0,215.0,Toronto,ON,,,2025,2026
146,112358,Long Island University,NEC,2026,582,5243275,Gavin Pendergast,Gavin,Pendergast,24.0,Guard,76.0,185.0,Cold Spring,MN,,,2025,2026
146,112358,Long Island University,NEC,2026,583,5177262,Tre'shawn Sheppard,Tre'shawn,Sheppard,4.0,Guard,78.0,230.0,Brooklyn,NY,,,2024,2026
146,112358,Long Island University,NEC,2026,200122,5314163,Jomo Goings,Jomo,Goings,1.0,Guard,77.0,180.0,Washington,DC,,,2026,2026
146,112358,Long Island University,NEC,2026,802,5175939,Caleb Johnson,Caleb,Johnson,15.0,Forward,79.0,200.0,North Preston,NS,,,2026,2026
146,112358,Long Island University,NEC,2026,21506,5109771,Faheim Meran,Faheim,Meran,3.0,Guard,78.0,187.0,Miami,FL,,,2026,2026
146,112358,Long Island University,NEC,2026,200130,5314164,Max Ndlovu-Fraser,Max,Ndlovu-Fraser,5.0,Guard,77.0,191.0,North Vancouver,BC,,,2026,2026
146,112358,Long Island University,NEC,2026,200133,5314165,Mason Porter-Brown,Mason,Porter-Brown,6.0,Forward,78.0,200.0,Gainesville,FL,,,2026,2026
146,112358,Long Island University,NEC,2026,586,5243274,Eddie Munyak,Eddie,Munyak,14.0,Guard,73.0,175.0,Huntington,NY,,,2025,2026
146,112358,Long Island University,NEC,2026,588,4897671,A.J. Neal Jr.,A.J.,Neal Jr.,10.0,Guard,74.0,195.0,Orlando,FL,,,2025,2026
146,112358,Long Island University,NEC,2026,3954,5177096,Greg Gordon,Greg,Gordon,2.0,Guard,77.0,210.0,Chicago,IL,,,2026,2026
146,112358,Long Island University,NEC,2026,6657,5121428,Isaiah Miranda,Isaiah,Miranda,7.0,Center,85.0,230.0,Pawtucket,RI,,,2026,2026
278,2598,St. Francis (PA),NEC,2026,2907,5242403,Victor Payne,Victor,Payne,15.0,Guard,76.0,190.0,Cromwell,CT,,,2025,2026
278,2598,St. Francis (PA),NEC,2026,2910,5177291,KJ Swain Jr.,KJ,Swain Jr.,1.0,Guard,73.0,165.0,Hamilton,OH,,,2024,2026
278,2598,St. Francis (PA),NEC,2026,2912,5108786,Chris Moncrief,Chris,Moncrief,0.0,Guard,78.0,190.0,Turtle Creek,PA,,,2024,2026
278,2598,St. Francis (PA),NEC,2026,2913,5106614,Gestin Liberis,Gestin,Liberis,21.0,Forward,81.0,215.0,Havertown,PA,,,2023,2026
278,2598,St. Francis (PA),NEC,2026,1475,4898334,Zion Russell,Zion,Russell,2.0,Guard,74.0,185.0,Upper Marlboro,MD,,,2026,2026
278,2598,St. Francis (PA),NEC,2026,5237,4703980,Skylar Wicks,Skylar,Wicks,8.0,Guard,78.0,190.0,Jersey City,NJ,,,2026,2026
278,2598,St. Francis (PA),NEC,2026,1741,5247200,Ahmad Harrison,Ahmad,Harrison,55.0,Athlete,73.0,190.0,Baltimore,MD,,,2026,2026
278,2598,St. Francis (PA),NEC,2026,3064,5106589,Cameron Tweedy,Cameron,Tweedy,20.0,Forward,78.0,240.0,Waldorf,MD,,,2026,2026
278,2598,St. Francis (PA),NEC,2026,202298,5315066,Kofi Asare,Kofi,Asare,32.0,Center,82.0,240.0,Bradwell,ENG,,,2026,2026
278,2598,St. Francis (PA),NEC,2026,4550,5243388,Ralph Martino Jr.,Ralph,Martino Jr.,4.0,Guard,78.0,180.0,Lantham,MD,,,2026,2026
278,2598,St. Francis (PA),NEC,2026,202304,5315063,Paris Papadatos,Paris,Papadatos,7.0,Guard,76.0,188.0,Alimos,GRE,,,2026,2026
278,2598,St. Francis (PA),NEC,2026,202306,5315067,Brandon Rabish,Brandon,Rabish,33.0,Guard,72.0,150.0,Cresson,PA,,,2026,2026
278,2598,St. Francis (PA),NEC,2026,202308,5315062,Brandon Russell,Brandon,Russell,3.0,Guard,77.0,185.0,Hamilton,NJ,,,2026,2026
278,2598,St. Francis (PA),NEC,2026,202312,5315064,Melvin Weaver III,Melvin,Weaver III,11.0,Guard,75.0,195.0,Unionville,CT,,,2026,2026
278,2598,St. Francis (PA),NEC,2026,202315,5315065,Kam Wylie,Kam,Wylie,13.0,Forward,80.0,190.0,Baltimore,MD,,,2026,2026
278,2598,St. Francis (PA),NEC,2026,2914,5242405,Trey Weiand,Trey,Weiand,30.0,Guard,76.0,200.0,Mechanicsburg,PA,,,2025,2026
278,2598,St. Francis (PA),NEC,2026,2915,5242404,Carson Rhodes,Carson,Rhodes,24.0,Guard,75.0,180.0,Hollidaysburg,PA,,,2025,2026
278,2598,St. Francis (PA),NEC,2026,2916,5177290,Ryen Gresko,Ryen,Gresko,22.0,Guard,71.0,170.0,Penn Run,PA,,,2024,2026
44,2115,Central Connecticut,NEC,2026,3119,5177229,Darin Smith Jr.,Darin,Smith Jr.,5.0,Forward,79.0,210.0,Springfield,MA,,,2024,2026
44,2115,Central Connecticut,NEC,2026,3125,5241698,James Jones,James,Jones,24.0,Guard,78.0,190.0,New Britain,CT,,,2025,2026
44,2115,Central Connecticut,NEC,2026,3129,5177169,Max Frazier,Max,Frazier,34.0,Forward,81.0,200.0,Pittsboro,NC,,,2025,2026
44,2115,Central Connecticut,NEC,2026,3130,5241697,Roddy Jones,Roddy,Jones,3.0,Guard,73.0,195.0,North Babylon,NY,,,2025,2026
44,2115,Central Connecticut,NEC,2026,3132,5241695,Adam Fox,Adam,Fox,15.0,Guard,77.0,185.0,Silver Spring,MD,,,2025,2026
44,2115,Central Connecticut,NEC,2026,3134,4703644,Jay Rodgers,Jay,Rodgers,1.0,Guard,75.0,185.0,Pickerington,OH,,,2023,2026
44,2115,Central Connecticut,NEC,2026,23224,5115446,Nico Ashley,Nico,Ashley,2.0,Forward,79.0,180.0,Elizabethton,TN,,,2026,2026
44,2115,Central Connecticut,NEC,2026,198538,5312653,Corsley Edwards Jr.,Corsley,Edwards Jr.,20.0,Guard,74.0,188.0,Baltimore,MD,,,2026,2026
44,2115,Central Connecticut,NEC,2026,198541,5312654,Daniel James,Daniel,James,22.0,Forward,80.0,215.0,Bologna,ITA,,,2026,2026
44,2115,Central Connecticut,NEC,2026,2590,5243056,Jayden Mott,Jayden,Mott,11.0,Forward,80.0,210.0,Midwest City,OK,,,2026,2026
44,2115,Central Connecticut,NEC,2026,198545,5312655,Elijah Parker,Elijah,Parker,0.0,Guard,75.0,175.0,Waterbury,CT,,,2026,2026
44,2115,Central Connecticut,NEC,2026,198546,5312656,Ashton Reynolds,Ashton,Reynolds,13.0,Guard,76.0,185.0,Brooklyn,NY,,,2026,2026
44,2115,Central Connecticut,NEC,2026,198551,5312657,Rashawn Tibby,Rashawn,Tibby,23.0,Forward,80.0,190.0,East Hartford,CT,,,2026,2026
44,2115,Central Connecticut,NEC,2026,24237,5117296,Ja'Kobe Williams,Ja'Kobe,Williams,10.0,Guard,75.0,190.0,Jacksonville,FL,,,2026,2026
44,2115,Central Connecticut,NEC,2026,7833,5116128,Melo Sanchez,Melo,Sanchez,6.0,Guard,76.0,185.0,San Diego,CA,,,2026,2026
44,2115,Central Connecticut,NEC,2026,6062,5108787,Gabe Spinelli,Gabe,Spinelli,12.0,Guard,75.0,195.0,Watertown,MA,,,2026,2026
284,284,Stonehill,NEC,2026,1027,5106628,Ethan Meuser,Ethan,Meuser,33.0,Forward,80.0,205.0,Shavertown,PA,,,2023,2026
284,284,Stonehill,NEC,2026,1028,5106620,Chas Stinson,Chas,Stinson,5.0,Guard,76.0,195.0,Charlotte,NC,,,2023,2026
284,284,Stonehill,NEC,2026,1031,5242410,Pearse McGuinn,Pearse,McGuinn,31.0,Forward,80.0,205.0,Havertown,PA,,,2025,2026
284,284,Stonehill,NEC,2026,1036,5242407,Hermann Koffi,Hermann,Koffi,10.0,Guard,76.0,203.0,Quebec City,PQ,,,2025,2026
284,284,Stonehill,NEC,2026,1107,4897973,Raymond Espinal-Guzman,Raymond,Espinal-Guzman,13.0,Forward,80.0,220.0,Cranston,RI,,,2026,2026
284,284,Stonehill,NEC,2026,5414,5105675,William Batchelder,William,Batchelder,3.0,Guard,74.0,180.0,Newburyport,MA,,,2026,2026
284,284,Stonehill,NEC,2026,2877,5107184,Rex Sunderland,Rex,Sunderland,1.0,Guard,77.0,198.0,Kaysville,UT,,,2026,2026
284,284,Stonehill,NEC,2026,194,5107189,Ridvan Tutic,Ridvan,Tutic,11.0,Forward,83.0,245.0,Novi Pazar,SER,,,2026,2026
284,284,Stonehill,NEC,2026,202335,5315087,Colin Byrne,Colin,Byrne,21.0,Guard,75.0,170.0,Middletown,NJ,,,2026,2026
284,284,Stonehill,NEC,2026,202338,5315084,Davante Hackett,Davante,Hackett,4.0,Guard,75.0,180.0,Brampton,ON,,,2026,2026
284,284,Stonehill,NEC,2026,202339,5315088,Anthony Holden,Anthony,Holden,30.0,Guard,77.0,185.0,Lee's Summit,MO,,,2026,2026
284,284,Stonehill,NEC,2026,202340,5315085,Norbu Jenpa,Norbu,Jenpa,15.0,Guard,76.0,180.0,Prior Lake,MN,,,2026,2026
284,284,Stonehill,NEC,2026,202342,5315086,Cory Lovell,Cory,Lovell,20.0,Forward,81.0,209.0,Wellington,NZL,,,2026,2026
284,284,Stonehill,NEC,2026,202346,5315083,Trenton Ruth,Trenton,Ruth,2.0,Guard,75.0,185.0,Detroit,MI,,,2026,2026
284,284,Stonehill,NEC,2026,1037,5182714,Charlie Diamantis,Charlie,Diamantis,22.0,Guard,75.0,190.0,Milford,CT,,,2024,2026
284,284,Stonehill,NEC,2026,1040,5242408,Eino Montin,Eino,Montin,12.0,Guard,73.0,180.0,Oulu,FIN,,,2025,2026
140,2330,Le Moyne,NEC,2026,3337,5241781,Isaac Nyakundi,Isaac,Nyakundi,32.0,Forward,81.0,220.0,Duluth,MN,,,2025,2026
140,2330,Le Moyne,NEC,2026,3339,5177253,Nate Fouts,Nate,Fouts,15.0,Forward,80.0,215.0,Skaneateles,NY,,,2024,2026
140,2330,Le Moyne,NEC,2026,3340,5241779,Jakob Blakley,Jakob,Blakley,10.0,Guard,72.0,170.0,Elgin,IL,,,2025,2026
140,2330,Le Moyne,NEC,2026,3341,5177250,Trent Mosquera,Trent,Mosquera,7.0,Guard,77.0,210.0,Boston,MA,,,2024,2026
140,2330,Le Moyne,NEC,2026,3343,5175676,Trevor Roe,Trevor,Roe,5.0,Forward,81.0,210.0,Syracuse,NY,,,2025,2026
140,2330,Le Moyne,NEC,2026,3344,5241782,Sam Donnelly,Sam,Donnelly,33.0,Guard,74.0,200.0,Vernon,NY,,,2025,2026
140,2330,Le Moyne,NEC,2026,3345,5177251,Kaelin Thomas,Kaelin,Thomas,22.0,Guard,74.0,170.0,Binghamton,NY,,,2024,2026
140,2330,Le Moyne,NEC,2026,3346,5177248,Deng Garang,Deng,Garang,13.0,Guard,78.0,180.0,Syracuse,NY,,,2024,2026
140,2330,Le Moyne,NEC,2026,3197,5176210,Ametri Moss,Ametri,Moss,0.0,Guard,72.0,170.0,Clarksville,TN,,,2026,2026
140,2330,Le Moyne,NEC,2026,4088,5242916,Jakai Sanders,Jakai,Sanders,2.0,Guard,75.0,200.0,Brooklyn,NY,,,2026,2026
140,2330,Le Moyne,NEC,2026,6846,5176649,Tennessee Rainwater,Tennessee,Rainwater,1.0,Guard,78.0,210.0,Davenport,WA,,,2026,2026
140,2330,Le Moyne,NEC,2026,200033,5313953,Eli Greenberg,Eli,Greenberg,3.0,Guard,76.0,165.0,Centerville,OH,,,2026,2026
140,2330,Le Moyne,NEC,2026,200034,5313955,Samuel Hincapie,Samuel,Hincapie,12.0,Guard,77.0,175.0,Medellin,COL,,,2026,2026
140,2330,Le Moyne,NEC,2026,354,5176713,Shilo Jackson,Shilo,Jackson,4.0,Center,81.0,225.0,Indianapolis,IN,,,2026,2026
140,2330,Le Moyne,NEC,2026,200036,5313954,Josiah Lee,Josiah,Lee,11.0,Guard,74.0,165.0,Snohomish,WA,,,2026,2026
165,2385,Mercyhurst,NEC,2026,5164,4898243,Bernie Blunt III,Bernie,Blunt III,4.0,Guard,71.0,180.0,Morgantown,PA,,,2025,2026
165,2385,Mercyhurst,NEC,2026,5166,5243386,James Thomas,James,Thomas,34.0,Forward,78.0,230.0,Sharpsville,PA,,,2025,2026
165,2385,Mercyhurst,NEC,2026,5168,5243379,Mykolas Ivanauskas,Mykolas,Ivanauskas,5.0,Forward,80.0,215.0,Chicago,IL,,,2025,2026
165,2385,Mercyhurst,NEC,2026,5169,4873160,Qadir Martin,Qadir,Martin,12.0,Forward,77.0,215.0,Staten Island,NY,,,2025,2026
165,2385,Mercyhurst,NEC,2026,5170,5243381,Jake Lemelman,Jake,Lemelman,11.0,Guard,74.0,165.0,Newton,MA,,,2025,2026
165,2385,Mercyhurst,NEC,2026,5171,5243380,Christian Gamble,Christian,Gamble,10.0,Guard,72.0,195.0,Silver Spring,MD,,,2025,2026
165,2385,Mercyhurst,NEC,2026,5172,4709424,Sean Lang,Sean,Lang,1.0,Guard,75.0,205.0,New Market,MD,,,2021,2026
165,2385,Mercyhurst,NEC,2026,5174,5243378,Deshaun Jackson Jr.,Deshaun,Jackson Jr.,7.0,Guard,74.0,175.0,Covington,KY,,,2025,2026
165,2385,Mercyhurst,NEC,2026,7402,5175024,Vladimir Pavlovic,Vladimir,Pavlovic,33.0,Guard,74.0,200.0,Herceg Novi,MTG,,,2026,2026
165,2385,Mercyhurst,NEC,2026,22111,5107162,Emilis Butkus,Emilis,Butkus,21.0,Guard,78.0,220.0,Klaipeda,LTU,,,2026,2026
165,2385,Mercyhurst,NEC,2026,200443,5315591,Brady Conner,Brady,Conner,2.0,Guard,78.0,200.0,Bellbrook,OH,,,2026,2026
165,2385,Mercyhurst,NEC,2026,200444,5315594,Or Faran,Or,Faran,23.0,Guard,77.0,203.0,Giv'atayim,ISR,,,2026,2026
165,2385,Mercyhurst,NEC,2026,200449,5315592,Cameron Johnson,Cameron,Johnson,3.0,Forward,77.0,200.0,Shepherdstown,WV,,,2026,2026
165,2385,Mercyhurst,NEC,2026,200451,5315593,Chris Leman,Chris,Leman,13.0,Forward,81.0,220.0,New Orleans,LA,,,2026,2026
165,2385,Mercyhurst,NEC,2026,9858,5252076,Kaden Fuhrmann,Kaden,Fuhrmann,15.0,Athlete,77.0,195.0,Liberty Township,OH,,,2026,2026
50,2130,Chicago State,NEC,2026,6064,5106594,CJ Delancy,CJ,Delancy,20.0,Forward,81.0,210.0,Jonesboro,AR,,,2025,2026
50,2130,Chicago State,NEC,2026,6066,5177728,Greg Spate,Greg,Spate,0.0,Guard,79.0,185.0,Plantation,FL,,,2024,2026
50,2130,Chicago State,NEC,2026,6070,5241708,Dailliss Cox,Dailliss,Cox,22.0,Forward,78.0,205.0,Louisville,KY,,,2025,2026
50,2130,Chicago State,NEC,2026,6075,5109770,Deshawn Jean-Charles,Deshawn,Jean-Charles,1.0,Guard,79.0,200.0,Fort Lauderdale,FL,,,2023,2026
50,2130,Chicago State,NEC,2026,22291,5110433,DaJuan Bates,DaJuan,Bates,12.0,Guard,74.0,170.0,Chicago,IL,,,2026,2026
50,2130,Chicago State,NEC,2026,198643,5313921,Lionel Larvadain III,Lionel,Larvadain III,11.0,Guard,72.0,180.0,New Orleans,LA,,,2026,2026
50,2130,Chicago State,NEC,2026,198645,5313922,CJ Ray,CJ,Ray,23.0,Forward,78.0,215.0,Four Oaks,NC,,,2026,2026
50,2130,Chicago State,NEC,2026,198646,5313920,Malek Robinson,Malek,Robinson,9.0,Guard,71.0,155.0,Baton Rouge,LA,,,2026,2026
50,2130,Chicago State,NEC,2026,19527,5191591,Corey Sands,Corey,Sands,10.0,Guard,76.0,205.0,Nassau,BAH,,,2026,2026
50,2130,Chicago State,NEC,2026,198651,5313918,Daniel Zatsepin,Daniel,Zatsepin,6.0,Forward,76.0,213.0,Moscow,RUS,,,2026,2026
50,2130,Chicago State,NEC,2026,6568,5106744,Marcus Tankersley,Marcus,Tankersley,4.0,Guard,77.0,190.0,Chattanooga,TN,,,2026,2026
50,2130,Chicago State,NEC,2026,6578,5243191,Dakari Thomas,Dakari,Thomas,25.0,Guard,73.0,180.0,Amityville,NY,,,2026,2026
50,2130,Chicago State,NEC,2026,2214,4703637,Braelon Bush,Braelon,Bush,21.0,Point Guard,69.0,160.0,Silsbee,TX,,,2026,2026
50,2130,Chicago State,NEC,2026,2219,5105446,Chauncey Gibson,Chauncey,Gibson,5.0,Guard,79.0,206.0,Dallas,TX,,,2026,2026
50,2130,Chicago State,NEC,2026,5825,5247705,Doyel Cockrill III,Doyel,Cockrill III,3.0,Athlete,74.0,196.0,Nashville,TN,,,2026,2026
50,2130,Chicago State,NEC,2026,11821,5180772,Joseph Owens,Joseph,Owens,15.0,Forward,79.0,215.0,Dekalb,IL,,,2026,2026
50,2130,Chicago State,NEC,2026,513,5177534,Stephen Byard,Stephen,Byard,8.0,Forward,80.0,215.0,Atlantic City,NJ,,,2026,2026
181,2413,Morehead State,OVC,2026,3406,5177360,George Marshall,George,Marshall,3.0,Guard,76.0,185.0,Jackson,MS,,,2024,2026
181,2413,Morehead State,OVC,2026,3409,4897051,Anouar Mellouk,Anouar,Mellouk,8.0,Forward,80.0,215.0,Amsterdam,NED,,,2025,2026
181,2413,Morehead State,OVC,2026,3410,5242552,Jace Winkleman,Jace,Winkleman,12.0,Guard,75.0,170.0,Morehead,KY,,,2025,2026
181,2413,Morehead State,OVC,2026,3916,5241383,Josiah LeGree,Josiah,LeGree,0.0,Guard,72.0,165.0,Baltimore,MD,,,2026,2026
181,2413,Morehead State,OVC,2026,495,5144120,Kameren Wright,Kameren,Wright,7.0,Guard,78.0,200.0,Gainesville,FL,,,2026,2026
181,2413,Morehead State,OVC,2026,200688,5314326,Jon Carroll,Jon,Carroll,4.0,Forward,79.0,215.0,Tallahassee,FL,,,2026,2026
181,2413,Morehead State,OVC,2026,17387,5107477,Davion Cunningham,Davion,Cunningham,2.0,Guard,75.0,185.0,Charlotte,NC,,,2026,2026
181,2413,Morehead State,OVC,2026,1951,5247158,Chase Dawson,Chase,Dawson,10.0,Athlete,72.0,170.0,Durham,NC,,,2026,2026
181,2413,Morehead State,OVC,2026,200691,5314327,Vince Dawson III,Vince,Dawson III,5.0,Guard,78.0,215.0,Georgetown,KY,,,2026,2026
181,2413,Morehead State,OVC,2026,5145,5239660,Tyonne Farrell,Tyonne,Farrell,22.0,Forward,78.0,215.0,Baltimore,MD,,,2026,2026
181,2413,Morehead State,OVC,2026,200696,5314330,Clayton Parker,Clayton,Parker,33.0,Forward,80.0,230.0,Montgomery City,MO,,,2026,2026
181,2413,Morehead State,OVC,2026,200697,5314329,Jaden Priester,Jaden,Priester,15.0,Forward,80.0,215.0,Augusta,GA,,,2026,2026
181,2413,Morehead State,OVC,2026,4144,5240034,Tamaury Releford,Tamaury,Releford,24.0,Center,81.0,230.0,Fort Smith,AR,,,2026,2026
181,2413,Morehead State,OVC,2026,200701,5314328,Jarvis Wright,Jarvis,Wright,11.0,Guard,73.0,185.0,Folkston,GA,,,2026,2026
181,2413,Morehead State,OVC,2026,5960,5108070,Jacob Wilson,Jacob,Wilson,1.0,Guard,78.0,210.0,Baton Rouge,LA,,,2026,2026
291,2635,Tennessee Tech,OVC,2026,4175,5175414,Mekhi Cameron,Mekhi,Cameron,1.0,Guard,76.0,195.0,Atlanta,GA,,,2025,2026
291,2635,Tennessee Tech,OVC,2026,4180,4687377,Grant Slatten,Grant,Slatten,10.0,Guard,77.0,195.0,Sparta,TN,,,2023,2026
291,2635,Tennessee Tech,OVC,2026,4181,5242994,JaJuan Nicholls,JaJuan,Nicholls,7.0,Forward,80.0,220.0,Scranton,PA,,,2025,2026
291,2635,Tennessee Tech,OVC,2026,4183,5242997,Colin Ayers,Colin,Ayers,23.0,Guard,72.0,170.0,Hilham,TN,,,2025,2026
291,2635,Tennessee Tech,OVC,2026,26268,4702026,Ja'Quavian Florence,Ja'Quavian,Florence,5.0,Guard,76.0,195.0,Atlanta,GA,,,2026,2026
291,2635,Tennessee Tech,OVC,2026,2633,5176571,Dani Pounds,Dani,Pounds,11.0,Forward,80.0,225.0,Atlanta,GA,,,2026,2026
291,2635,Tennessee Tech,OVC,2026,2494,5176245,Brandon Muntu,Brandon,Muntu,6.0,Guard,76.0,208.0,Calgary,AB,,,2026,2026
291,2635,Tennessee Tech,OVC,2026,2667,5176803,Malik Ferguson,Malik,Ferguson,0.0,Guard,76.0,190.0,Grovetown,GA,,,2026,2026
291,2635,Tennessee Tech,OVC,2026,7522,5242123,Mekhi Turner,Mekhi,Turner,4.0,Forward,80.0,215.0,Atlanta,GA,,,2026,2026
291,2635,Tennessee Tech,OVC,2026,202481,5314368,Maguire Evans,Maguire,Evans,32.0,Guard,74.0,180.0,Cleveland,TN,,,2026,2026
291,2635,Tennessee Tech,OVC,2026,202484,5314366,C.J. McPherson,C.J.,McPherson,13.0,Guard,75.0,211.0,Virginia Beach,VA,,,2026,2026
291,2635,Tennessee Tech,OVC,2026,202487,5314364,Ty Owens,Ty,Owens,8.0,Guard,72.0,185.0,Port Saint Lucie,FL,,,2026,2026
291,2635,Tennessee Tech,OVC,2026,202488,5314363,Jah'Kim Payne,Jah'Kim,Payne,3.0,Guard,78.0,181.0,Atlanta,GA,,,2026,2026
291,2635,Tennessee Tech,OVC,2026,202492,5314367,Owen Varnado,Owen,Varnado,24.0,Forward,77.0,215.0,Muskegon,MI,,,2026,2026
291,2635,Tennessee Tech,OVC,2026,202493,5314362,Jacobe Whitted,Jacobe,Whitted,2.0,Guard,79.0,205.0,Birmingham,AL,,,2026,2026
291,2635,Tennessee Tech,OVC,2026,211676,5314365,Hagan Preston,Hagan,Preston,12.0,Guard,75.0,187.0,Lexington,KY,,,2026,2026
290,2634,Tennessee State,OVC,2026,5858,5175727,Carlous Williams,Carlous,Williams,12.0,Forward,77.0,225.0,Hattiesburg,MS,,,2025,2026
290,2634,Tennessee State,OVC,2026,5863,5242989,Antoine Lorick III,Antoine,Lorick III,11.0,Forward,80.0,215.0,Augusta,GA,,,2025,2026
290,2634,Tennessee State,OVC,2026,5864,5242986,JC Brooks,JC,Brooks,4.0,Forward,82.0,215.0,Calgary,AB,,,2025,2026
290,2634,Tennessee State,OVC,2026,5867,5242987,Maddux Bodenhamer,Maddux,Bodenhamer,5.0,Guard,74.0,190.0,Nashville,TN,,,2025,2026
290,2634,Tennessee State,OVC,2026,5869,5242991,Kavien Jones,Kavien,Jones,23.0,Forward,79.0,230.0,Franklin,TN,,,2025,2026
290,2634,Tennessee State,OVC,2026,5871,5242985,Travis Harper II,Travis,Harper II,2.0,Guard,78.0,190.0,Columbus,GA,,,2025,2026
290,2634,Tennessee State,OVC,2026,5872,5182573,Aaron Nkrumah,Aaron,Nkrumah,30.0,Guard,78.0,175.0,Worcester,MA,,,2025,2026
290,2634,Tennessee State,OVC,2026,5873,5105760,Khalil London,Khalil,London,3.0,Guard,75.0,185.0,Wyandanch,NY,,,2025,2026
290,2634,Tennessee State,OVC,2026,22346,5106807,Alex Garcia,Alex,Garcia,31.0,Forward,81.0,185.0,Cleveland,OH,,,2026,2026
290,2634,Tennessee State,OVC,2026,14270,4596531,Dante Harris,Dante,Harris,10.0,Athlete,72.0,170.0,Washington,DC,,,2026,2026
290,2634,Tennessee State,OVC,2026,7745,5105453,Jalen Pitre,Jalen,Pitre,0.0,Forward,80.0,220.0,Long Beach,CA,,,2026,2026
290,2634,Tennessee State,OVC,2026,11808,5256521,Ogien Ayo,Ogien,Ayo,24.0,Athlete,81.0,180.0,Baton Rouge,LA,,,2026,2026
290,2634,Tennessee State,OVC,2026,202469,5314352,Damon Howard Jr.,Damon,Howard Jr.,1.0,Guard,73.0,160.0,Indianapolis,IN,,,2026,2026
290,2634,Tennessee State,OVC,2026,202470,5314354,Jayden Jones,Jayden,Jones,20.0,Guard,76.0,195.0,Madison,TN,,,2026,2026
290,2634,Tennessee State,OVC,2026,202472,5314355,Jean Yvens Lafleur,Jean Yvens,Lafleur,21.0,Forward,83.0,267.0,Mirebalais,HAI,,,2026,2026
290,2634,Tennessee State,OVC,2026,202477,5314353,Jabrion Spikes,Jabrion,Spikes,7.0,Guard,74.0,210.0,Princeton,KY,,,2026,2026
272,2546,Southeast Missouri State,OVC,2026,4605,5242974,Brendan Terry,Brendan,Terry,15.0,Forward,79.0,220.0,Santa Monica,CA,,,2025,2026
272,2546,Southeast Missouri State,OVC,2026,4608,5242977,Elliot Lowndes,Elliot,Lowndes,30.0,Forward,84.0,200.0,Cobden,IL,,,2025,2026
272,2546,Southeast Missouri State,OVC,2026,4609,5242975,Saxton Hoepker,Saxton,Hoepker,22.0,Forward,80.0,215.0,Nashville,IL,,,2025,2026
272,2546,Southeast Missouri State,OVC,2026,4611,5107642,David Idada,David,Idada,18.0,Center,84.0,270.0,Barendrecht,NED,,,2023,2026
272,2546,Southeast Missouri State,OVC,2026,4612,5242973,Troy Cole Jr.,Troy,Cole Jr.,4.0,Guard,76.0,200.0,Donaldsonville,LA,,,2025,2026
272,2546,Southeast Missouri State,OVC,2026,4614,5177370,Marqueas Bell,Marqueas,Bell,55.0,Guard,75.0,185.0,Kansas City,MO,,,2024,2026
272,2546,Southeast Missouri State,OVC,2026,4615,5177367,BJ Ward,BJ,Ward,2.0,Guard,72.0,195.0,St. Louis,MO,,,2024,2026
272,2546,Southeast Missouri State,OVC,2026,4617,5242976,Jay Reynolds,Jay,Reynolds,25.0,Guard,75.0,195.0,Cape Girardeau,MO,,,2025,2026
272,2546,Southeast Missouri State,OVC,2026,4618,5107891,Braxton Stacker,Braxton,Stacker,44.0,Guard,77.0,205.0,Fairview Heights,IL,,,2024,2026
272,2546,Southeast Missouri State,OVC,2026,205171,5236226,Trace Sadler,Trace,Sadler,3.0,Forward,85.0,220.0,Sikeston,MO,,,2026,2026
272,2546,Southeast Missouri State,OVC,2026,3638,5242134,Landren Blocker,Landren,Blocker,7.0,Guard,77.0,210.0,Little Rock,AR,,,2026,2026
272,2546,Southeast Missouri State,OVC,2026,3188,5240019,Blaize Sagna,Blaize,Sagna,9.0,Guard,75.0,190.0,London,ENG,,,2026,2026
272,2546,Southeast Missouri State,OVC,2026,202117,5314339,Luke Almodovar,Luke,Almodovar,10.0,Guard,75.0,190.0,Noblesville,IN,,,2026,2026
272,2546,Southeast Missouri State,OVC,2026,202121,5314338,PJ Farmer,PJ,Farmer,1.0,Guard,74.0,180.0,Charleston,MO,,,2026,2026
325,2630,UT Martin,OVC,2026,205518,5314377,Matas Deniusas,Matas,Deniusas,44.0,Forward,81.0,220.0,Vilnius,LTU,,,2026,2026
325,2630,UT Martin,OVC,2026,4575,5243006,AJ Hopkins,AJ,Hopkins,11.0,Guard,78.0,195.0,Atlanta,GA,,,2025,2026
325,2630,UT Martin,OVC,2026,4576,5243002,Afan Trnka,Afan,Trnka,4.0,Guard,74.0,180.0,Sarajevo,BIH,,,2025,2026
325,2630,UT Martin,OVC,2026,4579,5108101,Lamine Niang,Lamine,Niang,34.0,Forward,81.0,230.0,Theis,SEN,,,2025,2026
325,2630,UT Martin,OVC,2026,4583,5242999,Andrija Bukumirović,Andrija,Bukumirović,0.0,Forward,79.0,200.0,Sjenica,SER,,,2025,2026
325,2630,UT Martin,OVC,2026,4586,5243012,Filip Radaković,Filip,Radaković,33.0,Guard,79.0,200.0,Belgrade,SER,,,2025,2026
325,2630,UT Martin,OVC,2026,4587,5243008,Lucas Williams,Lucas,Williams,23.0,Guard,75.0,185.0,Altamonte Springs,FL,,,2025,2026
325,2630,UT Martin,OVC,2026,4588,5243004,Pedro Santos,Pedro,Santos,9.0,Guard,79.0,200.0,Porto,POR,,,2025,2026
325,2630,UT Martin,OVC,2026,8473,5176445,Dragos Lungu,Dragos,Lungu,7.0,Guard,78.0,180.0,Cluj-Napoca,ROM,,,2026,2026
325,2630,UT Martin,OVC,2026,7129,5107843,Luca Colceag,Luca,Colceag,77.0,Forward,80.0,200.0,Bucharest,ROM,,,2026,2026
325,2630,UT Martin,OVC,2026,203059,5314371,James Bass,James,Bass,3.0,Forward,80.0,200.0,Banjul,GAM,,,2026,2026
325,2630,UT Martin,OVC,2026,203063,5314369,Will Hopkins,Will,Hopkins,1.0,Guard,77.0,180.0,Atlanta,GA,,,2026,2026
325,2630,UT Martin,OVC,2026,203064,5314375,Vladimir Khryapa,Vladimir,Khryapa,24.0,Forward,80.0,205.0,Moscow,RUS,,,2026,2026
325,2630,UT Martin,OVC,2026,203065,5314373,Charlie King,Charlie,King,6.0,Forward,77.0,185.0,Ozark,IL,,,2026,2026
325,2630,UT Martin,OVC,2026,203066,5314372,Damien King,Damien,King,5.0,Guard,76.0,200.0,Anderson,IN,,,2026,2026
325,2630,UT Martin,OVC,2026,203068,5314370,Enrique Moya,Enrique,Moya,2.0,Guard,71.0,150.0,Granada,ESP,,,2026,2026
325,2630,UT Martin,OVC,2026,203070,5314376,Filip Petkovski,Filip,Petkovski,32.0,Guard,77.0,185.0,Kranj,SLO,,,2026,2026
325,2630,UT Martin,OVC,2026,203071,5101773,Ty Price,Ty,Price,22.0,Guard,70.0,180.0,Morgantown,KY,,,2026,2026
325,2630,UT Martin,OVC,2026,203074,5314374,Ama Sow,Ama,Sow,10.0,Forward,81.0,220.0,Dakar,SEN,,,2026,2026
77,2197,Eastern Illinois,OVC,2026,5623,4898343,Kooper Jacobi,Kooper,Jacobi,40.0,Forward,79.0,200.0,Sellersburg,IN,,,2024,2026
77,2197,Eastern Illinois,OVC,2026,5625,5242420,Zion Fruster,Zion,Fruster,5.0,Guard,74.0,170.0,Douglasville,GA,,,2025,2026
77,2197,Eastern Illinois,OVC,2026,5628,5242423,Terry McMorris,Terry,McMorris,24.0,Forward,79.0,185.0,Oklahoma City,OK,,,2025,2026
77,2197,Eastern Illinois,OVC,2026,5630,5177742,Malik Olafioye,Malik,Olafioye,11.0,Guard,74.0,190.0,Ecorse,MI,,,2025,2026
77,2197,Eastern Illinois,OVC,2026,199024,5311583,Andrew Austin,Andrew,Austin,15.0,Forward,79.0,220.0,Rock Rapids,IA,,,2026,2026
77,2197,Eastern Illinois,OVC,2026,199025,5311579,Markus Blackwell,Markus,Blackwell,1.0,Guard,74.0,180.0,Detroit,MI,,,2026,2026
77,2197,Eastern Illinois,OVC,2026,22307,5107814,JT Elder,JT,Elder,2.0,Guard,79.0,200.0,Tucson,AZ,,,2026,2026
77,2197,Eastern Illinois,OVC,2026,199030,5311581,Prince Johnson,Prince,Johnson,7.0,Forward,80.0,215.0,Bennettsville,SC,,,2026,2026
77,2197,Eastern Illinois,OVC,2026,199034,5311584,Shane Sims,Shane,Sims,23.0,Guard,76.0,200.0,Evansville,IN,,,2026,2026
77,2197,Eastern Illinois,OVC,2026,199035,5311582,Preston Turner,Preston,Turner,10.0,Guard,78.0,185.0,Ellsinore,MO,,,2026,2026
77,2197,Eastern Illinois,OVC,2026,17782,4897987,Andre Washington,Andre,Washington,4.0,Guard,71.0,180.0,Staten Island,NY,,,2026,2026
77,2197,Eastern Illinois,OVC,2026,199037,5311580,Meechie White,Meechie,White,3.0,Guard,73.0,175.0,Louisville,KY,,,2026,2026
77,2197,Eastern Illinois,OVC,2026,4174,5177610,Kyle Layton,Kyle,Layton,6.0,Guard,72.0,175.0,McKinney,TX,,,2026,2026
77,2197,Eastern Illinois,OVC,2026,17658,4901611,Nazareth Fisher,Nazareth,Fisher,13.0,Forward,82.0,220.0,Washington,DC,,,2026,2026
247,2565,SIU Edwardsville,OVC,2026,5919,5242970,Myles Thompson,Myles,Thompson,21.0,Forward,79.0,240.0,Hutchinson,KS,,,2025,2026
247,2565,SIU Edwardsville,OVC,2026,5920,5242967,Ring Malith,Ring,Malith,0.0,Forward,81.0,180.0,Twic,SS,,,2025,2026
247,2565,SIU Edwardsville,OVC,2026,5924,5182713,Jo Valrie,Jo,Valrie,33.0,Forward,77.0,180.0,Houston,TX,,,2025,2026
247,2565,SIU Edwardsville,OVC,2026,5925,5176137,Darrion Baker,Darrion,Baker,4.0,Forward,80.0,225.0,Chicago,IL,,,2025,2026
247,2565,SIU Edwardsville,OVC,2026,5926,5107655,Arnas Sakenis,Arnas,Sakenis,34.0,Center,85.0,260.0,Tinley Park,IL,,,2023,2026
247,2565,SIU Edwardsville,OVC,2026,5931,5177364,Jordan Pickett,Jordan,Pickett,1.0,Guard,75.0,190.0,Belleville,IL,,,2024,2026
247,2565,SIU Edwardsville,OVC,2026,5932,5107708,Kyle Thomas,Kyle,Thomas,24.0,Forward,82.0,235.0,Bolingbrook,IL,,,2025,2026
247,2565,SIU Edwardsville,OVC,2026,4164,5174316,Harrison Alexander,Harrison,Alexander,8.0,Guard,77.0,190.0,Madison,MS,,,2026,2026
247,2565,SIU Edwardsville,OVC,2026,5372,5107627,Jack Campion,Jack,Campion,5.0,Guard,71.0,175.0,Milton,WI,,,2026,2026
247,2565,SIU Edwardsville,OVC,2026,8295,5241623,Darius Robinson Jr.,Darius,Robinson Jr.,7.0,Guard,73.0,165.0,Chicago,IL,,,2026,2026
247,2565,SIU Edwardsville,OVC,2026,202003,5314334,Iwo Baganc,Iwo,Baganc,20.0,Forward,80.0,220.0,Poznan,POL,,,2026,2026
247,2565,SIU Edwardsville,OVC,2026,202006,5314333,Corentin Efono,Corentin,Efono,17.0,Guard,76.0,195.0,Aalst,BEL,,,2026,2026
247,2565,SIU Edwardsville,OVC,2026,202008,5314331,Tyler King,Tyler,King,9.0,Guard,76.0,185.0,St. Louis,MO,,,2026,2026
247,2565,SIU Edwardsville,OVC,2026,202010,5314332,Dehrio McCaskill,Dehrio,McCaskill,11.0,Guard,75.0,180.0,St. Louis,MO,,,2026,2026
247,2565,SIU Edwardsville,OVC,2026,16771,5183116,CJ Hall,CJ,Hall,2.0,Athlete,74.0,175.0,Killeen,TX,,,2026,2026
144,2031,Little Rock,OVC,2026,4224,4896453,Tuongthach Gatkek,Tuongthach,Gatkek,32.0,Forward,81.0,187.0,Portland,ME,,,2025,2026
144,2031,Little Rock,OVC,2026,4227,4432589,Johnathan Lawson,Johnathan,Lawson,11.0,Guard,79.0,190.0,Memphis,TN,,,2025,2026
144,2031,Little Rock,OVC,2026,4232,5177351,Christian Hughes,Christian,Hughes,5.0,Guard,74.0,180.0,Kirkwood,MO,,,2024,2026
144,2031,Little Rock,OVC,2026,4131,4895787,Kachi Nzeh,Kachi,Nzeh,15.0,Forward,80.0,225.0,Upper Darby,PA,,,2026,2026
144,2031,Little Rock,OVC,2026,200091,5101825,Terrion Burgess,Terrion,Burgess,23.0,Forward,81.0,200.0,Benton,AR,,,2026,2026
144,2031,Little Rock,OVC,2026,200092,5314308,Truman Claytor IV,Truman,Claytor IV,22.0,Forward,78.0,215.0,Toledo,OH,,,2026,2026
144,2031,Little Rock,OVC,2026,200099,5144094,Kellen Robinson,Kellen,Robinson,4.0,Guard,75.0,185.0,Little Rock,AR,,,2026,2026
144,2031,Little Rock,OVC,2026,200100,5314307,Khasen Robinson,Khasen,Robinson,3.0,Guard,73.0,186.0,Little Rock,AR,,,2026,2026
144,2031,Little Rock,OVC,2026,200104,5314309,Cameron Wallace,Cameron,Wallace,24.0,Forward,80.0,210.0,Little Rock,AR,,,2026,2026
144,2031,Little Rock,OVC,2026,4653,5107792,Braxton Bayless,Braxton,Bayless,0.0,Guard,74.0,175.0,Ankeny,IA,,,2026,2026
144,2031,Little Rock,OVC,2026,9482,4904926,Tracy Steele Jr.,Tracy,Steele Jr.,12.0,Guard,75.0,175.0,North Little Rock,AR,,,2026,2026
144,2031,Little Rock,OVC,2026,4233,5242548,Caleb Pennyfeather,Caleb,Pennyfeather,10.0,Forward,81.0,196.0,Orlando,FL,,,2025,2026
144,2031,Little Rock,OVC,2026,4235,5242547,Travonne Jackson,Travonne,Jackson,8.0,Guard,79.0,195.0,Columbus,OH,,,2025,2026
144,2031,Little Rock,OVC,2026,4236,5242545,Joseph Thomas,Joseph,Thomas,1.0,Guard,75.0,165.0,Portal,GA,,,2025,2026
144,2031,Little Rock,OVC,2026,4237,4565207,KK Robinson,KK,Robinson,2.0,Guard,72.0,180.0,Little Rock,AR,,,2024,2026
365,88,Southern Indiana,OVC,2026,5376,5242982,Josiah Dunham,Josiah,Dunham,22.0,Guard,72.0,180.0,Evansville,IN,,,2025,2026
365,88,Southern Indiana,OVC,2026,5380,5242983,Cayden Gehlhausen,Cayden,Gehlhausen,33.0,Forward,80.0,195.0,Evansville,IN,,,2025,2026
365,88,Southern Indiana,OVC,2026,5384,5108706,Braxton Jones,Braxton,Jones,4.0,Guard,72.0,175.0,Monroe Township,NJ,,,2025,2026
365,88,Southern Indiana,OVC,2026,3400,5107877,Steven Clay,Steven,Clay,2.0,Guard,76.0,190.0,Milwaukee,WI,,,2026,2026
365,88,Southern Indiana,OVC,2026,1362,5239580,Ben Ezeagu,Ben,Ezeagu,6.0,Forward,79.0,215.0,Brampton,ON,,,2026,2026
365,88,Southern Indiana,OVC,2026,7576,5106699,Trey Thomas,Trey,Thomas,1.0,Guard,74.0,190.0,Upper Marlboro,MD,,,2026,2026
365,88,Southern Indiana,OVC,2026,7318,4711838,Ismail Habib,Ismail,Habib,21.0,Guard,73.0,180.0,Chicago,IL,,,2026,2026
365,88,Southern Indiana,OVC,2026,4172,5108043,Ola Ajiboye,Ola,Ajiboye,5.0,Forward,80.0,205.0,Chicago,IL,,,2026,2026
365,88,Southern Indiana,OVC,2026,7394,5060698,Devin Curtis,Devin,Curtis,13.0,Forward,83.0,220.0,Milwaukee,WI,,,2026,2026
365,88,Southern Indiana,OVC,2026,4545,5243390,Cardell Bailey,Cardell,Bailey,8.0,Guard,78.0,195.0,Detroit,MI,,,2026,2026
365,88,Southern Indiana,OVC,2026,202163,5314342,Amaree Brown,Amaree,Brown,15.0,Guard,77.0,210.0,Chicago,IL,,,2026,2026
365,88,Southern Indiana,OVC,2026,202169,5314341,Alem Fejzic,Alem,Fejzic,12.0,Guard,75.0,190.0,Sarajevo,BIH,,,2026,2026
365,88,Southern Indiana,OVC,2026,202173,5314340,Tolu Samuels,Tolu,Samuels,3.0,Forward,80.0,205.0,Chicago,IL,,,2026,2026
365,88,Southern Indiana,OVC,2026,756,5176388,Sheridan Sharp,Sheridan,Sharp,11.0,Guard,75.0,175.0,Indianapolis,IN,,,2026,2026
365,88,Southern Indiana,OVC,2026,17867,5177219,Kaden Brown,Kaden,Brown,0.0,Guard,73.0,175.0,Grand Rapids,MI,,,2026,2026
349,2710,Western Illinois,OVC,2026,7020,5243015,Ifiok Peter,Ifiok,Peter,11.0,Forward,78.0,225.0,Las Vegas,NV,,,2025,2026
349,2710,Western Illinois,OVC,2026,4625,5107966,Goanar Biliew,Goanar,Biliew,22.0,Forward,80.0,235.0,Denison,IA,,,2026,2026
349,2710,Western Illinois,OVC,2026,7625,5176322,Isaiah Griffin,Isaiah,Griffin,12.0,Forward,78.0,210.0,Raleigh,NC,,,2026,2026
349,2710,Western Illinois,OVC,2026,5509,5174298,Danny Stephens,Danny,Stephens,23.0,Guard,77.0,220.0,Bowen,IL,,,2026,2026
349,2710,Western Illinois,OVC,2026,2594,5125137,Steven Tipton,Steven,Tipton,14.0,Guard,74.0,183.0,Brookfield,WI,,,2026,2026
349,2710,Western Illinois,OVC,2026,5381,4703910,Nick Hittle,Nick,Hittle,50.0,Forward,82.0,245.0,Indianapolis,IN,,,2026,2026
349,2710,Western Illinois,OVC,2026,744,5241420,Antwaun Massey,Antwaun,Massey,45.0,Forward,80.0,200.0,Olathe,KS,,,2026,2026
349,2710,Western Illinois,OVC,2026,3909,5176331,Tyran Cook,Tyran,Cook,0.0,Guard,74.0,200.0,Milwaukee,WI,,,2026,2026
349,2710,Western Illinois,OVC,2026,14456,4904792,Francis Okwuosah,Francis,Okwuosah,15.0,Forward,78.0,220.0,Powder Springs,GA,,,2026,2026
349,2710,Western Illinois,OVC,2026,15968,5176169,Marcus Pigram,Marcus,Pigram,2.0,Guard,76.0,205.0,Chicago,IL,,,2026,2026
349,2710,Western Illinois,OVC,2026,203331,5314441,Karyiek Dixon,Karyiek,Dixon,5.0,Forward,77.0,225.0,London,ENG,,,2026,2026
349,2710,Western Illinois,OVC,2026,203332,5314442,Jake Edwards,Jake,Edwards,10.0,Guard,77.0,175.0,Winfield,IA,,,2026,2026
349,2710,Western Illinois,OVC,2026,203335,5314443,Makai Kvamme,Makai,Kvamme,13.0,Guard,74.0,170.0,Chicago,IL,,,2026,2026
349,2710,Western Illinois,OVC,2026,203336,5314440,Lucas Lorenzen,Lucas,Lorenzen,3.0,Guard,76.0,215.0,Milford,IA,,,2026,2026
349,2710,Western Illinois,OVC,2026,203341,5314439,Jack Riley,Jack,Riley,1.0,Forward,79.0,215.0,Delafield,WI,,,2026,2026
366,2815,Lindenwood,OVC,2026,6217,5177346,Jaylon McDaniel,Jaylon,McDaniel,5.0,Forward,79.0,220.0,Kansas City,MO,,,2024,2026
366,2815,Lindenwood,OVC,2026,6218,5242437,Anias Futrell,Anias,Futrell,8.0,Guard,77.0,195.0,St. Louis,MO,,,2025,2026
366,2815,Lindenwood,OVC,2026,6221,4873146,Jadis Jones,Jadis,Jones,10.0,Guard,77.0,215.0,New Madrid,MO,,,2025,2026
366,2815,Lindenwood,OVC,2026,6224,5242439,Clayton Jackson,Clayton,Jackson,34.0,Guard,74.0,185.0,St. Louis,MO,,,2025,2026
366,2815,Lindenwood,OVC,2026,6227,5107221,Jalen Bouknight,Jalen,Bouknight,11.0,Guard,72.0,180.0,Odenton,MD,,,2025,2026
366,2815,Lindenwood,OVC,2026,6231,5177350,Jeremiah Talton,Jeremiah,Talton,24.0,Guard,78.0,220.0,Quincy,IL,,,2024,2026
366,2815,Lindenwood,OVC,2026,201,4897163,Milos Nenadic,Milos,Nenadic,7.0,Forward,82.0,240.0,Kitchener,ON,,,2026,2026
366,2815,Lindenwood,OVC,2026,1338,5176213,Mekhi Cooper,Mekhi,Cooper,0.0,Guard,72.0,185.0,Bolingbrook,IL,,,2026,2026
366,2815,Lindenwood,OVC,2026,6055,5241311,Dontrez Williams,Dontrez,Williams,1.0,Guard,77.0,195.0,Sikeston,MO,,,2026,2026
366,2815,Lindenwood,OVC,2026,450,5108826,Robert Lewis,Robert,Lewis,22.0,Forward,81.0,205.0,St. Louis,MO,,,2026,2026
366,2815,Lindenwood,OVC,2026,200059,5314291,Kevin Anthony,Kevin,Anthony,21.0,Center,82.0,245.0,Chicago,IL,,,2026,2026
366,2815,Lindenwood,OVC,2026,200060,5314292,Todd Bieg,Todd,Bieg,25.0,Forward,78.0,,Villa Ridge,MO,,,2026,2026
366,2815,Lindenwood,OVC,2026,200062,5314289,William Campbell,William,Campbell,12.0,Guard,76.0,,Los Angeles,CA,,,2026,2026
366,2815,Lindenwood,OVC,2026,200064,5314288,Tidiane d'Almeida,Tidiane,d'Almeida,3.0,Guard,73.0,,Pau,FRA,,,2026,2026
366,2815,Lindenwood,OVC,2026,200068,5314290,Daniel Kwon,Daniel,Kwon,15.0,Guard,76.0,,Pullman,WA,,,2026,2026
32,2083,Bucknell,Patriot,2026,1305,5105670,Ruot Bijiek,Ruot,Bijiek,4.0,Forward,81.0,190.0,Waukee,IA,,,2023,2026
32,2083,Bucknell,Patriot,2026,1310,5242555,Achile Spadone,Achile,Spadone,24.0,Guard,76.0,205.0,Geneva,SUI,,,2025,2026
32,2083,Bucknell,Patriot,2026,1311,5242553,Jayden Williams,Jayden,Williams,2.0,Guard,70.0,180.0,Bronx,NY,,,2025,2026
32,2083,Bucknell,Patriot,2026,1312,5176043,Brandon McCreesh,Brandon,McCreesh,10.0,Guard,76.0,190.0,Bronx,NY,,,2024,2026
32,2083,Bucknell,Patriot,2026,1314,5243652,Kellen Welch,Kellen,Welch,32.0,Forward,79.0,185.0,Richmond,VA,,,2025,2026
32,2083,Bucknell,Patriot,2026,1315,5176042,Patrick O'Brien,Patrick,O'Brien,0.0,Forward,80.0,220.0,Warrenton,VA,,,2024,2026
32,2083,Bucknell,Patriot,2026,198336,5314476,Pat Curtin,Pat,Curtin,21.0,Guard,75.0,200.0,Ellicott City,MD,,,2026,2026
32,2083,Bucknell,Patriot,2026,198337,5314477,Amon Dörries,Amon,Dörries,22.0,Center,83.0,233.0,Potsdam,GER,,,2026,2026
32,2083,Bucknell,Patriot,2026,198341,5314475,Jacob Meachem,Jacob,Meachem,1.0,Guard,68.0,175.0,Pottstown,PA,,,2026,2026
32,2083,Bucknell,Patriot,2026,1415,5239546,Aleksander Pachucki,Aleksander,Pachucki,3.0,Guard,77.0,195.0,Scarborough,ON,,,2026,2026
32,2083,Bucknell,Patriot,2026,2523,5176233,Grgur Brcic,Grgur,Brcic,23.0,Forward,82.0,235.0,Zagreb,CRO,,,2026,2026
32,2083,Bucknell,Patriot,2026,1316,5105667,Brady Muller,Brady,Muller,11.0,Forward,76.0,210.0,Wyckoff,NJ,,,2023,2026
32,2083,Bucknell,Patriot,2026,1317,5242554,Matt Lange,Matt,Lange,7.0,Guard,74.0,185.0,Newtown Square,PA,,,2025,2026
32,2083,Bucknell,Patriot,2026,1318,5105976,Quin Berger,Quin,Berger,12.0,Guard,74.0,195.0,Malvern,PA,,,2024,2026
32,2083,Bucknell,Patriot,2026,1319,5105669,Josh Fulton,Josh,Fulton,5.0,Guard,78.0,200.0,Atlanta,GA,,,2023,2026
55,2142,Colgate,Patriot,2026,7465,5176048,Parker Jones,Parker,Jones,10.0,Guard,79.0,210.0,Sherman Oaks,CA,,,2024,2026
55,2142,Colgate,Patriot,2026,7466,5176046,Jalen Cox,Jalen,Cox,3.0,Guard,75.0,180.0,Los Angeles,CA,,,2024,2026
55,2142,Colgate,Patriot,2026,7472,5242778,Blake Forrest,Blake,Forrest,2.0,Guard,71.0,175.0,North Bend,WA,,,2025,2026
55,2142,Colgate,Patriot,2026,7473,5242776,Stevie Clark,Stevie,Clark,7.0,Guard,78.0,200.0,Omro,WI,,,2025,2026
55,2142,Colgate,Patriot,2026,7474,5242775,Josh Ahayere,Josh,Ahayere,4.0,Guard,75.0,215.0,Morinville,AB,,,2025,2026
55,2142,Colgate,Patriot,2026,7476,5107704,Kyle Carlesimo,Kyle,Carlesimo,13.0,Guard,74.0,190.0,Seattle,WA,,,2024,2026
55,2142,Colgate,Patriot,2026,15128,5263812,Ethan Brown,Ethan,Brown,0.0,Forward,82.0,225.0,Peterborough,ON,,,2025,2026
55,2142,Colgate,Patriot,2026,7467,5105671,Brady Cummins,Brady,Cummins,1.0,Guard,78.0,195.0,York,ME,,,2023,2026
55,2142,Colgate,Patriot,2026,7469,5242777,Cameron Brennan,Cameron,Brennan,9.0,Forward,84.0,250.0,Burlington,ON,,,2025,2026
55,2142,Colgate,Patriot,2026,7470,5176049,Sam Wright,Sam,Wright,33.0,Forward,81.0,235.0,Hoover,AL,,,2024,2026
55,2142,Colgate,Patriot,2026,7471,5176047,Cooper Wright,Cooper,Wright,23.0,Forward,77.0,200.0,Cambridge,MA,,,2024,2026
55,2142,Colgate,Patriot,2026,198712,5314481,Andrew Alekseyenko,Andrew,Alekseyenko,22.0,Forward,80.0,230.0,Brookline,MA,,,2026,2026
55,2142,Colgate,Patriot,2026,198721,5314479,Jonathan Niv,Jonathan,Niv,8.0,Guard,77.0,190.0,Fairfield,CT,,,2026,2026
55,2142,Colgate,Patriot,2026,198722,5314480,Ayomi Odetoyinbo,Ayomi,Odetoyinbo,15.0,Forward,82.0,220.0,Canton,NY,,,2026,2026
55,2142,Colgate,Patriot,2026,198723,5314478,Charlie Pugh,Charlie,Pugh,5.0,Guard,76.0,190.0,Greenwood Village,CO,,,2026,2026
55,2142,Colgate,Patriot,2026,6659,5241633,Ben Tweedy,Ben,Tweedy,6.0,Guard,76.0,185.0,Rockhampton,QLD,,,2026,2026
111,107,Holy Cross,Patriot,2026,5401,5176062,Joe Nugent,Joe,Nugent,30.0,Forward,78.0,210.0,Berkley,MA,,,2024,2026
111,107,Holy Cross,Patriot,2026,5402,5143603,Gabe Warren,Gabe,Warren,21.0,Forward,78.0,214.0,Plano,TX,,,2025,2026
111,107,Holy Cross,Patriot,2026,5405,5242942,Tyler Boston,Tyler,Boston,0.0,Guard,72.0,185.0,Severn,MD,,,2025,2026
111,107,Holy Cross,Patriot,2026,5407,5242945,Aidan Richard,Aidan,Richard,23.0,Forward,78.0,200.0,San Antonio,TX,,,2025,2026
111,107,Holy Cross,Patriot,2026,5408,5176063,Declan Ryan,Declan,Ryan,34.0,Forward,80.0,257.0,Buffalo,NY,,,2024,2026
111,107,Holy Cross,Patriot,2026,9807,5252055,John St. Germain III,John,St. Germain III,4.0,Athlete,73.0,192.0,Charlottesville,VA,,,2026,2026
111,107,Holy Cross,Patriot,2026,199579,5314482,Will Aljancic,Will,Aljancic,1.0,Forward,78.0,220.0,Louisville,OH,,,2026,2026
111,107,Holy Cross,Patriot,2026,199582,5314486,Ethan Clark,Ethan,Clark,25.0,Forward,79.0,209.0,Dartmouth,MA,,,2026,2026
111,107,Holy Cross,Patriot,2026,199583,5314484,Aiden Disu,Aiden,Disu,12.0,Forward,79.0,215.0,Buda,TX,,,2026,2026
111,107,Holy Cross,Patriot,2026,199584,5314485,Tim Finau,Tim,Finau,15.0,Forward,83.0,235.0,Dallas,TX,,,2026,2026
111,107,Holy Cross,Patriot,2026,199585,5314483,Jude Haigh,Jude,Haigh,11.0,Guard,77.0,195.0,Altoona,PA,,,2026,2026
111,107,Holy Cross,Patriot,2026,199588,5314487,Austin Mejia,Austin,Mejia,33.0,Guard,75.0,190.0,Wayne,NJ,,,2026,2026
111,107,Holy Cross,Patriot,2026,5410,5176058,DeAndre Williams,DeAndre,Williams,2.0,Guard,75.0,195.0,Beacon,NY,,,2024,2026
111,107,Holy Cross,Patriot,2026,5411,5105674,Jaden Kirkwood,Jaden,Kirkwood,5.0,Guard,77.0,232.0,Ottawa,ON,,,2023,2026
111,107,Holy Cross,Patriot,2026,5412,5242944,Chuck Hare,Chuck,Hare,22.0,Forward,82.0,235.0,Shelton,CT,,,2025,2026
111,107,Holy Cross,Patriot,2026,5415,5105673,Ben Capron,Ben,Capron,3.0,Guard,72.0,168.0,Phillipsburg,NJ,,,2023,2026
141,2329,Lehigh,Patriot,2026,5433,5243042,Hank Alvey,Hank,Alvey,35.0,Forward,81.0,251.0,Mapleton,IL,,,2025,2026
141,2329,Lehigh,Patriot,2026,5438,5243040,Alfredo Addesa,Alfredo,Addesa,15.0,Forward,82.0,235.0,Monza,ITA,,,2025,2026
141,2329,Lehigh,Patriot,2026,5439,5243039,Edouard Benoit,Edouard,Benoit,5.0,Forward,80.0,207.0,Montreal,PQ,,,2025,2026
141,2329,Lehigh,Patriot,2026,5440,5176078,Jake Pike,Jake,Pike,21.0,Forward,80.0,210.0,Houston,TX,,,2024,2026
141,2329,Lehigh,Patriot,2026,5441,5105685,Tommy Conniff,Tommy,Conniff,44.0,Center,83.0,260.0,Summit,NJ,,,2023,2026
141,2329,Lehigh,Patriot,2026,5442,5243041,Peter Kramer,Peter,Kramer,25.0,Guard,77.0,196.0,Allison Park,PA,,,2025,2026
141,2329,Lehigh,Patriot,2026,5443,5176077,Joshua Ingram,Joshua,Ingram,4.0,Guard,76.0,176.0,Fords,NJ,,,2024,2026
141,2329,Lehigh,Patriot,2026,5444,5176076,Nasir Whitlock,Nasir,Whitlock,1.0,Guard,74.0,184.0,Brooklyn Park,MN,,,2024,2026
141,2329,Lehigh,Patriot,2026,5445,5105682,Brendan Reed,Brendan,Reed,11.0,Guard,72.0,161.0,Bethlehem,PA,,,2023,2026
141,2329,Lehigh,Patriot,2026,5446,5105683,Bube Momah,Bube,Momah,23.0,Forward,80.0,240.0,Unionville,CT,,,2023,2026
141,2329,Lehigh,Patriot,2026,5447,5105684,Henri Adiassa,Henri,Adiassa,32.0,Center,83.0,240.0,Yaounde,CMR,,,2023,2026
141,2329,Lehigh,Patriot,2026,200018,5314504,Caesar Burrows,Caesar,Burrows,2.0,Guard,75.0,177.0,Marietta,GA,,,2026,2026
141,2329,Lehigh,Patriot,2026,200025,5314505,Caleb Thomas,Caleb,Thomas,10.0,Guard,70.0,157.0,Atlanta,GA,,,2026,2026
141,2329,Lehigh,Patriot,2026,200026,5314503,Andrew Urosevic,Andrew,Urosevic,0.0,Guard,75.0,195.0,Kitchener,ON,,,2026,2026
141,2329,Lehigh,Patriot,2026,200027,5314506,Jalen Vazquez,Jalen,Vazquez,31.0,Guard,75.0,170.0,Carson,CA,,,2026,2026
187,2426,Navy,Patriot,2026,3492,5176087,Donovan Draper,Donovan,Draper,11.0,Forward,78.0,207.0,West Palm Beach,FL,,,2024,2026
187,2426,Navy,Patriot,2026,3493,5105698,Aidan Kehoe,Aidan,Kehoe,99.0,Center,83.0,246.0,Montvale,NJ,,,2023,2026
187,2426,Navy,Patriot,2026,3494,5176091,Jordan Pennick,Jordan,Pennick,21.0,Guard,72.0,195.0,Reisterstown,MD,,,2024,2026
187,2426,Navy,Patriot,2026,3495,5105691,Austin Benigni,Austin,Benigni,1.0,Guard,71.0,171.0,The Woodlands,TX,,,2023,2026
187,2426,Navy,Patriot,2026,3497,5105694,Mike Woods,Mike,Woods,30.0,Forward,76.0,211.0,Upper Marlboro,MD,,,2023,2026
187,2426,Navy,Patriot,2026,3500,5176086,Jinwoo Kim,Jinwoo,Kim,10.0,Guard,75.0,195.0,Overland Park,KS,,,2024,2026
187,2426,Navy,Patriot,2026,3501,5176084,Cam Cole,Cam,Cole,2.0,Guard,74.0,173.0,Bristow,VA,,,2024,2026
187,2426,Navy,Patriot,2026,3502,5105695,Sam Krist,Sam,Krist,8.0,Guard,77.0,190.0,Rockford,MI,,,2023,2026
187,2426,Navy,Patriot,2026,3503,5242962,Owen Gray,Owen,Gray,77.0,Forward,81.0,226.0,Rockville,VA,,,2025,2026
187,2426,Navy,Patriot,2026,3504,5242961,Cooper Jackson,Cooper,Jackson,42.0,Forward,79.0,228.0,Lewisville,NC,,,2025,2026
187,2426,Navy,Patriot,2026,3505,5242960,Tobi Raji,Tobi,Raji,33.0,Forward,79.0,214.0,Greenbelt,MD,,,2025,2026
187,2426,Navy,Patriot,2026,3509,5176085,Reiss Whitaker,Reiss,Whitaker,9.0,Forward,79.0,211.0,Haymarket,VA,,,2024,2026
187,2426,Navy,Patriot,2026,3510,5242959,David Burnett,David,Burnett,7.0,Guard,76.0,200.0,Flowery Branch,GA,,,2025,2026
187,2426,Navy,Patriot,2026,3511,5242957,Davyn de Jongh,Davyn,de Jongh,18.0,Guard,73.0,170.0,New York,NY,,,2025,2026
187,2426,Navy,Patriot,2026,3512,5242956,Julien King,Julien,King,16.0,Guard,74.0,199.0,Garner,NC,,,2025,2026
187,2426,Navy,Patriot,2026,3513,5176094,Nyles Howard,Nyles,Howard,0.0,Guard,76.0,191.0,Concord,NC,,,2024,2026
187,2426,Navy,Patriot,2026,3514,5176093,Julian Gabbidon,Julian,Gabbidon,3.0,Guard,75.0,195.0,Harrisburg,PA,,,2024,2026
187,2426,Navy,Patriot,2026,3515,5105693,Cam Cormany,Cam,Cormany,14.0,Guard,72.0,183.0,Radford,VA,,,2023,2026
187,2426,Navy,Patriot,2026,200748,5314521,Jerry Ashley Jr.,Jerry,Ashley Jr.,25.0,Forward,80.0,225.0,Cape Coral,FL,,,2026,2026
187,2426,Navy,Patriot,2026,200756,5314518,Matt Gaffney,Matt,Gaffney,20.0,Guard,71.0,170.0,Wakefield,MA,,,2026,2026
187,2426,Navy,Patriot,2026,200760,5314524,C.J. Kearns,C.J.,Kearns,40.0,Forward,80.0,215.0,Rockledge,FL,,,2026,2026
187,2426,Navy,Patriot,2026,200765,5314522,Jordan McConnell,Jordan,McConnell,32.0,Center,82.0,235.0,Hanover,NH,,,2026,2026
187,2426,Navy,Patriot,2026,200766,5314520,Steven McLeod,Steven,McLeod,24.0,Guard,73.0,181.0,Durham,NC,,,2026,2026
187,2426,Navy,Patriot,2026,200767,5314523,Luke Morgan,Luke,Morgan,35.0,Forward,80.0,200.0,Asheboro,NC,,,2026,2026
187,2426,Navy,Patriot,2026,200769,5314519,Colin Pollock,Colin,Pollock,22.0,Forward,80.0,215.0,Ashburn,VA,,,2026,2026
138,322,Lafayette,Patriot,2026,5339,5176068,Joshua Wyche,Joshua,Wyche,23.0,Forward,79.0,215.0,Philadelphia,PA,,,2024,2026
138,322,Lafayette,Patriot,2026,5340,4701168,Justin Vander Baan,Justin,Vander Baan,15.0,Center,84.0,240.0,Northbridge,MA,,,2023,2026
138,322,Lafayette,Patriot,2026,5341,5176065,Mark Butler,Mark,Butler,10.0,Guard,70.0,170.0,Philadelphia,PA,,,2024,2026
138,322,Lafayette,Patriot,2026,5342,5105678,Ryan Pettit,Ryan,Pettit,0.0,Guard,74.0,185.0,Westfield,NJ,,,2023,2026
138,322,Lafayette,Patriot,2026,5344,4873186,Malik Rasul,Malik,Rasul,14.0,Forward,79.0,200.0,Tucson,AZ,,,2025,2026
138,322,Lafayette,Patriot,2026,5345,5176066,Misha Bednostin,Misha,Bednostin,13.0,Center,83.0,245.0,Dillsburg,PA,,,2024,2026
138,322,Lafayette,Patriot,2026,5347,5243035,Caleb Williams,Caleb,Williams,1.0,Guard,72.0,165.0,Jacksonville,FL,,,2025,2026
138,322,Lafayette,Patriot,2026,5348,5176067,Andrew Phillips,Andrew,Phillips,21.0,Guard,76.0,210.0,Chester Springs,PA,,,2024,2026
138,322,Lafayette,Patriot,2026,5349,4898292,Luka Savicevic,Luka,Savicevic,99.0,Guard,75.0,180.0,Skopje,MKD,,,2024,2026
138,322,Lafayette,Patriot,2026,5350,4433589,TJ Berger,TJ,Berger,9.0,Guard,76.0,185.0,Malvern,PA,,,2023,2026
138,322,Lafayette,Patriot,2026,5351,4897903,Chris Rubayo,Chris,Rubayo,22.0,Forward,82.0,235.0,Skillman,NJ,,,2022,2026
138,322,Lafayette,Patriot,2026,5352,5243037,Folabomi Fayemi,Folabomi,Fayemi,24.0,Guard,76.0,205.0,Houston,TX,,,2025,2026
138,322,Lafayette,Patriot,2026,211610,5323981,Shareef Jackson,Shareef,Jackson,44.0,Forward,80.0,255.0,Philadelphia,PA,,,2026,2026
138,322,Lafayette,Patriot,2026,211612,5323979,Christian Humphrey-Rembert,Christian,Humphrey-Rembert,22.0,Forward,,,Grand Rapids,MI,,,2026,2026
138,322,Lafayette,Patriot,2026,211614,5144158,Luke Bevilacqua,Luke,Bevilacqua,34.0,Forward,83.0,235.0,Newfield,NJ,,,2026,2026
138,322,Lafayette,Patriot,2026,211615,5323978,Kai Murdock,Kai,Murdock,2.0,Guard,78.0,195.0,Mount Pleasant,SC,,,2026,2026
138,322,Lafayette,Patriot,2026,211617,5323976,Luke Azzinaro,Luke,Azzinaro,11.0,Forward,77.0,185.0,Chatham,NJ,,,2026,2026
138,322,Lafayette,Patriot,2026,211618,5323980,Beckett Currie,Beckett,Currie,3.0,Guard,71.0,160.0,Camas,WA,,,2026,2026
138,322,Lafayette,Patriot,2026,211620,5323977,Ashton Wallace,Ashton,Wallace,20.0,Guard,75.0,190.0,Cedar Hills,UT,,,2026,2026
15,349,Army,Patriot,2026,4779,5176030,Ryan Curry,Ryan,Curry,2.0,Guard,72.0,180.0,Montgomery,NJ,,,2024,2026
15,349,Army,Patriot,2026,4782,5243043,Jacen Holloway,Jacen,Holloway,10.0,Forward,76.0,225.0,Schwenksville,PA,,,2025,2026
15,349,Army,Patriot,2026,4783,5176034,Tate Laczkowski,Tate,Laczkowski,32.0,Forward,80.0,205.0,Dallas,TX,,,2024,2026
15,349,Army,Patriot,2026,4784,5108810,Jorn Everson,Jorn,Everson,54.0,Forward,80.0,205.0,Williston,ND,,,2023,2026
15,349,Army,Patriot,2026,4787,5243051,Nnaemeka Ikechi,Nnaemeka,Ikechi,34.0,Forward,79.0,230.0,Warren,MI,,,2025,2026
15,349,Army,Patriot,2026,4788,5243050,Dylan Murans,Dylan,Murans,12.0,Forward,79.0,190.0,Carmel,IN,,,2025,2026
15,349,Army,Patriot,2026,4789,5243044,Joshua Eli,Joshua,Eli,5.0,Forward,78.0,210.0,Woodbury,NJ,,,2025,2026
15,349,Army,Patriot,2026,4790,5108812,Chanse Perkins,Chanse,Perkins,15.0,Forward,76.0,220.0,Houston,TX,,,2023,2026
15,349,Army,Patriot,2026,4794,5243049,Jaxson Bell,Jaxson,Bell,4.0,Guard,75.0,210.0,Indianapolis,IN,,,2025,2026
15,349,Army,Patriot,2026,4795,5243048,Dayon Polk,Dayon,Polk,0.0,Guard,72.0,175.0,Wilmington,DE,,,2025,2026
15,349,Army,Patriot,2026,4796,5243047,Alex Engro,Alex,Engro,24.0,Guard,74.0,190.0,Glenview,IL,,,2025,2026
15,349,Army,Patriot,2026,4797,5243046,Brendon O'Keefe,Brendon,O'Keefe,14.0,Guard,70.0,180.0,New Rochelle,NY,,,2025,2026
15,349,Army,Patriot,2026,4798,5243045,Kevin McCarthy,Kevin,McCarthy,22.0,Guard,76.0,185.0,West Chester,PA,,,2025,2026
15,349,Army,Patriot,2026,4799,5108813,Jackson Mayo,Jackson,Mayo,21.0,Guard,72.0,185.0,Mililani,HI,,,2023,2026
15,349,Army,Patriot,2026,198074,5314458,Dylan Benner,Dylan,Benner,23.0,Forward,79.0,227.0,Ventura,CA,,,2026,2026
15,349,Army,Patriot,2026,198079,5314456,Jackson Furman,Jackson,Furman,1.0,Guard,75.0,170.0,Upper Marlboro,MD,,,2026,2026
15,349,Army,Patriot,2026,198080,5314459,Jahaan Green,Jahaan,Green,25.0,Guard,77.0,170.0,Swedesboro,NJ,,,2026,2026
15,349,Army,Patriot,2026,198090,5314457,Dillon Watt,Dillon,Watt,13.0,Guard,71.0,160.0,Plano,TX,,,2026,2026
8,44,American University,Patriot,2026,3532,5176029,Matt Mayock,Matt,Mayock,33.0,Forward,79.0,191.0,Berwyn,PA,,,2024,2026
8,44,American University,Patriot,2026,197942,5314447,Jack Anderson,Jack,Anderson,8.0,Guard,76.0,185.0,San Jose,CA,,,2026,2026
8,44,American University,Patriot,2026,197943,5314450,Luke Brown,Luke,Brown,16.0,Forward,81.0,200.0,Greenville,DE,,,2026,2026
8,44,American University,Patriot,2026,197944,5314448,Matthew Casey,Matthew,Casey,9.0,Guard,76.0,180.0,Miami,FL,,,2026,2026
8,44,American University,Patriot,2026,197946,5314444,Madden Collins,Madden,Collins,2.0,Guard,77.0,180.0,Columbia,SC,,,2026,2026
8,44,American University,Patriot,2026,197947,5314451,Chris Eagan,Chris,Eagan,35.0,Forward,80.0,220.0,Charlotte,NC,,,2026,2026
8,44,American University,Patriot,2026,197948,5314445,Dean Hogans,Dean,Hogans,3.0,Guard,76.0,205.0,White Plains,NY,,,2026,2026
8,44,American University,Patriot,2026,197953,5314449,Carson McDonald,Carson,McDonald,13.0,Forward,81.0,220.0,Denver,CO,,,2026,2026
8,44,American University,Patriot,2026,197957,5236228,Kamran Prince,Kamran,Prince,1.0,Guard,75.0,180.0,Goldsboro,NC,,,2026,2026
8,44,American University,Patriot,2026,197959,5314446,Kade Sebastian,Kade,Sebastian,4.0,Guard,76.0,180.0,Fairfax,VA,,,2026,2026
8,44,American University,Patriot,2026,3533,5176028,Greg Jones,Greg,Jones,23.0,Forward,78.0,195.0,Alexandria,VA,,,2024,2026
8,44,American University,Patriot,2026,3535,5105660,Geoff Sprouse,Geoff,Sprouse,12.0,Guard,73.0,175.0,Pembroke Pines,FL,,,2023,2026
8,44,American University,Patriot,2026,3537,5242761,Julen Iturbe,Julen,Iturbe,32.0,Forward,79.0,225.0,Greenville,SC,,,2025,2026
8,44,American University,Patriot,2026,3538,5242760,Eric Michaels,Eric,Michaels,25.0,Forward,81.0,247.0,Poughkeepsie,NY,,,2025,2026
8,44,American University,Patriot,2026,3539,5242758,Wyatt Nausadis,Wyatt,Nausadis,7.0,Guard,76.0,200.0,Traverse City,MI,,,2025,2026
8,44,American University,Patriot,2026,3541,5176027,Noah Jones,Noah,Jones,21.0,Forward,78.0,200.0,Manchester,MD,,,2024,2026
8,44,American University,Patriot,2026,3542,5176026,Gibraltar Coleman,Gibraltar,Coleman,14.0,Forward,78.0,225.0,Lorton,VA,,,2024,2026
8,44,American University,Patriot,2026,3544,5242759,Shane O'Reilly,Shane,O'Reilly,22.0,Guard,75.0,190.0,Moraga,CA,,,2025,2026
8,44,American University,Patriot,2026,3547,5105280,Adrian Samuels,Adrian,Samuels,10.0,Guard,77.0,180.0,Nashville,TN,,,2024,2026
27,104,Boston University,Patriot,2026,198254,5314462,Andrew Bhesania,Andrew,Bhesania,15.0,Forward,81.0,205.0,Phoenix,AZ,,,2026,2026
27,104,Boston University,Patriot,2026,5711,5238191,Peter Carr,Peter,Carr,8.0,Guard,77.0,205.0,West Chester,PA,,,2026,2026
27,104,Boston University,Patriot,2026,198258,5314461,Sam Hughes,Sam,Hughes,6.0,Forward,78.0,205.0,Brookline,MA,,,2026,2026
27,104,Boston University,Patriot,2026,198265,5314463,Donte Tisinger Jr.,Donte,Tisinger Jr.,21.0,Guard,75.0,190.0,Johnstown,PA,,,2026,2026
27,104,Boston University,Patriot,2026,203653,5314460,Chance Gladden,Chance,Gladden,2.0,Guard,76.0,185.0,Raleigh,NC,,,2026,2026
27,104,Boston University,Patriot,2026,3981,4684448,Malcolm Chimezie,Malcolm,Chimezie,3.0,Forward,80.0,220.0,Yonkers,NY,,,2022,2026
27,104,Boston University,Patriot,2026,3982,5176039,Michael McNair,Michael,McNair,20.0,Guard,77.0,185.0,Temecula,CA,,,2024,2026
27,104,Boston University,Patriot,2026,3983,5176037,Kyrone Alexander,Kyrone,Alexander,5.0,Guard,77.0,200.0,Bridgetown,BAR,,,2024,2026
27,104,Boston University,Patriot,2026,3984,5176036,Ethan Okwuosa,Ethan,Okwuosa,1.0,Guard,75.0,195.0,North Haven,CT,,,2024,2026
27,104,Boston University,Patriot,2026,3986,5242765,Ben Defty,Ben,Defty,14.0,Forward,84.0,255.0,Berlin,GER,,,2025,2026
27,104,Boston University,Patriot,2026,3987,5176175,Quinn Nielsen,Quinn,Nielsen,32.0,Forward,83.0,250.0,Hingham,MA,,,2025,2026
27,104,Boston University,Patriot,2026,3988,5176035,Matai Baptiste,Matai,Baptiste,0.0,Forward,79.0,215.0,Toronto,ON,,,2024,2026
27,104,Boston University,Patriot,2026,3989,5242764,Azmar Abdullah,Azmar,Abdullah,7.0,Guard,75.0,180.0,Cranston,RI,,,2025,2026
27,104,Boston University,Patriot,2026,3990,5105665,Ben Roy,Ben,Roy,30.0,Guard,72.0,170.0,Spring Lake Heights,NJ,,,2023,2026
27,104,Boston University,Patriot,2026,3991,5105666,Otto Landrum,Otto,Landrum,41.0,Forward,81.0,215.0,San Diego,CA,,,2023,2026
27,104,Boston University,Patriot,2026,3993,5176040,Spencer Joyner,Spencer,Joyner,25.0,Guard,76.0,195.0,Hackensack,NJ,,,2024,2026
152,2352,Loyola Maryland,Patriot,2026,2407,5242964,Braeden Speed,Braeden,Speed,0.0,Guard,75.0,190.0,Phoenix,AZ,,,2025,2026
152,2352,Loyola Maryland,Patriot,2026,2408,5176286,Jacob Theodosiou,Jacob,Theodosiou,6.0,Guard,76.0,204.0,Waterloo,ON,,,2025,2026
152,2352,Loyola Maryland,Patriot,2026,2409,5176082,Jordan Stiemke,Jordan,Stiemke,3.0,Guard,77.0,213.0,Bel Air,MD,,,2024,2026
152,2352,Loyola Maryland,Patriot,2026,2413,5105689,Tyson Commander,Tyson,Commander,15.0,Guard,76.0,202.0,Belcamp,MD,,,2023,2026
152,2352,Loyola Maryland,Patriot,2026,2414,5105688,Garrett Brennan,Garrett,Brennan,14.0,Guard,76.0,198.0,Reston,VA,,,2023,2026
152,2352,Loyola Maryland,Patriot,2026,2416,5242965,Goap Kodi,Goap,Kodi,8.0,Forward,82.0,225.0,Woodbridge,VA,,,2025,2026
152,2352,Loyola Maryland,Patriot,2026,2417,5242966,Ben Menker,Ben,Menker,13.0,Guard,77.0,202.0,Mason,OH,,,2025,2026
152,2352,Loyola Maryland,Patriot,2026,2419,5198359,Peter Sposito,Peter,Sposito,5.0,Guard,74.0,185.0,Glastonbury,CT,,,2024,2026
152,2352,Loyola Maryland,Patriot,2026,2421,5176081,Troy Cicero Jr.,Troy,Cicero Jr.,2.0,Guard,74.0,185.0,Joliet,IL,,,2024,2026
152,2352,Loyola Maryland,Patriot,2026,6820,5247862,Sam Springer,Sam,Springer,22.0,Forward,79.0,223.0,Cleveland,OH,,,2026,2026
152,2352,Loyola Maryland,Patriot,2026,200216,5314516,Emmett Adair,Emmett,Adair,18.0,Forward,81.0,230.0,Sydney,NSW,,,2026,2026
152,2352,Loyola Maryland,Patriot,2026,200217,5314515,Everett Barnes,Everett,Barnes,17.0,Forward,81.0,240.0,Burlington,NJ,,,2026,2026
152,2352,Loyola Maryland,Patriot,2026,200218,5314513,Carter Berg-McLean,Carter,Berg-McLean,1.0,Guard,76.0,197.0,Wellington,NZL,,,2026,2026
152,2352,Loyola Maryland,Patriot,2026,200222,5314517,Sebastien Emenalo,Sebastien,Emenalo,24.0,Guard,78.0,195.0,Walton-on-thames,ENG,,,2026,2026
152,2352,Loyola Maryland,Patriot,2026,3032,5176285,Jonas Sirtautas,Jonas,Sirtautas,7.0,Forward,82.0,205.0,Kaunas,LTU,,,2026,2026
135,96,Kentucky,SEC,2026,562,5106270,Otega Oweh,Otega,Oweh,0.0,Guard,76.0,220.0,Newark,NJ,,,2025,2026
135,96,Kentucky,SEC,2026,565,5175592,Trent Noah,Trent,Noah,9.0,Forward,77.0,220.0,Harlan,KY,,,2025,2026
135,96,Kentucky,SEC,2026,567,4711306,Brandon Garrison,Brandon,Garrison,10.0,Forward,82.0,245.0,Oklahoma City,OK,,,2025,2026
135,96,Kentucky,SEC,2026,568,5238207,Collin Chandler,Collin,Chandler,5.0,Guard,77.0,205.0,Farmington,UT,,,2025,2026
135,96,Kentucky,SEC,2026,569,5105283,Walker Horn,Walker,Horn,11.0,Guard,75.0,190.0,Austin,TX,,,2023,2026
135,96,Kentucky,SEC,2026,9942,5252266,Zach Tow,Zach,Tow,20.0,Forward,77.0,220.0,Madisonville,KY,,,2025,2026
135,96,Kentucky,SEC,2026,88,4895780,Mouhamed Dioubate,Mouhamed,Dioubate,23.0,Forward,79.0,220.0,Queens,NY,,,2026,2026
135,96,Kentucky,SEC,2026,7639,5101845,Jayden Quaintance,Jayden,Quaintance,21.0,Forward,82.0,255.0,Cleveland,OH,,,2026,2026
135,96,Kentucky,SEC,2026,503,5105527,Denzel Aberdeen,Denzel,Aberdeen,1.0,Guard,77.0,195.0,Orlando,FL,,,2026,2026
135,96,Kentucky,SEC,2026,1345,5176217,Reece Potter,Reece,Potter,33.0,Center,85.0,230.0,Lexington,KY,,,2026,2026
135,96,Kentucky,SEC,2026,3904,4873183,Kam Williams,Kam,Williams,3.0,Guard,80.0,205.0,Lafayette,LA,,,2026,2026
135,96,Kentucky,SEC,2026,199958,5101820,Braydon Hawthorne,Braydon,Hawthorne,22.0,Forward,80.0,190.0,Beckley,WV,,,2026,2026
135,96,Kentucky,SEC,2026,199960,5281347,Andrija Jelavić,Andrija,Jelavić,4.0,Forward,83.0,225.0,Zagreb,CRO,,,2026,2026
135,96,Kentucky,SEC,2026,199961,5095153,Jasper Johnson,Jasper,Johnson,2.0,Guard,77.0,180.0,Lexington,KY,,,2026,2026
135,96,Kentucky,SEC,2026,199963,5101849,Malachi Moreno,Malachi,Moreno,24.0,Center,84.0,250.0,Georgetown,KY,,,2026,2026
135,96,Kentucky,SEC,2026,3044,4684270,Jaland Lowe,Jaland,Lowe,15.0,Guard,73.0,170.0,Missouri City,TX,,,2026,2026
5,333,Alabama,SEC,2026,85,4873090,Labaron Philon Jr.,Labaron,Philon Jr.,0.0,Guard,76.0,185.0,Mobile,AL,,,2025,2026
5,333,Alabama,SEC,2026,89,4873184,Aiden Sherrell,Aiden,Sherrell,22.0,Forward,82.0,255.0,Detroit,MI,,,2025,2026
5,333,Alabama,SEC,2026,91,4702484,Latrell Wrightsell,Latrell,Wrightsell,3.0,Guard,75.0,195.0,Omaha,NE,,,2024,2026
5,333,Alabama,SEC,2026,92,4684276,Aden Holloway,Aden,Holloway,2.0,Guard,73.0,180.0,Charlotte,NC,,,2025,2026
5,333,Alabama,SEC,2026,94,4709141,Houston Mallette,Houston,Mallette,95.0,Guard,77.0,202.0,Alameda,CA,,,2025,2026
5,333,Alabama,SEC,2026,197881,5101833,Amari Allen,Amari,Allen,5.0,Forward,80.0,205.0,Green Bay,WI,,,2026,2026
5,333,Alabama,SEC,2026,3111,4685658,Taylor Bol Bowen,Taylor,Bol Bowen,7.0,Forward,82.0,202.0,Jericho,VT,,,2026,2026
5,333,Alabama,SEC,2026,197885,5101805,Davion Hannah,Davion,Hannah,4.0,Guard,78.0,190.0,Milwaukee,WI,,,2026,2026
5,333,Alabama,SEC,2026,197887,5144139,London Jemison,London,Jemison,6.0,Forward,80.0,205.0,Bloomfield,CT,,,2026,2026
5,333,Alabama,SEC,2026,16301,4433289,Preston Murphy Jr.,Preston,Murphy Jr.,11.0,Guard,73.0,180.0,Barrington,RI,,,2026,2026
5,333,Alabama,SEC,2026,197892,5311499,Collins Onyejiaka,Collins,Onyejiaka,34.0,Center,83.0,265.0,Abuja,NGR,,,2026,2026
5,333,Alabama,SEC,2026,1307,5105668,Noah Williamson,Noah,Williamson,15.0,Center,84.0,255.0,Riga,LAT,,,2026,2026
5,333,Alabama,SEC,2026,3081,5101656,Jalil Bethea,Jalil,Bethea,1.0,Guard,77.0,190.0,Philadelphia,PA,,,2026,2026
5,333,Alabama,SEC,2026,6139,5241440,Keitenn Bristow,Keitenn,Bristow,10.0,Forward,82.0,205.0,Holliday,TX,,,2026,2026
5,333,Alabama,SEC,2026,211884,5325011,Jacob Martin,Jacob,Martin,25.0,Forward,,,,,,,2026,2026
5,333,Alabama,SEC,2026,211885,5325014,Jack Fagan,Jack,Fagan,31.0,Guard,,,,,,,2026,2026
5,333,Alabama,SEC,2026,211886,5325013,Klark James,Klark,James,30.0,Guard,,,,,,,2026,2026
292,2633,Tennessee,SEC,2026,302,5105841,Felix Okpara,Felix,Okpara,34.0,Forward,83.0,242.0,Lagos,NGR,,,2025,2026
292,2633,Tennessee,SEC,2026,307,5093142,J.P. Estrella,J.P.,Estrella,13.0,Forward,83.0,240.0,Scarborough,ME,,,2024,2026
292,2633,Tennessee,SEC,2026,308,4848640,Cade Phillips,Cade,Phillips,12.0,Forward,81.0,221.0,Jacksonville,AL,,,2024,2026
292,2633,Tennessee,SEC,2026,311,5238229,Campbell Duncan,Campbell,Duncan,21.0,Guard,78.0,205.0,Austin,TX,,,2025,2026
292,2633,Tennessee,SEC,2026,312,5238228,Gavin Paull,Gavin,Paull,11.0,Guard,71.0,160.0,Austin,TX,,,2025,2026
292,2633,Tennessee,SEC,2026,314,5101648,Bishop Boswell,Bishop,Boswell,3.0,Guard,76.0,204.0,Charlotte,NC,,,2025,2026
292,2633,Tennessee,SEC,2026,315,4897332,Grant Hurst,Grant,Hurst,7.0,Guard,74.0,205.0,Cleveland,TN,,,2024,2026
292,2633,Tennessee,SEC,2026,3290,5107968,Ja'Kobi Gillespie,Ja'Kobi,Gillespie,0.0,Guard,73.0,188.0,Greeneville,TN,,,2026,2026
292,2633,Tennessee,SEC,2026,3634,5105544,Amaree Abram,Amaree,Abram,77.0,Guard,75.0,200.0,Port Arthur,TX,,,2026,2026
292,2633,Tennessee,SEC,2026,4561,4685687,Jaylen Carey,Jaylen,Carey,23.0,Forward,80.0,267.0,Southwest Ranches,FL,,,2026,2026
292,2633,Tennessee,SEC,2026,202445,5164559,Nate Ament,Nate,Ament,10.0,Forward,82.0,207.0,Manassas,VA,,,2026,2026
292,2633,Tennessee,SEC,2026,202447,5142710,DeWayne Brown II,DeWayne,Brown II,6.0,Forward,80.0,251.0,Hoover,AL,,,2026,2026
292,2633,Tennessee,SEC,2026,202448,5311527,Ethan Burg,Ethan,Burg,35.0,Guard,75.0,199.0,Mishmar HaShiv'a,ISR,,,2026,2026
292,2633,Tennessee,SEC,2026,202452,5196914,Amari Evans,Amari,Evans,1.0,Guard,77.0,220.0,Pittsburgh,PA,,,2026,2026
292,2633,Tennessee,SEC,2026,202455,5311526,Troy Henderson,Troy,Henderson,24.0,Guard,73.0,186.0,Richmond,VA,,,2026,2026
292,2633,Tennessee,SEC,2026,202457,5196942,Clarence Massamba,Clarence,Massamba,4.0,Guard,77.0,192.0,Paris,FRA,,,2026,2026
87,57,Florida,SEC,2026,496,5174657,Alex Condon,Alex,Condon,21.0,Forward,83.0,230.0,Perth,WA,,,2024,2026
87,57,Florida,SEC,2026,497,5174971,Rueben Chinyelu,Rueben,Chinyelu,9.0,Center,82.0,265.0,Enugu,NGR,,,2025,2026
87,57,Florida,SEC,2026,502,5080489,Thomas Haugh,Thomas,Haugh,10.0,Forward,81.0,215.0,New Oxford,PA,,,2024,2026
87,57,Florida,SEC,2026,504,5238201,Viktor Mikic,Viktor,Mikic,12.0,Center,83.0,260.0,Beograd,SER,,,2025,2026
87,57,Florida,SEC,2026,505,5184753,Olivier Rioux,Olivier,Rioux,32.0,Center,93.0,305.0,Terrebonne,PQ,,,2025,2026
87,57,Florida,SEC,2026,506,5108992,Micah Handlogten,Micah,Handlogten,3.0,Center,85.0,260.0,Lake Norman,NC,,,2024,2026
87,57,Florida,SEC,2026,507,5238200,Urban Klavzar,Urban,Klavzar,7.0,Guard,73.0,195.0,Domzale,SLO,,,2025,2026
87,57,Florida,SEC,2026,509,5174660,Cooper Josefsberg,Cooper,Josefsberg,33.0,Guard,76.0,195.0,Miami,FL,,,2024,2026
87,57,Florida,SEC,2026,512,5144372,Isaiah Brown,Isaiah,Brown,20.0,Guard,76.0,210.0,Orlando,FL,,,2025,2026
87,57,Florida,SEC,2026,199185,5217184,CJ Ingram,CJ,Ingram,11.0,Guard,78.0,205.0,Hawthorne,FL,,,2026,2026
87,57,Florida,SEC,2026,3386,5107169,Xaivian Lee,Xaivian,Lee,1.0,Guard,76.0,180.0,Toronto,ON,,,2026,2026
87,57,Florida,SEC,2026,199190,5041948,Alex Lloyd,Alex,Lloyd,4.0,Guard,75.0,180.0,Miami,FL,,,2026,2026
87,57,Florida,SEC,2026,7822,5238195,Boogie Fland,Boogie,Fland,0.0,Guard,75.0,185.0,Bronx,NY,,,2026,2026
87,57,Florida,SEC,2026,2550,5108014,AJ Brown,AJ,Brown,23.0,Guard,76.0,210.0,Orlando,FL,,,2026,2026
87,57,Florida,SEC,2026,7748,5175405,Alex Kovatchev,Alex,Kovatchev,8.0,Guard,77.0,190.0,Perth,WA,,,2026,2026
336,238,Vanderbilt,SEC,2026,4555,4791227,Devin McGlockton,Devin,McGlockton,99.0,Forward,79.0,230.0,Cumming,GA,,,2025,2026
336,238,Vanderbilt,SEC,2026,4556,4838721,Tyler Nickel,Tyler,Nickel,5.0,Guard,79.0,220.0,Harrisonburg,VA,,,2025,2026
336,238,Vanderbilt,SEC,2026,4562,5187600,Tyler Tanner,Tyler,Tanner,3.0,Guard,72.0,173.0,Brentwood,TN,,,2025,2026
336,238,Vanderbilt,SEC,2026,4563,5174287,Coleson Messer,Coleson,Messer,15.0,Guard,76.0,210.0,Dallas,TX,,,2024,2026
336,238,Vanderbilt,SEC,2026,4565,5105281,Miles Keeffe,Miles,Keeffe,25.0,Guard,77.0,200.0,Novato,CA,,,2023,2026
336,238,Vanderbilt,SEC,2026,235,4433625,Jalen Washington,Jalen,Washington,13.0,Forward,82.0,240.0,Gary,IN,,,2026,2026
336,238,Vanderbilt,SEC,2026,2368,5114350,AK Okereke,AK,Okereke,10.0,Forward,79.0,244.0,Clovis,CA,,,2026,2026
336,238,Vanderbilt,SEC,2026,1562,5239784,George Kimble III,George,Kimble III,,Guard,74.0,184.0,Tampa,FL,,,2026,2026
336,238,Vanderbilt,SEC,2026,2866,4684164,Mike James,Mike,James,0.0,Guard,77.0,198.0,Orlando,FL,,,2026,2026
336,238,Vanderbilt,SEC,2026,6235,4702049,Duke Miles,Duke,Miles,2.0,Guard,74.0,180.0,Montgomery,AL,,,2026,2026
336,238,Vanderbilt,SEC,2026,7782,5176497,Tyler Harris,Tyler,Harris,8.0,Guard,79.0,202.0,Hayward,CA,,,2026,2026
336,238,Vanderbilt,SEC,2026,792,5106670,Mason Nicholson,Mason,Nicholson,50.0,Center,81.0,307.0,Gary,IN,,,2026,2026
336,238,Vanderbilt,SEC,2026,5672,4433616,Frankie Collins,Frankie,Collins,1.0,Guard,73.0,205.0,Sacramento,CA,,,2026,2026
336,238,Vanderbilt,SEC,2026,203124,5311759,Chandler Bing,Chandler,Bing,7.0,Guard,77.0,211.0,Atlanta,GA,,,2026,2026
336,238,Vanderbilt,SEC,2026,203126,5221327,Jaylon Dean-Vines,Jaylon,Dean-Vines,12.0,Guard,76.0,181.0,Dallas,TX,,,2026,2026
336,238,Vanderbilt,SEC,2026,203132,5254169,Jayden Leverett,Jayden,Leverett,34.0,Center,83.0,245.0,El Paso,TX,,,2026,2026
136,99,LSU,SEC,2026,8320,5105534,Jalen Reed,Jalen,Reed,9.0,Forward,82.0,245.0,Jackson,MS,,,2023,2026
136,99,LSU,SEC,2026,8321,5061596,Robert Miller III,Robert,Miller III,6.0,Forward,82.0,230.0,Houston,TX,,,2025,2026
136,99,LSU,SEC,2026,7847,5239549,Jaden Bobbett,Jaden,Bobbett,14.0,Guard,73.0,190.0,Rye,NH,,,2026,2026
136,99,LSU,SEC,2026,5520,4702000,PJ Carter,PJ,Carter,7.0,Guard,76.0,183.0,Atlanta,GA,,,2026,2026
136,99,LSU,SEC,2026,200250,5311511,Matt Gilhool,Matt,Gilhool,13.0,Forward,83.0,213.0,Elizabethtown,PA,,,2026,2026
136,99,LSU,SEC,2026,8423,5105785,Max Mackinnon,Max,Mackinnon,3.0,Guard,78.0,195.0,Brisbane,QLD,,,2026,2026
136,99,LSU,SEC,2026,200254,5144106,Mazi Mosley,Mazi,Mosley,0.0,Guard,77.0,169.0,Los Angeles,CA,,,2026,2026
136,99,LSU,SEC,2026,200256,5101776,Jalen Reece,Jalen,Reece,2.0,Guard,72.0,185.0,Orlando,FL,,,2026,2026
136,99,LSU,SEC,2026,200261,5311512,Ron Zipper,Ron,Zipper,16.0,Guard,77.0,209.0,Ashkelon,ISR,,,2026,2026
136,99,LSU,SEC,2026,3970,5106715,Rashad King,Rashad,King,4.0,Guard,78.0,217.0,Evans,GA,,,2026,2026
136,99,LSU,SEC,2026,4161,4895795,Mike Nwoko,Mike,Nwoko,1.0,Center,82.0,261.0,Toronto,ON,,,2026,2026
136,99,LSU,SEC,2026,4311,5107264,Marquel Sutton,Marquel,Sutton,10.0,Forward,80.0,225.0,Tulsa,OK,,,2026,2026
136,99,LSU,SEC,2026,7355,4873093,Dedan Thomas Jr.,Dedan,Thomas Jr.,11.0,Guard,73.0,178.0,Las Vegas,NV,,,2026,2026
136,99,LSU,SEC,2026,7760,4897898,Pablo Tamba,Pablo,Tamba,8.0,Forward,79.0,206.0,Malaga,ESP,,,2026,2026
16,2,Auburn,SEC,2026,9,4873089,Tahaad Pettiford,Tahaad,Pettiford,0.0,Guard,73.0,170.0,Jersey City,NJ,,,2025,2026
16,2,Auburn,SEC,2026,12,5238198,Drake Cardwell,Drake,Cardwell,17.0,Guard,77.0,195.0,Augusta,GA,,,2025,2026
16,2,Auburn,SEC,2026,13,5238197,Joah Shay,Joah,Shay,12.0,Guard,66.0,135.0,Winston-Salem,NC,,,2025,2026
16,2,Auburn,SEC,2026,14,5174653,Reed Trapp,Reed,Trapp,22.0,Guard,78.0,180.0,Muscle Shoals,AL,,,2024,2026
16,2,Auburn,SEC,2026,15,5174652,Blake Muschalek,Blake,Muschalek,21.0,Guard,75.0,190.0,Dallas,TX,,,2024,2026
16,2,Auburn,SEC,2026,16,5106287,CJ Williams,CJ,Williams,13.0,Guard,74.0,185.0,DeLand,FL,,,2024,2026
16,2,Auburn,SEC,2026,198091,5311501,Abdul Bashir,Abdul,Bashir,2.0,Guard,79.0,165.0,Omaha,NE,,,2026,2026
16,2,Auburn,SEC,2026,198092,5311504,Jeremiah Bowman,Jeremiah,Bowman,20.0,Guard,79.0,205.0,Glassboro,NJ,,,2026,2026
16,2,Auburn,SEC,2026,198094,5311502,Elyjah Freeman,Elyjah,Freeman,6.0,Guard,80.0,185.0,Palm Beach,FL,,,2026,2026
16,2,Auburn,SEC,2026,198098,5311506,Filip Jović,Filip,Jović,38.0,Forward,80.0,225.0,Bijeljina,BIH,,,2026,2026
16,2,Auburn,SEC,2026,198099,5101808,Kaden Magwood,Kaden,Magwood,5.0,Guard,74.0,175.0,Louisville,KY,,,2026,2026
16,2,Auburn,SEC,2026,198102,5311503,Emeka Opurum,Emeka,Opurum,14.0,Center,84.0,205.0,Lagos,NGR,,,2026,2026
16,2,Auburn,SEC,2026,198104,5311505,Bradley Pearson,Bradley,Pearson,24.0,Guard,73.0,160.0,Auburn,AL,,,2026,2026
16,2,Auburn,SEC,2026,198108,5223184,Simon Walker,Simon,Walker,10.0,Guard,76.0,195.0,Huntsville,AL,,,2026,2026
16,2,Auburn,SEC,2026,198110,5095154,Sebastian Williams-Adams,Sebastian,Williams-Adams,33.0,Forward,80.0,230.0,Houston,TX,,,2026,2026
16,2,Auburn,SEC,2026,334,5075625,Keyshawn Hall,Keyshawn,Hall,7.0,Guard,79.0,240.0,Cleveland,OH,,,2026,2026
16,2,Auburn,SEC,2026,4154,4683756,KeShawn Murphy,KeShawn,Murphy,3.0,Forward,82.0,230.0,Birmingham,AL,,,2026,2026
16,2,Auburn,SEC,2026,7583,5176314,Kevin Overton,Kevin,Overton,1.0,Guard,77.0,200.0,Oklahoma City,OK,,,2026,2026
174,344,Mississippi State,SEC,2026,4157,5105540,Shawn Jones Jr.,Shawn,Jones Jr.,5.0,Guard,78.0,205.0,Houston,TX,,,2023,2026
174,344,Mississippi State,SEC,2026,4158,4895740,Josh Hubbard,Josh,Hubbard,12.0,Guard,72.0,190.0,Madison,MS,,,2024,2026
174,344,Mississippi State,SEC,2026,4162,4685688,Gai Chol,Gai,Chol,34.0,Center,84.0,245.0,Juba,SS,,,2024,2026
174,344,Mississippi State,SEC,2026,4168,4873112,Dellquan Warren,Dellquan,Warren,1.0,Guard,74.0,185.0,Erie,PA,,,2025,2026
174,344,Mississippi State,SEC,2026,7645,4873130,Amier Ali,Amier,Ali,14.0,Guard,80.0,210.0,Dallas,TX,,,2026,2026
174,344,Mississippi State,SEC,2026,8175,5105791,Jayden Epps,Jayden,Epps,10.0,Guard,74.0,190.0,Norfolk,VA,,,2026,2026
174,344,Mississippi State,SEC,2026,7621,5107364,Achor Achor,Achor,Achor,99.0,Guard,81.0,230.0,Melbourne,VIC,,,2026,2026
174,344,Mississippi State,SEC,2026,4636,4683134,Quincy Ballard,Quincy,Ballard,15.0,Center,84.0,260.0,Syracuse,NY,,,2026,2026
174,344,Mississippi State,SEC,2026,200586,5101830,Tee Bartlett,Tee,Bartlett,3.0,Center,83.0,290.0,Los Angeles,CA,,,2026,2026
174,344,Mississippi State,SEC,2026,200588,5220874,Jamarion Davis-Fleming,Jamarion,Davis-Fleming,0.0,Forward,82.0,240.0,Canton,MS,,,2026,2026
174,344,Mississippi State,SEC,2026,200590,5142708,King Grace,King,Grace,23.0,Guard,77.0,195.0,Dallas,TX,,,2026,2026
174,344,Mississippi State,SEC,2026,200593,5311740,Sergej Macura,Sergej,Macura,11.0,Forward,81.0,220.0,Ljubljana,SLO,,,2026,2026
174,344,Mississippi State,SEC,2026,3953,5240392,Ja'Borri McGhee,Ja'Borri,McGhee,2.0,Guard,74.0,200.0,Mccomb,MS,,,2026,2026
174,344,Mississippi State,SEC,2026,200596,5101824,Cameren Paul,Cameren,Paul,8.0,Guard,79.0,210.0,Grand Prairie,TX,,,2026,2026
174,344,Mississippi State,SEC,2026,8912,5105487,Brandon Walker,Brandon,Walker,4.0,Forward,80.0,255.0,Oak Cliff,TX,,,2026,2026
98,61,Georgia,SEC,2026,21,5174661,Blue Cain,Blue,Cain,0.0,Guard,77.0,195.0,Knoxville,TN,,,2024,2026
98,61,Georgia,SEC,2026,24,5238204,Justin Abson,Justin,Abson,25.0,Forward,81.0,250.0,Coconut Creek,FL,,,2025,2026
98,61,Georgia,SEC,2026,25,5238203,Somtochukwu Cyril,Somtochukwu,Cyril,2.0,Center,83.0,260.0,Enugu,NGR,,,2025,2026
98,61,Georgia,SEC,2026,28,5105532,Jaden Newell,Jaden,Newell,24.0,Forward,80.0,225.0,Destin,FL,,,2023,2026
98,61,Georgia,SEC,2026,29,4895794,Dylan James,Dylan,James,11.0,Forward,81.0,215.0,Winter Haven,FL,,,2024,2026
98,61,Georgia,SEC,2026,32,5174664,Markel Jennings,Markel,Jennings,12.0,Guard,71.0,165.0,Watkinsville,GA,,,2024,2026
98,61,Georgia,SEC,2026,33,5105530,Brandon Klatsky,Brandon,Klatsky,30.0,Guard,76.0,175.0,Colts Neck,NJ,,,2023,2026
98,61,Georgia,SEC,2026,199382,5144145,Jackson McVey,Jackson,McVey,22.0,Center,85.0,240.0,Ellijay,GA,,,2026,2026
98,61,Georgia,SEC,2026,199386,5144153,Kareem Stagg,Kareem,Stagg,1.0,Forward,80.0,230.0,Chesapeake,VA,,,2026,2026
98,61,Georgia,SEC,2026,199387,5142622,Jake Wilkins,Jake,Wilkins,21.0,Forward,81.0,185.0,Lilburn,GA,,,2026,2026
98,61,Georgia,SEC,2026,953,5107490,Justin Bailey,Justin,Bailey,7.0,Guard,75.0,195.0,Greer,SC,,,2026,2026
98,61,Georgia,SEC,2026,5229,5176681,Marcus Millender,Marcus,Millender,4.0,Point Guard,71.0,175.0,Houston,TX,,,2026,2026
98,61,Georgia,SEC,2026,6889,4711402,Jordan Ross,Jordan,Ross,3.0,Guard,75.0,195.0,Pleasant Grove,UT,,,2026,2026
98,61,Georgia,SEC,2026,7390,5165276,Jeremiah Wilkinson,Jeremiah,Wilkinson,5.0,Guard,73.0,185.0,Powder Springs,GA,,,2026,2026
98,61,Georgia,SEC,2026,7672,5243212,Kanon Catchings,Kanon,Catchings,6.0,Forward,81.0,220.0,Brownsburg,IN,,,2026,2026
220,145,Ole Miss,SEC,2026,589,4712862,Malik Dia,Malik,Dia,0.0,Forward,81.0,250.0,Murfreesboro,TN,,,2025,2026
220,145,Ole Miss,SEC,2026,598,5171788,Eduardo Klafke,Eduardo,Klafke,8.0,Guard,77.0,200.0,Franca,BRA,,,2025,2026
220,145,Ole Miss,SEC,2026,602,5238224,Zach Day,Zach,Day,31.0,Guard,77.0,195.0,Midland,TX,,,2025,2026
220,145,Ole Miss,SEC,2026,603,5238223,Max Smith,Max,Smith,22.0,Guard,73.0,180.0,Austin,TX,,,2025,2026
220,145,Ole Miss,SEC,2026,3414,5102798,James Scott,James,Scott,4.0,Forward,82.0,225.0,Fayetteville,NC,,,2026,2026
220,145,Ole Miss,SEC,2026,1499,5175354,Augusto Cassiá,Augusto,Cassiá,88.0,Forward,80.0,225.0,Salvador,BRA,,,2026,2026
220,145,Ole Miss,SEC,2026,58,5105603,AJ Storr,AJ,Storr,2.0,Guard,77.0,205.0,Rockford,IL,,,2026,2026
220,145,Ole Miss,SEC,2026,570,4873100,Travis Perry,Travis,Perry,11.0,Guard,73.0,185.0,Eddyville,KY,,,2026,2026
220,145,Ole Miss,SEC,2026,13227,5259006,Hobert Grayson IV,Hobert,Grayson IV,5.0,Athlete,76.0,205.0,Gonzales,LA,,,2026,2026
220,145,Ole Miss,SEC,2026,3424,5105649,Koren Johnson,Koren,Johnson,3.0,Guard,73.0,180.0,Seattle,WA,,,2026,2026
220,145,Ole Miss,SEC,2026,8325,4858606,Corey Chest,Corey,Chest,1.0,Forward,80.0,220.0,New Orleans,LA,,,2026,2026
220,145,Ole Miss,SEC,2026,201301,5196939,Niko Bundalo,Niko,Bundalo,7.0,Forward,82.0,215.0,Canton,OH,,,2026,2026
220,145,Ole Miss,SEC,2026,8118,4897575,Kezza Giffa,Kezza,Giffa,13.0,Guard,73.0,175.0,Paris,FRA,,,2026,2026
220,145,Ole Miss,SEC,2026,201310,5144115,Tylis Jordan,Tylis,Jordan,10.0,Forward,81.0,215.0,Milledgeville,GA,,,2026,2026
220,145,Ole Miss,SEC,2026,201311,5311523,Ilias Kamardine,Ilias,Kamardine,6.0,Guard,76.0,180.0,Marseille,FRA,,,2026,2026
220,145,Ole Miss,SEC,2026,201316,5144099,Patton Pinkins,Patton,Pinkins,23.0,Guard,77.0,200.0,Murfreesboro,TN,,,2026,2026
12,8,Arkansas,SEC,2026,7824,4683777,D.J. Wagner,D.J.,Wagner,21.0,Guard,76.0,190.0,Camden,NJ,,,2025,2026
12,8,Arkansas,SEC,2026,7825,5060732,Billy Richmond III,Billy,Richmond III,24.0,Forward,78.0,205.0,Memphis,TN,,,2025,2026
12,8,Arkansas,SEC,2026,7826,4869777,Karter Knox,Karter,Knox,11.0,Forward,78.0,220.0,Tampa,FL,,,2025,2026
12,8,Arkansas,SEC,2026,7827,4698719,Trevon Brazile,Trevon,Brazile,7.0,Forward,82.0,230.0,Springfield,MO,,,2023,2026
12,8,Arkansas,SEC,2026,7830,5238196,Ayden Kelley,Ayden,Kelley,14.0,Guard,70.0,170.0,Memphis,TN,,,2025,2026
12,8,Arkansas,SEC,2026,7831,5238194,Jaden Karuletwa,Jaden,Karuletwa,0.0,Guard,76.0,195.0,Sun Valley,CA,,,2025,2026
12,8,Arkansas,SEC,2026,198012,5142620,Darius Acuff Jr.,Darius,Acuff Jr.,5.0,Guard,75.0,190.0,Detroit,MI,,,2026,2026
12,8,Arkansas,SEC,2026,198014,5144085,Amere Brown,Amere,Brown,2.0,Guard,69.0,180.0,Pittsburgh,PA,,,2026,2026
12,8,Arkansas,SEC,2026,198016,5311500,Elmir Džafić,Elmir,Džafić,15.0,Center,84.0,285.0,Tuzla,BIH,,,2026,2026
12,8,Arkansas,SEC,2026,198023,5281348,Karim Rtail,Karim,Rtail,35.0,Guard,79.0,205.0,Beirut,LIB,,,2026,2026
12,8,Arkansas,SEC,2026,198024,5101797,Isaiah Sealy,Isaiah,Sealy,30.0,Guard,79.0,195.0,Springdale,AR,,,2026,2026
12,8,Arkansas,SEC,2026,198025,5258495,Paulo Semedo,Paulo,Semedo,99.0,Forward,85.0,225.0,Luanda,ANG,,,2026,2026
12,8,Arkansas,SEC,2026,198026,5041951,Meleek Thomas,Meleek,Thomas,1.0,Guard,77.0,185.0,Pittsburgh,PA,,,2026,2026
12,8,Arkansas,SEC,2026,3103,5105546,Malique Ewin,Malique,Ewin,12.0,Forward,82.0,240.0,Lawrenceville,GA,,,2026,2026
12,8,Arkansas,SEC,2026,3205,4703887,Nick Pringle,Nick,Pringle,23.0,Forward,82.0,230.0,Seabrook,SC,,,2026,2026
266,2579,South Carolina,SEC,2026,3206,4433340,Myles Stute,Myles,Stute,10.0,Guard,79.0,221.0,Washington,DC,,,2024,2026
266,2579,South Carolina,SEC,2026,3209,4683763,Jordan Butler,Jordan,Butler,0.0,Forward,84.0,237.0,Mauldin,SC,,,2025,2026
266,2579,South Carolina,SEC,2026,3213,4869784,Cam Scott,Cam,Scott,23.0,Guard,78.0,172.0,Lexington,SC,,,2025,2026
266,2579,South Carolina,SEC,2026,5737,5174555,Elijah Strong,Elijah,Strong,31.0,Forward,80.0,250.0,Charlotte,NC,,,2026,2026
266,2579,South Carolina,SEC,2026,421,4710770,Meechie Johnson,Meechie,Johnson,5.0,Guard,74.0,192.0,Cleveland,OH,,,2026,2026
266,2579,South Carolina,SEC,2026,6586,5105875,Mike Sharavjamts,Mike,Sharavjamts,55.0,Guard,81.0,195.0,Ulaanbaatar,MGL,,,2026,2026
266,2579,South Carolina,SEC,2026,481,4896884,Kobe Knox,Kobe,Knox,4.0,Guard,77.0,200.0,Tampa,FL,,,2026,2026
266,2579,South Carolina,SEC,2026,3141,5105978,Christ Essandoko,Christ,Essandoko,2.0,Forward,84.0,280.0,Clichy,FRA,,,2026,2026
266,2579,South Carolina,SEC,2026,202046,5173589,Hayden Assemian,Hayden,Assemian,20.0,Forward,78.0,230.0,Greenville,SC,,,2026,2026
266,2579,South Carolina,SEC,2026,202048,5101774,Eli Ellis,Eli,Ellis,15.0,Guard,72.0,192.0,Hickory,NC,,,2026,2026
266,2579,South Carolina,SEC,2026,8438,5112189,Nordin Kapic,Nordin,Kapic,24.0,Forward,80.0,240.0,Vienna,AUT,,,2026,2026
266,2579,South Carolina,SEC,2026,202053,5254178,Grant Polk,Grant,Polk,13.0,Guard,78.0,197.0,Gainesville,VA,,,2026,2026
266,2579,South Carolina,SEC,2026,202059,5101846,EJ Walker,EJ,Walker,6.0,Forward,79.0,253.0,Florence,KY,,,2026,2026
266,2579,South Carolina,SEC,2026,202060,5311524,Abu Yarmah,Abu,Yarmah,7.0,Guard,78.0,209.0,Roanoke,VA,,,2026,2026
266,2579,South Carolina,SEC,2026,15850,5105549,Eli Sparkman,Eli,Sparkman,14.0,Guard,72.0,160.0,Cleveland,TN,,,2026,2026
293,245,Texas A&M,SEC,2026,328,5061578,Chris McDermott,Chris,McDermott,14.0,Forward,79.0,228.0,Houston,TX,,,2025,2026
293,245,Texas A&M,SEC,2026,6803,5107078,Jacari Lane,Jacari,Lane,5.0,Guard,72.0,178.0,Huntsville,AL,,,2026,2026
293,245,Texas A&M,SEC,2026,7587,5105412,Federiko Federiko,Federiko,Federiko,33.0,Forward,83.0,226.0,Helsinki,FIN,,,2026,2026
293,245,Texas A&M,SEC,2026,64,4823977,Noah Shelby,Noah,Shelby,8.0,Guard,75.0,190.0,McKinney,TX,,,2026,2026
293,245,Texas A&M,SEC,2026,3683,5176160,Josh Holloway,Josh,Holloway,1.0,Guard,73.0,178.0,Memphis,TN,,,2026,2026
293,245,Texas A&M,SEC,2026,50,4683682,Rylan Griffen,Rylan,Griffen,3.0,Guard,77.0,181.0,Dallas,TX,,,2026,2026
293,245,Texas A&M,SEC,2026,54,4683146,Zach Clemence,Zach,Clemence,7.0,Forward,83.0,232.0,San Antonio,TX,,,2026,2026
293,245,Texas A&M,SEC,2026,747,4896862,Ali Dibba,Ali,Dibba,6.0,Guard,77.0,210.0,Stockholm,SWE,,,2026,2026
293,245,Texas A&M,SEC,2026,2853,5176153,Marcus Hill,Marcus,Hill,0.0,Guard,75.0,192.0,Rockford,IL,,,2026,2026
293,245,Texas A&M,SEC,2026,7092,4593815,Rashaun Agee,Rashaun,Agee,12.0,Forward,79.0,231.0,Chicago,IL,,,2026,2026
293,245,Texas A&M,SEC,2026,7819,5106285,Pop Isaacs,Pop,Isaacs,2.0,Guard,74.0,182.0,Las Vegas,NV,,,2026,2026
293,245,Texas A&M,SEC,2026,7837,4683779,Mackenzie Mgbako,Mackenzie,Mgbako,21.0,Forward,81.0,225.0,Franklin,NJ,,,2026,2026
293,245,Texas A&M,SEC,2026,202512,5311530,Rubén Dominguez,Rubén,Dominguez,9.0,Guard,78.0,213.0,Puerto Real,ESP,,,2026,2026
293,245,Texas A&M,SEC,2026,202514,5041941,Jeremiah Green,Jeremiah,Green,10.0,Guard,75.0,189.0,Denton,TX,,,2026,2026
293,245,Texas A&M,SEC,2026,444,5101692,Jamie Vinson,Jamie,Vinson,4.0,Forward,83.0,243.0,Austin,TX,,,2026,2026
177,142,Missouri,SEC,2026,5495,4433285,Mark Mitchell,Mark,Mitchell,25.0,Guard,81.0,230.0,Kansas City,KS,,,2025,2026
177,142,Missouri,SEC,2026,5496,5054085,Anthony Robinson II,Anthony,Robinson II,0.0,Guard,75.0,185.0,Tallahassee,FL,,,2024,2026
177,142,Missouri,SEC,2026,5501,5037881,Trent Pierce,Trent,Pierce,11.0,Guard,82.0,225.0,Tulsa,OK,,,2024,2026
177,142,Missouri,SEC,2026,5504,4432515,Jacob Crews,Jacob,Crews,35.0,Guard,80.0,215.0,Hilliard,FL,,,2025,2026
177,142,Missouri,SEC,2026,5505,5169569,Trent Burns,Trent,Burns,7.0,Center,89.0,260.0,Cypress,TX,,,2025,2026
177,142,Missouri,SEC,2026,5507,5238218,Annor Boateng,Annor,Boateng,6.0,Guard,78.0,220.0,Little Rock,AR,,,2025,2026
177,142,Missouri,SEC,2026,7644,5105537,Shawn Phillips Jr.,Shawn,Phillips Jr.,15.0,Center,84.0,245.0,Dayton,OH,,,2026,2026
177,142,Missouri,SEC,2026,6969,4684798,Jevon Porter,Jevon,Porter,14.0,Forward,83.0,230.0,Columbia,MO,,,2026,2026
177,142,Missouri,SEC,2026,6240,5106269,Luke Northweather,Luke,Northweather,45.0,Forward,83.0,235.0,Jefferson City,MO,,,2026,2026
177,142,Missouri,SEC,2026,3332,4432196,Jayden Stone,Jayden,Stone,17.0,Guard,76.0,185.0,Perth,WA,,,2026,2026
177,142,Missouri,SEC,2026,537,4711270,Sebastian Mack,Sebastian,Mack,12.0,Guard,75.0,195.0,Chicago,IL,,,2026,2026
177,142,Missouri,SEC,2026,200625,5144151,Nicholas Randall,Nicholas,Randall,24.0,Guard,81.0,240.0,St. Louis,MO,,,2026,2026
177,142,Missouri,SEC,2026,200627,5041957,Aaron Rowe,Aaron,Rowe,1.0,Guard,74.0,155.0,Columbia,MO,,,2026,2026
177,142,Missouri,SEC,2026,5510,5144166,T.O. Barrett,T.O.,Barrett,5.0,Guard,76.0,205.0,Oklahoma City,OK,,,2025,2026
217,201,Oklahoma,SEC,2026,6239,5106293,Mohamed Wague,Mohamed,Wague,5.0,Forward,82.0,225.0,Bronx,NY,,,2025,2026
217,201,Oklahoma,SEC,2026,6242,5238221,Dayton Forsythe,Dayton,Forsythe,7.0,Guard,74.0,190.0,Dale,OK,,,2025,2026
217,201,Oklahoma,SEC,2026,82,5095155,Derrion Reid,Derrion,Reid,35.0,Forward,80.0,226.0,Grovetown,GA,,,2026,2026
217,201,Oklahoma,SEC,2026,3520,5174633,Xzayvier Brown,Xzayvier,Brown,1.0,Guard,74.0,182.0,Philadelphia,PA,,,2026,2026
217,201,Oklahoma,SEC,2026,201256,5144114,Alec Blair,Alec,Blair,4.0,Guard,79.0,192.0,Lafayette,CA,,,2026,2026
217,201,Oklahoma,SEC,2026,8156,5105594,Tae Davis,Tae,Davis,13.0,Forward,81.0,215.0,Indianapolis,IN,,,2026,2026
217,201,Oklahoma,SEC,2026,201260,5281371,Jake Hansen,Jake,Hansen,0.0,Guard,72.0,170.0,Wauwatosa,WI,,,2026,2026
217,201,Oklahoma,SEC,2026,201261,5237344,Andreas Holst,Andreas,Holst,2.0,Forward,84.0,200.0,Copenhagen,DEN,,,2026,2026
217,201,Oklahoma,SEC,2026,201263,5311518,Finley Keeffe,Finley,Keeffe,6.0,Forward,79.0,200.0,Novato,CA,,,2026,2026
217,201,Oklahoma,SEC,2026,3077,4576062,Nijel Pack,Nijel,Pack,9.0,Guard,70.0,188.0,Indianapolis,IN,,,2026,2026
217,201,Oklahoma,SEC,2026,201268,5101844,Kai Rogers,Kai,Rogers,8.0,Forward,82.0,247.0,Wauwatosa,WI,,,2026,2026
217,201,Oklahoma,SEC,2026,6243,5175059,Reid Lovelace,Reid,Lovelace,55.0,Guard,70.0,140.0,Oklahoma City,OK,,,2024,2026
217,201,Oklahoma,SEC,2026,6246,5144388,Kuol Atak,Kuol,Atak,22.0,Forward,81.0,192.0,Haltom City,TX,,,2025,2026
217,201,Oklahoma,SEC,2026,6248,5238220,Jeff Nwankwo,Jeff,Nwankwo,3.0,Guard,78.0,210.0,Oklahoma City,OK,,,2025,2026
217,201,Oklahoma,SEC,2026,6249,4611534,Jadon Jones,Jadon,Jones,12.0,Guard,77.0,180.0,Long Beach,CA,,,2025,2026
295,251,Texas,SEC,2026,436,5105624,Jordan Pope,Jordan,Pope,0.0,Guard,73.0,180.0,Oakley,CA,,,2025,2026
295,251,Texas,SEC,2026,437,5105486,Chendall Weaver,Chendall,Weaver,2.0,Guard,75.0,180.0,Arlington,TX,,,2024,2026
295,251,Texas,SEC,2026,442,5149083,Nic Codie,Nic,Codie,10.0,Forward,80.0,220.0,Dallas,TX,,,2025,2026
295,251,Texas,SEC,2026,445,4897760,Cole Bott,Cole,Bott,1.0,Forward,78.0,200.0,Highlands Ranch,CO,,,2022,2026
295,251,Texas,SEC,2026,446,5191718,Anthon McDermott,Anthon,McDermott,33.0,Guard,76.0,200.0,Longview,TX,,,2025,2026
295,251,Texas,SEC,2026,448,4432243,Tramon Mark,Tramon,Mark,12.0,Guard,77.0,210.0,Dickinson,TX,,,2025,2026
295,251,Texas,SEC,2026,5476,5176687,Brandon Taylor,Brandon,Taylor,44.0,Guard,70.0,175.0,Coppell,TX,,,2026,2026
295,251,Texas,SEC,2026,371,5105855,Camden Heide,Camden,Heide,5.0,Forward,79.0,215.0,Wayzata,MN,,,2026,2026
295,251,Texas,SEC,2026,1428,4683785,Simeon Wilcher,Simeon,Wilcher,7.0,Guard,76.0,200.0,Plainfield,NJ,,,2026,2026
295,251,Texas,SEC,2026,3922,5239838,Matas Vokietaitis,Matas,Vokietaitis,8.0,Center,84.0,255.0,Marijampole,LTU,,,2026,2026
295,251,Texas,SEC,2026,202495,5149079,John Clark,John,Clark,9.0,Forward,81.0,240.0,Houston,TX,,,2026,2026
295,251,Texas,SEC,2026,202497,5311528,Declan Duru Jr.,Declan,Duru Jr.,4.0,Forward,80.0,235.0,Munich,GER,,,2026,2026
295,251,Texas,SEC,2026,202502,5311529,Lewis Obiorah,Lewis,Obiorah,14.0,Center,84.0,250.0,London,ENG,,,2026,2026
295,251,Texas,SEC,2026,4065,4848625,Dailyn Swain,Dailyn,Swain,3.0,Guard,80.0,220.0,Columbus,OH,,,2026,2026
295,251,Texas,SEC,2026,4075,4897052,Lassina Traore,Lassina,Traore,23.0,Forward,82.0,245.0,Abidjan,CIV,,,2026,2026
274,2582,Southern,SWAC,2026,6449,4905542,DaMariee Jones,DaMariee,Jones,1.0,Forward,77.0,185.0,Bessemer,AL,,,2025,2026
274,2582,Southern,SWAC,2026,6451,5243366,Michael Jacobs,Michael,Jacobs,10.0,Guard,74.0,200.0,Atlanta,GA,,,2025,2026
274,2582,Southern,SWAC,2026,6453,5108073,Cam Amboree,Cam,Amboree,3.0,Guard,75.0,180.0,Pearland,TX,,,2025,2026
274,2582,Southern,SWAC,2026,6454,5243371,Puoch Dobuol,Puoch,Dobuol,35.0,Forward,80.0,195.0,St. Cloud,MN,,,2025,2026
274,2582,Southern,SWAC,2026,6455,5243369,AJ Barnes,AJ,Barnes,12.0,Forward,78.0,210.0,Atlanta,GA,,,2025,2026
274,2582,Southern,SWAC,2026,6458,5243368,Joe Manning,Joe,Manning,2.0,Guard,74.0,185.0,Bossier City,LA,,,2025,2026
274,2582,Southern,SWAC,2026,6459,5243367,Jayce Depron,Jayce,Depron,5.0,Guard,75.0,175.0,White Castle,LA,,,2025,2026
274,2582,Southern,SWAC,2026,6461,5177597,Andre Nunley,Andre,Nunley,9.0,Guard,70.0,200.0,Euless,TX,,,2025,2026
274,2582,Southern,SWAC,2026,6462,5243370,Lionel Bell,Lionel,Bell,13.0,Forward,81.0,235.0,New Orleans,LA,,,2025,2026
274,2582,Southern,SWAC,2026,5090,5175066,Terrance Dixon Jr.,Terrance,Dixon Jr.,23.0,Forward,80.0,230.0,Lawrenceville,GA,,,2026,2026
274,2582,Southern,SWAC,2026,4866,5176556,Brandon Hardy,Brandon,Hardy,4.0,Guard,75.0,205.0,Zachary,LA,,,2026,2026
274,2582,Southern,SWAC,2026,5816,4585609,Keith Lamar,Keith,Lamar,11.0,Forward,78.0,215.0,Atlanta,GA,,,2026,2026
274,2582,Southern,SWAC,2026,2882,5176382,Malek Abdelgowad,Malek,Abdelgowad,8.0,Forward,82.0,220.0,Cairo,EGY,,,2026,2026
274,2582,Southern,SWAC,2026,202138,5314835,Rondae Hill,Rondae,Hill,0.0,Guard,72.0,175.0,Shreveport,LA,,,2026,2026
274,2582,Southern,SWAC,2026,202142,5101848,Ashton Magee,Ashton,Magee,24.0,Forward,79.0,205.0,Ellisville,MS,,,2026,2026
274,2582,Southern,SWAC,2026,202145,5314837,Femi Olaniyan,Femi,Olaniyan,7.0,Forward,77.0,210.0,Allen,TX,,,2026,2026
274,2582,Southern,SWAC,2026,202146,5314838,Fazl Oshodi,Fazl,Oshodi,14.0,Guard,75.0,183.0,Swedesboro,NJ,,,2026,2026
274,2582,Southern,SWAC,2026,202147,5314836,Trey Shephard,Trey,Shephard,6.0,Guard,78.0,170.0,Atlanta,GA,,,2026,2026
296,2640,Texas Southern,SWAC,2026,4048,4897689,Josh Farmer,Josh,Farmer,4.0,Forward,82.0,200.0,Houston,TX,,,2025,2026
296,2640,Texas Southern,SWAC,2026,4058,4897173,Alex Anderson,Alex,Anderson,8.0,Guard,78.0,200.0,Memphis,TN,,,2025,2026
296,2640,Texas Southern,SWAC,2026,4050,5110173,Zytarious Mortle,Zytarious,Mortle,12.0,Guard,74.0,199.0,Alexandria,LA,,,2023,2026
296,2640,Texas Southern,SWAC,2026,4051,4897772,Kolby Granger,Kolby,Granger,14.0,Guard,77.0,195.0,Missouri City,TX,,,2022,2026
296,2640,Texas Southern,SWAC,2026,4053,5106677,Oumar Koureissi,Oumar,Koureissi,3.0,Forward,83.0,220.0,Harlem,NY,,,2025,2026
296,2640,Texas Southern,SWAC,2026,4055,5185673,Zaire Hayes,Zaire,Hayes,7.0,Guard,74.0,185.0,Houston,TX,,,2024,2026
296,2640,Texas Southern,SWAC,2026,4057,5107438,Duane Posey,Duane,Posey,23.0,Guard,79.0,215.0,Memphis,TN,,,2025,2026
296,2640,Texas Southern,SWAC,2026,4061,5183379,Bryce Roberts,Bryce,Roberts,6.0,Guard,73.0,180.0,Bossier City,LA,,,2025,2026
296,2640,Texas Southern,SWAC,2026,4062,5177608,Jaylen Wysinger,Jaylen,Wysinger,5.0,Guard,72.0,170.0,Houston,TX,,,2024,2026
296,2640,Texas Southern,SWAC,2026,4063,4897773,Kehlin Farooq,Kehlin,Farooq,32.0,Guard,78.0,196.0,Houston,TX,,,2022,2026
296,2640,Texas Southern,SWAC,2026,714,5108778,Troy Hupstead,Troy,Hupstead,2.0,Forward,79.0,230.0,Mount Vernon,NY,,,2026,2026
296,2640,Texas Southern,SWAC,2026,5928,5242969,Jordan Hamilton,Jordan,Hamilton,24.0,Guard,78.0,225.0,Memphis,TN,,,2026,2026
296,2640,Texas Southern,SWAC,2026,7038,5101657,Cameron Patterson,Cameron,Patterson,11.0,Guard,77.0,180.0,Houston,TX,,,2026,2026
296,2640,Texas Southern,SWAC,2026,7146,5176581,Josh Akpovwa,Josh,Akpovwa,35.0,Center,81.0,270.0,Houston,TX,,,2026,2026
296,2640,Texas Southern,SWAC,2026,211915,5323989,Jordan Gorecki,Jordan,Gorecki,34.0,Center,82.0,260.0,Markham,ON,,,2026,2026
296,2640,Texas Southern,SWAC,2026,211916,5323991,Anthony Andrews,Anthony,Andrews,8.0,Forward,79.0,215.0,Houston,TX,,,2026,2026
296,2640,Texas Southern,SWAC,2026,211917,5323990,Ahmed Nedal Abdelrahman,Ahmed,Nedal Abdelrahman,9.0,Guard,80.0,210.0,Cairo,EGY,,,2026,2026
126,2296,Jackson State,SWAC,2026,98,5243345,Jalen Tatum,Jalen,Tatum,2.0,Guard,76.0,187.0,Pine Bluff,AR,,,2025,2026
126,2296,Jackson State,SWAC,2026,99,5107382,Keiveon Hunt,Keiveon,Hunt,5.0,Guard,72.0,184.0,Jackson,MS,,,2023,2026
126,2296,Jackson State,SWAC,2026,102,5243344,Dorian McMillian,Dorian,McMillian,1.0,Guard,75.0,169.0,Pascagoula,MS,,,2025,2026
126,2296,Jackson State,SWAC,2026,103,5243343,Tamarion Hoover,Tamarion,Hoover,0.0,Guard,76.0,160.0,Yazoo City,MS,,,2025,2026
126,2296,Jackson State,SWAC,2026,104,4897873,Jayme Mitchell Jr.,Jayme,Mitchell Jr.,3.0,Guard,77.0,200.0,Jackson,MS,,,2023,2026
126,2296,Jackson State,SWAC,2026,108,5243346,Ebo Wilson,Ebo,Wilson,10.0,Center,82.0,284.0,Accra,GHA,,,2025,2026
126,2296,Jackson State,SWAC,2026,110,5177579,Delyle Williams,Delyle,Williams,12.0,Guard,75.0,191.0,Compton,CA,,,2024,2026
126,2296,Jackson State,SWAC,2026,111,4432638,Daeshun Ruffin,Daeshun,Ruffin,24.0,Guard,70.0,157.0,Jackson,MS,,,2024,2026
126,2296,Jackson State,SWAC,2026,6450,5107301,Dionjahe Thomas,Dionjahe,Thomas,8.0,Center,80.0,236.0,Houma,LA,,,2026,2026
126,2296,Jackson State,SWAC,2026,199807,5314766,Kobe Butler,Kobe,Butler,21.0,Forward,79.0,201.0,Marrero,LA,,,2026,2026
126,2296,Jackson State,SWAC,2026,199810,5314765,Cael Jones,Cael,Jones,13.0,Guard,73.0,149.0,Southaven,MS,,,2026,2026
126,2296,Jackson State,SWAC,2026,199811,5314763,Deyan Kolev,Deyan,Kolev,9.0,Forward,81.0,205.0,Houma,LA,,,2026,2026
126,2296,Jackson State,SWAC,2026,3640,5105431,Devin Ree,Devin,Ree,4.0,Guard,81.0,177.0,Jackson,MS,,,2026,2026
126,2296,Jackson State,SWAC,2026,199816,5314762,Kedrick Simmons,Kedrick,Simmons,7.0,Forward,78.0,174.0,Booneville,MS,,,2026,2026
126,2296,Jackson State,SWAC,2026,11010,5254840,Raevon Thomas,Raevon,Thomas,20.0,Athlete,81.0,217.0,Detroit,MI,,,2026,2026
126,2296,Jackson State,SWAC,2026,199821,5314764,Mike Williams,Mike,Williams,11.0,Guard,74.0,176.0,Gluckstadt,MS,,,2026,2026
7,2016,Alcorn State,SWAC,2026,6571,5243189,Tycen McDaniels,Tycen,McDaniels,8.0,Guard,80.0,190.0,Columbus,GA,,,2025,2026
7,2016,Alcorn State,SWAC,2026,6572,5243188,Davian Williams,Davian,Williams,3.0,Guard,70.0,170.0,Vicksburg,MS,,,2025,2026
7,2016,Alcorn State,SWAC,2026,6579,5243190,Omari Hamilton,Omari,Hamilton,12.0,Guard,78.0,205.0,Atlanta,GA,,,2025,2026
7,2016,Alcorn State,SWAC,2026,197930,5313433,Bryson Calamese,Bryson,Calamese,4.0,Point Guard,74.0,190.0,Little Rock,AR,,,2026,2026
7,2016,Alcorn State,SWAC,2026,197931,5313432,Jeremy Ellis,Jeremy,Ellis,2.0,Power Forward,78.0,197.0,Hamilton,NJ,,,2026,2026
7,2016,Alcorn State,SWAC,2026,4185,5242993,Ray Glasgow,Ray,Glasgow,11.0,Guard,75.0,190.0,Bronx,NY,,,2026,2026
7,2016,Alcorn State,SWAC,2026,197934,5313434,Alex Hawkins,Alex,Hawkins,10.0,Shooting Guard,76.0,190.0,Frederick,MD,,,2026,2026
7,2016,Alcorn State,SWAC,2026,197935,5313435,Mike Jones,Mike,Jones,22.0,Shooting Guard,79.0,218.0,Rockford,IL,,,2026,2026
7,2016,Alcorn State,SWAC,2026,20828,5107789,Shane Lancaster,Shane,Lancaster,0.0,Guard,76.0,203.0,Bowie,MD,,,2026,2026
7,2016,Alcorn State,SWAC,2026,3069,5177232,Jameel Morris,Jameel,Morris,1.0,Guard,73.0,186.0,Willingboro,NJ,,,2026,2026
7,2016,Alcorn State,SWAC,2026,1050,4684734,Travis Roberts,Travis,Roberts,30.0,Forward,78.0,200.0,Waldorf,MD,,,2026,2026
7,2016,Alcorn State,SWAC,2026,391,5242279,Nick Woodard,Nick,Woodard,7.0,Guard,78.0,210.0,Macon,GA,,,2026,2026
7,2016,Alcorn State,SWAC,2026,11786,5256466,William Henderson,William,Henderson,6.0,Athlete,82.0,200.0,Richmond,VA,,,2026,2026
6,2011,Alabama State,SWAC,2026,7341,5107441,JaSteven Walker,JaSteven,Walker,25.0,Forward,82.0,200.0,Oakland,TN,,,2023,2026
6,2011,Alabama State,SWAC,2026,7343,5242808,Mario Andrews,Mario,Andrews,4.0,Center,78.0,220.0,Independence,LA,,,2025,2026
6,2011,Alabama State,SWAC,2026,7345,5242807,Micah Simpson,Micah,Simpson,2.0,Guard,74.0,190.0,Morristown,TN,,,2025,2026
6,2011,Alabama State,SWAC,2026,7346,5178892,Tyler Mack,Tyler,Mack,5.0,Guard,77.0,185.0,Warren,MI,,,2025,2026
6,2011,Alabama State,SWAC,2026,7348,5242812,Jerquarius Stanback,Jerquarius,Stanback,24.0,Forward,81.0,210.0,Asheboro,NC,,,2025,2026
6,2011,Alabama State,SWAC,2026,7349,5242811,Kevin Alabi,Kevin,Alabi,22.0,Forward,79.0,210.0,Brampton,ON,,,2025,2026
6,2011,Alabama State,SWAC,2026,7350,5242810,Jordon Marshall,Jordon,Marshall,13.0,Guard,74.0,200.0,Covington,GA,,,2025,2026
6,2011,Alabama State,SWAC,2026,3263,5105478,Asjon Anderson,Asjon,Anderson,20.0,Guard,74.0,175.0,Tacoma,WA,,,2026,2026
6,2011,Alabama State,SWAC,2026,4912,5114198,Damarion Bonds,Damarion,Bonds,7.0,Guard,78.0,185.0,Pontiac,MI,,,2026,2026
6,2011,Alabama State,SWAC,2026,197917,5313399,Tyler Byrd,Tyler,Byrd,0.0,Guard,75.0,190.0,Memphis,TN,,,2026,2026
6,2011,Alabama State,SWAC,2026,197918,5313400,Damion Cox Jr.,Damion,Cox Jr.,10.0,Guard,74.0,160.0,Memphis,TN,,,2026,2026
6,2011,Alabama State,SWAC,2026,197919,5313402,R'Chaun King,R'Chaun,King,23.0,Forward,78.0,225.0,Memphis,TN,,,2026,2026
6,2011,Alabama State,SWAC,2026,197923,5313401,Tyler Mason,Tyler,Mason,12.0,Forward,81.0,225.0,Stafford,VA,,,2026,2026
6,2011,Alabama State,SWAC,2026,5522,5240279,Damarien Yates,Damarien,Yates,1.0,Forward,79.0,220.0,Somerville,TN,,,2026,2026
6,2011,Alabama State,SWAC,2026,261,4897484,Cameron Palesse,Cameron,Palesse,11.0,Guard,77.0,205.0,Waukesha,WI,,,2026,2026
6,2011,Alabama State,SWAC,2026,5563,5108892,Trey Miller,Trey,Miller,3.0,Guard,74.0,180.0,Houston,TX,,,2026,2026
103,2755,Grambling,SWAC,2026,6212,4710427,P.J. Edwards,P.J.,Edwards,4.0,Guard,76.0,205.0,Springfield,IL,,,2025,2026
103,2755,Grambling,SWAC,2026,8636,5176661,Saliou Seye,Saliou,Seye,7.0,Forward,84.0,218.0,Dakar,SEN,,,2026,2026
103,2755,Grambling,SWAC,2026,1353,5239582,Jamil Muttilib,Jamil,Muttilib,11.0,Guard,78.0,189.0,Houston,TX,,,2026,2026
103,2755,Grambling,SWAC,2026,199459,5314748,Mekhi Fitts,Mekhi,Fitts,23.0,Forward,79.0,230.0,Birmingham,AL,,,2026,2026
103,2755,Grambling,SWAC,2026,13226,5259011,Devyn Franklin,Devyn,Franklin,21.0,Athlete,80.0,210.0,Terrell,TX,,,2026,2026
103,2755,Grambling,SWAC,2026,16183,5112187,Jimel Lane,Jimel,Lane,5.0,Forward,79.0,190.0,Miami,FL,,,2026,2026
103,2755,Grambling,SWAC,2026,199464,5314746,Antonio Munoz,Antonio,Munoz,15.0,Forward,78.0,180.0,Chicago,IL,,,2026,2026
103,2755,Grambling,SWAC,2026,199466,5314747,Chancellor Perkins,Chancellor,Perkins,20.0,Guard,74.0,185.0,Woodbridge,VA,,,2026,2026
103,2755,Grambling,SWAC,2026,5761,4700968,Derrius Ward,Derrius,Ward,0.0,Guard,78.0,205.0,Philadelphia,PA,,,2026,2026
103,2755,Grambling,SWAC,2026,2540,5176741,Randarius Jones,Randarius,Jones,24.0,Center,79.0,235.0,Monroe,LA,,,2026,2026
103,2755,Grambling,SWAC,2026,4143,5112181,Rickey Ballard,Rickey,Ballard,3.0,Forward,79.0,200.0,Coral Springs,FL,,,2026,2026
103,2755,Grambling,SWAC,2026,5234,5175742,Nazar Mahmoud,Nazar,Mahmoud,2.0,Guard,77.0,195.0,Leander,TX,,,2026,2026
103,2755,Grambling,SWAC,2026,5654,5177557,Roderick Coffee III,Roderick,Coffee III,1.0,Forward,76.0,200.0,Painesville,OH,,,2026,2026
103,2755,Grambling,SWAC,2026,11649,5255709,Richard Amaefule,Richard,Amaefule,10.0,Athlete,81.0,,London,ENG,,,2026,2026
175,2400,Mississippi Valley State,SWAC,2026,128,5243350,Antonio Sisk,Antonio,Sisk,1.0,Guard,73.0,180.0,Dallas,TX,,,2025,2026
175,2400,Mississippi Valley State,SWAC,2026,130,4703150,George Ivory III,George,Ivory III,14.0,Guard,74.0,175.0,Pine Bluff,AR,,,2022,2026
175,2400,Mississippi Valley State,SWAC,2026,133,5243355,Jonathan Pace,Jonathan,Pace,35.0,Center,82.0,275.0,Gulfport,MS,,,2025,2026
175,2400,Mississippi Valley State,SWAC,2026,19532,5191584,Lamont Sams,Lamont,Sams,3.0,Forward,81.0,200.0,Savannah,GA,,,2026,2026
175,2400,Mississippi Valley State,SWAC,2026,200599,5314777,X'Zaevion Barnett,X'Zaevion,Barnett,24.0,Guard,74.0,210.0,Altheimer,AR,,,2026,2026
175,2400,Mississippi Valley State,SWAC,2026,200601,5314774,Tyrone Iroghama,Tyrone,Iroghama,13.0,Guard,80.0,230.0,London,ENG,,,2026,2026
175,2400,Mississippi Valley State,SWAC,2026,200603,5314773,Michael James,Michael,James,10.0,Guard,73.0,175.0,Byhalia,MS,,,2026,2026
175,2400,Mississippi Valley State,SWAC,2026,200604,5314775,Daniel Mayfield,Daniel,Mayfield,22.0,Forward,80.0,215.0,Toccoa,GA,,,2026,2026
175,2400,Mississippi Valley State,SWAC,2026,1484,5107896,Samuel Murray,Samuel,Murray,21.0,Forward,80.0,200.0,Gulfport,MS,,,2026,2026
175,2400,Mississippi Valley State,SWAC,2026,19113,5189254,Mussa Mzein,Mussa,Mzein,20.0,Forward,82.0,245.0,Stockholm,SWE,,,2026,2026
175,2400,Mississippi Valley State,SWAC,2026,200608,5314771,Patrick Punch,Patrick,Punch,0.0,Guard,76.0,185.0,Houston,TX,,,2026,2026
175,2400,Mississippi Valley State,SWAC,2026,200610,5314776,Derrick Singleton,Derrick,Singleton,23.0,Forward,76.0,195.0,Inglewood,CA,,,2026,2026
175,2400,Mississippi Valley State,SWAC,2026,200612,5314772,Chance Sutton,Chance,Sutton,5.0,Forward,79.0,205.0,Dallas,TX,,,2026,2026
175,2400,Mississippi Valley State,SWAC,2026,11670,5118089,Delkedric Holmes,Delkedric,Holmes,2.0,Guard,74.0,180.0,Pine Bluff,AR,,,2026,2026
232,2504,Prairie View A&M,SWAC,2026,2202,5177019,Marcel Bryant,Marcel,Bryant,24.0,Forward,79.0,235.0,Austin,TX,,,2025,2026
232,2504,Prairie View A&M,SWAC,2026,2208,5176729,Ryan Bolton Jr.,Ryan,Bolton Jr.,34.0,Forward,82.0,245.0,Pensacola,FL,,,2025,2026
232,2504,Prairie View A&M,SWAC,2026,2213,5243361,Isaiah Foster,Isaiah,Foster,1.0,Point Guard,73.0,170.0,Frisco,TX,,,2025,2026
232,2504,Prairie View A&M,SWAC,2026,5242,4703215,Tai'Reon Joseph,Tai'Reon,Joseph,3.0,Guard,75.0,180.0,Baton Rouge,LA,,,2026,2026
232,2504,Prairie View A&M,SWAC,2026,14898,5190922,Hassane Diallo,Hassane,Diallo,11.0,Forward,80.0,225.0,Atlanta,GA,,,2026,2026
232,2504,Prairie View A&M,SWAC,2026,2492,5243098,Seryee Lewis,Seryee,Lewis,15.0,Forward,81.0,240.0,Chicago,IL,,,2026,2026
232,2504,Prairie View A&M,SWAC,2026,2601,5176727,Dontae Horne,Dontae,Horne,2.0,Guard,76.0,190.0,Memphis,TN,,,2026,2026
232,2504,Prairie View A&M,SWAC,2026,4279,5247621,Keeshawn Mason,Keeshawn,Mason,25.0,Athlete,80.0,240.0,Shawnee,OK,,,2026,2026
232,2504,Prairie View A&M,SWAC,2026,9463,4904924,Corey Dunning,Corey,Dunning,4.0,Forward,81.0,225.0,Lafayette,LA,,,2026,2026
232,2504,Prairie View A&M,SWAC,2026,9467,4904931,Lance Williams,Lance,Williams,12.0,Guard,73.0,181.0,Baton Rouge,LA,,,2026,2026
232,2504,Prairie View A&M,SWAC,2026,7638,4705371,Joey Madimba,Joey,Madimba,0.0,Guard,77.0,205.0,Mansfield,TX,,,2026,2026
232,2504,Prairie View A&M,SWAC,2026,201510,5314805,Elijah Mitchell,Elijah,Mitchell,23.0,Guard,77.0,207.0,Roanoke,VA,,,2026,2026
232,2504,Prairie View A&M,SWAC,2026,201511,5314804,Jannoy Thomas,Jannoy,Thomas,10.0,Guard,71.0,185.0,Toronto,ON,,,2026,2026
232,2504,Prairie View A&M,SWAC,2026,4440,4904928,Cory Wells,Cory,Wells,13.0,Forward,79.0,200.0,Murphy,TX,,,2026,2026
232,2504,Prairie View A&M,SWAC,2026,4813,5177138,Doug Young,Doug,Young,5.0,Guard,72.0,175.0,Houston,TX,,,2026,2026
4,2010,Alabama A&M,SWAC,2026,8641,5243157,Angok Anyang,Angok,Anyang,13.0,Forward,81.0,215.0,Adelaide,SA,,,2025,2026
4,2010,Alabama A&M,SWAC,2026,8647,5177520,Bilal Abdur-Rahman,Bilal,Abdur-Rahman,2.0,Guard,71.0,160.0,Atlanta,GA,,,2024,2026
4,2010,Alabama A&M,SWAC,2026,197899,5313395,Jalen Carruth,Jalen,Carruth,5.0,Guard,79.0,190.0,Atlanta,GA,,,2026,2026
4,2010,Alabama A&M,SWAC,2026,21805,4683837,Peyton Daniels Sr.,Peyton,Daniels Sr.,8.0,Guard,75.0,180.0,Ellenwood,GA,,,2026,2026
4,2010,Alabama A&M,SWAC,2026,4860,5174561,Koron Davis,Koron,Davis,1.0,Guard,79.0,185.0,Gary,IN,,,2026,2026
4,2010,Alabama A&M,SWAC,2026,197902,5313397,Tajden Davis,Tajden,Davis,11.0,Guard,77.0,205.0,Tallahassee,FL,,,2026,2026
4,2010,Alabama A&M,SWAC,2026,6204,5177572,Kintavious Dozier,Kintavious,Dozier,0.0,Guard,73.0,195.0,Lanett,AL,,,2026,2026
4,2010,Alabama A&M,SWAC,2026,6201,5243339,PJ Eason,PJ,Eason,10.0,Forward,81.0,225.0,Dadeville,AL,,,2026,2026
4,2010,Alabama A&M,SWAC,2026,6206,5243342,James Flippin,James,Flippin,30.0,Forward,82.0,275.0,Milwaukee,WI,,,2026,2026
4,2010,Alabama A&M,SWAC,2026,6215,5105972,Lou Hutchinson,Lou,Hutchinson,24.0,Guard,79.0,195.0,Washington,DC,,,2026,2026
4,2010,Alabama A&M,SWAC,2026,197908,5313396,Jayden Jackson,Jayden,Jackson,7.0,Guard,70.0,175.0,West Monroe,LA,,,2026,2026
4,2010,Alabama A&M,SWAC,2026,197909,5313394,Gabe Kincy,Gabe,Kincy,4.0,Guard,79.0,210.0,Broward County,FL,,,2026,2026
4,2010,Alabama A&M,SWAC,2026,6213,4897072,Samuel Onu,Samuel,Onu,23.0,Forward,83.0,260.0,Malvern,PA,,,2026,2026
4,2010,Alabama A&M,SWAC,2026,197912,5313398,Isaiah Ramey,Isaiah,Ramey,20.0,Guard,79.0,205.0,Cedarville,OH,,,2026,2026
4,2010,Alabama A&M,SWAC,2026,6216,4711691,James Graham III,James,Graham III,21.0,Guard,80.0,215.0,Milwaukee,WI,,,2026,2026
4,2010,Alabama A&M,SWAC,2026,2870,5108915,Sami Pissis,Sami,Pissis,3.0,Guard,75.0,190.0,Paris,FRA,,,2026,2026
14,2029,Arkansas-Pine Bluff,SWAC,2026,449,5243199,Kyle Brown,Kyle,Brown,24.0,Forward,81.0,240.0,Fort Lauderdale,FL,,,2025,2026
14,2029,Arkansas-Pine Bluff,SWAC,2026,453,5243198,Dennis Asoro,Dennis,Asoro,15.0,Forward,80.0,250.0,Columbus,OH,,,2025,2026
14,2029,Arkansas-Pine Bluff,SWAC,2026,461,5243193,Anthony Sellars,Anthony,Sellars,3.0,Guard,79.0,215.0,Winston-Salem,NC,,,2025,2026
14,2029,Arkansas-Pine Bluff,SWAC,2026,463,4908501,Trejon Ware,Trejon,Ware,0.0,Guard,69.0,160.0,Pearland,TX,,,2023,2026
14,2029,Arkansas-Pine Bluff,SWAC,2026,198030,5313440,Milhan Charles,Milhan,Charles,9.0,Guard,79.0,215.0,Bristol,CT,,,2026,2026
14,2029,Arkansas-Pine Bluff,SWAC,2026,198031,5313437,Jahmari Hamilton-Brown,Jahmari,Hamilton-Brown,8.0,Guard,79.0,205.0,Salem,MA,,,2026,2026
14,2029,Arkansas-Pine Bluff,SWAC,2026,198032,5313436,Jai'chaunn Hayes,Jai'chaunn,Hayes,2.0,Guard,79.0,200.0,White Hall,AR,,,2026,2026
14,2029,Arkansas-Pine Bluff,SWAC,2026,20266,5106662,Ahmad Johnson,Ahmad,Johnson,10.0,Guard,76.0,195.0,Punta Gorda,FL,,,2026,2026
14,2029,Arkansas-Pine Bluff,SWAC,2026,13681,5259802,Alex Mirhosseini,Alex,Mirhosseini,1.0,Athlete,70.0,165.0,Arlington,TX,,,2026,2026
14,2029,Arkansas-Pine Bluff,SWAC,2026,198037,5313438,Harrison Pickett,Harrison,Pickett,23.0,Guard,74.0,210.0,Little Rock,AR,,,2026,2026
14,2029,Arkansas-Pine Bluff,SWAC,2026,6047,5106274,Quion Williams,Quion,Williams,11.0,Guard,77.0,215.0,Jonesboro,AR,,,2026,2026
14,2029,Arkansas-Pine Bluff,SWAC,2026,5227,5174317,Jaquan Scott,Jaquan,Scott,4.0,Forward,80.0,230.0,Dallas,TX,,,2026,2026
14,2029,Arkansas-Pine Bluff,SWAC,2026,7219,5105824,Ramel Lloyd Jr.,Ramel,Lloyd Jr.,22.0,Guard,78.0,215.0,Long Beach,CA,,,2026,2026
14,2029,Arkansas-Pine Bluff,SWAC,2026,18556,5185598,Trevon Payton,Trevon,Payton,20.0,Guard,77.0,215.0,Snellville,GA,,,2026,2026
14,2029,Arkansas-Pine Bluff,SWAC,2026,10509,5189243,Travis Pourciau,Travis,Pourciau,33.0,Center,82.0,210.0,Colorado Springs,CO,,,2026,2026
23,2065,Bethune-Cookman,SWAC,2026,7566,5178203,Reggie Ward Jr.,Reggie,Ward Jr.,15.0,Forward,78.0,230.0,Chicago,IL,,,2024,2026
23,2065,Bethune-Cookman,SWAC,2026,1563,5109034,Tyler Andrews,Tyler,Andrews,25.0,Guard,78.0,205.0,Los Angeles,CA,,,2026,2026
23,2065,Bethune-Cookman,SWAC,2026,197163,5265246,Trayvon Barbary,Trayvon,Barbary,24.0,Athlete,76.0,175.0,DeLand,FL,,,2026,2026
23,2065,Bethune-Cookman,SWAC,2026,6997,4900669,Ariel Bland,Ariel,Bland,4.0,Forward,79.0,230.0,Eden Prairie,MN,,,2026,2026
23,2065,Bethune-Cookman,SWAC,2026,6460,5177605,Jordan Johnson,Jordan,Johnson,11.0,Guard,76.0,195.0,West Palm Beach,FL,,,2026,2026
23,2065,Bethune-Cookman,SWAC,2026,198196,5313441,Dailon Minor,Dailon,Minor,12.0,Guard,73.0,170.0,Rowlett,TX,,,2026,2026
23,2065,Bethune-Cookman,SWAC,2026,19948,5106279,Arterio Morris,Arterio,Morris,1.0,Guard,76.0,200.0,Dallas,TX,,,2026,2026
23,2065,Bethune-Cookman,SWAC,2026,15082,5108978,Doctor Bradley,Doctor,Bradley,13.0,Guard,80.0,210.0,Los Angeles,CA,,,2026,2026
23,2065,Bethune-Cookman,SWAC,2026,4907,5242938,Quentin Heady,Quentin,Heady,5.0,Forward,78.0,200.0,Chicago,IL,,,2026,2026
23,2065,Bethune-Cookman,SWAC,2026,4899,5178199,Jakobi Heady,Jakobi,Heady,0.0,Guard,78.0,200.0,Chicago,IL,,,2026,2026
23,2065,Bethune-Cookman,SWAC,2026,17471,5176249,Rickey Mitchell Jr.,Rickey,Mitchell Jr.,2.0,Guard,76.0,180.0,Aurora,CO,,,2026,2026
23,2065,Bethune-Cookman,SWAC,2026,7567,5108148,Daniel Rouzan,Daniel,Rouzan,23.0,Forward,80.0,235.0,Las Vegas,NV,,,2025,2026
23,2065,Bethune-Cookman,SWAC,2026,7574,5106709,David Onanina,David,Onanina,33.0,Center,80.0,230.0,Yaounde,CMR,,,2025,2026
23,2065,Bethune-Cookman,SWAC,2026,7575,5178200,Seneca Willoughby,Seneca,Willoughby,3.0,Guard,75.0,185.0,Philadelphia,PA,,,2024,2026
23,2065,Bethune-Cookman,SWAC,2026,7578,5243201,William Gonzalez,William,Gonzalez,22.0,Guard,78.0,180.0,Chicago,IL,,,2025,2026
23,2065,Bethune-Cookman,SWAC,2026,7580,5108848,Simeon Womack,Simeon,Womack,30.0,Guard,74.0,170.0,Jacksonville,FL,,,2023,2026
85,50,Florida A&M,SWAC,2026,5655,4684293,Kaleb Washington,Kaleb,Washington,10.0,Forward,80.0,210.0,Atlanta,GA,,,2025,2026
85,50,Florida A&M,SWAC,2026,5660,4897175,Tyler Shirley,Tyler,Shirley,22.0,Forward,80.0,210.0,Atlanta,GA,,,2025,2026
85,50,Florida A&M,SWAC,2026,5664,5107408,Jordan Chatman,Jordan,Chatman,2.0,Guard,76.0,210.0,Birmingham,AL,,,2023,2026
85,50,Florida A&M,SWAC,2026,5666,5243337,Lenard Taylor Jr.,Lenard,Taylor Jr.,0.0,Guard,74.0,195.0,Baltimore,MD,,,2025,2026
85,50,Florida A&M,SWAC,2026,5667,5243336,Malcolm Stute,Malcolm,Stute,14.0,Guard,76.0,195.0,Alexandria,VA,,,2025,2026
85,50,Florida A&M,SWAC,2026,199195,5313444,Anthony Knowles,Anthony,Knowles,12.0,Guard,72.0,195.0,Miami,FL,,,2026,2026
85,50,Florida A&M,SWAC,2026,199196,5313446,Miles Ndalama,Miles,Ndalama,34.0,Center,83.0,245.0,Ndola,ZAM,,,2026,2026
85,50,Florida A&M,SWAC,2026,199198,5313445,Devere Palmer Jr,Devere,Palmer Jr,13.0,Guard,78.0,185.0,Queens,NY,,,2026,2026
85,50,Florida A&M,SWAC,2026,7337,5177530,Micah Octave,Micah,Octave,11.0,Guard,77.0,185.0,Boca Raton,FL,,,2026,2026
85,50,Florida A&M,SWAC,2026,985,5105593,Jaquan Sanders,Jaquan,Sanders,3.0,Guard,76.0,180.0,Far Rockaway,NY,,,2026,2026
85,50,Florida A&M,SWAC,2026,2615,5177189,Anquan Boldin Jr,Anquan,Boldin Jr,4.0,Guard,76.0,195.0,Delray Beach,FL,,,2026,2026
85,50,Florida A&M,SWAC,2026,723,5241426,Tuscan Onuoha,Tuscan,Onuoha,55.0,Forward,83.0,250.0,Sydney,NSW,,,2026,2026
85,50,Florida A&M,SWAC,2026,211914,5323983,Amir Rahman,Amir,Rahman,8.0,Guard,75.0,190.0,Brentwood,TN,,,2026,2026
85,50,Florida A&M,SWAC,2026,214598,5325879,Antonio Baker Jr.,Antonio,Baker Jr.,1.0,Guard,75.0,190.0,Savannah,GA,,,2026,2026
49,236,Chattanooga,SoCon,2026,198618,5314471,Zach Bleshoy,Zach,Bleshoy,4.0,Guard,76.0,185.0,Marietta,GA,,,2026,2026
49,236,Chattanooga,SoCon,2026,198619,5314474,Josh Bowman,Josh,Bowman,30.0,Forward,81.0,205.0,Huntsville,AL,,,2026,2026
49,236,Chattanooga,SoCon,2026,198621,5314470,Tate Darner,Tate,Darner,0.0,Guard,76.0,180.0,Lakeland,FL,,,2026,2026
49,236,Chattanooga,SoCon,2026,198623,5314472,Jordan Frison,Jordan,Frison,5.0,Guard,72.0,170.0,Memphis,TN,,,2026,2026
49,236,Chattanooga,SoCon,2026,4366,4897364,Brennan Watkins,Brennan,Watkins,1.0,Guard,72.0,180.0,Kearney,MO,,,2026,2026
49,236,Chattanooga,SoCon,2026,3465,5108028,Billy Smith,Billy,Smith,11.0,Guard,79.0,205.0,Indianapolis,IN,,,2026,2026
49,236,Chattanooga,SoCon,2026,6686,5175372,Sebastian Hartmann,Sebastian,Hartmann,2.0,Guard,78.0,210.0,Munich,GER,,,2026,2026
49,236,Chattanooga,SoCon,2026,11850,5116435,Jikari Johnson,Jikari,Johnson,3.0,Guard,76.0,165.0,Durham,NC,,,2026,2026
49,236,Chattanooga,SoCon,2026,7071,5243219,Latif Diouf,Latif,Diouf,23.0,Forward,81.0,240.0,Gouda,NED,,,2025,2026
49,236,Chattanooga,SoCon,2026,7072,5176110,Sean Cusano,Sean,Cusano,7.0,Forward,81.0,215.0,Hilton Head Island,SC,,,2024,2026
49,236,Chattanooga,SoCon,2026,7075,4897859,Makai Richards,Makai,Richards,34.0,Forward,82.0,225.0,Oak Park,CA,,,2025,2026
49,236,Chattanooga,SoCon,2026,7076,5243222,Parker Robison,Parker,Robison,55.0,Guard,72.0,175.0,Chattanooga,TN,,,2025,2026
49,236,Chattanooga,SoCon,2026,7080,5243218,Liam Vitters,Liam,Vitters,20.0,Forward,77.0,220.0,Arlington,VA,,,2025,2026
49,236,Chattanooga,SoCon,2026,7081,5176111,Collin Mulholland,Collin,Mulholland,21.0,Forward,82.0,218.0,Kitchener,ON,,,2024,2026
49,236,Chattanooga,SoCon,2026,7083,5243217,Houston Holland,Houston,Holland,13.0,Guard,75.0,195.0,Chattanooga,TN,,,2025,2026
49,236,Chattanooga,SoCon,2026,7084,5181765,Ryan Lopez,Ryan,Lopez,6.0,Guard,68.0,175.0,Ooltewah,TN,,,2024,2026
49,236,Chattanooga,SoCon,2026,4616,5176712,Teddy Washington Jr.,Teddy,Washington Jr.,10.0,Guard,74.0,175.0,Blytheville,AR,,,2026,2026
299,2643,The Citadel,SoCon,2026,5716,5114809,Sola Adebisi,Sola,Adebisi,8.0,Forward,79.0,205.0,Alpharetta,GA,,,2025,2026
299,2643,The Citadel,SoCon,2026,5721,5176171,Christian Moore,Christian,Moore,1.0,Forward,78.0,225.0,Los Angeles,CA,,,2024,2026
299,2643,The Citadel,SoCon,2026,5722,5243243,Eze Wali,Eze,Wali,5.0,Guard,73.0,185.0,Providence,RI,,,2025,2026
299,2643,The Citadel,SoCon,2026,5723,5176173,Keynan Davis,Keynan,Davis,22.0,Guard,77.0,205.0,Chicago,IL,,,2024,2026
299,2643,The Citadel,SoCon,2026,5727,5243247,Aidan Alexander,Aidan,Alexander,12.0,Forward,76.0,180.0,Charleston,SC,,,2025,2026
299,2643,The Citadel,SoCon,2026,5728,5243245,Dante Kearse,Dante,Kearse,11.0,Forward,76.0,195.0,Richmond,VA,,,2025,2026
299,2643,The Citadel,SoCon,2026,5732,5243246,Jack Walter,Jack,Walter,13.0,Guard,74.0,190.0,Honolulu,HI,,,2025,2026
299,2643,The Citadel,SoCon,2026,5735,5176174,Rowan Irelan,Rowan,Irelan,24.0,Guard,75.0,195.0,Mount Pleasant,SC,,,2024,2026
299,2643,The Citadel,SoCon,2026,5489,4897421,Carter Kingsbury,Carter,Kingsbury,14.0,Guard,77.0,225.0,Ponca,NE,,,2026,2026
299,2643,The Citadel,SoCon,2026,202583,5314551,Logan Applegate,Logan,Applegate,4.0,Guard,74.0,185.0,Nevada,MO,,,2026,2026
299,2643,The Citadel,SoCon,2026,202584,5314556,Cassius Bonjasky,Cassius,Bonjasky,25.0,Forward,79.0,230.0,Almere,NED,,,2026,2026
299,2643,The Citadel,SoCon,2026,202586,5314555,Simeon German,Simeon,German,23.0,Forward,82.0,230.0,Lagos,NGR,,,2026,2026
299,2643,The Citadel,SoCon,2026,202587,5314550,Marcos Gonzales,Marcos,Gonzales,3.0,Guard,75.0,180.0,Chicago,IL,,,2026,2026
299,2643,The Citadel,SoCon,2026,202588,5314549,Jameson Heck,Jameson,Heck,2.0,Guard,67.0,170.0,Waterville,OH,,,2026,2026
299,2643,The Citadel,SoCon,2026,202589,5314552,Gabe Hernandez,Gabe,Hernandez,7.0,Guard,71.0,180.0,Doral,FL,,,2026,2026
299,2643,The Citadel,SoCon,2026,202593,5314557,Logan Menefee,Logan,Menefee,30.0,Forward,82.0,210.0,Missouri City,TX,,,2026,2026
299,2643,The Citadel,SoCon,2026,202597,5314553,Braxton Williams,Braxton,Williams,10.0,Forward,78.0,215.0,Thomasville,AL,,,2026,2026
299,2643,The Citadel,SoCon,2026,202598,5314554,Chase Williams,Chase,Williams,15.0,Forward,80.0,220.0,Bladenboro,NC,,,2026,2026
348,2717,Western Carolina,SoCon,2026,3715,5107345,Marcus Kell,Marcus,Kell,23.0,Forward,80.0,213.0,Fort Mill,SC,,,2023,2026
348,2717,Western Carolina,SoCon,2026,3719,5105455,Cord Stansberry,Cord,Stansberry,0.0,Guard,76.0,180.0,Bermuda Dunes,CA,,,2025,2026
348,2717,Western Carolina,SoCon,2026,3721,5107172,Vernon Collins,Vernon,Collins,33.0,Forward,82.0,224.0,Chocowinity,NC,,,2025,2026
348,2717,Western Carolina,SoCon,2026,3722,4897502,Chase McKey,Chase,McKey,1.0,Forward,82.0,202.0,Atlanta,GA,,,2025,2026
348,2717,Western Carolina,SoCon,2026,3724,5243270,Fischer Brown,Fischer,Brown,20.0,Guard,76.0,180.0,Lewistown,MT,,,2025,2026
348,2717,Western Carolina,SoCon,2026,3726,5243266,CJ Hyland,CJ,Hyland,2.0,Guard,73.0,175.0,Loganville,GA,,,2025,2026
348,2717,Western Carolina,SoCon,2026,3728,5243269,Max Williams,Max,Williams,17.0,Guard,78.0,180.0,Hanover,VA,,,2025,2026
348,2717,Western Carolina,SoCon,2026,12917,5225519,Drew Hollifield,Drew,Hollifield,11.0,Guard,71.0,190.0,Shelby,NC,,,2025,2026
348,2717,Western Carolina,SoCon,2026,903,5241916,Abdulai Fanta Kabba,Abdulai,Fanta Kabba,7.0,Center,84.0,235.0,Kenema,SLE,,,2026,2026
348,2717,Western Carolina,SoCon,2026,2175,4897626,Julien Soumaoro,Julien,Soumaoro,3.0,Guard,71.0,175.0,Bronx,NY,,,2026,2026
348,2717,Western Carolina,SoCon,2026,6452,5177606,Tidjiane Dioumassi,Tidjiane,Dioumassi,22.0,Guard,76.0,200.0,Paris,FRA,,,2026,2026
348,2717,Western Carolina,SoCon,2026,4975,5239588,Justin Johnson,Justin,Johnson,4.0,Forward,80.0,200.0,Miami,FL,,,2026,2026
348,2717,Western Carolina,SoCon,2026,203315,5315246,Samuel Dada,Samuel,Dada,12.0,Forward,81.0,225.0,Lagos,NGR,,,2026,2026
348,2717,Western Carolina,SoCon,2026,203316,5315244,Titian DeRosa,Titian,DeRosa,5.0,Guard,69.0,150.0,Bethesda,MD,,,2026,2026
348,2717,Western Carolina,SoCon,2026,203324,5315245,Tahlan Pettway,Tahlan,Pettway,8.0,Guard,74.0,165.0,Worcester,MA,,,2026,2026
348,2717,Western Carolina,SoCon,2026,203325,5315247,Tayeshaun Smith,Tayeshaun,Smith,21.0,Forward,79.0,220.0,Raleigh,NC,,,2026,2026
356,2747,Wofford,SoCon,2026,960,5243278,Kahmare Holmes,Kahmare,Holmes,11.0,Guard,75.0,205.0,Charlotte,NC,,,2025,2026
356,2747,Wofford,SoCon,2026,961,5243276,Luke Flynn,Luke,Flynn,2.0,Guard,73.0,185.0,Marietta,GA,,,2025,2026
356,2747,Wofford,SoCon,2026,963,5243277,Cannon Richards,Cannon,Richards,7.0,Forward,79.0,205.0,Atlanta,GA,,,2025,2026
356,2747,Wofford,SoCon,2026,25037,5121357,Brendan Rigsbee,Brendan,Rigsbee,5.0,Athlete,74.0,185.0,Suwanne,GA,,,2026,2026
356,2747,Wofford,SoCon,2026,4900,5176177,Cayden Vasko,Cayden,Vasko,0.0,Guard,78.0,195.0,Lowell,IN,,,2026,2026
356,2747,Wofford,SoCon,2026,2176,5175056,Callum Richard,Callum,Richard,32.0,Center,82.0,235.0,Stanley,NC,,,2026,2026
356,2747,Wofford,SoCon,2026,341,5175080,Nils Machowski,Nils,Machowski,21.0,Guard,75.0,183.0,Berlin,GER,,,2026,2026
356,2747,Wofford,SoCon,2026,203466,5314616,Grayson Collins,Grayson,Collins,12.0,Guard,71.0,170.0,Nashville,TN,,,2026,2026
356,2747,Wofford,SoCon,2026,203470,5314617,Davis Miller,Davis,Miller,14.0,Guard,75.0,194.0,Lexington,KY,,,2026,2026
356,2747,Wofford,SoCon,2026,203471,5314615,Maximo Ortega,Maximo,Ortega,10.0,Guard,74.0,188.0,Weston,FL,,,2026,2026
356,2747,Wofford,SoCon,2026,203472,5314614,Alessandro Perotti,Alessandro,Perotti,9.0,Forward,82.0,245.0,Turin,ITA,,,2026,2026
356,2747,Wofford,SoCon,2026,203476,5314618,Rex Stirling,Rex,Stirling,25.0,Forward,80.0,220.0,Melbourne,VIC,,,2026,2026
356,2747,Wofford,SoCon,2026,203477,5314611,Brian Sumpter,Brian,Sumpter,1.0,Forward,80.0,185.0,Columbia,SC,,,2026,2026
356,2747,Wofford,SoCon,2026,203478,5314613,Jayden Tyler,Jayden,Tyler,8.0,Guard,70.0,160.0,Chicago,IL,,,2026,2026
356,2747,Wofford,SoCon,2026,203480,5314612,Chace Watley,Chace,Watley,4.0,Guard,74.0,187.0,Minneapolis,MN,,,2026,2026
320,2430,UNC Greensboro,SoCon,2026,2242,5176222,Domas Kauzonas,Domas,Kauzonas,16.0,Forward,82.0,240.0,Vilnius,LTU,,,2024,2026
320,2430,UNC Greensboro,SoCon,2026,2248,5243252,Clinton Efinda,Clinton,Efinda,2.0,Forward,77.0,220.0,Naas,IRL,,,2025,2026
320,2430,UNC Greensboro,SoCon,2026,2250,5243253,Clyde Bailey II,Clyde,Bailey II,7.0,Guard,73.0,180.0,Virginia Beach,VA,,,2025,2026
320,2430,UNC Greensboro,SoCon,2026,7570,4396634,Antwann Jones,Antwann,Jones,0.0,Guard,78.0,225.0,Orlando,FL,,,2026,2026
320,2430,UNC Greensboro,SoCon,2026,2899,5106053,Valentino Pinedo,Valentino,Pinedo,11.0,Forward,80.0,230.0,Murcia,ESP,,,2026,2026
320,2430,UNC Greensboro,SoCon,2026,4768,4896620,Justin Neely,Justin,Neely,12.0,Forward,78.0,220.0,Miami Beach,FL,,,2026,2026
320,2430,UNC Greensboro,SoCon,2026,202909,5314572,Braylen Bowman,Braylen,Bowman,9.0,Guard,73.0,170.0,Charlotte,NC,,,2026,2026
320,2430,UNC Greensboro,SoCon,2026,202910,5314568,Jordan Brown,Jordan,Brown,3.0,Guard,73.0,200.0,Atlanta,GA,,,2026,2026
320,2430,UNC Greensboro,SoCon,2026,202911,5314571,Chane Bynum,Chane,Bynum,8.0,Forward,81.0,195.0,Atlanta,GA,,,2026,2026
320,2430,UNC Greensboro,SoCon,2026,202915,5314575,Landon King,Landon,King,24.0,Guard,73.0,188.0,Charlotte,NC,,,2026,2026
320,2430,UNC Greensboro,SoCon,2026,202916,5314569,Assane Mandian,Assane,Mandian,4.0,Guard,79.0,205.0,Saly,SEN,,,2026,2026
320,2430,UNC Greensboro,SoCon,2026,202917,5314576,Lilian Marville,Lilian,Marville,45.0,Guard,73.0,180.0,Orleans,FRA,,,2026,2026
320,2430,UNC Greensboro,SoCon,2026,202919,5314570,Noah Norgaard,Noah,Norgaard,6.0,Guard,74.0,194.0,Copenhagen,DEN,,,2026,2026
320,2430,UNC Greensboro,SoCon,2026,202921,5314573,Donald Whitehead Jr.,Donald,Whitehead Jr.,13.0,Guard,70.0,160.0,Hermitage,PA,,,2026,2026
320,2430,UNC Greensboro,SoCon,2026,202922,5314574,KJ Younger,KJ,Younger,21.0,Guard,76.0,218.0,Matthews,NC,,,2026,2026
93,231,Furman,SoCon,2026,2060,5176136,Cooper Bowser,Cooper,Bowser,21.0,Forward,83.0,215.0,Woodbridge,VA,,,2024,2026
93,231,Furman,SoCon,2026,2061,5107369,Ben Vander Wal,Ben,Vander Wal,4.0,Forward,79.0,220.0,Elmhurst,IL,,,2023,2026
93,231,Furman,SoCon,2026,2064,4896557,Tom House,Tom,House,12.0,Guard,79.0,200.0,Dayton,OH,,,2025,2026
93,231,Furman,SoCon,2026,2066,5243231,Mason Smith,Mason,Smith,5.0,Forward,79.0,200.0,Huntersville,NC,,,2025,2026
93,231,Furman,SoCon,2026,2067,5176205,Thomas Tillman,Thomas,Tillman,30.0,Forward,78.0,200.0,Charleston,SC,,,2024,2026
93,231,Furman,SoCon,2026,2069,5107368,Davis Molnar,Davis,Molnar,77.0,Forward,78.0,215.0,Fayetteville,NC,,,2023,2026
93,231,Furman,SoCon,2026,2072,5176133,Eddrin Bronson,Eddrin,Bronson,2.0,Guard,76.0,184.0,Tampa,FL,,,2024,2026
93,231,Furman,SoCon,2026,2073,5243230,Charles Johnston,Charles,Johnston,1.0,Forward,83.0,225.0,Sydney,NSW,,,2025,2026
93,231,Furman,SoCon,2026,199295,5314509,Cole Bowser,Cole,Bowser,6.0,Guard,78.0,200.0,Bowie,MD,,,2026,2026
93,231,Furman,SoCon,2026,199298,5314508,Abijah Franklin,Abijah,Franklin,0.0,Guard,77.0,180.0,Greenville,SC,,,2026,2026
93,231,Furman,SoCon,2026,199301,5314512,Gunnar Lewis,Gunnar,Lewis,11.0,Guard,70.0,165.0,Cottontown,TN,,,2026,2026
93,231,Furman,SoCon,2026,199303,5314510,Collin O'Neal,Collin,O'Neal,8.0,Guard,76.0,200.0,Nashville,TN,,,2026,2026
93,231,Furman,SoCon,2026,199304,5314514,Owen Ritger,Owen,Ritger,15.0,Forward,81.0,218.0,Atlanta,GA,,,2026,2026
93,231,Furman,SoCon,2026,199309,5314511,Alex Wilkins,Alex,Wilkins,10.0,Guard,77.0,175.0,Mattapan,MA,,,2026,2026
93,231,Furman,SoCon,2026,3453,4895755,Asa Thomas,Asa,Thomas,3.0,Forward,79.0,200.0,Lake Forest,IL,,,2026,2026
256,2535,Samford,SoCon,2026,3679,5107366,Joshua Hughes,Joshua,Hughes,31.0,Forward,77.0,215.0,Woodstock,GA,,,2023,2026
256,2535,Samford,SoCon,2026,3681,5243239,Corey Brown,Corey,Brown,21.0,Guard,76.0,175.0,Fairburn,GA,,,2025,2026
256,2535,Samford,SoCon,2026,3685,5144382,Zion Wilburn,Zion,Wilburn,8.0,Guard,77.0,190.0,Richmond,CA,,,2025,2026
256,2535,Samford,SoCon,2026,3689,5243240,Caleb Harrison,Caleb,Harrison,23.0,Forward,81.0,205.0,Huntsville,AL,,,2025,2026
256,2535,Samford,SoCon,2026,4937,4589475,DaJion Humphrey,DaJion,Humphrey,1.0,Guard,76.0,185.0,Detroit,MI,,,2026,2026
256,2535,Samford,SoCon,2026,4598,5241374,Cade Norris,Cade,Norris,5.0,Guard,76.0,200.0,Hilliard,OH,,,2026,2026
256,2535,Samford,SoCon,2026,7211,5241906,Kam Martin,Kam,Martin,10.0,Guard,76.0,175.0,Montgomery County,MD,,,2026,2026
256,2535,Samford,SoCon,2026,3961,4684838,Will Shaver,Will,Shaver,35.0,Forward,82.0,265.0,Birmingham,AL,,,2026,2026
256,2535,Samford,SoCon,2026,3259,5176239,Jaxon Pollard,Jaxon,Pollard,22.0,Forward,79.0,225.0,Cedar Hills,UT,,,2026,2026
256,2535,Samford,SoCon,2026,549,4898194,Keaton Norris,Keaton,Norris,3.0,Guard,72.0,175.0,Hilliard,OH,,,2026,2026
256,2535,Samford,SoCon,2026,4724,5247933,Judson Bjornstad,Judson,Bjornstad,4.0,Athlete,80.0,200.0,Murfreesboro,TN,,,2026,2026
256,2535,Samford,SoCon,2026,5536,5176193,Dylan Faulkner,Dylan,Faulkner,15.0,Forward,81.0,215.0,Calhoun,GA,,,2026,2026
256,2535,Samford,SoCon,2026,5538,5176194,Zach Lamey,Zach,Lamey,33.0,Guard,75.0,175.0,Birmingham,AL,,,2026,2026
256,2535,Samford,SoCon,2026,31618,4702680,Jadin Booth,Jadin,Booth,2.0,Guard,74.0,185.0,Omaha,NE,,,2026,2026
256,2535,Samford,SoCon,2026,201826,5101768,Isaiah Campbell-Finch,Isaiah,Campbell-Finch,0.0,Guard,72.0,165.0,Tampa,FL,,,2026,2026
256,2535,Samford,SoCon,2026,201827,5314544,Cooper Davenport,Cooper,Davenport,11.0,Guard,71.0,160.0,Henderson,KY,,,2026,2026
256,2535,Samford,SoCon,2026,201829,5314543,JD Gossett,JD,Gossett,7.0,Guard,77.0,185.0,Huntsville,AL,,,2026,2026
164,2382,Mercer,SoCon,2026,8662,5108878,TJ Grant,TJ,Grant,14.0,Forward,77.0,210.0,Warner Robins,GA,,,2023,2026
164,2382,Mercer,SoCon,2026,8664,5243235,Alex Koch,Alex,Koch,15.0,Center,80.0,200.0,Athens,GA,,,2025,2026
164,2382,Mercer,SoCon,2026,8665,5243236,Brady Shoulders,Brady,Shoulders,11.0,Guard,78.0,200.0,Eddyville,KY,,,2025,2026
164,2382,Mercer,SoCon,2026,8668,5174576,Petras Padegimas,Petras,Padegimas,12.0,Forward,80.0,220.0,Kaunas,LTU,,,2025,2026
164,2382,Mercer,SoCon,2026,8669,5243237,Braeden Carlsen,Braeden,Carlsen,23.0,Guard,76.0,200.0,Wauconda,IL,,,2025,2026
164,2382,Mercer,SoCon,2026,4908,4917161,Armani Mighty,Armani,Mighty,26.0,Center,82.0,240.0,Toronto,CA,,,2026,2026
164,2382,Mercer,SoCon,2026,8482,5105414,Bendji Pierre,Bendji,Pierre,8.0,Forward,80.0,230.0,Irvington,NJ,,,2026,2026
164,2382,Mercer,SoCon,2026,5709,4702097,Connor Serven,Connor,Serven,2.0,Forward,80.0,225.0,Prairie City,IL,,,2026,2026
164,2382,Mercer,SoCon,2026,3357,4816087,Kyle Cuffe Jr.,Kyle,Cuffe Jr.,5.0,Guard,74.0,190.0,Harlem,NY,,,2026,2026
164,2382,Mercer,SoCon,2026,200426,5314530,Jaydon Cole,Jaydon,Cole,22.0,Guard,75.0,180.0,Milton,GA,,,2026,2026
164,2382,Mercer,SoCon,2026,3186,4845379,Tristan Gross,Tristan,Gross,10.0,Guard,78.0,185.0,St. Petersburg,FL,,,2026,2026
164,2382,Mercer,SoCon,2026,200432,5314528,NJ Nganga,NJ,Nganga,0.0,Guard,79.0,,Dallas,TX,,,2026,2026
164,2382,Mercer,SoCon,2026,5518,5174594,Baraka Okojie,Baraka,Okojie,6.0,Guard,75.0,195.0,Brampton,ON,,,2026,2026
164,2382,Mercer,SoCon,2026,16135,5176784,Quinton Perkins II,Quinton,Perkins II,3.0,Guard,73.0,180.0,Dallas,TX,,,2026,2026
164,2382,Mercer,SoCon,2026,200440,5314529,Pero Zubac,Pero,Zubac,18.0,Forward,82.0,235.0,Citluk,BIH,,,2026,2026
164,2382,Mercer,SoCon,2026,7858,4897951,Zaire Williams,Zaire,Williams,1.0,Guard,76.0,200.0,Brooklyn,NY,,,2026,2026
162,2377,McNeese,Southland,2026,1276,4701125,Javohn Garcia,Javohn,Garcia,1.0,Guard,75.0,185.0,Columbus,OH,,,2024,2026
162,2377,McNeese,Southland,2026,1280,5106843,DJ Richards Jr.,DJ,Richards Jr.,2.0,Guard,76.0,185.0,Houston,TX,,,2024,2026
162,2377,McNeese,Southland,2026,1284,5242577,Erik Villarreal,Erik,Villarreal,14.0,Guard,75.0,190.0,Houston,TX,,,2025,2026
162,2377,McNeese,Southland,2026,1288,4845366,T'Johnn Brown,T'Johnn,Brown,0.0,Guard,71.0,164.0,Dallas,TX,,,2024,2026
162,2377,McNeese,Southland,2026,6386,4711271,Carl Cherenfant,Carl,Cherenfant,23.0,Guard,77.0,195.0,Pompano Beach,FL,,,2026,2026
162,2377,McNeese,Southland,2026,167,5175027,Yanis Ndjonga,Yanis,Ndjonga,13.0,Forward,80.0,220.0,Yaounde,CMR,,,2026,2026
162,2377,McNeese,Southland,2026,477,5186554,JJ Rembert,JJ,Rembert,9.0,Guard,70.0,155.0,Queens,NY,,,2026,2026
162,2377,McNeese,Southland,2026,6238,5238222,Jacolb Fredson-Cole,Jacolb,Fredson-Cole,10.0,Forward,79.0,220.0,Houston,TX,,,2026,2026
162,2377,McNeese,Southland,2026,6153,4433273,Jerrell Colbert,Jerrell,Colbert,7.0,Forward,82.0,235.0,Houston,TX,,,2026,2026
162,2377,McNeese,Southland,2026,4401,5175726,Tyshawn Archie,Tyshawn,Archie,8.0,Guard,73.0,165.0,Houston,TX,,,2026,2026
162,2377,McNeese,Southland,2026,200393,5313568,Kaleb Brewer,Kaleb,Brewer,11.0,Guard,73.0,180.0,Waco,TX,,,2026,2026
162,2377,McNeese,Southland,2026,200401,5313569,Peitok Machar,Peitok,Machar,15.0,Forward,82.0,215.0,Sydney,NSW,,,2026,2026
162,2377,McNeese,Southland,2026,200402,5313570,Abdou Akim Mazou Tahirou,Abdou Akim,Mazou Tahirou,27.0,Forward,82.0,180.0,Bronx,NY,,,2026,2026
162,2377,McNeese,Southland,2026,4096,5077373,Garwey Dual,Garwey,Dual,3.0,Guard,77.0,205.0,Houston,TX,,,2026,2026
162,2377,McNeese,Southland,2026,7818,5144375,Larry Johnson,Larry,Johnson,6.0,Guard,76.0,200.0,Savannah,GA,,,2026,2026
211,2466,Northwestern State,Southland,2026,3757,4897467,Micah Thomas,Micah,Thomas,5.0,Guard,72.0,165.0,Oklahoma City,OK,,,2025,2026
211,2466,Northwestern State,Southland,2026,3758,5243094,Willie Williams,Willie,Williams,23.0,Forward,78.0,235.0,Houston,TX,,,2025,2026
211,2466,Northwestern State,Southland,2026,459,5175654,Quentin Bolton,Quentin,Bolton,33.0,Guard,78.0,220.0,Racine,WI,,,2026,2026
211,2466,Northwestern State,Southland,2026,164,5175026,Omar Adegbola,Omar,Adegbola,25.0,Guard,76.0,205.0,Houston,TX,,,2026,2026
211,2466,Northwestern State,Southland,2026,6137,5176781,Izzy Miles,Izzy,Miles,0.0,Guard,74.0,190.0,Huntsville,AL,,,2026,2026
211,2466,Northwestern State,Southland,2026,17466,5176415,Chip Brunt,Chip,Brunt,1.0,Guard,77.0,165.0,Memphis,TN,,,2026,2026
211,2466,Northwestern State,Southland,2026,201185,5314536,CJ Larry,CJ,Larry,4.0,Point Guard,75.0,180.0,Jonesboro,AR,,,2026,2026
211,2466,Northwestern State,Southland,2026,201186,5314537,Moustapha Loum,Moustapha,Loum,8.0,Forward,82.0,220.0,Dakar,SEN,,,2026,2026
211,2466,Northwestern State,Southland,2026,201189,5314539,Seth Ned,Seth,Ned,15.0,Guard,70.0,165.0,Westlake,LA,,,2026,2026
211,2466,Northwestern State,Southland,2026,201193,5314538,Kordrick Turner,Kordrick,Turner,10.0,Forward,78.0,240.0,Sulphur Springs,TX,,,2026,2026
211,2466,Northwestern State,Southland,2026,3759,5176673,J.C. Riley Jr.,J.C.,Riley Jr.,21.0,Center,82.0,250.0,Atlanta,GA,,,2024,2026
211,2466,Northwestern State,Southland,2026,3761,5243089,Landyn Jumawan,Landyn,Jumawan,3.0,Guard,76.0,190.0,Wahiawa,HI,,,2025,2026
211,2466,Northwestern State,Southland,2026,3762,5176672,Chris Mubiru,Chris,Mubiru,11.0,Guard,77.0,199.0,Philadelphia,PA,,,2024,2026
211,2466,Northwestern State,Southland,2026,3766,5243093,Justin Redmond,Justin,Redmond,13.0,Guard,74.0,170.0,Snellville,GA,,,2025,2026
195,2447,Nicholls,Southland,2026,6423,4897337,Trae English,Trae,English,1.0,Guard,72.0,175.0,Baltimore,MD,,,2025,2026
195,2447,Nicholls,Southland,2026,6425,5107701,Sincere Malone,Sincere,Malone,5.0,Forward,80.0,210.0,Chicago,IL,,,2025,2026
195,2447,Nicholls,Southland,2026,6427,5176646,Jaylen Searles,Jaylen,Searles,3.0,Guard,80.0,195.0,Everett,WA,,,2025,2026
195,2447,Nicholls,Southland,2026,5602,5177699,Jalin Rice,Jalin,Rice,0.0,Guard,75.0,185.0,Flora,MS,,,2026,2026
195,2447,Nicholls,Southland,2026,3380,5105975,Christian Winborne,Christian,Winborne,13.0,Guard,75.0,185.0,Baltimore,MD,,,2026,2026
195,2447,Nicholls,Southland,2026,889,5239815,Chaydon Stone,Chaydon,Stone,2.0,Guard,76.0,185.0,Macon,GA,,,2026,2026
195,2447,Nicholls,Southland,2026,508,5238199,Kevin Pazmino,Kevin,Pazmino,8.0,Guard,76.0,195.0,Weston,FL,,,2026,2026
195,2447,Nicholls,Southland,2026,200916,5313591,Zaiden Cross,Zaiden,Cross,9.0,Guard,79.0,180.0,Scarborough,ON,,,2026,2026
195,2447,Nicholls,Southland,2026,200917,5313592,Jalik Dunkley,Jalik,Dunkley,22.0,Guard,79.0,200.0,Hamilton,ON,,,2026,2026
195,2447,Nicholls,Southland,2026,6132,5105625,Nick Krass,Nick,Krass,21.0,Guard,76.0,195.0,Gulfport,MS,,,2026,2026
195,2447,Nicholls,Southland,2026,200922,5313590,Jordan Matthews,Jordan,Matthews,6.0,Guard,75.0,170.0,Houma,LA,,,2026,2026
195,2447,Nicholls,Southland,2026,14043,5116500,Grant Sanders,Grant,Sanders,7.0,Forward,82.0,205.0,McDonough,GA,,,2026,2026
195,2447,Nicholls,Southland,2026,14057,5190869,Domanic Betancourt,Domanic,Betancourt,25.0,Forward,82.0,225.0,Tampa,FL,,,2026,2026
195,2447,Nicholls,Southland,2026,17479,4897548,Zee Hamoda,Zee,Hamoda,24.0,Guard,79.0,180.0,Riffa,BRN,,,2026,2026
246,2545,SE Louisiana,Southland,2026,6113,5243102,Jeremy Elyzee,Jeremy,Elyzee,0.0,Forward,79.0,200.0,Hialeah,FL,,,2025,2026
246,2545,SE Louisiana,Southland,2026,6121,5243104,Kyle Edison,Kyle,Edison,5.0,Guard,75.0,185.0,West Palm Beach,FL,,,2025,2026
246,2545,SE Louisiana,Southland,2026,6122,5176658,CJ Booker,CJ,Booker,4.0,Guard,70.0,150.0,Midlothian,TX,,,2025,2026
246,2545,SE Louisiana,Southland,2026,6123,5124659,Ahmed Essahaty,Ahmed,Essahaty,12.0,Guard,74.0,200.0,Wellington,NZL,,,2025,2026
246,2545,SE Louisiana,Southland,2026,6125,5243105,Jaiden Lawrence,Jaiden,Lawrence,10.0,Guard,76.0,195.0,Bowling Green,KY,,,2025,2026
246,2545,SE Louisiana,Southland,2026,6068,5107520,Jalen Forrest,Jalen,Forrest,2.0,Guard,76.0,230.0,Atlanta,GA,,,2026,2026
246,2545,SE Louisiana,Southland,2026,6928,5240906,Seth Jones,Seth,Jones,7.0,Guard,73.0,178.0,Dickinson,TX,,,2026,2026
246,2545,SE Louisiana,Southland,2026,3963,5240393,Makhi Myles,Makhi,Myles,1.0,Guard,79.0,200.0,Starkville,MS,,,2026,2026
246,2545,SE Louisiana,Southland,2026,3027,5106865,Isaiah Gaines,Isaiah,Gaines,23.0,Forward,80.0,225.0,Pensacola,FL,,,2026,2026
246,2545,SE Louisiana,Southland,2026,4492,5176390,Ethan Pickett,Ethan,Pickett,3.0,Guard,77.0,205.0,Pensacola,FL,,,2026,2026
246,2545,SE Louisiana,Southland,2026,201955,5314565,Cody Al-Naziat,Cody,Al-Naziat,9.0,Guard,74.0,,Hammond,LA,,,2026,2026
246,2545,SE Louisiana,Southland,2026,201957,5314566,Amir Chaney,Amir,Chaney,11.0,Point Guard,70.0,,Hammond,LA,,,2026,2026
246,2545,SE Louisiana,Southland,2026,7656,5108048,Ubong-Abasi Etim,Ubong-Abasi,Etim,6.0,Forward,81.0,230.0,Richmond,CA,,,2026,2026
246,2545,SE Louisiana,Southland,2026,201964,5314564,Peter Hemschemeier,Peter,Hemschemeier,8.0,Guard,77.0,,Paderborn,GER,,,2026,2026
246,2545,SE Louisiana,Southland,2026,201969,5314567,Garrett Shoemaker,Garrett,Shoemaker,32.0,Forward,81.0,,Livingston,LA,,,2026,2026
294,357,Texas A&M-Corpus Christi,Southland,2026,349,5243128,Sheldon Williams,Sheldon,Williams,6.0,Forward,80.0,215.0,Atmore,AL,,,2025,2026
294,357,Texas A&M-Corpus Christi,Southland,2026,357,5176710,Kam Parker,Kam,Parker,4.0,Guard,74.0,180.0,Tulsa,OK,,,2024,2026
294,357,Texas A&M-Corpus Christi,Southland,2026,360,5107813,Leo Torbor,Leo,Torbor,2.0,Guard,75.0,195.0,Brooklyn Park,MN,,,2025,2026
294,357,Texas A&M-Corpus Christi,Southland,2026,361,5243129,Kayden Crosby,Kayden,Crosby,7.0,Forward,79.0,195.0,Pflugerville,TX,,,2025,2026
294,357,Texas A&M-Corpus Christi,Southland,2026,362,5193275,Michael Oaks,Michael,Oaks,20.0,Forward,82.0,220.0,Houston,TX,,,2025,2026
294,357,Texas A&M-Corpus Christi,Southland,2026,2516,4585602,D'Avian Houston,D'Avian,Houston,0.0,Guard,74.0,210.0,Houston,TX,,,2026,2026
294,357,Texas A&M-Corpus Christi,Southland,2026,893,5241914,Nick Shogbonyo,Nick,Shogbonyo,1.0,Guard,73.0,185.0,Arlington,TX,,,2026,2026
294,357,Texas A&M-Corpus Christi,Southland,2026,202528,5314709,Cenker Evran,Cenker,Evran,99.0,Forward,80.0,235.0,Adana,TUR,,,2026,2026
294,357,Texas A&M-Corpus Christi,Southland,2026,26277,4898169,Mason Gibson,Mason,Gibson,3.0,Guard,72.0,170.0,Allen,TX,,,2026,2026
294,357,Texas A&M-Corpus Christi,Southland,2026,202530,5314706,Jaden Haire,Jaden,Haire,11.0,Forward,79.0,220.0,Hansford Co.,TX,,,2026,2026
294,357,Texas A&M-Corpus Christi,Southland,2026,202531,5314708,Cedric Horton,Cedric,Horton,14.0,Guard,77.0,175.0,Richmond,IN,,,2026,2026
294,357,Texas A&M-Corpus Christi,Southland,2026,202533,5314705,Daniel Michelini-Jackson,Daniel,Michelini-Jackson,10.0,Guard,77.0,180.0,Inglewood,CA,,,2026,2026
294,357,Texas A&M-Corpus Christi,Southland,2026,202535,5314707,Trenton Pane,Trenton,Pane,13.0,Guard,70.0,155.0,Allen,TX,,,2026,2026
294,357,Texas A&M-Corpus Christi,Southland,2026,202537,5314703,Kobi Pearson,Kobi,Pearson,5.0,Forward,80.0,200.0,Lancaster,TX,,,2026,2026
294,357,Texas A&M-Corpus Christi,Southland,2026,202540,5314704,Bryson Wheatfall,Bryson,Wheatfall,8.0,Guard,76.0,195.0,Humble,TX,,,2026,2026
294,357,Texas A&M-Corpus Christi,Southland,2026,13894,5111902,Franck Yetna,Franck,Yetna,22.0,Forward,79.0,200.0,Paris,FRA,,,2026,2026
294,357,Texas A&M-Corpus Christi,Southland,2026,16831,5107267,Jamal Ambrose,Jamal,Ambrose,24.0,Forward,82.0,250.0,Apple Valley,MN,,,2026,2026
193,2443,New Orleans,Southland,2026,7603,4848628,MJ Thomas,MJ,Thomas,23.0,Forward,80.0,226.0,Denton,TX,,,2025,2026
193,2443,New Orleans,Southland,2026,7607,5115621,Grant Kemp,Grant,Kemp,7.0,Guard,69.0,165.0,Madisonville,LA,,,2025,2026
193,2443,New Orleans,Southland,2026,6116,5108082,Jakevion Buckley,Jakevion,Buckley,5.0,Guard,74.0,173.0,Shelbyville,TX,,,2026,2026
193,2443,New Orleans,Southland,2026,4896,5108809,Coleton Benson,Coleton,Benson,22.0,Guard,74.0,184.0,Austin,TX,,,2026,2026
193,2443,New Orleans,Southland,2026,5780,5175360,Churchill Abass,Churchill,Abass,9.0,Center,82.0,260.0,Edo State,NGR,,,2026,2026
193,2443,New Orleans,Southland,2026,200889,5313580,Enzo Boudouma,Enzo,Boudouma,25.0,Forward,81.0,212.0,Fribourg,SUI,,,2026,2026
193,2443,New Orleans,Southland,2026,200891,5313578,Jamal Chretien II,Jamal,Chretien II,15.0,Guard,78.0,175.0,Katy,TX,,,2026,2026
193,2443,New Orleans,Southland,2026,200892,5313575,TJ Cope,TJ,Cope,6.0,Guard,79.0,190.0,Boston,MA,,,2026,2026
193,2443,New Orleans,Southland,2026,200893,5313574,Irish Coquia,Irish,Coquia,3.0,Guard,74.0,182.0,Vancouver,BC,,,2026,2026
193,2443,New Orleans,Southland,2026,200896,5313576,Eze Nwakamma,Eze,Nwakamma,10.0,Forward,80.0,204.0,Dallas,TX,,,2026,2026
193,2443,New Orleans,Southland,2026,200897,5313579,Kedrick Osby,Kedrick,Osby,21.0,Forward,79.0,205.0,Moss Point,MS,,,2026,2026
193,2443,New Orleans,Southland,2026,200898,5313581,Panagiotis Pagonis,Panagiotis,Pagonis,99.0,Forward,81.0,220.0,Athens,GRE,,,2026,2026
193,2443,New Orleans,Southland,2026,200900,5313577,Vieux Sanneh,Vieux,Sanneh,13.0,Forward,77.0,205.0,Palmdale,CA,,,2026,2026
193,2443,New Orleans,Southland,2026,8294,5174617,Mathok Majok,Mathok,Majok,11.0,Center,88.0,226.0,Wau,SS,,,2026,2026
193,2443,New Orleans,Southland,2026,16174,5174289,William Patterson,William,Patterson,20.0,Center,86.0,225.0,Brooklyn,NY,,,2026,2026
120,2916,Incarnate Word,Southland,2026,7139,5176580,Marcus Glover,Marcus,Glover,8.0,Forward,80.0,230.0,Chicago,IL,,,2024,2026
120,2916,Incarnate Word,Southland,2026,7143,5176164,Davion Bailey,Davion,Bailey,5.0,Guard,76.0,195.0,Indianapolis,IN,,,2025,2026
120,2916,Incarnate Word,Southland,2026,7144,5242568,Jordan Pyke,Jordan,Pyke,7.0,Forward,79.0,200.0,Greensboro,NC,,,2025,2026
120,2916,Incarnate Word,Southland,2026,7145,4869785,Jayden Williams,Jayden,Williams,4.0,Forward,81.0,230.0,Chicago,IL,,,2025,2026
120,2916,Incarnate Word,Southland,2026,7148,5177719,Harrison Reede,Harrison,Reede,6.0,Guard,73.0,173.0,Aberdeen,SD,,,2025,2026
120,2916,Incarnate Word,Southland,2026,7149,5108042,Amani Drummond,Amani,Drummond,99.0,Guard,73.0,170.0,Houston,TX,,,2024,2026
120,2916,Incarnate Word,Southland,2026,7154,5242569,Isaiah Kortas,Isaiah,Kortas,11.0,Guard,76.0,170.0,Gilbert,AZ,,,2025,2026
120,2916,Incarnate Word,Southland,2026,4911,5176183,Drew Barbee,Drew,Barbee,22.0,Guard,77.0,200.0,Memphis,TN,,,2026,2026
120,2916,Incarnate Word,Southland,2026,5596,4896368,Tahj Staveskie,Tahj,Staveskie,2.0,Guard,73.0,185.0,Sandusky,OH,,,2026,2026
120,2916,Incarnate Word,Southland,2026,3764,5106711,Love Bettis,Love,Bettis,3.0,Guard,71.0,165.0,Pensacola,FL,,,2026,2026
120,2916,Incarnate Word,Southland,2026,199707,5313506,Esteban Mann,Esteban,Mann,0.0,Forward,79.0,206.0,Los Angeles,CA,,,2026,2026
120,2916,Incarnate Word,Southland,2026,199713,5313507,Mihael Tomic,Mihael,Tomic,9.0,Guard,,,Zagreb,CRO,,,2026,2026
120,2916,Incarnate Word,Southland,2026,3969,5106716,Harold Woods,Harold,Woods,10.0,Guard,77.0,215.0,Hammond,IN,,,2026,2026
120,2916,Incarnate Word,Southland,2026,16017,4683939,Tyler Simon,Tyler,Simon,93.0,Guard,77.0,200.0,Houston,TX,,,2026,2026
120,2916,Incarnate Word,Southland,2026,17073,4897366,Lewis Rowe,Lewis,Rowe,21.0,Forward,82.0,250.0,Adelaide,SA,,,2026,2026
112,2277,Houston Christian,Southland,2026,5467,5243123,Demarco Bethea,Demarco,Bethea,23.0,Forward,79.0,210.0,Sellers,SC,,,2026,2026
112,2277,Houston Christian,Southland,2026,5633,5176766,Obadiah Curtis,Obadiah,Curtis,9.0,Guard,76.0,205.0,Fresno,CA,,,2026,2026
112,2277,Houston Christian,Southland,2026,4443,5241376,Kylin Green,Kylin,Green,3.0,Guard,72.0,170.0,Lewisville,TX,,,2026,2026
112,2277,Houston Christian,Southland,2026,199610,5313498,Ryan Bartley,Ryan,Bartley,1.0,Guard,78.0,182.0,Decatur,IL,,,2026,2026
112,2277,Houston Christian,Southland,2026,199613,5313502,Brennen Byrd,Brennen,Byrd,32.0,Forward,78.0,205.0,Coppell,TX,,,2026,2026
112,2277,Houston Christian,Southland,2026,199615,5313501,Caleb Gaston,Caleb,Gaston,10.0,Forward,79.0,220.0,San Antonio,TX,,,2026,2026
112,2277,Houston Christian,Southland,2026,199617,5313500,Nehikhare Igiehon,Nehikhare,Igiehon,7.0,Forward,79.0,225.0,Austin,TX,,,2026,2026
112,2277,Houston Christian,Southland,2026,6033,5116961,Bryson Monroe,Bryson,Monroe,24.0,Guard,73.0,190.0,Brownwood,TX,,,2026,2026
112,2277,Houston Christian,Southland,2026,199624,5313499,Will Wilson,Will,Wilson,2.0,Guard,75.0,215.0,Lorton,VA,,,2026,2026
112,2277,Houston Christian,Southland,2026,6775,5176950,Mambourou Mara,Mambourou,Mara,21.0,Forward,78.0,209.0,Conakry,GUI,,,2026,2026
112,2277,Houston Christian,Southland,2026,5269,5176325,Trent Johnson,Trent,Johnson,8.0,Forward,78.0,197.0,Cambridge,ON,,,2025,2026
112,2277,Houston Christian,Southland,2026,5271,5107282,Elijah Brooks,Elijah,Brooks,4.0,Guard,75.0,195.0,Topeka,KS,,,2025,2026
112,2277,Houston Christian,Southland,2026,5273,4691165,Demari Williams,Demari,Williams,0.0,Guard,77.0,221.0,Fulshear,TX,,,2025,2026
112,2277,Houston Christian,Southland,2026,5277,5242556,D'Aundre Samuels,D'Aundre,Samuels,5.0,Guard,74.0,186.0,Denver,CO,,,2025,2026
112,2277,Houston Christian,Southland,2026,5283,4838718,Ahjany Lee,Ahjany,Lee,13.0,Forward,80.0,217.0,Byron,MN,,,2025,2026
76,2837,East Texas A&M,Southland,2026,199102,5313495,Alex McCray,Alex,McCray,30.0,Guard,73.0,175.0,Gainesville,FL,,,2026,2026
76,2837,East Texas A&M,Southland,2026,199104,5313493,Noah Pagotto,Noah,Pagotto,13.0,Forward,80.0,220.0,Wollongong,NSW,,,2026,2026
76,2837,East Texas A&M,Southland,2026,199106,5313492,Kamren Robinson,Kamren,Robinson,11.0,Guard,72.0,160.0,Suffolk,VA,,,2026,2026
76,2837,East Texas A&M,Southland,2026,25179,5119094,Kollin Tolbert,Kollin,Tolbert,12.0,Guard,74.0,190.0,Cincinnati,OH,,,2026,2026
76,2837,East Texas A&M,Southland,2026,199111,5313494,Parker Whisenhunt,Parker,Whisenhunt,20.0,Guard,75.0,189.0,Sulphur Springs,TX,,,2026,2026
76,2837,East Texas A&M,Southland,2026,7569,4431815,Gianni Hunt,Gianni,Hunt,25.0,Guard,76.0,190.0,Lakewood,CA,,,2026,2026
76,2837,East Texas A&M,Southland,2026,4859,5176553,London Fields,London,Fields,6.0,Guard,77.0,185.0,Tupelo,MS,,,2026,2026
76,2837,East Texas A&M,Southland,2026,2830,4897854,Michael Folarin,Michael,Folarin,7.0,Center,82.0,240.0,London,ENG,,,2026,2026
76,2837,East Texas A&M,Southland,2026,6129,5241435,Ronnie Harrison,Ronnie,Harrison,0.0,Forward,80.0,210.0,Forney,TX,,,2026,2026
76,2837,East Texas A&M,Southland,2026,9436,5250755,Damian Garcia,Damian,Garcia,8.0,Athlete,77.0,175.0,Houston,TX,,,2026,2026
76,2837,East Texas A&M,Southland,2026,16811,5107219,Vinny Sigona,Vinny,Sigona,1.0,Guard,72.0,165.0,Plano,TX,,,2026,2026
76,2837,East Texas A&M,Southland,2026,5462,4702889,Josh Taylor,Josh,Taylor,10.0,Forward,80.0,205.0,Atlanta,GA,,,2025,2026
76,2837,East Texas A&M,Southland,2026,5465,5176688,Evan Phelps,Evan,Phelps,2.0,Guard,72.0,180.0,Midland,TX,,,2024,2026
76,2837,East Texas A&M,Southland,2026,5469,4708219,Tay Mosher,Tay,Mosher,5.0,Forward,79.0,215.0,The Colony,TX,,,2025,2026
76,2837,East Texas A&M,Southland,2026,5470,5243120,Chris Adlam,Chris,Adlam,4.0,Guard,75.0,185.0,Cypress,TX,,,2025,2026
76,2837,East Texas A&M,Southland,2026,5471,5243119,Mykol Sanchez-Vega,Mykol,Sanchez-Vega,3.0,Guard,77.0,175.0,Juana Diaz,PUR,,,2025,2026
326,292,UT Rio Grande Valley,Southland,2026,5564,5176685,Kwo Agwa,Kwo,Agwa,12.0,Forward,78.0,220.0,Calgary,AB,,,2025,2026
326,292,UT Rio Grande Valley,Southland,2026,5565,5114447,Marshal Destremau,Marshal,Destremau,21.0,Forward,81.0,238.0,Perth,WA,,,2025,2026
326,292,UT Rio Grande Valley,Southland,2026,5567,5243136,Jaylen Washington,Jaylen,Washington,0.0,Guard,70.0,166.0,Dallas,TX,,,2025,2026
326,292,UT Rio Grande Valley,Southland,2026,5570,5182458,Mustafo Vanjov,Mustafo,Vanjov,35.0,Center,84.0,235.0,Khorog,TJK,,,2025,2026
326,292,UT Rio Grande Valley,Southland,2026,798,5176333,Koree Cotton,Koree,Cotton,4.0,Guard,78.0,210.0,Miami,FL,,,2026,2026
326,292,UT Rio Grande Valley,Southland,2026,5159,5174620,Always Wright,Always,Wright,1.0,Guard,75.0,178.0,Durango,MEX,,,2026,2026
326,292,UT Rio Grande Valley,Southland,2026,7370,5108718,Marvin McGhee III,Marvin,McGhee III,10.0,Guard,76.0,195.0,Atlanta,GA,,,2026,2026
326,292,UT Rio Grande Valley,Southland,2026,7863,5106750,Zae Blake,Zae,Blake,5.0,Guard,73.0,180.0,Washington,DC,,,2026,2026
326,292,UT Rio Grande Valley,Southland,2026,203079,5314736,Filip Brankovic,Filip,Brankovic,33.0,Forward,80.0,265.0,Indija,SER,,,2026,2026
326,292,UT Rio Grande Valley,Southland,2026,203080,5314733,Dane Christensen,Dane,Christensen,3.0,Forward,79.0,,Orem,UT,,,2026,2026
326,292,UT Rio Grande Valley,Southland,2026,15212,5179289,Kye Dickson,Kye,Dickson,7.0,Forward,79.0,195.0,Toronto,ON,,,2026,2026
326,292,UT Rio Grande Valley,Southland,2026,203084,5314734,Julien Gomez,Julien,Gomez,13.0,Guard,74.0,185.0,La Mirada,CA,,,2026,2026
326,292,UT Rio Grande Valley,Southland,2026,203086,5314735,Luis Ramirez,Luis,Ramirez,30.0,Guard,74.0,190.0,Brownsville,TX,,,2026,2026
326,292,UT Rio Grande Valley,Southland,2026,21502,4711900,Jalen Ricks,Jalen,Ricks,22.0,Guard,79.0,195.0,Sherwood,AR,,,2026,2026
326,292,UT Rio Grande Valley,Southland,2026,203090,5314732,Demarris Winters,Demarris,Winters,2.0,Guard,75.0,,Cleveland,OH,,,2026,2026
270,2571,South Dakota State,Summit,2026,1290,4590359,Matthew Mors,Matthew,Mors,11.0,Forward,79.0,215.0,Yankton,SD,,,2023,2026
270,2571,South Dakota State,Summit,2026,1293,5177048,Joe Sayler,Joe,Sayler,3.0,Guard,75.0,195.0,White River,SD,,,2024,2026
270,2571,South Dakota State,Summit,2026,1294,5107255,Kalen Garry,Kalen,Garry,10.0,Guard,75.0,200.0,De Smet,SD,,,2023,2026
270,2571,South Dakota State,Summit,2026,1298,5241454,Jaden Jackson,Jaden,Jackson,14.0,Guard,72.0,185.0,Bellevue,NE,,,2025,2026
270,2571,South Dakota State,Summit,2026,1299,5241457,Alec Squires,Alec,Squires,35.0,Center,82.0,250.0,Volga,SD,,,2025,2026
270,2571,South Dakota State,Summit,2026,1300,5177051,Damon Wilkinson,Damon,Wilkinson,34.0,Center,82.0,245.0,De Smet,SD,,,2024,2026
270,2571,South Dakota State,Summit,2026,1301,5241456,Jadyn Cascio Jensen,Jadyn,Cascio Jensen,33.0,Guard,75.0,190.0,Fremont,NE,,,2025,2026
270,2571,South Dakota State,Summit,2026,1302,5241455,Andrell Burton Jr.,Andrell,Burton Jr.,23.0,Guard,79.0,195.0,Wichita,KS,,,2025,2026
270,2571,South Dakota State,Summit,2026,1303,5177049,Bubz Alvarez,Bubz,Alvarez,12.0,Guard,77.0,200.0,Houston,TX,,,2024,2026
270,2571,South Dakota State,Summit,2026,5492,5239550,Trey Buchanan,Trey,Buchanan,0.0,Guard,72.0,185.0,Westfield,IN,,,2026,2026
270,2571,South Dakota State,Summit,2026,202107,5314724,Caleb Delzell,Caleb,Delzell,5.0,Forward,81.0,230.0,Camanche,IA,,,2026,2026
270,2571,South Dakota State,Summit,2026,202111,5314726,Davis Kern,Davis,Kern,22.0,Forward,81.0,225.0,Marion,IA,,,2026,2026
270,2571,South Dakota State,Summit,2026,202113,5314725,Jaden Rogers,Jaden,Rogers,6.0,Guard,78.0,215.0,Waukee,IA,,,2026,2026
270,2571,South Dakota State,Summit,2026,16508,5105862,Luke Haertle,Luke,Haertle,2.0,Guard,75.0,205.0,Hartland,WI,,,2026,2026
202,2449,North Dakota State,Summit,2026,4363,5107278,Noah Feddersen,Noah,Feddersen,34.0,Forward,82.0,245.0,Menomonie,WI,,,2023,2026
202,2449,North Dakota State,Summit,2026,4367,5241642,Treyson Anderson,Treyson,Anderson,44.0,Forward,81.0,245.0,Lincoln,NE,,,2025,2026
202,2449,North Dakota State,Summit,2026,4369,5241640,Andy Stefonowicz,Andy,Stefonowicz,5.0,Guard,74.0,170.0,Minnetonka,MN,,,2025,2026
202,2449,North Dakota State,Summit,2026,4374,5241641,Carson Smith,Carson,Smith,7.0,Guard,78.0,200.0,Bountiful,UT,,,2025,2026
202,2449,North Dakota State,Summit,2026,4376,5107273,Damari Wheeler-Thomas,Damari,Wheeler-Thomas,1.0,Guard,72.0,185.0,Elgin,IL,,,2023,2026
202,2449,North Dakota State,Summit,2026,20078,4901166,Tay Smith,Tay,Smith,3.0,Guard,74.0,185.0,Bowling Green,KY,,,2026,2026
202,2449,North Dakota State,Summit,2026,7749,5108046,Emil Skytta,Emil,Skytta,8.0,Guard,77.0,200.0,Helsinki,FIN,,,2026,2026
202,2449,North Dakota State,Summit,2026,2491,4432494,Markhi Strickland,Markhi,Strickland,30.0,Guard,78.0,220.0,Miami,FL,,,2026,2026
202,2449,North Dakota State,Summit,2026,201037,5314778,Trevian Carson,Trevian,Carson,0.0,Guard,75.0,200.0,West Des Moines,IA,,,2026,2026
202,2449,North Dakota State,Summit,2026,201038,5314781,Dom Clay,Dom,Clay,14.0,Guard,75.0,175.0,Quincy,IL,,,2026,2026
202,2449,North Dakota State,Summit,2026,201041,5314779,Riley Massey,Riley,Massey,2.0,Guard,75.0,185.0,Shiloh,IL,,,2026,2026
202,2449,North Dakota State,Summit,2026,201042,5314780,Riley Saunders,Riley,Saunders,13.0,Guard,71.0,180.0,Sandy Springs,GA,,,2026,2026
202,2449,North Dakota State,Summit,2026,201043,5314782,Caleb Schoenrock,Caleb,Schoenrock,22.0,Forward,79.0,200.0,St. Francis,MN,,,2026,2026
202,2449,North Dakota State,Summit,2026,16541,5108047,Max Majerle,Max,Majerle,11.0,Guard,76.0,200.0,Scottsdale,AZ,,,2026,2026
269,233,South Dakota,Summit,2026,6464,5177043,Jake Brack,Jake,Brack,34.0,Forward,81.0,,Omaha,NE,,,2024,2026
269,233,South Dakota,Summit,2026,6465,5107880,Cameron Fens,Cameron,Fens,54.0,Center,84.0,255.0,Dubuque,IA,,,2025,2026
269,233,South Dakota,Summit,2026,6470,4701266,Ashton Smith,Ashton,Smith,32.0,Forward,81.0,260.0,Spring,TX,,,2025,2026
269,233,South Dakota,Summit,2026,6471,5177042,Isaac Bruns,Isaac,Bruns,12.0,Guard,77.0,,North Sioux City,SD,,,2024,2026
269,233,South Dakota,Summit,2026,6472,5177041,Shey Eberwein,Shey,Eberwein,2.0,Guard,77.0,,The Woodlands,TX,,,2024,2026
269,233,South Dakota,Summit,2026,6477,5241620,Evan Anderson,Evan,Anderson,10.0,Guard,76.0,,Onalaska,WI,,,2025,2026
269,233,South Dakota,Summit,2026,6478,5241619,Porter Ihnen,Porter,Ihnen,23.0,Guard,78.0,,Lennox,SD,,,2025,2026
269,233,South Dakota,Summit,2026,6479,5177045,Jalen Hayes,Jalen,Hayes,25.0,Guard,74.0,,Richfield,MN,,,2024,2026
269,233,South Dakota,Summit,2026,1572,5105758,Jordan Crawford,Jordan,Crawford,0.0,Guard,75.0,178.0,Charlotte,NC,,,2026,2026
269,233,South Dakota,Summit,2026,813,5093266,Josiah Dotzler,Josiah,Dotzler,13.0,Guard,75.0,185.0,Omaha,NE,,,2026,2026
269,233,South Dakota,Summit,2026,4924,4706147,Caleb Kizer,Caleb,Kizer,35.0,Forward,79.0,230.0,Metamora,IL,,,2026,2026
269,233,South Dakota,Summit,2026,4923,5176683,Ethan Kizer,Ethan,Kizer,21.0,Forward,77.0,195.0,Metamora,IL,,,2026,2026
269,233,South Dakota,Summit,2026,202089,5314752,Luke Bruns,Luke,Bruns,5.0,Guard,74.0,,North Sioux City,SD,,,2026,2026
269,233,South Dakota,Summit,2026,202090,5314750,Uzziah Buntyn,Uzziah,Buntyn,1.0,Guard,73.0,,Round Rock,TX,,,2026,2026
269,233,South Dakota,Summit,2026,202091,5314751,Vince Buzelis,Vince,Buzelis,4.0,Guard,76.0,,Willowbrook,IL,,,2026,2026
269,233,South Dakota,Summit,2026,202096,5314754,Jonah Funk,Jonah,Funk,14.0,Forward,82.0,,Metamora,IL,,,2026,2026
269,233,South Dakota,Summit,2026,202101,5314753,Jesse McIntosh,Jesse,McIntosh,11.0,Guard,79.0,,Melbourne,VIC,,,2026,2026
221,2437,Omaha,Summit,2026,4312,5177349,Isaac Ondekane,Isaac,Ondekane,24.0,Center,80.0,250.0,Kinshasa,CGO,,,2025,2026
221,2437,Omaha,Summit,2026,4313,5107275,Lance Waddles,Lance,Waddles,7.0,Guard,76.0,200.0,Shreveport,LA,,,2025,2026
221,2437,Omaha,Summit,2026,4314,5107268,Tony Osburn,Tony,Osburn,32.0,Guard,74.0,200.0,Fairfax,MO,,,2023,2026
221,2437,Omaha,Summit,2026,4315,5107263,Ja'Sean Glover,Ja'Sean,Glover,5.0,Guard,77.0,205.0,Madelia,MN,,,2023,2026
221,2437,Omaha,Summit,2026,4316,5241629,Kamryn Thomas,Kamryn,Thomas,22.0,Forward,80.0,205.0,Chicago,IL,,,2025,2026
221,2437,Omaha,Summit,2026,4319,5241630,Khamani Cooper,Khamani,Cooper,25.0,Guard,76.0,190.0,Pine Bluff,AR,,,2025,2026
221,2437,Omaha,Summit,2026,4320,5177015,Grant Stubblefield,Grant,Stubblefield,3.0,Guard,73.0,190.0,Overland Park,KS,,,2024,2026
221,2437,Omaha,Summit,2026,4322,5241628,Valentino Simon,Valentino,Simon,21.0,Forward,78.0,200.0,Nassau,BAH,,,2025,2026
221,2437,Omaha,Summit,2026,4324,5241627,Aidan Skradis,Aidan,Skradis,12.0,Guard,76.0,185.0,Elkhorn,NE,,,2025,2026
221,2437,Omaha,Summit,2026,7210,5241909,Christian Richardson,Christian,Richardson,15.0,Center,85.0,230.0,Rancho Cucamonga,CA,,,2026,2026
221,2437,Omaha,Summit,2026,6776,5176948,Deng Mayar,Deng,Mayar,10.0,Forward,79.0,180.0,Salt Lake City,UT,,,2026,2026
221,2437,Omaha,Summit,2026,3082,5095063,Paul Djobet,Paul,Djobet,11.0,Guard,79.0,215.0,Lille,FRA,,,2026,2026
221,2437,Omaha,Summit,2026,4919,5106459,Julian Margrave,Julian,Margrave,2.0,Forward,82.0,230.0,Louisburg,KS,,,2026,2026
221,2437,Omaha,Summit,2026,201326,5314814,Benji Nelson,Benji,Nelson,0.0,Forward,80.0,171.0,Wahoo,NE,,,2026,2026
221,2437,Omaha,Summit,2026,201330,5314815,Brock Scholl,Brock,Scholl,44.0,Forward,80.0,220.0,Omaha,NE,,,2026,2026
221,2437,Omaha,Summit,2026,17668,5182715,Rob Matos,Rob,Matos,1.0,Guard,69.0,175.0,Fredericksburg,VA,,,2026,2026
68,2172,Denver,Summit,2026,900,5105884,Devin Carney,Devin,Carney,2.0,Guard,73.0,185.0,Butler,PA,,,2024,2026
68,2172,Denver,Summit,2026,902,5241918,Loch Cunningham,Loch,Cunningham,30.0,Forward,77.0,200.0,Austin,TX,,,2025,2026
68,2172,Denver,Summit,2026,904,5176939,Josh Lee,Josh,Lee,13.0,Guard,75.0,200.0,Canton,MS,,,2024,2026
68,2172,Denver,Summit,2026,1306,4897910,Ian Motta,Ian,Motta,3.0,Forward,78.0,205.0,Allen,TX,,,2026,2026
68,2172,Denver,Summit,2026,198906,5314635,Corleone Dandridge,Corleone,Dandridge,4.0,Guard,77.0,185.0,Milwaukee,WI,,,2026,2026
68,2172,Denver,Summit,2026,198907,5314639,Kaden Holdbrook,Kaden,Holdbrook,11.0,Guard,74.0,190.0,Palo Alto,CA,,,2026,2026
68,2172,Denver,Summit,2026,198908,5314641,Carson Johnson,Carson,Johnson,20.0,Guard,73.0,180.0,Ankeny,IA,,,2026,2026
68,2172,Denver,Summit,2026,198909,5314636,Logan Kinsey,Logan,Kinsey,5.0,Forward,78.0,215.0,Blaine,MN,,,2026,2026
68,2172,Denver,Summit,2026,198911,5314642,Didier Maleng,Didier,Maleng,21.0,Forward,81.0,225.0,Kinshasa,CGO,,,2026,2026
68,2172,Denver,Summit,2026,198913,5314638,Zane Nelson,Zane,Nelson,7.0,Guard,76.0,185.0,Birmingham,AL,,,2026,2026
68,2172,Denver,Summit,2026,198914,5314643,Gabe Oldham,Gabe,Oldham,32.0,Forward,80.0,230.0,Tucson,AZ,,,2026,2026
68,2172,Denver,Summit,2026,7019,4898315,Julius Rollins,Julius,Rollins,8.0,Guard,79.0,210.0,Chicago,IL,,,2026,2026
68,2172,Denver,Summit,2026,198916,5314637,Trajan Thompson,Trajan,Thompson,6.0,Guard,78.0,190.0,Charlotte,NC,,,2026,2026
68,2172,Denver,Summit,2026,198917,5314634,Shaun Wysocki,Shaun,Wysocki,1.0,Forward,79.0,195.0,Rochester,MN,,,2026,2026
68,2172,Denver,Summit,2026,4362,5176954,Jeremiah Burke,Jeremiah,Burke,0.0,Forward,79.0,220.0,Milwaukee,WI,,,2026,2026
201,155,North Dakota,Summit,2026,6781,5241647,George Natsvlishvili,George,Natsvlishvili,13.0,Forward,82.0,227.0,Tbilisi,GEO,,,2025,2026
201,155,North Dakota,Summit,2026,6774,5106253,Eli King,Eli,King,2.0,Guard,75.0,193.0,Caledonia,MN,,,2024,2026
201,155,North Dakota,Summit,2026,6778,5176949,Ryan Erikson,Ryan,Erikson,15.0,Center,82.0,250.0,Bismarck,ND,,,2024,2026
201,155,North Dakota,Summit,2026,6779,5241646,Reggie Thomas,Reggie,Thomas,11.0,Guard,73.0,200.0,Omaha,NE,,,2025,2026
201,155,North Dakota,Summit,2026,6780,5176946,Zach Kraft,Zach,Kraft,1.0,Guard,75.0,185.0,Grand Forks,ND,,,2024,2026
201,155,North Dakota,Summit,2026,6782,5176951,Matthew Bothun,Matthew,Bothun,5.0,Forward,81.0,220.0,St. Francis,MN,,,2024,2026
201,155,North Dakota,Summit,2026,6783,5241648,Greyson Uelmen,Greyson,Uelmen,3.0,Guard,74.0,185.0,Excelsior,MN,,,2025,2026
201,155,North Dakota,Summit,2026,6784,5176952,Anthony Doppler,Anthony,Doppler,33.0,Guard,76.0,200.0,Bismarck,ND,,,2024,2026
201,155,North Dakota,Summit,2026,201021,5314760,Garrett Anderson,Garrett,Anderson,16.0,Guard,78.0,195.0,Phoenix,AR,,,2026,2026
201,155,North Dakota,Summit,2026,201023,5314755,Marley Curtis,Marley,Curtis,0.0,Forward,80.0,215.0,St. Louis Co.,MN,,,2026,2026
201,155,North Dakota,Summit,2026,201024,5314758,Micah Curtis,Micah,Curtis,10.0,Forward,80.0,220.0,St. Louis Co.,MN,,,2026,2026
201,155,North Dakota,Summit,2026,201025,5314761,Wylee Delorme,Wylee,Delorme,23.0,Guard,77.0,200.0,Devils Lake,ND,,,2026,2026
201,155,North Dakota,Summit,2026,201032,5314756,Karson Ouse,Karson,Ouse,4.0,Forward,79.0,190.0,Kindred,ND,,,2026,2026
201,155,North Dakota,Summit,2026,201033,5314757,Anthony Smith III,Anthony,Smith III,9.0,Guard,73.0,170.0,Hopkins,MN,,,2026,2026
201,155,North Dakota,Summit,2026,8289,5177038,Josh Jones,Josh,Jones,22.0,Center,81.0,245.0,Austin,TX,,,2026,2026
280,2900,St. Thomas-Minnesota,Summit,2026,6284,5109020,Carter Bjerke,Carter,Bjerke,32.0,Forward,81.0,255.0,Plymouth,MN,,,2023,2026
280,2900,St. Thomas-Minnesota,Summit,2026,6285,5241415,Nolan Minessale,Nolan,Minessale,4.0,Guard,77.0,200.0,Brookfield,WI,,,2025,2026
280,2900,St. Thomas-Minnesota,Summit,2026,6291,5241414,Ryan Lafferty,Ryan,Lafferty,3.0,Guard,77.0,200.0,Spokane,WA,,,2025,2026
280,2900,St. Thomas-Minnesota,Summit,2026,6292,5177708,Jermaine Coleman,Jermaine,Coleman,2.0,Guard,79.0,205.0,Indianapolis,IN,,,2025,2026
280,2900,St. Thomas-Minnesota,Summit,2026,6293,5177054,Ben Oosterbaan,Ben,Oosterbaan,34.0,Guard,78.0,200.0,Hinsdale,IL,,,2024,2026
280,2900,St. Thomas-Minnesota,Summit,2026,5591,5060721,Nick Janowski,Nick,Janowski,23.0,Guard,76.0,205.0,Pewaukee,WI,,,2026,2026
280,2900,St. Thomas-Minnesota,Summit,2026,2071,5176134,Tommy Humphries Jr.,Tommy,Humphries Jr.,10.0,Guard,77.0,205.0,Minneapolis,MN,,,2026,2026
280,2900,St. Thomas-Minnesota,Summit,2026,3217,4685653,Austin Herro,Austin,Herro,11.0,Guard,75.0,180.0,Milwaukee,WI,,,2026,2026
280,2900,St. Thomas-Minnesota,Summit,2026,3078,5171688,Isaiah Johnson-Arigu,Isaiah,Johnson-Arigu,0.0,Forward,79.0,215.0,Maple Grove,MN,,,2026,2026
280,2900,St. Thomas-Minnesota,Summit,2026,202376,5314672,Luka Momcilovic,Luka,Momcilovic,13.0,Forward,80.0,220.0,Pewaukee,WI,,,2026,2026
280,2900,St. Thomas-Minnesota,Summit,2026,202379,5314673,Jack Tauer,Jack,Tauer,20.0,Guard,74.0,200.0,Saint Paul,MN,,,2026,2026
280,2900,St. Thomas-Minnesota,Summit,2026,6294,5177053,Adam Tauer,Adam,Tauer,15.0,Guard,75.0,185.0,Saint Paul,MN,,,2024,2026
280,2900,St. Thomas-Minnesota,Summit,2026,6295,5177052,Hayden Tibbits,Hayden,Tibbits,1.0,Guard,71.0,160.0,Medina,MN,,,2024,2026
280,2900,St. Thomas-Minnesota,Summit,2026,6296,4897245,Ryan Dufault,Ryan,Dufault,12.0,Guard,72.0,195.0,Waseca,MN,,,2022,2026
280,2900,St. Thomas-Minnesota,Summit,2026,6298,5241412,Kyle Counts,Kyle,Counts,24.0,Forward,79.0,210.0,Wilsonville,OR,,,2025,2026
280,2900,St. Thomas-Minnesota,Summit,2026,6299,5241413,Tim Franks,Tim,Franks,5.0,Guard,77.0,190.0,Mequon,WI,,,2025,2026
265,6,South Alabama,Sun Belt,2026,4915,5176682,John Broom,John,Broom,14.0,Guard,77.0,185.0,Jacksonville,AL,,,2024,2026
265,6,South Alabama,Sun Belt,2026,4917,4433611,Randy Brady,Randy,Brady,34.0,Guard,77.0,220.0,Chattanooga,TN,,,2025,2026
265,6,South Alabama,Sun Belt,2026,4922,5240643,JJ Wheat,JJ,Wheat,6.0,Guard,72.0,180.0,Clarksville,TN,,,2025,2026
265,6,South Alabama,Sun Belt,2026,4925,5240641,Jayden Cooper,Jayden,Cooper,1.0,Guard,74.0,185.0,Pike Road,AL,,,2025,2026
265,6,South Alabama,Sun Belt,2026,4926,4433582,Maxwell Land,Maxwell,Land,10.0,Guard,76.0,200.0,Cincinnati,OH,,,2024,2026
265,6,South Alabama,Sun Belt,2026,13595,5189001,Chaze Harris,Chaze,Harris,2.0,Athlete,78.0,190.0,Cleveland,OH,,,2026,2026
265,6,South Alabama,Sun Belt,2026,202037,5313203,Brian Hawthorne,Brian,Hawthorne,7.0,Guard,74.0,190.0,Shawnee,KS,,,2026,2026
265,6,South Alabama,Sun Belt,2026,202039,5313205,Peyton Law,Peyton,Law,9.0,Forward,79.0,220.0,Calhoun,GA,,,2026,2026
265,6,South Alabama,Sun Belt,2026,17203,5107410,Hantz Louis-Jeune,Hantz,Louis-Jeune,4.0,Guard,77.0,185.0,Lake Worth,FL,,,2026,2026
265,6,South Alabama,Sun Belt,2026,202041,5313206,Adam Olsen,Adam,Olsen,12.0,Forward,80.0,225.0,Surrey,BC,,,2026,2026
265,6,South Alabama,Sun Belt,2026,202042,5313201,Samuel Shoptaw,Samuel,Shoptaw,0.0,Guard,74.0,205.0,London,KY,,,2026,2026
265,6,South Alabama,Sun Belt,2026,202044,5313204,Desmond Williams,Desmond,Williams,8.0,Guard,74.0,185.0,Mobile,AL,,,2026,2026
265,6,South Alabama,Sun Belt,2026,202045,5313202,Stephen Williams,Stephen,Williams,3.0,Forward,81.0,240.0,Atmore,AL,,,2026,2026
148,309,Louisiana,Sun Belt,2026,4852,5107218,Kyran Ratliff,Kyran,Ratliff,23.0,Forward,80.0,205.0,New Orleans,LA,,,2023,2026
148,309,Louisiana,Sun Belt,2026,4857,5107381,Zeke Cook,Zeke,Cook,1.0,Forward,78.0,220.0,Pheba,MS,,,2025,2026
148,309,Louisiana,Sun Belt,2026,4858,4873220,Jeremiah Evans,Jeremiah,Evans,0.0,Forward,82.0,210.0,Shreveport,LA,,,2025,2026
148,309,Louisiana,Sun Belt,2026,4864,5240083,Michael Mouton,Michael,Mouton,12.0,Guard,76.0,195.0,Lafayette,LA,,,2025,2026
148,309,Louisiana,Sun Belt,2026,4865,5176557,Christian Landry,Christian,Landry,13.0,Guard,77.0,190.0,Lafayette,LA,,,2024,2026
148,309,Louisiana,Sun Belt,2026,3636,5242135,Sean Elkinton,Sean,Elkinton,33.0,Forward,80.0,235.0,Crosby,TX,,,2026,2026
148,309,Louisiana,Sun Belt,2026,200150,5313128,Karris Bilal,Karris,Bilal,8.0,Guard,75.0,190.0,Atlanta,GA,,,2026,2026
148,309,Louisiana,Sun Belt,2026,200151,5313127,Mike Collins,Mike,Collins,7.0,Guard,73.0,170.0,Pearland,TX,,,2026,2026
148,309,Louisiana,Sun Belt,2026,8420,5240972,Todd Jones Jr.,Todd,Jones Jr.,2.0,Forward,81.0,205.0,Boothville,LA,,,2026,2026
148,309,Louisiana,Sun Belt,2026,1673,5241686,De'Vion Lavergne,De'Vion,Lavergne,6.0,Guard,75.0,170.0,Melville,LA,,,2026,2026
148,309,Louisiana,Sun Belt,2026,200160,5313126,Joshua Lewis,Joshua,Lewis,5.0,Forward,79.0,185.0,Tampa,FL,,,2026,2026
148,309,Louisiana,Sun Belt,2026,200163,5313129,Logan Myers,Logan,Myers,22.0,Guard,75.0,170.0,Lafayette,LA,,,2026,2026
148,309,Louisiana,Sun Belt,2026,200164,5313130,Rahman Olajuwon,Rahman,Olajuwon,,Forward,80.0,195.0,Houston,TX,,,2026,2026
148,309,Louisiana,Sun Belt,2026,6677,4711257,Jamyron Keller,Jamyron,Keller,14.0,Guard,75.0,210.0,St. Matthews,SC,,,2026,2026
148,309,Louisiana,Sun Belt,2026,6770,5241645,Dariyus Woodson,Dariyus,Woodson,4.0,Forward,79.0,220.0,Baytown,TX,,,2026,2026
148,309,Louisiana,Sun Belt,2026,7044,5106265,Dorian Finister,Dorian,Finister,3.0,Guard,77.0,185.0,New Orleans,LA,,,2026,2026
148,309,Louisiana,Sun Belt,2026,8342,5240934,Jaxon Olvera,Jaxon,Olvera,10.0,Guard,77.0,190.0,Houston,TX,,,2026,2026
148,309,Louisiana,Sun Belt,2026,10241,4706561,Milan Mejia,Milan,Mejia,24.0,Guard,74.0,185.0,Baton Rouge,LA,,,2026,2026
13,2032,Arkansas State,Sun Belt,2026,604,5105545,TJ Caldwell,TJ,Caldwell,2.0,Guard,76.0,190.0,Dallas,TX,,,2026,2026
13,2032,Arkansas State,Sun Belt,2026,198056,5312391,Fredy-Salam Sylla,Fredy-Salam,Sylla,21.0,Guard,80.0,210.0,Paris,FRA,,,2026,2026
13,2032,Arkansas State,Sun Belt,2026,198043,5312385,Grayson Bennett,Grayson,Bennett,7.0,Forward,81.0,190.0,Houston,TX,,,2026,2026
13,2032,Arkansas State,Sun Belt,2026,8478,5176449,Joey Chammaa,Joey,Chammaa,20.0,Guard,71.0,180.0,Los Angeles,CA,,,2026,2026
13,2032,Arkansas State,Sun Belt,2026,7750,5175409,Chudi Dioramma,Chudi,Dioramma,10.0,Forward,82.0,245.0,London,ENG,,,2026,2026
13,2032,Arkansas State,Sun Belt,2026,719,5106055,Jaxon Ellingsworth,Jaxon,Ellingsworth,22.0,Forward,81.0,220.0,Morehead City,NC,,,2026,2026
13,2032,Arkansas State,Sun Belt,2026,198048,5312386,CJ Geathers,CJ,Geathers,15.0,Guard,76.0,249.0,Lithia Springs,GA,,,2026,2026
13,2032,Arkansas State,Sun Belt,2026,198050,5312387,Christian Harmon,Christian,Harmon,5.0,Guard,78.0,205.0,Rochester,NY,,,2026,2026
13,2032,Arkansas State,Sun Belt,2026,5813,5109782,Matt Hayman,Matt,Hayman,1.0,Guard,77.0,204.0,Delhi,LA,,,2026,2026
13,2032,Arkansas State,Sun Belt,2026,198052,5312388,Weston Honeycutt,Weston,Honeycutt,8.0,Guard,76.0,175.0,Jonesboro,AR,,,2026,2026
13,2032,Arkansas State,Sun Belt,2026,198054,5312389,Tim Matthews,Tim,Matthews,4.0,Guard,77.0,180.0,Memphis,TN,,,2026,2026
13,2032,Arkansas State,Sun Belt,2026,198055,5312390,Royal Blue Smith,Royal Blue,Smith,3.0,Guard,76.0,185.0,Parkland,FL,,,2026,2026
13,2032,Arkansas State,Sun Belt,2026,6222,5242438,Aly Tounkara,Aly,Tounkara,13.0,Forward,84.0,215.0,Conakry,GUI,,,2026,2026
13,2032,Arkansas State,Sun Belt,2026,3106,4712843,Chandler Jackson,Chandler,Jackson,0.0,Guard,77.0,205.0,Memphis,TN,,,2026,2026
13,2032,Arkansas State,Sun Belt,2026,1479,5241394,Jalen Hampton,Jalen,Hampton,12.0,Guard,79.0,200.0,St. Louis,MO,,,2026,2026
302,2653,Troy,Sun Belt,2026,2532,5176732,Thomas Dowd,Thomas,Dowd,1.0,Forward,80.0,225.0,Dothan,AL,,,2024,2026
302,2653,Troy,Sun Belt,2026,2536,5176736,Victor Valdes,Victor,Valdes,11.0,Forward,79.0,235.0,Monterrey,MEX,,,2024,2026
302,2653,Troy,Sun Belt,2026,2537,5176735,Jerrell Bellamy,Jerrell,Bellamy,10.0,Forward,81.0,235.0,Phenix City,AL,,,2024,2026
302,2653,Troy,Sun Belt,2026,2538,5176731,Kerrington Kiel,Kerrington,Kiel,0.0,Forward,77.0,195.0,Birmingham,AL,,,2024,2026
302,2653,Troy,Sun Belt,2026,2539,4897957,Theo Seng,Theo,Seng,33.0,Forward,81.0,225.0,Davis,CA,,,2024,2026
302,2653,Troy,Sun Belt,2026,2541,5240745,Cooper Campbell,Cooper,Campbell,3.0,Guard,73.0,195.0,Puyallup,WA,,,2025,2026
302,2653,Troy,Sun Belt,2026,2542,5240748,Evan Griffin,Evan,Griffin,25.0,Forward,81.0,230.0,Geneva,AL,,,2025,2026
302,2653,Troy,Sun Belt,2026,2543,5240749,Austin Cross,Austin,Cross,95.0,Guard,75.0,200.0,Troy,AL,,,2025,2026
302,2653,Troy,Sun Belt,2026,2545,5240746,Cobi Campbell,Cobi,Campbell,2.0,Guard,74.0,195.0,Puyallup,WA,,,2025,2026
302,2653,Troy,Sun Belt,2026,2547,5176738,Kameryn Mitchell,Kameryn,Mitchell,14.0,Guard,76.0,190.0,Dothan,AL,,,2024,2026
302,2653,Troy,Sun Belt,2026,202627,5313367,Hikaru Awata,Hikaru,Awata,30.0,Guard,67.0,170.0,Hachioji,JPN,,,2026,2026
302,2653,Troy,Sun Belt,2026,202631,5313364,Emmanuel Clarton,Emmanuel,Clarton,4.0,Guard,77.0,190.0,Livingston,AL,,,2026,2026
302,2653,Troy,Sun Belt,2026,202632,5313365,Javen Colbert,Javen,Colbert,5.0,Guard,73.0,155.0,Decatur,TX,,,2026,2026
302,2653,Troy,Sun Belt,2026,202635,5313366,Javier Gilgeous-Glasgow,Javier,Gilgeous-Glasgow,7.0,Guard,74.0,150.0,Toronto,ON,,,2026,2026
302,2653,Troy,Sun Belt,2026,7586,5113386,Corbin Green,Corbin,Green,22.0,Forward,76.0,230.0,Midlothian,TX,,,2026,2026
316,2433,UL Monroe,Sun Belt,2026,5962,5240758,Renars Sondors,Renars,Sondors,5.0,Forward,81.0,215.0,Riga,LAT,,,2025,2026
316,2433,UL Monroe,Sun Belt,2026,5964,5240757,Micah Caster,Micah,Caster,2.0,Guard,74.0,180.0,Mc Intosh,AL,,,2025,2026
316,2433,UL Monroe,Sun Belt,2026,5965,5176750,Ajay Tew,Ajay,Tew,6.0,Guard,83.0,175.0,Jonesboro,LA,,,2024,2026
316,2433,UL Monroe,Sun Belt,2026,4165,5105539,MJ Russell,MJ,Russell,21.0,Guard,75.0,195.0,Coker,AL,,,2026,2026
316,2433,UL Monroe,Sun Belt,2026,6457,5177603,Brentay Noel,Brentay,Noel,9.0,Center,82.0,220.0,Baton Rouge,LA,,,2026,2026
316,2433,UL Monroe,Sun Belt,2026,202849,5313383,Wiggy Ball,Wiggy,Ball,11.0,Guard,75.0,180.0,Flowood,MS,,,2026,2026
316,2433,UL Monroe,Sun Belt,2026,14698,5183838,Cam Campbell,Cam,Campbell,32.0,Forward,75.0,195.0,Brownsville,KY,,,2026,2026
316,2433,UL Monroe,Sun Belt,2026,202853,5313379,Dylan Diaz,Dylan,Diaz,0.0,Guard,74.0,170.0,Clermont,FL,,,2026,2026
316,2433,UL Monroe,Sun Belt,2026,202854,5313380,Przemek Hartman,Przemek,Hartman,1.0,Forward,81.0,216.0,Gdansk,POL,,,2026,2026
316,2433,UL Monroe,Sun Belt,2026,202855,5313384,Alex Huguet Carrasco,Alex,Huguet Carrasco,12.0,Guard,79.0,185.0,Palma De Mallorca,ESP,,,2026,2026
316,2433,UL Monroe,Sun Belt,2026,202856,5313381,Krystian Lewis,Krystian,Lewis,3.0,Guard,75.0,185.0,Monroe,LA,,,2026,2026
316,2433,UL Monroe,Sun Belt,2026,202857,5313382,Alex Molofeev,Alex,Molofeev,8.0,Guard,77.0,205.0,Moscow,RUS,,,2026,2026
316,2433,UL Monroe,Sun Belt,2026,20603,5106632,Lavell Brodnex,Lavell,Brodnex,4.0,Guard,77.0,190.0,Saginaw,MI,,,2026,2026
316,2433,UL Monroe,Sun Belt,2026,6589,5174978,Ayomide Bamisile,Ayomide,Bamisile,23.0,Forward,79.0,206.0,Lagos,NGR,,,2026,2026
316,2433,UL Monroe,Sun Belt,2026,211817,5323985,Brady Craig,Brady,Craig,13.0,Forward,80.0,218.0,West Monroe,LA,,,2026,2026
297,326,Texas State,Sun Belt,2026,4886,5176728,Kaden Gumbs,Kaden,Gumbs,11.0,Guard,74.0,179.0,San Marcos,TX,,,2024,2026
297,326,Texas State,Sun Belt,2026,4894,5240685,Mark Drone,Mark,Drone,4.0,Guard,72.0,180.0,Jackson,MS,,,2025,2026
297,326,Texas State,Sun Belt,2026,4895,5174858,Franck Emmou,Franck,Emmou,2.0,Guard,77.0,190.0,Arlington,TX,,,2025,2026
297,326,Texas State,Sun Belt,2026,344,5183926,Cameron Simpson,Cameron,Simpson,6.0,Guard,79.0,181.0,Orlando,FL,,,2026,2026
297,326,Texas State,Sun Belt,2026,5566,5105485,Isaiah Barganier,Isaiah,Barganier,23.0,Forward,79.0,250.0,Fulshear,TX,,,2026,2026
297,326,Texas State,Sun Belt,2026,4855,4703205,Kyndall Davis,Kyndall,Davis,9.0,Guard,77.0,200.0,Chicago,IL,,,2026,2026
297,326,Texas State,Sun Belt,2026,5958,4896371,Makai Willis,Makai,Willis,22.0,Forward,80.0,235.0,Tallahassee,FL,,,2026,2026
297,326,Texas State,Sun Belt,2026,5961,5108069,Jalen Bolden,Jalen,Bolden,5.0,Guard,77.0,200.0,Zachary,LA,,,2026,2026
297,326,Texas State,Sun Belt,2026,7012,5177655,Tay Knox,Tay,Knox,24.0,Forward,81.0,215.0,Troy,AL,,,2026,2026
297,326,Texas State,Sun Belt,2026,202557,5313360,Robert Fields,Robert,Fields,3.0,Center,81.0,220.0,Baltimore,MD,,,2026,2026
297,326,Texas State,Sun Belt,2026,202559,5313358,DJ Hall,DJ,Hall,0.0,Forward,79.0,220.0,Plano,TX,,,2026,2026
297,326,Texas State,Sun Belt,2026,330,5105563,Jaelyn Lee,Jaelyn,Lee,10.0,Guard,78.0,200.0,Paris,TX,,,2026,2026
297,326,Texas State,Sun Belt,2026,202562,5313361,Dimp Pernell,Dimp,Pernell,7.0,Guard,75.0,180.0,Moorhead,MS,,,2026,2026
297,326,Texas State,Sun Belt,2026,202563,5313359,Ky Pernell,Ky,Pernell,1.0,Guard,75.0,182.0,Moorhead,MS,,,2026,2026
297,326,Texas State,Sun Belt,2026,202565,5313362,Deke Thompson,Deke,Thompson,21.0,Guard,76.0,205.0,Jenks,OK,,,2026,2026
99,290,Georgia Southern,Sun Belt,2026,2603,5239885,Nakavieon White,Nakavieon,White,5.0,Forward,79.0,220.0,Odessa,TX,,,2025,2026
99,290,Georgia Southern,Sun Belt,2026,199391,5312456,Shainen Carter,Shainen,Carter,11.0,Forward,81.0,203.0,Detroit,MI,,,2026,2026
99,290,Georgia Southern,Sun Belt,2026,199392,5312451,Khayri Dunn,Khayri,Dunn,3.0,Guard,73.0,190.0,Conyers,GA,,,2026,2026
99,290,Georgia Southern,Sun Belt,2026,199393,5312450,Dallas Gardner,Dallas,Gardner,2.0,Guard,75.0,190.0,Charlotte,NC,,,2026,2026
99,290,Georgia Southern,Sun Belt,2026,199395,5312452,Cade Lomas,Cade,Lomas,4.0,Guard,75.0,190.0,Canton,GA,,,2026,2026
99,290,Georgia Southern,Sun Belt,2026,199397,5312453,Amare Neal,Amare,Neal,6.0,Guard,69.0,163.0,Swifton,AR,,,2026,2026
99,290,Georgia Southern,Sun Belt,2026,199398,5312458,Pavle Ridesic,Pavle,Ridesic,34.0,Forward,80.0,230.0,Trebinje,BIH,,,2026,2026
99,290,Georgia Southern,Sun Belt,2026,199399,5312454,Cullen Schreiner,Cullen,Schreiner,8.0,Forward,79.0,203.0,Chandler,AZ,,,2026,2026
99,290,Georgia Southern,Sun Belt,2026,199401,5312455,Sean Van Dorn Jr,Sean,Van Dorn Jr,10.0,Guard,78.0,196.0,Atlanta,GA,,,2026,2026
99,290,Georgia Southern,Sun Belt,2026,199402,5312457,Spudd Webb,Spudd,Webb,21.0,Guard,76.0,175.0,Hartwell,GA,,,2026,2026
99,290,Georgia Southern,Sun Belt,2026,199404,5312448,Jayden Williams,Jayden,Williams,0.0,Guard,78.0,185.0,Birmingham,AL,,,2026,2026
99,290,Georgia Southern,Sun Belt,2026,199405,5312449,Dwayne Williams Jr,Dwayne,Williams Jr,1.0,Guard,78.0,180.0,Baltimore,MD,,,2026,2026
99,290,Georgia Southern,Sun Belt,2026,4270,4898382,Alden Applewhite,Alden,Applewhite,13.0,Forward,79.0,210.0,Memphis,TN,,,2026,2026
99,290,Georgia Southern,Sun Belt,2026,2591,5174642,Tsvet Sotirov,Tsvet,Sotirov,7.0,Forward,81.0,220.0,Sofia,BUL,,,2026,2026
99,290,Georgia Southern,Sun Belt,2026,3957,5107226,Tyren Moore,Tyren,Moore,12.0,Guard,71.0,185.0,Louisville,KY,,,2026,2026
99,290,Georgia Southern,Sun Belt,2026,6923,4702464,Jefferson Koulibaly,Jefferson,Koulibaly,9.0,Guard,75.0,190.0,Lasalle,PQ,,,2026,2026
99,290,Georgia Southern,Sun Belt,2026,17227,5175943,Andres Burney,Andres,Burney,24.0,Forward,81.0,210.0,Brundidge,AL,,,2026,2026
9,2026,App State,Sun Belt,2026,1356,5239587,Michael Marcus Jr.,Michael,Marcus Jr.,44.0,Forward,81.0,255.0,Indian Trail,NC,,,2025,2026
9,2026,App State,Sun Belt,2026,2600,5176798,Eren Banks,Eren,Banks,4.0,Guard,75.0,190.0,Eatonton,GA,,,2026,2026
9,2026,App State,Sun Belt,2026,197962,5312352,Jacari Brim,Jacari,Brim,6.0,Guard,74.0,190.0,Winston-Salem,NC,,,2026,2026
9,2026,App State,Sun Belt,2026,197964,5312356,Grant Clayton,Grant,Clayton,33.0,Forward,79.0,220.0,Asheville,NC,,,2026,2026
9,2026,App State,Sun Belt,2026,197970,5312354,Tre McKinnon,Tre,McKinnon,8.0,Forward,77.0,177.0,Wilmington,NC,,,2026,2026
9,2026,App State,Sun Belt,2026,8635,5177526,Chad Moodie,Chad,Moodie,23.0,Forward,80.0,225.0,Grayson,GA,,,2026,2026
9,2026,App State,Sun Belt,2026,197972,5312353,Ted Neal,Ted,Neal,7.0,Guard,79.0,200.0,Greensboro,GA,,,2026,2026
9,2026,App State,Sun Belt,2026,197975,5312355,Jalen Tot,Jalen,Tot,9.0,Guard,73.0,170.0,Dallas,TX,,,2026,2026
9,2026,App State,Sun Belt,2026,197976,5312351,KJ Vasser,KJ,Vasser,0.0,Guard,73.0,180.0,Chicago,IL,,,2026,2026
9,2026,App State,Sun Belt,2026,483,4700841,Kasen Jennings,Kasen,Jennings,13.0,Guard,77.0,210.0,Atlanta,GA,,,2026,2026
9,2026,App State,Sun Belt,2026,1357,5176754,Luke Wilson,Luke,Wilson,3.0,Center,81.0,255.0,Augusta,GA,,,2024,2026
9,2026,App State,Sun Belt,2026,1359,5239579,Jason Clarke Jr.,Jason,Clarke Jr.,5.0,Guard,72.0,177.0,Silver Spring,MD,,,2025,2026
9,2026,App State,Sun Belt,2026,1361,5239586,Andrin Njock,Andrin,Njock,21.0,Forward,78.0,205.0,Winterthur,SUI,,,2025,2026
9,2026,App State,Sun Belt,2026,1364,5239584,Cameron O'Kelley,Cameron,O'Kelley,14.0,Guard,75.0,165.0,Seneca,SC,,,2025,2026
9,2026,App State,Sun Belt,2026,1366,5176759,Luke Ledford,Luke,Ledford,32.0,Guard,75.0,190.0,Raleigh,NC,,,2024,2026
9,2026,App State,Sun Belt,2026,1367,5108925,Alonzo Dodd,Alonzo,Dodd,2.0,Guard,73.0,170.0,Saint Paul,MN,,,2025,2026
54,324,Coastal Carolina,Sun Belt,2026,2505,5107346,Rasheed Jones,Rasheed,Jones,2.0,Guard,78.0,190.0,Marion,IN,,,2025,2026
54,324,Coastal Carolina,Sun Belt,2026,2511,4701246,Andre Mulibea,Andre,Mulibea,7.0,Guard,78.0,225.0,Kigoma,TAN,,,2025,2026
54,324,Coastal Carolina,Sun Belt,2026,2512,5176792,Braeden MacVicar,Braeden,MacVicar,13.0,Forward,83.0,235.0,Port Williams,NS,,,2024,2026
54,324,Coastal Carolina,Sun Belt,2026,2513,5118041,Connor Martin,Connor,Martin,20.0,Forward,76.0,205.0,Clinton,TN,,,2025,2026
54,324,Coastal Carolina,Sun Belt,2026,2514,5239868,Charles Dunlap,Charles,Dunlap,30.0,Guard,74.0,180.0,Columbia,SC,,,2025,2026
54,324,Coastal Carolina,Sun Belt,2026,2515,5239867,Jackson Keil,Jackson,Keil,11.0,Guard,74.0,190.0,Sterling,CO,,,2025,2026
54,324,Coastal Carolina,Sun Belt,2026,198697,5312426,Devin Brown,Devin,Brown,12.0,Forward,79.0,225.0,Milwaukee,WI,,,2026,2026
54,324,Coastal Carolina,Sun Belt,2026,198701,5312427,Derrick Green,Derrick,Green,15.0,Forward,81.0,275.0,Fayetteville,NC,,,2026,2026
54,324,Coastal Carolina,Sun Belt,2026,20070,5108908,Reggie Hill,Reggie,Hill,21.0,Forward,79.0,225.0,Melbourne,FL,,,2026,2026
54,324,Coastal Carolina,Sun Belt,2026,198710,5312425,Tristan Thompson,Tristan,Thompson,1.0,Guard,77.0,215.0,Florence,SC,,,2026,2026
54,324,Coastal Carolina,Sun Belt,2026,5745,4698718,Joshua Beadle,Joshua,Beadle,5.0,Guard,75.0,180.0,Columbia,SC,,,2026,2026
54,324,Coastal Carolina,Sun Belt,2026,3347,5177247,AJ Dancler,AJ,Dancler,0.0,Guard,74.0,180.0,Indianapolis,IN,,,2026,2026
54,324,Coastal Carolina,Sun Belt,2026,6863,5172339,DaJohn Craig,DaJohn,Craig,3.0,Guard,73.0,165.0,Indianapolis,IN,,,2026,2026
54,324,Coastal Carolina,Sun Belt,2026,5957,4898257,Jerry Ngopot,Jerry,Ngopot,14.0,Forward,82.0,250.0,Bangui,CAF,,,2026,2026
54,324,Coastal Carolina,Sun Belt,2026,6481,5184709,Nadjrick Peat,Nadjrick,Peat,4.0,Center,82.0,235.0,Alexandira,JAM,,,2026,2026
129,256,James Madison,Sun Belt,2026,2566,4684746,Justin Taylor,Justin,Taylor,5.0,Guard,78.0,222.0,Charlottesville,VA,,,2025,2026
129,256,James Madison,Sun Belt,2026,2568,5177359,Eddie Ricks III,Eddie,Ricks III,3.0,Forward,79.0,215.0,Clarksville,TN,,,2025,2026
129,256,James Madison,Sun Belt,2026,5546,5177286,Eli Wilborn,Eli,Wilborn,25.0,Forward,80.0,252.0,Middletown,CT,,,2026,2026
129,256,James Madison,Sun Belt,2026,6424,4684158,Ike Cornish,Ike,Cornish,23.0,Guard,78.0,201.0,Baltimore,MD,,,2026,2026
129,256,James Madison,Sun Belt,2026,5236,5105279,Paul Lewis,Paul,Lewis,11.0,Guard,74.0,175.0,Woodbridge,VA,,,2026,2026
129,256,James Madison,Sun Belt,2026,199855,5313093,Christian Brown,Christian,Brown,0.0,Forward,80.0,233.0,Franklin,TN,,,2026,2026
129,256,James Madison,Sun Belt,2026,199859,5313095,Oriekose Egbule,Oriekose,Egbule,12.0,Guard,74.0,195.0,Houston,TX,,,2026,2026
129,256,James Madison,Sun Belt,2026,199860,5313096,Preston Fowler,Preston,Fowler,13.0,Forward,80.0,219.0,Vernon,CT,,,2026,2026
129,256,James Madison,Sun Belt,2026,199863,5313094,Chance Lundy,Chance,Lundy,4.0,Guard,72.0,170.0,Woodbridge,VA,,,2026,2026
129,256,James Madison,Sun Belt,2026,199865,5313098,Gabe Newhof,Gabe,Newhof,33.0,Forward,81.0,234.0,Hudsonville,MI,,,2026,2026
129,256,James Madison,Sun Belt,2026,199867,5313097,Josh Stephen,Josh,Stephen,15.0,Guard,72.0,165.0,Virginia Beach,VA,,,2026,2026
129,256,James Madison,Sun Belt,2026,1398,5241759,Paul Jones III,Paul,Jones III,1.0,Guard,76.0,174.0,Suffolk,VA,,,2026,2026
129,256,James Madison,Sun Belt,2026,2605,5177352,Bradley Douglas,Bradley,Douglas,2.0,Guard,73.0,193.0,Eustis,FL,,,2026,2026
129,256,James Madison,Sun Belt,2026,5561,5176669,Cliff Davis,Cliff,Davis,10.0,Guard,74.0,194.0,Thomasville,GA,,,2026,2026
129,256,James Madison,Sun Belt,2026,7061,4685664,Justin McBride,Justin,McBride,21.0,Forward,79.0,240.0,Plano,TX,,,2026,2026
275,2572,Southern Miss,Sun Belt,2026,4947,4700971,Tegra Izay,Tegra,Izay,22.0,Center,84.0,269.0,Montreal,PQ,,,2024,2026
275,2572,Southern Miss,Sun Belt,2026,4951,5240668,Dalyn Brandon,Dalyn,Brandon,9.0,Guard,77.0,190.0,Baltimore,MD,,,2025,2026
275,2572,Southern Miss,Sun Belt,2026,4953,5240666,Jett Montgomery,Jett,Montgomery,5.0,Guard,71.0,190.0,Franklin,TN,,,2025,2026
275,2572,Southern Miss,Sun Belt,2026,4954,5240665,Brewer Carruth,Brewer,Carruth,2.0,Guard,76.0,195.0,Lake Dixie Springs,MS,,,2025,2026
275,2572,Southern Miss,Sun Belt,2026,6565,5177539,Djahi Binet,Djahi,Binet,15.0,Forward,79.0,215.0,Nice,FRA,,,2026,2026
275,2572,Southern Miss,Sun Belt,2026,2793,4593474,Curt Lewis,Curt,Lewis,1.0,Guard,77.0,230.0,Louisville,KY,,,2026,2026
275,2572,Southern Miss,Sun Belt,2026,584,5118036,Blake Lander,Blake,Lander,14.0,Guard,77.0,205.0,Beverly Hills,CA,,,2026,2026
275,2572,Southern Miss,Sun Belt,2026,4169,5238213,EJ Paymon,EJ,Paymon,11.0,Forward,81.0,243.0,Raymond,MS,,,2026,2026
275,2572,Southern Miss,Sun Belt,2026,4660,5106839,Fallou Diagne,Fallou,Diagne,7.0,Forward,83.0,214.0,Dakar,SEN,,,2026,2026
275,2572,Southern Miss,Sun Belt,2026,600,5105547,Robert Cowherd,Robert,Cowherd,6.0,Guard,77.0,213.0,Grayson,GA,,,2026,2026
275,2572,Southern Miss,Sun Belt,2026,6097,5180818,Dylan Brumfield,Dylan,Brumfield,13.0,Point Guard,77.0,189.0,Hattiesburg,MS,,,2026,2026
275,2572,Southern Miss,Sun Belt,2026,202190,5313268,Israel Hart,Israel,Hart,0.0,Guard,75.0,164.0,Midwest City,OK,,,2026,2026
275,2572,Southern Miss,Sun Belt,2026,202196,5313272,Felipe Patino,Felipe,Patino,12.0,Guard,76.0,190.0,Mississauga,ON,,,2026,2026
275,2572,Southern Miss,Sun Belt,2026,202200,5313269,Chiante' Tramble,Chiante',Tramble,3.0,Guard,74.0,199.0,Edmond,OK,,,2026,2026
275,2572,Southern Miss,Sun Belt,2026,202202,5313271,Chandler Watts,Chandler,Watts,8.0,Guard,78.0,201.0,Clermont,FL,,,2026,2026
275,2572,Southern Miss,Sun Belt,2026,202203,5313270,Tylik Weeks,Tylik,Weeks,4.0,Forward,79.0,225.0,New York,NY,,,2026,2026
275,2572,Southern Miss,Sun Belt,2026,17118,5176218,Isaac Taveras,Isaac,Taveras,10.0,Guard,78.0,185.0,Santo Domingo,DOM,,,2026,2026
275,2572,Southern Miss,Sun Belt,2026,17594,4898338,IJ Ezuma,IJ,Ezuma,21.0,Forward,80.0,239.0,Levelland,TX,,,2026,2026
158,276,Marshall,Sun Belt,2026,1872,4897504,Wyatt Fricks,Wyatt,Fricks,2.0,Forward,82.0,216.0,Lawrenceville,GA,,,2022,2026
158,276,Marshall,Sun Belt,2026,199667,5313169,Caleb Hollenbeck,Caleb,Hollenbeck,15.0,Guard,76.0,189.0,Rapid City,SD,,,2026,2026
158,276,Marshall,Sun Belt,2026,1877,5240547,Erich Harding,Erich,Harding,11.0,Forward,82.0,222.0,Charlotte,NC,,,2025,2026
158,276,Marshall,Sun Belt,2026,1880,5240549,Grant Moore,Grant,Moore,14.0,Guard,78.0,200.0,Alpharetta,GA,,,2025,2026
158,276,Marshall,Sun Belt,2026,1881,5240548,Will Moore,Will,Moore,12.0,Guard,79.0,190.0,Cumming,GA,,,2025,2026
158,276,Marshall,Sun Belt,2026,1882,5240546,Kaiden White,Kaiden,White,1.0,Guard,75.0,189.0,Orlando,FL,,,2025,2026
158,276,Marshall,Sun Belt,2026,1884,5105514,Kai Spears,Kai,Spears,0.0,Guard,75.0,175.0,Pittsburgh,PA,,,2025,2026
158,276,Marshall,Sun Belt,2026,1887,4704015,Jalen Speer,Jalen,Speer,50.0,Guard,73.0,186.0,Gainesville,FL,,,2025,2026
158,276,Marshall,Sun Belt,2026,1624,5179092,Wilson Dubinsky,Wilson,Dubinsky,3.0,Guard,75.0,199.0,Ottawa,ON,,,2026,2026
158,276,Marshall,Sun Belt,2026,200332,5313146,Drew Fuquay,Drew,Fuquay,4.0,Forward,80.0,221.0,Detroit,MI,,,2026,2026
158,276,Marshall,Sun Belt,2026,200335,5313150,Shamarrie Hugie,Shamarrie,Hugie,9.0,Guard,78.0,188.0,Savannah,GA,,,2026,2026
158,276,Marshall,Sun Belt,2026,200336,5313148,Landen Joseph,Landen,Joseph,6.0,Guard,74.0,163.0,Fort Lauderdale,FL,,,2026,2026
158,276,Marshall,Sun Belt,2026,200339,5313147,Noah Otshudi,Noah,Otshudi,5.0,Guard,74.0,198.0,Hamilton,ON,,,2026,2026
158,276,Marshall,Sun Belt,2026,200340,5313149,Bryce Slay,Bryce,Slay,8.0,Guard,78.0,184.0,Charlotte,NC,,,2026,2026
158,276,Marshall,Sun Belt,2026,220,4432858,Matt Van Komen,Matt,Van Komen,13.0,Center,88.0,245.0,Lehi,UT,,,2026,2026
332,3084,Utah Valley,WAC,2026,4437,5105468,Trevan Leonhardt,Trevan,Leonhardt,10.0,Guard,76.0,175.0,Kaysville,UT,,,2023,2026
332,3084,Utah Valley,WAC,2026,4439,5107161,Hayden Welling,Hayden,Welling,8.0,Forward,81.0,210.0,Draper,UT,,,2025,2026
332,3084,Utah Valley,WAC,2026,4444,5176632,Jackson Holcombe,Jackson,Holcombe,2.0,Guard,79.0,207.0,Charleston,SC,,,2024,2026
332,3084,Utah Valley,WAC,2026,7022,5243016,AJ Dixon,AJ,Dixon,24.0,Guard,77.0,205.0,Merrillville,IN,,,2026,2026
332,3084,Utah Valley,WAC,2026,347,4838703,Tyler Hendricks,Tyler,Hendricks,15.0,Guard,78.0,185.0,Fort Lauderdale,FL,,,2026,2026
332,3084,Utah Valley,WAC,2026,8373,4873202,Isaac Davis,Isaac,Davis,1.0,Forward,80.0,240.0,Idaho Falls,ID,,,2026,2026
332,3084,Utah Valley,WAC,2026,203018,5314813,Isaac Hawkins,Isaac,Hawkins,23.0,Forward,82.0,195.0,Fort Mill,SC,,,2026,2026
332,3084,Utah Valley,WAC,2026,8377,5105495,Braden Housley,Braden,Housley,9.0,Guard,76.0,196.0,Sandy,UT,,,2026,2026
332,3084,Utah Valley,WAC,2026,6591,5240506,Joul Karram,Joul,Karram,99.0,Center,83.0,225.0,Nazareth,ISR,,,2026,2026
332,3084,Utah Valley,WAC,2026,203025,5314812,AJ Riggs,AJ,Riggs,5.0,Guard,75.0,180.0,Gilbert,AZ,,,2026,2026
332,3084,Utah Valley,WAC,2026,203026,5314811,Jaxson Roberts,Jaxson,Roberts,3.0,Guard,74.0,165.0,Draper,UT,,,2026,2026
332,3084,Utah Valley,WAC,2026,16437,5176399,Sherman Weatherspoon IV,Sherman,Weatherspoon IV,4.0,Guard,75.0,185.0,Bowie,MD,,,2026,2026
332,3084,Utah Valley,WAC,2026,4446,4432398,Noah Taitz,Noah,Taitz,7.0,Guard,76.0,190.0,Las Vegas,NV,,,2025,2026
332,3084,Utah Valley,WAC,2026,4447,5241382,Tyler Weaver,Tyler,Weaver,11.0,Forward,79.0,175.0,Aliso Viejo,CA,,,2025,2026
332,3084,Utah Valley,WAC,2026,4448,5241377,Tyler Medaris,Tyler,Medaris,12.0,Forward,79.0,205.0,Middleton,ID,,,2025,2026
39,2856,California Baptist,WAC,2026,7157,5178207,Dominique Daniels Jr.,Dominique,Daniels Jr.,1.0,Guard,70.0,185.0,Compton,CA,,,2024,2026
39,2856,California Baptist,WAC,2026,198411,5314833,OJ Blankson,OJ,Blankson,24.0,Guard,79.0,,Burbank,CA,,,2026,2026
39,2856,California Baptist,WAC,2026,198413,5314831,Rene D'Amelio,Rene,D'Amelio,6.0,Forward,81.0,,Borgomanero,ITA,,,2026,2026
39,2856,California Baptist,WAC,2026,198414,5314830,Miles Daniels,Miles,Daniels,5.0,Guard,74.0,,Pittsburg,CA,,,2026,2026
39,2856,California Baptist,WAC,2026,7159,4702158,Martel Williams,Martel,Williams,33.0,Guard,75.0,215.0,Las Vegas,NV,,,2025,2026
39,2856,California Baptist,WAC,2026,7160,5241326,Bradey Henige,Bradey,Henige,42.0,Forward,84.0,240.0,Glendale,AZ,,,2025,2026
39,2856,California Baptist,WAC,2026,7164,5241324,Mouhamadou Dioum,Mouhamadou,Dioum,15.0,Forward,77.0,195.0,Dakar,SEN,,,2025,2026
39,2856,California Baptist,WAC,2026,7165,5241323,Devon Malcolm,Devon,Malcolm,12.0,Forward,77.0,220.0,Medford,OR,,,2025,2026
39,2856,California Baptist,WAC,2026,7166,5178211,Jonathan Griman,Jonathan,Griman,8.0,Forward,83.0,215.0,Caracas,VEN,,,2024,2026
39,2856,California Baptist,WAC,2026,7168,5241322,Jalen Dollar,Jalen,Dollar,2.0,Guard,70.0,160.0,Seattle,WA,,,2025,2026
39,2856,California Baptist,WAC,2026,198418,5314834,Nate Garcia,Nate,Garcia,35.0,Center,84.0,,Glendora,CA,,,2026,2026
39,2856,California Baptist,WAC,2026,198423,5314829,Chase Mayo Harmon,Chase,Mayo Harmon,4.0,Guard,76.0,,Peoria,AZ,,,2026,2026
39,2856,California Baptist,WAC,2026,198424,5314832,Jordan Muller,Jordan,Muller,11.0,Guard,72.0,,Neu-Ulm,GER,,,2026,2026
39,2856,California Baptist,WAC,2026,6865,5175014,Thomas Ndong,Thomas,Ndong,25.0,Forward,82.0,245.0,Montreal,PQ,,,2026,2026
39,2856,California Baptist,WAC,2026,5036,4897936,Jayden Jackson,Jayden,Jackson,3.0,Guard,76.0,205.0,Milwaukee,WI,,,2026,2026
39,2856,California Baptist,WAC,2026,5042,4591258,Monty Bowser,Monty,Bowser,10.0,Forward,78.0,205.0,Oakland,CA,,,2026,2026
288,2627,Tarleton State,WAC,2026,6128,5241442,Chris Mpaka,Chris,Mpaka,23.0,Forward,78.0,225.0,Kinshasa,CGO,,,2025,2026
288,2627,Tarleton State,WAC,2026,6130,5241436,Jordan Mizell,Jordan,Mizell,0.0,Guard,73.0,170.0,Plano,TX,,,2025,2026
288,2627,Tarleton State,WAC,2026,6133,5241443,Roy Marom,Roy,Marom,14.0,Guard,68.0,150.0,Frisco,TX,,,2025,2026
288,2627,Tarleton State,WAC,2026,6136,5176786,Joseph Martinez,Joseph,Martinez,8.0,Guard,75.0,190.0,El Paso,TX,,,2024,2026
288,2627,Tarleton State,WAC,2026,6138,5241444,Andy Sigiscar,Andy,Sigiscar,97.0,Forward,81.0,230.0,Orleans,FRA,,,2025,2026
288,2627,Tarleton State,WAC,2026,6144,4705373,Freddy Hicks,Freddy,Hicks,2.0,Guard,77.0,215.0,Searcy,AR,,,2025,2026
288,2627,Tarleton State,WAC,2026,21807,4896462,Cam McDowell,Cam,McDowell,55.0,Guard,77.0,190.0,Griffin,GA,,,2026,2026
288,2627,Tarleton State,WAC,2026,342,4432741,Dior Johnson,Dior,Johnson,7.0,Guard,75.0,185.0,Kingston,NY,,,2026,2026
288,2627,Tarleton State,WAC,2026,726,5176664,Kade Douglas,Kade,Douglas,13.0,Guard,72.0,175.0,Lancaster,TX,,,2026,2026
288,2627,Tarleton State,WAC,2026,3333,5177252,Ocypher Owens,Ocypher,Owens,24.0,Forward,79.0,215.0,Orlando,FL,,,2026,2026
288,2627,Tarleton State,WAC,2026,202396,5314856,AJ Dent Jr.,AJ,Dent Jr.,1.0,Forward,77.0,205.0,Thomasville,GA,,,2026,2026
288,2627,Tarleton State,WAC,2026,202397,5314858,DJ Dormu,DJ,Dormu,3.0,Guard,69.0,175.0,Washington,DC,,,2026,2026
288,2627,Tarleton State,WAC,2026,202399,5314859,Kaia Isaac,Kaia,Isaac,6.0,Guard,76.0,215.0,Christchurch,NZL,,,2026,2026
288,2627,Tarleton State,WAC,2026,202400,5314861,Jaden Jinks,Jaden,Jinks,22.0,Forward,80.0,195.0,Missouri City,TX,,,2026,2026
288,2627,Tarleton State,WAC,2026,202402,5144089,Leroy Kelly IV,Leroy,Kelly IV,4.0,Guard,74.0,190.0,Dallas,TX,,,2026,2026
288,2627,Tarleton State,WAC,2026,202409,5314860,Damion Porter Jr.,Damion,Porter Jr.,10.0,Guard,74.0,205.0,Chicago,IL,,,2026,2026
288,2627,Tarleton State,WAC,2026,202411,5314857,Cameron Thomas,Cameron,Thomas,30.0,Guard,75.0,190.0,Chicago,IL,,,2026,2026
288,2627,Tarleton State,WAC,2026,8794,5250204,Matyas Vrabel,Matyas,Vrabel,25.0,Athlete,82.0,220.0,Ostrava,CZE,,,2026,2026
288,2627,Tarleton State,WAC,2026,6142,5241437,Malek Archie,Malek,Archie,5.0,Guard,74.0,185.0,Chicago,IL,,,2025,2026
1,2000,Abilene Christian,WAC,2026,6048,4897572,Joseph Venzant,Joseph,Venzant,23.0,Guard,74.0,210.0,Midland,TX,,,2025,2026
1,2000,Abilene Christian,WAC,2026,197823,5314819,Isaiah Carrillo,Isaiah,Carrillo,20.0,Guard,70.0,165.0,Abilene,TX,,,2026,2026
1,2000,Abilene Christian,WAC,2026,197824,5314820,Isaac Dye,Isaac,Dye,24.0,Guard,74.0,200.0,State College,PA,,,2026,2026
1,2000,Abilene Christian,WAC,2026,197828,5314817,Tylan Lewis,Tylan,Lewis,3.0,Guard,72.0,200.0,Nashville,TN,,,2026,2026
1,2000,Abilene Christian,WAC,2026,6209,5177575,Cbo Newton,Cbo,Newton,5.0,Guard,75.0,190.0,Ruston,LA,,,2026,2026
1,2000,Abilene Christian,WAC,2026,197831,5314818,Joseph Scott,Joseph,Scott,10.0,Forward,81.0,210.0,Baltimore,MD,,,2026,2026
1,2000,Abilene Christian,WAC,2026,13998,5260535,Zy Wright,Zy,Wright,0.0,Athlete,77.0,,Lincolnton,GA,,,2026,2026
1,2000,Abilene Christian,WAC,2026,6050,5241314,Bradyn Hubbard,Bradyn,Hubbard,15.0,Forward,77.0,235.0,Tulsa,OK,,,2025,2026
1,2000,Abilene Christian,WAC,2026,6052,5177705,Ma'Shy Hill,Ma'Shy,Hill,11.0,Forward,80.0,250.0,Austin,TX,,,2024,2026
1,2000,Abilene Christian,WAC,2026,6053,5107885,Cade Hornecker,Cade,Hornecker,21.0,Forward,84.0,250.0,Amarillo,TX,,,2025,2026
1,2000,Abilene Christian,WAC,2026,6054,5241312,Christian Alston,Christian,Alston,7.0,Guard,79.0,200.0,Memphis,TN,,,2025,2026
1,2000,Abilene Christian,WAC,2026,6056,5241310,Rich Smith,Rich,Smith,4.0,Guard,74.0,180.0,Bronx,NY,,,2025,2026
1,2000,Abilene Christian,WAC,2026,6057,5177702,Yaniel Rivera,Yaniel,Rivera,2.0,Guard,75.0,180.0,Bayamon,PUR,,,2024,2026
330,3101,Utah Tech,WAC,2026,6836,4898377,Samuel Ariyibi,Samuel,Ariyibi,23.0,Forward,80.0,190.0,Lagos,NGR,,,2025,2026
330,3101,Utah Tech,WAC,2026,6843,5241402,Britton Berrett,Britton,Berrett,13.0,Guard,77.0,185.0,Rigby,ID,,,2025,2026
330,3101,Utah Tech,WAC,2026,6844,5241398,Hunter Schenck,Hunter,Schenck,1.0,Guard,74.0,165.0,Pleasant View,UT,,,2025,2026
330,3101,Utah Tech,WAC,2026,6847,5176272,Dallin Grant,Dallin,Grant,5.0,Guard,80.0,220.0,Cedar City,UT,,,2025,2026
330,3101,Utah Tech,WAC,2026,6850,5241401,Preston Vandermyde,Preston,Vandermyde,14.0,Guard,77.0,190.0,St. George,UT,,,2025,2026
330,3101,Utah Tech,WAC,2026,6851,5241399,Madiba Owona,Madiba,Owona,33.0,Guard,76.0,175.0,Bordeaux,FRA,,,2025,2026
330,3101,Utah Tech,WAC,2026,2935,4711268,Marvel Allen,Marvel,Allen,8.0,Guard,76.0,205.0,Fort Lauderdale,FL,,,2026,2026
330,3101,Utah Tech,WAC,2026,2831,5245765,Noah Bolanga,Noah,Bolanga,66.0,Guard,80.0,180.0,Poitiers,FRA,,,2026,2026
330,3101,Utah Tech,WAC,2026,203006,5314822,Tanner Davis,Tanner,Davis,11.0,Guard,77.0,160.0,Smithfield,UT,,,2026,2026
330,3101,Utah Tech,WAC,2026,203009,5314821,Boston Harker,Boston,Harker,3.0,Guard,76.0,205.0,Raymond,AB,,,2026,2026
330,3101,Utah Tech,WAC,2026,4435,5105471,Ethan Potter,Ethan,Potter,35.0,Forward,80.0,230.0,Layton,UT,,,2026,2026
330,3101,Utah Tech,WAC,2026,27491,4897982,Chance Trujillo,Chance,Trujillo,2.0,Guard,76.0,200.0,Kaysville,UT,,,2026,2026
330,3101,Utah Tech,WAC,2026,17353,4684152,Jusaun Holt,Jusaun,Holt,4.0,Guard,79.0,185.0,Tacoma,WA,,,2026,2026
330,3101,Utah Tech,WAC,2026,16129,5105493,Dario Domingos,Dario,Domingos,52.0,Forward,79.0,260.0,Luanda,ANG,,,2026,2026
276,253,Southern Utah,WAC,2026,6005,5241352,Kai Burdick,Kai,Burdick,25.0,Center,84.0,,Carlsbad,CA,,,2025,2026
276,253,Southern Utah,WAC,2026,6012,5241350,Lorenzo Abellar,Lorenzo,Abellar,4.0,Guard,70.0,,Las Vegas,NV,,,2025,2026
276,253,Southern Utah,WAC,2026,6017,5241351,Langston Binns,Langston,Binns,10.0,Guard,74.0,,Saint Paul,MN,,,2025,2026
276,253,Southern Utah,WAC,2026,5406,5242946,Jaiden Feroah,Jaiden,Feroah,35.0,Forward,81.0,214.0,Draper,UT,,,2026,2026
276,253,Southern Utah,WAC,2026,575,5243271,Jalen Lee,Jalen,Lee,9.0,Guard,79.0,,Atlanta,GA,,,2026,2026
276,253,Southern Utah,WAC,2026,3903,4897439,Logan Stephens,Logan,Stephens,2.0,Guard,75.0,200.0,Decatur,GA,,,2026,2026
276,253,Southern Utah,WAC,2026,7357,4432201,Isaiah Cottrell,Isaiah,Cottrell,0.0,Forward,83.0,245.0,Las Vegas,NV,,,2026,2026
276,253,Southern Utah,WAC,2026,2287,5179285,Zach Bell,Zach,Bell,5.0,Guard,74.0,180.0,Barnwell,SC,,,2026,2026
276,253,Southern Utah,WAC,2026,3060,5241777,Dylan Jones,Dylan,Jones,20.0,Guard,77.0,190.0,Saratoga Springs,UT,,,2026,2026
276,253,Southern Utah,WAC,2026,202206,5314853,Cale Barclay,Cale,Barclay,24.0,Forward,80.0,,Herriman,UT,,,2026,2026
276,253,Southern Utah,WAC,2026,202211,5314849,Elijah Duval,Elijah,Duval,1.0,Guard,75.0,,Wilmington,DE,,,2026,2026
276,253,Southern Utah,WAC,2026,202215,5314852,Brayden Johnson,Brayden,Johnson,13.0,Guard,73.0,,Tulsa,OK,,,2026,2026
276,253,Southern Utah,WAC,2026,202217,5314850,Zeplin Kidd,Zeplin,Kidd,7.0,Guard,79.0,,Atlanta,GA,,,2026,2026
276,253,Southern Utah,WAC,2026,202219,5314851,Juok Riak,Juok,Riak,11.0,Forward,80.0,,Madison,WI,,,2026,2026
276,253,Southern Utah,WAC,2026,16894,5105463,Tanner Hayhurst,Tanner,Hayhurst,3.0,Guard,78.0,204.0,Eagle,ID,,,2026,2026
276,253,Southern Utah,WAC,2026,17121,4433271,Chuks Isitua,Chuks,Isitua,23.0,Center,82.0,226.0,Lagos,NGR,,,2026,2026
259,2539,San Francisco,WCC,2026,7706,4875213,Ndewedo Newbury,Ndewedo,Newbury,3.0,Forward,79.0,235.0,London,ENG,,,2022,2026
259,2539,San Francisco,WCC,2026,7707,5037875,Tyrone Riley IV,Tyrone,Riley IV,5.0,Guard,78.0,200.0,Watts,CA,,,2025,2026
259,2539,San Francisco,WCC,2026,7710,5241062,Veniamin Abosi,Veniamin,Abosi,14.0,Forward,78.0,225.0,Heraklion,GRE,,,2025,2026
259,2539,San Francisco,WCC,2026,7717,5176426,Junjie Wang,Junjie,Wang,35.0,Forward,81.0,250.0,Xuzhou,CHN,,,2024,2026
259,2539,San Francisco,WCC,2026,7718,4433208,Saba Gigiberia,Saba,Gigiberia,10.0,Center,86.0,255.0,Tbilisi,GEO,,,2023,2026
259,2539,San Francisco,WCC,2026,7720,5176425,Ryan Beasley,Ryan,Beasley,0.0,Guard,71.0,180.0,San Ramon,CA,,,2024,2026
259,2539,San Francisco,WCC,2026,7721,4433614,Isa Silva,Isa,Silva,12.0,Guard,76.0,190.0,Sacramento,CA,,,2025,2026
259,2539,San Francisco,WCC,2026,3849,5107971,Aidan Braccia,Aidan,Braccia,2.0,Guard,73.0,170.0,Hillsborough,CA,,,2026,2026
259,2539,San Francisco,WCC,2026,7244,4683767,Mookie Cook,Mookie,Cook,1.0,Forward,78.0,215.0,Portland,OR,,,2026,2026
259,2539,San Francisco,WCC,2026,8437,4702764,Vukasin Masic,Vukasin,Masic,7.0,Guard,77.0,220.0,Belgrade,SER,,,2026,2026
259,2539,San Francisco,WCC,2026,3042,5105410,Guillermo Diaz Graham,Guillermo,Diaz Graham,25.0,Forward,84.0,220.0,Canary Islands,ESP,,,2026,2026
259,2539,San Francisco,WCC,2026,5150,5174624,David Fuchs,David,Fuchs,8.0,Forward,81.0,245.0,Vienna,AUT,,,2026,2026
259,2539,San Francisco,WCC,2026,201895,5313124,Sean Blakely Drummond,Sean,Blakely Drummond,21.0,Guard,76.0,190.0,Palo Alto,CA,,,2026,2026
259,2539,San Francisco,WCC,2026,201902,5101799,Legend Smiley,Legend,Smiley,13.0,Guard,77.0,190.0,Seattle,WA,,,2026,2026
259,2539,San Francisco,WCC,2026,201904,5313125,Weilun Zhao,Weilun,Zhao,23.0,Guard,72.0,175.0,Varese,ITA,,,2026,2026
261,2541,Santa Clara,WCC,2026,100,4897872,Juan Reyna,Juan,Reyna,51.0,Guard,75.0,195.0,San Antonio,TX,,,2026,2026
261,2541,Santa Clara,WCC,2026,2482,5086370,Gehrig Normand,Gehrig,Normand,9.0,Guard,78.0,190.0,North Richland Hills,TX,,,2026,2026
261,2541,Santa Clara,WCC,2026,5483,5183810,Chris Tadjo,Chris,Tadjo,14.0,Forward,79.0,250.0,Montreal,PQ,,,2026,2026
261,2541,Santa Clara,WCC,2026,201921,5313101,Noah Badibanga,Noah,Badibanga,10.0,Forward,80.0,185.0,Toulouse,FRA,,,2026,2026
261,2541,Santa Clara,WCC,2026,201922,5041940,Francis Chukwudebelu,Francis,Chukwudebelu,3.0,Center,82.0,220.0,Dallas,TX,,,2026,2026
261,2541,Santa Clara,WCC,2026,201923,5196879,KJ Cochran,KJ,Cochran,7.0,Guard,77.0,195.0,West Chester,PA,,,2026,2026
261,2541,Santa Clara,WCC,2026,201924,5147928,Thierry Darlan,Thierry,Darlan,15.0,Guard,80.0,210.0,Bangui,CAF,,2004-02-03,2026,2026
261,2541,Santa Clara,WCC,2026,201931,5313100,Brad Longcor III,Brad,Longcor III,4.0,Guard,76.0,180.0,Quincy,IL,,,2026,2026
261,2541,Santa Clara,WCC,2026,827,5241069,Elijah Mahi,Elijah,Mahi,8.0,Forward,79.0,220.0,Toronto,ON,,,2025,2026
261,2541,Santa Clara,WCC,2026,829,5176361,Bukky Oboye,Bukky,Oboye,12.0,Center,85.0,220.0,Houston,TX,,,2024,2026
261,2541,Santa Clara,WCC,2026,830,5109789,Jake Ensminger,Jake,Ensminger,44.0,Guard,81.0,215.0,Ulm,GER,,,2023,2026
261,2541,Santa Clara,WCC,2026,831,4897209,Brenton Knapper,Brenton,Knapper,0.0,Guard,72.0,175.0,Charleston,WV,,,2022,2026
261,2541,Santa Clara,WCC,2026,833,5149115,Allen Graves,Allen,Graves,22.0,Forward,81.0,225.0,Ponchatoula,LA,,,2025,2026
261,2541,Santa Clara,WCC,2026,834,5176359,Christian Hammond,Christian,Hammond,1.0,Guard,76.0,195.0,Denver,CO,,,2024,2026
261,2541,Santa Clara,WCC,2026,835,5109791,Brendan Yarusso,Brendan,Yarusso,50.0,Guard,73.0,185.0,Lombard,IL,,,2023,2026
261,2541,Santa Clara,WCC,2026,836,5109788,Malachi Douyon,Malachi,Douyon,54.0,Guard,75.0,185.0,Santa Cruz,CA,,,2023,2026
261,2541,Santa Clara,WCC,2026,5367,5215425,Sash Gavalyugov,Sash,Gavalyugov,2.0,Guard,75.0,175.0,Botevgrad,BUL,,,2026,2026
253,2608,Saint Mary's,WCC,2026,6885,5174955,Paulius Murauskas,Paulius,Murauskas,23.0,Forward,80.0,235.0,Kaunas,LTU,,,2025,2026
253,2608,Saint Mary's,WCC,2026,6891,5105418,Harry Wessels,Harry,Wessels,1.0,Center,85.0,280.0,Boddington,WA,,,2023,2026
253,2608,Saint Mary's,WCC,2026,6892,5240980,Mikey Lewis,Mikey,Lewis,0.0,Guard,75.0,185.0,Oakland,CA,,,2025,2026
253,2608,Saint Mary's,WCC,2026,6893,5105419,Cade Bennett,Cade,Bennett,22.0,Guard,72.0,175.0,Moraga,CA,,,2023,2026
253,2608,Saint Mary's,WCC,2026,6894,5240981,Oliver Faubert,Oliver,Faubert,14.0,Forward,80.0,220.0,Fort Erie,ON,,,2025,2026
253,2608,Saint Mary's,WCC,2026,6895,5105421,Kevin Gad,Kevin,Gad,24.0,Forward,78.0,205.0,Livermore,CA,,,2023,2026
253,2608,Saint Mary's,WCC,2026,6896,5176481,Andrew McKeever,Andrew,McKeever,45.0,Center,86.0,285.0,Livermore,CA,,,2024,2026
253,2608,Saint Mary's,WCC,2026,6897,5183875,Joshua Dent,Joshua,Dent,7.0,Guard,75.0,190.0,Wollongong,NSW,,,2025,2026
253,2608,Saint Mary's,WCC,2026,6898,5123978,Rory Hawke,Rory,Hawke,8.0,Guard,77.0,200.0,Townsville,QLD,,,2023,2026
253,2608,Saint Mary's,WCC,2026,6899,5101655,Liam Campbell,Liam,Campbell,33.0,Guard,76.0,205.0,Meridian,ID,,,2025,2026
253,2608,Saint Mary's,WCC,2026,8486,5241001,Tony Duckett,Tony,Duckett,2.0,Guard,76.0,185.0,Carlsbad,CA,,,2026,2026
253,2608,Saint Mary's,WCC,2026,6920,4685682,Jazz Gardner,Jazz,Gardner,32.0,Center,84.0,250.0,Pasadena,CA,,,2026,2026
253,2608,Saint Mary's,WCC,2026,201802,5313030,Mantas Juzenas,Mantas,Juzenas,6.0,Guard,78.0,215.0,Kaunas,LTU,,,2026,2026
253,2608,Saint Mary's,WCC,2026,201804,5313032,Trent MacLean,Trent,MacLean,42.0,Forward,80.0,205.0,Thousand Oaks,CA,,,2026,2026
253,2608,Saint Mary's,WCC,2026,201808,5313031,Dillan Shaw,Dillan,Shaw,11.0,Guard,79.0,205.0,Northridge,CA,,,2026,2026
102,2250,Gonzaga,WCC,2026,171,4703396,Graham Ike,Graham,Ike,15.0,Forward,81.0,250.0,Aurora,CO,,,2024,2026
102,2250,Gonzaga,WCC,2026,175,5176787,Emmanuel Innocenti,Emmanuel,Innocenti,5.0,Forward,77.0,198.0,Petit Badien,CIV,,,2025,2026
102,2250,Gonzaga,WCC,2026,177,4894445,Braden Huff,Braden,Huff,34.0,Forward,82.0,250.0,Glen Ellyn,IL,,,2023,2026
102,2250,Gonzaga,WCC,2026,178,5240587,Ismaila Diagne,Ismaila,Diagne,24.0,Center,84.0,237.0,Nguekhokhe,SEN,,,2025,2026
102,2250,Gonzaga,WCC,2026,182,5240588,Noah Haaland,Noah,Haaland,35.0,Forward,81.0,245.0,Rathdrum,ID,,,2025,2026
102,2250,Gonzaga,WCC,2026,184,4592579,Steele Venters,Steele,Venters,2.0,Guard,79.0,200.0,Ellensburg,WA,,,2024,2026
102,2250,Gonzaga,WCC,2026,185,5240584,Cade Orness,Cade,Orness,0.0,Guard,77.0,185.0,Poulsbo,WA,,,2025,2026
102,2250,Gonzaga,WCC,2026,186,5176259,Joaquim ArauzMoore,Joaquim,ArauzMoore,10.0,Guard,73.0,175.0,Ross,CA,,,2024,2026
102,2250,Gonzaga,WCC,2026,187,5105672,Braeden Smith,Braeden,Smith,3.0,Guard,72.0,170.0,Seattle,WA,,,2025,2026
102,2250,Gonzaga,WCC,2026,199439,5196913,Davis Fogle,Davis,Fogle,4.0,Guard,79.0,200.0,Anacortes,WA,,,2026,2026
102,2250,Gonzaga,WCC,2026,199446,5313013,Parker Jefferson,Parker,Jefferson,32.0,Forward,81.0,240.0,Waxahachie,TX,,,2026,2026
102,2250,Gonzaga,WCC,2026,199447,5313011,Alonzo Metz,Alonzo,Metz,14.0,Guard,71.0,165.0,Portland,OR,,,2026,2026
102,2250,Gonzaga,WCC,2026,199451,5313012,Mario Saint-Supery,Mario,Saint-Supery,17.0,Guard,75.0,199.0,Malaga,ESP,,,2026,2026
102,2250,Gonzaga,WCC,2026,17785,4683147,Jalen Warley,Jalen,Warley,8.0,Guard,79.0,205.0,Philadelphia,PA,,,2026,2026
102,2250,Gonzaga,WCC,2026,7643,4432175,Adam Miller,Adam,Miller,23.0,Guard,75.0,200.0,Peoria,IL,,,2026,2026
102,2250,Gonzaga,WCC,2026,6418,4700527,Tyon Grant-Foster,Tyon,Grant-Foster,7.0,Guard,79.0,220.0,Kansas City,KS,,,2026,2026
228,2492,Pepperdine,WCC,2026,8344,5105456,David Mager,David,Mager,1.0,Guard,76.0,195.0,Englewood,NJ,,,2023,2026
228,2492,Pepperdine,WCC,2026,8345,5240937,Danilo Dožic,Danilo,Dožic,35.0,Forward,82.0,225.0,Belgrade,SER,,,2025,2026
228,2492,Pepperdine,WCC,2026,8346,4703833,Javon Cooley,Javon,Cooley,23.0,Forward,77.0,205.0,Chicago,IL,,,2025,2026
228,2492,Pepperdine,WCC,2026,8351,4895742,Aaron Clark,Aaron,Clark,3.0,Guard,76.0,190.0,Easton,PA,,,2025,2026
228,2492,Pepperdine,WCC,2026,4821,4898248,Yassine Gharram,Yassine,Gharram,2.0,Guard,75.0,195.0,San Diego,CA,,,2026,2026
228,2492,Pepperdine,WCC,2026,9379,5241238,Pasha Shemirani,Pasha,Shemirani,9.0,Forward,77.0,200.0,Los Angeles,CA,,,2026,2026
228,2492,Pepperdine,WCC,2026,15030,5262456,Yonatan Levy,Yonatan,Levy,13.0,Forward,82.0,250.0,Hod HaSharon,ISR,,,2026,2026
228,2492,Pepperdine,WCC,2026,6411,5241336,Styles Phipps,Styles,Phipps,0.0,Guard,74.0,185.0,Phoenix,AZ,,,2026,2026
228,2492,Pepperdine,WCC,2026,8379,5176260,Pavle Stošic,Pavle,Stošic,4.0,Forward,81.0,215.0,Nis,SER,,,2026,2026
228,2492,Pepperdine,WCC,2026,201437,5314740,Anto Balian,Anto,Balian,25.0,Guard,73.0,200.0,Los Angeles,CA,,,2026,2026
228,2492,Pepperdine,WCC,2026,3896,5240380,Stefan Cicic,Stefan,Cicic,14.0,Center,84.0,260.0,Riverside,IL,,,2026,2026
228,2492,Pepperdine,WCC,2026,18941,4897456,Preston Phillips,Preston,Phillips,24.0,Guard,80.0,225.0,Elkhart,IN,,,2026,2026
228,2492,Pepperdine,WCC,2026,201447,5314741,Nikola Radovanovic,Nikola,Radovanovic,33.0,Forward,81.0,215.0,Nevesinje,BIH,,,2026,2026
228,2492,Pepperdine,WCC,2026,201450,5314738,Vladimir Sudar,Vladimir,Sudar,7.0,Forward,77.0,190.0,Podgorica,MTG,,,2026,2026
228,2492,Pepperdine,WCC,2026,201452,5314739,Ty Virgil,Ty,Virgil,11.0,Guard,77.0,170.0,Sacramento,CA,,,2026,2026
228,2492,Pepperdine,WCC,2026,201453,5314742,Luka Vudragovic,Luka,Vudragovic,77.0,Guard,78.0,205.0,Stari Banovci,SER,,,2026,2026
153,2351,Loyola Marymount,WCC,2026,6961,4897534,Myron Amey Jr.,Myron,Amey Jr.,5.0,Guard,74.0,205.0,Vacaville,CA,,,2025,2026
153,2351,Loyola Marymount,WCC,2026,6962,5197991,George Tupy,George,Tupy,42.0,Forward,78.0,220.0,Sierra Madre,CA,,,2024,2026
153,2351,Loyola Marymount,WCC,2026,6964,4872743,Aaron McBride,Aaron,McBride,16.0,Forward,78.0,230.0,Corona,CA,,,2024,2026
153,2351,Loyola Marymount,WCC,2026,6965,5176567,Kevin Carney,Kevin,Carney,41.0,Guard,71.0,165.0,Menlo Park,CA,,,2024,2026
153,2351,Loyola Marymount,WCC,2026,6966,5174984,Jan Vide,Jan,Vide,7.0,Guard,78.0,210.0,Domzale,SLO,,,2025,2026
153,2351,Loyola Marymount,WCC,2026,6968,5240619,Jael Martin,Jael,Martin,24.0,Forward,80.0,205.0,Carlsbad,CA,,,2025,2026
153,2351,Loyola Marymount,WCC,2026,6970,4592217,Rick Issanza,Rick,Issanza,22.0,Center,85.0,245.0,Kinshasa,CGO,,,2023,2026
153,2351,Loyola Marymount,WCC,2026,6971,5240614,Marley Zeller,Marley,Zeller,3.0,Guard,77.0,190.0,Portland,OR,,,2025,2026
153,2351,Loyola Marymount,WCC,2026,1106,4897974,Tanner Thomas,Tanner,Thomas,13.0,Forward,78.0,205.0,Stamford,CT,,,2026,2026
153,2351,Loyola Marymount,WCC,2026,5626,5177341,Nakyel Shelton,Nakyel,Shelton,0.0,Guard,75.0,185.0,Chicago,IL,,,2026,2026
153,2351,Loyola Marymount,WCC,2026,5714,5037870,Rodney Brown Jr.,Rodney,Brown Jr.,2.0,Guard,78.0,185.0,Perris,CA,,,2026,2026
153,2351,Loyola Marymount,WCC,2026,200234,5314796,Josh Dalton,Josh,Dalton,6.0,Forward,82.0,220.0,Concord,NC,,,2026,2026
153,2351,Loyola Marymount,WCC,2026,339,5105904,Rokas Jocius,Rokas,Jocius,35.0,Forward,82.0,245.0,Kaunas,LTU,,,2026,2026
153,2351,Loyola Marymount,WCC,2026,200241,5314802,Cooper Smith,Cooper,Smith,40.0,Guard,74.0,180.0,Milwaukee,WI,,,2026,2026
153,2351,Loyola Marymount,WCC,2026,200243,5314795,AJ Thomas,AJ,Thomas,4.0,Guard,76.0,210.0,Lancaster,CA,,,2026,2026
153,2351,Loyola Marymount,WCC,2026,7086,5037874,Jalen Shelley,Jalen,Shelley,1.0,Forward,80.0,210.0,Little Elm,TX,,,2026,2026
258,301,San Diego,WCC,2026,8477,5240999,Kjay Bradley Jr.,Kjay,Bradley Jr.,0.0,Guard,73.0,185.0,Inglewood,CA,,,2025,2026
258,301,San Diego,WCC,2026,8481,5241002,Gavin Ripp,Gavin,Ripp,12.0,Forward,79.0,230.0,Los Gatos,CA,,,2025,2026
258,301,San Diego,WCC,2026,8484,5241005,Nick Del Bosque,Nick,Del Bosque,53.0,Guard,72.0,180.0,Tucson,AZ,,,2025,2026
258,301,San Diego,WCC,2026,8488,5176448,Josh Hecht,Josh,Hecht,9.0,Guard,74.0,185.0,Santa Monica,CA,,,2024,2026
258,301,San Diego,WCC,2026,8489,5105416,Emmanuel Callas,Emmanuel,Callas,22.0,Guard,77.0,220.0,Oakland,CA,,,2023,2026
258,301,San Diego,WCC,2026,8490,5105415,Neel Beniwal,Neel,Beniwal,10.0,Guard,77.0,185.0,Garnet Valley,PA,,,2023,2026
258,301,San Diego,WCC,2026,2649,4870444,Juanse Gorosito,Juanse,Gorosito,4.0,Guard,72.0,185.0,Santa Fe,ARG,,,2026,2026
258,301,San Diego,WCC,2026,6707,4711295,Assane Diop,Assane,Diop,7.0,Forward,81.0,210.0,Rufisque,SEN,,,2026,2026
258,301,San Diego,WCC,2026,2448,5239760,Tim Moore Jr.,Tim,Moore Jr.,30.0,Forward,78.0,213.0,Houston,TX,,,2026,2026
258,301,San Diego,WCC,2026,5775,4845369,Ty-Laur Johnson,Ty-Laur,Johnson,5.0,Guard,72.0,155.0,Brooklyn,NY,,,2026,2026
258,301,San Diego,WCC,2026,2664,4702226,Toneari Lane,Toneari,Lane,1.0,Guard,77.0,205.0,Atlanta,GA,,,2026,2026
258,301,San Diego,WCC,2026,6000,5107819,Dominique Ford,Dominique,Ford,14.0,Shooting Guard,77.0,200.0,Las Vegas,NV,,,2026,2026
258,301,San Diego,WCC,2026,201855,5101837,Alejandro Aviles,Alejandro,Aviles,21.0,Forward,82.0,230.0,San Juan,PUR,,,2026,2026
258,301,San Diego,WCC,2026,201857,5313158,Brandon Benjamin,Brandon,Benjamin,24.0,Guard,78.0,210.0,Anaheim,CA,,,2026,2026
258,301,San Diego,WCC,2026,201858,5313159,Vuk Boskovic,Vuk,Boskovic,34.0,Forward,79.0,265.0,Bileca,BIH,,,2026,2026
258,301,San Diego,WCC,2026,201864,5313155,D'Arrae Goodwin,D'Arrae,Goodwin,3.0,Forward,78.0,205.0,Wheeling,WV,,,2026,2026
258,301,San Diego,WCC,2026,201866,5313156,Boden Grant,Boden,Grant,6.0,Guard,76.0,185.0,Cleveland,OH,,,2026,2026
258,301,San Diego,WCC,2026,201873,5313157,Caleb Versher,Caleb,Versher,15.0,Guard,75.0,190.0,Los Angeles,CA,,,2026,2026
258,301,San Diego,WCC,2026,201874,5313160,Piotr Winkowski,Piotr,Winkowski,23.0,Center,82.0,240.0,Zyradow,POL,,,2026,2026
258,301,San Diego,WCC,2026,18534,5185563,Adrian McIntyre,Adrian,McIntyre,2.0,Guard,75.0,195.0,Sylmar,CA,,,2026,2026
230,2501,Portland,WCC,2026,8427,5105662,Jermaine Ballisager Webb,Jermaine,Ballisager Webb,1.0,Center,85.0,250.0,Stjaer,DEN,,,2025,2026
230,2501,Portland,WCC,2026,8428,5240973,Mikah Ballew,Mikah,Ballew,44.0,Guard,77.0,200.0,Palmdale,CA,,,2025,2026
230,2501,Portland,WCC,2026,8432,5240970,NaVaughn Long,NaVaughn,Long,21.0,Guard,78.0,180.0,Livermore,CA,,,2025,2026
230,2501,Portland,WCC,2026,8434,5240968,Carlin Briggs,Carlin,Briggs,9.0,Guard,79.0,190.0,Melbourne,VIC,,,2025,2026
230,2501,Portland,WCC,2026,8435,5240967,Preston Lee,Preston,Lee,8.0,Guard,71.0,185.0,Laguna Hills,CA,,,2025,2026
230,2501,Portland,WCC,2026,8436,5176495,Kelson Gebbers,Kelson,Gebbers,12.0,Guard,79.0,200.0,Brewster,WA,,,2024,2026
230,2501,Portland,WCC,2026,2901,5242402,Riley Parker,Riley,Parker,11.0,Guard,74.0,195.0,Mandurah,WA,,,2026,2026
230,2501,Portland,WCC,2026,5547,5105883,Matúš Hronský,Matúš,Hronský,7.0,Forward,80.0,205.0,Poruba,SVK,,,2026,2026
230,2501,Portland,WCC,2026,7711,5241061,James O'Donnell,James,O'Donnell,14.0,Forward,82.0,230.0,Sydney,NSW,,,2026,2026
230,2501,Portland,WCC,2026,201471,5314718,Dante Censori-Hercules,Dante,Censori-Hercules,5.0,Guard,79.0,190.0,Bolton,ON,,,2026,2026
230,2501,Portland,WCC,2026,201472,5314722,Joel Foxwell,Joel,Foxwell,23.0,Guard,73.0,180.0,Melbourne,VIC,,,2026,2026
230,2501,Portland,WCC,2026,201474,5314717,Timo George,Timo,George,3.0,Forward,80.0,245.0,Amsterdam,NED,,,2026,2026
230,2501,Portland,WCC,2026,201478,5314721,Marchelo Moreira,Marchelo,Moreira,13.0,Guard,75.0,190.0,Abu Dhabi,UAE,,,2026,2026
230,2501,Portland,WCC,2026,201479,5314720,Garrett Nuckolls,Garrett,Nuckolls,10.0,Guard,78.0,195.0,Bullard,TX,,,2026,2026
230,2501,Portland,WCC,2026,201482,5314723,Cameron Williams,Cameron,Williams,35.0,Forward,80.0,220.0,Cape Girardeau,MO,,,2026,2026
344,265,Washington State,WCC,2026,7327,5177139,Rihards Vavers,Rihards,Vavers,15.0,Forward,79.0,210.0,Adazi,LAT,,,2025,2026
344,265,Washington State,WCC,2026,7330,5117606,Parker Gerrits,Parker,Gerrits,10.0,Guard,74.0,190.0,Olympia,WA,,,2024,2026
344,265,Washington State,WCC,2026,7331,5105588,ND Okafor,ND,Okafor,22.0,Forward,82.0,250.0,Dundalk,IRL,,,2025,2026
344,265,Washington State,WCC,2026,7333,5241074,Kase Wynott,Kase,Wynott,51.0,Guard,78.0,215.0,Lapwai,ID,,,2025,2026
344,265,Washington State,WCC,2026,7335,5241071,Tomas Thrastarson,Tomas,Thrastarson,5.0,Guard,79.0,215.0,Thorlakshofn,ISL,,,2025,2026
344,265,Washington State,WCC,2026,7591,5175078,Eemeli Yalaho,Eemeli,Yalaho,2.0,Forward,80.0,235.0,Jyvaskyla,FIN,,,2026,2026
344,265,Washington State,WCC,2026,8358,5195304,Emmanuel Ugbo,Emmanuel,Ugbo,0.0,Forward,80.0,245.0,Barendrecht,NED,,,2026,2026
344,265,Washington State,WCC,2026,8131,5241593,Simon Hildebrandt,Simon,Hildebrandt,3.0,Forward,81.0,240.0,Winnipeg,MB,,,2026,2026
344,265,Washington State,WCC,2026,3412,5177358,Jerone Morton,Jerone,Morton,11.0,Guard,76.0,180.0,Lexington,KY,,,2026,2026
344,265,Washington State,WCC,2026,203283,5313052,Dio Blakely,Dio,Blakely,7.0,Guard,72.0,160.0,Los Angeles,CA,,,2026,2026
344,265,Washington State,WCC,2026,203285,5313054,Ace Glass,Ace,Glass,21.0,Guard,75.0,185.0,Rancho Cucamonga,CA,,,2026,2026
344,265,Washington State,WCC,2026,203287,5313051,Brunel Madzou,Brunel,Madzou,4.0,Guard,72.0,,Helsinki,FIN,,,2026,2026
344,265,Washington State,WCC,2026,203290,5313055,Dominik Robinson,Dominik,Robinson,24.0,Forward,82.0,225.0,Graham,WA,,,2026,2026
344,265,Washington State,WCC,2026,203291,5313053,Adria Rodriguez,Adria,Rodriguez,13.0,Guard,76.0,,Sant Just Desvern,ESP,,,2026,2026
224,204,Oregon State,WCC,2026,6853,5240883,Isaiah Sy,Isaiah,Sy,13.0,Forward,79.0,200.0,Marseille,FRA,,,2025,2026
224,204,Oregon State,WCC,2026,6858,5240884,Johan Munch,Johan,Munch,24.0,Forward,83.0,222.0,Copenhagen,DEN,,,2025,2026
224,204,Oregon State,WCC,2026,6859,5175012,Gavin Marrs,Gavin,Marrs,8.0,Forward,84.0,215.0,Ellensburg,WA,,,2024,2026
224,204,Oregon State,WCC,2026,6862,5175011,Josiah Lake II,Josiah,Lake II,2.0,Guard,74.0,190.0,Tualatin,OR,,,2024,2026
224,204,Oregon State,WCC,2026,6864,5240881,Kaan Yarkut,Kaan,Yarkut,6.0,Forward,78.0,210.0,Ankara,TUR,,,2025,2026
224,204,Oregon State,WCC,2026,6867,5240880,Ja'Quavis Williford,Ja'Quavis,Williford,1.0,Guard,79.0,190.0,Tampa Bay,FL,,,2025,2026
224,204,Oregon State,WCC,2026,2503,4895790,Noah Amenhauser,Noah,Amenhauser,40.0,Center,86.0,270.0,Goodyear,AZ,,,2026,2026
224,204,Oregon State,WCC,2026,1480,5175842,Dez White,Dez,White,0.0,Guard,74.0,180.0,Jefferson City,MO,,,2026,2026
224,204,Oregon State,WCC,2026,3049,5105411,Jorge Diaz Graham,Jorge,Diaz Graham,31.0,Forward,83.0,205.0,Canary Islands,ESP,,,2026,2026
224,204,Oregon State,WCC,2026,1727,5241683,Malcolm Christie,Malcolm,Christie,3.0,Guard,77.0,200.0,Fredericton,NB,,,2026,2026
224,204,Oregon State,WCC,2026,201373,5313086,Keziah Ekissi,Keziah,Ekissi,7.0,Guard,75.0,210.0,Saint-Maries-De-La-Mer,FRA,,,2026,2026
224,204,Oregon State,WCC,2026,5369,5176335,Stephen Olowoniyi,Stephen,Olowoniyi,12.0,Forward,80.0,210.0,Melbourne,VIC,,,2026,2026
224,204,Oregon State,WCC,2026,201378,5313087,Matija Samar,Matija,Samar,26.0,Guard,78.0,190.0,Jesenice,SLO,,,2026,2026
224,204,Oregon State,WCC,2026,201379,5313088,Olavi Suutela,Olavi,Suutela,37.0,Forward,82.0,220.0,Helsinki,FIN,,,2026,2026
224,204,Oregon State,WCC,2026,15332,5176771,Yaak Yaak,Yaak,Yaak,4.0,Forward,83.0,230.0,Adelaide,SA,,,2026,2026
219,295,Old Dominion,Sun Belt,2026,2627,5105804,Caelum Swanton-Rodger,Caelum,Swanton-Rodger,35.0,Forward,84.0,240.0,Calgary,AB,,,2025,2026
219,295,Old Dominion,Sun Belt,2026,2631,5174612,Robert Davis Jr.,Robert,Davis Jr.,4.0,Guard,78.0,190.0,Detroit,MI,,,2025,2026
219,295,Old Dominion,Sun Belt,2026,2634,5106791,Stephaun Walker,Stephaun,Walker,1.0,Forward,79.0,220.0,Washington,DC,,,2025,2026
219,295,Old Dominion,Sun Belt,2026,2637,5240620,Ben Nacey,Ben,Nacey,42.0,Forward,80.0,250.0,Virginia Beach,VA,,,2025,2026
219,295,Old Dominion,Sun Belt,2026,2638,5240617,CJ Parker,CJ,Parker,15.0,Forward,78.0,210.0,Norfolk,VA,,,2025,2026
219,295,Old Dominion,Sun Belt,2026,2639,4711303,Donovan Raymond,Donovan,Raymond,8.0,Forward,82.0,225.0,Charlotte,NC,,,2025,2026
219,295,Old Dominion,Sun Belt,2026,2640,5246872,Rieco Hellams,Rieco,Hellams,11.0,Guard,70.0,165.0,Washington,DC,,,2025,2026
219,295,Old Dominion,Sun Belt,2026,2644,5106462,Cooper Jones,Cooper,Jones,30.0,Guard,74.0,175.0,Lanexa,VA,,,2023,2026
219,295,Old Dominion,Sun Belt,2026,2641,5240615,Scottie Hubbard,Scottie,Hubbard,3.0,Guard,78.0,210.0,Washington,DC,,,2025,2026
219,295,Old Dominion,Sun Belt,2026,4750,4683842,LJ Thomas,LJ,Thomas,6.0,Guard,74.0,205.0,Plant City,FL,,,2026,2026
219,295,Old Dominion,Sun Belt,2026,2506,4896969,Jordan Battle,Jordan,Battle,23.0,Guard,74.0,190.0,Norfolk,VA,,,2026,2026
219,295,Old Dominion,Sun Belt,2026,8183,5197113,Drew McKenna,Drew,McKenna,7.0,Forward,79.0,220.0,Laurel,MD,,,2026,2026
219,295,Old Dominion,Sun Belt,2026,4546,5243387,KC Shaw,KC,Shaw,0.0,Guard,76.0,195.0,Charlotte,NC,,,2026,2026
219,295,Old Dominion,Sun Belt,2026,201287,5313180,Elijah Flowers,Elijah,Flowers,10.0,Forward,79.0,195.0,Washington,DC,,,2026,2026
219,295,Old Dominion,Sun Belt,2026,3979,5106717,Jared Turner,Jared,Turner,13.0,Guard,80.0,215.0,Silver Spring,MD,,,2026,2026
219,295,Old Dominion,Sun Belt,2026,201300,5313179,Zacch Wiggins,Zacch,Wiggins,2.0,Guard,76.0,200.0,Greensboro,NC,,,2026,2026
56,38,Colorado,Big 12,2026,6700,5175021,Bangot Dak,Bangot,Dak,8.0,Forward,84.0,203.0,Lincoln,NE,,,2024,2026
56,38,Colorado,Big 12,2026,6702,5115357,Elijah Malone,Elijah,Malone,50.0,Center,82.0,270.0,Lagrange,IN,,,2025,2026
56,38,Colorado,Big 12,2026,6706,5144392,Sebastian Rancik,Sebastian,Rancik,7.0,Forward,83.0,220.0,Bratislava,SVK,,,2025,2026
56,38,Colorado,Big 12,2026,6708,5214643,Felix Kossaras,Felix,Kossaras,15.0,Guard,78.0,192.0,Montreal,PQ,,,2025,2026
56,38,Colorado,Big 12,2026,6712,5240258,Nick Randall,Nick,Randall,41.0,Forward,80.0,195.0,Fort Collins,CO,,,2025,2026
56,38,Colorado,Big 12,2026,6714,5178038,Andrew Crawford,Andrew,Crawford,42.0,Guard,80.0,190.0,Littleton,CO,,,2025,2026
56,38,Colorado,Big 12,2026,198730,5152729,Jalin Holland,Jalin,Holland,11.0,Guard,77.0,200.0,Los Lunas,NM,,,2026,2026
56,38,Colorado,Big 12,2026,198731,5311913,Fawaz Ifaola,Fawaz,Ifaola,25.0,Center,84.0,245.0,Lagos,NGR,,,2026,2026
56,38,Colorado,Big 12,2026,198732,5237434,Ian Inman,Ian,Inman,0.0,Guard,78.0,200.0,Houston,TX,,,2026,2026
56,38,Colorado,Big 12,2026,198733,5254159,Isaiah Johnson,Isaiah,Johnson,2.0,Guard,73.0,170.0,Los Angeles,CA,,,2026,2026
56,38,Colorado,Big 12,2026,198737,5311912,Alon Michaeli,Alon,Michaeli,3.0,Forward,81.0,229.0,Kfar Saba,ISR,,,2026,2026
56,38,Colorado,Big 12,2026,198740,5237444,Josiah Sanders,Josiah,Sanders,5.0,Guard,77.0,210.0,Denver,CO,,,2026,2026
56,38,Colorado,Big 12,2026,198741,5311914,Leonardo Van Elswyk,Leonardo,Van Elswyk,33.0,Center,85.0,245.0,Milan,ITA,,,2026,2026
56,38,Colorado,Big 12,2026,898,5241919,Jon Mani,Jon,Mani,1.0,Guard,79.0,190.0,Los Angeles,CA,,,2026,2026
56,38,Colorado,Big 12,2026,7228,4712832,Barrington Hargress,Barrington,Hargress,24.0,Guard,73.0,190.0,Inglewood,CA,,,2026,2026
66,48,Delaware,CUSA,2026,1323,5105771,Cavan Reilly,Cavan,Reilly,3.0,Guard,76.0,200.0,Lovettsville,VA,,,2023,2026
66,48,Delaware,CUSA,2026,1327,5105772,Houston Emory,Houston,Emory,15.0,Forward,81.0,205.0,Devon,PA,,,2023,2026
66,48,Delaware,CUSA,2026,1330,5239618,Macon Emory,Macon,Emory,5.0,Forward,80.0,200.0,Devon,PA,,,2025,2026
66,48,Delaware,CUSA,2026,1331,5107353,Tyler Houser,Tyler,Houser,44.0,Forward,81.0,255.0,Camp Hill,PA,,,2024,2026
66,48,Delaware,CUSA,2026,1332,5239620,Alex McFadden,Alex,McFadden,12.0,Guard,73.0,175.0,Wayne,PA,,,2025,2026
66,48,Delaware,CUSA,2026,1333,5181545,Brandon Baffone,Brandon,Baffone,10.0,Guard,73.0,175.0,Hockessin,DE,,,2024,2026
66,48,Delaware,CUSA,2026,1128,5105846,Jameel Brown,Jameel,Brown,55.0,Guard,76.0,200.0,Philadelphia,PA,,,2026,2026
66,48,Delaware,CUSA,2026,198876,5312331,Mason Ellison,Mason,Ellison,1.0,Guard,76.0,170.0,Edgewood,MD,,,2026,2026
66,48,Delaware,CUSA,2026,198881,5312333,Alex Kazanecki,Alex,Kazanecki,20.0,Guard,78.0,190.0,Morrow,OH,,,2026,2026
66,48,Delaware,CUSA,2026,198887,5312332,Jayden Taylor,Jayden,Taylor,11.0,Forward,80.0,185.0,Newark,DE,,,2026,2026
66,48,Delaware,CUSA,2026,5521,5240281,Bouna Kebe,Bouna,Kebe,35.0,Forward,81.0,216.0,Dakar,SEN,,,2026,2026
66,48,Delaware,CUSA,2026,3215,5238226,Lance Piper,Lance,Piper,14.0,Guard,78.0,187.0,Holtsville,NY,,,2026,2026
66,48,Delaware,CUSA,2026,5360,4433274,Nnanna Njoku,Nnanna,Njoku,21.0,Forward,81.0,250.0,Bear,DE,,,2026,2026
66,48,Delaware,CUSA,2026,3142,4917385,Justyn Fernandez,Justyn,Fernandez,4.0,Guard,77.0,210.0,Richmond,VA,,,2026,2026
66,48,Delaware,CUSA,2026,8202,5142618,Christian Bliss,Christian,Bliss,0.0,Guard,76.0,190.0,Queens,NY,,,2026,2026
104,2253,Grand Canyon,Mountain West,2026,6406,5176662,Makaih Williams,Makaih,Williams,2.0,Guard,74.0,190.0,Long Beach,CA,,,2025,2026
104,2253,Grand Canyon,Mountain West,2026,6412,5107860,Caleb Shaw,Caleb,Shaw,11.0,Guard,78.0,215.0,Phoenix,AZ,,,2024,2026
104,2253,Grand Canyon,Mountain West,2026,6416,5241337,Braylon Johnson,Braylon,Johnson,3.0,Guard,79.0,210.0,Moon Township,PA,,,2025,2026
104,2253,Grand Canyon,Mountain West,2026,6415,4872744,Dennis Evans,Dennis,Evans,14.0,Center,86.0,240.0,Riverside,CA,,,2025,2026
104,2253,Grand Canyon,Mountain West,2026,199469,5313910,Evan Boisdur,Evan,Boisdur,9.0,Guard,73.0,175.0,Les Abymes,FRA,,,2026,2026
104,2253,Grand Canyon,Mountain West,2026,199471,5313911,Efe Demirel,Efe,Demirel,17.0,Center,85.0,240.0,İzmit,TUR,,,2026,2026
104,2253,Grand Canyon,Mountain West,2026,199477,5313912,Cole Pepe,Cole,Pepe,23.0,Guard,76.0,190.0,Scottsdale,AZ,,,2026,2026
104,2253,Grand Canyon,Mountain West,2026,6051,5241313,Jack Sawyer,Jack,Sawyer,21.0,Forward,80.0,230.0,Aledo,TX,,,2026,2026
104,2253,Grand Canyon,Mountain West,2026,199480,5313908,Luke Shaw,Luke,Shaw,1.0,Guard,75.0,185.0,Phoenix,AZ,,,2026,2026
104,2253,Grand Canyon,Mountain West,2026,181,4685662,Dusty Stromer,Dusty,Stromer,8.0,Guard,78.0,195.0,Sherman Oaks,CA,,,2026,2026
104,2253,Grand Canyon,Mountain West,2026,2735,4898210,Nana Owusu-Anane,Nana,Owusu-Anane,31.0,Forward,80.0,240.0,Burlington,ON,,,2026,2026
104,2253,Grand Canyon,Mountain West,2026,7224,5107153,Kaleb Smith,Kaleb,Smith,22.0,Forward,82.0,245.0,Rancho Cucamonga,CA,,,2026,2026
104,2253,Grand Canyon,Mountain West,2026,7354,5105821,Jaden Henley,Jaden,Henley,10.0,Guard,79.0,210.0,Ontario,CA,,,2026,2026
104,2253,Grand Canyon,Mountain West,2026,7781,4433600,Wilhelm Breidenbach,Wilhelm,Breidenbach,32.0,Forward,82.0,235.0,Rancho Santa Margarita,CA,,,2026,2026
104,2253,Grand Canyon,Mountain West,2026,4531,5107895,Brian Moore Jr.,Brian,Moore Jr.,5.0,Guard,74.0,190.0,Harlem,NY,,,2026,2026
176,2623,Missouri State,CUSA,2026,1477,5241397,Michael Osei-Bonsu,Michael,Osei-Bonsu,23.0,Forward,76.0,280.0,Bolingbrook,IL,,,2025,2026
176,2623,Missouri State,CUSA,2026,1478,5241395,Zaxton King,Zaxton,King,13.0,Guard,75.0,185.0,Lawrence,KS,,,2025,2026
176,2623,Missouri State,CUSA,2026,1490,5241391,Logan Epes,Logan,Epes,6.0,Guard,75.0,195.0,Garland,TX,,,2025,2026
176,2623,Missouri State,CUSA,2026,19513,5190926,Kobi Williams,Kobi,Williams,0.0,Guard,76.0,195.0,St. Louis,MO,,,2026,2026
176,2623,Missouri State,CUSA,2026,6205,4433185,Antwan Burnett,Antwan,Burnett,4.0,Guard,77.0,215.0,Montgomery,AL,,,2026,2026
176,2623,Missouri State,CUSA,2026,8239,5144381,Darrion Sutton,Darrion,Sutton,10.0,Forward,81.0,205.0,St. Charles,MO,,,2026,2026
176,2623,Missouri State,CUSA,2026,9886,5252116,Tyrique Brooks,Tyrique,Brooks,2.0,Athlete,76.0,180.0,Springfield,MO,,,2026,2026
176,2623,Missouri State,CUSA,2026,200629,5313697,Cameron Boone,Cameron,Boone,20.0,Forward,82.0,240.0,East St. Louis,IL,,,2026,2026
176,2623,Missouri State,CUSA,2026,200632,5313698,Ryder Cheesman,Ryder,Cheesman,31.0,Guard,76.0,177.0,Melbourne,VIC,,,2026,2026
176,2623,Missouri State,CUSA,2026,200633,5313694,Collin Clark,Collin,Clark,3.0,Forward,79.0,215.0,Springfield,MO,,,2026,2026
176,2623,Missouri State,CUSA,2026,200634,5313695,Melakih Cunningham,Melakih,Cunningham,5.0,Guard,79.0,196.0,Gary,IN,,,2026,2026
176,2623,Missouri State,CUSA,2026,200639,5313696,Keith Palek III,Keith,Palek III,11.0,Forward,81.0,220.0,Woodbine,NJ,,,2026,2026
176,2623,Missouri State,CUSA,2026,200642,5313693,Trey Williams Jr.,Trey,Williams Jr.,1.0,Guard,75.0,180.0,Centralia,IL,,,2026,2026
176,2623,Missouri State,CUSA,2026,6771,5176947,Amar Kuljuhovic,Amar,Kuljuhovic,7.0,Center,80.0,240.0,Waterloo,IA,,,2026,2026
1507,2441,New Haven,NEC,2026,1055,5242624,Jagger Bascombe,Jagger,Bascombe,8.0,Guard,76.0,175.0,Franklin Square,NY,,,2026,2026
1507,2441,New Haven,NEC,2026,4578,5243011,Stefano Faloppa,Stefano,Faloppa,5.0,Forward,81.0,235.0,Portogruaro,ITA,,,2026,2026
1507,2441,New Haven,NEC,2026,10307,5252503,Maison Adeleye,Maison,Adeleye,22.0,Athlete,75.0,,Arlington,TX,,,2026,2026
1507,2441,New Haven,NEC,2026,200837,5314315,Vere Anthony,Vere,Anthony,10.0,Guard,72.0,,Queens,NY,,,2026,2026
1507,2441,New Haven,NEC,2026,4770,5108121,Kheni Briggs,Kheni,Briggs,3.0,Guard,75.0,200.0,Kannapolis,NC,,,2026,2026
1507,2441,New Haven,NEC,2026,200840,5314321,Tristan Burth,Tristan,Burth,20.0,Forward,80.0,,Bronx,NY,,,2026,2026
1507,2441,New Haven,NEC,2026,200841,5314317,Timothy Coleman,Timothy,Coleman,12.0,Forward,79.0,,New Haven,CT,,,2026,2026
1507,2441,New Haven,NEC,2026,200844,5314323,Najimi George,Najimi,George,23.0,Guard,76.0,,Bridgeport,CT,,,2026,2026
1507,2441,New Haven,NEC,2026,200845,5314312,Justice Hanna,Justice,Hanna,6.0,Guard,72.0,,Meriden,CT,,,2026,2026
1507,2441,New Haven,NEC,2026,200846,5314314,Owen Hotaling,Owen,Hotaling,9.0,Guard,75.0,,Wallingford,CT,,,2026,2026
1507,2441,New Haven,NEC,2026,200847,5314324,Kyle Kearson,Kyle,Kearson,25.0,Guard,76.0,,West Haven,CT,,,2026,2026
1507,2441,New Haven,NEC,2026,200848,5314313,Dior Kennedy,Dior,Kennedy,7.0,Guard,74.0,,Coatesville,PA,,,2026,2026
1507,2441,New Haven,NEC,2026,200849,5314311,Dominick LaDuca,Dominick,LaDuca,4.0,Guard,67.0,,East Hartford,CT,,,2026,2026
1507,2441,New Haven,NEC,2026,200850,5314310,Aidan Losiewicz,Aidan,Losiewicz,2.0,Guard,75.0,,Douglas,MA,,,2026,2026
1507,2441,New Haven,NEC,2026,200851,5314316,Nathan Narcisse,Nathan,Narcisse,11.0,Guard,76.0,,Montclair,NJ,,,2026,2026
1507,2441,New Haven,NEC,2026,200852,5314325,Matiss Ogle,Matiss,Ogle,31.0,Guard,77.0,,Naul,IRL,,,2026,2026
1507,2441,New Haven,NEC,2026,200853,5314318,John Oladipo,John,Oladipo,13.0,Guard,74.0,,Pawtucket,RI,,,2026,2026
1507,2441,New Haven,NEC,2026,200854,5314320,Andre Pasha,Andre,Pasha,15.0,Forward,81.0,,Syracuse,NY,,,2026,2026
1507,2441,New Haven,NEC,2026,200855,5314319,Teshaun Steele,Teshaun,Steele,14.0,Guard,79.0,,Worcester,MA,,,2026,2026
1507,2441,New Haven,NEC,2026,200856,5314322,Zoumana Traore,Zoumana,Traore,21.0,Guard,80.0,,Harlem,NY,,,2026,2026
1507,2441,New Haven,NEC,2026,18300,5185239,Jabri Fitzpatrick,Jabri,Fitzpatrick,1.0,Guard,74.0,170.0,North Brunswick,NJ,,,2026,2026
262,2547,Seattle U,WCC,2026,8382,5241342,Brayden Maldonado,Brayden,Maldonado,0.0,Guard,72.0,171.0,Anchorage,AK,,,2025,2026
262,2547,Seattle U,WCC,2026,8383,5107830,Maleek Arington,Maleek,Arington,1.0,Guard,75.0,215.0,Auburn,WA,,,2025,2026
262,2547,Seattle U,WCC,2026,6410,5241338,Austin Maurer,Austin,Maurer,34.0,Center,84.0,230.0,Medford,OR,,,2026,2026
262,2547,Seattle U,WCC,2026,201940,5313138,Miles Amos,Miles,Amos,2.0,Guard,74.0,200.0,South San Francisco,CA,,,2026,2026
262,2547,Seattle U,WCC,2026,5998,5177725,Brock Felder,Brock,Felder,33.0,Power Forward,80.0,256.0,St. George,UT,,,2026,2026
262,2547,Seattle U,WCC,2026,201945,5313140,Jeremiah Harshman,Jeremiah,Harshman,7.0,Guard,73.0,170.0,Seatac,WA,,,2026,2026
262,2547,Seattle U,WCC,2026,201950,5313139,Jojo Murphy,Jojo,Murphy,5.0,Guard,74.0,180.0,Piedmont,CA,,,2026,2026
262,2547,Seattle U,WCC,2026,201951,5313141,Stratos Papastavrou,Stratos,Papastavrou,9.0,Forward,79.0,197.0,Athens,GRE,,,2026,2026
262,2547,Seattle U,WCC,2026,201952,5313142,JT White,JT,White,14.0,Guard,76.0,190.0,Issaquah,WA,,,2026,2026
262,2547,Seattle U,WCC,2026,8384,4433606,John Christofilis,John,Christofilis,11.0,Guard,75.0,205.0,Seattle,WA,,,2024,2026
262,2547,Seattle U,WCC,2026,8386,5241344,Houran Dan,Houran,Dan,6.0,Center,82.0,230.0,Neimenggu,CHN,,,2025,2026
262,2547,Seattle U,WCC,2026,8390,5241349,Yuto Kawashima,Yuto,Kawashima,25.0,Forward,81.0,215.0,Gumma,JPN,,,2025,2026
262,2547,Seattle U,WCC,2026,8391,5241346,Ray Adams,Ray,Adams,10.0,Forward,80.0,202.0,Olympia,WA,,,2025,2026
262,2547,Seattle U,WCC,2026,8392,5177716,Will Heimbrodt,Will,Heimbrodt,15.0,Forward,79.0,220.0,San Anselmo,CA,,,2024,2026
262,2547,Seattle U,WCC,2026,8394,5241348,Eric Zheng,Eric,Zheng,19.0,Guard,71.0,175.0,Beijing,CHN,,,2025,2026
262,2547,Seattle U,WCC,2026,176,5176261,Junseok Yeo,Junseok,Yeo,21.0,Forward,80.0,218.0,Seoul,SKO,,,2026,2026
161,113,Massachusetts,MAC,2026,2884,5105551,Daniel Hankins-Sanford,Daniel,Hankins-Sanford,1.0,Forward,80.0,236.0,Charlotte,NC,,,2024,2026
161,113,Massachusetts,MAC,2026,2888,5239651,Luka Damjanac,Luka,Damjanac,13.0,Forward,82.0,260.0,Vienna,AUT,,,2025,2026
161,113,Massachusetts,MAC,2026,2893,5174614,Jayden Ndjigue,Jayden,Ndjigue,11.0,Guard,76.0,206.0,Ayer,MA,,,2024,2026
161,113,Massachusetts,MAC,2026,2897,5239650,Josh Engel,Josh,Engel,9.0,Guard,72.0,169.0,Manalapan,NJ,,,2025,2026
161,113,Massachusetts,MAC,2026,2898,5174618,Rollie Castineyra,Rollie,Castineyra,44.0,Guard,74.0,187.0,Marblehead,MA,,,2024,2026
161,113,Massachusetts,MAC,2026,877,4897361,Marcus Banks Jr.,Marcus,Banks Jr.,24.0,Guard,75.0,200.0,Hampton,VA,,,2026,2026
161,113,Massachusetts,MAC,2026,6045,4896505,Leonardo Bettiol,Leonardo,Bettiol,3.0,Forward,81.0,238.0,Roncade,ITA,,,2026,2026
161,113,Massachusetts,MAC,2026,11987,5257084,Donovan Brown,Donovan,Brown,10.0,Guard,74.0,185.0,Bolingbrook,IL,,,2026,2026
161,113,Massachusetts,MAC,2026,200380,5041934,Danny Carbuccia,Danny,Carbuccia,0.0,Guard,71.0,177.0,White Plains,NY,,,2026,2026
161,113,Massachusetts,MAC,2026,200382,5313356,Dimitri Clerc,Dimitri,Clerc,25.0,Forward,82.0,270.0,Lausanne,SUI,,,2026,2026
161,113,Massachusetts,MAC,2026,200387,5313354,Bilal Osman,Bilal,Osman,7.0,Forward,79.0,190.0,Stockholm,SWE,,,2026,2026
161,113,Massachusetts,MAC,2026,200388,5313355,Charles Outlaw,Charles,Outlaw,22.0,Forward,81.0,217.0,Orlando,FL,,,2026,2026
161,113,Massachusetts,MAC,2026,17202,5177558,K'Jei Parker,K'Jei,Parker,5.0,Guard,74.0,190.0,Lakeland,FL,,,2026,2026
161,113,Massachusetts,MAC,2026,200390,5313353,Isaiah Placide,Isaiah,Placide,4.0,Guard,76.0,202.0,Hampton,GA,,,2026,2026
161,113,Massachusetts,MAC,2026,200391,5101843,Dwayne Wimbley Jr.,Dwayne,Wimbley Jr.,2.0,Forward,78.0,205.0,Fort Lauderdale,FL,,,2026,2026
282,2617,Stephen F. Austin,Southland,2026,5811,5177516,Chrishawn Christmas,Chrishawn,Christmas,1.0,Guard,77.0,210.0,Gary,IN,,,2024,2026
282,2617,Stephen F. Austin,Southland,2026,5823,5106037,Keon Thompson,Keon,Thompson,5.0,Guard,73.0,198.0,Merrillville,IN,,,2025,2026
282,2617,Stephen F. Austin,Southland,2026,6115,5176674,Kam Burton,Kam,Burton,0.0,Guard,75.0,195.0,Houston,TX,,,2026,2026
282,2617,Stephen F. Austin,Southland,2026,3753,5243088,Jerald Colonel,Jerald,Colonel,2.0,Forward,81.0,200.0,Savannah,GA,,,2026,2026
282,2617,Stephen F. Austin,Southland,2026,202268,5314593,Gediminas Alisas,Gediminas,Alisas,17.0,Forward,,,Vilnius,LTU,,,2026,2026
282,2617,Stephen F. Austin,Southland,2026,202270,5314587,Narit Chotikavanic,Narit,Chotikavanic,6.0,Guard,,,Plano,TX,,,2026,2026
282,2617,Stephen F. Austin,Southland,2026,202273,5314589,Harris Dar,Harris,Dar,9.0,Guard,,,Plano,TX,,,2026,2026
282,2617,Stephen F. Austin,Southland,2026,5191,5247636,Christian Green,Christian,Green,3.0,Athlete,,,San Antonio,TX,,,2026,2026
282,2617,Stephen F. Austin,Southland,2026,202275,5314590,Yohan Gutierrez,Yohan,Gutierrez,10.0,Forward,,,,,,,2026,2026
282,2617,Stephen F. Austin,Southland,2026,202276,5314588,Bryceson Melvin,Bryceson,Melvin,8.0,Guard,,,Arlington,TX,,,2026,2026
282,2617,Stephen F. Austin,Southland,2026,202277,5314594,Ahamed Mohammed,Ahamed,Mohammed,21.0,Guard,,,Glendale,AZ,,,2026,2026
282,2617,Stephen F. Austin,Southland,2026,202279,5314591,Lateef Patrick,Lateef,Patrick,11.0,Guard,,,Milton,MA,,,2026,2026
282,2617,Stephen F. Austin,Southland,2026,202280,5314586,Marcus Scurry,Marcus,Scurry,4.0,Guard,,,Augusta,GA,,,2026,2026
282,2617,Stephen F. Austin,Southland,2026,202281,5314592,Eltramon Smith Jr.,Eltramon,Smith Jr.,12.0,Forward,,,Atlanta,GA,,,2026,2026
282,2617,Stephen F. Austin,Southland,2026,15256,5175392,Tichyque Musaka,Tichyque,Musaka,7.0,Forward,83.0,200.0,Durham,NC,,,2026,2026
324,250,UT Arlington,WAC,2026,7832,5183293,Cash Chavis,Cash,Chavis,1.0,Guard,74.0,180.0,Minneapolis,MN,,,2026,2026
324,250,UT Arlington,WAC,2026,7563,5240285,Tyran Mason,Tyran,Mason,3.0,Guard,78.0,195.0,Plano,TX,,,2026,2026
324,250,UT Arlington,WAC,2026,7132,5113390,Marcell McCreary,Marcell,McCreary,42.0,Guard,76.0,225.0,Fort Worth,TX,,,2026,2026
324,250,UT Arlington,WAC,2026,10195,5252372,Alex Bossinakis,Alex,Bossinakis,7.0,Athlete,74.0,200.0,North Richland Hills,TX,,,2026,2026
324,250,UT Arlington,WAC,2026,1295,5241453,Stoney Hadnot,Stoney,Hadnot,21.0,Forward,78.0,200.0,Houston,TX,,,2026,2026
324,250,UT Arlington,WAC,2026,2535,5176733,Marcus Rigsby Jr.,Marcus,Rigsby Jr.,4.0,Guard,75.0,200.0,Fort Worth,TX,,,2026,2026
324,250,UT Arlington,WAC,2026,4136,5061587,Miles Goodman,Miles,Goodman,5.0,Forward,83.0,225.0,Seattle,WA,,,2026,2026
324,250,UT Arlington,WAC,2026,203036,5314870,Bahsil Laster,Bahsil,Laster,8.0,Guard,76.0,180.0,Philadelphia,PA,,,2026,2026
324,250,UT Arlington,WAC,2026,203037,5144092,Jordan Lowery,Jordan,Lowery,0.0,Guard,73.0,170.0,Denton,TX,,,2026,2026
324,250,UT Arlington,WAC,2026,203040,5196935,Amari Reed,Amari,Reed,33.0,Forward,80.0,210.0,Lancaster,TX,,,2026,2026
324,250,UT Arlington,WAC,2026,203043,5314871,Jayden Smoot,Jayden,Smoot,11.0,Guard,73.0,180.0,Los Angeles,CA,,,2026,2026
324,250,UT Arlington,WAC,2026,203045,5314872,Augustine Youssef,Augustine,Youssef,12.0,Guard,72.0,190.0,Indio,CA,,,2026,2026
324,250,UT Arlington,WAC,2026,713,5241424,Raysean Seamster,Raysean,Seamster,2.0,Forward,79.0,200.0,Portland,OR,,,2025,2026
324,250,UT Arlington,WAC,2026,718,5241428,Cameron Jackson,Cameron,Jackson,34.0,Forward,80.0,240.0,Pflugerville,TX,,,2025,2026
139,2320,Lamar,Southland,2026,5084,5176637,Errol White,Errol,White,10.0,Forward,79.0,205.0,Queens,NY,,,2024,2026
139,2320,Lamar,Southland,2026,5085,5116468,Andrew Holifield,Andrew,Holifield,22.0,Forward,82.0,185.0,Beaumont,TX,,,2025,2026
139,2320,Lamar,Southland,2026,5086,5123799,Janko Bulajic,Janko,Bulajic,32.0,Center,82.0,233.0,Niksic,MTG,,,2023,2026
139,2320,Lamar,Southland,2026,5089,5242573,Braden East,Braden,East,4.0,Forward,81.0,238.0,Houston,TX,,,2025,2026
139,2320,Lamar,Southland,2026,5092,5176636,Jayden Barrs,Jayden,Barrs,2.0,Guard,73.0,190.0,Manor,TX,,,2024,2026
139,2320,Lamar,Southland,2026,5093,5106641,B.B. Knight,B.B.,Knight,8.0,Guard,78.0,192.0,Katy,TX,,,2024,2026
139,2320,Lamar,Southland,2026,5096,5242574,Jayden Gambrell,Jayden,Gambrell,5.0,Guard,75.0,170.0,Houston,TX,,,2025,2026
139,2320,Lamar,Southland,2026,5097,5108080,Cody Pennebaker,Cody,Pennebaker,0.0,Guard,77.0,194.0,Brooklyn Park,MN,,,2023,2026
139,2320,Lamar,Southland,2026,199986,5313557,Spencer Ezewiro,Spencer,Ezewiro,20.0,Forward,81.0,220.0,Paramount,CA,,,2026,2026
139,2320,Lamar,Southland,2026,199990,5313558,Rob Lee Jr.,Rob,Lee Jr.,24.0,Guard,74.0,190.0,Flint,MI,,,2026,2026
139,2320,Lamar,Southland,2026,199991,5313555,Eian Lowe,Eian,Lowe,11.0,Guard,70.0,155.0,Fort Bend,TX,,,2026,2026
139,2320,Lamar,Southland,2026,199993,5313553,Quinton Sanders,Quinton,Sanders,1.0,Guard,75.0,175.0,Houston,TX,,,2026,2026
139,2320,Lamar,Southland,2026,199994,5313556,Christian Thomas,Christian,Thomas,12.0,Power Forward,77.0,190.0,Baltimore,MD,,,2026,2026
139,2320,Lamar,Southland,2026,199996,5313554,King-Njhsanni Wilhite,King-Njhsanni,Wilhite,3.0,Guard,73.0,175.0,San Francisco,CA,,,2026,2026
139,2320,Lamar,Southland,2026,211321,5313559,Izuchukwu Emelife,Izuchukwu,Emelife,51.0,Center,79.0,220.0,League City,TX,,,2026,2026
314,41,UConn,Big East,2026,7792,4917149,Alex Karaban,Alex,Karaban,11.0,Forward,80.0,230.0,Southborough,MA,,,2022,2026
314,41,UConn,Big East,2026,7794,4895737,Solo Ball,Solo,Ball,1.0,Guard,76.0,200.0,Leesburg,VA,,,2024,2026
314,41,UConn,Big East,2026,7797,4685647,Jaylin Stewart,Jaylin,Stewart,3.0,Forward,79.0,225.0,Seattle,WA,,,2024,2026
314,41,UConn,Big East,2026,7799,5105809,Tarris Reed Jr.,Tarris,Reed Jr.,5.0,Center,83.0,265.0,St. Louis,MO,,,2025,2026
314,41,UConn,Big East,2026,7802,4895753,Jayden Ross,Jayden,Ross,23.0,Forward,79.0,205.0,Bristow,VA,,,2024,2026
314,41,UConn,Big East,2026,2932,4683861,Malachi Smith,Malachi,Smith,0.0,Guard,73.0,180.0,Bronx,NY,,,2026,2026
314,41,UConn,Big East,2026,633,5241657,Alec Millender,Alec,Millender,9.0,Guard,73.0,190.0,Glenwood,IL,,,2026,2026
314,41,UConn,Big East,2026,22,5054083,Silas Demary Jr.,Silas,Demary Jr.,2.0,Guard,76.0,195.0,Raleigh,NC,,,2026,2026
314,41,UConn,Big East,2026,3334,4703011,Dwayne Koroma,Dwayne,Koroma,4.0,Forward,80.0,212.0,Berlin,GER,,,2026,2026
314,41,UConn,Big East,2026,202772,5312036,Rrezon Elezaj,Rrezon,Elezaj,10.0,Center,85.0,225.0,Istanbul,TUR,,,2026,2026
314,41,UConn,Big East,2026,202773,5248294,Jacob Furphy,Jacob,Furphy,7.0,Guard,78.0,205.0,Smithton,TAS,,,2026,2026
314,41,UConn,Big East,2026,202778,5196916,Braylon Mullins,Braylon,Mullins,24.0,Guard,78.0,196.0,Greenfield,IN,,,2026,2026
314,41,UConn,Big East,2026,202779,5307570,Uroš Paunovic,Uroš,Paunovic,77.0,Guard,75.0,190.0,Belgrade,SER,,,2026,2026
314,41,UConn,Big East,2026,202781,5152763,Eric Reibe,Eric,Reibe,12.0,Center,85.0,260.0,Hannover,GER,,,2026,2026
314,41,UConn,Big East,2026,202782,5142624,Jacob Ross,Jacob,Ross,13.0,Forward,77.0,195.0,Bristow,VA,,,2026,2026
130,140,Kansas City,Summit,2026,1834,5177741,Jayson Petty,Jayson,Petty,1.0,Guard,76.0,190.0,Phoenix,AZ,,,2024,2026
130,140,Kansas City,Summit,2026,1837,5241652,Kasheem Grady II,Kasheem,Grady II,7.0,Guard,77.0,185.0,Atlanta,GA,,,2025,2026
130,140,Kansas City,Summit,2026,10,5174654,Addarin Scott,Addarin,Scott,23.0,Forward,80.0,220.0,Dallas,TX,,,2026,2026
130,140,Kansas City,Summit,2026,4116,5174813,Max Sims,Max,Sims,6.0,Guard,78.0,190.0,Tampa,FL,,,2026,2026
130,140,Kansas City,Summit,2026,9395,5107872,Jerome Palm,Jerome,Palm,33.0,Forward,82.0,225.0,Almere,NED,,,2026,2026
130,140,Kansas City,Summit,2026,199888,5314677,Trey Booker-Lowery,Trey,Booker-Lowery,8.0,Guard,79.0,,Murrieta,CA,,,2026,2026
130,140,Kansas City,Summit,2026,199889,5314674,Karmello Branch,Karmello,Branch,0.0,Guard,76.0,,Tampa,FL,,,2026,2026
130,140,Kansas City,Summit,2026,3374,5241488,Kernan Bundy,Kernan,Bundy,11.0,Guard,74.0,190.0,Overland Park,KS,,,2026,2026
130,140,Kansas City,Summit,2026,199891,5314676,Jamaria Clark,Jamaria,Clark,3.0,Guard,74.0,,Doyline,LA,,,2026,2026
130,140,Kansas City,Summit,2026,199894,5314675,CJ Evans,CJ,Evans,2.0,Guard,71.0,,Killeen,TX,,,2026,2026
130,140,Kansas City,Summit,2026,199896,5144143,D'Andre Harrison,D'Andre,Harrison,13.0,Forward,78.0,,Gilbert,AZ,,,2026,2026
130,140,Kansas City,Summit,2026,199897,5314678,Jason Hilliard,Jason,Hilliard,10.0,Forward,79.0,,Pomona,CA,,,2026,2026
130,140,Kansas City,Summit,2026,6335,5205881,Babacar Mbengue,Babacar,Mbengue,21.0,Forward,84.0,250.0,Dakar,SEN,,,2026,2026
130,140,Kansas City,Summit,2026,7216,5241911,Cory Curtis Jr.,Cory,Curtis Jr.,5.0,Guard,76.0,,Los Angeles,CA,,,2026,2026
130,140,Kansas City,Summit,2026,17408,5108143,Chris Dockery,Chris,Dockery,4.0,Guard,78.0,185.0,Las Vegas,NV,,,2026,2026
222,198,Oral Roberts,Summit,2026,8292,5241624,Luke Gray,Luke,Gray,25.0,Forward,78.0,235.0,Edmond,OK,,,2025,2026
222,198,Oral Roberts,Summit,2026,8303,5107320,Chase Martin,Chase,Martin,2.0,Guard,76.0,210.0,Jenks,OK,,,2025,2026
222,198,Oral Roberts,Summit,2026,6089,5239629,Jack Turner,Jack,Turner,0.0,Guard,75.0,165.0,Los Angeles,CA,,,2026,2026
222,198,Oral Roberts,Summit,2026,7066,5108086,Yuto Yamanouchi-Williams,Yuto,Yamanouchi-Williams,27.0,Forward,82.0,230.0,Aizuwakamatsu,JPN,,,2026,2026
222,198,Oral Roberts,Summit,2026,9612,4683748,Ty Harper,Ty,Harper,1.0,Guard,75.0,175.0,Norcross,GA,,2001-10-07,2026,2026
222,198,Oral Roberts,Summit,2026,3328,5175352,Ofri Naveh,Ofri,Naveh,9.0,Forward,79.0,185.0,Neot Golan,ISR,,,2026,2026
222,198,Oral Roberts,Summit,2026,7560,5240286,Baron Smith Jr.,Baron,Smith Jr.,21.0,Forward,81.0,220.0,Haltom City,TX,,,2026,2026
222,198,Oral Roberts,Summit,2026,201336,5314800,Alex Couto,Alex,Couto,8.0,Guard,73.0,,Carmel,IN,,,2026,2026
222,198,Oral Roberts,Summit,2026,6676,5101865,Connor Dow,Connor,Dow,5.0,Guard,78.0,200.0,Broken Arrow,OK,,,2026,2026
222,198,Oral Roberts,Summit,2026,201338,5314798,Cal Furnish,Cal,Furnish,6.0,Guard,70.0,,Edmond,OK,,,2026,2026
222,198,Oral Roberts,Summit,2026,201341,5314801,Aaron Jacob,Aaron,Jacob,10.0,Forward,80.0,,Austin,TX,,,2026,2026
222,198,Oral Roberts,Summit,2026,201342,5314799,Martins Kilups,Martins,Kilups,7.0,Guard,76.0,,Riga,LAT,,,2026,2026
222,198,Oral Roberts,Summit,2026,201344,5314797,Laymen McGrady,Laymen,McGrady,4.0,Guard,76.0,,Houston,TX,,,2026,2026
222,198,Oral Roberts,Summit,2026,201347,5314803,Lane Sparks,Lane,Sparks,20.0,Guard,75.0,,Dillsboro,IN,,,2026,2026
334,2678,VMI,SoCon,2026,1164,5243264,Kaden Stuckey,Kaden,Stuckey,6.0,Forward,80.0,232.0,Buffalo,NY,,,2025,2026
334,2678,VMI,SoCon,2026,1166,5107076,TJ Johnson,TJ,Johnson,44.0,Forward,79.0,215.0,Belton,TX,,,2025,2026
334,2678,VMI,SoCon,2026,1167,5176530,Tan Yildizoglu,Tan,Yildizoglu,30.0,Guard,76.0,190.0,Istanbul,TUR,,,2025,2026
334,2678,VMI,SoCon,2026,1169,5243262,Cal Liston,Cal,Liston,0.0,Forward,77.0,217.0,Marietta,GA,,,2025,2026
334,2678,VMI,SoCon,2026,1176,5243265,Jaylen Pazon,Jaylen,Pazon,7.0,Guard,77.0,195.0,New Orleans,LA,,,2025,2026
334,2678,VMI,SoCon,2026,1168,5107351,Rickey Bradley Jr.,Rickey,Bradley Jr.,1.0,Guard,74.0,200.0,Milwaukee,WI,,,2025,2026
334,2678,VMI,SoCon,2026,1171,5176339,Robert Peters,Robert,Peters,32.0,Forward,80.0,220.0,West Allis,WI,,,2024,2026
334,2678,VMI,SoCon,2026,1172,5243263,Linus Holmstrom,Linus,Holmstrom,4.0,Guard,75.0,195.0,Stockholm,SWE,,,2025,2026
334,2678,VMI,SoCon,2026,1174,5176337,Walker Andrews,Walker,Andrews,14.0,Guard,73.0,180.0,Fincastle,VA,,,2024,2026
334,2678,VMI,SoCon,2026,1175,5176334,AJ Clark,AJ,Clark,5.0,Guard,76.0,184.0,Suffolk,VA,,,2024,2026
334,2678,VMI,SoCon,2026,203220,5314582,Alexander Daushvili,Alexander,Daushvili,9.0,Forward,80.0,211.0,Tbilisi,GEO,,,2026,2026
334,2678,VMI,SoCon,2026,203221,5314583,Branford Edmonds III,Branford,Edmonds III,10.0,Guard,74.0,185.0,La Plata,MD,,,2026,2026
334,2678,VMI,SoCon,2026,5776,5238193,Mason Hagedorn,Mason,Hagedorn,3.0,Forward,81.0,225.0,Rochester,NY,,,2026,2026
334,2678,VMI,SoCon,2026,203225,5314584,Mason Lawson,Mason,Lawson,42.0,Guard,73.0,185.0,Boston,MA,,,2026,2026
334,2678,VMI,SoCon,2026,203230,5314580,Mario Tatum Jr.,Mario,Tatum Jr.,2.0,Guard,75.0,190.0,Edgewood,MD,,,2026,2026
75,2193,East Tennessee State,SoCon,2026,225,4873137,Brayden Crump,Brayden,Crump,14.0,Forward,80.0,220.0,Morganton,NC,,,2026,2026
75,2193,East Tennessee State,SoCon,2026,199084,5314497,Maddox Huff,Maddox,Huff,3.0,Guard,75.0,190.0,Baxter,KY,,,2026,2026
75,2193,East Tennessee State,SoCon,2026,4272,4873161,Jordan McCullum,Jordan,McCullum,35.0,Forward,80.0,180.0,Harriman,TN,,,2026,2026
75,2193,East Tennessee State,SoCon,2026,1259,5107271,Cam Morris III,Cam,Morris III,15.0,Forward,80.0,205.0,Alexander City,AL,,,2026,2026
75,2193,East Tennessee State,SoCon,2026,199089,5314500,Henry Sisemore,Henry,Sisemore,30.0,Forward,80.0,195.0,Lago Vista,TX,,,2026,2026
75,2193,East Tennessee State,SoCon,2026,199093,5314499,Isaiah Sutherland,Isaiah,Sutherland,24.0,Forward,79.0,215.0,Orlando,FL,,,2026,2026
75,2193,East Tennessee State,SoCon,2026,199095,5314498,Frederico Whitaker Jr.,Frederico,Whitaker Jr.,23.0,Guard,71.0,135.0,Pittsboro,NC,,,2026,2026
75,2193,East Tennessee State,SoCon,2026,3191,5176209,Jaylen Smith,Jaylen,Smith,4.0,Guard,71.0,175.0,Ocoee,FL,,,2026,2026
75,2193,East Tennessee State,SoCon,2026,5921,5106766,Brian Taylor II,Brian,Taylor II,11.0,Guard,76.0,175.0,St. Louis,MO,,,2026,2026
75,2193,East Tennessee State,SoCon,2026,5453,5174800,Blake Barkley,Blake,Barkley,13.0,Forward,80.0,220.0,Morgantown,WV,,,2026,2026
75,2193,East Tennessee State,SoCon,2026,5657,4704090,Milton Matthews III,Milton,Matthews III,55.0,Guard,75.0,200.0,District Heights,MD,,,2026,2026
75,2193,East Tennessee State,SoCon,2026,2800,4897387,Allen Strothers,Allen,Strothers,5.0,Guard,73.0,172.0,Newport News,VA,,,2022,2026
75,2193,East Tennessee State,SoCon,2026,2801,4845380,Maki Johnson,Maki,Johnson,2.0,Guard,76.0,186.0,Huntington,WV,,,2024,2026
75,2193,East Tennessee State,SoCon,2026,2802,4711273,Gabe Sisk,Gabe,Sisk,21.0,Guard,77.0,207.0,Louisville,KY,,,2024,2026
75,2193,East Tennessee State,SoCon,2026,213973,5325440,Joseph Carter,Joseph,Carter,25.0,Guard,73.0,190.0,Louisville,TN,,,2026,2026
117,70,Idaho,Big Sky,2026,6551,5105650,Tyler Linhardt,Tyler,Linhardt,22.0,Forward,79.0,220.0,Seattle,WA,,,2024,2026
117,70,Idaho,Big Sky,2026,6552,5176318,Kolton Mitchell,Kolton,Mitchell,14.0,Guard,73.0,170.0,Coeur d'Alene,ID,,,2025,2026
117,70,Idaho,Big Sky,2026,6553,5176303,Kristian Gonzalez,Kristian,Gonzalez,10.0,Guard,75.0,180.0,Chula Vista,CA,,,2024,2026
117,70,Idaho,Big Sky,2026,6554,5241270,Ewan Steele,Ewan,Steele,15.0,Forward,81.0,220.0,Alton,ON,,,2025,2026
117,70,Idaho,Big Sky,2026,6558,5176305,Miles Klapper,Miles,Klapper,24.0,Guard,75.0,185.0,Hillsborough,CA,,,2024,2026
117,70,Idaho,Big Sky,2026,6559,5107820,Titus Yearout,Titus,Yearout,11.0,Guard,74.0,180.0,Lapwai,ID,,,2023,2026
117,70,Idaho,Big Sky,2026,6560,5107768,Isaiah Brickner,Isaiah,Brickner,5.0,Guard,76.0,190.0,San Diego,CA,,,2025,2026
117,70,Idaho,Big Sky,2026,6561,5107563,Jack Payne,Jack,Payne,7.0,Guard,78.0,195.0,Boise,ID,,,2025,2026
117,70,Idaho,Big Sky,2026,6563,5106590,Trevon Blassingame,Trevon,Blassingame,1.0,Guard,76.0,180.0,Auburn,WA,,,2024,2026
117,70,Idaho,Big Sky,2026,6124,5108917,Brody Rowbury,Brody,Rowbury,0.0,Forward,83.0,255.0,Meridian,ID,,,2026,2026
117,70,Idaho,Big Sky,2026,199645,5313161,Talon Jenkins,Talon,Jenkins,2.0,Guard,79.0,,Bellingham,WA,,,2026,2026
117,70,Idaho,Big Sky,2026,199646,5313162,Will Jenson,Will,Jenson,34.0,Forward,81.0,,Bend,OR,,,2026,2026
117,70,Idaho,Big Sky,2026,16830,5177021,Biko Johnson,Biko,Johnson,3.0,Guard,74.0,185.0,Carson,CA,,,2026,2026
117,70,Idaho,Big Sky,2026,199653,5237588,Jackson Rasmussen,Jackson,Rasmussen,12.0,Forward,79.0,200.0,Meridian,ID,,,2026,2026
117,70,Idaho,Big Sky,2026,3941,5174853,Seth Joba,Seth,Joba,21.0,Forward,81.0,225.0,Orchard Park,NY,,,2026,2026
117,70,Idaho,Big Sky,2026,17453,4902201,Aidan Sevilla,Aidan,Sevilla,4.0,Guard,72.0,175.0,San Ramon,CA,,,2026,2026
100,2247,Georgia State,Sun Belt,2026,2663,5164367,Malachi Brown,Malachi,Brown,22.0,Guard,73.0,175.0,Buford,GA,,,2025,2026
100,2247,Georgia State,Sun Belt,2026,2665,5239901,Clash Peters,Clash,Peters,21.0,Forward,81.0,240.0,Long Beach,CA,,,2025,2026
100,2247,Georgia State,Sun Belt,2026,2668,4895747,Jelani Hamilton,Jelani,Hamilton,10.0,Guard,77.0,200.0,Marietta,GA,,,2025,2026
100,2247,Georgia State,Sun Belt,2026,2669,5239903,Kwame Tanic,Kwame,Tanic,9.0,Forward,79.0,200.0,Paris,FRA,,,2025,2026
100,2247,Georgia State,Sun Belt,2026,2670,5239902,Trey Scott III,Trey,Scott III,4.0,Forward,83.0,225.0,Atlanta,GA,,,2025,2026
100,2247,Georgia State,Sun Belt,2026,2673,5239900,Emmanuel Koveos,Emmanuel,Koveos,7.0,Guard,72.0,160.0,Rhodes,GRE,,,2025,2026
100,2247,Georgia State,Sun Belt,2026,199406,5313071,Christian Beam,Christian,Beam,32.0,Center,85.0,255.0,Woodland,AL,,,2026,2026
100,2247,Georgia State,Sun Belt,2026,199407,5313070,Ayouba Berthe,Ayouba,Berthe,20.0,Guard,77.0,200.0,Minneapolis,MN,,,2026,2026
100,2247,Georgia State,Sun Belt,2026,199409,5313069,Joah Chappelle,Joah,Chappelle,6.0,Forward,80.0,200.0,Atlanta,GA,,,2026,2026
100,2247,Georgia State,Sun Belt,2026,199413,5313072,Chris Jones,Chris,Jones,55.0,Guard,78.0,205.0,Atlanta,GA,,,2026,2026
100,2247,Georgia State,Sun Belt,2026,17191,5174974,Isaiah Sherrard,Isaiah,Sherrard,8.0,Forward,79.0,185.0,Westlake Village,CA,,,2026,2026
100,2247,Georgia State,Sun Belt,2026,199420,5313068,Micah Tucker,Micah,Tucker,0.0,Guard,75.0,190.0,Atlanta,GA,,,2026,2026
100,2247,Georgia State,Sun Belt,2026,7853,4895743,Jakai Newton,Jakai,Newton,1.0,Guard,76.0,205.0,Covington,GA,,,2026,2026
100,2247,Georgia State,Sun Belt,2026,7249,4912212,James Cooper,James,Cooper,2.0,Forward,80.0,235.0,Mauldin,SC,,,2026,2026
100,2247,Georgia State,Sun Belt,2026,6901,5180677,Anthony Enoh,Anthony,Enoh,12.0,Forward,79.0,225.0,Uyo,NGR,,,2026,2026
225,279,Pacific,WCC,2026,6919,5240903,Elias Ralph,Elias,Ralph,2.0,Forward,79.0,212.0,Okotoks,AB,,,2025,2026
225,279,Pacific,WCC,2026,6926,5174796,Kris Keinys,Kris,Keinys,22.0,Forward,80.0,214.0,Klaipeda,LTU,,,2025,2026
225,279,Pacific,WCC,2026,6932,5240908,Noah Budu,Noah,Budu,12.0,Guard,73.0,209.0,American Canyon,CA,,,2025,2026
225,279,Pacific,WCC,2026,4117,5106783,Dominic Capriotti,Dominic,Capriotti,4.0,Guard,76.0,195.0,Tempe,AZ,,,2026,2026
225,279,Pacific,WCC,2026,2933,5108762,Isaac Jack,Isaac,Jack,14.0,Forward,83.0,250.0,Port Alberni,BC,,,2026,2026
225,279,Pacific,WCC,2026,7213,4683947,TJ Wainwright,TJ,Wainwright,10.0,Guard,75.0,195.0,Los Angeles,CA,,,2026,2026
225,279,Pacific,WCC,2026,189,5107209,Jaden Clayton,Jaden,Clayton,6.0,Guard,73.0,185.0,Whitby,ON,,,2026,2026
225,279,Pacific,WCC,2026,510,5174659,Kajus Kublickas,Kajus,Kublickas,9.0,Guard,74.0,180.0,Kaunas,LTU,,,2026,2026
225,279,Pacific,WCC,2026,5088,5242571,Alexis Marmolejos,Alexis,Marmolejos,0.0,Guard,74.0,180.0,Santiago,DOM,,,2026,2026
225,279,Pacific,WCC,2026,8446,4709142,Justin Rochelin,Justin,Rochelin,1.0,Guard,77.0,200.0,Encino,CA,,,2026,2026
225,279,Pacific,WCC,2026,201385,5314767,Augustas Brazdeikis,Augustas,Brazdeikis,7.0,Forward,80.0,220.0,Oakville,ON,,,2026,2026
225,279,Pacific,WCC,2026,201389,5144130,Kellen Hampton,Kellen,Hampton,13.0,Forward,79.0,205.0,Hayward,CA,,,2026,2026
225,279,Pacific,WCC,2026,201390,5314769,Eyal Harel,Eyal,Harel,17.0,Guard,79.0,195.0,Hod HaSharon,ISR,,,2026,2026
225,279,Pacific,WCC,2026,7787,5105631,KC Ibekwe,KC,Ibekwe,24.0,Center,83.0,285.0,Coquitlam,BC,,,2026,2026
225,279,Pacific,WCC,2026,201395,5314768,Emmanuel Manyuon,Emmanuel,Manyuon,11.0,Guard,74.0,180.0,Austin,MN,,,2026,2026
225,279,Pacific,WCC,2026,201397,5314770,Clayton Mpiana,Clayton,Mpiana,21.0,Forward,81.0,220.0,Redlands,CA,,,2026,2026
225,279,Pacific,WCC,2026,201398,5101832,Jaion Pitt,Jaion,Pitt,15.0,Forward,79.0,230.0,Norwood,ON,,,2026,2026
225,279,Pacific,WCC,2026,201402,5101764,Carlsheon Young,Carlsheon,Young,3.0,Guard,76.0,195.0,Oklahoma City,OK,,,2026,2026
301,119,Towson,CAA,2026,6868,4709321,Abdou Samb,Abdou,Samb,12.0,Forward,80.0,220.0,Upper Marlboro,MD,,,2025,2026
301,119,Towson,CAA,2026,6869,5175148,Tyler Tejada,Tyler,Tejada,15.0,Guard,81.0,230.0,Teaneck,NJ,,,2024,2026
301,119,Towson,CAA,2026,6871,5106727,Dylan Williamson,Dylan,Williamson,4.0,Guard,73.0,180.0,Upper Marlboro,MD,,,2023,2026
301,119,Towson,CAA,2026,6873,5242587,Caleb Embeya,Caleb,Embeya,23.0,Forward,81.0,235.0,Kinshasa,CGO,,,2025,2026
301,119,Towson,CAA,2026,6878,4897711,Tyler Coleman,Tyler,Coleman,3.0,Forward,79.0,220.0,Woodbridge,VA,,,2022,2026
301,119,Towson,CAA,2026,6879,5242586,Ryan Skerry,Ryan,Skerry,22.0,Guard,76.0,200.0,Timonium,MD,,,2025,2026
301,119,Towson,CAA,2026,6882,5242583,Chike Ndefo,Chike,Ndefo,13.0,Guard,79.0,215.0,Elmont,NY,,,2025,2026
301,119,Towson,CAA,2026,6883,5175145,Jaiden Cole,Jaiden,Cole,2.0,Guard,76.0,180.0,Toronto,ON,,,2024,2026
301,119,Towson,CAA,2026,6884,4683948,Ryan Conway,Ryan,Conway,0.0,Guard,73.0,185.0,Baltimore,MD,,,2023,2026
301,119,Towson,CAA,2026,9381,5107205,Mor Seck,Mor,Seck,41.0,Center,85.0,235.0,Ngayene Daour,SEN,,,2026,2026
301,119,Towson,CAA,2026,1084,4707808,Tyler Schmidt,Tyler,Schmidt,1.0,Guard,75.0,205.0,Valparaiso,IN,,,2026,2026
301,119,Towson,CAA,2026,552,5107976,Jack Doumbia Jr.,Jack,Doumbia Jr.,21.0,Forward,78.0,205.0,Lanham,MD,,,2026,2026
301,119,Towson,CAA,2026,202612,5312321,Jon Barton,Jon,Barton,5.0,Guard,74.0,215.0,Waldorf,MD,,,2026,2026
301,119,Towson,CAA,2026,202618,5312323,Brandon Holmes,Brandon,Holmes,30.0,Forward,80.0,230.0,Columbia,MD,,,2026,2026
301,119,Towson,CAA,2026,202626,5312322,Jaquan Womack,Jaquan,Womack,24.0,Guard,78.0,225.0,Manassas,VA,,,2026,2026
208,2459,Northern Illinois,MAC,2026,15308,5177542,Lataevyon Taylor,Lataevyon,Taylor,15.0,Point Guard,72.0,160.0,Chicago,IL,,,2026,2026
208,2459,Northern Illinois,MAC,2026,2397,5241714,Gianni Cobb,Gianni,Cobb,0.0,Guard,72.0,150.0,Chicago,IL,,,2026,2026
208,2459,Northern Illinois,MAC,2026,1491,5241390,Makhai Valentine,Makhai,Valentine,1.0,Guard,75.0,190.0,Munhall,PA,,,2026,2026
208,2459,Northern Illinois,MAC,2026,490,5240355,Jaylen Wharton,Jaylen,Wharton,23.0,Forward,81.0,200.0,Plant City,FL,,,2026,2026
208,2459,Northern Illinois,MAC,2026,2249,5243254,Isaiah Washington,Isaiah,Washington,11.0,Guard,77.0,185.0,Fayetteville,NC,,,2026,2026
208,2459,Northern Illinois,MAC,2026,338,5175063,JJ Taylor,JJ,Taylor,4.0,Forward,80.0,196.0,Chicago,IL,,,2026,2026
208,2459,Northern Illinois,MAC,2026,204746,5314207,Max Laskey,Max,Laskey,21.0,Guard,77.0,195.0,Birmingham,MI,,,2026,2026
208,2459,Northern Illinois,MAC,2026,794,4896378,Jao Ituka,Jao,Ituka,10.0,Guard,73.0,196.0,Gaithersburg,MD,,,2026,2026
208,2459,Northern Illinois,MAC,2026,2900,5177140,Daemar Kelly,Daemar,Kelly,3.0,Guard,77.0,195.0,Pittsburgh,PA,,,2026,2026
208,2459,Northern Illinois,MAC,2026,201095,5314202,Carlos Coronado,Carlos,Coronado,2.0,Guard,75.0,160.0,Coolidge,AZ,,,2026,2026
208,2459,Northern Illinois,MAC,2026,201096,5314208,Dylan Ducommun,Dylan,Ducommun,25.0,Guard,76.0,,Geneva,SUI,,,2026,2026
208,2459,Northern Illinois,MAC,2026,201098,5314205,Ladji Kante,Ladji,Kante,8.0,Forward,79.0,,Marseille,FRA,,,2026,2026
208,2459,Northern Illinois,MAC,2026,201100,5314206,Isaiah Stewart,Isaiah,Stewart,16.0,Guard,78.0,190.0,Rockwall,TX,,,2026,2026
208,2459,Northern Illinois,MAC,2026,201104,5314203,Taj Walters,Taj,Walters,6.0,Guard,77.0,220.0,Bronx,NY,,,2026,2026
208,2459,Northern Illinois,MAC,2026,201105,5314204,Hassan Washington,Hassan,Washington,7.0,Forward,80.0,240.0,Providence,RI,,,2026,2026
208,2459,Northern Illinois,MAC,2026,201108,5314209,Gustav Winther,Gustav,Winther,96.0,Forward,82.0,,Roskilde,DEN,,,2026,2026
73,2184,Duquesne,A-10,2026,5542,5105881,David Dixon,David,Dixon,2.0,Forward,81.0,230.0,Memphis,TN,,,2023,2026
73,2184,Duquesne,A-10,2026,5544,4897708,Maximus Edwards,Maximus,Edwards,22.0,Guard,77.0,220.0,Stratford,CT,,,2025,2026
73,2184,Duquesne,A-10,2026,5548,5174586,Jake DiMichele,Jake,DiMichele,44.0,Guard,76.0,185.0,McKees Rocks,PA,,,2024,2026
73,2184,Duquesne,A-10,2026,5550,4897466,Cam Crawford,Cam,Crawford,5.0,Guard,77.0,205.0,Birmingham,AL,,,2025,2026
73,2184,Duquesne,A-10,2026,5553,4897383,Alex Williams,Alex,Williams,6.0,Forward,77.0,235.0,Dayton,OH,,,2025,2026
73,2184,Duquesne,A-10,2026,5554,5239529,Brandon Hall,Brandon,Hall,0.0,Guard,76.0,190.0,Chicago,IL,,,2025,2026
73,2184,Duquesne,A-10,2026,5555,5239527,Lucas Prolla,Lucas,Prolla,33.0,Guard,74.0,185.0,Porto Alegre,BRA,,,2025,2026
73,2184,Duquesne,A-10,2026,5541,5174582,Jakub Necas,Jakub,Necas,9.0,Forward,82.0,240.0,Blansko,CZE,,,2024,2026
73,2184,Duquesne,A-10,2026,198990,5311857,Dom Aekins,Dom,Aekins,7.0,Guard,70.0,155.0,Columbus,OH,,,2026,2026
73,2184,Duquesne,A-10,2026,198998,5311859,Frederik Jellum,Frederik,Jellum,17.0,Forward,82.0,210.0,Copenhagen,DEN,,,2026,2026
73,2184,Duquesne,A-10,2026,198999,5101772,Arness Lawson,Arness,Lawson,8.0,Guard,74.0,180.0,Columbus,OH,,,2026,2026
73,2184,Duquesne,A-10,2026,199001,5311860,Lazar Milosevic,Lazar,Milosevic,27.0,Forward,82.0,258.0,Sarajevo,BIH,,,2026,2026
73,2184,Duquesne,A-10,2026,738,5174643,Stef van Bussel,Stef,van Bussel,18.0,Center,82.0,265.0,Ommel,NED,,,2026,2026
73,2184,Duquesne,A-10,2026,487,5240353,Jimmie Williams,Jimmie,Williams,3.0,Guard,77.0,210.0,Solon,OH,,,2026,2026
73,2184,Duquesne,A-10,2026,4577,5243000,Tarence Guinyard,Tarence,Guinyard,1.0,Guard,74.0,170.0,Tampa,FL,,,2026,2026
73,2184,Duquesne,A-10,2026,5556,5174585,Seamus McDermott,Seamus,McDermott,31.0,Guard,74.0,178.0,Holland,PA,,,2024,2026
73,2184,Duquesne,A-10,2026,5558,5174583,Ethan Anish,Ethan,Anish,32.0,Guard,73.0,187.0,Pittsburgh,PA,,,2024,2026
73,2184,Duquesne,A-10,2026,4069,4432897,John Hugley IV,John,Hugley IV,4.0,Forward,83.0,270.0,Cleveland,OH,,,2026,2026
311,2540,UC Santa Barbara,Big West,2026,6991,4684812,Colin Smith,Colin,Smith,7.0,Forward,80.0,220.0,Dallas,TX,,,2025,2026
311,2540,UC Santa Barbara,Big West,2026,6993,5176464,Jason Fontenet II,Jason,Fontenet II,10.0,Guard,78.0,205.0,Phoenix,AZ,,,2024,2026
311,2540,UC Santa Barbara,Big West,2026,6998,4685013,Koat Keat Tong,Koat,Keat Tong,0.0,Forward,82.0,220.0,Bentiu,SS,,,2023,2026
311,2540,UC Santa Barbara,Big West,2026,7000,5107146,Evans Kipruto,Evans,Kipruto,12.0,Center,80.0,240.0,Nairobi,KEN,,,2023,2026
311,2540,UC Santa Barbara,Big West,2026,7001,5242264,Zachiah Clark,Zachiah,Clark,44.0,Guard,74.0,205.0,Los Angeles,CA,,,2025,2026
311,2540,UC Santa Barbara,Big West,2026,7002,5242262,Zion Sensley,Zion,Sensley,24.0,Guard,80.0,200.0,San Carlos,CA,,,2025,2026
311,2540,UC Santa Barbara,Big West,2026,7009,5242263,Bryce Bedgood,Bryce,Bedgood,35.0,Forward,83.0,210.0,Valencia,CA,,,2025,2026
311,2540,UC Santa Barbara,Big West,2026,21822,5108984,Isaac Shingange,Isaac,Shingange,18.0,Forward,77.0,185.0,Johannesburg,RSA,,,2026,2026
311,2540,UC Santa Barbara,Big West,2026,7376,5241843,Marvin McGhee IV,Marvin,McGhee IV,4.0,Guard,79.0,200.0,Atlanta,GA,,,2026,2026
311,2540,UC Santa Barbara,Big West,2026,4863,4593883,Hosana Kitenge,Hosana,Kitenge,34.0,Forward,80.0,235.0,Crawley,ENG,,,2026,2026
311,2540,UC Santa Barbara,Big West,2026,6587,5033017,Miro Little,Miro,Little,1.0,Guard,75.0,195.0,Tampere,FIN,,,2026,2026
311,2540,UC Santa Barbara,Big West,2026,7795,4684628,Aidan Mahaney,Aidan,Mahaney,20.0,Guard,75.0,185.0,Lafayette,CA,,,2026,2026
311,2540,UC Santa Barbara,Big West,2026,202828,5215271,CJ Shaw,CJ,Shaw,3.0,Guard,77.0,190.0,Las Vegas,NV,,,2026,2026
311,2540,UC Santa Barbara,Big West,2026,202830,5313074,John Simcoe,John,Simcoe,21.0,Forward,77.0,200.0,Phoenix,AZ,,,2026,2026
311,2540,UC Santa Barbara,Big West,2026,202831,5254322,Michael Simcoe,Michael,Simcoe,23.0,Forward,80.0,225.0,Phoenix,AZ,,,2026,2026
311,2540,UC Santa Barbara,Big West,2026,202833,5313073,Luke Zuffelato,Luke,Zuffelato,2.0,Guard,77.0,200.0,Santa Barbara,CA,,,2026,2026
311,2540,UC Santa Barbara,Big West,2026,213934,5324104,Kyle Haughy,Kyle,Haughy,6.0,Forward,78.0,210.0,San Ramon,CA,,,2026,2026
29,71,Bradley,MVC,2026,4624,5241358,Corey Thomas,Corey,Thomas,4.0,Forward,82.0,210.0,Buford,GA,,,2025,2026
29,71,Bradley,MVC,2026,4627,5122918,Ahmet Jonovic,Ahmet,Jonovic,14.0,Center,85.0,255.0,Prijepolje,SER,,,2023,2026
29,71,Bradley,MVC,2026,198284,5313825,Gustavo Guimares,Gustavo,Guimares,17.0,Center,83.0,225.0,Sao Paulo,BRA,,,2026,2026
29,71,Bradley,MVC,2026,198288,5313820,Dietrich Richardson,Dietrich,Richardson,1.0,Guard,79.0,185.0,Peoria,IL,,,2026,2026
29,71,Bradley,MVC,2026,198290,5313822,Jackson Seastrunk,Jackson,Seastrunk,9.0,Guard,77.0,200.0,Fannett,TX,,,2026,2026
29,71,Bradley,MVC,2026,198293,5313823,Handy Toussaint III,Handy,Toussaint III,13.0,Forward,80.0,230.0,Port-au-Prince,HAI,,,2026,2026
29,71,Bradley,MVC,2026,198295,5101794,Montana Wheeler,Montana,Wheeler,7.0,Guard,70.0,170.0,Houston,TX,,,2026,2026
29,71,Bradley,MVC,2026,198297,5313821,Matthew Zobrist,Matthew,Zobrist,5.0,Guard,77.0,205.0,Metamora,IL,,,2026,2026
29,71,Bradley,MVC,2026,550,4702993,Alex Huibregtse,Alex,Huibregtse,3.0,Guard,76.0,200.0,Grafton,WI,,,2026,2026
29,71,Bradley,MVC,2026,1095,5175971,Kai Yu,Kai,Yu,12.0,Forward,84.0,240.0,Zhuhai,CHN,,,2026,2026
29,71,Bradley,MVC,2026,2564,5107626,AJ Smith,AJ,Smith,21.0,Guard,79.0,220.0,Edwardsville,IL,,,2026,2026
29,71,Bradley,MVC,2026,4628,5241360,Jaquan Johnson,Jaquan,Johnson,22.0,Guard,71.0,195.0,Milwaukee,WI,,,2025,2026
29,71,Bradley,MVC,2026,4629,5241359,Timoty van der Knaap,Timoty,van der Knaap,10.0,Guard,80.0,195.0,Bassano del Grappa,ITA,,,2025,2026
29,71,Bradley,MVC,2026,4631,5176312,Demarion Burch,Demarion,Burch,0.0,Guard,76.0,200.0,Milwaukee,WI,,,2024,2026
29,71,Bradley,MVC,2026,4632,5241361,Gus Rugaard,Gus,Rugaard,23.0,Guard,73.0,180.0,Morton,IL,,,2025,2026
70,2181,Drake,MVC,2026,3601,5107963,Andrew Alia,Andrew,Alia,21.0,Guard,75.0,195.0,Kenosha,WI,,,2023,2026
70,2181,Drake,MVC,2026,3604,5176347,Eli Shetlar,Eli,Shetlar,10.0,Guard,78.0,190.0,Wichita,KS,,,2025,2026
70,2181,Drake,MVC,2026,198950,5313838,Bryson Bahl,Bryson,Bahl,20.0,Guard,76.0,180.0,Papillion,NE,,,2026,2026
70,2181,Drake,MVC,2026,198951,5313839,Heri Bukinga,Heri,Bukinga,32.0,Forward,83.0,235.0,Goma,CD,,,2026,2026
70,2181,Drake,MVC,2026,892,4712893,Isaiah Carr,Isaiah,Carr,24.0,Center,83.0,235.0,Las Cruces,NM,,,2026,2026
70,2181,Drake,MVC,2026,198955,5313836,Griffen Goodbary,Griffen,Goodbary,2.0,Forward,82.0,220.0,Sioux Falls,SD,,,2026,2026
70,2181,Drake,MVC,2026,198959,5313837,LJ Rush,LJ,Rush,11.0,Guard,70.0,175.0,Wendell,NC,,,2026,2026
70,2181,Drake,MVC,2026,5115,5239829,Jaehshon Thomas,Jaehshon,Thomas,22.0,Guard,75.0,185.0,Aurora,IL,,,2026,2026
70,2181,Drake,MVC,2026,6442,5107781,Braden Appelhans,Braden,Appelhans,0.0,Guard,78.0,190.0,Blue Springs,MO,,,2026,2026
70,2181,Drake,MVC,2026,71106,5186601,Okku Federiko,Okku,Federiko,8.0,Forward,81.0,210.0,Helsinki,FIN,,,2026,2026
70,2181,Drake,MVC,2026,1292,5241452,Owen Larson,Owen,Larson,1.0,Guard,73.0,190.0,Estherville,IA,,,2026,2026
70,2181,Drake,MVC,2026,4935,5105646,Wilguens Jr. Exacte,Wilguens Jr.,Exacte,7.0,Guard,78.0,230.0,Montreal,PQ,,,2026,2026
70,2181,Drake,MVC,2026,6084,5105965,Jalen Quinn,Jalen,Quinn,3.0,Guard,75.0,190.0,Tuscola,IL,,,2026,2026
