ncaa_id,Name,Team,current_usage,optimal_usage,optimal_bpm,current_bpm,usage_gap,games_analyzed
4396634,Antwann Jones,UNC Greensboro,15.35,15,-11.29148641769514,-10.187585119080326,0.34999999999999964,6
4433001,Alex Hemenway,Evansville,14.543333333333335,15,-4.786588945514873,-5.756915627656457,-0.4566666666666652,30
4592404,Addison Patterson,Eastern Michigan,23.37333333333333,35,3.824033960586777,2.273624534897222,-11.626666666666669,30
4592677,Rienk Mast,Nebraska,25.694117647058825,25,4.65922903335771,4.445783662709347,0.6941176470588246,34
4567588,Devan Cambridge,UCF,15.075757575757576,25,6.994035818711817,2.1568761813902233,-9.924242424242424,33
4431815,Gianni Hunt,East Texas A&M,22.226666666666667,35,2.877624592516579,-0.784585547261124,-12.773333333333333,30
4593739,Morgan Safford,Kent St.,19.880645161290325,25,3.1645404404694815,0.8008414691157338,-5.1193548387096754,31
4593883,Hosana Kitenge,UC Santa Barbara,22.643333333333334,25,-0.9770442551135446,-1.3357194475072593,-2.3566666666666656,30
4431995,Tariq Ingraham,Memphis,22.155999999999995,25,7.768304208143555,-8.711974272145328,-2.8440000000000047,25
4592579,Steele Venters,Gonzaga,13.50740740740741,15,2.185337078165709,0.8507858755301393,-1.4925925925925903,27
4592217,Rick Issanza,Loyola Marymount,9.244827586206897,15,-0.4833598247488861,-0.8792969239110664,-5.755172413793103,29
4592477,Rahmir Moore,Delaware St.,17.299999999999997,15,-6.12060064462424,-7.557335786180276,2.299999999999997,22
4432899,Jordan Brinson,Cal St. Northridge,9.593548387096773,5,-1.2006044311458086,-2.000584039872894,4.593548387096773,31
4431930,Tyler Cochran,Rhode Island,26.221874999999997,35,11.63140996484931,4.759842402212243,-8.778125000000003,32
5314192,Antonio Chandler,Siena,14.820689655172412,15,2.6284777631459852,0.2549520931231443,-0.1793103448275879,29
4593474,Curt Lewis,Southern Miss,10.55151515151515,5,-2.093134050440766,-2.2603891294411724,5.551515151515151,33
4612709,Chase Johnston,High Point,13.070967741935483,15,8.299014700939072,4.28394530070561,-1.9290322580645167,31
4432198,Dominick Harris,Loyola Chicago,19.4,25,6.432979495565866,-13.286390998190459,-5.600000000000001,7
4701125,Javohn Garcia,McNeese St.,17.20714285714286,25,13.7794212502637,4.330496990050406,-7.792857142857141,28
4702889,Josh Taylor,East Texas A&M,17.913333333333334,5,-1.2466696499056151,-7.162346424159179,12.913333333333334,30
4702464,Jefferson Koulibaly,Georgia Southern,12.970833333333333,5,-3.601708522236124,-6.7024625318098225,7.970833333333333,24
4593815,Rashaun Agee,Texas A&M,24.741176470588236,35,13.018076943175158,7.977735935493515,-10.258823529411764,34
4703097,John Shanu II,Eastern Michigan,8.55,5,-4.683639696832776,-7.0584406017527686,3.5500000000000007,28
4703169,Joshua Aaron Reaves,Hofstra,8.734782608695653,5,3.0138868561712777,-4.0662867349806575,3.734782608695653,23
4432243,Tramon Mark,Texas,22.142857142857142,15,7.09518847094096,4.699763260507761,7.142857142857142,35
4701217,Hunter Erickson,Hawaii,15.741935483870968,15,0.11174520320870102,-0.18560490017193831,0.741935483870968,31
4590362,Adetokunbo Bakare,Saint Peter's,16.629166666666666,25,-1.35449057442993,-2.13613561841078,-8.370833333333334,24
4701160,Mekhi Gray,Maine,21.470370370370368,15,-1.0025565001824472,-3.6301754625040528,6.470370370370368,27
4683633,Kerr Kriisa,Cincinnati,13.789473684210526,15,3.5115272227446392,0.952262093046944,-1.2105263157894743,19
4700877,Chad Baker-Mazara,USC,28.311999999999998,25,8.54519336257942,7.778580268754785,3.3119999999999976,25
4596711,JJ Traynor,Murray St.,16.181250000000002,25,-2.503216357736003,-2.2030792275879363,-8.818749999999998,32
4702629,Andre Henry,UC Irvine,18.551612903225802,25,2.698887631069977,0.9448841580934783,-6.448387096774198,31
4702626,Dawson Baker,BYU,16.316666666666666,15,6.530952450457851,-0.19467525652935316,1.3166666666666664,6
4701189,Anthony Roy,Oklahoma St.,24.05483870967742,15,6.240372435285589,4.447194664520362,9.05483870967742,31
4702212,Keishon Porter,Evansville,21.928571428571427,25,-8.229133255149785,-8.39969245094407,-3.071428571428573,14
4702218,Xavier Lipscomb,Mount St. Mary's,17.109677419354842,15,0.0903016165714785,-0.5355423406828558,2.109677419354842,31
4703912,Nate Heise,Iowa St.,11.178378378378376,15,4.364510267032122,4.278495719608658,-3.821621621621624,37
4702049,Duke Miles,Vanderbilt,25.435714285714287,35,13.95256408450517,9.945746114701679,-9.564285714285713,28
4703106,Dailin Smith,Cal St. Bakersfield,26.582758620689653,35,0.05066572844204176,-2.6991534335468796,-8.417241379310347,29
4703415,Marcus Fitzgerald Jr.,Jacksonville St.,13.500000000000002,25,3.501042337607707,-3.291627268490848,-11.499999999999998,27
4585609,Keith Lamar,Southern,16.84,15,-13.939223997406174,-7.879896107054023,1.8399999999999999,5
4700859,Josh Smith,Liberty,21.254838709677415,5,0.44759369563290957,-3.3643407866301063,16.254838709677415,31
4701841,William Jeffress,Louisiana Tech,12.55,15,-8.624535700765842,-9.711362125911716,-2.4499999999999993,8
4433231,Josh Ogundele,Hampton,20.21923076923077,25,-2.1471971321028245,-2.968895545672425,-4.780769230769231,26
4432897,John Hugley IV,Duquesne,22.542307692307695,35,2.3374582309619614,-3.906903340244459,-12.457692307692305,26
4700841,Kasen Jennings,Appalachian St.,25.156666666666673,35,1.3953293032547915,0.19828039996214103,-9.843333333333327,30
4433512,Jahari Long,George Mason,19.08125,25,2.0602903582018146,1.5299976903509898,-5.918749999999999,32
4702784,J'Vonne Hadley,Louisville,16.04705882352941,25,7.2919528697515545,7.07284567317738,-8.952941176470588,34
4702026,Ja'Quavian Florence,Tennessee Tech,24.68,15,-2.2897610970564175,-6.531664734474004,9.68,25
4433340,Myles Stute,South Carolina,14.007407407407406,25,-0.8320197973115272,-1.315374965119365,-10.992592592592594,27
4701222,Jeremiah Williams,Georgetown,20.04705882352941,25,0.4282686846320157,-1.4467110688005753,-4.952941176470588,34
4705373,Freddy Hicks,Tarleton St.,20.663636363636364,15,-0.24194843766341503,-2.673869184995699,5.663636363636364,22
4705371,Joey Madimba,Prairie View A&M,18.104,25,-0.6555894992214284,-6.354249512980582,-6.896000000000001,25
4703977,Melvyn Ebonkoli,NJIT,17.905,25,-6.5886596484134685,-8.241190589095961,-7.094999999999999,20
4703980,Skylar Wicks,Saint Francis,29.635714285714283,25,-0.35878500952984554,-1.0615585160149112,4.635714285714283,28
4702522,Trae Broadnax,Rice,26.879310344827584,25,2.631334536749431,2.127329202565602,1.8793103448275836,29
4127,Puff Johnson,Ohio St.,11.066666666666666,15,-7.35443626363862,-4.642757864994985,-3.9333333333333336,9
4585590,Alyn Breed,N.C. State,16.61904761904762,25,1.9937782722624906,2.320719959999047,-8.38095238095238,21
4700973,Isaiah Wilson,Winthrop,15.006451612903229,15,-5.252151740688663,-6.557374002130398,0.0064516129032288205,31
4702226,Toneari Lane,San Diego,16.383870967741938,15,2.285863737177584,0.9374102038851836,1.383870967741938,31
4576062,Nijel Pack,Oklahoma,23.864864864864863,25,8.26234910588013,6.974104009922683,-1.1351351351351369,37
4702467,Devin Askew,Villanova,21.003030303030304,35,11.157869461071172,3.68495430627736,-13.996969696969696,33
4432182,Cam'Ron Fletcher,High Point,22.445833333333336,15,8.341757593788483,3.6934128839203173,7.445833333333336,24
4683134,Quincy Ballard,Mississippi St.,14.79375,5,4.231062053640337,1.9535654420736956,9.79375,32
4433560,Myles Wilmoth,Canisius,17.62,5,-1.677556281188517,-5.117171578060629,12.620000000000001,30
4703910,Nick Hittle,Western Illinois,15.068750000000001,15,-13.401092492503395,-11.527209565174108,0.06875000000000142,16
4432398,Noah Taitz,Utah Valley,13.474074074074075,15,-2.970500466230296,-4.225182236160179,-1.5259259259259252,27
4702765,Justin Amadi,Mount St. Mary's,18.04137931034483,25,-2.42982101317542,-3.6114502417054593,-6.95862068965517,29
4897978,Elijah Elliott,New Mexico St.,26.02413793103448,35,6.673227286770831,-0.5783096210257301,-8.975862068965519,29
4433208,Saba Gigiberia,San Francisco,23.492307692307694,15,5.297652079618876,-3.3537701366248935,8.492307692307694,26
4702484,Latrell Wrightsell Jr.,Alabama,19.65925925925926,25,9.052574216656158,5.419846959196194,-5.340740740740738,27
4703009,Ryan Myers,Western Kentucky,20.713333333333335,25,2.7860324871033457,-0.1393682883518544,-4.286666666666665,30
4611534,Jadon Jones,Oklahoma,12.775757575757577,15,6.633421974908985,4.77884851376032,-2.224242424242423,33
4684167,Joshua O'Garro,Cal St. Northridge,21.55483870967742,25,2.3461456278107917,0.5264217080728194,-3.445161290322581,31
4703011,Dwayne Koroma,Connecticut,14.476470588235294,15,0.8213061631819962,2.4843175751605706,-0.5235294117647058,17
4702158,Martel Williams,Cal Baptist,21.13939393939394,25,1.6319656767641189,-0.10390033586751465,-3.8606060606060595,33
4586322,Brycen Long,Portland St.,14.370833333333332,5,3.039887526981028,-6.024606310641334,9.370833333333332,24
4703393,Devin Tillis,Virginia,14.516129032258064,15,3.728784427302849,0.8653230471322347,-0.48387096774193594,31
4703411,Trey Fort,Michigan St.,19.76060606060606,15,-0.12989874154572081,-2.4150315328081984,4.760606060606062,33
5174623,David Green,Tulsa,25.597058823529412,15,8.498089472626228,4.483616278535399,10.597058823529412,34
4433577,Zion Bethea,Delaware St.,22.996,25,-9.371801977405207,-12.618147834163038,-2.0040000000000013,25
4702764,Vukasin Masic,San Francisco,15.481250000000001,25,-1.3957294498229058,-4.593291797537397,-9.518749999999999,32
4703887,Nick Pringle,Arkansas,11.728571428571428,15,1.1208877407786997,-0.15413600329717655,-3.2714285714285722,35
4432515,Jacob Crews,Missouri,15.030303030303031,25,4.348253967037825,2.437353426296885,-9.969696969696969,33
4702236,Terrance Williams II,USC,7.9366666666666665,15,3.0546812857985675,-2.3244917608358304,-7.0633333333333335,30
4703833,Javon Cooley,Pepperdine,18.876666666666665,15,-0.6450066049081021,-1.2808591842320192,3.876666666666665,30
4702097,Connor Serven,Mercer,14.43846153846154,5,3.139268890295612,-0.26376247119440904,9.43846153846154,26
4684285,Brandon Lieb,Illinois St.,15.157142857142857,15,1.1714332744468257,-0.30232096789714524,0.15714285714285658,35
4432175,Adam Miller,Gonzaga,16.26571428571429,15,2.9301040816153345,1.0196993065281112,1.2657142857142887,35
4702680,Jadin Booth,Samford,23.651724137931033,35,11.712808244175246,3.4862072617422153,-11.348275862068967,29
4702960,Evan Nelson,Arizona,12.084000000000001,5,4.376506414422979,3.9886830907231694,7.084000000000001,25
4598611,Jalen Celestine,Cincinnati,16.06875,15,6.871134469897313,4.838674081415668,1.0687500000000014,32
4591258,Monty Bowser,Cal Baptist,10.207692307692307,5,2.246307700502585,-1.8191235627384974,5.207692307692307,13
4432201,Isaiah Cottrell,Southern Utah,19.38965517241379,25,0.7606476860626779,-2.332859763912361,-5.610344827586211,29
4432364,Taj Thweatt,Coppin St.,19.413043478260875,25,-7.5183060301179765,-7.389003972976802,-5.5869565217391255,23
4702961,Sam Silverstein,Illinois Chicago,10.878787878787879,15,2.313963391182124,0.7013114694735424,-4.121212121212121,33
4702962,Justice Ajogbor,Saint Joseph's,11.349999999999998,15,4.504701301163446,3.343811655031008,-3.650000000000002,34
4704090,Milton Matthews,East Tennessee St.,16.209523809523812,15,-0.8379735613675354,-7.246971757206431,1.2095238095238123,21
4909271,Jalen Cooper,Eastern Kentucky,18.221739130434784,25,-2.411809547179814,-3.31836063841105,-6.778260869565216,23
4432196,Jayden Stone,Missouri,18.36923076923077,25,10.45291703425636,6.622893692993084,-6.6307692307692285,26
4702739,Aly Khalifa,Louisville,17.677142857142854,25,9.281288950443352,5.547901310055329,-7.322857142857146,35
4702740,Jared Garcia,Nebraska,22.989285714285717,5,6.026485878029568,-3.4628845719750787,17.989285714285717,28
4702696,Alec Oglesby,Middle Tennessee,14.235714285714284,25,0.40621035926328164,-1.2588082810722907,-10.764285714285716,28
4702741,Keegan Harvey,Bryant,20.955172413793104,25,-3.680540700065113,-5.152324162166362,-4.044827586206896,29
4585602,DA Houston,Texas A&M Corpus Chris,26.331999999999997,15,-0.44235315923081187,-2.2136155306401584,11.331999999999997,25
5176665,Jamal West Jr.,UTEP,23.964285714285715,35,6.158630332611078,0.8649715527173415,-11.035714285714285,28
4704015,Jalen Speer,Marshall,26.483870967741932,25,0.6578670096657334,0.1307609909417768,1.4838709677419324,31
4703115,Jaron Pierre Jr.,SMU,23.326470588235292,25,3.7601113381966402,3.5349036629657467,-1.673529411764708,34
4703572,Kaden Metheny,Liberty,19.459999999999997,25,2.7941568130866887,1.0174248492825486,-5.540000000000003,30
4703194,"Ronell Giles, Jr.",Quinnipiac,14.13,15,-19.16773106289643,-20.37340366247767,-0.8699999999999992,10
4703196,Jeriah Coleman,Nevada,7.389655172413793,5,6.541832903342245,0.07226762077663018,2.389655172413793,29
4596531,Dante Harris,Tennessee St.,20.996666666666666,25,-0.6628450484619186,-2.3632357732942624,-4.003333333333334,30
4433138,Nimari Burnett,Michigan,16.552500000000002,25,7.528250443444864,5.939865168621771,-8.447499999999998,40
4702993,Alex Huibregtse,Bradley,17.406060606060606,15,3.0825791339490003,2.70776607917527,2.4060606060606062,33
4702994,Brandon Noel,Ohio St.,14.8375,5,4.399955805831605,-0.33496762068141606,9.8375,16
4703893,Trey Hall,Maryland Eastern Shore,20.36428571428571,15,-6.171657180329687,-14.798802115078741,5.36428571428571,14
4703399,Jeremiah Oden,San Diego St.,15.393103448275864,25,13.579247723526782,0.14618469016510507,-9.606896551724136,29
4703396,Graham Ike,Gonzaga,26.790322580645157,35,10.140513376228245,9.213854905729027,-8.209677419354843,31
4702120,Carson Towt,Notre Dame,15.267741935483869,25,8.757055569561674,1.7455725261104005,-9.732258064516131,31
4602029,Keshawn Williams,Iona,17.725,15,-3.043257209290175,-4.266428771102014,2.7250000000000014,16
4703644,Jay Rodgers,Central Connecticut,26.210714285714285,25,-2.2845958119383134,-3.511808657903696,1.2107142857142854,28
4703899,Howie Fleming Jr.,UNLV,18.754838709677415,25,1.2472896931890813,-0.7761697920693095,-6.245161290322585,31
4702497,Deuce Turner,Fairfield,22.633333333333336,25,-4.585707130134401,-5.904100152122555,-2.3666666666666636,33
4703531,Sam Towns,Bowling Green,19.613793103448273,15,0.3968405276143802,0.09906904135706969,4.613793103448273,29
5255709,Richard Amaefule,Grambling St.,16.13076923076923,25,-18.436172411633816,-20.210388948776718,-8.869230769230771,13
4703837,A.J. Staton-McCray,Seton Hall,21.557575757575755,15,5.256425164925986,3.939256639469959,6.557575757575755,33
4432321,Cameron Sheffield,Duke,8.206666666666667,15,-5.215636239980385,-2.286492014932846,-6.793333333333333,15
4703215,Tai'Reon Joseph,Prairie View A&M,26.208000000000002,35,3.4177727797467505,-4.65278651082399,-8.791999999999998,25
4700527,Tyon Grant-Foster,Gonzaga,25.914285714285715,15,13.035070627725904,3.305800694032487,10.914285714285715,35
28054,Trent Hudgens Jr.,South Dakota,18.453333333333333,25,-13.529347898385007,-13.133182774549798,-6.546666666666667,15
4702596,Niko Rocak,UC Davis,20.316666666666666,15,3.9453861708022204,2.3889222061293993,5.316666666666666,30
4703637,Braelon Bush,Chicago St.,20.065384615384616,15,-1.5622231476958843,-2.669691866893472,5.065384615384616,26
4709454,Dallas Howell,North Alabama,14.714285714285712,15,-1.772802303960203,-3.882567564743035,-0.28571428571428825,28
4703155,Malik Edmead,Merrimack,20.542857142857144,15,-24.189974219472578,-16.501778921709494,5.5428571428571445,7
4702654,Nick Boyd,Wisconsin,30.311428571428575,35,9.81825715374314,7.837771143097731,-4.688571428571425,35
4704109,Justin Wright,UNC Asheville,26.41034482758621,35,3.477362509584264,-0.30204739976344824,-8.589655172413789,29
4701030,Jadrian Tracey,VCU,22.413888888888888,35,2.2752139164688994,-0.521155222687788,-12.586111111111112,36
4589481,Kasean Pryor,Louisville,21.93478260869565,15,10.610091097164005,-6.058408058400544,6.934782608695649,23
4702671,Boden Skunberg,Illinois St.,17.658823529411766,25,0.40250374901245567,0.07898793620910585,-7.341176470588234,34
4702000,PJ Carter,LSU,13.596153846153847,15,-1.0930828116643594,-1.5744515687909835,-1.4038461538461533,26
4703253,Nolan Dorsey,California,9.48333333333333,5,2.4382098129763645,-1.0187312089189353,4.483333333333331,30
4432494,Markhi Strickland,North Dakota St.,21.6625,25,0.8631776111868473,-0.8839332939278502,-3.3374999999999986,32
4703983,Jacob Ognacevic,Washington,15.441666666666668,5,-1.3412909146536485,-6.3160305221236825,10.441666666666668,12
4700968,Derrius Ward,Grambling St.,20.541935483870965,25,-0.5204288121552788,-2.5332338635577853,-4.458064516129035,31
4700971,Tegra Izay,Southern Miss,11.133333333333335,15,3.71354075039613,-0.6906304383318168,-3.8666666666666654,33
4702042,Te'Jon Sawyer,Montana,18.459999999999997,25,-0.43518251071279423,-1.0312515184897806,-6.540000000000003,30
4704086,Dallas James,Morgan St.,28.40555555555556,5,1.0170433069020888,-26.80118127926,23.40555555555556,18
4707481,Michael Imariagbe,Wright St.,24.762500000000003,35,7.534916185159536,2.263545136768675,-10.237499999999997,32
4702518,Dominic Parolin,Boise St.,16.613333333333333,15,5.496465597802333,4.032464858956074,1.6133333333333333,30
5241657,Alec Millender,Connecticut,10.555555555555555,5,20.610318209697017,2.6738292418025824,5.555555555555555,18
4709424,Sean Lang,Mercyhurst,7.263333333333333,15,-2.225580180059574,-3.5984833201804127,-7.736666666666667,30
4710770,Meechie Johnson,South Carolina,28.71875,35,7.808756581695607,5.438869000294599,-6.28125,32
4703205,Kyndall Davis,Texas St.,15.142857142857142,25,-1.1714690051031154,-2.7242085068489295,-9.857142857142858,28
4683748,Ty Harper,Oral Roberts,32.286206896551725,35,-0.6097416609330691,-0.8936457806963698,-2.7137931034482747,29
4711400,Franck Kepnang,Washington,15.237037037037036,15,4.246823728751418,2.6288972660891026,0.2370370370370356,27
5313927,Reese Dixon-Waters,San Diego St.,20.5741935483871,25,4.129882977287372,1.8474280727689407,-4.4258064516129,31
4711691,James Graham,Alabama A&M,19.028000000000002,15,-1.8946749512712457,-4.482984343683113,4.028000000000002,25
4711705,Babacar Diallo,High Point,8.557142857142857,5,-2.185859355691629,-6.719636996511295,3.557142857142857,14
5188026,Luke Haupt,New Mexico,15.958333333333336,15,3.65610465542825,3.512201693359016,0.9583333333333357,36
4712656,Tre-Vaughn Minott,Portland St.,14.885714285714286,25,6.596896535692783,1.1758076989249484,-10.114285714285714,28
5241961,Milos Vicentic,New Mexico,25.38,25,9.086150688124434,-1.1671871173571258,0.379999999999999,15
4713885,Trey Patterson,Rice,15.984615384615385,5,-1.4856051626504645,-12.333559969076788,10.984615384615385,13
4702975,Liam Murphy,Purdue,11.708333333333334,5,7.515872380216523,-0.5320268276248553,6.708333333333334,12
4702976,Josh Odunowo,UMBC,19.56896551724138,25,-1.7501525001551708,-2.2230973094424455,-5.431034482758619,29
4719433,Julian Mackey,FIU,23.429629629629627,35,2.7060362617833307,0.1443165798419662,-11.570370370370373,27
5243382,Jesse Hafemeister,Charleston Southern,19.972413793103446,25,2.856863485902246,-1.1063068805731233,-5.027586206896554,29
4709133,Myles Rice,Maryland,19.099999999999998,15,3.595775989081743,-2.1988108643769655,4.099999999999998,17
4709320,Anquan Hill,Sacred Heart,26.084615384615383,25,-0.4738409480796362,-2.174677154627,1.0846153846153825,26
4433611,Randy Brady,South Alabama,13.129032258064516,15,0.061697760856360445,-0.7764260608566997,-1.870967741935484,31
4897953,Marcus Greene,Fordham,12.810714285714287,15,-0.8525412113595774,-2.744232047620664,-2.189285714285713,28
4897957,Theo Seng,Troy,18.66923076923077,25,3.360893101471537,1.130557626806733,-6.330769230769231,26
4898243,Bernie Blunt,Mercyhurst,28.325000000000003,15,2.8800532448358105,1.4478456982145045,13.325000000000003,32
4698718,Joshua Beadle,Coastal Carolina,30.767741935483873,35,0.86480324649639,-0.8990841648466632,-4.232258064516127,31
4896885,Isaiah Shaw,Northern Arizona,21.31851851851852,15,4.399432882195402,-3.8970183019179268,6.31851851851852,27
4896884,Kobe Knox,South Carolina,18.509375,15,2.233926770664717,2.2098837235166036,3.5093749999999986,32
4432638,Daeshun Ruffin,Jackson St.,35.1,25,4.89201293780051,2.3141158640320723,10.100000000000001,28
4687377,Grant Slatten,Tennessee Tech,10.458333333333334,15,-3.551293983252778,-5.2801446323463965,-4.541666666666666,24
4897923,Patrick McMahon,Montana St.,25.174074074074067,25,0.04544299465258813,-1.1231236805099785,0.17407407407406694,27
4897859,Makai Richards,Chattanooga,14.062068965517241,25,-5.373241146168157,-6.777046626652689,-10.937931034482759,29
4611412,Daimion Collins,South Florida,12.290624999999999,25,9.737943258470692,0.6059035435895187,-12.709375000000001,32
4565698,Bryce Hopkins,St. John's,22.194594594594594,15,7.922535680277837,7.6515860567215555,7.194594594594594,37
4897421,Carter Kingsbury,The Citadel,15.903571428571427,25,-0.8847237220625803,-6.040702134459539,-9.096428571428573,28
4896862,Ali Dibba,Texas A&M,17.46764705882353,25,6.1652752445080745,1.507780810434152,-7.53235294117647,34
4685004,Riley Mulvey,Siena,15.67692307692308,5,4.567321810170733,-1.0669040449941274,10.67692307692308,26
4897192,AJ Lopez,Richmond,22.909677419354832,25,3.707987533650062,3.3611311419271037,-2.090322580645168,31
4897951,Zaire Williams,Mercer,20.041379310344826,25,1.4992081114972697,0.2622467671412203,-4.958620689655174,29
4683837,Peyton Daniels,Alabama A&M,14.566666666666665,15,-7.981593895674133,-4.48729607423756,-0.43333333333333535,6
4898212,Jaden Cooper,Maryland Eastern Shore,16.87666666666667,25,-3.7847811285846378,-4.450585806100609,-8.123333333333331,30
4897854,Michael Folarin,East Texas A&M,19.689473684210526,15,-2.935232557920816,-8.506673563407656,4.689473684210526,19
4709150,Kuluel Mading,Charlotte,15.56470588235294,25,-4.320855541839979,-6.114192028296,-9.43529411764706,17
4898370,Zaakir Williamson,Saint Peter's,20.111538461538462,25,-1.2585052339162328,-3.135452157874472,-4.888461538461538,26
4684164,Mike James,Vanderbilt,7.777272727272727,15,6.253257622614528,-4.57256164628673,-7.222727272727273,22
4898293,Mo Njie,UTSA,14.222222222222221,5,-6.315302600740117,-11.243465734880424,9.222222222222221,18
4684296,Legend Geeter,Detroit Mercy,18.75357142857143,15,-0.3292053928678718,-0.744770051310913,3.75357142857143,28
4684443,Rafael Castro,George Washington,24.75357142857143,25,10.24693241429404,9.155064540629585,-0.2464285714285701,28
4433615,Chris Hodges,Montana St.,14.548275862068964,25,-1.2841661514613059,-2.5308803153677593,-10.451724137931036,29
4590359,Matthew Mors,South Dakota St.,14.244827586206897,25,4.973520642327727,1.1401291764230785,-10.755172413793103,29
4896534,Abdul Momoh,Illinois Chicago,16.330303030303032,25,6.485920430359125,1.481062919178002,-8.669696969696968,33
5175673,Jonah Pierce,Presbyterian,26.900000000000002,15,3.0043204518753686,-1.245024799427307,11.900000000000002,30
4433596,Chance Moore,West Virginia,25.934482758620685,35,5.974973814229751,4.878805939255929,-9.065517241379315,29
5108759,Kanye Jones,USC Upstate,7.040000000000001,15,-8.166554204505585,-8.276259758763064,-7.959999999999999,20
4791227,Devin McGlockton,Vanderbilt,16.933333333333334,25,5.693500573952984,3.9809657167844117,-8.066666666666666,36
4897173,Alex Anderson,Texas Southern,21.353571428571428,25,0.517239108552557,-1.1603231078326581,-3.6464285714285722,28
4897175,Tyler Shirley,Florida A&M,23.231034482758623,15,-3.780933785218219,-4.150870535048396,8.231034482758623,29
4897474,Ben Schwieger,Northern Iowa,19.165714285714284,25,5.851067784450195,3.737118106999042,-5.834285714285716,35
4897691,Lamin Sabally,Iona,21.258064516129036,25,4.415886743086765,3.8196075939900402,-3.7419354838709644,31
4897548,Zee Hamoda,Nicholls St.,20.567857142857147,25,-0.6773680311835478,-2.2092698015526393,-4.432142857142853,28
4682856,Logan Duncomb,Winthrop,30.810000000000002,35,10.890936408062133,8.067429508099545,-4.189999999999998,30
4837238,Tucker DeVries,Indiana,21.262500000000003,25,7.480065483860673,6.112937032738579,-3.737499999999997,32
4897451,Conor Enright,Indiana,11.7,15,2.0281685538979985,1.464467290837581,-3.3000000000000007,32
4897383,Alex Williams,Duquesne,23.499999999999996,35,6.60969716670414,0.10152526123587605,-11.500000000000004,30
4897010,Ben Johnson,Vermont,12.58125,25,0.7724458128617565,-2.3453792877045294,-12.41875,32
4683734,Anton Brookshire,Austin Peay,16.775862068965516,15,-0.1930358748072339,-1.1932197095612835,1.775862068965516,29
4684461,Yaya Keita,Albany,16.93,15,-13.584050176573111,-10.843382639589063,1.9299999999999997,10
4690766,Kaleb Brown,Robert Morris,14.270000000000001,5,-2.360487467432617,-2.8478350091202285,9.270000000000001,30
4698719,Trevon Brazile,Arkansas,17.241666666666667,15,8.503792261952421,7.524932345251183,2.241666666666667,36
5111919,Jamir Simpson,UTSA,24.596428571428568,25,-2.433865547079304,-2.057953235314719,-0.403571428571432,28
4898377,Samuel Ariyibi,Utah Tech,18.866666666666667,5,0.887231137777281,-5.69679661568587,13.866666666666667,30
4897936,Jayden Jackson,Cal Baptist,18.092857142857145,15,0.475651990479718,-0.06680673899164116,3.092857142857145,28
4897938,Diego Campisano,Northern Arizona,18.78695652173913,5,2.2375381326197914,-2.16906118248204,13.786956521739128,23
4684293,Kaleb Washington,Florida A&M,23.1,25,-1.4059696979242389,-2.4580820451561913,-1.8999999999999986,26
4683861,Malachi Smith,Connecticut,18.167499999999997,25,5.818316012947012,1.5335476843109523,-6.832500000000003,40
4896939,Giovanni Emejuru,East Carolina,19.506666666666664,25,1.759135353615245,0.8198519627235722,-5.493333333333336,30
4896936,Damon Nicholas Jr.,Sam Houston St.,15.148387096774192,25,4.382818337611188,-0.22203281296956262,-9.851612903225808,31
4903264,Jake Heidbreder,Fresno St.,22.255172413793108,25,3.7259404509997145,2.2716495983895886,-2.744827586206892,29
5176403,Isaiah Stafford,Southern Illinois,19.993333333333332,15,-2.929481871133719,-2.029687438459435,4.993333333333332,15
5112334,Ezra McKenna,Buffalo,14.22,25,9.700602274142152,-1.4654693323863626,-10.78,30
4897888,Veljko Ilic,Sam Houston St.,23.183870967741935,35,5.77159491328263,3.0760096801335854,-11.816129032258065,31
4897890,Milos Ilic,California,14.036363636363637,25,6.103707328145701,1.375878186905653,-10.963636363636363,33
4898010,Jaylin Sellers,Providence,25.324242424242424,25,5.762174183367146,5.132480176716851,0.3242424242424242,33
4879743,Elijah Kennedy,Hampton,19.400000000000002,15,4.135522398684781,-3.334497816272857,4.400000000000002,21
4896453,Tuongthach Gatkek,Little Rock,15.562962962962965,25,2.9235117582030865,-1.1043881766764,-9.437037037037035,27
4683757,Kowacie Reeves Jr.,Georgia Tech,21.544827586206896,15,2.4527091637191023,1.7853393163024858,6.544827586206896,29
4898222,Louis Lesmond,Fordham,13.14,15,-6.149734130902224,-7.456321895323875,-1.8599999999999994,25
4610138,Denham Wojcik,Michigan St.,12.74193548387097,5,5.0784664661653744,-5.379787076719742,7.74193548387097,31
4897458,Daylen Berry,Winthrop,20.052,15,-0.37626772020356997,-2.0298585178125044,5.052,25
4896359,Addison Arnold,Arizona,15.415000000000003,35,4.434447965329765,-4.834584808627075,-19.584999999999997,20
4683147,Jalen Warley,Gonzaga,15.98181818181818,25,12.332581062092693,6.337206965929953,-9.01818181818182,33
4433616,Frankie Collins,Vanderbilt,25.366666666666664,25,7.589257190163815,3.663167856637155,0.3666666666666636,9
4683946,Isaiah Barnes,Valparaiso,16.400000000000002,5,0.1853171115213049,-8.159637638569452,11.400000000000002,28
4683741,Jakai Robinson,Bryant,11.15,15,-3.8325699791544796,-6.630100259413524,-3.8499999999999996,28
4684596,Will Tschetter,Michigan,10.51,5,3.6605239961019205,2.57812543253531,5.51,40
5115454,Josh Hines,Green Bay,7.3,15,-5.987129314953758,-6.243030844500595,-7.7,5
5247621,Keeshawn Mason,Prairie View A&M,13.668,5,-5.2156568683506945,-10.026724882750893,8.668,25
4897701,Amar’e Marshall,St. Bonaventure,16.709090909090907,15,-2.6333201964072206,-1.6257151096724696,1.7090909090909072,11
4684158,Ike Cornish,James Madison,18.349999999999998,15,-8.826852684072076,-5.717917571996478,3.349999999999998,6
4897973,Raymond Espinal-Guzman,Stonehill,17.47741935483871,25,-3.3405717637127683,-5.582088928213893,-7.522580645161291,31
4897668,AJ George,Cal St. Bakersfield,18.125,5,-4.089245811275822,-7.018019218865597,13.125,28
4897671,A.J. Neal,LIU,12.959999999999999,5,-4.642399493321698,-13.298562668574027,7.959999999999999,15
4701266,Ashton Smith,South Dakota,9.299999999999999,15,-23.17629154006866,-10.410073953574633,-5.700000000000001,6
4897008,Wes Peterson,Binghamton,18.3,15,-7.2091565147918635,-7.405243126308392,3.3000000000000007,26
4823976,Brian Waddell,Bellarmine,21.123333333333335,15,0.25235283822603144,-0.5973417145693337,6.123333333333335,30
4897438,Trey Kaufman-Renn,Purdue,25.02972972972973,15,8.307037404616734,6.945488096757911,10.02972972972973,37
6014,Hercy Miller,New Orleans,30.011111111111113,25,-12.961817336310757,-18.396128950835912,5.011111111111113,9
4896505,Leonardo Bettiol,Massachusetts,27.887500000000003,35,7.476868870302859,3.210549597830245,-7.112499999999997,32
4575837,J.R. Konieczny,Florida Gulf Coast,24.785714285714285,35,8.90206423416833,1.2989417197779072,-10.214285714285715,28
4708176,Ramon Walker Jr.,Houston,12.28965517241379,5,5.812783166680524,1.7893137225413946,7.28965517241379,29
4684289,Tre Carroll,Xavier,26.09375,35,6.066883744010898,3.7460438082840057,-8.90625,32
4898228,Rob Brown III,Stony Brook,17.34666666666667,15,-2.3180736577619676,-3.282278667854461,2.346666666666671,30
4897715,Khamari McGriff,Kansas St.,18.057142857142857,25,6.6657705623007235,3.60627012971922,-6.942857142857143,28
4897447,Connor Hickman,Charleston,18.62,25,-1.428385165134812,-2.850170437415648,-6.379999999999999,25
4897301,Terrion Murdix,Western Kentucky,19.26521739130434,15,0.6940628197771607,0.063651889879034,4.26521739130434,23
5107293,Stephen Giwa,Rice,13.741379310344826,15,2.3488956493409043,-2.0544028834100994,-1.2586206896551744,29
4897302,Owen Dease,Valparaiso,21.174193548387095,25,3.136762947922757,1.2806195241866352,-3.8258064516129053,31
4898348,Gus Etchison,Idaho St.,33.1,35,4.046591317591759,-0.48737013331722107,-1.8999999999999986,29
4898349,Shemani Fuller,Rider,18.160714285714285,25,-4.078242156019523,-5.64273990933272,-6.839285714285715,28
4897129,DJ Patrick,UNC Asheville,13.21851851851852,15,0.8909985505169739,-2.146231646974312,-1.78148148148148,27
4710354,Michael Gray Jr.,Wichita St.,17.414285714285715,25,0.5245749579329736,-0.5193308437766515,-7.585714285714285,35
4709141,Houston Mallette,Alabama,12.4,15,4.835049509372036,3.788828273984789,-2.5999999999999996,35
4897501,Will Allen,Louisiana Tech,11.933333333333334,5,-2.67432854517846,-5.0543939151528585,6.933333333333334,30
5247448,Jaden Baker,Wagner,19.480952380952377,15,-4.326289514785661,-4.693818358944249,4.4809523809523775,21
4710427,PJ Edwards,Grambling St.,7.653846153846155,15,-20.45022046091176,-15.158235196564437,-7.346153846153845,13
4684718,"Corey Floyd, Jr.",Providence,16.541666666666668,15,1.4764043214418028,-0.08185515408350606,1.5416666666666679,24
4896367,Xzavier Long,Hampton,17.96666666666666,15,-0.7589631242448013,-0.9609256048789423,2.9666666666666615,30
4896368,Tahj Staveskie,Incarnate Word,27.04285714285714,25,0.710416665387932,-0.08191778212783898,2.042857142857141,28
4897777,James Okonkwo,Utah,10.113793103448275,5,-0.2728284811774758,-0.8804902516792544,5.113793103448275,29
5191345,Jared Lary,Detroit Mercy,17.9875,15,-7.06202970648055,-10.62747901523072,2.9875000000000007,24
4898230,Garrett Johnson,George Washington,21.996551724137934,25,0.3339457695791826,0.21635330624247762,-3.003448275862066,29
4684207,Keeyan Itejere,Rhode Island,13.696874999999999,25,5.318249353948397,1.1449228342245077,-11.303125000000001,32
4898382,Alden Applewhite,Georgia Southern,19.162857142857145,25,2.8638182140028765,1.300322113981072,-5.8371428571428545,35
4683756,KeShawn Murphy,Auburn,19.845161290322583,25,10.277906006454266,7.805144741483816,-5.154838709677417,31
4897708,Maximus Edwards,Duquesne,22.05238095238095,25,-3.8640979294070754,-6.4041891362334695,-2.9476190476190496,21
4897163,Milos Nenadic,Lindenwood,21.06666666666667,25,-0.4859686986662658,-1.6171347704561745,-3.93333333333333,30
4684152,Jusaun Holt,Utah Tech,23.623333333333335,15,-0.460138170421794,-2.4597491058130854,8.623333333333335,30
20034,Charles Bediako,Alabama,16.380000000000003,15,8.747450090140955,8.747450090140955,1.3800000000000026,5
4711900,Jalen Ricks,UT Rio Grande Valley,18.57,5,-1.5235100984651875,-10.35694016233768,13.57,20
4897200,Isaac Abidde,Albany,18.7,15,-4.181770142850731,-5.6635474851770065,3.6999999999999993,29
4902201,Aidan Sevilla,Idaho,12.33,15,-9.928816933321988,-23.629838525755833,-2.67,20
4898256,Brent Bland,Saint Peter's,18.79642857142857,25,3.5059285305064143,2.594674494158191,-6.203571428571429,28
5243241,Jaden Brownell,USC,19.093103448275862,15,1.2594102644495493,-4.03579949427689,4.093103448275862,29
4684155,John Camden,California,18.5875,25,6.173391266597328,4.089034898069141,-6.412500000000001,32
4432589,Johnathan Lawson,Little Rock,22.665517241379312,25,1.4038632488723244,-0.12469903933257999,-2.3344827586206875,29
4684448,Malcolm Chimezie,Boston University,14.092857142857143,15,-1.0470905381778512,-3.5679408758122872,-0.9071428571428566,14
4897072,Samuel Onu,Alabama A&M,13.294117647058824,15,-10.218290635540885,-13.829234184295721,-1.7058823529411757,17
4897051,Anouar Mellouk,Morehead St.,18.313333333333333,25,-3.536751640862258,-4.194782733306413,-6.686666666666667,30
4897944,Zach Bloch,Northern Colorado,14.751724137931033,25,6.9633079097238975,0.6097431227810671,-10.248275862068967,29
4897976,Dola Adebayo,George Mason,14.876923076923077,25,3.616861030835673,0.5136245579212425,-10.123076923076923,26
4897775,Ethan Duncan,Lipscomb,20.61379310344828,25,3.7072208673956344,0.17245601213223755,-4.38620689655172,29
4897898,Pablo Tamba,LSU,13.8875,15,6.281707089538369,4.764414093009959,-1.1125000000000007,32
5247200,Ahmad Harrison,Saint Francis,20.617241379310347,25,-5.985939476997078,-6.754798234206577,-4.382758620689653,29
4897222,Amar Augillard,Milwaukee,29.54666666666667,35,-1.9047355977408695,-2.8864627855448757,-5.45333333333333,30
4710358,Jason Nelson,Youngstown St.,18.382758620689657,5,0.5177417010311917,-2.3214526558100435,13.382758620689657,29
4897337,Trae English,Nicholls St.,21.620689655172413,25,-0.27637536296958054,-2.406570672151593,-3.379310344827587,29
4710359,Aidan Noyes,Belmont,10.299999999999999,15,5.376653737480383,0.9831951261493268,-4.700000000000001,14
4898278,Nate Johnson,Kansas St.,19.88125,25,5.179910139482206,5.3796003499379985,-5.118749999999999,32
4896959,Hassan Perkins,Coppin St.,17.19333333333333,15,-5.39890226861465,-7.283065866601938,2.1933333333333316,30
4684303,Drissa Traore,Rhode Island,14.990909090909092,5,-4.260885844331529,-9.694860014639506,9.990909090909092,22
4897412,Zander Yates,Liberty,18.38,15,-12.926836118281486,-26.540105877465212,3.379999999999999,25
4683755,Mason Miller,Murray St.,10.856250000000001,25,1.5843314597252298,-0.1276658147454109,-14.143749999999999,32
4433606,John Christofilis,Seattle,16.115151515151513,25,1.7578111527148466,-0.6804557165118269,-8.884848484848487,33
4432524,Quaran McPherson,UAB,20.134615384615383,15,-3.796015531611218,-6.895515148788013,5.134615384615383,26
4897432,Sam Hoiberg,Nebraska,15.28,15,8.425950879490383,7.9126248604642,0.27999999999999936,35
4810230,Oleg Kojenets,Stony Brook,20.79666666666667,5,-1.189974004801618,-10.19939197944173,15.79666666666667,30
4433600,Wilhelm Breidenbach,Grand Canyon,13.958620689655174,25,7.082921221313278,-1.4335680400049298,-11.041379310344826,29
5108048,Ubong Abasi Etim,Southeastern Louisiana,7.913333333333333,5,-2.58319111690225,-5.136039869005567,2.913333333333333,30
4432692,Casey Simmons,Yale,17.348275862068963,15,3.037756467640936,2.0068711513377213,2.348275862068963,29
4897711,Tyler Coleman,Towson,14.516129032258066,25,0.18393683531573268,-3.5847876768632396,-10.483870967741934,31
4816087,Kyle Cuffe Jr.,Mercer,18.150000000000002,25,-1.6648038949040083,-7.025018953120638,-6.849999999999998,28
4896969,Jordan Battle,Old Dominion,21.703125,25,1.5733508532477936,2.2677224507219274,-3.296875,32
4683146,Zach Clemence,Texas A&M,17.694117647058825,25,5.438208435471769,1.787955091249959,-7.305882352941175,34
4708219,Tay Mosher,East Texas A&M,14.536,5,8.695216408308964,-3.758599416257906,9.536,25
4898194,Keaton Norris,Samford,18.460714285714285,25,-1.2223780146728696,-2.672698021617962,-6.539285714285715,28
4897515,Robert Vaihola,Minnesota,14.66,15,6.5406786255206635,3.917162116524304,-0.33999999999999986,5
4896378,Jao Ituka,Northern Illinois,19.776923076923076,25,-1.2501507995041528,-5.1454685459693,-5.223076923076924,13
4898169,Mason Gibson,Texas A&M Corpus Chris,21.153846153846153,15,3.160599322000359,1.6486652878521575,6.153846153846153,26
4684309,Elijah Tucker,Longwood,24.40344827586207,35,-2.4654037302016176,-3.2101448206103047,-10.596551724137932,29
4897571,Bryson Spell,Elon,14.92727272727273,15,-9.69492963820191,-15.304571444761462,-0.07272727272727053,22
4897572,Joseph Venzant,Abilene Christian,9.48,15,-1.376581237652043,-1.8218082082729985,-5.52,30
4897053,Kacper Klaczek,Elon,20.08181818181818,25,4.086454781797447,1.359915276769681,-4.9181818181818215,22
4685802,Robert McCray V,Florida St.,32.63333333333333,25,8.692019160784737,4.938216020991783,7.633333333333333,33
5176036,Ethan Okwuosa,Boston University,15.025000000000002,15,-5.306968774507048,-5.306968774507048,0.02500000000000213,8
4683941,RJ Keene,Boise St.,8.851724137931035,5,4.70253007565155,3.8244040868700497,3.8517241379310345,29
4897148,Kirk Cole,Oklahoma St.,10.00769230769231,15,3.672299030439896,-8.720479205639112,-4.992307692307691,13
4896462,Cam McDowell,Tarleton St.,24.223529411764705,35,6.488284255938242,0.18193416706268017,-10.776470588235295,17
4897519,Bryce Zephir,Syracuse,10.595238095238095,5,-1.1017001153765038,-9.344260067963969,5.595238095238095,21
4690767,Jalen Smith,Rice,19.66896551724138,25,-0.37127875589223386,-1.041289692078166,-5.331034482758621,29
4897522,Chris Morgan,Coppin St.,23.59166666666667,25,-10.459751341023807,-9.81412867524231,-1.4083333333333314,12
4683944,Tyler Lundblade,Belmont,17.332258064516132,25,3.998233603548331,1.720438457669794,-7.667741935483868,31
4896370,TJ Long,Vermont,21.225925925925928,25,-2.015660940994823,-2.645438373170171,-3.774074074074072,27
4897481,Foster Wonders,Cleveland St.,10.32758620689655,5,-2.4397350213992564,-5.651966918756746,5.32758620689655,29
4897482,Scottie Ebube,N.C. State,15.7,15,12.52651199548903,-7.794275490813469,0.6999999999999993,17
4684022,Angelo Brizzi,Buffalo,22.79666666666667,35,0.47063555123630996,-0.5682575703069326,-12.20333333333333,30
4897626,Julien Soumaoro,Western Carolina,20.624000000000002,25,0.0028009853332299586,-0.5772918431483564,-4.375999999999998,25
4897387,Allen Strothers,East Tennessee St.,14.3875,25,2.5781170552174943,-1.7725739831742708,-10.6125,32
5239529,Brandon Hall,Duquesne,11.896153846153847,5,-2.674033403337802,-6.5109136166596935,6.896153846153847,26
4781728,Cole Middleton,Lipscomb,21.275000000000002,15,-6.0313658511387045,-9.465535896417766,6.275000000000002,28
4897902,Devin Hines,North Florida,17.324,15,-2.596429920173503,-6.634925319961963,2.3240000000000016,25
4897370,Jalen Breath,Ohio,17.076923076923077,15,-4.999353682953493,-5.833094567662797,2.0769230769230766,26
4898315,Julius Rollins,Denver,19.544444444444448,25,-4.845613640391774,-6.0544087272868055,-5.455555555555552,27
4898223,Gus Larson,Queens,14.920588235294115,5,-3.30775636782901,-6.297412290536564,9.920588235294115,34
4898226,Ed Holland III,Howard,6.99090909090909,5,1.1545953757848075,-4.493353375059827,1.9909090909090903,22
5314620,Cam Polak,Youngstown St.,16.214814814814815,25,-1.8344580705454705,-5.664598436345098,-8.785185185185185,27
4897704,Jaylen Stinson,Merrimack,16.433333333333334,5,0.1974934355598325,-8.70961257884792,11.433333333333334,24
4898190,Ryan Cornish,USC,14.258333333333333,35,3.0294788547345726,-5.399733333735132,-20.741666666666667,24
4897066,Andres Marrero,Merrimack,15.28823529411765,25,2.048161934403789,0.20503048934497167,-9.71176470588235,34
4898189,Cade Haskins,William & Mary,17.173333333333336,25,6.5073760528822,-4.574533280378386,-7.826666666666664,30
4898006,Sam Alamutu,Wright St.,15.103124999999999,5,0.4600644305965287,-3.2762896886481907,10.103124999999999,32
4897439,Logan Stephens,Southern Utah,33.705882352941174,25,-8.161925963811122,-8.439932333041414,8.705882352941174,17
4898333,Montavious Myrick,Eastern Kentucky,19.75,15,-1.884886248027672,-2.5047300419094127,4.75,28
4898334,Zion Russell,Saint Francis,22.373076923076926,15,-1.6113314692160912,-1.8898124492070338,7.373076923076926,26
5256466,William Henderson,Alcorn St.,14.554545454545456,15,-3.00202506172923,-9.688181958830453,-0.44545454545454355,11
4898210,Nana Owusu-Anane,Grand Canyon,15.615625,5,8.901480821300026,5.37298213942372,10.615625,32
4683758,Malik Thomas,Virginia,26.555555555555554,25,3.3658185042883924,2.3539183610823198,1.5555555555555536,36
4683942,Jordan Riley,East Carolina,32.083333333333336,25,5.510530131557157,3.9897154945628395,7.083333333333336,30
5243383,Max Jusianiec,Canisius,12.246153846153845,5,-2.073969263419964,-9.615607225931443,7.246153846153845,26
4684163,Chris Howell,New Mexico,15.770000000000001,15,3.7883941569874318,5.515575094911602,0.7700000000000014,10
4709142,Justin Rochelin,Pacific,18.44516129032258,15,1.3659078119442214,0.7762821097712612,3.445161290322581,31
4691165,Demari Williams,Houston Christian,21.37407407407407,35,3.382218999791539,-0.7316279949569545,-13.62592592592593,27
4693724,Will Felton,North Carolina A&T,17.389285714285712,25,2.574440097204339,1.4533345011450716,-7.6107142857142875,28
5314163,Jomo Goings,LIU,18.21714285714286,15,-2.72193626543228,-3.349343505583476,3.2171428571428606,35
4898280,Terrance Jones,Manhattan,21.883870967741938,25,1.3850863388011476,-0.8456625801097649,-3.116129032258062,31
4433273,Jerrell Colbert,McNeese St.,16.80625,25,1.6101342740943743,-3.3323390666371893,-8.193750000000001,32
4683676,Justice Williams,Western Michigan,23.9,25,-0.7752015072221541,-1.0857985000327557,-1.1000000000000014,18
4897209,Brenton Knapper,Santa Clara,18.765625,25,0.8966585865369792,-0.1705611192184704,-6.234375,32
5110696,Toby Harris,Iona,17.43125,25,4.346600646446702,0.2850007928552275,-7.568750000000001,32
5106619,Jackson Benigni,Binghamton,14.13703703703704,15,-1.4057760277958358,-1.7925066365542477,-0.8629629629629605,27
4897478,Landon Wolf,Illinois St.,16.060000000000002,15,5.821879544317876,2.013322169938445,1.0600000000000023,35
4897479,Michael Duax,Florida Gulf Coast,16.446875,25,2.1237726564158024,-1.9744694001621497,-8.553125000000001,32
4684146,Tyler Powell,Eastern Washington,13.45625,25,0.04208421460807917,-2.45534272735275,-11.54375,32
4683948,Ryan Conway,Towson,13.359090909090908,25,-3.0293046054059842,-4.679564457666147,-11.640909090909092,22
4693725,Javon Ruffin,Bowling Green,14.539285714285713,25,5.559041419761182,-0.9776076475039509,-10.460714285714287,28
4897982,Chance Trujillo,Utah Tech,18.945161290322584,15,-0.4077093371182752,-1.063810619848889,3.9451612903225843,31
4897678,Akiva McBirney-Griffin,UC Irvine,15.45,15,-3.1119300919079063,-8.438203227638397,0.4499999999999993,32
4898283,Boopie Miller,SMU,25.98181818181818,25,7.129220482381528,6.543102884363414,0.9818181818181806,33
4896852,Scotty Washington,High Point,15.924242424242424,15,3.5102873982271183,2.2692119110438655,0.9242424242424239,33
4898343,Kooper Jacobi,Eastern Illinois,20.94,15,-3.8762569018159523,-3.99970331274927,5.940000000000001,30
5174946,Kobe Rodgers,Louisville,12.641176470588235,25,13.02598814413944,4.662357915961648,-12.358823529411765,34
4897484,Cam Palesse,Alabama St.,12.429032258064517,15,-4.342331946488111,-5.619462352997028,-2.5709677419354833,31
4897485,Preston Ruedinger,Green Bay,18.267741935483873,25,5.07582976143429,1.1712094528175356,-6.732258064516127,31
4897052,Lassina Traore,Texas,13.736363636363636,15,0.2567005180240303,0.15059302141099543,-1.2636363636363637,22
4896620,Justin Neely,UNC Greensboro,26.075000000000003,35,4.846564731076367,2.3041916176975925,-8.924999999999997,32
4897018,Camren Hunter,Central Arkansas,28.503124999999997,35,7.957851490739506,6.570666320360493,-6.496875000000003,32
5241269,Jojo Anderson,Eastern Washington,18.115625,25,-0.10135062668040336,-2.644135320643971,-6.884374999999999,32
4897761,Corey Perkins,Delaware St.,19.129166666666666,25,-5.921450151196246,-7.155272799435696,-5.870833333333334,24
4897258,Sir Issac Herron,Louisiana Tech,16.837500000000002,15,-2.390759278884247,-4.746562574079751,1.8375000000000021,24
4897054,C.J. Anthony,Iona,26.241935483870968,25,4.121101012521518,1.1845181486872993,1.241935483870968,31
4897617,Tasos Cook,Campbell,13.240625000000001,25,-0.4987664121036974,-1.8507411318022702,-11.759374999999999,32
4897620,Alex Crawford,Rhode Island,16.790625,15,-3.930572630336117,-5.969769254024949,1.7906249999999986,32
4897651,Martin Kawa,Marist,11.219047619047618,5,-3.1486088730803092,-13.396371594246721,6.219047619047618,21
4898117,Ethan Butler,Charlotte,13.453846153846154,5,-0.8399627431503293,-4.916814891355537,8.453846153846154,26
4432586,Nate Bittle,Oregon,27.496,35,8.206860064967998,7.388923197602193,-7.504000000000001,25
4898118,Isaac Johnson,Hawaii,29.34193548387097,35,7.73141512851586,7.146346189220131,-5.658064516129031,31
4699440,Nick Davidson,Clemson,21.071428571428573,25,5.0678782916397,3.954684137508468,-3.928571428571427,35
4897261,Isaiah Walker,Xavier,12.409375,5,2.907214588696146,0.5040042403121668,7.409375000000001,32
4897807,J'Quan Ewing,Saint Peter's,10.407142857142858,5,-0.15690531381725958,-4.474413056900249,5.407142857142858,14
5263816,Elijah Davis,Morgan St.,23.686956521739134,25,-5.632120328508558,-5.336846055103866,-1.313043478260866,23
4899807,Kadar Waller,Cal St. Bakersfield,11.466666666666667,5,-1.174051267218423,-5.720238455027072,6.466666666666667,30
4897361,Marcus Banks,Massachusetts,20.65,25,3.5895582097646854,2.0296108845571377,-4.350000000000001,32
4897215,D.J. Smith,Campbell,24.475,15,4.599594969541439,1.9705236188257476,9.475000000000001,32
5242985,Travis Harper II,Tennessee St.,21.243333333333332,25,4.693364848834344,3.155132086526657,-3.7566666666666677,30
4897531,Shay Johnson Jr.,Long Beach St.,8.103333333333333,5,-1.88636926024077,-3.8112764052516983,3.1033333333333335,30
4897583,Grant Asman,Lipscomb,21.843333333333337,15,3.3234839807856447,1.900652282871859,6.843333333333337,30
4897245,Ryan Dufault,St. Thomas,15.141935483870968,25,3.617259208915815,-0.06808242294536838,-9.858064516129032,31
4897504,Wyatt Fricks,Marshall,20.56451612903226,25,2.862172224454723,2.564663428075206,-4.43548387096774,31
4565204,Duncan Powell,Providence,14.445454545454545,15,0.6883818153333238,-1.2293003560673859,-0.5545454545454547,22
5314801,Aaron Jacob,Oral Roberts,20.871428571428567,35,17.802941307093086,0.7466732444485215,-14.128571428571433,14
4898338,IJ Ezuma,Southern Miss,18.242857142857144,25,-17.204922238942117,-20.71603447185672,-6.757142857142856,7
4897970,Parsa Fallah,Oklahoma St.,21.838461538461537,25,8.267153834022848,5.431760473509969,-3.1615384615384627,26
4898165,Imanuel Zorgvol,Youngstown St.,16.76206896551724,25,2.015189491497372,-1.5383764405705727,-8.23793103448276,29
4897534,Myron Amey Jr.,Loyola Marymount,22.316129032258072,35,7.6343542758066585,3.8055830824635133,-12.683870967741928,31
4897364,Brennan Watkins,Chattanooga,17.40344827586207,25,-2.670092231890957,-3.1265879850561857,-7.596551724137932,29
4897365,Honor Huff,West Virginia,22.56571428571429,35,8.548904040269065,4.097358476646389,-12.43428571428571,35
4897366,Lewis Rowe,Incarnate Word,10.495652173913042,5,-0.6002369689616733,-3.130305207637847,5.495652173913042,23
4897465,Quimari Peterson,Washington,14.512121212121212,25,10.822225743415025,4.458757823263243,-10.487878787878788,33
4897466,Cameron Crawford,Duquesne,12.509999999999998,5,-3.040529257978268,-5.078064100806141,7.509999999999998,30
4897467,Micah Thomas,Northwestern St.,30.080000000000002,35,-0.6557624691036563,-1.4917592083044553,-4.919999999999998,30
5314573,"Donald Whitehead, Jr.",UNC Greensboro,21.478125,25,-2.3812001523790287,-5.329283443627972,-3.5218750000000014,32
5313696,Keith Palek III,Missouri St.,30.299999999999997,35,2.57351735334037,0.02586173117823718,-4.700000000000003,31
5314358,Kabeya Tshibangu,Niagara,9.221739130434784,15,2.9374779303128835,-4.844650108703767,-5.778260869565216,23
9808,Demitri Gardner,East Carolina,19.18333333333333,25,-1.783283496600485,-2.038641615520852,-5.81666666666667,18
4684156,Shaqir O'Neal,Sacramento St.,13.707142857142856,25,-2.084279990677572,-5.444553442682908,-11.292857142857144,28
5313263,Nathan Claerbaut,Central Michigan,19.648275862068964,25,0.572851135210652,0.25787177894881436,-5.351724137931036,29
5117707,Grady Lewis,Cal St. Northridge,16.135483870967743,5,0.7796913771938254,-8.622930766583584,11.135483870967743,31
4897987,Andre Washington,Eastern Illinois,22.058333333333334,25,-2.1026345937038644,-6.588844079544842,-2.9416666666666664,12
4900669,Ariel Bland,Bethune Cookman,14.238709677419354,25,4.258897761878716,1.3106837381702314,-10.761290322580646,31
4897768,Bryce Harris,Howard,24.670967741935485,15,7.273260217502725,3.281223660570138,9.670967741935485,31
5312457,Tavarus Webb,Georgia Southern,21.58857142857143,25,3.765230429795653,2.1957621973914376,-3.4114285714285693,35
4433265,Langston Love,Georgetown,10.75,15,-3.984700387899534,-5.511035829057934,-4.25,22
4912212,James Cooper,Georgia St.,7.968181818181816,5,-8.776750693568918,-14.634574933821142,2.968181818181816,22
5176387,Drew Carter,Oregon,21.730769230769234,15,-3.0867997908131337,-13.53013899262163,6.7307692307692335,26
4917385,Justyn Fernandez,Delaware,25.878571428571426,35,-1.6891440209500417,-3.393393336130489,-9.121428571428574,28
5106714,Masai Troutman,George Mason,17.89032258064516,15,-1.0416484135660518,-1.0746219836855744,2.8903225806451616,31
4838705,Chase Cormier,Iona,10.421875,5,-2.673511032905318,-5.551334890046336,5.421875,32
5106715,Rashad King,LSU,17.01875,15,-0.9588403089810807,-1.847657913940824,2.0187500000000007,32
5106716,Harold Woods,Incarnate Word,15.914285714285715,15,-1.723842811291618,-1.9496761186334357,0.9142857142857146,28
5106717,Jared Turner,Old Dominion,13.20625,15,2.6040160018960816,-1.3766938360583012,-1.7937499999999993,32
5106718,Collin Metcalf,Maryland,7.806451612903225,5,-1.89755517900276,-4.325541429541997,2.806451612903225,31
4684734,Travis Roberts,Alcorn St.,13.009677419354839,15,-5.847906532257135,-6.974358026486801,-1.9903225806451612,31
5107317,Jackson Paveletzke,Ohio,24.123333333333335,25,1.7621854842418525,0.6459576180275998,-0.8766666666666652,30
5107320,Chase Martin,Oral Roberts,9.75185185185185,5,-2.178501000264742,-4.45190953219084,4.75185185185185,27
5107321,Amarri Monroe,Quinnipiac,25.969999999999995,25,1.981800312023753,2.2144390316182188,0.9699999999999953,30
5107325,"Anthony Arrington, Jr.",Mount St. Mary's,22.73333333333333,25,-9.705430935804946,-10.418120083472987,-2.2666666666666693,21
5108073,Cam Amboree,Southern,20.992000000000004,25,-3.3551971887600156,-6.073601787120729,-4.007999999999996,25
5107887,Trey Campbell,Northern Iowa,24.654285714285713,25,7.850861527088899,4.670302015807588,-0.345714285714287,35
5107889,Hunter Jacobson,Northern Iowa,16.95,35,-60.38031621147968,-16.2554703955478,-18.05,12
5106734,Chase Lowe,William & Mary,20.67,15,5.917793921300077,3.4572171726594894,5.670000000000002,30
5106735,Jack Karasinski,Bellarmine,29.136666666666663,35,4.252364483014517,3.271300913203454,-5.863333333333337,30
5106738,Charlie Williams,Lipscomb,25.09333333333333,25,-0.06294172581237809,-2.7588048285025986,0.09333333333333016,30
5107864,Mason Falslev,Utah St.,22.888571428571428,25,9.924826979964807,8.888605625726793,-2.111428571428572,35
5107804,Miles Byrd,San Diego St.,20.943749999999998,25,7.645091114099639,6.916461656712089,-4.056250000000002,32
4870565,Elijah Saunders,Maryland,14.178787878787878,25,6.722946444787273,1.0291687934229736,-10.821212121212122,33
4894445,Braden Huff,Gonzaga,24.15,25,10.00659244551671,9.559813409455021,-0.8500000000000014,18
4684634,Rodney Rice,USC,28.116666666666664,35,5.95625472903447,4.595159563714166,-6.883333333333336,6
5105401,MJ Collins,Utah St.,22.457142857142856,15,6.5846434951960475,5.135572253435548,7.4571428571428555,35
5105402,Darren Buchanan Jr.,Rutgers,20.78529411764706,25,-0.08805924641435103,-1.56245040806498,-4.214705882352941,34
4838717,Patrick Wessler,UNC Wilmington,24.8125,25,3.4718208102395365,3.078885318755103,-0.1875,32
5105964,Jayden Dawson,Kansas,13.154166666666667,5,11.108298521708795,5.393240194656897,8.154166666666667,24
5105967,Caleb Reese,Loyola Chicago,12.739999999999998,15,-9.700149948006882,-9.476195357201082,-2.2600000000000016,20
5105966,Trey Lewis,Western Michigan,19.03448275862069,15,0.390879433896286,0.16324331090296715,4.03448275862069,29
5105965,Jalen Quinn,Drake,31.556250000000002,35,-0.07737765109672154,-0.08521423272693004,-3.443749999999998,32
5106754,Jlynn Counter,Charleston,28.15,35,9.612331910745336,4.60804516879576,-6.850000000000001,30
5108049,Anthony McComb III,Norfolk St.,23.474999999999998,25,-0.37340367645991884,-1.915642555416208,-1.5250000000000021,28
5106755,Vincent Brady II,High Point,14.752173913043475,25,2.3956944749714415,-3.636112005775391,-10.247826086956525,23
5108050,Jamai Felt,Temple,17.439999999999998,25,1.6445896585199968,-2.82293606377725,-7.560000000000002,30
5105860,Antonio Chol,New Mexico,14.53611111111111,15,2.0924858787105864,-0.33271154559724675,-0.46388888888889035,36
4683697,JJ Starling,Syracuse,22.893333333333334,15,-0.024286782032718817,-2.063016415091632,7.893333333333334,30
4684799,Ven-Allen Lubin,N.C. State,19.179411764705883,25,9.26226364895112,5.759611260291753,-5.820588235294117,34
5105858,Derek Simpson,Saint Joseph's,22.72058823529412,25,5.980826413147029,4.027392488920784,-2.2794117647058805,34
5105859,Antwone Woolfolk,Miami OH,20.490322580645163,15,3.8930078624524387,3.0471085094715957,5.490322580645163,31
5105527,Denzel Aberdeen,Kentucky,20.9,25,4.447587323617913,4.2949646815702165,-4.100000000000001,36
5105529,Riley Kugel,UCF,24.383870967741938,35,8.579974805573373,2.4100753184477677,-10.616129032258062,31
5105717,Khalil Farmer,UMass Lowell,14.640000000000002,15,-5.5681324457284,-7.462078675137401,-0.35999999999999766,30
5105528,Aleks Szymczyk,Cal St. Northridge,12.370833333333335,15,1.9720284011250926,-1.531443958269952,-2.6291666666666647,24
5105719,German Plotnikov,Hofstra,13.064516129032256,15,3.2208862968971586,2.29568315926726,-1.9354838709677438,31
5106058,Emanuel Sharp,Houston,23.075675675675676,25,11.412958365364444,9.44144896661842,-1.9243243243243242,37
5106059,Terrance Arceneaux,N.C. State,12.606666666666666,5,4.744073732989411,0.7840986484132819,7.606666666666666,30
5105619,Jayden Pierre,TCU,16.602857142857143,25,6.623772239458827,1.8585238248946971,-8.397142857142857,35
5105618,Quante Berry,Memphis,17.213333333333335,15,-0.5952307079779842,-1.2280435572993982,2.2133333333333347,30
5107233,Kylan Blackmon,Charlotte,10.325000000000001,25,0.5169747754611947,-6.570457376462548,-14.674999999999999,28
5105552,B.J. Edwards,SMU,19.510714285714283,25,14.544210389280623,7.405124177836316,-5.489285714285717,28
5105555,Tobe Awaka,Arizona,21.064102564102562,15,8.356557017618446,6.4531325746720105,6.064102564102562,39
4895353,D.J. Jefferson,Gardner Webb,23.372,25,-4.208295106799854,-5.111321723475938,-1.6280000000000001,25
5105494,Drake Allen,Utah St.,19.979411764705883,15,7.54789288290407,4.999506231878981,4.979411764705883,34
5105495,Braden Housley,Utah Valley,14.803846153846154,5,-0.9561026912311043,-3.6517016329459984,9.803846153846154,26
5106667,Elijah Perkins,Saint Peter's,11.457142857142857,5,-3.4400503047659465,-3.454548549808563,6.457142857142857,21
5106750,Zae Blake,UT Rio Grande Valley,15.682142857142859,5,1.8922095991148227,-3.4130476524813673,10.682142857142859,28
5106752,Amari Jedkins,Montana,12.790000000000001,5,5.517173879158235,-9.153332935331068,7.790000000000001,20
5106673,Kelechi Okworogwo,North Carolina Central,15.664285714285713,15,-3.952547605666473,-4.978669767743686,0.6642857142857128,28
5105646,Wilguens Jr. Exacte,Drake,25.012500000000003,15,2.1170873893426134,-7.897643558748471,10.012500000000003,16
5105647,Keba Keita,BYU,12.715151515151517,15,7.99426322476815,6.436813669845381,-2.2848484848484834,33
5105648,Luka Tarlac,Cal Poly,16.818181818181817,15,-4.249352428394252,-7.463213504265911,1.8181818181818166,11
5312887,Matt Enright,Austin Peay,10.456521739130434,5,-3.565018466991164,-4.603603537865392,5.456521739130434,23
5314179,Christian Meeks,Morgan St.,11.044444444444446,5,-5.313728351294528,-5.768144359483281,6.044444444444446,27
4684984,Silas Sunday,Hofstra,15.542424242424241,25,3.758321296570974,2.1600246656576116,-9.457575757575759,33
5105876,Lamar Wilkerson,Indiana,27.4375,35,11.994311380674116,7.551072588072889,-7.5625,32
5105877,Anthony Wrzeszcz,New Mexico St.,14.251724137931033,5,-1.7343163129236487,-3.195354916748502,9.251724137931033,29
5107197,Sadiku Ibine Ayo,St. John's,9.956666666666669,15,6.396985518739142,1.6036296158057566,-5.043333333333331,30
5107198,Cruz Davis,Hofstra,27.36060606060606,35,8.532819307971474,4.486850978169094,-7.6393939393939405,33
4838721,Tyler Nickel,Vanderbilt,16.697222222222223,25,11.322949504791323,6.7449483324100585,-8.302777777777777,36
4712836,Seth Trimble,North Carolina,21.6875,25,3.840306192167759,3.707094733512219,-3.3125,24
4433625,Jalen Washington,Vanderbilt,19.0,25,6.4229204884771764,5.325613902882115,-6.0,36
4684838,Will Shaver,Samford,18.75357142857143,35,-7.859319044873815,-8.271395076977402,-16.24642857142857,28
5176637,Errol White,Lamar,15.83793103448276,15,-2.720658437067901,-3.451842341987229,0.8379310344827609,29
5106652,Shammah Scott,Akron,20.11212121212121,15,3.1836538929176625,1.1032250308961191,5.11212121212121,33
5108718,Marvin McGhee III,UT Rio Grande Valley,14.57741935483871,25,5.149152633676689,1.1205307102620703,-10.42258064516129,31
5108719,Kaseem Watson,UTEP,22.05,15,-0.5624307557667312,-1.1961877322730294,7.050000000000001,28
5108720,Kareem Watson,Delaware St.,24.258823529411764,25,-3.9269117456605955,-10.065226418628061,-0.7411764705882362,17
5313151,Darrel Yepdo,UMass Lowell,19.59333333333333,25,-3.8034873033664205,-4.9618094492888485,-5.40666666666667,30
5106453,Jordan Mason,Temple,21.064516129032263,25,-0.36149998438775366,-1.092786725497276,-3.9354838709677367,31
5106452,Davion Sykes,Southern Illinois,18.593548387096778,25,5.050833444142709,1.4527713763403713,-6.406451612903222,31
5239711,Jonah Hinton,Rhode Island,21.344827586206897,15,0.38598390093598584,-0.5763605782901711,6.344827586206897,29
5241364,Bennett Stirtz,Iowa,26.289189189189187,15,10.30096625452253,9.184621354548646,11.289189189189187,37
5105432,Cyril Martynov,Fairleigh Dickinson,20.355172413793102,15,-3.031276023772046,-4.641906141511119,5.3551724137931025,29
5108006,Javan Simmons,Ohio,27.506896551724136,35,3.025770421768979,1.4139956131233116,-7.493103448275864,29
5314357,Reggie Prudhomme,Niagara,15.475862068965515,25,0.9423838902327852,-5.336401765593511,-9.524137931034485,29
5105689,Tyson Commander,Loyola MD,10.930000000000001,5,-5.416688295833766,-5.675659308711436,5.9300000000000015,30
5105688,Garrett Brennan,Loyola MD,12.884615384615385,15,-6.055879686343758,-8.069345562180876,-2.115384615384615,13
5242420,Zion Fruster,Eastern Illinois,25.925,25,-1.1435020578692547,-2.953629937235924,0.9250000000000007,28
5108120,Tyeree Bryan,Texas Tech,9.563636363636364,15,3.26371820234702,0.3699696009191688,-5.436363636363636,33
5108121,Kheni Briggs,New Haven,18.884,25,-4.46534768447346,-6.11909000350008,-6.116,25
5108122,RJ Johnson,Rhode Island,16.006666666666668,25,3.173851403619886,-3.4860389551592275,-8.993333333333332,30
5107819,Dominique Ford,San Diego,17.52413793103448,25,2.0228563456458857,-4.577541937015471,-7.475862068965519,29
5107824,Nigel Burris,Weber St.,19.58333333333333,15,1.3195808004747727,-0.24037249846247213,4.583333333333329,30
5105882,Halil Barre,Akron,15.270588235294118,25,7.635173614818388,-11.448717386352813,-9.729411764705882,17
5105881,David Dixon,Duquesne,19.28064516129032,5,10.737188736964077,1.9897529652942314,14.28064516129032,31
5105883,Matus Hronsky,Portland,15.720689655172414,5,-1.3312233325252611,-2.989277320547043,10.720689655172414,29
5105885,Kareem Rozier,Winthrop,19.893548387096775,25,3.318299785164619,1.513939422860441,-5.106451612903225,31
5107364,Achor Achor,Mississippi St.,20.25625,25,3.6461744157166964,-0.9008096658329465,-4.743749999999999,32
5113534,Javon Jackson,Murray St.,31.09696969696969,35,2.726357724105788,0.6661272226517502,-3.9030303030303095,33
5175787,Mahmoud Fofana,Cal St. Northridge,15.106250000000001,25,11.027867225755037,2.757653820491764,-9.893749999999999,32
5105531,KyeRon Lindsay-Martin,UAB,20.7,35,4.547124172773442,0.20971703500964406,-14.3,27
5241391,Logan Epes,Missouri St.,8.85,15,2.499420448317998,-4.447926300508275,-6.15,20
4683842,LJ Thomas,Old Dominion,23.720689655172414,15,-1.9289766639978698,-3.256963216067212,8.720689655172414,29
4699760,Joseph Pinion,South Florida,20.95151515151515,25,7.64789604105932,5.01653124007041,-4.048484848484851,33
4683675,Barry Dunning Jr.,Pittsburgh,18.87272727272727,25,7.0066209521258465,2.002749688396924,-6.127272727272729,33
4684720,Derrian Ford,Temple,25.08333333333333,25,1.8326533754038457,1.32600111344954,0.0833333333333286,30
5254986,Trent Coleman,Charleston Southern,15.104761904761906,15,4.523569515002456,-0.6390037035390639,0.10476190476190617,21
4888885,Connor Turnbull,Evansville,33.40714285714286,25,2.542875741678525,-3.085952269999854,8.407142857142858,14
5105431,Devin Ree,Jackson St.,14.757575757575758,5,-4.981699373442509,-7.58750205086702,9.757575757575758,33
4712845,Isaac McKneely,Louisville,14.731428571428571,5,5.092922880188447,4.326190699280033,9.731428571428571,35
4712866,Isaac Traudt,Creighton,14.170588235294117,25,4.553656487269099,-0.4001325990242296,-10.829411764705883,34
4838704,Leon Bond III,Northern Iowa,18.945714285714285,25,4.306614667627796,2.073421388500352,-6.054285714285715,35
5105560,Erik Pratt,Stony Brook,31.727586206896554,35,-0.22825088705551552,-0.3013582567319799,-3.2724137931034463,29
5105561,Jordan Williams,Rice,17.425,5,-6.084714014783447,-13.51844176041291,12.425,12
5105562,Solomon Washington,Maryland,19.671999999999997,25,3.8900545496309396,1.2961816862836235,-5.328000000000003,25
5105563,Jaelyn Lee,Texas St.,22.988235294117647,25,4.527480148110918,-4.5235534419620445,-2.011764705882353,17
4610140,Kamari Lands,Middle Tennessee,23.21034482758621,25,1.4298266769720167,0.5839696603623156,-1.7896551724137915,29
5176658,C.J. Booker,Southeastern Louisiana,13.899999999999999,5,-3.6980491452989757,-5.227020787510952,8.899999999999999,29
5108762,Isaac Jack,Pacific,17.483870967741936,15,2.2750125477683216,1.8388449284531998,2.483870967741936,31
5108150,Cole Farrell,Long Beach St.,19.886666666666663,15,-4.160139658275598,-5.760816414052459,4.886666666666663,30
5105845,Kebba Njie,Notre Dame,11.98235294117647,5,-1.5805558075883017,-2.9927477182391704,6.982352941176471,17
5105847,Evan Mahaffey,Akron,17.690909090909088,15,6.669647028416149,5.497785695965533,2.690909090909088,33
5105844,Kanye Clary,Oklahoma St.,20.858823529411765,15,16.691904124430735,5.74518114157288,5.858823529411765,34
5105848,Demetrius Lilley,Binghamton,24.800000000000004,25,-3.686978450709995,-6.035260549552301,-0.19999999999999574,10
5107230,Nate Brafford,Charleston Southern,12.586206896551726,25,5.047844766154264,-2.565568573706153,-12.413793103448274,29
5107226,Tyren Moore,Georgia Southern,24.70857142857143,35,10.620338511662862,1.6418115718035917,-10.291428571428568,35
5105800,Josh Dix,Creighton,19.200000000000003,15,2.630887797903629,2.8122218085366537,4.200000000000003,34
5105801,Dasonte Bowen,St. Bonaventure,19.53125,25,-1.4466932917834472,-2.742913757032026,-5.46875,32
5108778,Troy Hupstead,Texas Southern,24.404347826086955,25,0.5304426529313478,-1.2477969859227103,-0.5956521739130451,23
5108775,Dionte Johnson,North Carolina Central,19.314285714285713,25,-0.36443426002014706,-3.219261714466657,-5.685714285714287,28
5107355,Donovan Atwell,Texas Tech,13.197058823529412,15,9.383712480051651,8.20635762822049,-1.802941176470588,34
4684269,Kylan Boswell,Illinois,19.899999999999995,15,5.212524122073247,5.430559967677512,4.899999999999995,30
5105571,Henri Veesaar,North Carolina,22.432258064516127,25,10.566447926070785,9.589225567202282,-2.5677419354838733,31
5105569,Filip Borovicanin,Xavier,20.227272727272727,15,5.428791814962777,3.4353067083090765,5.227272727272727,33
4432739,Dylan Anderson,Murray St.,18.59677419354839,15,-3.352829663699555,-12.120290983054101,3.5967741935483915,31
4937074,Darrion Williams,N.C. State,23.933333333333337,35,9.993375608377255,4.147249111501775,-11.066666666666663,33
4684745,Chisom Okpara,Stanford,27.53529411764706,35,3.182176692464698,1.375637454551253,-7.464705882352941,17
4902967,Chandler Pigge,Harvard,23.503571428571426,15,1.1891454123890142,0.9673427667199971,8.503571428571426,28
5106269,Luke Northweather,Missouri,10.254999999999999,5,2.572319602347474,-4.147277248984631,5.254999999999999,20
5106270,Otega Oweh,Kentucky,27.011111111111116,15,8.259890038633754,5.969836372743336,12.011111111111116,36
5106272,Milos Uzan,Houston,19.27837837837838,25,6.406068903948418,5.071975770934776,-5.721621621621619,37
4683672,Lee Dort,California,17.234615384615385,15,1.6922142176775707,1.605014498828107,2.2346153846153847,26
5105279,Paul Lewis,James Madison,16.284615384615385,15,-13.510624820516808,-13.330382683832962,1.2846153846153854,13
4823977,Noah Shelby,Texas A&M,14.299999999999999,15,-13.959331378592006,-7.435650138968053,-0.7000000000000011,9
4684812,Colin Smith,UC Santa Barbara,19.5,15,1.6971575002560704,0.1503591117434893,4.5,30
5105281,Miles Keeffe,Vanderbilt,21.5,25,-9.749186252017756,-10.590607670183498,-3.5,12
4712862,Malik Dia,Mississippi,30.87142857142857,35,2.9995700206920133,0.1939975385590933,-4.12857142857143,35
5107258,William Kyle III,Syracuse,15.106250000000001,25,10.174101671905094,6.690840931177874,-9.893749999999999,32
5107255,Kalen Garry,South Dakota St.,20.24827586206896,15,0.4916227060657154,-0.7533594150061013,5.248275862068962,29
5105974,Mike Walz,Richmond,22.290322580645157,15,5.246352745870789,2.2279623062644918,7.290322580645157,31
5105636,Dylan Andrews,Boise St.,22.830000000000002,35,11.544885000281022,1.6029304134524756,-12.169999999999998,30
5105640,Jack Seidler,UCLA,60.885714285714286,35,-52.9798857500458,-57.65771688792265,25.885714285714286,7
5105824,Ramel Lloyd Jr.,Arkansas Pine Bluff,18.200000000000003,5,-0.6251305565794384,-6.0972227542258395,13.200000000000003,20
5105827,Cale Jacobsen,Nebraska,12.191428571428572,15,4.1158723835531905,2.7965666345349045,-2.808571428571428,35
5105826,Blaise Keita,Western Kentucky,11.63793103448276,15,2.963938199351731,-2.173494374350979,-3.36206896551724,29
5105825,Jamarques Lawrence,Nebraska,20.97714285714286,25,2.4767741474225216,1.2469357134955308,-4.022857142857141,35
5107142,Andrew Akuchie,Rice,13.56551724137931,25,4.0522767733959455,-3.228216223957835,-11.43448275862069,29
4905250,Mekhi Mason,Wake Forest,17.602941176470587,25,2.0846701990425984,0.08669513458634884,-7.397058823529413,34
5107205,Mor Seck,Towson,13.7625,5,-2.7840423569731967,-5.404520463670478,8.7625,32
5107204,Harry Rouhliadeff,Hawaii,18.45862068965517,15,3.2595098838515626,2.32992548999544,3.45862068965517,29
5107203,Kody Williams,Hampton,13.622222222222222,25,-1.2152765517733177,-8.35473692340555,-11.377777777777778,27
5107289,Justin Mullins,Northwestern,15.541666666666666,15,0.5961069559103885,-5.780768851927362,0.5416666666666661,24
5241408,Max Weisbrod,Northern Iowa,12.738709677419354,5,0.7559221699501432,-0.4386820012444559,7.7387096774193544,31
5176246,Jefferson De La Cruz Monegro,Cal St. Fullerton,18.377419354838707,25,1.3150280307831914,-0.8951237232321986,-6.6225806451612925,31
5108000,Seth Hubbard,Milwaukee,23.825,25,-2.1283082841570224,0.36885838292535006,-1.1750000000000007,8
5107999,Max Burton,Western Michigan,14.260714285714286,15,-2.9870892056593097,-3.485113179888533,-0.7392857142857139,28
5105634,Jaylen Thompson,Stanford,10.72,5,8.77933272431188,-4.693151584202093,5.720000000000001,20
5105632,Ryan Agarwal,Stanford,15.318750000000001,15,-1.8379674112299316,-2.6521826778804605,0.3187500000000014,32
5105633,Benny Gealer,Stanford,14.978787878787879,25,9.285711233075533,4.981753597881011,-10.021212121212121,33
5107161,Hayden Welling,Utah Valley,22.806451612903228,15,-1.4966630467589077,-3.9573157177532186,7.806451612903228,31
5107163,Elijah Chol,UC Irvine,13.408333333333331,15,0.3196913785030514,-1.151349592388047,-1.5916666666666686,24
4896363,Zach Keller,Utah St.,13.202857142857141,15,-0.6580187961965827,-2.7176744912430024,-1.797142857142859,35
5115458,Sean Craig,Toledo,17.65,15,1.1430672245685278,0.5569089091928618,2.6499999999999986,32
4837356,Tre Donaldson,Miami FL,24.468571428571426,35,9.943420814641515,6.727182138863618,-10.531428571428574,35
4683680,Chance Westry,UAB,26.025806451612905,35,12.617308973315115,5.8171228032056845,-8.974193548387095,31
4869741,Yohan Traore,Butler,17.512500000000003,25,6.354147011251484,2.020740796027481,-7.487499999999997,32
5106773,Justin Thomas,Bowling Green,11.62962962962963,5,-1.9321298506608013,-2.5751677965646507,6.62962962962963,27
5106766,Brian Taylor,East Tennessee St.,22.159375,25,-0.43916994436291523,-0.6064221909805105,-2.8406249999999993,32
5106767,Elijah Jamison,Norfolk St.,28.35714285714286,35,-2.5914971451592317,-1.913176014377882,-6.642857142857139,28
5105822,Joshua Ola-Joseph,Loyola Chicago,18.020689655172415,15,-2.2272786950541485,-4.982367720330396,3.020689655172415,29
5105820,Braeden Carrington,Wisconsin,19.647058823529413,25,9.434072840771003,5.214525187510059,-5.352941176470587,34
5105823,Pharrel Payne,Maryland,28.78,35,9.103956329340946,8.598885898870554,-6.219999999999999,10
5105821,Jaden Henley,Grand Canyon,29.25,35,7.084361140135613,5.7248326345436,-5.75,32
5105466,Jared McGregor,BYU,25.214285714285715,25,0.8171082986862667,-20.455593051216045,0.2142857142857153,7
5105461,Tanner Toolson,TCU,18.048571428571428,25,5.047991787955929,1.3604661451743658,-6.951428571428572,35
5105462,Richie Saunders,BYU,22.48,25,10.928749492716106,8.542733337624275,-2.5199999999999996,25
5105463,Tanner Hayhurst,Southern Utah,13.453571428571431,15,-1.0742520772867277,-1.3155121746178986,-1.546428571428569,28
5105464,Dallin Hall,Virginia,13.866666666666669,5,4.3839395923687645,3.2267196244605074,8.866666666666669,36
5108101,Lamine Niang,Tennessee Martin,13.009090909090908,5,9.480920174538412,-3.5333550136295666,8.009090909090908,22
5105657,AJ Rohosy,Stanford,21.309090909090912,15,-0.7649603855311814,-3.4365276778797313,6.309090909090912,33
5105658,Dylan Darling,St. John's,16.771428571428572,25,6.267059176582877,3.6190745239167152,-8.228571428571428,35
5108091,Magnus Entenmann,Kent St.,10.603225806451613,5,-1.1192116966856154,-5.307339681738454,5.603225806451613,31
5106253,Eli King,North Dakota,19.49375,25,2.774246288887212,1.6606908942228018,-5.506250000000001,32
5185598,Trevon Payton,Arkansas Pine Bluff,12.813333333333334,15,-1.3264474871698948,-1.7963090845206768,-2.1866666666666656,30
5108090,Brenden Moss,Kent St.,17.46923076923077,15,8.258739465678948,-9.33419581119356,2.4692307692307693,13
5108093,Delrecco Gillespie,Kent St.,26.796875,15,4.486512098297132,2.0694855672345276,11.796875,32
4888733,Chas Kelley III,Georgia Tech,14.024137931034485,5,3.4094198265614795,-3.538170347858431,9.024137931034485,29
4917161,Armani Mighty,Mercer,20.15862068965517,25,1.8374435161579694,1.1976926303676194,-4.841379310344831,29
5106254,Tamin Lipsey,Iowa St.,22.9735294117647,35,16.25127999497848,9.902915874842263,-12.026470588235298,34
5106255,Demarion Watson,North Texas,9.253333333333334,15,1.9372504888596718,-1.5564753627077947,-5.746666666666666,30
4609653,Prince Aligbe,Southern Illinois,20.796551724137935,15,-4.094022174633742,-4.63296902869092,5.7965517241379345,29
4683629,Donald Hand Jr.,Boston College,25.860714285714284,15,-0.5870688715706492,-2.94898727804378,10.860714285714284,28
5105811,Dan Skillings Jr.,Baylor,18.875,25,5.037097513100375,2.2914201651330006,-6.125,28
4838723,Josh Reed,Penn St.,19.16875,25,2.6589495001816914,1.5256270025036698,-5.831250000000001,32
4838724,Sage Tolentino,UNC Asheville,5.144,5,-5.102271562981859,-6.66790146763408,0.14400000000000013,25
5106449,Jackson Fields,West Virginia,17.77777777777778,15,1.8983809461995136,0.23703268542141565,2.7777777777777786,9
5106684,Carl Daughtery Jr.,UC Davis,15.754545454545458,25,4.3900701351085205,0.22378914672551564,-9.245454545454542,22
5314309,Cameron Wallace,Little Rock,25.11666666666667,15,-2.0945487356941994,-4.633740065233087,10.11666666666667,30
5107369,Ben Vander Wal,Furman,14.390625,15,1.337558261388811,0.9212337030096492,-0.609375,32
5105875,Mike Sharavjamts,South Carolina,18.440625,25,5.243076495112654,4.536899703850098,-6.559374999999999,32
5105599,Ben Gold,Marquette,14.645161290322578,15,1.1901063354467698,0.8949477731394062,-0.3548387096774217,31
4702777,Ja'Juan Carr,Elon,18.173333333333336,15,-0.7180186924938294,-2.31142219964254,3.1733333333333356,30
5313210,Finley Woodward,IU Indy,18.730000000000004,25,-1.3773115054052727,-2.2005330627352917,-6.269999999999996,30
5105598,Chase Ross,Marquette,23.578125,15,6.141128478567464,3.517927816943196,8.578125,32
5105600,Sean Jones,Marquette,19.150000000000002,15,-0.8752164947078608,-2.5089196719316664,4.150000000000002,8
5105418,Harry Wessels,Saint Mary's,16.187096774193545,5,1.5443265667781547,0.51313319757264,11.187096774193545,31
4870564,Joshua Jefferson,Iowa St.,28.554285714285715,25,12.736446269471145,11.718815768314442,3.554285714285715,35
5105419,Cade Bennett,Saint Mary's,7.8,5,15.93779190120226,6.005250777613584,2.8,7
4684628,Aidan Mahaney,UC Santa Barbara,21.063333333333333,15,2.0126577127107548,0.13361166208474323,6.063333333333333,30
5105421,Kevin Gad,Saint Mary's,7.800000000000002,15,3.9966406453249625,3.4216141385243124,-7.199999999999998,6
5105458,Cam Denson,Ball St.,14.170833333333333,15,-5.064551026105733,-9.161423115718595,-0.8291666666666675,24
5105457,Maurice Odum,Arizona St.,26.569696969696967,35,9.340796714815356,3.827491372552219,-8.430303030303033,33
5108092,London Maiden,Detroit Mercy,20.603448275862068,35,-0.41180073149260377,-4.500653105498016,-14.396551724137932,29
5106881,Tre Green,Middle Tennessee,17.599999999999998,5,1.620946676437832,-2.2013764745627373,12.599999999999998,28
5107474,Jace Whiting,Weber St.,16.15,15,0.28202408390678,-0.6643296396533049,1.1499999999999986,18
4432749,Sadraque NgaNga,San Jose St.,18.270967741935483,15,-2.8991668513171183,-4.374152524594556,3.2709677419354826,31
4870444,Juanse Gorosito,San Diego,21.74516129032258,25,4.313814874598748,0.1590771093574152,-3.2548387096774185,31
5106843,DJ Richards,McNeese St.,17.278125,15,0.2201212266631216,-1.0585014745746788,2.2781249999999993,32
5106880,Jestin Porter,Clemson,19.52,25,6.518746793643913,3.460789221810215,-5.48,35
5105577,Jasen Green,Creighton,19.263636363636362,25,6.739620763619227,4.835963803963564,-5.736363636363638,33
5106862,Rich Rolf,Youngstown St.,15.382142857142854,25,6.87347065711847,1.4255070081797656,-9.617857142857146,28
5105580,Fredrick King,Murray St.,24.29375,25,6.854228610362545,4.167635317305129,-0.7062500000000007,32
5105542,Jackson Francois,Arizona,15.830000000000002,35,-9.555643922344276,-12.747072652276099,-19.169999999999998,10
5105543,Aidan Shaw,Boston College,11.293548387096774,15,1.1308805138627271,0.59155641771178,-3.7064516129032263,31
5107191,Maddox Monson,Eastern Washington,8.058823529411764,5,-6.963117909024114,15.954449931014471,3.0588235294117645,17
5106722,Jared Frey,UMass Lowell,12.386363636363638,5,1.6813200968038176,-4.428343169988851,7.3863636363636385,22
5106723,Leon Nahar,Stony Brook,17.7,25,-15.058222923390659,-4.225078547786526,-7.300000000000001,5
5107196,Shaumba Ngoyi,Eastern Washington,16.479999999999997,15,-8.841524692370095,-16.745370083209107,1.4799999999999969,20
5106863,Nik Graves,Creighton,23.594117647058823,25,2.116459124106604,2.0057136033850953,-1.4058823529411768,34
5106719,Toby Onyekonwu,Stony Brook,17.436842105263157,15,-0.7976092673089737,-12.715062311431478,2.436842105263157,19
4432741,Dior Johnson,Tarleton St.,32.573684210526324,35,11.431255765370683,6.814553805641521,-2.4263157894736764,19
5105410,Guillermo Diaz Graham,San Francisco,16.400000000000002,5,8.384272817168949,0.03556619078762002,11.400000000000002,32
5105487,Brandon Walker,Mississippi St.,27.131578947368414,25,1.5732633657373658,-2.967038470081318,2.131578947368414,19
5105411,Jorge Diaz Graham,Oregon St.,18.206249999999997,15,5.818231108704072,-0.02522047591724874,3.206249999999997,32
5105486,Chendall Weaver,Texas,14.934285714285716,15,3.307412921744883,2.0948813532804444,-0.06571428571428406,35
5105412,Federiko Federiko,Texas A&M,8.425806451612903,5,4.622134987429346,-0.7327718794392007,3.425806451612903,31
5105804,Caelum Swanton-Rodger,Old Dominion,21.19,25,1.4598709581282376,-3.5151487050714825,-3.8099999999999987,30
5105603,AJ Storr,Mississippi,29.720000000000002,25,4.28150744297143,2.5380558675826266,4.720000000000002,35
5105604,Kolby King,Utah St.,17.23428571428571,25,7.763533041351337,4.725222125438777,-7.765714285714289,35
5105605,Mohamed Keita,Temple,8.013636363636364,5,4.351935961317412,-2.9617208285652725,3.0136363636363637,22
5105493,Dario Domingos,Utah Tech,36.07826086956521,25,-3.958511040071219,-6.125965390349589,11.078260869565213,23
5105803,Noah Batchelor,Buffalo,10.55,15,-0.24115469708060533,-0.8091412444914894,-4.449999999999999,30
5109033,Allen Mukeba,Arizona St.,17.781818181818185,25,3.1521455888589975,2.129540501387185,-7.218181818181815,33
5109034,Tyler Andrews,Bethune Cookman,14.32,25,5.959355774628889,-1.5076679721691795,-10.68,25
5105588,ND Okafor,Washington St.,24.241935483870964,35,1.6715966095125265,-0.7694637181081854,-10.758064516129036,31
5105587,Grant Newell,Western Kentucky,22.23666666666666,25,3.462252712549025,0.26409449087462655,-2.763333333333339,30
5107184,Rex Sunderland,Stonehill,17.60645161290323,5,-4.452605906873998,-7.495451751143219,12.606451612903228,31
5107890,Jaxon Edwards,IU Indy,22.882142857142863,25,-0.41494686905060074,-2.6730635125138984,-2.1178571428571367,28
5107189,Ridvan Tutic,Stonehill,17.014285714285712,25,-1.7909100283021107,-2.9251876813708555,-7.9857142857142875,28
5107895,Brian Moore Jr.,Grand Canyon,18.282758620689656,25,1.8861666876512284,0.6302181386199198,-6.7172413793103445,29
5107896,Samuel Murray,Mississippi Valley St.,18.571428571428573,15,4.849702232610768,-6.4403062051656175,3.571428571428573,14
4712843,Chandler Jackson,Arkansas St.,21.80666666666667,35,10.443834265311136,0.7916722206588704,-13.193333333333332,30
4712902,Cameron Corhen,Pittsburgh,22.16060606060606,15,2.196521358816512,1.58476281853287,7.16060606060606,33
5075626,Baba Miller,Cincinnati,22.238709677419354,35,10.509687879140172,8.667502935683673,-12.761290322580646,31
4896557,Tom House,Furman,17.133333333333333,15,-1.243210334591855,-2.763804696703498,2.133333333333333,30
5107870,Maximus Nelson,Purdue Fort Wayne,12.72413793103448,15,-2.1031511814459063,-2.7927100736737276,-2.2758620689655196,29
5107872,Jerome Palm,UMKC,17.764285714285712,15,-5.955586248255414,-5.672691306363332,2.7642857142857125,28
5106731,Nolan Hodge,UNC Wilmington,19.975,25,6.052644812610566,3.78845771413697,-5.024999999999999,32
5106732,Noah Ross,UNC Wilmington,16.878125000000004,25,4.442249389388457,-0.07832554058694075,-8.121874999999996,32
5105805,Dug McDaniel,Memphis,22.471875,25,3.079112223626601,1.9777486787590743,-2.5281249999999993,32
5106727,Dylan Williamson,Towson,22.74375,35,7.304369896050663,-0.007207980796917479,-12.256250000000001,32
5106728,Christian May,UNC Wilmington,18.46875,25,3.687726182707968,0.6814215446981156,-6.53125,32
5105809,Tarris Reed Jr.,Connecticut,26.057142857142857,35,15.483629517183797,11.400461942915333,-8.942857142857143,35
5107349,Taeshaud Jackson,Fairleigh Dickinson,20.972413793103446,15,-2.562039209630014,-3.171317496315436,5.972413793103446,29
5107350,Asher Woods,Tulane,22.021875,25,-0.40753918754338797,-2.158658132652212,-2.9781249999999986,32
5107353,Tyler Houser,Delaware,21.968000000000004,35,2.456776260185279,0.2284266360683145,-13.031999999999996,25
5193634,Kyle Frazier,William & Mary,13.907142857142858,15,-9.40522650657139,-14.442811824416095,-1.0928571428571416,14
5119095,JJ Harper,Liberty,17.219354838709677,15,4.086927446314509,3.2309983013742682,2.219354838709677,31
5107088,Chris Ashby,Queens,15.75294117647059,5,-0.9057662433400239,-3.5074821400780616,10.75294117647059,34
5238204,Justin Abson,Georgia,12.94516129032258,15,11.657655778068008,6.476620280043938,-2.054838709677419,31
5107607,Jalen Myers,Hawaii,16.400000000000002,15,-4.335739233442386,-7.49683873781746,1.4000000000000021,6
4702598,Yacine Toumi,Hawaii,20.632142857142856,15,1.742313619579999,-3.0422505948456107,5.632142857142856,28
5108786,Chris Moncrief,Saint Francis,18.895238095238096,25,-5.219659775671497,-5.632268184266719,-6.104761904761904,21
5108787,Gabe Spinelli,Central Connecticut,14.133333333333333,15,-5.978435905771581,-11.026431942266669,-0.8666666666666671,9
5108789,Logan McIntire,Central Michigan,18.192857142857143,15,0.9982662121727195,-1.6529463147113947,3.192857142857143,28
5105772,Houston Emory,Delaware,11.42608695652174,5,0.07710359337852653,-3.0536678942981585,6.42608695652174,23
5105426,Bol Dengdit,UC San Diego,25.034374999999997,15,2.2957170835845555,0.6129248714750082,10.034374999999997,32
4684627,Chris Bell,California,20.948484848484846,15,3.3990843849055943,2.949678804375439,5.948484848484846,33
5105337,Maliq Brown,Duke,14.618421052631575,15,10.64474021502398,9.474911843454525,-0.3815789473684248,38
4683860,Quadir Copeland,N.C. State,28.323529411764703,25,7.794132360332555,6.175846092755292,3.323529411764703,34
5107903,N.J. Benson,DePaul,21.01875,15,4.678402443953709,4.453769514504711,6.018750000000001,32
4684746,Justin Taylor,James Madison,9.776470588235293,15,-3.2865329539321286,-5.115647595743795,-5.223529411764707,17
5105790,Sencire Harris,Cincinnati,20.6516129032258,15,5.175548580143416,1.4344454317328674,5.6516129032258,31
5105791,Jayden Epps,Mississippi St.,25.456666666666667,25,-0.16019068624491611,-0.47678956675151707,0.456666666666667,30
5107899,Damien Mayo Jr.,Southern Illinois,17.219999999999995,25,12.239620937483897,2.6556666212148134,-7.780000000000005,30
5105794,Skyy Clark,UCLA,17.70769230769231,15,5.657488395231648,4.72434742527342,2.7076923076923087,26
4888717,Oakland Fort,Northern Arizona,15.403846153846153,25,1.2023051968000988,-7.316955702691181,-9.596153846153847,26
5107851,Ryan Abelman,Northern Arizona,18.362962962962964,15,-1.442995570374217,-1.8676066578810049,3.362962962962964,27
5107069,Zach Cleveland,Liberty,24.33548387096774,35,10.061735164301778,5.03125309944214,-10.664516129032261,31
5107070,Colin Porter,Liberty,18.02,15,-0.14261061458950933,-0.16610862006517274,3.0199999999999996,30
5241310,Rich Smith,Abilene Christian,21.21333333333333,25,0.9788664251999715,0.8232188657148124,-3.786666666666669,30
5241495,Biggie Patterson,Hofstra,22.213793103448275,25,-1.0943074780535593,-1.3107529073306976,-2.7862068965517253,29
5242594,Kyle Pulliam,William & Mary,19.15,15,1.629271102896314,0.9284638816319225,4.149999999999999,28
5312997,Kyle Jones,Buffalo,12.055555555555555,15,5.150832744939127,-3.1614409892693676,-2.9444444444444446,18
5106266,Taj Manning,Kansas St.,12.056666666666665,15,4.218166430717323,2.9452056968487352,-2.943333333333335,30
5106265,Dorian Finister,Louisiana,25.141935483870974,25,2.3016829033135493,1.8291642207348477,0.14193548387097366,31
5106632,Lavell Brodnex,Louisiana Monroe,22.924,25,-0.1403716640384784,-1.0300134315328093,-2.0760000000000005,25
5106634,Keyontae Lewis,Norfolk St.,16.118518518518517,5,0.16902614656708548,-5.430291336460895,11.118518518518517,27
5106680,Josiah Sabino,Niagara,20.178571428571427,15,-1.759866051396735,-5.15447527641722,5.178571428571427,28
5107508,Kenyon Giles,Wichita St.,22.76571428571429,35,11.145591255400355,5.7001045861109265,-12.234285714285711,35
5107507,Justin Archer,La Salle,14.881818181818181,15,1.3039117160876257,0.9221944489978194,-0.11818181818181905,11
5106677,Oumar Koureissi,Texas Southern,20.257142857142856,25,-8.50869619479755,-16.65280377968077,-4.742857142857144,7
5107514,Ibu Yamazaki,Northern Colorado,16.882758620689657,15,-0.8900602574354917,-3.0487825000827136,1.882758620689657,29
5108777,Toby Nnadozie,Jacksonville St.,14.247619047619047,5,-2.1412130264059805,-12.653447303041876,9.247619047619047,21
5108043,Ola Ajiboye,Southern Indiana,14.128571428571428,5,-2.035752026701895,-2.7519434801423026,9.128571428571428,28
5108045,Markus Harding,Indiana St.,20.500000000000004,15,-4.655317293427937,-5.511436446384091,5.5000000000000036,20
5108046,Emil Skytta,North Dakota St.,14.195833333333333,15,-0.005849845462707393,-3.9828715163719437,-0.8041666666666671,24
5108047,Max Majerle,North Dakota St.,17.143749999999997,5,-6.380290186039174,-11.812885681407945,12.143749999999997,16
5108796,Daniel Egbuniwe,St. Bonaventure,17.45,15,1.93806928533601,0.014329117062250181,2.4499999999999993,30
5108799,Ante Beljan,Illinois Chicago,20.183333333333334,25,-3.9111922813958935,-12.158924611049656,-4.816666666666666,24
5105978,Christ Essandoko,South Carolina,17.776190476190475,15,0.931931426068512,-7.128751903541824,2.776190476190475,21
5105976,Quin Berger,Bucknell,13.366666666666667,5,-6.11923052867296,-8.278427690074198,8.366666666666667,30
5105975,Christian Winborne,Nicholls St.,17.344827586206897,15,0.017610597638206042,-3.9649066003444733,2.344827586206897,29
5105779,Kobe MaGee,Florida St.,17.727272727272727,25,7.082393974868519,1.505376982239126,-7.272727272727273,33
5105780,Justin Moore,Loyola Chicago,23.831818181818186,25,-4.559648990654061,-5.931678341444692,-1.1681818181818144,22
5176299,Tyler Mrus,BYU,21.574074074074073,5,-3.8376083968392423,3.4694272102608057,16.574074074074073,27
4700880,Yame Butler,Butler,15.848387096774193,25,2.1332127951608286,0.7651599218546434,-9.151612903225807,31
5105778,Shane Blakeney,Drexel,23.890625,25,2.1370831351622472,1.6030831759886657,-1.109375,32
5105781,Garfield Turner,Drexel,19.082758620689653,25,3.9682728656761888,-0.29512901539286107,-5.917241379310347,29
5105782,Cole Hargrove,Providence,9.89310344827586,15,0.8601944584495962,0.040353338443294605,-5.106896551724139,29
5107251,Izaiyah Nelson,South Florida,23.869696969696967,15,12.089284577760083,7.9466613987130055,8.869696969696967,33
5107246,Mak Manciel,Eastern Michigan,20.149999999999995,35,7.537721744168585,-4.438448875779406,-14.850000000000005,30
4712837,Austin Nunez,UTSA,23.35,15,-7.443928342057495,-8.3530296437165,8.350000000000001,20
4870569,Duke Brennan,Villanova,21.168750000000003,25,7.161930837014383,5.708165807852139,-3.831249999999997,32
5313245,Chandler Jackson,Milwaukee,17.28333333333333,25,2.724511900789863,-0.7923881810356285,-7.716666666666669,24
5106841,Tyrone Marshall,George Washington,19.01875,15,3.943345465838828,2.026833833311374,4.018750000000001,32
5106839,Fallou Diagne,Southern Miss,13.718181818181817,5,-2.4914093573918534,-9.597129242428698,8.718181818181817,22
5105853,Fletcher Loyer,Purdue,19.03333333333333,25,6.901015380386028,7.874694001454763,-5.966666666666669,39
5107177,Devean Williams,Rider,12.25,15,-3.0555312607785035,-5.659360407406416,-2.75,8
5107178,Youri Fritz,Northeastern,19.816,15,-0.06672740944302895,-0.3042227609078055,4.815999999999999,25
5107180,Frank Mitchell,St. Bonaventure,26.248484848484846,35,3.507461567857212,2.8175459468436963,-8.751515151515154,33
5107176,Tre Dinkins,George Washington,18.5264705882353,25,3.1987598055010773,-0.5503469776254082,-6.4735294117647015,34
5105854,Braden Smith,Purdue,26.56923076923077,15,11.01197240036079,9.10932085460343,11.56923076923077,39
5105855,Camden Heide,Texas,9.291176470588237,15,4.083994829939712,2.6370474073560493,-5.708823529411763,34
5105857,Will Berg,Wichita St.,19.93529411764706,25,5.77576269471049,4.4512716904188,-5.064705882352939,34
5108105,Victor Panov,Drexel,18.483333333333334,25,2.6682384291008816,2.2089603368916086,-6.516666666666666,30
5107805,Thomas Tut,Jacksonville St.,14.881818181818181,15,-2.2118358905586595,-4.974061643623656,-0.11818181818181905,11
5107219,Vinny Sigona,East Texas A&M,18.919230769230765,25,-3.7308035494458776,-5.0384069721078175,-6.080769230769235,26
4704078,Themus Fulks,UCF,26.012121212121215,35,2.128263547452348,0.511014116860616,-8.987878787878785,33
5107218,Kyran Ratliff,Louisiana,9.758064516129034,5,-2.5184474141641626,-5.792629035192079,4.758064516129034,31
5105537,Shawn Phillips Jr.,Missouri,19.829032258064522,25,2.321405818091644,0.7976396052913547,-5.170967741935478,31
5105624,Jordan Pope,Texas,20.042857142857144,25,3.9194946460510947,0.9591321748188185,-4.9571428571428555,35
5105627,Michael Rataj,Baylor,18.96666666666667,15,-0.3573544237125896,-1.0940660434814784,3.9666666666666686,33
4684733,Tyrell Ward,VCU,21.79354838709677,25,0.9647984330081021,-3.6916883890820364,-3.20645161290323,31
5105534,Jalen Reed,LSU,24.3,25,3.9960021684919464,2.5243609275251346,-0.6999999999999993,6
5105533,Corneilous Williams,North Alabama,19.037037037037038,25,1.5851836431725603,-3.464894571753393,-5.962962962962962,27
5105626,Tyler Bilodeau,UCLA,23.403225806451612,15,9.277678989516668,7.707092599868504,8.403225806451612,31
5105631,KC Ibekwe,Pacific,26.79666666666667,25,1.9864153291051265,-9.996077857614967,1.7966666666666704,30
5105625,Nick Krass,Nicholls St.,7.4678571428571425,15,-4.08508256768098,-6.966046559546119,-7.5321428571428575,28
5106291,Josiah Davis,Cal St. Northridge,29.675,35,-0.06551490991176838,-1.9774230001111812,-5.324999999999999,32
5106292,Josiah Harris,Cleveland St.,17.423809523809524,15,-1.4323115985354546,-2.840896852604877,2.423809523809524,21
5106293,Mohamed Wague,Oklahoma,16.389189189189192,25,5.321540464912643,3.9580680191124897,-8.610810810810808,37
4917149,Alex Karaban,Connecticut,17.4975,25,10.898464792157286,7.55790976647113,-7.502500000000001,40
5105566,Apostolos Roumoglou,Richmond,13.115384615384615,15,1.5705127877098521,-3.169185634461044,-1.884615384615385,26
5105472,Isaac Finlinson,Hawaii,18.93870967741936,25,6.527793118071463,1.190552870690567,-6.061290322580639,31
5105478,Asjon Anderson,Alabama St.,30.162962962962965,25,-3.38711305006219,-4.967275269079145,5.162962962962965,27
4712893,Isaiah Carr,Drake,17.02,25,7.287277987817433,-1.0352997270095647,-7.98,30
5106309,Derrick Michael Xzavierro,Long Beach St.,14.337499999999999,15,-3.551918902315181,-10.716846376196745,-0.6625000000000014,16
5105659,Kymany Houinsou,Loyola Chicago,16.264999999999997,15,0.3140002567173365,-3.756353874523195,1.264999999999997,20
5107157,Ryan Conwell,Louisville,27.520588235294117,15,9.403741243173194,6.351411925586508,12.520588235294117,34
5107158,Dok Muordar,Monmouth,16.165625,15,1.3814514251110985,0.08379458772016823,1.1656249999999986,32
4684988,Percy Daniels,Tulane,7.864516129032259,5,-1.077804649842762,-2.1010597406830827,2.8645161290322587,31
5105889,Angel Montas Jr.,UMass Lowell,24.75185185185185,25,1.9741762561910114,0.5634924979086794,-0.24814814814815023,27
5105890,Romad Dean,Tulsa,11.96388888888889,15,4.626067886914939,0.9013002842777662,-3.0361111111111097,36
5106742,Dylan Arnett,North Texas,18.435483870967737,15,-1.3817760776499903,-1.049678080611403,3.4354838709677367,31
5107860,Caleb Shaw,Grand Canyon,17.561904761904763,25,4.40874517049718,2.515162808477036,-7.4380952380952365,21
5107857,Langston Reynolds,Minnesota,23.00909090909091,15,1.7769778725953076,0.024269756860209303,8.009090909090911,33
5107858,Brock Wisne,Northern Colorado,24.86896551724138,35,7.7041521272365685,2.1254597663567187,-10.131034482758619,29
5314636,Logan Kinsey,Denver,17.113793103448277,25,2.8795682438133845,-1.371060612966785,-7.886206896551723,29
5105698,Aidan Kehoe,Navy,20.58125,25,8.781556488670496,6.206767155405066,-4.418749999999999,32
5107977,Rob Lawson,Morgan St.,23.14074074074074,15,-4.560802954113403,-6.553187216828999,8.140740740740739,27
5105691,Austin Benigni,Navy,27.053125,35,3.341018466410785,0.8414505789694031,-7.946874999999999,32
5105693,Cam Cormany,Navy,16.299999999999997,35,40.83139290083741,0.26101845460238593,-18.700000000000003,13
5105694,Mike Woods,Navy,16.315625,25,1.8775564084487715,-1.40032419831734,-8.684375,32
5106674,Peter Suder,Miami OH,22.969999999999995,25,4.672669003584429,3.7689915653234194,-2.0300000000000047,30
5122836,Jamal Fuller,LIU,22.491176470588233,15,2.6082816665943556,2.7363627719770007,7.491176470588233,34
5313292,Tijan Saine Jr.,Weber St.,24.663333333333334,25,4.1234138215845935,2.961084060717413,-0.336666666666666,30
5241291,BJ Kolly,UC Riverside,21.49655172413793,15,-0.4403923389234899,-3.8659831673276503,6.49655172413793,29
5105538,Kimani Hamilton,UNLV,22.273529411764706,35,3.6166119949709525,1.660150281059042,-12.726470588235294,34
5105540,Shawn Jones Jr.,Mississippi St.,12.587096774193547,5,0.8514453196241621,0.620964215500265,7.587096774193547,31
5105539,MJ Russell,Louisiana Monroe,23.063333333333333,15,-1.4223749867664055,-3.745959544556995,8.063333333333333,30
5107078,Jacari Lane,Texas A&M,17.96969696969697,25,4.241782174216491,-1.4354523459769146,-7.030303030303031,33
5107077,Bryson Dawkins,Youngstown St.,21.72068965517241,25,-0.035614495469112925,-1.8478407768755842,-3.2793103448275893,29
5105896,Peter Oduro,Hampton,8.552173913043477,25,10.248319257983276,-11.558290146045715,-16.447826086956525,23
5108030,Jaquel Morris,Norfolk St.,13.814285714285715,15,-2.5355064220505965,-4.501161370728619,-1.185714285714285,28
5108028,Billy Smith,Chattanooga,19.893103448275866,15,-4.381469571646027,-6.459451764800702,4.893103448275866,29
5108029,Ryan Mabrey,Maine,16.33103448275862,15,-4.563671721465223,-5.437146250173019,1.3310344827586214,29
5106051,Ezra Ausar,USC,23.641935483870967,35,9.123416563799465,3.2108466720929956,-11.358064516129033,31
5106053,Valentino Pinedo,UNC Greensboro,14.629999999999999,25,-1.3347187614086018,-2.319955317123306,-10.370000000000001,30
5106054,Colin McKenzie,South Carolina St.,11.983333333333333,15,-12.519049339962516,-15.070381810387367,-3.0166666666666675,6
5106055,Jaxon Ellingsworth,Arkansas St.,18.37666666666667,5,0.25089874683190666,-1.9868691743399227,13.376666666666669,30
5105895,Devin Dinkins,Manhattan,19.132258064516126,15,-5.766556041613347,-5.859644128750863,4.132258064516126,31
5108042,Amani Drummond,Incarnate Word,19.04705882352941,5,-1.3373611890506305,-13.83322281186579,14.047058823529412,17
5106641,B.B. Knight,Lamar,24.747368421052634,15,-14.833244364043175,-17.767404404308945,9.747368421052634,19
4838708,Charles Chukwu,Portland St.,4.438888888888889,15,2.128049693544353,-6.101398418135338,-10.56111111111111,18
5106643,Bryant Selebangue,Western Kentucky,17.575,15,-2.171274261231938,3.0428493780149726,2.5749999999999993,8
5105798,Malik Reneau,Miami FL,30.08,25,9.88985146733738,7.524897689687285,5.079999999999998,35
5105796,CJ Gunn,DePaul,26.05,35,3.6715079242948705,1.5030390351627267,-8.95,32
5105795,Kaleb Banks,DePaul,14.351612903225808,15,-0.8534743700279945,-3.0968442812414394,-0.6483870967741918,31
5107377,Brody Robinson,Oakland,24.148387096774186,35,4.6975460110646905,1.946836772467439,-10.851612903225814,31
5240019,Blaize Sagna,Southeast Missouri St.,8.770833333333334,15,-5.020760059871615,-4.050327396118572,-6.229166666666666,24
5107375,Sam Alexis,Indiana,18.340625000000003,5,7.065574679105348,6.309148399600155,13.340625000000003,32
5105283,Walker Horn,Kentucky,35.22857142857143,35,-61.99546362291896,-38.07940266744504,0.22857142857142776,7
5037878,Ugonna Onyenso,Virginia,14.680555555555552,25,14.002955298291692,10.825077700252576,-10.319444444444448,36
5108009,Ajay Sheldon,Ohio,12.819999999999997,15,-1.2204769826219042,-1.4597523415563884,-2.1800000000000033,30
5108010,Elmore James,Ball St.,17.620689655172413,15,-5.411357284005479,-5.749088350653128,2.620689655172413,29
5108011,Aidan Hadaway,Ohio,22.60333333333333,15,1.1435012958715833,0.23979301816510523,7.603333333333332,30
5115446,Nico Ashley,Central Connecticut,13.21875,25,4.587362168044358,-5.6549393351229496,-11.78125,16
5242621,Elijah Lewis,Marist,20.647826086956524,15,2.769943236285422,0.9286777294125403,5.647826086956524,23
5105671,Brady Cummins,Colgate,14.976470588235294,15,-6.6961270147613625,-8.867643447884102,-0.0235294117647058,17
5105672,Braeden Smith,Gonzaga,17.165714285714287,35,8.416774046200093,2.877378095841493,-17.834285714285713,35
5107966,Goanar Biliew,Western Illinois,15.917857142857143,25,-9.36075142337922,-12.51624247976324,-9.082142857142857,28
5106275,PJ Haggerty,Kansas St.,31.977419354838712,25,5.040615573477979,3.2717286571274378,6.9774193548387125,31
5105453,Jalen Pitre,Tennessee St.,12.67666666666667,25,6.362275826723638,-0.7602562400057267,-12.32333333333333,30
5105455,Cord Stansberry,Western Carolina,23.73793103448276,25,0.020872179375053004,-0.5669523419667917,-1.2620689655172406,29
5107968,Ja'Kobi Gillespie,Tennessee,25.86216216216216,35,16.90073747748192,9.981188652632152,-9.13783783783784,37
4905,Kyler VanderJagt,Toledo,17.421875,25,-3.311335646359631,-3.237610209216689,-7.578125,32
5107971,Aidan Braccia,San Francisco,6.439999999999999,5,-3.303299762485743,-9.15438105964244,1.4399999999999986,15
5107972,Jake Dykstra,Belmont,11.292857142857143,15,-7.584572669117322,-13.201712287466904,-3.7071428571428573,14
5107307,Andrew King,Youngstown St.,12.589655172413796,5,-2.7949349611960335,-3.4483834337726007,7.589655172413796,29
5105456,David Mager,Pepperdine,14.765517241379312,5,-1.7848863842752452,-7.035706547938717,9.765517241379312,29
5105454,Malik Messina-Moore,Xavier,17.648484848484852,25,2.4379832177878225,-0.7436256134320364,-7.351515151515148,33
4684798,Jevon Porter,Missouri,14.783333333333333,25,8.58935331895798,3.5849505890521556,-10.216666666666667,12
5107970,Cade Tyson,Minnesota,24.234375,35,9.972052151466608,6.086413780210099,-10.765625,32
5107973,Keith Robbins,Belmont,5.692857142857142,5,39.0438471360495,3.5729930669726757,0.6928571428571422,14
5106877,Dre Bullock,Hawaii,24.506451612903223,15,4.024684938645784,3.093198148464463,9.506451612903223,31
5105674,Jaden Kirkwood,Holy Cross,7.62,5,2.0464503247281116,-28.225178270341747,2.62,15
5107975,George Beale Jr.,UCF,19.44,5,7.057630922949863,-2.508106392981727,14.440000000000001,25
5107976,Jack Doumbia Jr.,Towson,29.083333333333332,25,2.9412666811947235,0.8793774705088516,4.083333333333332,30
5106879,Pierre Geneste Jr.,Cal St. Bakersfield,9.854166666666666,15,-2.4436737226741547,-3.0612420898301926,-5.145833333333334,24
5105836,Roddy Gayle Jr.,Michigan,17.548717948717947,15,4.723392886709357,3.9088892045434918,2.5487179487179468,39
5105837,Bruce Thornton,Ohio St.,23.258823529411764,35,15.539432746289084,11.593996840567083,-11.741176470588236,34
5105840,Bowen Hardman,Akron,13.763636363636362,15,1.9766375234248816,-1.2991310182192937,-1.236363636363638,33
5105548,Zach Davis,Memphis,20.90344827586207,25,0.6817357077234701,-2.697371298258763,-4.096551724137932,29
5105841,Felix Okpara,Tennessee,13.648571428571428,5,6.537507957800791,3.8318644472689316,8.648571428571428,35
5105549,Eli Sparkman,South Carolina,6.761538461538462,5,21.080129291517785,1.642411151002892,1.7615384615384624,13
5107768,Isaiah Brickner,Idaho,25.0375,35,6.409593085862324,1.8191917894155771,-9.962499999999999,32
5105551,Daniel Hankins-Sanford,Massachusetts,20.651724137931037,25,-1.5039095657002495,-2.611970836126231,-4.348275862068963,29
5107769,Trace Salton,Marist,8.81,15,3.4863520219244557,-5.1135880064972286,-6.1899999999999995,20
5107770,Jaden Daughtry,Marist,19.558620689655175,25,0.6990171737503503,-3.5352723328874105,-5.441379310344825,29
5106043,Jonathan Beagle,Richmond,23.469565217391306,35,1.0776685655171117,-0.4436180258165077,-11.530434782608694,23
5105758,Jordan Crawford,South Dakota,20.917241379310347,15,0.19157344862673606,-1.184940094849377,5.917241379310347,29
5105760,Khalil London,Tennessee St.,23.57142857142857,35,-1.336402094765187,-10.709619496186448,-11.42857142857143,21
5105765,Spencer Legg,Louisville,47.099999999999994,35,56.9836365925896,13.593105999028191,12.099999999999994,9
5106044,Marcus Jackson,Siena,12.866666666666665,15,-6.600699839111669,-5.649985269738384,-2.1333333333333346,6
4712846,Jaden Schutt,Virginia Tech,13.21875,15,2.5711155699762065,1.5419552980212512,-1.78125,32
5105444,Christian Reeves,Charleston,22.01333333333334,15,5.320210209056191,3.5514432827290627,7.013333333333339,30
4433285,Mark Mitchell,Missouri,25.921212121212125,25,7.894497034582253,6.871763012767135,0.9212121212121254,33
5108141,Anthony Dell'Orso,Arizona,18.41794871794872,25,7.9713104747099415,4.334963721758863,-6.582051282051282,39
5107262,Kennedy Brown,FIU,8.46111111111111,5,-6.520504568712624,-10.267141211515847,3.4611111111111104,18
5107263,Ja'Sean Glover,Nebraska Omaha,24.544444444444437,35,0.5511790280493019,-2.7851784198900797,-10.455555555555563,27
5107267,Jamal Ambrose,Texas A&M Corpus Chris,8.581818181818182,5,-0.8342407498464665,-4.749316052856089,3.581818181818182,11
5107259,Luke Jungers,Iona,13.756666666666664,5,1.999251536646248,-1.81370047881387,8.756666666666664,30
5107261,Jaeden Marshall,La Salle,21.241666666666664,25,2.9726150945808087,-1.4276314777225438,-3.7583333333333364,24
5107264,Marquel Sutton,LSU,18.803124999999998,25,3.826112486536161,1.980579936708945,-6.196875000000002,32
5107268,Tony Osburn,Nebraska Omaha,16.625925925925927,25,5.4429595732548925,-1.544490716083295,-8.374074074074073,27
5107312,LeJuan Watts,Texas Tech,25.248484848484846,25,3.0015849657434366,1.6227195645857078,0.2484848484848463,33
5106279,Arterio Morris,Bethune Cookman,27.13793103448276,25,-3.1756904202691545,-4.391388277923271,2.1379310344827616,29
5106280,Rowan Brumbaugh,Tulane,26.9625,35,6.103560122560016,3.0497157435125097,-8.037500000000001,32
5106283,Dillon Mitchell,St. John's,16.583783783783783,15,9.225620622593244,8.202732638456103,1.5837837837837832,37
5107164,Cam Thrower,Penn,17.573076923076925,25,2.441621161322497,-2.251150514008906,-7.4269230769230745,26
5176140,Karon Boyd,Wichita St.,17.52,25,2.482132976295637,1.1122544429719905,-7.48,35
5106039,Alphonzo Billups III,Longwood,16.772413793103446,25,-0.1537036221719576,-0.6251667673504498,-8.227586206896554,29
5106040,Tobi Lawal,Virginia Tech,20.44347826086957,15,3.5825323695677307,2.1291093191608947,5.443478260869568,23
4683682,Rylan Griffen,Texas A&M,19.290625000000002,15,7.6322780594784865,6.557578511242906,4.290625000000002,32
5107441,Jasteven Walker,Alabama St.,15.512500000000001,25,-0.9236234016687493,-4.656627424877105,-9.487499999999999,16
5107438,Duane Posey,Texas Southern,21.312,15,-2.096182732283233,-3.7587046829373736,6.312000000000001,25
4432737,Jaden Bradley,Arizona,21.22564102564103,35,10.223849437091681,8.050471331868229,-13.774358974358972,39
5241674,Dan Gherezgher,Northern Kentucky,25.093548387096778,15,-0.21979444311352694,-1.5293979821598251,10.093548387096778,31
5109787,Kosy Akametu,Iona,24.458620689655174,35,1.076804404034662,-4.441776761778845,-10.541379310344826,29
5109789,Jake Ensminger,Santa Clara,10.767741935483873,15,6.675040030590201,4.9951301968666035,-4.232258064516127,31
5109790,Christoph Tilly,Ohio St.,23.64375,35,6.407616164213487,4.097281959531925,-11.35625,32
5105514,Kai Spears,Marshall,12.721428571428573,15,2.958754508657199,-15.36933025547799,-2.2785714285714267,14
5312355,Jalen Tot,Appalachian St.,19.048275862068966,25,3.822799379582214,-1.9725954870115943,-5.951724137931034,29
5105641,Vincent Iwuchukwu,Georgetown,23.34166666666667,35,11.817705287486804,3.6715156472658,-11.658333333333331,24
5105642,Oziyah Sellers,St. John's,15.872972972972972,15,2.9571360016078247,2.650543793350083,0.8729729729729723,37
5105643,Tre White,Kansas,21.134285714285717,25,9.019942603580663,6.05942114890848,-3.865714285714283,35
5105645,Iaroslav Niagu,Jacksonville St.,13.272413793103448,15,0.4127320950264024,-0.3801639684176758,-1.727586206896552,29
5113385,Kellan Boylan,Lipscomb,15.173333333333334,15,-1.1518805255295328,-3.8446047981619027,0.17333333333333378,30
5113386,Corbin Green,Troy,23.084615384615383,35,-17.304924418961406,-5.640907973360656,-11.915384615384617,13
5110039,Corey Washington,SMU,17.24705882352941,25,2.57830534807902,2.5338152016966085,-7.752941176470589,34
5113388,Rytis Petraitis,California,13.728571428571428,15,9.495757823945388,4.784236096102246,-1.2714285714285722,7
5113390,Marcell McCreary,UT Arlington,21.14666666666666,15,6.51913857577898,3.1618894669981983,6.146666666666661,30
5107811,Brendan Coyle,Siena,15.394285714285713,25,3.256951648959525,-3.5717437619991514,-9.605714285714287,35
5107807,Michael Eley,Hampton,26.722727272727276,35,9.241556775236653,1.0092241469331276,-8.277272727272724,22
5107563,Jack Payne,Idaho,17.24516129032258,25,4.933602652286755,0.9144361349095621,-7.7548387096774185,31
5107567,Kyle Evans,UC Irvine,15.987878787878788,25,10.488179610904652,6.719826222498194,-9.012121212121212,33
5107477,Davion Cunningham,Morehead St.,23.448275862068964,35,-0.6462544525647965,-4.087612277950862,-11.551724137931036,29
5107866,Caden Powell,Baylor,14.166666666666666,5,6.255428900886402,3.1061879633326925,9.166666666666666,33
5106620,Chas Stinson,Stonehill,23.37333333333333,35,-0.43276953087021164,-2.502704136177159,-11.626666666666669,30
5106628,Ethan Meuser,Stonehill,19.265,15,-0.673853773297904,-3.8356925022045374,4.265000000000001,20
5108915,Sami Pissis,Alabama A&M,21.853571428571424,35,2.7381230351690022,-2.3170163654000326,-13.146428571428576,28
5108917,Brody Rowbury,Idaho,15.187878787878788,15,0.665433036594786,-0.3903590129687499,0.18787878787878753,33
5106274,Quion Williams,Arkansas Pine Bluff,27.643333333333327,25,2.151023064722718,1.2106049082347325,2.6433333333333273,30
5316049,Alex Steen,Florida St.,16.565625,5,4.080115365474293,3.5592812199232333,11.565625,32
5107148,Roddie Anderson III,Xavier,24.015151515151516,35,4.66666492715654,0.09569966899943806,-10.984848484848484,33
5107149,Cade Pendleton,UC San Diego,14.829411764705881,15,-1.1915477929643343,-4.690126108826311,-0.17058823529411882,17
5107151,Quin Patterson,Idaho St.,7.922727272727272,15,-7.937999269574689,-6.5183275478774485,-7.077272727272728,22
5105833,Luke Hunger,George Washington,20.896875,25,3.6275283435256327,-3.366063057488104,-4.103124999999999,32
5105832,Nick Martinelli,Northwestern,29.345454545454547,35,8.567930573032688,7.272778077648199,-5.6545454545454525,33
5108978,Doctor Bradley,Bethune Cookman,29.05,25,1.1569901777617637,4.48087367385059,4.050000000000001,8
5106785,Chris Morgan,Purdue Fort Wayne,10.924999999999999,15,-2.7169509135802534,-7.007685529615664,-4.075000000000001,24
5108983,Jaden Alexander,Cal St. Bakersfield,21.105555555555558,25,-2.2260059225296107,-5.501100504182307,-3.894444444444442,18
5107209,Jaden Clayton,Pacific,19.7516129032258,15,2.1231354213156646,0.21615830338354175,4.751612903225801,31
4685013,Koat Keat Tong,UC Santa Barbara,19.040000000000003,15,-1.215773782850187,-7.393134349945899,4.040000000000003,15
5107147,Matija Belic,Wyoming,22.600000000000005,15,-4.257988083041551,-5.904297085866372,7.600000000000005,12
5107146,Evans Kipruto,UC Santa Barbara,15.366666666666665,5,2.2585603673414,0.49306873881759333,10.366666666666665,27
5105622,Brennan Rigsby,Radford,11.431034482758623,15,-1.3039045887937568,-3.426564049103467,-3.5689655172413772,29
5106790,Eric Mulder,Iowa St.,13.425,25,5.173392390648823,-4.466302412076706,-11.575,20
5106682,Josiah Shackleford,North Texas,23.039130434782614,25,-0.7569150024401431,-3.8451637904642837,-1.9608695652173864,23
5105660,Geoff Sprouse,American,16.006666666666668,25,18.788723791979926,0.7101461193317207,-8.993333333333332,30
5106786,Deangelo Elisee,Purdue Fort Wayne,12.479310344827585,25,1.2284328475492496,-3.411005111614359,-12.520689655172415,29
5105662,Jermaine Ballisager Webb,Portland,21.51875,15,5.514376086820537,2.3555420779634004,6.518750000000001,32
5107211,Keelan Steele,Maine,24.03478260869565,25,-2.3812765237045324,-4.569366903478487,-0.9652173913043498,23
5106284,Lamar Washington,Georgia Tech,22.03793103448276,25,1.1124316316291543,-0.970493231722763,-2.96206896551724,29
5106285,Pop Isaacs,Texas A&M,21.136363636363637,35,3.5416093570457448,2.5857269310750697,-13.863636363636363,33
5106288,Elijah Fisher,Seton Hall,16.115151515151513,25,6.78536271647934,1.1384265423074074,-8.884848484848487,33
5107885,Cade Hornecker,Abilene Christian,20.049999999999997,15,-1.8047614207246774,-3.3365895705491786,5.049999999999997,30
5106594,CJ Delancy,Chicago St.,2.96,5,-10.424251526551993,-11.860523212823598,-2.04,5
5105669,Josh Fulton,Bucknell,11.024999999999999,15,-4.028132541351013,-3.908611637265472,-3.9750000000000014,8
5105670,Ruot Bijiek,Bucknell,24.816666666666666,25,-3.296270527720405,-3.1064275034903783,-0.18333333333333357,12
5105668,Noah Williamson,Alabama,12.772727272727275,5,-1.5332221495250178,-5.508267145313543,7.772727272727275,33
5107841,Isaiah Kerr,Hawaii,16.803333333333335,15,-1.0817294278987133,-1.9412539161618436,1.8033333333333346,30
5107844,Jed Miller,Montana St.,20.437931034482755,25,6.465453137452769,4.979898741373792,-4.562068965517245,29
5107843,Luca Colceag,Tennessee Martin,19.2,15,2.3465070801846215,-6.496241388774722,4.199999999999999,25
5107782,Donovan Dent,UCLA,26.325714285714284,35,6.710180995333075,4.01996969933412,-8.674285714285716,35
5107781,Braden Appelhans,Drake,14.52,15,-4.216771642111497,-5.829142166818224,-0.4800000000000004,25
5107144,Efrem Johnson,Clemson,14.24,15,4.908972183510593,2.7851786181560905,-0.7599999999999998,35
4067423,Isaiah Jones,South Florida,10.345454545454546,15,4.803901825933891,1.6902924743937036,-4.654545454545454,33
5107169,Xaivian Lee,Florida,20.58857142857143,25,9.499391113621403,6.307234783059856,-4.411428571428569,35
4888720,Jack Scott,Duke,8.146666666666667,25,10.463268095205708,3.1716027580911685,-16.85333333333333,15
5106744,Marcus Tankersley,Chicago St.,25.048275862068966,35,-1.2016019496082808,-5.153830376622543,-9.951724137931034,29
5108991,Jacob Conner,Dayton,11.380555555555555,5,7.209839761838935,2.7339103047602418,6.380555555555555,36
5108992,Micah Handlogten,Florida,13.782352941176471,25,10.441081969244555,6.210763116067521,-11.217647058823529,34
5107295,TJ Hurley,Vermont,20.978125,25,3.508523021088406,1.9605158595817604,-4.021875000000001,32
5107296,Perry Smith Jr.,Kennesaw St.,12.6625,15,-1.9353803554448268,-4.246890052254966,-2.3375000000000004,24
4870563,Jackson Skipper,Vermont,11.903571428571427,15,-4.452205174014173,-16.14545698086664,-3.0964285714285733,28
5108891,Stephon Payne III,Seton Hall,16.912121212121217,25,5.089070210807021,2.216697254736509,-8.087878787878783,33
5242616,Cade Stinnett,Western Kentucky,12.7,5,-7.441564054601545,-13.478762535431636,7.699999999999999,14
5312326,Reese Miller,William & Mary,23.432142857142857,15,0.8235172172612686,-1.028055864265086,8.432142857142857,28
5108826,Robert Lewis,Lindenwood,12.203333333333337,15,-3.8598918853621647,-7.068838015417626,-2.7966666666666633,30
5107242,Dion Brown,Saint Louis,20.311764705882354,25,5.4546382661355794,3.7215475743891915,-4.688235294117646,34
5107789,Shane Lancaster,Alcorn St.,18.803125,25,4.894314276993921,-0.93656827773073,-6.196874999999999,32
4920142,Harlan Obioha,West Virginia,16.17142857142857,15,2.3942360258494078,0.3897434184784734,1.1714285714285708,35
5107792,Braxton Bayless,Little Rock,19.830000000000002,25,-2.629340352370308,-5.977545919653047,-5.169999999999998,30
5106034,Tafara Gapare,Villanova,13.455555555555556,15,1.935669318395497,-1.6056029588027392,-1.5444444444444443,9
5106037,Keon Thompson,Stephen F. Austin,33.590625,35,7.21586719214572,5.4396886389555785,-1.4093749999999972,32
5252503,Maison Adeleye,New Haven,17.782142857142855,5,3.0128472497038516,-6.263973149536052,12.782142857142855,28
5107357,AJ Smith,Temple,22.4875,25,-2.523697102089195,-1.3589264476710463,-2.5124999999999993,8
5107358,Madison Durr,UNC Wilmington,24.9375,35,0.3184354160858435,-1.6171410964762811,-10.0625,32
5107298,Donovan Oday,Northern Kentucky,26.506451612903227,25,6.373854631541649,4.650242332559281,1.506451612903227,31
5107301,Dionjahe Thomas,Jackson St.,16.969565217391306,25,-0.7821661026822921,-10.267739764290372,-8.030434782608694,23
5116128,Melo Sanchez,Central Connecticut,17.500000000000004,25,3.917387662423302,-3.0832438532260276,-7.4999999999999964,27
5107282,Elijah Brooks,Houston Christian,28.112499999999997,25,-3.261297674108755,-6.153823525768812,3.112499999999997,8
5107299,Rhyjon Blackwell,Marist,20.863333333333337,25,1.3695207023771736,-1.2111757787570079,-4.136666666666663,30
5107287,Treysen Eaglestaff,West Virginia,19.43428571428571,25,3.4714850385290936,1.7585693159522642,-5.565714285714289,35
5109782,Matt Hayman,Arkansas St.,24.534482758620687,25,0.8921786530101375,-0.21133429045500185,-0.46551724137931316,29
5107280,"Aaron Price, Jr.",Cal Poly,17.836842105263155,15,-3.5315142043129133,-6.982638263701794,2.8368421052631554,19
5105446,Chauncey Gibson,Chicago St.,22.957142857142856,25,-4.408243919157412,-5.313903005503051,-2.0428571428571445,14
5105448,Chauncey Wiggins,Florida St.,18.271875,25,4.59907014595556,3.3820115354945806,-6.728124999999999,32
5105449,RJ Godfrey,Clemson,24.95142857142857,15,7.928047869961138,5.472763369663421,9.951428571428568,35
5105445,Dillon Hunter,Clemson,15.940000000000003,15,3.0618288221432644,2.742520726184757,0.940000000000003,35
5107963,Andrew Alia,Drake,11.077419354838707,15,-0.8968728439517769,-1.2661601953344577,-3.9225806451612932,31
5106806,Logan Woods,Wright St.,14.375757575757575,15,-4.247612832216088,-4.633976057360207,-0.6242424242424249,33
5106702,Andrew Ball,Monmouth,17.333333333333332,5,4.33869894384848,-0.4382491099090708,12.333333333333332,33
5106807,Alex Garcia,Tennessee St.,21.557142857142857,35,-58.21450424465385,-27.22543369867734,-13.442857142857143,7
5107076,TJ Johnson,VMI,24.027586206896554,35,6.543823698406088,-0.5111473692334222,-10.972413793103446,29
5106703,Jack Collins,Monmouth,16.299999999999997,15,-1.4777772250911936,-1.863508582961733,1.2999999999999972,30
5106701,Jaret Valencia,Wichita St.,14.37,15,-2.4006036325477385,-4.675853845410768,-0.6300000000000008,10
5241394,Jalen Hampton,Arkansas St.,15.227586206896552,25,6.759122077319658,2.1693229895453423,-9.772413793103448,29
5105865,Reed Bailey,Indiana,19.334375,25,5.082154292492051,2.063225562921987,-5.665624999999999,32
5105866,Sean Logan,Davidson,17.828,15,1.8997859824531032,0.5596343256338383,2.8279999999999994,25
5242555,Achile Spadone,Bucknell,20.645454545454548,25,-2.5772669285722247,-2.4333830021635725,-4.354545454545452,33
5105970,Jeremy Foumena,UCF,16.646153846153847,15,3.183559108373209,-3.898524539630412,1.6461538461538474,26
5107183,Michael Rogan,Fairfield,9.275,5,1.421172025856508,-3.9982447599391366,4.275,12
5105971,Rory Stewart,Florida Gulf Coast,15.014285714285714,25,7.852754863512239,-1.9021356419305593,-9.985714285714286,28
5105972,Louis Hutchinson,Alabama A&M,11.666666666666668,5,-2.659837491882551,-5.925620461678605,6.666666666666668,30
5106456,Jamar Franklin,Jacksonville St.,14.20434782608696,5,2.970651426213129,-3.194551537984365,9.20434782608696,23
5106459,Julian Margrave,Nebraska Omaha,14.435294117647059,15,0.17752948211774555,-6.277499493351778,-0.564705882352941,17
5112181,Rickey Ballard,Grambling St.,13.56451612903226,15,1.2408216792365498,0.1404821248882863,-1.4354838709677402,31
5106206,Landon Lewis,Brown,26.978947368421046,35,2.786865417476845,1.0232153687321837,-8.021052631578954,19
5106207,Drew Kania,Brown,26.17142857142857,35,-11.549429716345239,-11.879757785209751,-8.82857142857143,7
5112187,Jimel Lane,Grambling St.,20.388461538461538,15,-2.6434516839998703,-3.6702687537417136,5.388461538461538,26
5112189,Nordin Kapic,South Carolina,16.69545454545454,5,5.809797020131618,-5.42174833060457,11.695454545454542,22
5107271,Cam Morris III,East Tennessee St.,25.075000000000003,25,4.647656733569427,3.1865271471706453,0.07500000000000284,32
5107626,AJ Smith,Bradley,17.712121212121207,25,1.9617896231877519,1.3210334086394337,-7.2878787878787925,33
5107627,Jack Campion,SIU Edwardsville,22.12068965517241,25,-0.8782576944725455,-0.2337836025961368,-2.8793103448275907,29
5108908,Reggie Hill,Coastal Carolina,16.020000000000003,25,0.11146806405819198,-3.1999280839742994,-8.979999999999997,30
5108909,Greedy Williams,UNC Wilmington,16.94375,25,0.5667220362803173,-0.3242204981212391,-8.056249999999999,32
5105589,Brendan Hausen,Iowa,17.266666666666666,5,-2.669540122157732,-4.241636270062448,12.266666666666666,21
5107830,Maleek Arington,Seattle,13.16060606060606,15,2.432128033803408,1.475790879742105,-1.8393939393939398,33
5105414,Bendji Pierre,Mercer,14.268421052631581,25,2.8916321715644058,-6.770122568935335,-10.731578947368419,19
5106775,A'lahn Sumler,Charleston Southern,29.040740740740738,25,4.453636315948589,2.5724265287733696,4.040740740740738,27
5106776,LJ Wells,Northern Kentucky,22.399999999999995,35,9.35396956135091,0.9456111334982338,-12.600000000000005,30
5108877,Michael Zanoni,Penn,16.72758620689655,25,1.3091852853041839,-0.7307126529509657,-8.27241379310345,29
5108879,Braden Sparks,Fairfield,24.542424242424243,25,3.1328974993937266,2.010045668488641,-0.4575757575757571,33
5314594,Ahamed Mohammed,Stephen F. Austin,17.315625,15,-2.2316914424953014,-3.542483617658273,2.3156250000000007,32
5105416,Emmanuel Callas,San Diego,6.822222222222223,5,-1.704905326327011,-9.851236667678895,1.8222222222222229,18
5105417,Steven Jamerson II,UCLA,11.348571428571429,5,4.311485505833522,-9.881071773564674,6.348571428571429,35
5105980,Kellen Thames,Saint Louis,24.871875,25,9.046898469908596,7.837181736326685,-0.1281250000000007,32
5106779,Cole Sherman,Louisville,36.519999999999996,35,26.458293946793912,7.567580759664151,1.519999999999996,10
5105981,Larry Hughes II,Cal St. Northridge,21.15483870967742,25,4.434844339054071,2.251630197473824,-3.8451612903225794,31
5105982,Daniel Rivera,UAB,19.519354838709678,25,2.552388381162255,0.9345833706010476,-5.480645161290322,31
5105984,Sincere Parker,Memphis,25.812903225806448,25,0.30520169691146465,-2.4138965319668197,0.8129032258064477,31
5111902,Franck Yetna,Texas A&M Corpus Chris,17.9,15,1.2112211895320744,-0.31697404875824264,2.8999999999999986,29
4897873,Jayme Mitchell Jr.,Jackson St.,22.60625,35,1.4227696699182726,-2.7165181263855764,-12.39375,32
5105987,Barry Evans,VCU,16.133333333333336,25,6.178904371615085,1.7883391500635766,-8.866666666666664,36
5105988,Yann Farell,Sacred Heart,16.348387096774193,25,2.518823237543953,-0.8301480447300806,-8.651612903225807,31
5313672,Melian Martinez,Louisiana Tech,12.364285714285714,25,10.137840085461207,1.381398557480437,-12.635714285714286,28
5107220,Edward Nnamoko,Winthrop,17.361290322580643,25,1.2819286937767969,-6.395143151980591,-7.638709677419357,31
5107223,Brycen Blaine,Charleston Southern,30.731818181818184,35,3.504598202671,1.4292335046636917,-4.268181818181816,22
5107225,Jerrell Roberson II,UMass Lowell,21.200000000000003,15,-9.90799259707343,-18.325561177839806,6.200000000000003,9
5105581,Zion Cruz,Rider,24.04615384615385,35,3.6164530603182197,-4.888852936195982,-10.95384615384615,26
5107520,Jalen Forrest,Southeastern Louisiana,24.662962962962965,15,1.2229763820409867,-4.860093118476122,9.662962962962965,27
5107524,Jaylen Peterson,Presbyterian,17.743333333333336,25,1.663616275265178,0.5654056530293006,-7.256666666666664,30
5105815,Jaxon Kohler,Michigan St.,19.89714285714286,15,9.931999401818393,8.960210131132637,4.89714285714286,35
5106237,Blair Thompson,Columbia,14.692307692307692,15,1.9086217390852454,1.7023969051669534,-0.3076923076923084,26
4683947,TJ Wainwright,Pacific,18.903225806451612,15,0.9786216761867796,0.24465033268869688,3.903225806451612,31
5105816,Tre Holloman,N.C. State,16.765625,25,3.6867187245155257,1.5128525621155153,-8.234375,32
5105817,Carson Cooper,Michigan St.,19.225714285714282,25,9.297011662234759,7.487568396187482,-5.774285714285718,35
5113287,Zine Eddine Bedri,Columbia,32.08,35,-3.874360016089669,-0.6099932545284392,-2.9200000000000017,5
5108764,Orlando Lovejoy,Detroit Mercy,26.41333333333333,25,4.07540579079456,1.4291540009365895,1.4133333333333304,30
5106705,Turner Buttry,Eastern Kentucky,17.443333333333335,15,-1.7690405909061242,-2.4275731028086494,2.443333333333335,30
5106706,Tayshawn Comer,Nevada,26.105405405405403,35,0.011970842002734091,-0.9216614040798522,-8.894594594594597,37
4712838,Leland Walker,Wyoming,27.71875,35,3.6061920242226417,1.2228324233968717,-7.28125,32
5106707,Jackson Holt,Eastern Kentucky,19.956666666666663,15,-0.06942816923612173,-6.892437269998721,4.9566666666666634,30
5105864,Ross Candelino,Lipscomb,17.803846153846155,25,3.959737062220747,2.189200975367668,-7.196153846153845,26
5105861,Connor Essegian,Nebraska,22.657142857142855,15,-4.60426921736629,-9.072267500264546,7.657142857142855,7
5105863,Isaac Gard,Wisconsin,30.357142857142858,35,-1.361508669382248,4.048836416969396,-4.642857142857142,14
5105862,Luke Haertle,South Dakota St.,17.14074074074074,25,-1.2747387374404033,-4.255483485817329,-7.859259259259261,27
5106463,Bryce Baker,Charleston,12.475000000000001,5,-1.213758567864595,-8.05767597529104,7.475000000000001,8
5106461,Faizon Fields,Milwaukee,15.570000000000004,25,-0.10337687010854069,-2.5922435294255015,-9.429999999999996,20
5106313,Tyler Isaak,Montana,14.359999999999998,5,0.8726875037456985,-2.540895537497662,9.359999999999998,30
5121357,Brendan Rigsbee,Wofford,12.52608695652174,15,-5.061963765619627,-7.5148701964644316,-2.4739130434782606,23
5105481,Will Johnston,Richmond,17.574193548387097,15,-1.2033575690281633,-1.2911054963003032,2.574193548387097,31
5106242,Jackson Munro,Dartmouth,15.232000000000001,25,8.231143659935237,1.9241290261387127,-9.767999999999999,25
5106240,Brandon Mitchell-Day,Dartmouth,24.924000000000007,35,8.036502290577964,-0.13029501283344685,-10.075999999999993,25
5106241,Jayden Williams,Dartmouth,21.995999999999995,15,-1.6191539729279014,-2.246274700290148,6.995999999999995,25
5107272,Tajavis Miller,New Mexico,15.480645161290326,15,3.155656109537596,0.050473287398369385,0.480645161290326,31
5107274,Jacari White,Virginia,21.429032258064517,15,10.131307620267307,4.455746814843892,6.429032258064517,31
5107275,Lance Waddles,Nebraska Omaha,21.196551724137933,35,4.747478822582752,-1.4753989164053751,-13.803448275862067,29
5105904,Rokas Jocius,Loyola Marymount,13.303225806451612,5,-2.1553093123162266,-6.134681271117694,8.303225806451612,31
5107273,Damari Wheeler-Thomas,North Dakota St.,23.393103448275866,25,1.0328534646896839,0.9136401490159528,-1.6068965517241338,29
5107278,Noah Feddersen,North Dakota St.,20.084375,25,5.057162834575274,0.9297723601245254,-4.915624999999999,32
5105901,Ryan Zan,Fairfield,9.774074074074075,15,-9.929309981266522,-13.07491688387296,-5.2259259259259245,27
5243207,Simon Wheeler,Jacksonville,32.74285714285714,35,-78.35107612200142,-39.97415714916516,-2.25714285714286,7
5108143,Chris Dockery,UMKC,18.388461538461538,15,-3.9867682516504757,-5.272738156699168,3.388461538461538,26
5108148,Daniel Rouzan,Bethune Cookman,24.18064516129032,25,-1.4282491332689013,-2.9586440827614777,-0.8193548387096783,31
5108145,Louie Jordan,Radford,15.715384615384616,5,8.945869072901283,-6.053296452788516,10.715384615384616,26
5107530,Mateo Esmeraldo,Lipscomb,19.410000000000004,25,4.234966776510738,1.7582370108489649,-5.589999999999996,30
5107670,Reis Jones,Charleston Southern,18.90689655172414,25,1.094801092949121,-1.7270238505256303,-6.093103448275858,29
5075625,Keyshawn Hall,Auburn,27.005555555555556,25,6.511839023407655,6.177931416223261,2.0055555555555564,36
5107652,Damarco Minor,Pittsburgh,15.563636363636364,25,4.02615273821608,2.150345990930209,-9.436363636363636,33
5107653,Dorion Staples,Maryland Eastern Shore,19.55333333333333,25,-1.598391206066489,-3.8198993983354064,-5.446666666666669,30
5105678,Ryan Pettit,Lafayette,14.962962962962965,25,-1.612656990847557,-4.033995515943142,-10.037037037037035,27
5107655,Arnas Sakenis,SIU Edwardsville,16.393103448275863,25,7.8641345475066515,2.679166085203021,-8.606896551724137,29
5105681,Josh Rivera,Seton Hall,14.926666666666666,5,1.6455461011843298,-3.357345295386744,9.926666666666666,30
5311582,Preston Turner,Eastern Illinois,17.12857142857143,25,1.037001337448436,-5.453060780864497,-7.87142857142857,28
5190937,Xavier Hall,Indiana St.,17.94,15,-3.1844307675808845,-3.578884485184625,2.9400000000000013,30
5108069,Jalen Bolden,Texas St.,18.3,15,-1.0883499516951762,-8.077799328071764,3.3000000000000007,30
5107797,Paul Otieno,Saint Louis,16.58529411764706,15,3.636054830946961,2.2934430106283568,1.5852941176470594,34
5106261,Ernest Udeh Jr.,Miami FL,10.515151515151516,15,10.471493082310117,5.907016740639731,-4.484848484848484,33
5106262,Zuby Ejiofor,St. John's,26.299999999999997,35,20.39009351039523,13.25592282167661,-8.700000000000003,37
5241760,Tommy Kamarad,Winthrop,17.293333333333337,25,2.7150204829991123,0.14339748334534336,-7.7066666666666634,30
5107876,Jalen Jackson,Butler,24.3,25,3.4124368923809465,0.9874887763328318,-0.6999999999999993,6
5107877,Steven Clay,Southern Indiana,13.12857142857143,15,-1.8083479876967885,-5.5234237044233785,-1.87142857142857,28
5107878,CJ Jones,Kansas St.,14.545161290322582,25,-2.03700190512035,-3.5273175805614314,-10.454838709677418,31
5107879,Bessanty Saragba,Delaware St.,9.41818181818182,5,-8.804822058428705,-8.97287941018111,4.41818181818182,22
5107880,Cameron Fens,South Dakota,26.810344827586206,35,1.6306369508371419,0.13563620131504595,-8.189655172413794,29
5108809,Coleton Benson,New Orleans,20.303030303030305,25,4.49693004081896,-0.06784509083133254,-4.6969696969696955,33
5108810,Jorn Everson,Army,20.753333333333334,25,-2.468614077819389,-4.503268561432071,-4.246666666666666,30
5108813,Jackson Mayo,Army,20.61428571428571,25,-17.776284454835785,-16.29377466712139,-4.38571428571429,14
5108811,Ethan Roberts,Penn,26.372727272727275,25,3.2625507268744367,-0.476724619128283,1.3727272727272748,22
5243380,Christian Gamble,Mercyhurst,12.118749999999999,15,-3.1836801085452606,-5.465504029899782,-2.8812500000000014,32
4433257,Quincy Allen,Bryant,25.699999999999996,15,-0.5291698913291141,-6.830427568522222,10.699999999999996,14
5105612,RJ Smith,DePaul,14.818750000000001,5,0.23591966177391263,-0.3631700972765579,9.818750000000001,32
5105613,Joe Hurlburt,Davidson,18.8375,25,1.2104476307811225,-8.037729360152742,-6.162500000000001,8
5105615,Harrison Carrington,UC Irvine,21.393939393939394,25,2.307262788871,1.534117625420266,-3.6060606060606055,33
5106588,Jo'el Emanuel,William & Mary,18.703448275862073,35,6.809995246390036,-0.23122541467043725,-16.296551724137927,29
5106590,Trevon Blassingame,Idaho,11.228124999999999,5,3.737565927639,-1.024911837754399,6.228124999999999,32
5106589,Cameron Tweedy,Saint Francis,12.417241379310346,5,-6.170874349225989,-6.546029458736419,7.4172413793103456,29
4838703,Tyler Hendricks,Utah Valley,15.732000000000001,15,1.4930495973800852,2.6365945979577936,0.7320000000000011,25
5106647,Thierno Sylla,Memphis,13.217391304347826,25,-0.8629511566941725,-5.6780338198145595,-11.782608695652174,23
4917097,Robbie Avila,Saint Louis,22.08235294117647,15,11.69653902339113,7.861962170764667,7.08235294117647,34
5241745,Brit Harris,FIU,13.686206896551724,25,1.8574607472602305,-1.493728462637807,-11.313793103448276,29
5241283,Connor Hollenbeck,Idaho St.,22.55666666666667,25,0.5042208250536923,-0.781773104239598,-2.4433333333333316,30
5313173,Caleb Van De Griend,Idaho St.,29.616666666666664,25,2.92049246399809,1.8995851067210665,4.616666666666664,30
5107986,Ose Okojie,Howard,18.138709677419353,25,3.4718482704163365,1.0651865610185636,-6.861290322580647,31
5105684,Henri Adiassa,Lehigh,7.156521739130435,5,-12.793899401903268,-18.81024019360841,2.1565217391304348,23
5105685,Tommy Conniff,Lehigh,6.278571428571429,5,1.1853294017112588,0.8765953865524655,1.2785714285714294,14
4684840,DJ Nix,Cornell,14.22,25,1.98240459787259,-5.491216184770984,-10.78,25
5106245,Josh Baldwin,Cornell,24.136000000000003,15,3.047564244605594,0.20074875057023903,9.136000000000003,25
5243199,Kyle Brown,Arkansas Pine Bluff,10.742857142857142,5,-4.775127902507103,-5.627788876903907,5.742857142857142,21
5106247,Cooper Noard,Cornell,24.5,15,3.5019213379204963,2.3323022192603053,9.5,26
5106243,Adam Hinton,Cornell,21.303846153846152,25,1.0904061221841372,-0.5744499707783928,-3.696153846153848,26
5108850,Elijah Hulsewe,UCF,10.205882352941174,5,-1.3477427576958805,-0.12458710591960032,5.205882352941174,17
5107703,Nick Ellington,George Mason,19.44333333333333,5,-1.803937466778249,-2.605401768229931,14.443333333333332,30
5107708,Kyle Thomas,SIU Edwardsville,17.73846153846154,25,0.7297825674684875,-6.607153211925772,-7.261538461538461,26
5107700,Cam Haffner,Western Kentucky,15.903846153846157,5,3.531625128371874,-8.071711282255281,10.903846153846157,26
5107701,Sincere Malone,Nicholls St.,19.553125,25,0.05764513137655562,-0.403538506482814,-5.446874999999999,32
5107704,Kyle Carlesimo,Colgate,16.016129032258068,25,0.8548838220513089,-2.6702666696286275,-8.983870967741932,31
5313751,Uriyah Rojas,Wyoming,18.7875,25,1.6436528824302106,-1.3387683557508971,-6.212499999999999,32
5189814,Jeremy Dent-Smith,Stanford,21.075757575757574,25,0.6375762315713492,-1.779715070009721,-3.9242424242424256,33
5243387,Ketron Shaw,Old Dominion,28.76785714285714,25,-3.153835568350912,-3.8283389212624277,3.767857142857139,28
5313730,Cam Wilds,Robert Morris,13.222727272727274,15,-3.264837497207458,-7.336148946711202,-1.7772727272727256,22
5314830,Miles Daniels,Cal Baptist,13.004545454545452,15,-6.373665492192559,-5.679087191199703,-1.9954545454545478,22
5315595,Trae Taylor,Montana,12.515384615384612,5,2.0024191254873216,-4.129598019886024,7.515384615384612,26
5313139,Jojo Murphy,Seattle,19.80606060606061,25,1.3501793605506325,-1.5278282723542382,-5.193939393939392,33
5241342,Brayden Maldonado,Seattle,23.716666666666665,25,4.120456856230246,4.592735843953278,-1.283333333333335,30
5105593,Jaquan Sanders,Florida A&M,20.900000000000002,25,0.14442555800806514,-2.121461633069292,-4.099999999999998,28
5105594,Tae Davis,Oklahoma,23.36216216216216,25,3.605274355709858,1.2433063279322052,-1.6378378378378393,37
5114231,Shahid Muhammad,Florida St.,13.042857142857144,15,13.36784112461999,5.254237040067827,-1.9571428571428555,14
5105596,Denver Anglin,Iona,19.751612903225812,25,-0.8234238853054731,-4.275449606519355,-5.248387096774188,31
5112245,Mohamad Diallo,Rider,17.87222222222222,5,2.58450453125251,-6.379273285663014,12.87222222222222,18
5110002,Walter Peggs Jr.,Morgan St.,20.256,15,-1.0877533294549702,-3.872738217105584,5.256,25
5106865,Isaiah Gaines,Southeastern Louisiana,21.44333333333333,25,1.689660334063779,-0.4968723297142208,-3.5566666666666684,30
5176300,Quinn Denker,Northern Colorado,29.03333333333333,35,11.88361199556192,5.626075312791908,-5.966666666666669,27
5106864,Brenen Lorient,West Virginia,21.83529411764706,25,6.569124854991585,5.63652712878631,-3.1647058823529406,34
5106867,Leo Beath,UC San Diego,20.10625,25,0.5944596307430479,-0.3038392997385875,-4.893750000000001,32
5182573,Aaron Nkrumah,Tennessee St.,27.380000000000003,25,5.748873797415677,4.95385054344567,2.3800000000000026,30
5314356,Justin Hawkins,Niagara,20.79655172413793,35,0.5592054250668967,-4.659443752118788,-14.203448275862069,29
5105665,Ben Roy,Boston University,12.463636363636363,15,-3.225635266902329,-4.88596080705034,-2.536363636363637,11
5107167,Jac Mani,Fresno St.,26.456000000000003,15,-0.9154307230837185,-4.755048212449819,11.456000000000003,25
5314551,Logan Applegate,The Citadel,19.42,25,4.32443159236308,-2.9966331096563956,-5.579999999999998,30
5313196,Justin Allen,Green Bay,26.689999999999994,35,4.35776521202948,-1.3790541269387973,-8.310000000000006,30
5242561,Marcus Johnson,Kansas St.,27.75,25,-9.811039562078715,-15.37508365257999,2.75,14
5243230,Charles Johnston,Furman,18.015625,15,2.5269564763401995,1.5667796365342546,3.015625,32
5114447,Marshal Destremau,UT Rio Grande Valley,18.814285714285713,15,1.6875952630080944,-7.859822187946433,3.814285714285713,21
5110173,Zytarious Mortle,Texas Southern,24.569230769230767,15,-1.875071138915649,-7.684422889393899,9.569230769230767,26
4684986,Favour Aire,Coppin St.,24.215,25,-13.808624000831168,-16.587890929445912,-0.7850000000000001,20
4838711,Danilo Jovanovich,Milwaukee,17.625,25,4.5900308314677485,3.069698137197641,-7.375,16
4433286,AJ Casey,Evansville,24.526666666666664,35,4.458802002956093,1.2074702624224216,-10.473333333333336,30
4684735,Christian Watson,Hampton,17.500000000000004,15,-6.0083615293175745,-6.450785601912406,2.5000000000000036,23
5108022,Xavier Amos,Loyola Chicago,23.121052631578948,25,-1.0823819048153138,-1.3925660059654086,-1.878947368421052,19
5108023,David Coit,Maryland,25.748484848484846,35,2.869380011877997,1.3921818604644403,-9.251515151515154,33
5108770,Jevin Muniz,Colorado St.,19.206060606060603,25,4.285663339750542,3.8762808783329863,-5.793939393939397,33
5108806,Learic Davis,USC Upstate,18.788,15,-2.5081486198871965,-4.634226665979058,3.7880000000000003,25
5105606,Desmond Claude,Washington,22.841666666666665,25,1.8093905445259821,-0.6522232010978751,-2.158333333333335,12
5105607,Kam Craft,Georgia Tech,15.889655172413795,15,2.2873024231138843,-2.0344397183494887,0.8896551724137947,29
5107153,Kaleb Smith,Grand Canyon,15.413636363636368,15,-5.831692147432254,-12.518137870008248,0.4136363636363676,22
5107154,Vladimer Salaridze,Youngstown St.,25.748,15,9.094329440638463,2.5168553144205186,10.748000000000001,25
5105649,Koren Johnson,Mississippi,17.724,5,8.329540067240485,-3.7310747765315786,12.724,25
4712832,Barrington Hargress,Colorado,19.46060606060606,25,5.950253480577684,4.766134297946028,-5.539393939393939,33
5106697,Kyrese Mullen,New Mexico St.,18.900000000000002,25,-4.351826519144084,-8.517135996177418,-6.099999999999998,23
5108969,Lajae Jones,Florida St.,19.142424242424244,25,3.69144341553433,3.996969706576661,-5.857575757575756,33
5108973,Garry Clark,Utah St.,17.062857142857144,15,1.6077680889392536,1.2726001933468776,2.062857142857144,35
5105785,Max Mackinnon,LSU,23.258064516129036,25,3.8316686502084676,1.0862619407114351,-1.7419354838709644,31
5108925,Alonzo Dodd,Appalachian St.,26.186666666666664,35,6.086408914900803,1.5128460876806513,-8.813333333333336,30
5108930,"Jerome Brewer, Jr.",La Salle,19.688888888888886,15,1.993176599545061,1.5199004136346352,4.688888888888886,18
5107343,DeJuan Campbell,California,13.895454545454545,15,0.4301182073510034,-1.4755486905833957,-1.1045454545454554,22
5107345,Marcus Kell,Western Carolina,21.317241379310342,25,0.21343771174527892,-1.5294650027819963,-3.6827586206896576,29
5107346,RaSheed Jones,Coastal Carolina,21.2741935483871,25,2.0771366168051433,1.1949602163524293,-3.7258064516129004,31
5106611,Miles Webb,Delaware St.,19.081818181818182,25,-4.355043623101839,-5.987626780945079,-5.918181818181818,22
5106612,Landon Moore,Illinois St.,13.69142857142857,15,-2.5013236983055953,-3.3783021225183014,-1.3085714285714296,35
5242992,Jaylon Johnson,Radford,20.61923076923077,25,-0.4131667467220567,-0.3072026274620836,-4.3807692307692285,26
5106610,Cam Gregory,Campbell,12.146875,15,-2.195555643752391,-2.476437423602612,-2.8531250000000004,32
5106614,Gestin Liberis,Saint Francis,16.655172413793103,15,-7.692267978083456,-8.290035060299296,1.6551724137931032,29
5177250,Trent Mosquera,Le Moyne,22.648387096774194,15,0.12576547339479913,0.09238326114636801,7.648387096774194,31
5111629,Jacob Dar,Seton Hall,12.01290322580645,5,9.011824489570316,-2.1001808312649257,7.0129032258064505,31
5314760,Garrett Anderson,North Dakota,18.872413793103448,35,0.7137483039604741,-3.104413997268808,-16.127586206896552,29
5107813,Leo Torbor,Texas A&M Corpus Chris,17.579310344827586,15,-0.9052682818055166,-3.0933658743914765,2.5793103448275865,29
5105544,Amaree Abram,Tennessee,11.672,25,11.679584141563906,3.442774907221156,-13.328,25
5105545,TJ Caldwell,Arkansas St.,20.12666666666666,35,0.6387882139515082,-1.4711877361150916,-14.873333333333338,30
5105546,Malique Ewin,Arkansas,21.42972972972973,35,12.818050851718382,4.624407554623647,-13.57027027027027,37
5105547,Robert Cowherd,Southern Miss,29.5875,35,-23.449244302903512,-20.405793992452757,-5.412500000000001,8
5106869,Jayden Brewer,Western Michigan,26.613793103448277,35,1.1452218659665456,-1.690067808319116,-8.386206896551723,29
5107453,Jayland Randall,New Mexico St.,22.693103448275863,15,2.0355594576993354,0.359776664152442,7.693103448275863,29
5107455,Caleb Blackwell,UTEP,20.012,25,1.9533179072571527,-2.0649736590872334,-4.9879999999999995,25
5242602,Zawdie Jackson,FIU,18.46896551724138,25,3.845876006591651,1.2175278957903213,-6.531034482758621,29
5240029,Kolten Griffin,West Georgia,13.526666666666667,15,-3.5584996294051177,-3.4895290248589443,-1.4733333333333327,30
5107490,Justin Bailey,Georgia,14.74516129032258,15,-0.6520362354467796,-2.6595276954647757,-0.2548387096774203,31
5106660,Simeon Cottle,Kennesaw St.,27.650000000000002,25,5.496883528421758,3.2492140484446135,2.650000000000002,14
5108080,Cody Pennebaker,Lamar,15.155172413793101,25,6.03435267596363,-1.076904621089435,-9.844827586206899,29
5106662,Ahmad Johnson,Arkansas Pine Bluff,17.50740740740741,15,-6.167651878842964,-15.450485251570033,2.5074074074074097,27
5108081,Nate Calmese,Wake Forest,22.046153846153842,35,11.778649210661559,6.032117558971977,-12.953846153846158,26
5108082,Jakevion Buckley,New Orleans,26.359375,25,-0.24860808344694432,-1.4397813607945127,1.359375,32
5241590,Terry Anderson,High Point,25.196969696969695,25,5.8183681987269,5.0480052849672825,0.19696969696969546,33
5108085,"Jason Thirdkill, Jr.",Jacksonville,16.9,25,5.383871620185638,-1.13701779583176,-8.100000000000001,30
5108086,Yuto Yamanouchi-Williams,Oral Roberts,24.25172413793104,25,-3.971151533428136,-7.018386765129856,-0.7482758620689616,29
5239760,Tim Moore,San Diego,22.320689655172416,5,0.748548303102182,-8.448705407998554,17.320689655172416,29
5108062,Ryan Prather Jr.,Robert Morris,20.580645161290324,25,6.342386878781594,4.926263396402493,-4.419354838709676,31
5108060,Amani Lyles,Akron,25.524242424242424,35,9.729216208247552,4.679210686041747,-9.475757575757576,33
5108059,Tavari Johnson,Akron,27.824242424242424,25,5.384544405025262,5.13815654825172,2.824242424242424,33
5107642,David Idada,Southeast Missouri St.,11.17,5,-4.563066266949606,-7.171185203674468,6.17,30
5107174,Nick Townsend,Yale,26.139285714285712,35,9.470552337559171,6.333470640050654,-8.860714285714288,28
5107175,Devon Arlington,Yale,15.885714285714288,15,-4.66360665591751,-6.165076254725647,0.8857142857142879,28
5106599,Javon Bennett,Dayton,22.35675675675676,15,5.602288372591538,2.756405274218251,7.356756756756759,37
5106600,Jordan Derkack,Dayton,22.55625,35,12.068832317812005,1.7544187316016218,-12.443750000000001,32
5106602,Bryan Etumnu,Wright St.,15.273333333333333,15,-0.45949385633334167,-8.045979119112705,0.27333333333333343,15
5105468,Trevan Leonhardt,Utah Valley,19.238709677419358,25,7.527584000823573,5.153775620267275,-5.761290322580642,31
5105471,Ethan Potter,Utah Tech,23.580645161290324,25,5.65368315043583,3.9894125302429315,-1.4193548387096762,31
5243095,Chansey Willis Jr.,Minnesota,20.042857142857144,15,0.6770056212901376,-3.7977603317272615,5.0428571428571445,7
4712834,Dashon Gittens,Sacred Heart,19.496774193548386,25,5.787587978418612,1.4160375632716837,-5.5032258064516135,31
5113141,Bo Barber,Gardner Webb,12.086666666666664,15,-8.879524699249464,-11.389356159960686,-2.9133333333333358,15
5184709,Nadjrick Peat,Coastal Carolina,10.12258064516129,15,-1.408376806669376,-2.055629716765932,-4.877419354838709,31
5109019,Andrew Rohde,Wisconsin,13.76764705882353,15,2.553645743865302,2.486739652312603,-1.2323529411764707,34
4838718,Ahjany Lee,Houston Christian,7.044444444444443,5,-4.652727565395644,-12.514512908339688,2.0444444444444434,18
5109018,Kendall Blue,Nebraska,13.642105263157895,5,15.333798233186158,-6.375391809320252,8.642105263157895,19
5109020,Carter Bjerke,St. Thomas,15.093548387096773,15,0.9773082114619,0.16987803649574001,0.0935483870967726,31
5115866,Malcolm Noel,West Georgia,20.477777777777778,25,-2.648016650089404,-5.224781018003154,-4.522222222222222,27
5243364,Nick Anderson,Rice,22.05517241379311,35,11.333399868638779,6.056788988154486,-12.944827586206891,29
3306,Kam Woods,USC,18.30526315789474,25,8.879369899530737,1.1652350032222831,-6.694736842105261,19
5106711,Love Bettis,Incarnate Word,19.15555555555555,5,-6.839979352729322,-15.019708647095479,14.155555555555551,27
5109791,Brendan Yarusso,Santa Clara,60.7375,35,3.0334818381529347,8.026383913007615,25.737499999999997,8
5107408,Jordan Chatman,Florida A&M,15.996551724137932,5,7.249542350502214,-2.2120508953914717,10.996551724137932,29
17203,Hantz Louis Jeune,South Alabama,12.003225806451614,5,-1.8112008228269854,-4.9151234742592695,7.0032258064516135,31
5241411,Miles Barnstable,Tulsa,18.330555555555556,25,7.24544361754254,5.068147046644177,-6.669444444444444,36
5254840,Raevon Thomas,Jackson St.,9.768000000000002,15,-5.328256067252778,-7.173998665866869,-5.2319999999999975,25
5242922,Justice Shoats,Siena,23.782857142857143,15,-2.022402412405219,-3.377707202344449,8.782857142857143,35
5106607,Josiah Harris,La Salle,24.75185185185185,15,-0.23781354135301597,-5.039515520934952,9.75185185185185,27
5106236,Kenny Noland,Columbia,25.130769230769236,25,3.661641188506777,2.4011956820273714,0.13076923076923563,26
5311887,Cayden Charles,St. Bonaventure,20.166666666666664,25,1.7198915167363638,1.4076789570323012,-4.833333333333336,33
5112342,Eric Morgan Jr.,Saint Peter's,15.02,5,1.045323182290257,-6.0153148587555325,10.02,25
5313280,Shawn Nelson,Northern Kentucky,18.283333333333335,25,-8.43841360982058,-14.820525300145556,-6.716666666666665,24
5241690,Josh Omojafo,South Florida,17.254545454545454,25,7.3437778231005595,2.393439834835996,-7.745454545454546,33
5314709,Cenker Evran,Texas A&M Corpus Chris,15.091304347826085,15,-0.28624528780824043,-0.02745859707432522,0.09130434782608532,23
5314724,Caleb Delzell,South Dakota St.,12.580769230769231,5,-5.854723975423734,-8.351905455891124,7.580769230769231,26
5312184,Ethan Simmon,Stony Brook,15.542307692307691,35,2.427670956554401,-3.674464146684789,-19.45769230769231,26
5314324,Kyle Kearson,New Haven,11.822222222222221,15,2.1192839886376023,-6.7339202112962,-3.177777777777779,18
5116435,Jikari Johnson,Chattanooga,20.83846153846154,25,7.260768527025574,-0.2636706054745815,-4.161538461538459,26
5313922,CJ Ray,Chicago St.,23.577419354838714,25,-2.316838744777784,-2.564247964995257,-1.4225806451612861,31
4906515,Kody Clouet,Winthrop,17.29354838709677,25,6.2229414886700924,4.461260526610989,-7.70645161290323,31
5122260,Jaylen Jordon,Jacksonville,21.0,25,-3.921292792532313,-10.03715864893103,-4.0,20
5114350,AK Okereke,Vanderbilt,17.347222222222218,25,5.050313877104455,3.867766286562399,-7.652777777777782,36
5317321,Sam Smith,Wagner,17.51666666666667,15,-6.316157042546024,-2.8664207899209733,2.5166666666666693,6
5243404,Florian Tenebay,South Carolina St.,20.400000000000002,15,-6.224676008870068,-6.995675399814798,5.400000000000002,29
5241273,Obi Agbim,Baylor,15.845454545454544,25,3.2221818990183984,1.6362851857067113,-9.154545454545456,33
5114809,Sola Adebisi,The Citadel,15.56296296296296,25,-0.9309319152114016,-2.6938519752145917,-9.43703703703704,27
5121428,Isaiah Miranda,LIU,27.330769230769228,15,-5.322093267865115,-17.718711263916568,12.330769230769228,13
5121952,AJ Redd,Illinois,17.19090909090909,35,5.312789795622812,-4.28918861457722,-17.80909090909091,11
5123978,Rory Hawke,Saint Mary's,10.635483870967741,25,-1.274420750347148,-4.207416845677906,-14.364516129032259,31
5122918,Ahmet Jonovic,Bradley,18.333333333333336,5,2.178743703075313,-0.08386141938102815,13.333333333333336,33
5123799,Janko Bulajic,Lamar,10.858620689655172,5,-0.020867678419923763,-2.3556314768710647,5.858620689655172,29
5124659,Ahmed Essahaty,Southeastern Louisiana,16.506666666666668,25,-12.57826400418143,-13.67662548268613,-8.493333333333332,15
5125176,Emmanuel Okorafor,Wichita St.,20.27142857142857,25,6.513853469072315,1.6654481389077216,-4.728571428571431,35
5125137,Steven Tipton,Western Illinois,26.466666666666665,35,11.19200694223635,-11.150104571471225,-8.533333333333335,12
5126036,Niccolo Moretti,Florida Atlantic,15.048387096774194,25,2.847909694101471,-3.8096760130695237,-9.951612903225806,31
5081887,Andrew Meadow,Boise St.,16.796666666666667,25,5.2324426140095275,3.9768113229562214,-8.203333333333333,30
5178209,Tasman Goodrick,Siena,18.955555555555556,25,14.316652477788443,6.070450273682653,-6.044444444444444,9
5178207,Dominique Daniels Jr.,Cal Baptist,31.08787878787879,35,9.26227833530721,6.187603797393912,-3.9121212121212103,33
4683768,Chris Lockett,Jacksonville,19.830000000000002,25,1.6925217297239483,-1.7893183900375556,-5.169999999999998,30
5178210,Tylen Riley,Tulsa,28.85555555555556,25,2.2616733562183096,1.8552955956152535,3.8555555555555614,36
5175939,Caleb Johnson,LIU,10.256521739130436,25,6.993731123285819,-1.6937003166120932,-14.743478260869564,23
5175943,Andres Burney,Georgia Southern,13.175757575757576,15,0.6816732851702613,-2.777084777331543,-1.8242424242424242,33
5176312,Demarion Burch,Bradley,21.484,25,-5.117176598295225,-6.087067771231747,-3.5159999999999982,25
5176313,Almar Atlason,Miami OH,20.93548387096774,35,5.347559039297777,-1.1775792718118467,-14.06451612903226,31
5177260,Eric Acker,La Salle,19.332,5,-1.9682196391906757,-6.09136785327176,14.332,25
5177264,Nikola Djapa,Colorado St.,20.455555555555556,5,1.8631027792737738,-13.553934005046854,15.455555555555556,18
5177262,Tre'shawn Sheppard,LIU,11.534615384615384,15,-2.4406562321182923,-5.7248075632126945,-3.4653846153846164,26
5177232,Jameel Morris,Alcorn St.,21.803333333333335,15,-1.431587916596936,-2.7930176947869523,6.803333333333335,30
5177233,Terrence Brown,Utah,32.69375,35,3.519228636737377,2.816510930757921,-2.3062499999999986,32
5093265,Arden Conyers,Charlotte,16.848387096774193,15,-0.43096065762964186,-1.9445736075508833,1.8483870967741929,31
5174294,Morris Ugusuk,West Virginia,8.632,5,-3.5196235550928936,-6.4538379622011055,3.6319999999999997,25
4685653,Austin Herro,St. Thomas,14.653846153846157,15,3.082810337554067,3.4020280034050403,-0.34615384615384315,26
5176265,Khali Horton,Coppin St.,20.45666666666667,15,-7.248252953347144,-6.547481869863322,5.4566666666666706,30
5176266,Ryan Archey,North Carolina Central,31.24285714285714,25,-6.112872445347735,-18.529867548746644,6.24285714285714,21
5176268,Preist Ryan,Cleveland St.,16.95357142857143,25,-5.771557046852746,-6.451927458869475,-8.04642857142857,28
5176269,Camaren Sparrow,Coppin St.,20.893333333333334,15,-1.4295769776209732,-5.018344951564754,5.893333333333334,15
4848630,"Dennis Parker, Jr.",Radford,27.724137931034488,35,4.893055114218753,1.9630370854374202,-7.2758620689655125,29
5174932,KiJan Robinson,New Hampshire,23.428,25,-5.04768876905715,-6.099579004040622,-1.5719999999999992,25
5174934,Eric Parnell,Fairleigh Dickinson,19.227586206896554,25,1.5584457379700254,-2.7053184639725525,-5.772413793103446,29
5176153,Marcus Hill,Texas A&M,20.676470588235293,25,5.224002627169681,2.3079562780996716,-4.3235294117647065,34
5175354,Augusto Cassia,Mississippi,12.28709677419355,5,1.1976653967128894,-2.473689533868629,7.28709677419355,31
5176243,Miles Heide,San Diego St.,15.61290322580645,5,3.2177803612310045,1.20447908802141,10.61290322580645,31
5176240,Magoon Gwath,San Diego St.,21.587500000000002,15,11.878456367481299,2.9648078675639407,6.587500000000002,24
5177104,Jasper Floyd,West Virginia,16.54857142857143,25,6.700606760798066,2.8439304597066233,-8.451428571428568,35
5175054,Cyr Malonga,New Mexico St.,10.776190476190477,15,4.277717142434925,-1.7931504831179448,-4.223809523809523,21
4848619,Finley Bizjack,Butler,22.25161290322581,25,4.7406040124350115,2.3256644200180485,-2.7483870967741915,31
5103631,Boden Kapke,Boston College,20.309677419354834,25,2.0853236496357255,0.5269488522394802,-4.690322580645166,31
5176241,BJ Davis,San Diego St.,22.440624999999997,25,8.064296383161684,5.831793568634071,-2.559375000000003,32
5037880,Carey Booth,Colorado St.,18.81818181818182,15,5.5612277024411725,4.272677774272048,3.81818181818182,33
4912455,Braeden Shrewsberry,Notre Dame,16.93548387096774,25,2.780753204194623,1.7077900671838113,-8.06451612903226,31
4872727,Logan Imes,Notre Dame,14.899999999999997,25,7.855140572854073,-1.3406877903233936,-10.100000000000003,31
5101623,Markus Burton,Notre Dame,31.689999999999998,25,9.49388094498375,8.203810461005245,6.689999999999998,10
5093142,J.P. Estrella,Tennessee,22.1,25,7.922527878269619,5.877421850756197,-2.8999999999999986,33
5113969,Cameron Carr,Baylor,24.493939393939396,15,11.99195521617958,8.100372003882292,9.493939393939396,33
5125192,Freddie Dilione V,Penn St.,26.08125,25,3.071129691027079,2.4492289778361522,1.0812500000000007,32
4848640,Cade Phillips,Tennessee,11.31,5,3.2909002583189224,2.6964437779212522,6.3100000000000005,10
5152761,Devon Pryor,Oregon,10.08125,15,-0.017905170328345835,-0.8763006720372334,-4.918749999999999,16
5175008,Cameron Grant,Stanford,15.555000000000001,25,3.7538606521128934,-7.92320984701003,-9.444999999999999,20
5175069,Chris Johnson,UCF,19.528125000000003,35,9.447476878002604,1.7091093319893544,-15.471874999999997,32
5175007,Andrej Stojakovic,Illinois,23.45,35,15.147049942967563,4.999871433573763,-11.55,34
4683761,Kanaan Carlyle,Florida Atlantic,23.737037037037037,35,4.520831704461576,0.23914607460381915,-11.262962962962963,27
5175009,Aidan Cammann,Stanford,15.706060606060605,15,3.712009083530618,0.5080347769787288,0.7060606060606052,33
5176318,Kolton Mitchell,Idaho,23.270000000000003,15,6.231932358075717,1.2515394718635031,8.270000000000003,30
5176322,Isaiah Griffin,Western Illinois,21.864285714285717,25,-3.990045148796019,-7.268761714451928,-3.1357142857142826,28
5176325,Trent Johnson,Houston Christian,13.01666666666667,15,-0.490768182944084,-0.13616367190483486,-1.9833333333333307,30
5176324,Evan Otten,Idaho St.,18.46333333333333,5,-3.3779017478891795,-4.821901182454923,13.463333333333331,30
5176321,Kiree Huie,Eastern Washington,25.778125000000003,35,1.2373513630418986,-2.45065433751785,-9.221874999999997,32
5103630,John Blackwell,Wisconsin,25.294117647058826,35,15.153585675885704,6.735454383968543,-9.705882352941174,34
4895783,Nolan Winter,Wisconsin,18.093548387096778,25,9.741618500078514,8.29209780504932,-6.906451612903222,31
5174807,Jack Janicki,Wisconsin,9.503846153846153,5,1.217601148807692,0.174266363795433,4.503846153846153,26
4685686,Gus Yalden,Vermont,33.52258064516129,35,5.114109716786046,4.54223844164024,-1.477419354838709,31
4684270,Jaland Lowe,Kentucky,23.299999999999997,25,2.803958020604598,2.442154040009719,-1.7000000000000028,9
5174565,Papa Amadou Kante,Pittsburgh,13.4875,15,-3.9009463987642032,-3.9951959582933134,-1.5124999999999993,8
5314553,Braxton Williams,The Citadel,27.279999999999994,35,-0.594416646067442,-2.3302825472013056,-7.720000000000006,30
5177192,Bryce Darbyshire,Northern Kentucky,7.395454545454545,5,-2.2181049302851377,-8.061367840346447,2.3954545454545446,22
5177193,Randall Pettus II,Elon,21.716666666666672,15,-1.7361816569565367,-3.3565958768122344,6.716666666666672,30
5174971,Rueben Chinyelu,Florida,19.868571428571432,25,9.053929651806184,7.191871053186471,-5.131428571428568,35
5174973,Oscar Cluff,Purdue,18.728205128205122,25,17.540139949524253,9.99120763688143,-6.271794871794878,39
5117606,Parker Gerrits,Washington St.,12.270000000000001,15,7.370660815174504,-1.9545163922220112,-2.7299999999999986,30
5174972,AJ LaBeau,Cornell,18.275,15,-6.236053651201171,-7.185623579057098,3.2749999999999986,8
5060690,Spencer Mahoney,Temple,10.433333333333332,15,-18.246524129529874,-16.967470778044774,-4.566666666666668,12
5174970,Isaiah Watts,Maryland,15.099999999999998,25,8.408851597787432,-0.8624824063411569,-9.900000000000002,32
5176811,Elijah Jones,Longwood,12.208000000000002,5,-1.2738034432476146,-3.8138980311241095,7.208000000000002,25
5176812,Mac Wrecke,Green Bay,12.547619047619047,15,-4.407193032199673,-6.77221921033199,-2.4523809523809526,21
5176814,Marcus Hall,Green Bay,19.46551724137931,15,2.7624047531162206,1.23358214871278,4.46551724137931,29
5176815,David Douglas Jr.,Fresno St.,16.394444444444442,15,0.19575694621999296,0.26385781514850937,1.3944444444444422,18
5313187,Paul Greene,UMBC,15.779999999999998,35,11.235658319271936,0.2009857435361349,-19.220000000000002,20
5177579,Delyle Williams,Jackson St.,12.861290322580645,5,-3.2965668786665887,-6.434648923219804,7.861290322580645,31
5093264,Eli Rice,Penn St.,15.851724137931035,25,-0.7843211795459459,-2.74457415845749,-9.148275862068965,29
5174799,Matar Diop,Stetson,14.782758620689652,5,-0.8015177530328892,-7.721891661804468,9.782758620689652,29
5176139,Marvin Musiime-Kamali,Akron,11.196969696969697,15,3.633964334029682,1.1147095845828072,-3.8030303030303028,33
5176138,Zach Halligan,Akron,10.09375,5,-0.4461239422865936,-1.1746154274803522,5.09375,32
5176137,Darrion Baker,SIU Edwardsville,18.231034482758623,15,0.13746310596147357,-1.5938209907876777,3.2310344827586235,29
5175745,Yanis Bamba,Maine,16.787499999999998,15,-4.428705579248394,-9.069391542387963,1.7874999999999979,24
5312328,Jhei-R Jones,William & Mary,15.727272727272732,5,1.5072811510779835,-2.3558239035916846,10.727272727272732,22
5176494,Vincent Delano,Northern Colorado,16.80344827586207,25,-1.032375166369383,-4.21777797395677,-8.19655172413793,29
5176495,Kelson Gebbers,Portland,10.5,15,19.423729244261267,-8.91333221139645,-4.5,13
5176497,Tyler Harris,Vanderbilt,19.4,25,1.1248685354703174,-3.3309512478383794,-5.600000000000001,30
5176245,Brandon Muntu,Tennessee Tech,15.167857142857144,25,-0.9172864234225836,-2.1652635921450263,-9.832142857142856,28
5176248,Michael Sulaka,Western Michigan,13.390909090909089,15,2.4408968013719807,-5.173431789035072,-1.6090909090909111,22
4711280,Ashton Hardaway,Memphis,15.948,5,7.195809551119676,0.5544214905754101,10.948,25
4711271,Carl Cherenfant,McNeese St.,12.296774193548389,25,9.398576647128479,-0.8390853610128642,-12.703225806451611,31
5175712,Spencer Elliott,Charlotte,14.554545454545455,5,-0.9896341295445205,-3.606992659344692,9.554545454545455,33
4845370,Tyler Rolison,Nevada,19.11764705882353,25,2.504539003028317,0.31773068726457315,-5.882352941176471,34
5176227,Amire Robinson,Nevada,12.499999999999998,5,-0.07722829351046948,-3.3813705463013517,7.499999999999998,36
5314555,Simeon German,The Citadel,13.555555555555555,15,-3.7835151597380086,-9.611558367562218,-1.4444444444444446,27
5175887,Richard Nweke,Columbia,14.799999999999999,5,-4.311685756748865,-0.41285319120681285,9.799999999999999,18
5175888,Arop Arop,Memphis,12.344444444444445,25,-25.15166369195893,-9.265030139140217,-12.655555555555555,9
5175360,Churchill Abass,New Orleans,22.21818181818182,25,4.100253849504562,-1.965158611276044,-2.7818181818181813,33
5176351,Ty Pence,Illinois St.,18.619999999999997,25,8.652598035622615,3.2409728398475264,-6.380000000000003,35
5176352,Johnny Kinziger,Illinois St.,21.494285714285713,25,0.11830616892022267,-0.26602478101200916,-3.505714285714287,35
5176354,Chase Walker,Illinois St.,32.890625,35,8.496132268957194,7.524338029842861,-2.109375,32
5079838,Blake Buchanan,Iowa St.,17.200000000000003,25,8.131025014171193,6.268686313795327,-7.799999999999997,37
5080790,Elijah Gertrude,Virginia,15.005882352941176,15,-0.05653384110806314,-4.233585685645643,0.00588235294117645,17
5143921,Anthony Robinson,Xavier,16.300000000000004,15,1.5169343080860138,-5.685710902989158,1.3000000000000043,26
5142618,Christian Bliss,Delaware,26.74666666666667,35,1.9758588639083057,1.1841673870652758,-8.25333333333333,30
5176417,Belal El Shakery,New Hampshire,29.414814814814818,15,-3.8398131023717528,-5.595296676445021,14.414814814814818,27
5176418,Jeremy Lorenz,DePaul,17.08888888888889,15,-7.734743368859762,-5.058387880167185,2.0888888888888886,9
4901961,Christian Coleman,Oklahoma St.,18.538235294117644,15,1.8506015249051604,1.3424585625931533,3.5382352941176443,34
5175737,Yaxel Lendeborg,Michigan,20.485,25,17.430320564253986,15.210019266291587,-4.515000000000001,40
5174297,Cameron Barnes,Illinois St.,8.183333333333334,5,11.19563566017825,-3.095855601670751,3.1833333333333336,12
5060699,Rashaud Marshall,Austin Peay,21.493103448275864,35,8.742559396196237,3.005043005994578,-13.506896551724136,29
5187519,Adam Harakow,Wyoming,14.346874999999999,25,6.025130736002258,0.12051843127768513,-10.653125000000001,32
4895790,Noah Amenhauser,Oregon St.,22.189655172413794,25,-0.8224306743987304,-5.356354045031532,-2.8103448275862064,29
5174319,Mike Williams III,Seton Hall,18.781818181818185,15,3.6025485789632814,0.8963112187824844,3.781818181818185,33
4858606,Corey Chest,Mississippi,13.617647058823529,35,17.185554952877965,3.45609000417013,-21.38235294117647,34
5174661,Blue Cain,Georgia,20.31818181818182,25,7.323395063763583,6.712116534426718,-4.68181818181818,33
4894453,Mari Jordan,Radford,15.589655172413796,15,-1.1478783469255818,-3.7721316836357834,0.5896551724137957,29
5054083,Silas Demary Jr.,Connecticut,22.297435897435896,25,11.958688484080474,7.642199002211208,-2.7025641025641036,39
5176727,Dontae Horne,Prairie View A&M,31.300000000000004,35,2.788152038279,1.6108590552721829,-3.6999999999999957,33
5176728,Kaden Gumbs,Texas St.,17.793333333333337,25,-2.4491593081268745,-3.7840338249753356,-7.2066666666666634,30
4895794,Dylan James,Georgia,15.690909090909093,25,1.4629461435295683,-0.6065561467074833,-9.309090909090907,33
5176729,Ryan Bolton Jr.,Prairie View A&M,9.476923076923075,15,-0.8721187695151889,-25.30384820341318,-5.523076923076925,13
5176517,Michael Ajayi,Butler,27.375,25,4.43739791655148,4.477983955438175,2.375,32
5176518,Nils Cooper,UC Davis,22.14,25,4.191648419373166,1.788179772758927,-2.8599999999999994,25
5176520,John Squire,New Hampshire,12.864285714285716,15,-3.3725076740995066,-3.400878349004216,-2.1357142857142843,28
5174952,KJ Lewis,Georgetown,27.33214285714286,35,6.361219986303173,4.624096346185278,-7.667857142857141,28
5174953,Will Kuykendall,Baylor,27.7,35,5.81903850240749,-0.9099439100202718,-7.300000000000001,8
5174954,Motiejus Krivas,Arizona,18.853846153846156,25,11.327307736165348,9.343126762186703,-6.146153846153844,39
5174955,Paulius Murauskas,Saint Mary's,26.521875,25,7.243061883082425,6.556740676443013,1.5218750000000014,32
5313458,Curtis Williams,Gardner Webb,16.747826086956525,25,-3.908427857668427,-9.017283981660222,-8.252173913043475,23
5174957,Conrad Martinez,High Point,18.672727272727276,25,4.7863212888211315,0.8148812012686273,-6.3272727272727245,33
4895786,Isaiah Manning,Sam Houston St.,19.623076923076926,25,6.5464182238122595,-0.47586828925383584,-5.376923076923074,13
5101654,Jace Posey,TCU,25.303703703703704,15,-1.7922080117246009,-4.909131523144209,10.303703703703704,27
5176075,Cam Gillus,Howard,18.66451612903226,25,3.9470967731185005,0.33496989162513324,-6.335483870967739,31
5176077,Joshua Ingram,Lehigh,17.0030303030303,25,3.0629626587072067,0.5122477279241555,-7.9969696969697,33
5176078,Jake Pike,Lehigh,8.0625,5,-2.893976789669278,-7.226048111765869,3.0625,16
5176076,Nasir Whitlock,Lehigh,30.051515151515154,35,1.2340275683030217,-0.4033705411087484,-4.948484848484846,33
4895745,Tre Norman,Marquette,16.253333333333337,5,3.238859766342315,-3.2300627942062032,11.253333333333337,30
4895747,Jelani Hamilton,Georgia St.,29.72307692307692,35,8.605423636181452,4.3020235816786965,-5.2769230769230795,26
5103584,Kayden Fish,Ball St.,20.627272727272725,25,-5.136968418316712,-4.967026692895311,-4.372727272727275,22
5175036,Cade Kelderman,Iowa St.,9.705555555555556,5,9.686025543463709,-2.6315242659145777,4.705555555555556,18
4848637,Milan Momcilovic,Iowa St.,17.96486486486486,25,13.11903845910428,9.661995885058015,-7.035135135135139,37
5061598,JT Rock,New Mexico,20.277777777777775,5,14.651115585111018,4.553076078555871,15.277777777777775,36
5175037,Omaha Biliew,Wake Forest,14.082857142857144,5,3.7320692666634208,-0.7325214283602133,9.082857142857144,35
5177049,Bubz Alvarez,South Dakota St.,16.572222222222226,15,-2.0027507159555538,-4.952359226032305,1.5722222222222264,18
5177048,Joe Sayler,South Dakota St.,21.93103448275862,25,-0.9681727991048665,-1.5782791837503725,-3.068965517241381,29
5177047,William Whorton,Memphis,12.963157894736842,5,0.12290996701968049,-0.7721720985500063,7.963157894736842,19
5177051,Damon Wilkinson,South Dakota St.,27.217241379310344,25,2.4589878167491843,2.1242225642874337,2.2172413793103445,29
5314552,Gabe Hernandez,The Citadel,16.96875,25,-2.4704275280896866,-12.458889504598119,-8.03125,16
5142356,Baye Ndongo,Georgia Tech,22.62592592592593,15,3.810584835570017,2.881010170130306,7.62592592592593,27
5174557,Naithan George,Syracuse,22.775000000000002,15,2.061460656548354,1.8691173452575025,7.775000000000002,32
5174559,Ibrahim Souare,Syracuse,8.286206896551722,5,0.5221395364947177,-2.1008438029581984,3.2862068965517217,29
4872743,Aaron McBride,Loyola Marymount,14.653333333333332,25,4.520221847405904,0.7631218575643827,-10.346666666666668,30
5103590,Brandon Rechsteiner,Colorado St.,21.766666666666666,25,4.046590128423193,1.9890623014074547,-3.2333333333333343,33
4711266,Jaydon Young,North Carolina,15.203225806451613,25,2.2722606261446767,-5.665431394823407,-9.796774193548387,31
4845387,Gabe Cupps,Ohio St.,11.069696969696968,25,0.5949175202762809,-1.3369655627422823,-13.930303030303032,33
4895743,Jakai Newton,Georgia St.,24.847368421052632,25,-0.8629834800018694,-5.007847464209616,-0.15263157894736779,19
4683779,Mackenzie Mgbako,Texas A&M,24.671428571428574,25,-9.147242970471723,-3.8437778604752895,-0.3285714285714256,7
5174599,Trey Autry,George Washington,15.033333333333333,5,5.387284878885728,2.246226709353206,10.033333333333333,33
4845378,Jacoi Hutchinson,Longwood,22.72758620689655,25,1.355450207174141,-0.15035161312899029,-2.27241379310345,29
4685650,Christian Jones,George Washington,21.111764705882354,15,1.2384130293823172,0.11605445445316169,6.111764705882354,34
5174601,Zamoku Weluche-Ume,North Carolina A&T,20.881481481481483,15,-4.073678007417324,-4.682814756697995,5.881481481481483,27
5177093,Nicco DiGiulio,Canisius,24.3,35,8.765455828081754,-2.5521635618311174,-10.7,7
4895780,Mouhamed Dioubate,Kentucky,19.012903225806454,25,7.191511545820211,6.330506071619162,-5.987096774193546,31
4848623,Kris Parker,UCF,17.740909090909096,25,2.090201613289961,-8.431359099779131,-7.259090909090904,22
4873181,Jarin Stevenson,North Carolina,14.933333333333335,25,7.734972072519976,3.659187836161393,-10.066666666666665,33
4683781,Sam Walters,SMU,13.75,5,-4.533527346227073,-4.766060518979736,8.75,24
5060698,Devin Curtis,Southern Indiana,10.248,15,-5.883298083713596,-9.492522716893184,-4.752000000000001,25
5037870,Rodney Brown Jr.,Loyola Marymount,20.716666666666665,15,3.0930920912015925,0.4344521244023837,5.716666666666665,30
5175024,Vladimir Pavlovic,Mercyhurst,21.683333333333337,35,-49.82501980627948,-29.851386470232473,-13.316666666666663,6
5176946,Zach Kraft,North Dakota,12.587096774193547,15,-1.1466574936374527,-1.5602593090181491,-2.4129032258064527,31
5176950,Mambourou Mara,Houston Christian,17.375862068965517,25,3.649102497737439,-2.979103036523775,-7.624137931034483,29
5176951,Matthew Bothun,North Dakota,15.57222222222222,25,-10.816495090148088,-11.712569025629257,-9.42777777777778,18
5176669,Cliff Davis,James Madison,21.959375,15,3.3777765849158827,3.1001074709098093,6.959375000000001,32
4706918,Chase Forte,Boston College,19.219354838709677,25,5.930400031327168,-2.759139084093501,-5.780645161290323,31
5176672,Chris Mubiru,Northwestern St.,14.389999999999999,5,0.19138621665935304,-1.0429046686154162,9.389999999999999,30
5176673,J.C. Riley Jr.,Northwestern St.,17.18,25,3.908785925058458,-2.518136208634304,-7.82,20
5176670,Jae Slack,North Carolina Central,18.742857142857144,25,0.6653733386047369,-5.64604978340158,-6.257142857142856,28
5178199,Jakobi Heady,Bethune Cookman,21.345161290322583,25,4.443984462696198,3.7859440775533972,-3.654838709677417,31
5178200,Seneca Willoughby,Bethune Cookman,11.97857142857143,15,-3.8650675576152667,-4.064317943179197,-3.0214285714285705,28
5113182,David Tubek,UTEP,27.555555555555557,15,-5.970509719532878,-21.571248817680274,12.555555555555557,9
4884257,Isaiah Coleman,Oklahoma St.,18.421212121212122,35,2.6667487119392788,-0.9797728470390107,-16.578787878787878,33
5164367,Malachi Brown,Georgia St.,22.326666666666664,25,-1.7541436198762024,-2.372370664635368,-2.6733333333333356,30
5313049,Emanuel Prospere II,UC San Diego,23.56153846153847,25,1.1392467385209806,0.599379152784445,-1.4384615384615316,26
5112412,Troy Glover II,Bowling Green,15.57586206896552,25,3.91768174776929,0.14987719589852747,-9.42413793103448,29
5174976,Jayden Teat,Sacramento St.,21.33076923076923,25,-2.720974246878237,-8.23729045141344,-3.6692307692307686,26
5174977,Jake Wahlin,Clemson,14.305714285714284,15,1.4846075889333479,0.08146684177208416,-0.6942857142857157,35
5174978,Ayomide Bamisile,Louisiana Monroe,12.345454545454544,5,-5.044237780290722,-7.250462928664112,7.345454545454544,22
4610012,Eric Dailey Jr.,UCLA,21.602857142857143,25,4.565885644992565,2.5511868087303164,-3.397142857142857,35
5101865,Connor Dow,Oral Roberts,19.593333333333337,25,2.9962827048552287,-0.5091774697064063,-5.406666666666663,30
4685664,Justin McBride,James Madison,25.993333333333336,25,3.767255437661,0.8365605902374192,0.9933333333333358,30
4711306,Brandon Garrison,Kentucky,15.761111111111108,25,6.159562120528683,2.674040331386003,-9.238888888888892,36
4685662,Dusty Stromer,Grand Canyon,16.284374999999997,15,0.8725603884004308,-2.01556340993357,1.2843749999999972,32
5176261,Jun Seok Yeo,Seattle,21.309375000000003,15,0.4796881083125162,-0.9507735386979345,6.309375000000003,32
5142358,Jamichael Davis,Rutgers,16.170588235294115,25,7.000646798714537,1.1096553537362064,-8.829411764705885,34
5103832,Comeh Emuobor,New Hampshire,31.02307692307692,25,-5.599889206629508,-7.085708259431465,6.023076923076921,26
5175080,Nils Machowski,Wofford,24.226666666666674,25,0.9211510486413562,0.6711465762852752,-0.7733333333333263,30
4869764,Elliot Cadeau,Michigan,22.895000000000003,25,5.902454907266918,5.417724770664255,-2.104999999999997,40
4895793,Zayden High,North Carolina,19.072413793103443,5,8.893857779588123,-0.23434995652768928,14.072413793103443,29
5175971,Kai Yu,Bradley,17.80357142857143,15,-2.143036612870845,-6.018853709341071,2.8035714285714306,28
4895737,Solo Ball,Connecticut,21.8974358974359,25,2.3750519651826245,2.113850694487376,-3.1025641025640986,39
4845358,Layden Blocker,DePaul,24.096875,25,2.2763958173713728,0.7533886236168548,-0.9031249999999993,32
4894452,Myles Colvin,Wake Forest,22.014285714285716,25,2.801399595459771,1.0825586478345497,-2.985714285714284,35
4685647,Jaylin Stewart,Connecticut,15.74375,15,3.2850017443007946,2.363029197866667,0.7437500000000004,32
4895753,Jayden Ross,Connecticut,12.078947368421053,15,6.1641023926520955,4.086833741325491,-2.921052631578947,38
4683770,Baye Fall,Rutgers,13.511111111111111,5,-6.607435694583794,-9.547971205226297,8.511111111111111,9
5102797,Youssouf Singare,High Point,8.448275862068966,15,-5.218143313395818,-7.652498947266883,-6.551724137931034,29
5177350,Jeremiah Talton,Lindenwood,13.1875,15,2.4910617562620714,-5.367751518983197,-1.8125,8
5174981,Brandon Williams,UCLA,12.2,15,1.0173360547541508,-0.2582748355007941,-2.8000000000000007,34
4895746,Jayden Reid,Northwestern,26.147058823529413,35,3.299044303289549,0.2840513380085705,-8.852941176470587,34
4684276,Aden Holloway,Alabama,22.803571428571427,25,9.594670156373915,7.711267205475294,-2.196428571428573,28
5174652,Blake Muschalek,Auburn,9.881481481481481,5,-2.1210625569428743,-5.616240176659066,4.881481481481481,27
5174654,Addarin Scott,UMKC,18.223076923076924,25,-5.797998591171787,-10.708812793171886,-6.776923076923076,26
5174982,Berke Buyuktuncel,Nebraska,17.048484848484847,25,10.042742982905692,5.039161673376127,-7.951515151515153,33
4711270,Sebastian Mack,Missouri,22.177777777777777,25,-0.15652723997307078,-4.740769890904084,-2.822222222222223,18
5174983,Aday Mara,Michigan,23.7375,35,15.80696875128333,12.51270491963821,-11.2625,40
4685685,Devin Williams,Florida Atlantic,16.741935483870968,25,8.326489583740283,3.138105758247879,-8.258064516129032,31
5176159,Lukas Walls,Radford,12.627586206896554,15,-1.3159073040434506,-2.101967591412167,-2.372413793103446,29
5176160,Josh Holloway,Texas A&M,20.099999999999998,5,4.697990117996499,-1.7007033346749685,15.099999999999998,34
5174984,Jan Vide,Loyola Marymount,26.507692307692306,35,0.05701034242854364,-3.3530763594737647,-8.492307692307694,26
4838752,Riley Allenspach,George Mason,25.187096774193545,35,13.037810258325202,4.745366596194581,-9.812903225806455,31
5176798,Eren Banks,Appalachian St.,15.603571428571428,15,-4.699162585125015,-5.447396376086283,0.6035714285714278,28
5176799,Collin Kuhl,Stetson,22.669999999999998,25,1.8938103565384838,-0.9501600364439667,-2.330000000000002,30
5176801,Avantae Parker,Queens,22.3,15,3.9432119978159226,0.8848000082872753,7.300000000000001,34
5174630,Jack Graham,New Hampshire,20.560714285714287,15,-1.989474795933136,-2.699843434094524,5.560714285714287,28
5174631,Ryan Soulis,Columbia,16.479166666666668,15,1.0783009262922536,-2.0224600456758166,1.4791666666666679,24
5174628,Collin Tanner,Richmond,16.500000000000004,15,-2.2467051035625683,-2.638997707749984,1.5000000000000036,28
5174629,Mikkel Tyne,Richmond,17.926666666666666,25,2.871018675141189,-2.9715811769451403,-7.073333333333334,30
5176081,Troy Cicero Jr.,Loyola MD,20.15666666666666,15,4.358448676300316,-1.1846122684054263,5.156666666666659,30
5176082,Jordan Stiemke,Loyola MD,18.166666666666664,25,-0.8037730563103658,-4.779066351192102,-6.833333333333336,30
5177651,James Dent Jr.,Middle Tennessee,12.144444444444446,25,3.4547033343519686,-6.967356592203512,-12.855555555555554,18
5177655,Tay Knox,Texas St.,12.48333333333333,15,-2.8357062201527787,-3.1834731143847095,-2.5166666666666693,30
5102799,Mayar Wol,Bowling Green,21.862068965517242,35,4.700533711605247,1.7235178461482674,-13.137931034482758,29
5102798,James Scott,Mississippi,9.902857142857142,15,3.275365227820671,3.1507450372113937,-5.097142857142858,35
5177052,Hayden Tibbits,St. Thomas,16.047826086956526,15,0.7034712440234695,-5.204107237349562,1.0478260869565261,23
5177054,Ben Oosterbaan,St. Thomas,13.958064516129033,25,5.76263527311509,0.7861083841338069,-11.041935483870967,31
5142326,Marcus Adams Jr.,Arizona St.,16.057142857142857,15,-5.649578282137039,-2.2375686403271606,1.057142857142857,14
5174657,Alex Condon,Florida,23.74411764705882,35,11.903068431383502,9.804498977634937,-11.255882352941178,34
5080489,Thomas Haugh,Florida,21.08823529411765,25,12.018600695838954,9.4050331493895,-3.9117647058823515,34
5174659,Kajus Kublickas,Pacific,21.945161290322588,35,-2.764720687926965,-4.576652522791563,-13.054838709677412,31
4884255,Gavin Griffiths,Temple,17.396551724137932,25,10.851256953790159,3.4800386350492505,-7.603448275862068,29
5174805,Emmanuel Ogbole,Rutgers,14.823529411764707,25,-1.0434148664205114,-1.3645814567559358,-10.176470588235293,34
5174609,Miles Rubin,Loyola Chicago,20.70909090909091,15,4.52305105307163,3.5683675836556175,5.709090909090911,33
4848629,Jahmere Tripp,Rhode Island,25.57037037037037,25,4.378028706683853,2.273191828741725,0.5703703703703695,27
5143601,Jasai Miles,Indiana,11.188461538461537,5,1.2302013089898953,-4.545420874234649,6.188461538461537,26
5176208,Mason Lee,North Florida,15.676666666666668,15,-2.469620755756527,-2.9119382426002267,0.6766666666666676,30
5176209,Jaylen Smith,East Tennessee St.,22.25625,25,1.158343087700534,-2.373262341385809,-2.7437499999999986,32
5175973,Sean Newman Jr.,San Diego St.,15.384375,15,2.8479493599334127,0.6425382010123333,0.38437500000000036,32
5175974,Jaylin Henderson,Portland St.,28.564285714285713,35,1.7663476798070867,0.4516211288902137,-6.435714285714287,28
5175976,Terri Miller Jr.,Portland St.,30.239285714285717,35,8.979158265675709,5.701448233734737,-4.760714285714283,28
5177229,"Darin Smith, Jr.",Central Connecticut,29.682142857142857,25,-0.2343602729097163,-0.6325446347722078,4.682142857142857,28
5176039,Michael McNair,Boston University,20.984848484848484,25,3.605651324044733,3.0512853983954327,-4.015151515151516,33
5177038,Josh Jones,North Dakota,13.796153846153848,5,-4.682221629362224,-9.31232420880423,8.796153846153848,26
5177040,Jailen Bedford,Virginia Tech,21.819354838709685,25,1.6609808036003013,-0.7384069723153821,-3.1806451612903146,31
5175028,Braelon Green,Eastern Michigan,13.170370370370371,15,-4.5350409222355115,-7.231786125795414,-1.829629629629629,27
5175029,Malachi Davis,LIU,28.139999999999997,35,-1.9939804029823558,-4.401505296658603,-6.860000000000003,35
4711264,Jahnathan Lamothe,UNC Wilmington,17.005263157894735,25,1.3986824780713119,-2.5063836942881794,-7.994736842105265,19
5142360,Braden Pierce,Villanova,10.296666666666669,15,8.974945750448876,1.574009515831827,-4.703333333333331,30
5060688,"Jamie Kaiser, Jr.",Butler,15.030000000000001,15,3.9288382956955448,2.647250902645564,0.030000000000001137,30
5175741,Chandler Cuthrell,Elon,33.669999999999995,35,2.047011712291407,1.7124645126380307,-1.3300000000000054,30
5177167,Mike Evbagharu,Canisius,19.155172413793107,25,-1.475548384736852,-2.2432803813311097,-5.844827586206893,29
5177169,Max Frazier,Central Connecticut,19.70714285714286,35,7.755019689878476,0.8437962392123518,-15.292857142857141,28
5176176,Bryce Eaton,Saint Peter's,25.789285714285715,35,3.0929547573822305,-2.282905625027436,-9.210714285714285,28
5176181,Hunter Harding,Indiana St.,13.674999999999999,5,20.752859528353973,0.14580995583463974,8.674999999999999,12
5176182,Aidan Rubio,Eastern Michigan,14.81333333333333,25,-0.16500751950675308,-3.1445700198774373,-10.18666666666667,30
5176179,Shaedon Simpson,Saint Peter's,15.294117647058824,5,9.519157139385548,-6.3387904603869965,10.294117647058824,17
5176177,Cayden Vasko,Wofford,18.023333333333333,25,1.5503970981858963,-0.7267440679659689,-6.976666666666667,30
5177301,Melvin Council Jr.,Kansas,22.982857142857142,25,3.191244382095715,3.6146642866860557,-2.017142857142858,35
5176771,Yaak Yaak,Oregon St.,22.476000000000003,15,3.418748442448751,-2.9972998103623834,7.476000000000003,25
5176770,Jaden Harris,Kennesaw St.,14.699999999999998,15,-3.138975089727136,-3.239460222687285,-0.3000000000000025,19
5177015,Grant Stubblefield,Nebraska Omaha,17.75384615384615,15,-0.6241563574665381,-1.0506002522444569,2.753846153846151,26
5177019,Marcel Bryant,Prairie View A&M,22.95555555555556,25,-9.575710326691533,-8.604039890437544,-2.0444444444444407,9
5177021,Biko Johnson,Idaho,24.790909090909093,35,1.1198380992577046,-0.9503767512298806,-10.209090909090907,33
5176359,Christian Hammond,Santa Clara,23.148484848484852,25,6.170099445518978,3.8556042743077854,-1.851515151515148,33
5176361,Bukky Oboye,Santa Clara,17.84242424242424,25,7.318450074323694,4.155985299755597,-7.15757575757576,33
5176362,Luke McEldon,Mount St. Mary's,22.043333333333337,25,1.4492161582018048,0.9000895337115041,-2.9566666666666634,30
5177247,AJ Dancler,Coastal Carolina,23.745161290322578,25,-0.11204363302698227,0.4554457898530747,-1.254838709677422,31
5177252,Ocypher Owens,Tarleton St.,18.700000000000003,15,-4.490399138322613,-8.787683680802072,3.700000000000003,26
4711296,Brandon Gardner,Sacramento St.,12.361538461538462,5,-8.332356080348532,-7.23009447438796,7.361538461538462,13
5060696,Arrinten Page,Northwestern,22.92758620689655,25,5.630367431470336,3.019661978047885,-2.0724137931034505,29
4897575,Kezza Giffa,Mississippi,20.610714285714284,25,3.790623920902153,0.617466951352646,-4.389285714285716,28
5175660,Titas Sargiunas,Lipscomb,21.456666666666663,25,-3.400452579013631,-3.9455911208926677,-3.5433333333333366,30
5313947,Torrin Andrews,Coppin St.,16.186666666666664,15,-8.622215952912036,-10.10871820671399,1.1866666666666639,30
5176763,Torey Alston,Middle Tennessee,22.779310344827586,25,1.1079216552177082,-0.10049091681660154,-2.2206896551724142,29
5176765,Chris Loofe,Middle Tennessee,17.59310344827586,15,-2.6156434931552504,-4.825269665024127,2.5931034482758584,29
5175352,Ofri Naveh,Oral Roberts,21.162068965517243,15,-0.8202264180346244,-1.4362419132877215,6.162068965517243,29
5175853,Malcolm Wrisby-Jefferson,Brown,15.76,15,-3.922520954976398,-4.649396564770589,0.7599999999999998,25
5175854,Luke Paragon,Brown,15.987499999999999,25,4.376551786609625,-0.41216933303595454,-9.012500000000001,24
5175855,Adrian Uchidiuno,Brown,22.016,15,-0.09254927280499378,-5.799785330346248,7.015999999999998,25
5175857,N'famara Dabo,Brown,15.075999999999999,5,1.1124406380101217,0.061567600216258,10.075999999999999,25
4858612,Eli DeLaurier,East Carolina,19.04090909090909,15,-9.31547072287266,-9.485315138834913,4.040909090909089,22
5077373,Garwey Dual,McNeese St.,19.8875,35,8.826179869498747,3.536810521897668,-15.1125,32
5176529,Villiam Garcia Adsten,Drexel,17.075,5,-1.5941998707950307,-6.3337874933628076,12.075,32
5176530,Tan Yildizoglu,VMI,22.882758620689653,25,-6.502718707696529,-7.013824660944525,-2.1172413793103466,29
5176939,Josh Lee,Denver,15.523809523809524,5,1.1872262435546521,-7.871403595996263,10.523809523809524,21
5176937,DeAndre Craig,Purdue Fort Wayne,24.779310344827586,15,-1.0026315463018523,-1.5953616092829483,9.779310344827586,29
5176395,Derin Saran,UC Irvine,23.503030303030304,35,8.712476509269854,-0.3318616102307337,-11.496969696969696,33
5176396,Ben Egbo,UC Irvine,11.0,5,-6.885914320350235,-15.581639014100904,6.0,16
5176397,Carter Welling,Clemson,26.190624999999997,35,7.6273077637849225,6.031582523876867,-8.809375000000003,32
4711267,Jurian Dixon,UC Irvine,24.36969696969697,25,3.2222180311146444,2.603812172955985,-0.630303030303029,33
5117524,Cedric Lath,Houston,4.138095238095238,15,6.573902879619956,1.5367276694558722,-10.861904761904762,21
5060700,Joseph Tugler,Houston,19.435135135135134,15,10.544960914119857,8.878349141761626,4.435135135135134,37
5252055,John St. Germain III,Holy Cross,16.62333333333333,25,-2.667810107157684,-6.00759956852045,-8.376666666666669,30
5175952,Malik Mack,Georgetown,24.500000000000004,15,4.902437497561823,1.40673822362405,9.500000000000004,34
5175953,Xavier Nesbitt,Harvard,16.085185185185185,5,-6.319282652011156,-13.982137651321478,11.085185185185185,27
5175954,Thomas Batties II,Harvard,19.335714285714282,25,4.917371520712047,2.6197806987598518,-5.664285714285718,28
5175955,Luca Ace-Nasteski,Harvard,12.289473684210526,15,-1.5764708377384389,-5.896175587014523,-2.7105263157894743,19
5175016,William Kermoury,Northeastern,21.740740740740744,15,3.0745499663889495,-1.3762301141113251,6.740740740740744,27
5175017,JB Frankel,Northeastern,17.956666666666667,15,-3.6023185454268063,-5.683756887406105,2.956666666666667,30
4683785,Simeon Wilcher,Texas,16.69714285714286,15,0.2874682052332087,-0.7275662239130861,1.697142857142861,35
4685659,Brady Dunlap,Saint Louis,16.360606060606063,25,4.319566107552333,0.934359162583993,-8.639393939393937,33
5176331,Tyran Cook,Western Illinois,18.383333333333333,25,-5.308142507238745,-11.319170142016327,-6.616666666666667,24
5176333,Koree Cotton,UT Rio Grande Valley,27.23225806451613,35,6.459950201745634,4.445647419804551,-7.767741935483869,31
5176334,AJ Clark,VMI,14.790000000000001,25,-2.476049186729508,-3.840907535174183,-10.209999999999999,20
5176337,Walker Andrews,VMI,16.892307692307693,15,-5.7554258732077415,-9.32790098054282,1.8923076923076927,26
4683769,Kwame Evans Jr.,Oregon,22.719999999999995,25,7.428639405710966,5.6273422157729565,-2.2800000000000047,30
4845361,Jackson Shelstad,Oregon,22.45,25,2.047363092278707,2.6408993152956715,-2.5500000000000007,12
4683767,Mookie Cook,San Francisco,20.604166666666668,25,3.9153070601829567,-0.8866427342786948,-4.395833333333332,24
5176674,Kam Burton,Stephen F. Austin,16.440625,15,4.898020310895125,2.4656684651596246,1.4406250000000007,32
5176028,Greg Jones,American,22.496666666666663,15,0.48139099885016445,-2.22939282421214,7.496666666666663,30
5176029,Matt Mayock,American,15.055172413793105,5,2.789484198102991,-0.852847990102277,10.055172413793105,29
5175677,Kelcy Phipps,Portland St.,12.821428571428571,15,-0.09845539935411006,-2.030488770491266,-2.178571428571429,28
4711838,Ismail Habib,Southern Indiana,25.248,35,-0.8180810116850192,-4.786906469299234,-9.751999999999999,25
5174586,Jake DiMichele,Duquesne,11.743478260869564,5,-0.7492129349383996,-0.5248128973588817,6.743478260869564,23
5174582,Jakub Necas,Duquesne,14.703333333333331,25,6.284608163698052,0.03938747169825089,-10.296666666666669,30
5313265,Isaiah Williams,Portland St.,11.426086956521742,25,-0.07741166528588206,-3.498226674572276,-13.573913043478258,23
5103589,Brock Harding,TCU,17.517142857142858,25,4.074266919041395,1.9513650994938314,-7.482857142857142,35
5117582,Ladji Dembele,UNLV,15.239999999999998,15,-6.412815858858612,-6.412815858858612,0.23999999999999844,5
4858604,Pryce Sandfort,Nebraska,21.034285714285716,25,14.245951410689118,10.366862385143783,-3.9657142857142844,35
4894465,Owen Freeman,Creighton,20.103846153846156,35,13.764823671602091,4.870989115865779,-14.896153846153844,26
4683763,Jordan Butler,South Carolina,13.48,5,4.1000725530419135,-3.4563103211473485,8.48,25
5037881,Trent Pierce,Missouri,15.485,5,7.849144963770243,5.3562578632079685,10.485,20
5054085,Anthony Robinson II,Missouri,19.357575757575756,25,2.9248117032397922,2.2083212142566637,-5.642424242424244,33
5174298,Danny Stephens,Western Illinois,19.24666666666667,15,-6.037188281849696,-9.97673490106003,4.24666666666667,15
5176109,Noah Melson,Fairleigh Dickinson,16.577272727272728,15,-9.814659694869198,-10.715541723076289,1.577272727272728,22
5176111,Collin Mulholland,Chattanooga,24.756521739130438,25,-2.025213615885756,-5.190498520125873,-0.24347826086956204,23
5176308,Win Miller,Belmont,17.019230769230766,5,-0.4184924592220736,-8.4814803123712,12.019230769230766,26
5176309,Drew Scharnowski,Belmont,26.10333333333334,25,7.188105877426229,5.365585216335309,1.1033333333333388,30
5176310,Sam Orme,Belmont,18.93571428571429,15,6.5193944647637885,6.012745657835841,3.9357142857142904,28
5176311,Brigham Rogers,Belmont,17.029032258064515,25,6.738095501098401,3.4502935570454643,-7.970967741935485,31
5176042,Patrick O'Brien,Bucknell,13.171428571428569,25,-4.188431630085218,-8.220751859565135,-11.828571428571431,21
5176043,Brandon McCreesh,Bucknell,13.3625,15,-0.034747797722006625,-0.7201492752390712,-1.6374999999999993,8
4711279,Scotty Middleton,Tulane,14.896875000000001,5,-0.013623278281428952,-2.499771859127956,9.896875000000001,32
4685646,Taison Chatman,Ohio St.,16.42142857142857,15,3.523282600375838,0.2775849118124708,1.4214285714285708,28
4895776,Devin Royal,Ohio St.,21.403125,15,4.864623700945092,2.9989279999612153,6.403124999999999,32
5176388,Sheridan Sharp,Southern Indiana,19.585714285714285,15,-7.20410382871204,-7.3718787921644315,4.585714285714285,28
4711260,Austin Parks,Toledo,20.659375,25,0.9698059095235773,1.010031582621495,-4.340624999999999,32
4685654,Kennard Davis Jr.,BYU,13.6375,5,3.4549642897041344,1.550449058642543,8.6375,32
4685683,Aaron Bradshaw,Memphis,21.403448275862072,35,5.153063990061956,0.25465917061943455,-13.596551724137928,29
4683777,D.J. Wagner,Arkansas,14.762857142857142,15,2.2479870325733042,2.2443393681034616,-0.23714285714285843,35
5060684,Jordan Burks,UCF,19.363636363636363,15,7.675016859168592,5.768013955153349,4.363636363636363,33
5175357,Brock Vice,Murray St.,17.683333333333337,15,7.042406081581595,-3.740952990116351,2.683333333333337,30
5175358,Shane Thomas,Creighton,19.299999999999997,15,4.750433704616152,-3.4314571001602703,4.299999999999997,18
5176290,Daniel Akitoby,UTSA,15.204545454545455,15,-4.363717085869358,-6.773357922420747,0.20454545454545503,22
5174672,Michael Belle,VCU,16.113888888888887,5,3.6383489137998426,1.7854877411069066,11.113888888888887,36
5176294,Christian Oliver,Morgan St.,14.834782608695651,15,-2.1780969704878745,-9.642106448819092,-0.1652173913043491,23
5176296,Allen Udemadu,Jacksonville,17.999999999999996,5,-6.579632849722999,-8.373473737689523,12.999999999999996,23
5175758,Tom Mark,Cal St. Bakersfield,12.63846153846154,15,-1.3874012492089545,-2.114563223306504,-2.3615384615384603,26
5175759,Corey Stephenson,FIU,25.57857142857143,35,9.570003224108623,3.48086766295071,-9.42142857142857,28
5177716,Will Heimbrodt,Seattle,25.696875,25,3.244597894232784,2.943600458377449,0.6968749999999986,32
5177717,Malek Gomma,Weber St.,17.953333333333333,25,-1.105626907159937,-1.814801053279052,-7.046666666666667,30
5176632,Jackson Holcombe,Utah Valley,27.00322580645161,35,8.409907370798571,6.653491845095859,-7.99677419354839,31
4858609,Osiris Grady,UC Riverside,18.606666666666666,15,-3.7462149405028735,-4.284417407661928,3.6066666666666656,30
5177096,Greg Gordon,LIU,21.640000000000004,25,1.897291963921081,1.6209411459676684,-3.359999999999996,35
5177097,Jeremiah Quigley,Binghamton,27.053571428571427,35,-4.170493766266354,-4.793384745664424,-7.946428571428573,28
5177098,Jean Aranguren,George Washington,19.4235294117647,25,2.187832293546027,1.38527917761556,-5.576470588235299,34
5176731,Kerrington Kiel,Troy,15.425,25,10.391641742588803,-1.376050863484763,-9.575,32
5176732,Thomas Dowd,Troy,19.834375,15,4.637008504070555,3.478089136498182,4.834375000000001,32
5176734,Myles Rigsby,Tulsa,15.1,25,7.600237788310105,3.263578030247521,-9.9,31
5176736,Victor Valdes,Troy,31.4625,25,1.077892099152029,0.24003717794995333,6.462499999999999,32
5175027,Yanis Ndjonga,McNeese St.,8.315384615384614,25,2.9443111779462314,-1.170213192783252,-16.684615384615384,26
5033017,Miro Little,UC Santa Barbara,24.0125,25,7.047050466072992,5.6898078883764285,-0.9875000000000007,16
5175026,Omar Adegbola,Northwestern St.,20.763157894736842,25,-3.6543221169394005,-8.255530332178765,-4.2368421052631575,19
5176385,Kyle Pock,Northern Iowa,12.633333333333333,5,1.9318707185904864,-1.2350312909029,7.633333333333333,33
5176384,RJ Taylor,Northern Iowa,13.220689655172412,15,-1.7073058901736646,-4.121295419409079,-1.7793103448275875,29
5176733,Marcus Rigsby Jr.,UT Arlington,15.120689655172415,15,-2.1237541934560156,-3.931250313725234,0.12068965517241459,29
5176735,Jerrell Bellamy,Troy,20.521875,25,0.47616392906034155,-2.945527642939632,-4.478124999999999,32
5176737,Tayton Conerway,Indiana,23.50344827586207,25,5.698081707305412,4.456846912133407,-1.4965517241379303,29
5176741,Randarius Jones,Grambling St.,18.147368421052633,15,-5.736453351676041,-9.535858600051169,3.147368421052633,19
5176372,Tom Beattie,UC San Diego,18.612499999999997,25,4.561473808287254,2.3591214015116204,-6.387500000000003,32
5176374,Akira Jacobs,Fordham,12.175862068965518,15,-1.2166750433440776,-1.4283870144374835,-2.824137931034482,29
4845373,Dai Dai Ames,California,24.87575757575758,25,1.849347414321241,1.0384328606902797,-0.12424242424242138,33
5175042,RJ Jones,TCU,15.5,15,-0.5139911351223585,-4.8563783851231594,0.5,9
5103628,Macaleab Rich,UTSA,24.08888888888889,25,-7.19089144360501,-7.207093509793945,-0.9111111111111114,9
4683784,Isaiah West,Belmont,13.677419354838706,15,-0.5468525690235928,-2.226659884420301,-1.3225806451612936,31
4848631,Malik Presley,George Mason,12.121875,15,-3.4221942377782826,-5.833208807187719,-2.8781250000000007,32
4848644,"JaQualon ""JQ"" Roberts",Davidson,16.76774193548387,25,0.2661747194225704,-3.0461537446194558,-8.232258064516131,31
5174288,Jason Rivera-Torres,Monmouth,24.851515151515155,25,6.465991959624748,4.7332865973380045,-0.1484848484848449,33
4683782,Curtis Williams Jr.,Tulane,20.165625,25,-0.5601427236675345,-0.9700027544792893,-4.834375000000001,32
5174561,Koron Davis,Alabama A&M,25.213333333333335,25,-2.247263705855624,-3.048840548662757,0.2133333333333347,30
4845369,Ty-Laur Johnson,San Diego,30.09999999999999,35,-3.0525407655872905,-3.3207204048295655,-4.900000000000009,22
4872744,Dennis Evans,Grand Canyon,13.284,5,10.400287996699033,3.015053044709291,8.284,25
4711274,George Washington III,Florida Gulf Coast,20.107692307692307,15,-7.447677093496653,-18.867938113465367,5.107692307692307,13
5175675,Trenton Walters,Niagara,23.107999999999997,25,-2.665033908912724,-5.173900011134127,-1.892000000000003,25
4703804,Truth Harris,La Salle,14.947826086956523,5,-0.8437528411174376,-2.2047766571003655,9.947826086956523,23
5175676,Trevor Roe,Le Moyne,15.09375,5,32.10390826298339,1.1561533711174699,10.09375,16
5177699,Jalin Rice,Nicholls St.,19.093333333333337,25,-5.221881581032783,-7.62901297932709,-5.906666666666663,30
5177701,KJ Debrick,North Carolina A&T,19.251851851851853,25,2.976343451949249,-4.912506798441061,-5.748148148148147,27
5175067,Zion Stanford,Villanova,22.9,25,-15.18273023120023,-11.333624907424829,-2.1000000000000014,10
5174568,Bobby Durkin,Minnesota,15.17272727272727,15,3.2137892434621085,2.406139973332939,0.17272727272727018,33
5174569,Mike Loughnane,Northeastern,17.79354838709677,15,-1.457290387567961,-2.3928946435504383,2.79354838709677,31
5174570,Hunter Adam,Davidson,15.138709677419355,15,6.344584643091349,3.1599177783116894,0.1387096774193548,31
5174571,Rikus Schulte,Fordham,19.37241379310345,25,3.482000884783028,2.348575355958844,-5.627586206896549,29
4845379,Tristan Gross,Mercer,10.971999999999998,15,2.538011946789387,-2.112358484235953,-4.028000000000002,25
5175690,Logan Carey,Maine,22.335483870967742,35,10.084714197894327,-3.2681888585211625,-12.664516129032258,31
5175691,Isaac Bonilla,Maine,11.085714285714285,15,-3.679088454071947,-12.312650939251691,-3.9142857142857146,21
5177677,Alex Doyle,Stetson,15.09032258064516,15,-0.2632662492186281,-6.002645245488932,0.09032258064516085,31
5177678,Finley Sheridan,Stetson,17.91851851851852,15,-0.2877498613174794,-6.5219650029435945,2.918518518518521,27
5176298,Julius Mims,New Mexico St.,17.182758620689654,25,1.6261709535054087,0.8587924719360656,-7.817241379310346,29
5176305,Miles Klapper,Idaho,12.244444444444445,25,9.152295733991467,-2.081332463636199,-12.755555555555555,27
5176646,Jaylen Searles,Nicholls St.,24.351612903225803,25,1.2648748070224944,-3.3207048385182882,-0.6483870967741971,31
5176648,Hamed Olayinka,FIU,20.989655172413794,15,1.0462223003434137,-1.3693409575629238,5.989655172413794,29
5176649,Tennessee Rainwater,Le Moyne,19.483870967741932,15,-2.1094557345580043,-2.135353380043093,4.483870967741932,31
5181503,Andrew Henderson,UC Riverside,27.226666666666667,35,2.846851679300686,1.0694574570421898,-7.773333333333333,30
5176708,Dian Wright-Forde,Norfolk St.,22.66428571428571,25,-1.9818715499075645,-7.537641467769689,-2.335714285714289,28
5176710,Kam Parker,Texas A&M Corpus Chris,14.999999999999998,25,-1.1581812515581256,-3.3382558830813056,-10.000000000000002,22
5176712,"Teddy Washington, Jr.",Chattanooga,23.64285714285714,25,-1.3103051075527372,-6.495050085825509,-1.3571428571428612,28
5176713,Shilo Jackson,Le Moyne,24.35,25,2.5202985592389426,2.1659782835758183,-0.6499999999999986,26
5177227,Gabe Dynes,USC,12.748275862068965,5,3.0633421657245217,-1.434107090851445,7.748275862068965,29
5175705,Davide Poser,New Hampshire,13.735714285714286,25,4.137911733879982,-4.0520337654818865,-11.264285714285714,28
5175704,Ahmad Robinson,UAB,20.428,25,-0.9739105683325324,-0.459041197409878,-4.571999999999999,25
5174608,Tunde Vahlberg Fasasi,William & Mary,20.030000000000005,25,2.5604523228582936,2.2320961146599814,-4.969999999999995,30
5185239,Jabri Fitzpatrick,New Haven,25.278571428571432,15,-0.38322223697517827,-0.43857651525841995,10.278571428571432,28
5243013,Trey Deveaux,Mount St. Mary's,22.44444444444444,25,-0.8694317892368595,-1.530925304036476,-2.5555555555555607,27
5176169,Marcus Pigram,Western Illinois,19.086666666666666,25,-17.067801092136488,-17.340506602161962,-5.913333333333334,15
5176171,Christian Moore,The Citadel,22.321428571428573,35,0.7657111736147235,-2.501201410403597,-12.678571428571427,28
5176173,Keynan Davis,The Citadel,20.662068965517243,25,0.9298358875912535,-7.9570534280558745,-4.337931034482757,29
5176175,Quinn Nielsen,Boston University,10.207142857142857,15,-4.23038686124424,-8.505850407959764,-4.792857142857143,28
5175802,Sebastian Robinson,NJIT,30.741379310344822,25,-1.0441280292432762,-2.5378859199746215,5.741379310344822,29
5175806,Cameron Piggee,NJIT,25.882352941176475,15,-4.700096094872764,-12.097318549933066,10.882352941176475,17
5175807,Jeffrey Akintolu,NJIT,10.822222222222221,5,-3.1780433997627644,-4.247906567881483,5.822222222222221,18
5175808,JJ Chaikovsky,Long Beach St.,7.870588235294116,5,-1.8022064980076866,-7.551633361657512,2.8705882352941163,17
5175809,Tariq Francis,Rutgers,29.28235294117647,25,7.175761229543204,5.945451245504151,4.28235294117647,34
5174958,Jerry Deng,N.C. State,20.4625,25,-4.111877061561486,-2.2740621863018653,-4.537500000000001,8
4711303,Donovan Raymond,Old Dominion,11.046666666666663,25,6.793070229080751,-5.125281339028757,-13.953333333333337,30
4683765,Rayvon Griffith,Kent St.,14.112903225806452,25,-3.914166764253969,-4.14511504015436,-10.887096774193548,31
5175032,Day Day Thomas,Cincinnati,20.403030303030302,25,7.008803678406798,4.447280065257441,-4.596969696969698,33
5175033,Jizzle James,Cincinnati,18.91304347826087,25,5.360678131313281,1.8615339572289682,-6.086956521739129,23
5176399,Sherman Weatherspoon IV,Utah Valley,13.517241379310345,5,-0.4285872088223616,-4.845537254133831,8.517241379310345,29
5176400,Jahari Williamson,Kent St.,13.256250000000001,15,3.1173084782707288,2.6798838807282883,-1.7437499999999986,32
5176401,Lucas Scroggins,Saint Peter's,13.934615384615386,15,2.590109921934129,-0.04196174299874379,-1.0653846153846143,26
5176402,Cooper Schwieger,Wake Forest,13.34705882352941,25,2.0670436214802264,-0.27293489737918447,-11.65294117647059,34
5176404,Kaspar Sepp,Cornell,17.392307692307693,25,-1.0578857706135711,-2.1626322021213342,-7.607692307692307,26
5313685,Hampton Sanders,Columbia,17.765384615384615,25,1.2760522946268085,-4.3811124532088535,-7.234615384615385,26
5240668,Dalyn Brandon,Southern Miss,8.278947368421052,5,2.1882431526463333,-4.818553183322202,3.2789473684210524,19
5182078,Josh Gatete,Air Force,13.493333333333332,5,3.7622176330936736,-10.043631312984642,8.493333333333332,15
5182081,Luke Kearney,Utah St.,22.054545454545455,35,45.39742374898668,7.4496625790850315,-12.945454545454545,11
5182084,Caleb Walker,Air Force,26.041666666666668,25,-0.13802599332545856,-2.9457057127014092,1.0416666666666679,24
5182079,Kolby Gilles,Air Force,20.090625000000003,5,-9.83321011523673,-11.879822538328632,15.090625000000003,32
5182077,Wesley Celichowski,Air Force,16.209375,5,-4.501983371430462,-6.377321035766337,11.209375000000001,32
4895755,Asa Thomas,Furman,18.368,25,3.6089629230393077,1.2576064230484547,-6.6320000000000014,25
5177122,De'Shayne Montgomery,Dayton,21.774999999999995,25,8.167620495980493,5.28548658820116,-3.225000000000005,36
5175145,Jaiden Cole,Towson,22.13333333333333,35,-16.545230652410595,-10.88651268223358,-12.86666666666667,6
5177124,Patrick Haigh,Mount St. Mary's,12.850000000000001,5,-1.848793154349864,-6.788601080888436,7.850000000000001,18
5177125,Dallas Hobbs,Rice,21.4125,25,-10.86668588594085,-8.413580221246924,-3.5874999999999986,8
5175146,Mekhi Lowery,Illinois Chicago,17.957575757575757,15,1.8579948135394175,0.6796584197207096,2.957575757575757,33
4895782,Ronald Jessamy,Cal St. Bakersfield,26.113793103448277,25,-0.0902584234183551,-1.5469368035768016,1.1137931034482769,29
5175148,Tyler Tejada,Towson,25.406451612903226,35,8.563020864970142,4.2706069310716,-9.593548387096774,31
5174594,Baraka Okojie,Mercer,29.768965517241373,35,2.0070759665013114,1.5668587076758562,-5.231034482758627,29
4895779,Austin Ball,Eastern Kentucky,17.02758620689655,25,4.815606092030738,-4.580666862355861,-7.972413793103449,29
4895795,Michael Nwoko,LSU,26.984375,35,6.487882755448694,4.062509683390317,-8.015625,32
5095063,Paul Djobet,Nebraska Omaha,28.735000000000003,35,5.9110290904284755,2.329121888629527,-6.264999999999997,20
5313667,DJ Dudley,Louisiana Tech,25.306451612903228,25,-1.871241151188308,-1.9318215062735935,0.30645161290322775,31
5176283,Cam Manyawu,Iowa,18.15675675675676,25,6.043322023190795,5.123170125365856,-6.84324324324324,37
5176285,Jonas Sirtautas,Loyola MD,15.429411764705883,5,-1.9920806519278333,-2.485528569459462,10.429411764705883,17
5176280,Kael Combs,Iowa,15.232432432432432,5,3.603705905558276,1.693275136614721,10.232432432432432,37
5176286,Jacob Theodosiou,Loyola MD,30.908,35,-0.23071850326042273,-2.0746559905804154,-4.091999999999999,25
5177534,Stephen Byard,Chicago St.,24.018181818181812,25,-2.408975532218396,-3.567775789165984,-0.9818181818181877,22
5174941,Horace Simmons,Drexel,14.958333333333334,15,-5.642832654431115,-9.326174819098286,-0.041666666666666075,12
5177538,Jalyke Gaines-Wyatt,Hampton,25.311111111111117,35,-0.7155132109654385,-6.084176762063223,-9.688888888888883,27
5177539,Djahi Binet,Southern Miss,19.421212121212122,25,3.6758502632261267,1.7980325481115813,-5.578787878787878,33
5243238,Marcus Overstreet,San Jose St.,14.424,15,0.44739159987813665,-3.6403595936641775,-0.5760000000000005,25
5176836,Darius Duffy,Purdue Fort Wayne,11.137931034482758,15,-0.30344046013736137,-2.8046161902846305,-3.862068965517242,29
5176835,Aaron Franklin,Milwaukee,13.129032258064516,25,0.9966123972478803,-1.8667977651725234,-11.870967741935484,31
4858608,Simeon Murchison,Milwaukee,8.55625,5,1.2123148075946224,-12.722913359524386,3.5562500000000004,16
5313872,Brayden Shorter,Murray St.,17.803030303030305,5,-1.5470291920442303,-3.3849411575032073,12.803030303030305,33
5175763,Kendrick De Luna,Cal St. Fullerton,14.953125,5,-0.8379002447872589,-2.664450406077661,9.953125,32
5175785,Keonte Jones,Dayton,15.029729729729727,5,6.674777604489596,2.556466640246482,10.029729729729727,37
5175788,Bryan Ndjonga,Canisius,25.433333333333334,25,-2.2132745699427816,-3.700311909627915,0.43333333333333357,30
5175414,Mekhi Cameron,Tennessee Tech,20.685714285714287,15,-3.1863505826381355,-3.9167712150255034,5.685714285714287,28
5175415,DeJour Reaves,Fordham,28.113793103448273,35,6.054767173262797,5.233695684002468,-6.886206896551727,29
5175417,Egan Shields,Northern Colorado,17.182142857142853,5,1.200765477624984,-1.0099473308731077,12.182142857142853,28
5242619,Jadin Collins-Roberts,Marist,16.759999999999998,25,-0.7240312005486285,-2.2557802817251362,-8.240000000000002,30
5177120,Jason Schofield,Marist,24.264,25,9.608109230121299,3.1227373031198056,-0.7360000000000007,25
5177121,Josh Pascarelli,Colorado St.,17.092307692307692,5,7.716814415694304,2.0094555743752056,12.092307692307692,26
5176084,Cam Cole,Navy,16.799999999999997,25,2.7409899821800416,-0.9869289246017674,-8.200000000000003,32
5176087,Donovan Draper,Navy,20.34,25,6.330564022083721,1.8274407763150635,-4.66,30
5176093,Julian Gabbidon,Navy,25.96,35,-9.175185974277435,-9.40549214620328,-9.04,5
5176094,Nyles Howard,Navy,28.311111111111114,35,-14.43592047530204,-0.7896228070505465,-6.688888888888886,9
5176086,Jinwoo Kim,Navy,15.962499999999999,25,6.005635204938923,-1.108683420190231,-9.037500000000001,32
5176091,Jordan Pennick,Navy,16.403125000000003,15,-6.153050097544788,-6.337774453583263,1.4031250000000028,32
5174574,Jaiun Simon,Dayton,15.824999999999998,15,2.7680168326364023,0.6218938284579852,0.8249999999999975,36
5103571,Jamari McDowell,Kansas,12.165714285714285,15,2.646883821848177,-2.1786926351565037,-2.8342857142857145,35
4872739,Elmarko Jackson,Kansas,16.891176470588235,5,1.7275249002230406,-1.2709739698349032,11.891176470588235,34
5176792,Braeden MacVicar,Coastal Carolina,19.79565217391304,25,-1.9280170554983476,-9.499909608075663,-5.204347826086959,23
5176954,Jeremiah Burke,Denver,21.84137931034483,25,-1.7989396620282965,-2.882596120359034,-3.1586206896551694,29
5176795,Jacob Meyer,UAB,20.45185185185185,25,-0.5320575883201846,-3.192275357212555,-4.548148148148151,27
4685687,Jaylen Carey,Tennessee,21.71351351351351,15,7.491395369926234,3.0559159998173877,6.7135135135135116,37
5176753,Tai Hamilton,Winthrop,16.211111111111112,5,0.07968393013732585,-10.199526991831009,11.211111111111112,18
5176794,Jon Sanders,Eastern Michigan,21.32592592592593,35,19.875793838262926,-3.7229477955908217,-13.67407407407407,27
5177041,Shey Eberwein,South Dakota,21.081818181818182,15,-1.482097013644875,-4.445209964085966,6.081818181818182,11
5177042,Isaac Bruns,South Dakota,29.5,35,0.2413023933400559,-0.5277862027181894,-5.5,17
5177043,Jake Brack,South Dakota,9.434782608695652,5,-4.426680578674052,-4.237165806854648,4.434782608695652,23
5174815,Gavin Walsh,UNC Wilmington,19.092307692307692,15,1.743700272265715,1.4222243547937672,4.092307692307692,13
5176190,Arne Osojnik,Northern Arizona,23.01923076923077,25,-3.42239279691122,-10.131259772946732,-1.98076923076923,26
5174814,Stephan Snagg,Binghamton,8.936,15,-6.874303102463746,-6.479023264650535,-6.064,25
4711255,Jeremy Fears Jr.,Michigan St.,27.137142857142862,35,12.078627392737532,10.188013548565735,-7.862857142857138,35
5176058,DeAndre Williams,Holy Cross,19.941935483870967,25,-2.3198628957948317,-6.086966101927016,-5.058064516129033,31
5176059,Kahlil Singleton,Canisius,17.006896551724136,25,0.06285497766773371,-1.3122242495669967,-7.993103448275864,29
5176061,A.J. Wills,Hofstra,15.156249999999998,15,-5.114006263117451,-6.769541454542912,0.15624999999999822,16
5176062,Joe Nugent,Holy Cross,17.661904761904765,25,2.5462635616188694,1.911649848349494,-7.338095238095235,21
5176063,Declan Ryan,Holy Cross,22.432000000000002,25,-4.761443397708155,-9.972803224002513,-2.567999999999998,25
4711304,Xavier Booker,UCLA,14.563888888888888,5,9.398977058419662,4.75600132019546,9.563888888888888,36
4872740,Coen Carr,Michigan St.,19.988571428571426,25,8.203889711169237,5.285365179030235,-5.011428571428574,35
5175404,Bailey Nunn,Cal St. Fullerton,11.571428571428575,15,-0.9311823777613625,-2.809666967084205,-3.4285714285714253,21
5313198,Rob Stroud,Green Bay,35.56363636363636,35,-5.7585821444146985,-6.888101438331645,0.5636363636363626,11
5175408,Bowyn Beatty,La Salle,14.399999999999999,5,-4.86876306088768,-9.214491331076491,9.399999999999999,9
5174669,Miles Rose,Albany,15.726923076923073,15,-6.373772864285775,-11.70195120027888,0.7269230769230735,26
5176064,Luke Rasmussen,Tulane,15.588235294117647,15,7.450513067998289,-8.31013053401482,0.5882352941176467,17
5176065,Mark Butler,Lafayette,19.07741935483871,25,-2.5527036380828902,-4.49596310809248,-5.92258064516129,31
5176066,Misha Bednostin,Lafayette,17.02962962962963,5,-2.793675402015135,-13.54285248704537,12.029629629629628,27
5176067,Andrew Phillips,Lafayette,21.88387096774193,15,-0.6336516238282476,-1.849535289103169,6.883870967741931,31
5176068,Joshua Wyche,Lafayette,9.099999999999998,5,-6.859922957381867,-10.311856414315374,4.099999999999998,11
5175409,Chudi Dioramma,Arkansas St.,15.908333333333331,25,3.9825206256960644,-2.684296260626663,-9.091666666666669,24
5177284,Ace Talbert,Gardner Webb,15.87241379310345,15,-6.046008940064115,-7.398562754069465,0.8724137931034495,29
5177286,Eli Wilborn,James Madison,18.386666666666663,25,1.879055662272185,-4.959114528507116,-6.613333333333337,30
5177291,KJ Swain,Saint Francis,12.91666666666667,15,-12.926310219748022,-10.356188587928392,-2.0833333333333304,12
5178211,Jonathan Griman,Cal Baptist,16.01290322580645,5,3.5455416741013113,-0.6098661042526603,11.01290322580645,31
5176272,Dallin Grant,Utah Tech,28.414285714285718,35,-44.69771214331002,-18.22032937657925,-6.585714285714282,7
5176273,Karson Templin,Utah St.,22.511428571428574,15,3.3538877240359306,2.156097839637837,7.511428571428574,35
5176274,Kalifa Sakho,Houston,8.391176470588235,15,8.294728184550017,2.9868383365801505,-6.608823529411765,34
5175171,Quentin Jones,Saint Louis,18.464705882352945,25,3.9485205456533388,2.4316626513395825,-6.535294117647055,34
5175174,Justin Page,Niagara,23.665000000000003,35,1.2355841894204882,-4.536345657934166,-11.334999999999997,20
5175170,Joel Armotrading,Nevada,16.16190476190476,15,3.3003514247759784,1.171958019665858,1.1619047619047613,21
5175173,Jackson Mosley,Cal Poly,26.65625,25,-0.34317034614238273,-1.2046669062376194,1.65625,16
4685658,Taylor Bol Bowen,Alabama,13.846666666666666,15,3.089960272439189,1.853050732364005,-1.1533333333333342,30
5174671,Waka Mbatch,Montana St.,17.766666666666666,15,2.3694877387995033,1.1287365065234036,2.7666666666666657,9
5176231,Bryce Ford,Arizona St.,15.170370370370371,15,-1.241857270829059,-2.5257431145885216,0.17037037037037095,27
4845365,Sonny Wilson,Toledo,23.018749999999997,15,2.4631579610368717,2.004317822442064,8.018749999999997,32
5176232,Sam Lewis,Virginia,19.380555555555556,15,3.7384676480936556,3.654826728036646,4.380555555555556,36
5176233,Grgur Brcic,Bucknell,14.266666666666667,25,2.4148544306345245,-4.132354243552351,-10.733333333333333,18
5174289,William Patterson,New Orleans,8.0,5,-12.915146908015322,-7.292993490220215,3.0,7
5177606,Tidjiane Dioumassi,Western Carolina,21.525000000000002,15,-1.9496163764735526,-3.0411770732675536,6.525000000000002,28
5177605,Jordan Johnson,Bethune Cookman,14.712903225806452,5,-2.2967231615236194,-7.438690106580471,9.712903225806452,31
5176314,Kevin Overton,Auburn,17.231578947368416,25,9.397273061343844,3.9483027958731696,-7.7684210526315844,38
5176315,Colby Garland,San Jose St.,29.50357142857143,25,5.892633721987851,3.7867094964331804,4.50357142857143,28
5176317,Elijah Price,Nevada,23.210810810810816,15,4.611711563774095,3.827193047278253,8.210810810810816,37
5176046,Jalen Cox,Colgate,27.903448275862072,25,4.8130246484047365,3.7283340747880707,2.903448275862072,29
5176047,Cooper Wright,Colgate,7.514285714285713,15,-1.7467122563877415,-3.072734546676553,-7.485714285714287,28
5176049,Sam Wright,Colgate,23.409677419354836,15,0.10765535767338935,-2.752258993738721,8.409677419354836,31
5174292,Rob Dockery,La Salle,25.4258064516129,35,6.471653848440826,1.3147776542445115,-9.5741935483871,31
5174291,Bryce Lindsay,Villanova,21.206060606060603,25,1.9387590057071473,1.6212982622923802,-3.7939393939393966,33
5174293,Tyler Ringgold,Tulane,22.01290322580645,15,-1.0169687231277607,-2.3181357604370367,7.0129032258064505,31
5093253,Kyan Evans,North Carolina,15.406060606060606,5,1.0325922070032443,-4.207576694289895,10.406060606060606,33
5176196,Rashaan Mbemba,Colorado St.,24.53809523809524,25,2.7413086001902323,-1.8266205875800239,-0.4619047619047585,21
5176193,Dylan Faulkner,Samford,30.232142857142858,35,8.648810069779506,5.815390082469645,-4.767857142857142,28
5177611,Rodney Johnson Jr.,Central Michigan,23.075,25,-6.387963690201724,-4.460022044768401,-1.9250000000000007,8
5313932,Joey Niesman,Fairleigh Dickinson,21.05172413793104,25,-2.150932942058765,-2.1286868711604363,-3.948275862068961,29
5176412,Isaiah Moses,Eastern Washington,26.871875,35,3.906907656787644,1.0567230214803822,-8.128125,32
5176415,Chip Brunt,Northwestern St.,15.267857142857144,15,-2.5313219570401504,-7.763277787594112,0.2678571428571441,28
5177173,Jacob Huggins,Princeton,17.339285714285715,25,0.03177238705408213,-1.9629192549695051,-7.660714285714285,28
5177174,Jackson Hicke,Princeton,24.16071428571429,35,3.577334452721376,1.72751787460696,-10.839285714285712,28
5177175,Dalen Davis,Princeton,29.878947368421063,35,4.0954176492628465,-2.7978707330722123,-5.121052631578937,19
5314176,Joseph Locandro,Maryland Eastern Shore,23.606666666666666,25,-1.2636781111436661,-4.0530622071241815,-1.3933333333333344,30
5175078,Eemeli Yalaho,Washington St.,18.083870967741934,25,1.7078421925778122,1.676891777819769,-6.916129032258066,31
5174850,Aaron Davis,Bryant,21.90714285714285,15,-1.985059402232891,-6.455311858698823,6.907142857142851,28
5174851,Keyshawn Mitchell,VCU,14.169999999999998,5,4.482235181467695,-3.822721076772585,9.169999999999998,20
5175842,Dez White,Oregon St.,18.269999999999996,15,-1.1702327940389665,-1.6554916897068201,3.269999999999996,30
5107900,Jonathan Dunn,North Carolina Central,15.314285714285715,15,-11.225882119329219,-16.54809647669459,0.31428571428571495,7
5142584,Adrian Myers,San Jose St.,19.639285714285712,25,2.721515011935736,0.7940727991581681,-5.3607142857142875,28
4895740,Josh Hubbard,Mississippi St.,31.643749999999997,35,8.168095843553377,6.005318462311116,-3.356250000000003,32
5174316,Harrison Alexander,SIU Edwardsville,21.90666666666667,35,-11.416118463078169,-8.936260246897787,-13.09333333333333,15
5174317,Jaquan Scott,Arkansas Pine Bluff,27.46333333333333,25,-2.1377432573578306,-3.300719266454891,2.463333333333331,30
5176553,London Fields,East Texas A&M,11.904347826086955,15,-5.325747976928868,-7.491033205307578,-3.095652173913045,23
5176556,Brandon Hardy,Southern,11.566666666666668,5,-3.067157655610023,-4.969856766323636,6.566666666666668,30
5176751,Jordan Leaks,Norfolk St.,14.989285714285714,15,-5.751854109734307,-5.41847552443664,-0.01071428571428612,28
5176752,Chris Fields Jr.,Campbell,29.188,25,-1.5166379481874261,-3.2043613670267797,4.187999999999999,25
5177218,Dayjaun Anderson,UAB,14.70689655172414,15,-2.849566157530258,-3.8492764679499496,-0.29310344827585944,29
5177703,Kavion McClain,Monmouth,26.109090909090913,35,11.622817860225696,3.314522915463999,-8.890909090909087,11
5177215,Solomon Callaghan,Wright St.,14.621875,15,3.0301474109479867,-0.5343162998210598,-0.3781250000000007,32
5177702,Yaniel Rivera,Abilene Christian,16.933333333333334,15,0.5153472197975959,-1.1713286780210928,1.9333333333333336,27
5177217,Carson Schwieger,Queens,16.045454545454547,15,0.685347467349709,0.00518408436134209,1.0454545454545467,33
5177219,Kaden Brown,Southern Indiana,21.527272727272727,25,-3.774246279811308,-4.574989811663217,-3.4727272727272727,11
5177705,Ma'Shy Hill,Abilene Christian,12.513333333333332,5,-2.8761546538359326,-9.576464815532756,7.513333333333332,30
5175391,Arman Madi,Sacramento St.,14.922222222222224,15,-1.7601117463305955,-2.9514407805472938,-0.07777777777777573,27
4869737,Wesley Yates III,Washington,21.466666666666665,15,1.994245914476002,1.303002957196483,6.466666666666665,27
5174974,Isaiah Sherrard,Georgia St.,12.87,15,-7.365931224221863,-6.0556718880880736,-2.130000000000001,10
5313225,Christian King,Montana St.,24.468000000000004,15,-0.6120525327808626,-2.81234856359572,9.468000000000004,25
5313203,Brian Hawthorne,South Alabama,19.188888888888886,5,-9.549643964889496,-27.746719649490288,14.188888888888886,18
5176164,Davion Bailey,Incarnate Word,26.74642857142857,35,6.15287709672992,-0.35429813833549495,-8.25357142857143,28
5176166,Trent Middleton Jr.,North Carolina A&T,23.167857142857148,35,-1.313561501104741,-3.223627946051216,-11.832142857142852,28
5176481,Andrew McKeever,Saint Mary's,23.565625,15,5.049168194161641,4.413123772078912,8.565625,32
5176167,Mason Jones,Ball St.,9.320689655172414,5,-0.7782694723994363,-1.9598929637456575,4.320689655172414,29
4711402,Jordan Ross,Georgia,16.040625,25,5.232937467089734,0.6242974435151467,-8.959375000000001,32
5177694,Money Williams,Montana,35.18333333333333,35,2.894245057628179,2.2675351459255553,0.18333333333333002,30
5177695,Chase Henderson,Montana,16.3125,35,0.49769937360648103,-6.12724465990879,-18.6875,16
5177696,Zack Davidson,Northern Arizona,27.150000000000002,25,-1.7850762072167732,-2.27756214272721,2.150000000000002,12
5177698,Connor Dick,Montana,10.64090909090909,15,-0.8528002402081827,-8.785841433738016,-4.359090909090909,22
5174579,Marqus Marion,Wake Forest,8.200000000000001,5,1.4648443385699568,-1.0071097185503661,3.200000000000001,20
4895742,Aaron Clark,Pepperdine,25.080000000000002,25,-0.11045826938500213,-1.5133066073332553,0.08000000000000185,30
4845382,Parker Friedrichsen,Davidson,20.921875,15,3.05976184360246,1.1715985557256248,5.921875,32
5176465,Kilian Brockhoff,William & Mary,24.37,25,-1.5955073942790947,-3.075144330071575,-0.629999999999999,30
5240024,Brady Hardewig,West Georgia,9.69310344827586,15,-4.868371648169485,-6.66468055540289,-5.30689655172414,29
5240034,Tamaury Releford,Morehead St.,17.743333333333332,25,2.355856601174533,-1.5695002250740362,-7.256666666666668,30
5175897,Ian Imegwu,Cornell,32.284615384615385,35,47.68685303048323,16.487175057889008,-2.7153846153846146,13
5175898,Jacob Beccles,Cornell,18.192307692307693,25,0.8528466467218697,-1.410153913984009,-6.807692307692307,26
5175900,Jake Fiegen,Cornell,24.24090909090909,25,6.107668987159948,5.106852875002363,-0.7590909090909115,22
5174619,Cam Estevez,Fairfield,14.889473684210525,25,-5.732587998646653,-8.20942216496119,-10.110526315789475,19
5174620,Always Wright,UT Rio Grande Valley,16.58709677419355,15,-3.967040114290155,-5.890559108986308,1.5870967741935509,31
5174621,Tyson Brown,Radford,12.98965517241379,15,-3.1135781615380567,-3.4206242542520178,-2.0103448275862092,29
5174624,David Fuchs,San Francisco,28.221428571428564,35,5.745358531274544,1.301280718515742,-6.778571428571436,28
5176660,Hasan Abdul Hakim,Memphis,20.33846153846154,15,-1.5879451226797636,-4.264802332865591,5.338461538461541,13
5176661,Saliou Seye,Grambling St.,17.553333333333335,35,-7.598360830324005,-12.763575851076768,-17.446666666666665,15
5174995,Camian Shell,Delaware St.,23.799999999999997,25,-7.479390894768363,-7.479390894768363,-1.2000000000000028,5
5174860,Ace Valentine,UMBC,18.756666666666668,25,1.591928297263589,1.1353484641244562,-6.243333333333332,30
5177685,Okechukwu Okeke,Albany,17.53793103448276,15,-0.010456512345180968,-1.1026975112654949,2.53793103448276,29
5177686,Jaidon Lipscomb,Cleveland St.,21.153333333333332,25,-0.46939149955703424,-0.12047153836347298,-3.8466666666666676,30
5174858,Franck Emmou,Texas St.,14.403448275862068,5,0.4006874471588271,-1.805002332592703,9.403448275862068,29
5177687,Travis Gray,Wagner,19.11578947368421,25,9.639036393148698,-1.642710589723885,-5.8842105263157904,19
5175001,Nikolaos Chitikoudis,Robert Morris,23.30333333333333,15,1.464715048723191,-0.3243073246876578,8.303333333333331,30
5176262,Rob Whaley Jr.,Kent St.,25.27,35,-0.8020820657595898,-2.222797474746443,-9.73,30
5175919,Ben Brown,Dartmouth,10.186666666666667,5,-3.7718367895312563,-11.619572037052523,5.186666666666667,15
5175657,Darryl Simmons II,St. Bonaventure,20.430303030303033,25,3.866718408479189,-0.24093148923253543,-4.569696969696967,33
5175920,Patrick Tivnan Jr.,Dartmouth,9.763636363636364,5,-9.444807222685021,-9.212562155224877,4.763636363636364,11
5175921,Niko Abusara,Dartmouth,17.97142857142857,15,2.33928153003177,-2.614874530547503,2.9714285714285715,21
4873093,Dedan Thomas Jr.,LSU,26.625,25,5.884136622706473,6.171291274692624,1.625,16
5176263,Jacob Bannarbie,UNLV,20.006896551724136,15,0.2898951418539633,-1.4021507329585736,5.006896551724136,29
5101624,Brooklyn Hicks,Montana,18.61,25,-0.4420687953938725,-0.5718993086334301,-6.390000000000001,30
5313951,Tyler Koenig,Coppin St.,18.003703703703703,15,-5.381835763128184,-7.39054437123609,3.003703703703703,27
4895738,Rahmir Barno,Florida Gulf Coast,21.821875,25,-2.1101040084202833,-3.1740512601811086,-3.1781250000000014,32
5176355,Toyaz Solomon,UNC Asheville,27.224137931034488,35,3.9717412385858535,0.9948182974567789,-7.7758620689655125,29
5176356,Javoy Thompson,Maryland Eastern Shore,11.853333333333332,25,-9.296143616840274,-9.64941656479927,-13.146666666666668,15
5257916,Dalton Gayman,North Florida,21.88,35,5.715338557526645,-2.3387364491488998,-13.120000000000001,30
5070505,Kaden Cooper,Louisiana Tech,18.446153846153848,15,1.8387928177236874,1.493964073775652,3.446153846153848,26
5238222,Jacolb Fredson-Cole,McNeese St.,17.43125,25,2.145939711499063,-1.6464076615021972,-7.568750000000001,32
5314472,Jordan Frison,Chattanooga,25.686206896551724,25,3.2388552540173157,1.0802111841767439,0.6862068965517238,29
4845380,Maki Johnson,East Tennessee St.,11.1375,15,2.3396920115398863,0.24405670511581978,-3.8625000000000007,32
4711273,Gabe Sisk,East Tennessee St.,24.362499999999997,35,20.07147398534129,0.7631029840537223,-10.637500000000003,16
5177719,Harrison Reede,Incarnate Word,8.63913043478261,5,2.6959545545789285,-8.114495842820475,3.6391304347826097,23
5177722,Prophet Johnson,Sacramento St.,25.170370370370367,35,10.095282305396971,3.596583890046123,-9.829629629629633,27
5177724,Nestor Dyachok,North Florida,15.056666666666668,5,-3.580106848007109,-6.795668826679171,10.056666666666668,30
5177725,Brock Felder,Seattle,14.553846153846154,25,7.22321427257535,-3.115941392557316,-10.446153846153846,26
5176357,Corey Jones,UNC Asheville,12.013333333333334,5,-8.274080740920432,-13.500613737766379,7.013333333333334,15
5176643,Nasir Mann,Queens,21.400000000000006,25,1.5224128047181045,0.5643591777138909,-3.5999999999999943,34
4845368,Tru Washington,Miami FL,21.24838709677419,25,6.2235093027165505,4.463900238186585,-3.7516129032258085,31
5143604,JT Toppin,Texas Tech,30.352000000000004,35,9.344629409726467,8.02154002765534,-4.647999999999996,25
5175011,Josiah Lake II,Oregon St.,21.257575757575758,25,3.196866382776796,2.5795662059515703,-3.742424242424242,33
5172339,DaJohn Craig,Coastal Carolina,16.13548387096774,15,2.8752967468587114,-1.0138563954742041,1.1354838709677395,31
4858602,Matt Reed,Iona,12.57058823529412,5,0.5270788562141396,-10.926665268092199,7.570588235294119,17
5240882,Nate Kingz,Syracuse,16.178125,25,10.455211236206583,4.201887555721052,-8.821874999999999,32
5175014,Thomas Ndong,Cal Baptist,14.856250000000001,25,1.8868049854631184,0.7110873708741834,-10.143749999999999,32
4848642,Jarred Hall,Middle Tennessee,35.72222222222222,15,-9.4496151207815,-43.53323178724877,20.72222222222222,9
5175727,Carlous Williams,Tennessee St.,14.244827586206899,5,-6.527838179372864,-7.922651160256961,9.244827586206899,29
5175726,Tyshawn Archie,McNeese St.,27.090625000000003,15,15.35476168035273,6.002351471228423,12.090625000000003,32
5243386,James Thomas,Mercyhurst,11.054838709677421,5,-2.227006734916587,-5.140590525526411,6.054838709677421,31
5314540,Cassius Brooks,UTEP,13.18148148148148,5,-4.315982801712747,-8.34648650952749,8.18148148148148,27
5176754,Luke Wilson,Appalachian St.,18.999999999999996,15,2.7989744882915457,2.0622171566975784,3.9999999999999964,30
5176755,Jordan Marsh,USC,20.18518518518519,15,1.664562759416991,-1.6727287631759447,5.1851851851851904,27
5176756,Etienne Strothers,Hampton,19.816666666666666,35,2.859183181721819,-3.5430971920979366,-15.183333333333334,30
5176757,Josh Hayes,Utah,10.246875,5,-0.687819684406481,-2.1763999165243204,5.246874999999999,32
5176758,Tre'Von Spillers,Wake Forest,17.928571428571427,25,8.86324370099704,4.617306071539769,-7.071428571428573,35
5176260,Pavle Stosic,Pepperdine,13.696666666666665,25,-0.4409882876254554,-3.7951438657685443,-11.303333333333335,30
4845388,Jaylen Jones,Jacksonville,22.824137931034485,35,1.6492186745775317,-3.244569781783949,-12.175862068965515,29
5175821,Camp Wagner,Indiana St.,21.650000000000002,15,1.4951690341250898,-0.9042351687287022,6.650000000000002,30
5143603,Gabe Warren,Holy Cross,20.44516129032258,25,0.9860191294793292,-1.230984995333338,-4.554838709677419,31
5060685,Keanu Dawes,Utah,19.799999999999997,15,5.148481370607003,4.273168185790976,4.799999999999997,32
5175364,Caedin Hamilton,Marquette,15.23125,5,6.197147284702481,-3.3896622914299726,10.23125,32
4895750,Zaide Lowery,Marquette,19.10909090909091,15,2.898812761467917,-2.220891919605874,4.109090909090909,11
5174665,Zvonimir Ivisic,Illinois,15.343243243243245,25,14.413240195439128,8.999583942642595,-9.656756756756755,37
5175066,Terrance Dixon Jr.,Southern,17.28064516129032,25,0.46838981094914567,-3.7320576089315325,-7.71935483870968,31
5175064,Jason Edwards,Providence,28.804347826086957,25,4.2473446807839155,1.9558671971907031,3.804347826086957,23
5175065,Alex Cotton,Howard,14.467857142857143,25,4.561126873055806,-1.5055341057049036,-10.532142857142857,28
5175057,Jakel Powell,UNC Asheville,6.628571428571429,15,-7.861358981657863,-7.867239021803305,-8.37142857142857,7
5175058,Devin Vanterpool,Florida Atlantic,23.28636363636364,25,5.489945436420069,4.201760476397307,-1.7136363636363612,22
5176788,Bubu Benjamin,George Washington,13.858620689655172,5,3.4108631490248893,-1.255994095864518,8.858620689655172,29
5176787,Emmanuel Innocenti,Gonzaga,12.728571428571428,5,4.765470826910534,4.853406070717628,7.728571428571428,35
5176781,Izzy Miles,Northwestern St.,23.633333333333333,35,1.874093075351335,-3.0035221666951215,-11.366666666666667,30
5176784,Quinton Perkins II,Mercer,17.184,15,-3.8502345294616847,-4.46167050980601,2.184000000000001,25
4684268,Fred Payne,Boston College,24.629032258064512,35,7.315805826405387,3.4712697160776833,-10.370967741935488,31
4685671,Jayden Hastings,Boston College,16.85806451612903,15,2.8024986139383397,1.7460284858649608,1.85806451612903,31
5174555,Elijah Strong,South Carolina,28.265625,35,3.509029991892738,-1.0864890712947588,-6.734375,32
5313448,Jaquias Franklin,Charleston Southern,16.514285714285712,25,0.3006573472247819,-5.89588054106876,-8.485714285714288,21
4901166,Tay Smith,North Dakota St.,15.1125,25,5.752072851343414,-0.047486679760084916,-9.8875,32
5242266,Kieran Elliott,Cal Poly,12.158823529411766,15,1.7759325565718893,0.34744559346860754,-2.841176470588234,17
5313493,Noah Pagotto,East Texas A&M,17.363333333333333,25,1.6894743147389033,-0.18272806507670764,-7.636666666666667,30
5177358,Jerone Morton,Washington St.,16.935483870967747,15,1.1670845291755174,-0.07928232910597428,1.9354838709677473,31
5177359,Eddie Ricks III,James Madison,14.009677419354839,5,3.902043581914095,1.8072724277752557,9.009677419354839,31
5177360,George Marshall,Morehead St.,21.953333333333333,25,3.36039828622869,0.8091455770529498,-3.046666666666667,30
5313753,Kiani Saxon,Wyoming,10.946875,5,-1.9312183745069804,-3.7622126025234763,5.946875,32
5177207,Tuburu Naivalurua,Oakland,20.090322580645164,25,1.954405299174484,1.2304320014676235,-4.909677419354836,31
5313184,Ayden Carter,Detroit Mercy,26.4,25,-1.5884800706840232,2.8771234126673972,1.3999999999999986,8
5176346,Augustinas Kiudulas,Colorado St.,21.72121212121212,25,-0.5382905003806318,-1.3775404797016222,-3.278787878787881,33
5176347,Eli Shetlar,Drake,13.803125,15,2.2292012448092997,0.725343947832774,-1.1968750000000004,32
5176348,Cooper Bean,Indiana St.,24.740000000000002,15,6.587231648643366,-16.200481218030582,9.740000000000002,15
5176349,Jaden Daughtry,Richmond,27.52,15,2.22098638416262,-0.21973596416925922,12.52,30
5176350,Derek Vorst,Indiana St.,18.89047619047619,15,1.367577646477631,-3.3956622330539132,3.890476190476189,21
5175665,Emanuel Richards,Longwood,19.179310344827588,25,-1.4360737336135285,-3.8401867351453376,-5.820689655172412,29
5175669,Jaylen Benard,Longwood,18.13448275862069,15,-0.7080135788637352,-1.5365403079232376,3.1344827586206883,29
5175666,Johan Nziemi,Longwood,22.06666666666667,25,1.848235171629137,0.025620163098415343,-2.93333333333333,27
5176571,Dani Pounds,Tennessee Tech,31.87307692307693,25,-0.679615151750121,-5.688239048434265,6.87307692307693,26
5176572,Leeroy Odiahi,Western Kentucky,8.85,15,-2.5794253497826545,-7.066120087559313,-6.15,28
5314482,Will Aljancic,Holy Cross,13.366666666666667,15,-14.520210999707668,-8.850248628026167,-1.6333333333333329,15
5177364,Jordan Pickett,SIU Edwardsville,16.507142857142856,15,-6.06002929242409,-7.589891914722303,1.5071428571428562,28
5174638,Djordje Curcic,Charleston,15.8125,15,-18.250831155878558,-16.57148228009872,0.8125,8
5177530,Micah Octave,Florida A&M,16.045454545454547,15,4.0101043394850775,3.0168706709039284,1.0454545454545467,22
5177532,Ubong Okon,Robert Morris,8.9,15,17.018749920042545,-4.351865540228925,-6.1,15
5174639,Abou Magassa,Wyoming,13.614285714285714,5,-3.076408645537582,-4.725394087670766,8.614285714285714,28
5177533,Sean Smith,Middle Tennessee,23.01034482758621,35,3.47554109175332,2.022480079848244,-11.98965517241379,29
5174642,Tsvet Sotirov,Georgia Southern,12.666666666666666,15,-6.0602744847689465,-8.814996116618639,-2.333333333333334,33
5174643,Stef van Bussel,Duquesne,13.673333333333336,15,-3.5640293362760214,-2.7706855207621888,-1.3266666666666644,15
5174637,Cian Medley,Kent St.,20.729032258064517,25,-2.75273293803025,-3.252673963176775,-4.270967741935483,31
5177189,Anquan Boldin Jr.,Florida A&M,16.86,15,1.1382508143044952,-4.251029329478304,1.8599999999999994,20
5177188,Ryan Sabol,Buffalo,24.560000000000002,35,4.752894643430035,0.7946677753489949,-10.439999999999998,30
4895759,Bryson Wilson,Binghamton,21.980769230769234,15,-4.315980253187881,-6.2524284291918075,6.9807692307692335,26
5174633,Xzayvier Brown,Oklahoma,22.348648648648652,25,5.710023541991441,4.331946902536404,-2.651351351351348,37
5174634,Anthony Finkley,Saint Joseph's,18.41176470588235,15,-1.9483220904151357,-3.9001926859862133,3.4117647058823515,34
5174636,Dasear Haskins,Saint Joseph's,19.605882352941176,15,2.721425439879999,1.4966247138878805,4.605882352941176,34
5174632,Shawn Simmons II,UMass Lowell,15.496153846153845,25,0.4590320615872367,-3.4601155826939403,-9.503846153846155,26
5177341,Nakyel Shelton,Loyola Marymount,12.918518518518521,15,-3.9160474100561236,-8.418804950726598,-2.081481481481479,27
5189254,Mussa Mzein,Mississippi Valley St.,16.396875,25,-9.684606781013287,-15.365429646288947,-8.603124999999999,32
5176423,Aidan Burke,UC San Diego,12.890625,5,-0.11590105734027256,-1.0542644320574819,7.890625,32
5175372,Sebastian Hartmann,Chattanooga,16.44,15,1.4935236642934633,-0.1287699149395479,1.4400000000000013,5
5175374,Emmett Marquardt,Eastern Washington,16.556666666666665,15,-1.4169057683084334,-2.238528977646625,1.5566666666666649,30
5175371,Nic McClain,Belmont,28.128571428571426,25,3.1198630822587683,0.8475359978696003,3.1285714285714263,14
5175375,Vice Zanki,Niagara,18.057142857142857,25,1.8030372454780208,-2.017077684573125,-6.942857142857143,28
5177148,Armoni Zeigler,Ball St.,24.90689655172413,35,1.1598474606816989,-1.6381688098298666,-10.093103448275869,29
5177149,Michael Houge,Oakland,22.19259259259259,15,-3.0238008124469684,-4.788583138097573,7.1925925925925895,27
5177741,Jayson Petty,UMKC,19.160714285714285,25,-0.7887465201231436,-3.4435373145031014,-5.839285714285715,28
5177742,Malik Olafioye,Eastern Illinois,17.505555555555556,5,-7.844055771051842,-9.243894814555526,12.505555555555556,18
5177743,Jamar Brown,UCLA,11.233333333333333,5,5.638115251496814,-0.1091982789251143,6.2333333333333325,36
5177744,Cameron Faas,Fresno St.,12.493548387096773,15,-0.36157068883596133,-1.3801491157735684,-2.506451612903227,31
5177211,Alvaro Folgueiras,Iowa,22.335135135135133,35,8.361650195194223,6.035515064681341,-12.664864864864867,37
5093252,Eian Elmer,Miami OH,17.099999999999998,15,3.7596337520679497,3.015863112805232,2.099999999999998,31
5176212,Evan Ipsaro,Miami OH,21.089999999999996,25,6.115658661947977,4.6469956113276885,-3.9100000000000037,10
5176213,Mekhi Cooper,Lindenwood,15.163333333333334,25,-5.653689123244444,-7.026811599871491,-9.836666666666666,30
5177516,Chrishawn Christmas,Stephen F. Austin,12.76875,15,3.4434202661436086,1.7021614109843264,-2.2312499999999993,32
5314297,Ernest Shelton,Merrimack,20.855882352941173,25,1.3639202037392153,0.7523399000644804,-4.1441176470588275,34
5242556,D'Aundre Samuels,Houston Christian,23.633333333333333,25,-2.4483288495263085,-3.420877407047768,-1.3666666666666671,30
5313260,Tamario Adley,Central Michigan,24.224137931034484,25,2.5850052699244968,0.7730918428997974,-0.775862068965516,29
5313558,"Rob Lee, Jr.",Lamar,25.741379310344822,35,11.589995579641586,0.9880365405108393,-9.258620689655178,29
5242568,Jordan Pyke,Incarnate Word,21.816666666666666,25,4.450916442553592,-0.22393425920194412,-3.1833333333333336,24
5247935,Parker Applegate,Central Arkansas,15.711111111111112,5,-1.8310113654798297,-10.202862438489104,10.711111111111112,27
5183379,Bryce Roberts,Texas Southern,17.734782608695653,25,0.005272404540825702,-1.6296074194988217,-7.265217391304347,23
4711256,Caleb Foster,Duke,17.593939393939394,25,8.849381710953717,3.772682325326407,-7.406060606060606,33
4684843,TJ Power,Penn,22.944827586206898,35,10.377902180166924,4.267810215276786,-12.055172413793102,29
4869739,Sean Stewart,Oregon,17.534375,15,0.3599783817080986,0.10836467832329133,2.5343750000000007,32
5313186,Jah'Likai King,UMBC,23.093333333333337,35,0.019425414275758078,-2.115653228942606,-11.906666666666663,30
5176206,LA Hayes,UTEP,21.651999999999997,25,8.958145552491613,-7.545615324082439,-3.3480000000000025,25
5176207,Donovan Hunter,Bellarmine,19.74642857142857,5,-2.384761310095352,-10.990500175306627,14.74642857142857,28
5313224,Cavin Holden,Montana St.,18.233333333333334,15,-3.366236051964839,-1.7192964741030874,3.2333333333333343,6
5313938,Arthur Cox,Fairleigh Dickinson,25.85185185185185,35,0.905211193043049,-3.63005898400354,-9.148148148148149,27
5243015,Ifiok Peter,Western Illinois,18.819047619047616,25,-6.769403566297028,-14.380675512671086,-6.180952380952384,21
5175021,Bangot Dak,Colorado,22.728125,15,5.703462951085193,2.6215505250060445,7.728124999999999,32
4685648,Courtney Anderson,Montana,22.525,15,9.057880227121647,4.680972680823491,7.524999999999999,8
4711295,Assane Diop,San Diego,17.559259259259257,25,-3.947576286604271,-5.6676692988572475,-7.440740740740743,27
5175850,Kenyon Goodin,Bellarmine,15.144827586206896,25,-0.9737309046893456,-2.4110838922677034,-9.855172413793104,29
5175851,Grant Whitaker,Bellarmine,15.44,15,-2.8516599682964157,-8.107561412533778,0.4399999999999995,25
5176747,Tyreese Watson,UTEP,26.24,25,-6.542702383892067,-7.557614406764058,1.2399999999999984,5
4896371,Makai Willis,Texas St.,24.59333333333334,15,0.7529738668875997,-5.612751520460969,9.59333333333334,30
4898257,Jerry Ngopot,Coastal Carolina,13.050000000000002,5,2.34563644583808,-5.343240913644827,8.050000000000002,24
5176750,Ajay Tew,Louisiana Monroe,24.39090909090909,35,-15.100113536542404,-16.635048675500823,-10.60909090909091,11
5242634,Carmelo Pacheco,UCF,9.651612903225807,15,8.202976271001456,3.325041440078908,-5.348387096774193,31
5261271,Lav Cvetkovic',IU Indy,10.66,15,-4.0671107367912285,-11.130031652799127,-4.34,10
5174611,Jaylen Curry,Oklahoma St.,22.130303030303033,35,4.41441253253615,1.3920559532210848,-12.869696969696967,33
5174612,Robert Davis Jr.,Old Dominion,17.624,25,0.501805556450627,-4.021965464491958,-7.376000000000001,25
5177275,Adam Clark,Seton Hall,26.1,15,4.822341592999327,2.2441554278010316,11.100000000000001,33
5312888,Creighton Morisch,Austin Peay,9.813793103448274,15,-6.151182464726259,-7.34872371962938,-5.186206896551726,29
5177297,Louie Semona,Western Kentucky,10.085714285714285,15,-2.2193245797748027,-8.176159346171765,-4.914285714285715,7
5177298,Todd Brogna,Merrimack,14.570588235294117,5,2.7265556344480255,-0.7848949355306124,9.570588235294117,34
5176224,Nasir Muhammad,Albany,22.76666666666667,25,-6.544178951926484,-9.297156588567276,-2.2333333333333307,12
5176342,Eddie Placer,Wagner,16.77037037037037,25,-0.45623464094165944,-3.762067413220186,-8.229629629629631,27
5313638,Asa White,Eastern Kentucky,13.31111111111111,25,-16.06983041529675,-4.581830448898655,-11.68888888888889,18
5180944,NaVuan Peterson,Gardner Webb,13.751999999999999,25,4.494348784774631,-4.855155589430804,-11.248000000000001,25
5314171,Zion Obanla,Maryland Eastern Shore,23.829999999999995,25,-0.6873729713183399,-2.2155060463702134,-1.1700000000000053,30
5176186,RJ Johnson,Kennesaw St.,25.122580645161293,35,8.739379570588719,0.4812976066192029,-9.877419354838707,31
5176187,Frankquon Sherman,Kennesaw St.,19.9,15,1.2260983081802723,0.6087362636088194,4.899999999999999,32
5176188,Marcus Whitlock,Middle Tennessee,10.455555555555556,5,13.48915368877262,3.810493624395952,5.455555555555556,18
4711259,Dra Gibbs-Lawhorn,UNLV,25.423529411764708,35,5.255064224554324,4.507466975285246,-9.576470588235292,34
4685673,Amani Hansberry,Virginia Tech,24.323333333333338,15,9.755516699905131,6.978151339753768,9.323333333333338,30
5107904,Rob Martin,High Point,28.334374999999998,35,5.041946720467668,2.5419328349170884,-6.665625000000002,32
5177367,BJ Ward,Southeast Missouri St.,22.030000000000005,35,-0.36976404966209486,-3.419432911345724,-12.969999999999995,30
5177368,TJ Biel,Maine,20.137931034482758,25,-0.864642544657137,-2.191894097758955,-4.862068965517242,29
5107891,Braxton Stacker,Southeast Missouri St.,20.65666666666667,25,1.8002539617078372,-1.9183719603544545,-4.34333333333333,30
5177370,Marqueas Bell,Southeast Missouri St.,20.69333333333333,25,1.5068147900118574,-1.2530893909445302,-4.306666666666668,30
5174959,Abdi Bashir Jr.,Kansas St.,20.272222222222226,25,4.686927389908456,4.584078947808392,-4.727777777777774,18
5174962,Cornelius Robinson Jr.,Monmouth,19.125,15,-4.114014049828447,-4.457618156434579,4.125,32
5174960,Corey Miller,Monmouth,11.05,15,-1.4935381169224027,-1.7661335434424088,-3.9499999999999993,8
5177126,Ahmad Henderson II,Illinois Chicago,29.34242424242424,35,0.5658049470017684,-0.48330754149030075,-5.65757575757576,33
5182412,Tyler Perkins,Villanova,20.73030303030303,25,10.206710770554771,6.576800371812378,-4.2696969696969695,33
5182413,Sam Brown,Davidson,21.419999999999998,35,3.8008300388807172,-4.68855961646809,-13.580000000000002,30
5182415,Augustus Gerhart,Penn,14.513793103448274,5,-0.06672441078437519,-2.0728728819434212,9.513793103448274,29
5182416,Niklas Polonowski,Penn,11.45,5,6.547584321630959,-5.722091720091812,6.449999999999999,22
5174853,Seth Joba,Idaho,14.218181818181819,5,1.457793807372803,-2.1141148389095745,9.218181818181819,33
4895789,Noah Barnett,Vermont,12.348275862068967,15,0.7938332557924449,-1.2567693126573047,-2.6517241379310335,29
4703805,Marcus Niblack,Canisius,27.071428571428573,25,-11.068463212096352,-8.817072288734554,2.071428571428573,7
5179285,Zach Bell,Southern Utah,24.6875,25,-6.5077883417151865,-10.822987858851274,-0.3125,8
5179286,Jalen Griffith,Western Michigan,25.016,35,-1.935519194563406,-1.8209683195310091,-9.984000000000002,25
5179287,Donovan Rivers,Jacksonville,23.616666666666667,15,-4.283984354796909,-5.648000067600173,8.616666666666667,30
5177521,AC Bryant,Jacksonville St.,19.05,25,4.005294932583259,2.6000288935403413,-5.949999999999999,28
5176662,Makaih Williams,Grand Canyon,25.721874999999997,35,6.692920631118477,4.741961242980059,-9.278125000000003,32
5176664,Kade Douglas,Tarleton St.,19.582142857142856,25,0.01553184741629714,-9.748427255806604,-5.4178571428571445,28
5177520,Bilal Abdur-Rahman,Alabama A&M,18.748148148148147,15,-0.9976612319977377,-4.238635424693214,3.7481481481481467,27
5177732,Chuck Bailey III,Nevada,18.115151515151513,15,-1.281906364162726,-3.978547283530874,3.1151515151515135,33
5177734,Joshua Hughes,Evansville,15.626666666666669,15,-1.9152361369758752,-2.563298941131335,0.6266666666666687,30
5177526,Chad Moodie,Appalachian St.,10.83,5,-1.9340807160932434,-2.533974553658204,5.83,30
5177736,Ben Humrichous,Illinois,10.978378378378379,15,6.516937582080179,6.337198771413543,-4.021621621621621,37
5174947,Colby Duggan,Charleston,18.08421052631579,25,1.0062682169386719,-2.736800215142595,-6.91578947368421,19
5175795,Bautista Giralt,Albany,17.114285714285717,35,-40.806969675689636,-11.532782489008978,-17.885714285714283,14
5175796,Muneer Newton,Campbell,15.578125,15,0.7743818733594753,-1.3794811575500303,0.578125,32
5175797,Zach Matulu,Albany,18.036842105263155,15,-0.24256081764926252,-0.8021271692427269,3.0368421052631547,19
5177185,Trevor Mullin,Yale,20.227586206896554,25,4.2018052938593735,1.2163809449560472,-4.772413793103446,29
5177187,Samson Aletan,Yale,16.0,15,2.7864786947760574,1.9268469255020142,1.0,29
5176030,Ryan Curry,Army,22.276666666666667,25,-1.9878872280444864,-2.6361589874841456,-2.7233333333333327,30
5176031,Josh Scovens,Davidson,23.561290322580643,15,5.357942822866721,3.7229865015390935,8.561290322580643,31
5176034,Tate Laczkowski,Army,14.653333333333334,15,-1.1768266082209395,-1.982641251422411,-0.3466666666666658,30
5176378,Kamari Jones,Cleveland St.,18.9,15,-9.296125314109155,-11.881521072100085,3.8999999999999986,21
5117584,Jordann Dumont,VCU,10.677777777777777,15,-0.613102912438349,-1.9566319009402342,-4.322222222222223,9
5177707,Corey Hadnot II,Purdue Fort Wayne,28.73448275862069,35,5.688702175599273,3.6976674166490904,-6.26551724137931,29
5177708,Jermaine Coleman,St. Thomas,13.870967741935486,15,0.17673045987233998,-5.336230316418268,-1.1290322580645142,31
5313713,Khoi Thurmon,Oakland,17.293548387096774,15,-3.754332594899709,-7.951507638259826,2.2935483870967737,31
5190926,Kobi Williams,Missouri St.,18.283333333333328,25,0.20705061461928928,-0.7472512896857151,-6.716666666666672,30
5177690,Corey Camper Jr.,Nevada,23.44242424242424,25,8.111586065980429,7.192563795979356,-1.5575757575757585,33
5177691,David Terrell Jr.,North Texas,25.151612903225804,35,3.7669193657225475,2.8761586050179297,-9.848387096774196,31
5177692,Trey Horton,UTEP,15.1,25,3.265319344816698,-5.444355397745652,-9.9,24
5106056,Elijah Jones,UTEP,21.460714285714285,25,3.720302220728508,1.4902908961311794,-3.5392857142857146,28
5185184,Jackson Delaney,Manhattan,9.25263157894737,5,4.305783629192486,-5.759098455787452,4.252631578947369,19
5174800,Blake Barkley,East Tennessee St.,22.629032258064516,35,6.229412582321305,2.1863667461586815,-12.370967741935484,31
5093250,Jordan Clayton,Northwestern,10.58064516129032,15,-0.011473888551400671,-2.211196247429112,-4.41935483870968,31
5176780,Teagan Moore,Western Kentucky,26.188000000000002,35,8.361896783107763,6.589606561061571,-8.811999999999998,25
5176779,Enoch Kalambay,Campbell,22.422222222222224,25,-7.0937481302957615,-5.755529983740947,-2.5777777777777757,9
5176778,Jack Edelen,Western Kentucky,14.400000000000002,5,-1.6266147922630432,-8.560015447874909,9.400000000000002,26
4903216,Don McHenry,Utah,23.912499999999998,15,4.476106466649683,3.7610765264199593,8.912499999999998,32
5176275,Deywilk Tavarez,Loyola Chicago,22.957575757575757,15,1.805217743911907,-2.7538893453889814,7.957575757575757,33
5176278,Dean Shepherd,Delaware St.,16.3125,25,-2.6860866621430244,-6.978991756685367,-8.6875,24
5176681,Marcus Millender,Georgia,21.563636363636363,25,6.074166244047342,4.856131965576025,-3.4363636363636374,33
5176682,John Broom,South Alabama,8.76896551724138,5,-2.4250877482245787,-4.890970198499562,3.76896551724138,29
5176683,Ethan Kizer,South Dakota,11.717241379310343,15,-3.2957583854102266,-4.775410331720142,-3.2827586206896573,29
5177572,Kintavious Dozier,Alabama A&M,23.183333333333334,15,-0.3669932892460971,-0.24257227317104185,8.183333333333334,30
5177573,Mikale Stevenson,Purdue Fort Wayne,26.027586206896547,35,-0.3445758030387858,-1.7813658367607528,-8.972413793103453,29
4433185,Antwan Burnett,Missouri St.,11.942105263157893,5,-1.9475992107890086,-3.39871166581697,6.9421052631578934,19
5177575,Cbo Newton,Abilene Christian,19.26071428571429,15,-1.5858333068858586,-2.6916396538005514,4.26071428571429,28
5176773,CJ Beaumont,Sam Houston St.,12.922222222222224,15,-1.3447200926749476,-6.017371379641598,-2.0777777777777757,27
5176237,Deyton Albury,New Mexico,24.129411764705882,35,6.087206383216902,4.69467094653839,-10.870588235294118,34
5176239,Jaxon Pollard,Samford,15.9375,25,-3.803416624240493,-8.15235825786585,-9.0625,24
5176133,Eddrin Bronson,Furman,16.861290322580643,5,-2.6897548484324454,-4.631867805162137,11.861290322580643,31
5176136,Cooper Bowser,Furman,18.38636363636364,15,4.902996948123232,4.749938455152063,3.3863636363636402,22
4894462,Jaylen Crocker-Johnson,Minnesota,24.075,35,6.515340245647451,1.3887266400199145,-10.925,24
5177352,Bradley Douglas,James Madison,25.132258064516126,15,-2.36160830694338,-2.667066141845495,10.132258064516126,31
5177355,Cougar Downing,UMBC,13.410344827586204,5,-2.391258782134468,-4.036634469217312,8.410344827586204,29
5177351,Christian Hughes,Little Rock,7.9142857142857155,5,-12.501556861669027,-13.04239628312793,2.9142857142857155,7
5177115,Shaquil Bender,Long Beach St.,27.551724137931032,35,-7.142626687942354,-7.620992291151453,-7.448275862068968,29
5181768,Xinyi Li,LIU,28.75,15,-14.997413583017641,-32.26012830437215,13.75,8
5177114,Seydou Traore,Utah,19.261290322580642,25,3.7718447425443435,-0.13882198159863063,-5.738709677419358,31
5174935,Nick Dorn,Indiana,15.873333333333333,25,3.009240646190909,0.8335630050341425,-9.126666666666667,30
5174938,Isaac Harrell,Elon,12.203333333333335,5,-1.7919747389491192,-2.182766109362468,7.203333333333335,30
5174940,Ned Hull,Elon,12.343333333333334,15,-3.4336073692038047,-5.0280136626640335,-2.6566666666666663,30
5174937,Takai Simpkins,Oregon,20.687096774193545,15,2.0624409259764462,1.1154897150426957,5.687096774193545,31
5180962,Mikhail Pocknett,Buffalo,18.666666666666664,15,-2.8653277400612347,-6.489816766619187,3.6666666666666643,21
5176220,Mason So,Mount St. Mary's,16.333333333333332,5,-0.5757319767248408,-6.760806090217484,11.333333333333332,30
5176222,Domas Kauzonas,UNC Greensboro,16.770967741935483,15,-8.340986833727042,-11.930408123850789,1.7709677419354826,31
5176386,Connor Sevilla,UC Davis,17.983333333333334,15,-0.5113797763871375,-1.3162304752999845,2.9833333333333343,30
5176200,Canin Jefferson,North Alabama,24.205000000000002,25,-4.01850384162986,-4.810351114647908,-0.7949999999999982,20
5176204,Jamal Albritton,North Alabama,10.459259259259259,5,-3.639217520538619,-6.508952862931563,5.459259259259259,27
5175397,Viljami Vartiainen,Weber St.,15.944,15,4.661819815468566,2.2333990419826,0.9440000000000008,25
4711258,Trey Green,Saint Louis,16.28181818181818,25,8.727196335718629,6.233515053994062,-8.718181818181819,33
4848625,Dailyn Swain,Texas,26.171428571428567,25,10.074375872751235,9.06615841387783,1.1714285714285673,35
4895787,Kachi Nzeh,Little Rock,21.15,15,-2.4355100508873475,-3.1867888965332156,6.149999999999999,30
5175368,Lazar Djokovic,VCU,21.805714285714284,25,4.598866280134535,3.8356632957269183,-3.1942857142857157,35
5170078,Sasa Ciani,Penn St.,13.164285714285715,5,2.8174705698937768,-6.355010246576816,8.164285714285715,28
5175369,Gytis Nemeiksa,Hawaii,18.835483870967746,15,2.7341644862034786,-0.133214840868639,3.835483870967746,31
5176783,Traivar Jackson,Northern Arizona,16.696551724137933,25,-1.6064959347145642,-3.9272607505986716,-8.303448275862067,29
5176789,Devon Barnes,Ball St.,24.127586206896552,35,2.5412988019438107,-2.173711772821626,-10.872413793103448,29
5242437,Anias Futrell,Lindenwood,24.96551724137931,35,5.248695637420538,2.309638755366948,-10.03448275862069,29
5241708,Dailliss Cox,Chicago St.,11.716129032258063,5,-9.148156585340592,-10.70840672715324,6.716129032258063,31
5175671,Kory Mincy,George Mason,21.059375000000003,25,5.168203927378978,2.2600178848233594,-3.940624999999997,32
5175672,Carl Parrish,Presbyterian,20.936666666666675,25,1.6328140816105807,-0.9824788237579019,-4.0633333333333255,30
5176803,Malik Ferguson,Tennessee Tech,20.53333333333334,15,-2.8611946903399827,-8.887550626942723,5.5333333333333385,21
5176804,Dhiaukuei Manyiel Dut,California,12.666666666666666,5,4.7989814412018,-6.095772196829274,7.666666666666666,12
5247636,Christian Green,Stephen F. Austin,11.265384615384615,5,2.00953689989564,-4.557629524930295,6.265384615384615,26
5174613,Marqui Worthy,UC Riverside,25.776666666666664,35,2.507162307072956,-1.044655311681946,-9.223333333333336,30
5174614,Jayden Ndjigue,Massachusetts,13.915625,25,12.417210173074679,0.11251381226221696,-11.084375,32
5174615,Tarique Foster,Albany,15.863636363636367,15,-3.0661563081243908,-8.017897882990791,0.8636363636363669,22
5174617,Mathok Majok,New Orleans,14.424999999999999,15,6.213696884853768,1.0640552659497962,-0.5750000000000011,16
5176685,Kwo Agwa,UT Rio Grande Valley,15.462068965517243,25,8.534527254041269,3.4122068999601045,-9.537931034482757,29
5176686,KC Ugwuakazi,Merrimack,17.049999999999997,15,0.833539858857968,0.5887598726682333,2.049999999999997,32
5176688,Evan Phelps,East Texas A&M,11.968965517241378,5,-7.036836611144351,-11.342128730190934,6.968965517241378,29
5176252,Pasha Goodarzi,San Jose St.,15.784210526315789,15,1.2279692347147453,-0.7969670535645954,0.784210526315789,19
5315088,Anthony Holden,Stonehill,9.0,15,-0.5862423654538035,-4.652323048401822,-6.0,18
5313450,Luke Williams,Charleston Southern,15.547058823529412,15,-0.9008954398498495,-0.8849765739079402,0.5470588235294116,17
5175654,Quentin Bolton Jr.,Northwestern St.,15.616666666666667,15,-14.809847958133801,-17.851738654924393,0.6166666666666671,6
5175655,Lase Olalere,Charleston Southern,15.186206896551726,15,-3.7767859218663395,-4.101961873583365,0.18620689655172562,29
5177608,Jaylen Wysinger,Texas Southern,24.885185185185183,25,-0.5166588614871702,-3.9716565638957086,-0.11481481481481737,27
5176390,Ethan Pickett,Southeastern Louisiana,18.81,25,-4.9135351660562465,-6.7564937590114775,-6.190000000000001,30
5176249,Rickey Mitchell Jr.,Bethune Cookman,15.13076923076923,5,0.37699957319832816,-5.431137253494492,10.13076923076923,13
5177137,Khaden Bennett,Wyoming,19.15625,25,6.292173477300276,3.6871940954544833,-5.84375,32
5177139,Rihards Vavers,Washington St.,17.067857142857147,25,5.161397596725258,2.338734369604812,-7.932142857142853,28
5177140,Daemar Kelly,Northern Illinois,17.725925925925925,25,-5.590086636176396,-6.231531342040859,-7.2740740740740755,27
5179093,Caleb McCarty,Cal St. Bakersfield,14.38,15,-11.546050106052826,-9.392101544316962,-0.6199999999999992,5
4712848,Javion Guy-King,Central Arkansas,22.476666666666667,35,3.439318354416443,-0.9883766328648538,-12.523333333333333,30
5179096,Michael Teal,Maryland Eastern Shore,17.959999999999997,15,-6.324327119834291,-8.044632412484479,2.9599999999999973,30
5175860,Tucker Anderson,Utah St.,11.341666666666667,15,2.1461033351134087,0.603127929124515,-3.658333333333333,24
5179092,Wilson Dubinsky,Marshall,13.119354838709677,15,-0.8600377759201273,-3.393022927305828,-1.8806451612903228,31
5143607,Drayton Jones,Butler,15.443749999999998,15,6.581479056894039,4.405053026205245,0.44374999999999787,32
5179094,James Morrow,South Carolina St.,18.94782608695652,15,-3.459413194413767,-3.5106253885161482,3.947826086956521,23
5239775,Brayden Fagbemi,UC Davis,19.269999999999996,25,1.9769348198091294,1.5845571120481228,-5.730000000000004,30
5176443,Kevin Patton Jr.,New Mexico,17.75,15,-4.010332807039629,-6.87921807973065,2.75,8
5176444,Santiago Trouet,Arizona St.,17.14516129032258,25,4.641638817217193,1.4081533602428418,-7.85483870967742,31
5176445,Dragos Lungu,Tennessee Martin,28.76,25,-0.654773841589956,0.3093273027678375,3.7600000000000016,5
5176447,David Simon,Vermont,13.6875,5,-1.065873043267568,-5.666210409059355,8.6875,16
5176448,Josh Hecht,San Diego,22.085714285714285,15,-8.16584802778503,-26.988632038373428,7.085714285714285,7
5176449,Joey Chammaa,Arkansas St.,26.035000000000004,15,5.664047423913251,2.0778473322273507,11.035000000000004,20
5117583,Jimmy Oladokun Jr.,Rice,17.386206896551723,25,-3.019863742006136,-4.321627991635951,-7.613793103448277,29
5176451,Keyon Kensie Jr.,Portland St.,17.97692307692308,25,6.276377534976618,-0.1877142913584768,-7.023076923076921,26
5313353,Isaiah Placide,Massachusetts,18.003703703703703,35,6.080794324985602,-2.2852010540843946,-16.996296296296297,27
5313574,Irish Coquia,New Orleans,18.24,25,-0.23588882330992744,-7.565510544420898,-6.760000000000002,25
5176382,Malek Abdelgowad,Southern,26.676000000000002,25,2.990351442704079,-0.13226221431122845,1.676000000000002,25
5175049,Sterling Young,Indiana St.,23.317857142857147,15,-1.1466667773440793,-4.08449044458902,8.317857142857147,28
5175050,Nick Richart,Charlotte,5.133333333333333,5,4.490116265984296,-3.0014304795953612,0.13333333333333286,24
5190922,Hassane Diallo,Prairie View A&M,16.21153846153846,25,-0.334575814613044,-8.210758560430609,-8.78846153846154,26
5179289,Kye Dickson,UT Rio Grande Valley,20.66,15,-5.006523145744254,-4.131352221089448,5.66,5
5179291,Josh Smith,West Georgia,29.15862068965517,35,0.2552827447956236,-1.8048685073217685,-5.841379310344831,29
5179294,Po'Boigh King,Sam Houston St.,19.839285714285715,25,2.966481524518873,1.6856645863430881,-5.160714285714285,28
5176218,Isaac Taveras,Southern Miss,32.95,25,1.8098439139370694,1.4636079038725638,7.950000000000003,20
5192142,Cedric Taylor III,Howard,26.87826086956522,25,1.9309826612186678,1.9303678855708915,1.8782608695652208,23
5180743,Chris Terrell,New Mexico St.,20.08928571428572,35,13.61603253687719,-0.36509428038495206,-14.910714285714281,28
5176636,Jayden Barrs,Lamar,23.439999999999998,15,-9.477069437848044,-21.836688387753735,8.439999999999998,5
5178892,Tyler Mack,Alabama St.,15.55,25,3.9919057934067723,-2.984492210579452,-9.45,16
5178891,Devon Ellis,Norfolk St.,18.27857142857143,25,1.7413228894935597,-1.4084168090771925,-6.7214285714285715,28
5178893,Antwan Wilson,Rider,17.548000000000002,15,-7.5201869938747725,-9.213044605799318,2.548000000000002,25
5242267,Guzman Vasilic,Cal Poly,13.596428571428572,15,-1.3424210749070766,-1.4208243151222442,-1.4035714285714285,28
5177557,Roderick Coffee III,Grambling St.,19.80689655172414,25,4.008935328265467,0.6218015313927976,-5.19310344827586,29
5177558,K'Jei Parker,Massachusetts,22.259375,25,1.4374446137057286,-0.4590829470706357,-2.7406250000000014,32
5313268,Israel Hart,Southern Miss,19.796875,15,-2.0644518513717243,-3.565783605945275,4.796875,32
5182581,Jose Roberto Tanchyn,UMBC,18.423333333333332,5,3.5096075038357903,-0.1604676067475729,13.423333333333332,30
5180772,Joseph Owens,Chicago St.,14.352,5,-7.4964531140095225,-14.758179128381446,9.352,25
5176146,Anthony Benard,Canisius,25.153333333333332,15,-4.798683855919218,-17.96665176143821,10.153333333333332,15
5259802,Alex Mirhosseini,Arkansas Pine Bluff,19.32758620689655,25,-2.7448425917265658,-3.6400509696393755,-5.672413793103448,29
5176149,David Thomas,Richmond,14.06333333333333,15,-1.5109992255963565,-4.948453836125746,-0.9366666666666692,30
5176150,Jake Davis,Illinois,9.405405405405405,15,7.362583116876821,5.663085725234541,-5.594594594594595,37
5176581,Josh Akpovwa,Texas Southern,16.19090909090909,15,0.6098160304871478,-11.7987006838031,1.1909090909090914,22
5176577,Josiah Hammons,Illinois Chicago,16.578125,15,1.3068470119040387,-0.8665789375093009,1.578125,32
5176580,Marcus Glover,Incarnate Word,12.448148148148148,25,0.8218662806191877,-2.7138166133936386,-12.551851851851852,27
5180714,Jailen Daniel-Dalton,UC Riverside,12.583333333333334,5,-1.8810304107348799,-2.7604758319370752,7.583333333333334,24
5314638,Zane Nelson,Denver,27.389655172413796,15,-0.24599788102318718,-0.6893421806338659,12.389655172413796,29
5082704,Drew Fielder,Boise St.,27.946666666666665,35,12.810663819587083,6.306570820095478,-7.053333333333335,30
5177281,Lucius Gibson-Savadel,Sacred Heart,17.3,15,-5.407265273081434,-11.55819244363427,2.3000000000000007,14
5176654,Carlos Hart,Eastern Michigan,23.564705882352943,25,-0.27571923481124544,0.40586398849484434,-1.4352941176470573,17
4905542,DaMariee Jones,Southern,17.782142857142855,15,0.9672234106747862,0.25364886519672997,2.782142857142855,28
4706260,Myles Corey,Rhode Island,19.553125,25,3.257219397116316,3.320676392651131,-5.446874999999999,32
5176425,Ryan Beasley,San Francisco,21.75333333333333,25,2.6267026797623654,2.110642287288198,-3.2466666666666697,30
5176426,Junjie Wang,San Francisco,21.674999999999997,15,-0.1650768015389613,-3.4115123972275945,6.674999999999997,32
5260535,Zy Wright,Abilene Christian,17.03,5,0.938622640767627,-4.225144459279587,12.030000000000001,30
5252505,DJ Armstrong,UMBC,17.693548387096776,25,8.517128824516611,3.3867252198321034,-7.306451612903224,31
5185563,Adrian McIntyre,San Diego,21.090322580645168,15,2.130133772225541,2.393310474672375,6.090322580645168,31
5315592,Cameron Johnson,Mercyhurst,16.574193548387097,5,-7.802254841084165,-11.197722892404318,11.574193548387097,31
5241694,Devin Haid,South Florida,13.827272727272724,5,4.67209997714417,-0.5562086893493009,8.827272727272724,22
5313552,Kendall Taylor,Charleston,16.888888888888886,15,-14.652204962816636,-14.425352503622397,1.8888888888888857,9
5313459,Ahmadou Ndiaye,Gardner Webb,17.1375,25,-26.06757584790672,-29.760689061921102,-7.862500000000001,8
5312976,Rob Diaz,Long Beach St.,19.080000000000002,25,3.753005373177275,0.7761842542351804,-5.919999999999998,30
5313212,Kyler D'Augustino,IU Indy,23.896428571428572,25,-0.7450886542923242,-0.4044544127113991,-1.1035714285714278,28
5313456,Riek Riek,Gardner Webb,11.766666666666667,5,-9.417186718949663,-13.288694561433305,6.7666666666666675,24
4432858,Matt Van Komen,Marshall,16.857142857142858,15,5.153536641250652,2.600887843081542,1.8571428571428577,21
5185673,Zaire Hayes,Texas Southern,17.376923076923074,25,7.589185074571152,-3.776579594749175,-7.623076923076926,26
4910887,Landon Seaman,Cal St. Fullerton,23.465625,15,5.077812237914157,1.3289035126090054,8.465625,32
5313401,Tyler Mason,Alabama St.,17.442857142857143,25,-5.448315953418815,-9.666198070944573,-7.557142857142857,21
5195304,Emmanuel Ugbo,Washington St.,19.140909090909094,25,0.1748217500532402,-4.518560874612374,-5.859090909090906,22
5194058,JaVar Daniel,West Georgia,17.83448275862069,25,5.7301208829611,2.3544846859921393,-7.165517241379309,29
5313560,Wes Enis,South Florida,20.1625,25,6.826612907703691,1.911202272992009,-4.837499999999999,32
5196348,Bencao Vungo,Jacksonville St.,10.88,15,-3.725092251706652,1.8123709038703002,-4.119999999999999,5
5196671,Corbin Zentner,Cornell,11.977272727272727,5,-6.070524573445574,-7.6113257855216405,6.977272727272727,22
5197113,Drew McKenna,Old Dominion,19.988000000000003,25,-0.31332610713279097,-7.47068420776468,-5.011999999999997,25
5198359,Peter Sposito,Loyola MD,14.455555555555556,35,-35.354480845776656,-21.89792474313803,-20.544444444444444,9
5101664,Nojus Indrusaitis,Pittsburgh,20.97272727272727,25,1.3424525350759866,0.0029029006218829908,-4.027272727272731,33
5241470,Sharron Young,Akron,17.03125,5,7.1103500324658855,1.6939761610823263,12.03125,32
5241471,Eric Mahaffey,Akron,16.578125,15,4.218027713672493,2.6344824032051744,1.578125,32
5149078,Moustapha Thiam,Cincinnati,21.64838709677419,35,10.03657520503637,4.477982413135786,-13.35161290322581,31
5239833,Tybo Bailey,East Carolina,18.926315789473687,15,-6.496153231391188,-8.62444573492109,3.926315789473687,19
5240980,Mikey Lewis,Saint Mary's,24.89375,35,9.768582626267445,2.593719201981121,-10.10625,32
5183875,Joshua Dent,Saint Mary's,19.01875,25,7.129950657115615,5.859950724514247,-5.981249999999999,32
5101655,Liam Campbell,Saint Mary's,11.5375,15,4.914287799781793,2.2187655711231034,-3.4625000000000004,32
5241358,Corey Thomas,Bradley,15.099999999999998,25,3.410675206062442,0.21757414288885563,-9.900000000000002,33
5241360,Jaquan Johnson,Bradley,27.984848484848484,35,10.374534279244768,6.701103841177342,-7.015151515151516,33
5243100,Isaiah Brown,Howard,19.54,35,-3.685242835553382,-7.566168503281458,-15.46,30
5243101,Blake Harper,Creighton,21.50294117647059,25,3.9997520262197543,-1.006935534143777,-3.497058823529411,34
5239643,Richard Goods,Stony Brook,19.726666666666667,15,-1.6893367473797474,-1.5566317169055517,4.726666666666667,30
5239644,Daniel Johnson,Hampton,21.303333333333338,25,-0.8369386588034717,-2.6356921487528155,-3.696666666666662,30
5239645,Eunique Rink,Hampton,13.614285714285712,5,-4.302963702915343,-10.038573133639366,8.614285714285712,28
5239647,Hamza Asadallah,Hampton,3.0714285714285716,5,20.07023873059097,3.4539768640326938,-1.9285714285714284,7
5243243,Eze Wali,The Citadel,16.113333333333333,25,-3.3871837550228934,-6.157840966243969,-8.886666666666667,30
5241658,DeSean Goode,Robert Morris,19.63870967741936,25,6.177520311281426,6.02915422803971,-5.36129032258064,31
5241663,Keenan Garner,Central Michigan,18.962068965517243,25,-0.5048686825936787,-2.1090624421772013,-6.037931034482757,29
5214644,Donavin Young,Stanford,10.785714285714285,15,5.5473676073039355,-3.0058544775440774,-4.214285714285715,21
5242276,Ryan Williams,Northeastern,19.7551724137931,35,8.181454879722656,1.1870126273045802,-15.244827586206899,29
5241622,Josiah Moore,Tulane,17.093548387096778,15,3.568144874969329,-2.8062660291147847,2.093548387096778,31
5241624,Luke Gray,Oral Roberts,20.136666666666667,15,-2.1186707476280735,-3.6240167298040675,5.136666666666667,30
5241623,Darius Robinson,SIU Edwardsville,18.5,15,-8.216714784466314,-11.597058207967557,3.5,19
5241652,Kasheem Grady II,UMKC,19.700000000000003,25,-0.1778252795227298,-4.374620079057418,-5.299999999999997,27
5241653,Ring Nyeri,Northern Colorado,15.762068965517242,15,-0.0037626044355464827,-1.6586689318129009,0.7620689655172423,29
4873220,Jeremiah Evans,Louisiana,18.878124999999997,5,-4.888568508391161,-8.599881243952176,13.878124999999997,32
5240082,Mostapha El Moutaouakkil,Jacksonville St.,35.36551724137931,35,-0.058244000950876076,-1.0752063929900726,0.3655172413793082,29
5241409,Will Hornseth,Northern Iowa,23.68529411764706,35,6.522418156986042,3.8331310715531295,-11.31470588235294,34
5101650,K.J. Windham,Northwestern,46.278571428571425,15,0.9952661110774849,-9.9991913580706,31.278571428571425,14
5239575,Angelo Ciaravino,Northwestern,14.26969696969697,25,4.629066030946299,1.7159803007612189,-10.73030303030303,33
5238220,Jeff Nwankwo,Oklahoma,15.3125,25,0.3832397786963222,-7.03610883731024,-9.6875,24
5144388,Kuol Atak,Oklahoma,18.995833333333337,25,6.999290877647628,0.1339770853347766,-6.004166666666663,24
5238221,Dayton Forsythe,Oklahoma,19.24285714285714,5,2.058755241654739,-3.488821469540633,14.24285714285714,28
5313128,Karris Bilal,Louisiana,16.495238095238097,25,-3.919826490822071,-7.135147185412018,-8.504761904761903,21
5187600,Tyler Tanner,Vanderbilt,26.224999999999998,35,12.320754848246358,11.309318605143178,-8.775000000000002,36
5101649,Redd Thompson Jr.,Longwood,24.513793103448272,35,4.815774407341425,-3.171988839868566,-10.486206896551728,29
5239885,Nakavieon White,Georgia Southern,27.454285714285717,25,-0.19456794913508027,-2.820175255287116,2.4542857142857173,35
5241373,Jack Daugherty,Illinois St.,18.403571428571432,15,-4.776192585774111,-9.969116997861747,3.403571428571432,28
5241374,Cade Norris,Samford,13.976666666666665,5,0.5090742341938304,-1.5878265197344779,8.976666666666665,30
5240641,Jayden Cooper,South Alabama,19.39354838709677,25,0.023486504634027423,-3.737489392784118,-5.6064516129032285,31
5240643,JJ Wheat,South Alabama,17.20967741935484,15,-1.1299560536598836,-7.020036076608428,2.20967741935484,31
4873115,TJ Williams,Wichita St.,22.152941176470588,35,14.174079325470666,1.9774524000281137,-12.847058823529412,34
5240587,Ismaila Diagne,Gonzaga,8.217857142857143,5,1.6943038344882766,0.9248362202226874,3.2178571428571434,28
5240588,Noah Haaland,Gonzaga,16.96,25,-15.464392492941789,-5.95735405096122,-8.04,10
5238208,Vyctorius Miller,Oklahoma St.,19.059375,25,6.829746899872862,1.678360875676981,-5.940625000000001,32
5037872,Curtis Givens III,Memphis,17.96,25,5.936281362236359,0.14287913479621203,-7.039999999999999,25
5061596,Robert Miller III,LSU,15.59032258064516,15,5.82730462663505,4.188991515874549,0.5903225806451609,31
5238209,Noah Boyde,Western Kentucky,12.359090909090908,5,-2.2857901675263053,-5.3806147682289485,7.359090909090908,22
5242964,Braeden Speed,Loyola MD,23.78333333333334,35,8.009869130228246,0.03362070450873234,-11.216666666666661,30
5240353,Jimmie Williams,Duquesne,23.358064516129026,35,11.245894326017796,3.965352612156009,-11.641935483870974,31
5183925,CJ Brown,South Florida,23.342424242424244,35,5.158576068338491,-0.07430378945944195,-11.657575757575756,33
5240356,Taj Glover,Sacramento St.,17.442307692307693,25,2.076841161407809,-4.161629585422517,-7.557692307692307,26
5240355,Jaylen Wharton,Northern Illinois,12.272222222222222,5,-1.087119260467597,-7.243467784485363,7.272222222222222,18
5241322,Jalen Dollar,Cal Baptist,17.1,5,5.233809104776804,-1.1812206307869704,12.100000000000001,10
5241323,Devon Malcolm,Cal Baptist,23.73030303030303,15,11.056683665863847,4.574540085478058,8.73030303030303,33
5241326,Bradey Henige,Cal Baptist,14.718181818181819,5,0.20953828882920825,-1.100011106894312,9.718181818181819,33
5241932,Tishan Ahir,UC Irvine,14.633333333333335,35,37.88382071943317,3.530152869056982,-20.366666666666667,9
5241931,Jovan Jester Jr.,UC Irvine,25.53030303030303,25,1.7820703562139062,0.9407884794585397,0.5303030303030312,33
5240619,Jael Martin,Loyola Marymount,8.1125,5,4.404701660789363,-4.799004144025757,3.1125000000000007,16
5242560,Javontae Campbell,Bowling Green,28.279310344827586,25,6.571012109885025,5.424043795075241,3.2793103448275858,29
5239995,Dante Oliver,North Florida,9.572413793103449,5,-6.396378012845271,-7.661722542183448,4.572413793103449,29
5241071,Tomas Thrastarson,Washington St.,20.90555555555555,25,4.875104608625966,-0.3120302395156122,-4.0944444444444485,18
5241073,Dimitrije Vukicevic,UC San Diego,19.891304347826086,15,4.079016554741125,-5.442916361908013,4.891304347826086,23
5241070,Marcus Wilson,UC Davis,25.825806451612905,35,3.346875832420844,0.2601553851357928,-9.174193548387095,31
5119069,Kamrin Oriol,North Florida,27.56,35,2.1439700650028786,-0.676506312103171,-7.440000000000001,30
5239994,Taylor Thompson,North Florida,15.052941176470586,5,3.7205751404181506,-19.481199693536038,10.052941176470586,17
5137653,Sir Mohammed,Notre Dame,24.261290322580646,25,-2.7325265893364135,-5.006981539019688,-0.7387096774193544,31
5144373,Cole Certa,Notre Dame,19.322580645161292,25,3.3884065308931794,0.8944701118716888,-5.677419354838708,31
5142610,Garrett Sundra,Notre Dame,11.058064516129035,5,2.561121490557053,-0.6572539871412013,6.0580645161290345,31
5242279,Nick Woodard,Alcorn St.,18.0375,15,-5.210318848327251,-5.962494618322001,3.0375000000000014,32
5242281,Collin O'Connor,Stony Brook,14.983333333333334,15,-0.09996436626844077,-0.5871734044668767,-0.01666666666666572,6
5242282,Quin Gorman,Stony Brook,12.458620689655174,5,0.8964622322660137,-0.8709910103526188,7.458620689655174,29
5242590,Makoi Mabor Makoi,UNC Wilmington,13.580645161290322,5,-0.3929886762289456,-8.89141195158302,8.580645161290322,31
5240519,Sekou Konneh,Milwaukee,22.84333333333333,15,-0.22090975028688734,-2.494547062927761,7.84333333333333,30
5101666,Dillon Tingler,Drexel,17.192857142857143,5,6.314065442561397,-5.261066505159245,12.192857142857143,28
5242935,Godslove Nwabude,Eastern Michigan,12.437931034482759,5,1.1123343496136169,-0.32193323324537276,7.437931034482759,29
5242936,Christian Henry,Fordham,28.20370370370371,35,0.24047235680228862,-2.2397435357242412,-6.7962962962962905,27
5241414,Ryan Lafferty,St. Thomas,12.27,5,-3.7028346060216313,-8.559863688134218,7.27,10
5241415,Nolan Minessale,St. Thomas,31.67096774193549,35,6.315824339162384,4.26310700135216,-3.3290322580645118,31
5241413,Tim Franks,St. Thomas,19.407692307692308,25,-3.3103000511372023,-15.807337185173502,-5.592307692307692,13
5315596,Grant Kepley,Montana,20.66,15,-5.479345857174622,-7.184580114645788,5.66,25
5243266,CJ Hyland,Western Carolina,20.461111111111116,15,-3.9106140227527493,-6.753918373853608,5.461111111111116,18
5106598,Chevalier Emery,Cleveland St.,27.64,35,-3.3659571049961414,-6.979924252606599,-7.359999999999999,30
5243270,Fischer Brown,Western Carolina,8.387500000000001,15,-9.819616450609665,-8.85800165726005,-6.612499999999999,8
5239834,Reid Cason,East Carolina,12.82,15,0.8420372913990295,-1.216946656069616,-2.1799999999999997,30
5241336,Styles Phipps,Pepperdine,24.92666666666667,35,2.551649815681408,0.4810208362942255,-10.07333333333333,30
5241338,Austin Maurer,Seattle,18.97272727272727,25,3.867008330873518,0.9516832445829003,-6.027272727272731,33
5061606,Sammie Yeanay,California,15.0,15,-2.4453112345764474,-3.1014243514053508,0.0,9
5101657,Cameron Patterson,Texas Southern,19.728571428571428,25,-0.9655527863730531,-1.2030320052018977,-5.271428571428572,7
4873192,Ben Roseborough,San Jose St.,21.520000000000003,25,0.35180309052239767,0.2077247302973591,-3.479999999999997,10
5241251,Jermaine Washington,San Jose St.,18.633333333333333,25,1.6928423326266815,-1.9994206754362356,-6.366666666666667,24
4869785,Jayden Williams,Incarnate Word,14.314285714285715,5,6.199596654386724,-5.7936298891318625,9.314285714285715,21
5239811,Damon Strand,La Salle,14.53333333333333,15,2.365350369546551,-3.197088433835892,-0.46666666666667034,21
5239812,Amir Lindsey,Albany,25.117241379310343,35,1.629665635327954,-0.565970198400538,-9.882758620689657,29
5242592,Isaiah Mbeng,East Carolina,15.026666666666667,25,0.35036100915099483,-5.475355799418863,-9.973333333333333,30
5239814,Ma'Kye Taylor,Albany,14.046428571428573,25,-9.172951554092686,-10.958502718668894,-10.953571428571427,28
5242596,"Ryan Jackson, Jr.",William & Mary,14.582758620689658,5,2.879247977576668,-0.3521768097354471,9.582758620689658,29
5242597,Finn Lally,William & Mary,20.129166666666666,25,5.247793373218385,3.0477128476670554,-4.870833333333334,24
5241164,Elijah Thomas,Eastern Washington,10.503448275862068,5,-4.26422901192374,-4.396673310300467,5.503448275862068,29
5243276,Luke Flynn,Wofford,9.726315789473684,15,-1.7620485076427115,-4.627737925149625,-5.273684210526316,19
5243278,Kahmare Holmes,Wofford,29.096000000000004,25,4.2450200614279545,3.5866501180949344,4.096000000000004,25
5061584,Pharaoh Compton,San Diego St.,19.225,25,7.67495579084951,5.519376939040923,-5.774999999999999,32
4873147,Taj DeGourville,San Diego St.,20.184375,15,3.472993456313392,0.24838066958074378,5.184374999999999,32
5241648,Greyson Uelmen,North Dakota,29.359375,25,1.611602706628581,0.7750042179606584,4.359375,32
5241647,George Natsvlishvili,North Dakota,22.6,15,-2.2570321700139684,-3.85413401881887,7.600000000000001,32
5241645,Dariyus Woodson,Louisiana,14.751515151515152,15,-0.3068221200450188,-2.9315067104946477,-0.2484848484848481,33
5241646,Reggie Thomas,North Dakota,18.348275862068967,25,4.5408153665398485,-4.05211475212978,-6.6517241379310335,29
4873112,Dellquan Warren,Mississippi St.,14.436842105263159,5,-6.531082656631047,-6.875291957833579,9.436842105263159,19
5238213,EJ Paymon,Southern Miss,36.5,25,-13.53473209180575,-20.934907547570205,11.5,11
5313891,Tucker Tornatta,Valparaiso,22.548000000000002,15,-0.6391627398140898,-8.314562910387485,7.548000000000002,25
5313884,Brody Whitaker,Valparaiso,16.160000000000004,25,5.242744520790239,-0.4438792556449339,-8.839999999999996,30
5240685,Mark Drone,Texas St.,27.12758620689655,35,-0.5954331352701053,-4.451532501587109,-7.872413793103451,29
5240686,Austin Green,UMass Lowell,22.575,15,1.8972490981136716,-2.097484757160604,7.574999999999999,24
5240688,Nate Deer,Oakland,9.544444444444444,15,-7.868479147825013,-10.027979663435126,-5.455555555555556,9
4915060,John Bol,UCF,14.384848484848485,25,2.948726445655628,1.849979630373165,-10.615151515151515,33
5171788,Eduardo Klafke,Mississippi,14.826470588235294,25,1.6193081446299271,-0.4907659793022032,-10.173529411764706,34
5238223,Max Smith,Mississippi,22.16,25,-21.106317080343494,-8.351164035317641,-2.84,10
5238224,Zach Day,Mississippi,12.905000000000001,5,1.7480110246291212,-7.507993992539899,7.905000000000001,20
4873101,Jeremiah Jenkins,Brown,20.968000000000004,25,-0.003392849860510812,-1.342267757171755,-4.0319999999999965,25
5241709,Wyatt DeGraaf,Brown,9.584615384615384,25,-12.807578356327609,-0.9884153288056414,-15.415384615384616,13
5241711,David Rochester,Brown,15.995,15,-4.93457951361982,-4.631500638686468,0.9949999999999992,20
5181250,Dillon Battie,Wichita St.,20.066666666666666,15,-0.2039041590829158,1.067957201009412,5.066666666666666,30
5240369,Aiden Tobiason,Temple,20.016129032258064,25,3.4527876931212353,2.3484607201838106,-4.983870967741936,31
5240370,Holden Pierre-Louis,Cleveland St.,15.271428571428572,15,-4.8362211577600505,-8.795036967182329,0.27142857142857224,28
5241716,Gioacchino Panzini,Cornell,11.216,15,-4.032544150451114,-5.742798883194615,-3.7840000000000007,25
5241717,Mateen Rafiq,Cornell,20.41764705882353,15,5.511931429210805,-8.081169680798364,5.41764705882353,17
5241718,Anthony Nimani,Cornell,14.83333333333333,15,0.15481650162158794,-2.062200703138712,-0.16666666666666963,21
5101660,Chase McCarty,Houston,14.385714285714288,15,5.467205047721859,5.724553981720057,-0.6142857142857121,35
4873086,Mercy Miller,Houston,16.802777777777774,5,10.58387848090282,4.145012254365415,11.802777777777774,36
5243378,Deshaun Jackson Jr.,Mercyhurst,19.609375,15,-2.3641445036917323,-3.5297669939051826,4.609375,32
4873160,Qadir Martin,Mercyhurst,18.39375,25,2.0589331272004725,1.7369246564099008,-6.606249999999999,32
5243379,Mykolaus Ivanauskas,Mercyhurst,19.676666666666666,15,-3.5475774600425805,-5.173312194823627,4.676666666666666,30
5243381,Jake Lemelman,Mercyhurst,26.16875,15,3.929971656624978,-0.6072558089557125,11.16875,32
5196867,Josh Hill,Robert Morris,22.869999999999997,25,-5.36206236164888,-7.965633869756687,-2.1300000000000026,20
5239588,Justin Johnson,Western Carolina,23.235714285714288,25,-3.15021977100437,-6.061760386309274,-1.7642857142857125,28
5313402,R'Chaun King,Alabama St.,17.460714285714285,25,-2.6578534084171226,-5.8444992316181095,-7.539285714285715,28
5241712,Gerard O'Keefe,Columbia,15.012,25,3.307012999391729,-0.055009925376384175,-9.988,25
5241714,Gianni Cobb,Northern Illinois,22.275000000000002,15,-3.160900994876136,-3.93020126718064,7.275000000000002,28
5241715,Mason Ritter,Columbia,17.50769230769231,15,-3.3489685819741624,-3.884535725224502,2.5076923076923094,26
4873183,Kam Williams,Kentucky,13.200000000000001,5,4.862659542485274,2.7850732324953675,8.200000000000001,24
5240378,KJ Greene,Tulane,20.699999999999996,5,0.09237007743293155,-5.5351580265882045,15.699999999999996,31
5240380,Stefan Cicic,Pepperdine,18.45333333333333,25,0.646969005805328,-6.26102377996043,-6.54666666666667,30
5242631,Brendan Johnson,Merrimack,25.927272727272726,15,-4.039879490870053,-29.575190758263737,10.927272727272726,11
5242629,Tye Dorset,Merrimack,17.71470588235294,15,0.7757012190585321,0.011004742065516696,2.7147058823529413,34
5241286,Blake Daberkow,Idaho St.,20.09310344827586,15,3.9475837808745866,-3.2478687633270247,5.093103448275858,29
5241282,Cheikh Sow,Idaho St.,18.449999999999996,15,1.0760558156448312,-16.291142316807488,3.4499999999999957,28
5239747,Amare Allen,Maine,18.099999999999998,15,-6.494192956877716,-8.514196056333246,3.099999999999998,23
5239745,Caleb Crawford,Maine,17.264516129032256,25,-4.928262508170745,-6.308929523797231,-7.7354838709677445,31
5060708,John Mobley Jr.,Ohio St.,23.429032258064517,25,6.753375249923134,5.1642469738060655,-1.5709677419354833,31
5101675,Colin White,Ohio St.,8.086206896551724,5,2.36878028775883,-0.7527197700753163,3.086206896551724,29
5239599,Ivan Njegovan,Ohio St.,14.879999999999999,5,6.462376645269562,1.142576825910967,9.879999999999999,30
5165276,Jeremiah Wilkinson,Georgia,28.064516129032253,35,10.047446836600919,5.19283081445447,-6.935483870967747,31
5241460,Dylan Godfrey,UC Riverside,21.030434782608694,5,18.154900965897077,-6.409426506329523,16.030434782608694,23
5241462,Evan van der Plas,Canisius,15.02608695652174,15,-6.367484185785912,-11.09296559799489,0.026086956521739424,23
5239632,Joshua DeCady,Hofstra,15.425806451612901,25,0.22504790338548852,-2.5529970962702957,-9.574193548387099,31
5239571,Braden Frager,Nebraska,20.684848484848484,15,9.510179985108818,6.024071827454084,5.684848484848484,33
5060721,Nick Janowski,St. Thomas,23.43870967741936,25,2.450190256063777,1.6920702074378746,-1.5612903225806392,31
4873151,"Paul McNeil, Jr.",N.C. State,18.02058823529412,25,7.037433550871117,5.805726585663693,-6.97941176470588,34
5238170,Trey Parker,Seton Hall,18.809375,5,12.405842916589302,2.0993667868042385,13.809375,32
5041945,Bryce Heard,Dayton,17.716666666666665,25,-0.8132388544519926,-1.2330467522195176,-7.283333333333335,36
5238171,Ismael Diouf,Northern Iowa,21.311764705882354,35,-2.868330322680636,-4.929515151788294,-13.688235294117646,34
5241689,Amarion Dickerson,USC,12.1875,5,2.4061065633030103,0.5000319798332652,7.1875,8
5241693,Maurio Hanson Jr.,Maryland Eastern Shore,17.73333333333333,15,-0.9656661330429948,-5.496244758179192,2.7333333333333307,21
5110430,Jack Robison,Wisconsin,14.058823529411764,15,7.522117305143067,16.05847005000095,-0.9411764705882355,17
5101672,Daniel Freitag,Buffalo,29.009523809523813,35,4.912526775092447,3.396136155527242,-5.990476190476187,21
5239655,Riccardo Greppi,Wisconsin,28.585714285714282,35,-32.28967065686923,-17.908275400126456,-6.414285714285718,14
5144387,Bryce Dortch,Rutgers,8.112903225806452,5,0.0779040085137849,-0.9420440014376021,3.112903225806452,31
5061576,Dylan Grant,Rutgers,20.688235294117646,15,-1.5851520495429057,-1.3234995649009933,5.688235294117646,34
5241480,Fatt Hill,George Mason,24.813043478260866,35,1.3670205392864736,-0.45693609621221,-10.186956521739134,23
5241481,Jai Anthoni Bearden,Ball St.,20.483333333333334,25,17.15582124921041,-5.4194343376613725,-4.516666666666666,12
5241483,TJ Burch,Wright St.,28.824242424242424,15,6.83357659393,2.928840974533471,13.824242424242424,33
5101689,Lathan Sommerville,Washington,16.113636363636367,15,-4.089541851523499,-7.361438465357225,1.1136363636363669,22
5240934,Jaxon Olvera,Louisiana,30.033333333333335,35,-0.4662804519534405,-3.9738052676868625,-4.966666666666665,33
5240935,Dovydas Butka,Campbell,24.034482758620687,25,0.3378812070318352,-0.9963896603638993,-0.9655172413793132,29
5240937,Danilo Dozic,Pepperdine,17.38,15,-0.74071050594771,-1.8782952896802916,2.379999999999999,25
5061572,Robert Hinton,Harvard,26.592857142857145,35,5.21913111869939,0.5134503891650921,-8.407142857142855,28
5241725,Ben Eisendrath,Harvard,15.614285714285714,15,-2.684682169089833,-3.4885335292175195,0.6142857142857139,28
5241726,Kenan Parrish,Harvard,24.605882352941173,15,8.536610366509684,-10.639306416451548,9.605882352941173,17
5241727,Austin Hunt,Harvard,16.192307692307693,15,-2.914244861769986,-2.7082654619950284,1.1923076923076934,13
5241728,Tey Barbour,Harvard,18.239285714285714,25,4.474746969471562,2.044600052982902,-6.760714285714286,28
5241729,Dutch Dowdell,Harvard,8.866666666666667,15,-5.566913907497478,-0.6643458450493415,-6.133333333333333,15
5242994,JaJuan Nicholls,Tennessee Tech,25.90357142857143,15,4.710191982435454,1.6262036725919278,10.903571428571428,28
5060709,Robert Wright III,BYU,25.288571428571426,35,9.120764275248064,5.057204862064461,-9.711428571428574,35
5239489,Jason Asemota,Boston College,17.314285714285717,25,5.0584867263246736,-5.456193448367775,-7.685714285714283,21
5239777,Tyler Lee,Central Arkansas,15.50625,5,-1.8411647798480193,-6.922152530692367,10.50625,32
5239780,Ty Robinson,Central Arkansas,22.6,35,11.004440552196252,4.9661032802923115,-12.399999999999999,32
5239782,Cole McCormick,Central Arkansas,18.599999999999998,25,1.4660290797043958,-0.27064975653173134,-6.400000000000002,30
5239783,Layne Taylor,Murray St.,16.203225806451613,15,1.7629335812559135,0.4086432896352386,1.2032258064516128,31
5239763,Tyler Doyle,Bellarmine,20.131999999999998,15,-5.133198066703662,-4.724594436013125,5.131999999999998,25
5239766,Grant Neal,Bellarmine,44.044444444444444,25,-4.819337261800716,-1.7793591602054954,19.044444444444444,9
5239765,Myles Watkins,Bellarmine,23.928571428571434,25,-4.4349943889868015,-5.338983071222519,-1.0714285714285658,28
4873219,Jacob Cofie,USC,16.651612903225807,15,4.720192580280449,3.8696883771692137,1.6516129032258071,31
5183809,Ishan Sharma,Saint Louis,14.694117647058823,15,5.703863192432601,4.600929887317857,-0.30588235294117716,34
5214641,L.J. Cason,Michigan,21.724999999999998,35,15.675979828370846,6.669082982202826,-13.275000000000002,28
5239560,Phat Phat Brooks,Central Michigan,24.972413793103446,15,-0.9135518911882724,-3.9514515788586255,9.972413793103446,29
5196370,Justin Pippen,California,27.32903225806452,25,6.6709673733036245,5.360341305851193,2.329032258064519,31
5242911,Flash Burton,Rider,27.485714285714288,25,-2.350614477497814,-3.080490497270351,2.4857142857142875,28
5242913,Cole McCabe,Rider,12.24074074074074,5,-1.9734820821952384,-8.1137725924671,7.2407407407407405,27
5060703,Elijah Crawford,Illinois Chicago,33.06956521739131,25,5.825279491043152,3.165978443801905,8.069565217391307,23
5243212,Kanon Catchings,Georgia,21.790625,25,4.729258587860603,2.278420819948308,-3.2093750000000014,32
5312969,Josiah Shackelford,Bowling Green,22.124137931034483,25,-1.2941488244610686,-0.9003947470314874,-2.8758620689655174,29
4683786,Mikey Williams,Sacramento St.,28.672222222222224,25,-0.6450961052998396,-1.7484915990373997,3.6722222222222243,18
5243086,Jaylan Ouwinga,Toledo,16.678124999999998,25,-1.0327580722461132,-1.606057696378333,-8.321875000000002,32
5242277,Luca Soroa Schaller,Northeastern,21.251724137931028,35,-2.734657108733012,-5.6996077724125485,-13.748275862068972,29
5060728,Brandin Cummings,Pittsburgh,23.068421052631578,35,7.142733163018652,0.15108306007485114,-11.931578947368422,19
5240509,Ibrahima Traore,Utah,7.555555555555555,5,2.5642260001843376,-2.1233593586764368,2.5555555555555554,9
5165275,Tyler Johnson,Virginia Tech,12.670588235294117,15,4.0734089893316066,2.919113536858554,-2.329411764705883,17
4873105,Ben Hammond,Virginia Tech,20.75,25,6.658108102215841,5.118531462109573,-4.25,32
5238192,Ryan Jones Jr.,Liberty,20.620833333333334,25,-4.1368325857251405,-16.352490662250528,-4.379166666666666,24
4869763,James Brown,North Carolina,14.47777777777778,15,4.2985325432090145,-0.7878616425086103,-0.5222222222222204,9
4869770,Ian Jackson,St. John's,24.79166666666667,15,6.167822062052367,1.7743049311100227,9.791666666666671,36
5239713,Brandon Jennings,VCU,17.85833333333333,25,7.641201857513058,4.148988956391203,-7.141666666666669,36
5060712,Terrence Hill Jr.,VCU,25.219444444444438,35,8.363066233690851,7.735373854821589,-9.780555555555562,36
5061581,Luke Bamgboye,Texas Tech,14.400000000000002,15,5.829099468240214,2.72940900312337,-0.5999999999999979,21
5239714,Martin Carrere,Virginia,20.2875,15,21.026973066033932,-10.841855628665826,5.287500000000001,16
5241489,Jacob Hogarth,Gardner Webb,24.653333333333332,25,-4.179232582415335,-5.295314185921454,-0.34666666666666757,30
5241491,Justin Menard,Marist,22.999999999999996,25,4.134497256480998,1.526072877242839,-2.0000000000000036,30
5241488,Kernan Bundy,UMKC,18.0,25,-26.79370277952023,-12.997110920866797,-7.0,6
5241493,Yaphet Moundi,San Jose St.,24.45,15,14.204563616989736,2.9417517873379317,9.45,12
5314634,Shaun Wysocki,Denver,15.796296296296294,15,-2.3418937662152906,-4.244835966055034,0.7962962962962941,27
5314641,Carson Johnson,Denver,24.56206896551725,25,-0.5155892443681016,-0.4931071581549204,-0.4379310344827516,29
5241308,Lachlan Brewer,Idaho St.,14.1,15,-2.5854962896038334,-2.808461199133696,-0.9000000000000004,30
5240529,Anton Bonke,Charlotte,21.224242424242423,25,2.690134931999575,2.1735299743132317,-3.775757575757577,33
5156117,Ryan Mela,Providence,18.875757575757575,25,4.889374476812229,1.2589059531152893,-6.124242424242425,33
5240530,Nilavan Daniels,Providence,7.164999999999999,5,7.645178238361268,5.141360968598445,2.164999999999999,20
5164558,Oswin Erhunmwunse,Providence,14.700000000000001,5,3.1908051117140124,2.4669762719736053,9.700000000000001,33
5238200,Urban Klavzar,Florida,16.18,15,6.560423955450058,5.563903238192003,1.1799999999999997,35
5238199,Kevin Pazmino,Nicholls St.,9.36875,5,11.123534140614533,-8.00463875066158,4.36875,16
5238201,Viktor Mikic,Florida,31.247058823529414,25,6.2917834182221775,-12.67929559169954,6.247058823529414,17
5144372,Isaiah Brown,Florida,16.675757575757576,5,5.772866882444324,4.704579020128073,11.675757575757576,33
5184753,Olivier Rioux,Florida,19.672727272727272,35,-6.958958576712274,1.0414582484597232,-15.327272727272728,11
4873187,Khani Rooths,Louisville,16.700000000000006,25,8.551548878117941,3.441505933164723,-8.299999999999994,31
5242942,Tyler Boston,Holy Cross,24.819999999999997,35,0.11618459190222623,-1.7011992996574559,-10.180000000000003,30
5242943,Max Green,Northwestern,14.991304347826087,15,-0.47460217615808,0.13484123388332475,-0.00869565217391255,23
5242944,Chuck Hare,Holy Cross,14.481818181818182,5,-1.5069745811672415,-7.980485493583506,9.481818181818182,22
5242945,Aidan Richard,Holy Cross,14.178571428571427,5,-5.620710225333584,-6.338275400950548,9.178571428571427,28
5242946,Jaiden Feroah,Southern Utah,20.500000000000004,25,4.731673142740576,3.8225779232610657,-4.4999999999999964,29
5241424,Raysean Seamster,UT Arlington,23.280000000000005,25,3.1795730216796714,2.0669600160132067,-1.7199999999999953,30
5241428,Cameron Jackson,UT Arlington,13.39310344827586,15,0.3522890364420657,-1.6546093853062773,-1.6068965517241391,29
5239604,Dayan Nessah,Cleveland St.,28.304347826086957,35,2.282413601051151,-1.373792261029645,-6.695652173913043,23
5144371,Ty Bevins,George Washington,10.533333333333335,15,-11.429289087072448,-8.613884000519194,-4.466666666666665,9
4869762,Marcus Allen,Miami FL,12.5875,15,1.7416047049728967,1.7416047049728967,-2.4124999999999996,8
5144166,T.O. Barrett,Missouri,22.58787878787879,15,2.4650120398396935,0.31621001949847116,7.58787878787879,33
5238218,Annor Boateng,Missouri,19.913333333333334,15,-8.554790170433185,-8.607941029949542,4.913333333333334,15
5169569,Trent Burns,Missouri,21.549999999999997,25,-3.2126298521823067,-8.693880961603092,-3.450000000000003,22
5061592,Peyton Marshall,Georgia Tech,24.33888888888889,15,4.484792730544868,-10.11179181238549,9.338888888888889,18
5242130,Brett Decker Jr.,Liberty,20.14838709677419,15,1.761545720977634,1.3833747020452674,5.14838709677419,31
5242131,Owen Aquino,High Point,18.369696969696967,15,6.683669495700931,3.8964268738323886,3.3696969696969674,33
5241697,Roddy Jones,Central Connecticut,15.671428571428573,5,8.119891534113185,-7.2172669297731415,10.671428571428573,21
5241698,James Jones,Central Connecticut,11.0875,5,-3.7382678324907355,-4.115447033676652,6.0875,24
4873090,Labaron Philon,Alabama,30.2969696969697,25,10.937095434882888,10.30874508810613,5.2969696969697,33
4873184,Aiden Sherrell,Alabama,19.238235294117647,25,10.178332845683698,8.668795065750865,-5.761764705882353,34
4869766,Naas Cunningham,UNLV,18.805,5,10.340018541021003,-5.443667266986902,13.805,20
5095155,Derrion Reid,Oklahoma,18.848648648648652,25,4.142615178157254,3.1745962469739446,-6.151351351351348,37
5241607,Tyler Spratt,Detroit Mercy,18.54,15,2.2365708683952685,-0.01266527804416017,3.539999999999999,30
5241608,Je'Shawn Stevenson,North Texas,26.545161290322575,35,6.608316078865192,5.46681871768715,-8.454838709677425,31
5241610,Reece Robinson,North Texas,17.245161290322585,15,0.7392035738407369,-1.5311276167815657,2.245161290322585,31
5184903,Evan Haywood,Butler,16.144827586206898,25,3.382656350693548,1.4976644308560925,-8.855172413793102,29
5242934,Mbaye N'Diaye,Eastern Michigan,11.046666666666665,35,-19.777091941673813,-8.680235923664664,-23.953333333333333,15
5241290,Jeremiah Davis,Montana St.,17.360714285714288,15,2.2983166789358065,1.1058849988170592,2.3607142857142875,28
5241292,Trap Johnson,UC San Diego,12.640909090909092,5,5.7216217407151975,-4.183083206424407,7.640909090909092,22
5101648,Bishop Boswell,Tennessee,14.299999999999999,15,5.8789536810396115,4.859493928996257,-0.7000000000000011,34
5060731,Jaxon Prunty,Charleston,14.096774193548388,5,-2.0747364171783316,-4.8411283426367335,9.096774193548388,31
5241686,De'Vion Lavergne,Louisiana,21.839393939393936,35,1.5785024102875809,-3.7905883010194374,-13.160606060606064,33
5238195,Boogie Fland,Florida,18.765714285714285,15,6.447099063301434,6.20173720668233,3.765714285714285,35
5183293,Casmir Chavis,UT Arlington,24.803333333333335,25,-0.020353518183530817,-2.0849361651099323,-0.19666666666666544,30
4869777,Karter Knox,Arkansas,16.95,25,3.5645860882347895,2.0264035077449987,-8.05,22
5060732,Billy Richmond III,Arkansas,17.92162162162162,25,8.488682928518802,5.371072650748276,-7.078378378378378,37
5241687,Mason Shrout,Purdue Fort Wayne,22.919999999999998,25,4.649711277509535,-15.352352625977122,-2.080000000000002,10
5239578,Dior Conners,Ohio,21.796551724137927,5,0.7155363740962765,-8.347657115244202,16.796551724137927,29
5239579,Jason Clarke Jr.,Appalachian St.,15.213636363636363,15,-4.718270060790765,-5.903192116872765,0.21363636363636296,22
5239580,Ben Ezeagu,Southern Indiana,13.876923076923076,15,-9.184090991882123,-10.344779872525276,-1.1230769230769244,13
5239582,Jamil Muttilib,Grambling St.,19.94516129032258,25,2.7311387129569735,1.6685011823125355,-5.054838709677419,31
5239586,Andrin Njock,Appalachian St.,11.133333333333335,15,2.080994861566045,-2.0233248059515447,-3.8666666666666654,21
5239587,Michael Marcus Jr.,Appalachian St.,15.793333333333333,15,-1.716508766988404,-2.621214531268964,0.793333333333333,30
5152656,Josiah Moseley,Texas Tech,16.27857142857143,15,13.624457773368077,7.434702783337932,1.2785714285714285,14
5215425,Sash Gavalyugov,Santa Clara,22.711764705882352,35,7.261469001583286,1.4376573611835834,-12.288235294117648,34
5175588,Matt Hodge,Villanova,14.565517241379311,15,4.281290312999975,2.4578612553987838,-0.43448275862068897,29
5101681,Malcolm Thomas,Dayton,22.557692307692307,25,0.25310758256233196,-4.989682290777746,-2.4423076923076934,26
5239637,Tajuan Simpkins,Seton Hall,18.85151515151515,25,4.0679780781151145,2.819718177399644,-6.148484848484848,33
4873137,Brayden Crump,East Tennessee St.,17.211111111111112,25,-2.7410841792312945,-4.241876016708853,-7.788888888888888,9
5241906,Kam Martin,Samford,17.1,25,4.319056149699071,-4.259282132148689,-7.899999999999999,30
5241909,Christian Richardson,Nebraska Omaha,18.343478260869563,15,-0.1943022600823655,-2.1973591533797734,3.3434782608695635,23
5240527,Josh Clark,Marquette,13.1,5,4.589344733566127,-4.46768057616091,8.1,23
5061595,Damarius Owens,Marquette,15.586666666666666,25,1.9727816611814284,-0.5297087302453686,-9.413333333333334,30
5101676,Royce Parham,Marquette,19.43225806451613,15,3.3126254812494356,2.3200656722049455,4.43225806451613,31
5240664,Alfred Worrell Jr.,Morgan St.,26.56296296296296,15,0.8296635102923844,-1.7482400674716159,11.56296296296296,27
5243157,Angok Anyang,Alabama A&M,10.365217391304347,5,-5.527268983276374,-6.650821434594087,5.365217391304347,23
4873180,Bryson Tucker,Washington,14.452380952380953,15,1.3115203533154756,-1.0510469342305033,-0.5476190476190474,21
5240416,Pharell Boyogueno,Winthrop,12.648,15,2.3950479287900834,0.35682249828458823,-2.3520000000000003,25
5240417,Jacob Hudson,Gardner Webb,22.407692307692308,25,-2.8247250526598915,-3.2012765489187744,-2.592307692307692,26
5240419,Colin Hawkins,Gardner Webb,19.910714285714285,15,-9.0285472422101,-9.47463900511851,4.910714285714285,28
5243096,EJ Ryans,Western Michigan,14.913793103448276,15,-4.475968622581284,-4.766720762903351,-0.0862068965517242,29
5242980,Damoni Harrison,Charlotte,19.97241379310345,25,2.6401196249649344,1.1881371972593249,-5.027586206896551,29
5144165,Isaac Asuma,Minnesota,21.151515151515156,15,4.004503936141498,1.0614625810833878,6.151515151515156,33
5239570,Grayson Grove,Minnesota,11.29375,5,5.22904454212423,2.8801041883722194,6.293749999999999,32
4711262,Jeremiah Johnson,Campbell,21.58125,25,0.30406795728582026,-1.1151189506680723,-3.4187499999999993,32
5242982,Josiah Dunham,Southern Indiana,11.965,15,-3.4577582572949095,-5.62770073888624,-3.035,20
5241635,C.J. O'Hara,Green Bay,20.74838709677419,25,0.9971577649299538,-0.13175202242868586,-4.2516129032258085,31
5241633,Ben Tweedy,Colgate,16.106451612903225,25,0.1934308269771865,-3.312673098033867,-8.893548387096775,31
5241637,Caden Wilkins,Green Bay,14.806451612903226,5,-2.113545073106914,-3.3680875545018596,9.806451612903226,31
5149117,Jahvin Carter,Middle Tennessee,23.193103448275863,35,4.771368327425355,-0.9297132642784367,-11.806896551724137,29
5173445,Dominick Stewart,Penn St.,15.80625,25,3.519100041249299,-0.9582979621872081,-9.19375,32
5061587,Miles Goodman,UT Arlington,14.196428571428573,25,-1.3304302400969523,-7.488312849447621,-10.803571428571427,28
5239603,Hudson Ward,Western Michigan,11.31818181818182,15,0.7931008993533093,0.991281550247545,-3.68181818181818,11
5241841,CJ Hardy,Cal St. Bakersfield,21.845000000000002,25,0.060142908109212474,-1.9789409600381505,-3.1549999999999976,20
5241842,Mike Price,Cal St. Bakersfield,18.534482758620687,25,-5.646850436300702,-10.370114975622384,-6.465517241379313,29
5241843,Marvin McGhee IV,UC Santa Barbara,14.555555555555555,5,5.3250858109361445,3.2248588629629427,9.555555555555555,27
5241844,Bentley Waller,Cal St. Bakersfield,16.61904761904762,15,-7.8551319707055125,-16.513854716086637,1.6190476190476204,21
5241846,Jemel Jones,New Mexico St.,29.87241379310345,35,6.71135393556169,5.859722514191655,-5.127586206896549,29
5241847,Cameron Clark,South Carolina St.,23.59166666666667,15,-7.33612366451397,-8.155107515750407,8.591666666666669,24
4706262,Jaden Henderson,Cal St. Fullerton,19.63,15,-1.743779190552932,-3.7208421297409324,4.629999999999999,30
5247860,AJ Patterson,Air Force,17.693103448275863,5,-1.1532730441169055,-8.794621955188516,12.693103448275863,29
5248174,Elliott Taite,Air Force,38.36666666666667,35,23.946717560308542,13.852055034264751,3.366666666666667,12
5247862,Sam Springer,Loyola MD,15.003333333333336,25,-6.254145454566361,-7.981829404877181,-9.996666666666664,30
5247864,Eli Robinson,Air Force,17.4741935483871,15,-2.4963935290685466,-3.451462368298797,2.474193548387099,31
5164369,Emmanuel Stephen,UNLV,12.730434782608697,15,-5.227048225251246,-5.624515520302797,-2.2695652173913032,23
5239487,Sven Djopmo,Arizona,14.210526315789474,15,20.486570303486612,3.265687482719419,-0.7894736842105257,19
5243271,Jalen Lee,Southern Utah,14.861904761904762,25,-5.308719139566288,-6.239443159218052,-10.138095238095238,21
5243273,Shadrak Lasu,LIU,12.693939393939393,15,-2.634874046195182,-4.257723520995732,-2.3060606060606066,33
5242121,Quel'Ron House,Southern Illinois,26.972413793103446,35,4.62391127834697,2.1092006707927444,-8.027586206896554,29
5239866,Josh Meo,Winthrop,16.248387096774195,5,-4.053032258983475,-5.261704299264063,11.248387096774195,31
5151855,Luka Toews,Boston College,18.348275862068963,15,-0.016621614690097486,-2.788570660461742,3.348275862068963,29
5060730,Jaeden Mustaf,Georgia Tech,19.782758620689652,15,-0.5411101466414142,-0.18402386992524444,4.782758620689652,29
5144381,Darrion Sutton,Missouri St.,16.6,15,3.6870072229306547,-0.27518887840374495,1.6000000000000014,31
5242414,Zavier Fitch,Wagner,15.06,15,-2.6798841609589736,-2.3358315686662205,0.0600000000000005,15
5242415,Makhai Anderson,Wagner,17.242105263157892,35,5.761244316777769,-5.304664227345994,-17.757894736842108,19
5242622,Parby Kabamba,Marist,18.093333333333337,35,0.6916195036196132,-2.1258505503422485,-16.906666666666663,30
4873195,Tarik Watson,Marist,24.640000000000004,25,-4.90098858067884,-6.686906855011384,-0.3599999999999959,10
5242764,Azmar Abdullah,Boston University,15.93939393939394,15,-1.8499126757049016,-4.340523828828647,0.9393939393939394,33
5242765,Ben Defty,Boston University,24.903030303030302,25,2.7211010203780375,1.6303582726871806,-0.0969696969696976,33
4869781,Dallas Thomas,Clemson,14.495454545454544,15,23.008673833316337,5.063443866164778,-0.5045454545454557,22
4873143,Del Jones,Radford,29.193103448275863,35,-0.9582432039654812,-2.193128337708749,-5.806896551724137,29
5179085,Ace Buckner,Clemson,23.180000000000003,25,4.157629938461374,2.484497779263135,-1.8199999999999967,35
5037876,Micah Robinson,TCU,20.977142857142855,15,4.174748631733251,3.156752225892788,5.977142857142855,35
5164368,David Punch,TCU,23.679411764705883,15,8.91528547460467,6.7883780960215265,8.679411764705883,34
5149115,Allen Graves,Santa Clara,22.647058823529417,35,20.614362721442923,13.057431198128828,-12.352941176470583,34
5241069,Elijah Mahi,Santa Clara,22.894117647058824,25,5.695582766205742,4.621615455781372,-2.105882352941176,34
5239525,Hamad Mousa,Cal Poly,27.043333333333337,35,4.449303097977617,3.7196826321327583,-7.9566666666666634,30
5239526,Amael L'Etang,Dayton,25.39090909090909,25,2.776426076875151,1.2480480089671968,0.39090909090909065,33
5243127,Damarion Dennis,Wyoming,18.467741935483872,25,6.641630409083736,4.796435357804462,-6.532258064516128,31
5243128,Sheldon Williams,Texas A&M Corpus Chris,22.92413793103448,25,3.518506651181998,1.476545957264666,-2.0758620689655203,29
5240368,Babatunde Durodola,Temple,16.76774193548387,15,-1.0247519164253804,-3.2945384515274423,1.767741935483869,31
5243130,Isaac Williams,Baylor,19.442424242424245,15,3.7519817802579425,2.979516803921226,4.442424242424245,33
5240520,Théo Pierre-Justin,DePaul,13.106666666666671,5,1.995058992389894,-0.44787096305884216,8.106666666666671,30
5242262,Zion Sensley,UC Santa Barbara,20.006666666666668,25,1.3616138127260347,0.691295355415599,-4.993333333333332,30
5242264,Zachiah Clark,UC Santa Barbara,16.157142857142855,15,-11.77260948332757,-9.65389570378386,1.1571428571428548,14
5238163,Anastasios Rozakeas,Mount St. Mary's,12.7,5,0.34183785552806834,-6.273787447683036,7.699999999999999,23
4873208,AJ Swinton,Florida St.,12.738461538461538,15,2.5288162733975885,2.6912103454137477,-2.2615384615384624,26
5238166,Alier Maluk,Florida St.,16.154545454545456,35,21.2734017856939,2.0830737979647265,-18.845454545454544,22
5101692,Jamie Vinson,Texas A&M,22.586666666666666,5,15.177936664907454,-1.533883816235454,17.586666666666666,30
5238165,Jalen Crawford,Florida St.,30.95,35,-2.055908990344269,3.7203986942478493,-4.050000000000001,6
5149083,Nic Codie,Texas,14.0,15,3.0371138283614507,0.15160765140056684,-1.0,23
5241303,Sebastian Tidor,Portland St.,12.975,25,-3.656821061926543,-4.726670809232016,-12.025,24
5117627,Pearson Carmichael,Boise St.,20.03793103448276,25,2.1915789496937275,-1.0321282482644927,-4.96206896551724,29
5241230,Javan Buchanan,Boise St.,22.396551724137932,25,2.9437730003330738,4.135205153595232,-2.6034482758620676,29
5241881,Greg Gazarian,Cal St. Northridge,36.31428571428572,35,-43.34064666085669,-35.6123444970069,1.3142857142857167,7
5240270,Jazz Henderson,Texas Tech,22.05384615384616,25,9.68565661494208,-10.013963383119723,-2.946153846153841,13
5060701,Christian Anderson,Texas Tech,25.454545454545457,35,13.453785012698031,8.279981331239972,-9.545454545454543,33
5240271,Leon Horner,Texas Tech,19.054166666666667,35,-0.9698692069249321,0.015579504976960035,-15.945833333333333,24
5152623,Connor Amundsen,Dartmouth,18.154166666666665,25,-5.467146168811954,-5.335712991913926,-6.845833333333335,24
5241721,Kareem Thomas,Dartmouth,26.649999999999995,25,-1.7972389012743388,-2.650377366495037,1.649999999999995,24
5241722,Cameron McNamee,Dartmouth,14.212,15,-2.657725542569798,-4.474815817550492,-0.7880000000000003,25
5242407,Hermann Koffi,Stonehill,17.40333333333333,25,-1.8079953004345541,-3.3825096609331404,-7.596666666666671,30
5242410,Pearse McGuinn,Stonehill,15.47826086956522,15,-3.1332701655499644,-10.988677909713493,0.4782608695652204,23
5239902,Trey Scott III,Georgia St.,14.015999999999998,25,-4.7680339349638565,-5.955569682604388,-10.984000000000002,25
5240511,KJ Tenner,Murray St.,17.60909090909091,5,3.1653015479307376,-3.6053964874733984,12.60909090909091,33
5101669,Jonathan Powell,North Carolina,14.806060606060607,5,5.763829811981654,1.0157976026970226,9.806060606060607,33
5240514,Haris Elezovic,Northeastern,12.141176470588235,5,-11.564783981583181,-12.52563805570196,7.141176470588235,17
5241898,Aaron Hunkin-Claytor,Hawaii,14.2,15,-0.6646581244997397,-1.812736810094791,-0.8000000000000007,15
5241895,AJ Economou,Hawaii,15.158823529411764,15,1.821630830058636,-12.944230632653998,0.15882352941176414,17
5241740,Peyton Seals,Princeton,15.117647058823529,5,-9.486148818745532,-14.199892434264974,10.117647058823529,17
5241741,CJ Happy,Princeton,23.175,15,-3.3828805118140797,-4.965796715609435,8.175,24
5174791,Malik Abdullahi,Princeton,18.39230769230769,25,0.9871613586528082,-3.326603838571913,-6.607692307692311,26
5241743,Jack Stanton,Princeton,16.58636363636364,15,0.34575571841472347,0.12154797587539629,1.5863636363636395,22
5239519,Manie Joses,Davidson,9.986206896551723,5,7.047582186991594,0.9621535684853807,4.986206896551723,29
5239520,Nick Coval,Davidson,16.906451612903226,25,-0.10916701473178528,-1.8746905830908036,-8.093548387096774,31
5239523,Roberts Blums,Davidson,24.593333333333327,35,8.62909799859671,5.5786203003150465,-10.406666666666673,30
5241913,Sebastian Akins,Wake Forest,22.668571428571425,25,-0.9354526280313171,-3.6071248649412446,-2.3314285714285745,35
5241915,Josh Pickett,Presbyterian,13.38,5,-4.808401784618165,-6.558018909222538,8.38,30
5239600,Dezdrick Lindsay,Oregon,15.837499999999999,25,1.9646819338277897,-0.5183406174509556,-9.162500000000001,32
5241916,Abdulai Fanta Kabba,Western Carolina,14.151851851851852,5,1.5807099678383754,-2.2779906185229106,9.151851851851852,27
5242635,Arlandus Keyes,Mount St. Mary's,23.17241379310345,15,7.0592744609277505,2.2090218127112995,8.172413793103448,29
5241914,Nicholas Shogbonyo,Texas A&M Corpus Chris,21.36,25,2.903261157391159,1.079524333479662,-3.6400000000000006,25
5242637,Elijah Espinosa,Mount St. Mary's,15.45,25,-0.2215755028858098,-5.100376857850743,-9.55,14
4869779,Jamari Phillips,Oregon,14.973076923076924,5,11.159524346629366,-7.066518626958781,9.973076923076924,26
5242638,Abdou Khadre Kébé,Mount St. Mary's,19.561904761904763,15,1.3212855869472477,-1.8731779090363199,4.5619047619047635,21
5257917,Will Ashford,Central Michigan,14.96,5,2.834987037097159,-10.544154794591481,9.96,25
5241274,Garrett Spielman,Wyoming,16.757142857142856,15,15.705767593927868,10.02454381419299,1.7571428571428562,7
5060724,AJ Bates,Louisiana Tech,24.596774193548388,25,-0.2739616655576628,-2.3794914436775225,-0.4032258064516121,31
5242133,Al Green,UNLV,14.914285714285715,25,0.9163224816685234,-1.8643911395408332,-10.085714285714285,28
5242134,Landren Blocker,Southeast Missouri St.,15.873333333333333,25,1.6604717428792757,-1.8385062862413677,-9.126666666666667,30
5241457,Alec Squires,South Dakota St.,17.06206896551724,15,-0.4853363934064153,-3.558274785835771,2.0620689655172413,29
5241454,Jaden Jackson,South Dakota St.,20.76551724137931,25,-0.29185921102120926,-0.5983837618859092,-4.23448275862069,29
5241452,Owen Larson,Drake,19.736,25,3.300704610509153,-3.467412784150057,-5.263999999999999,25
5239623,Josh Reed,Drexel,25.784374999999997,25,-4.088527862624426,-6.006615767402049,0.7843749999999972,32
5239624,Kevon Vanderhorst,Drexel,18.115625,15,-1.497620977513052,-1.615121580100736,3.1156250000000014,32
5239626,Ralph Akuta,Drexel,19.860714285714284,25,-1.5459705076036856,-7.292854185448734,-5.139285714285716,28
5239550,Trey Buchanan,South Dakota St.,20.300000000000004,25,-3.396256781010372,-5.1741370343247235,-4.699999999999996,7
4873203,Cooper Koch,Iowa,12.556756756756755,15,4.5622946308068135,4.137678114175901,-2.443243243243245,37
5240264,Andrija Vukovic,Oklahoma St.,15.096296296296295,15,2.346803031584732,2.2361428830145758,0.09629629629629477,27
5240267,C.J. Smith,UTEP,13.944444444444445,15,-21.4024860884693,-11.87566111585732,-1.0555555555555554,9
5239715,Khalil Williams,Bryant,19.50952380952381,25,-16.50545319794797,-17.767291711325544,-5.4904761904761905,21
5214525,Jordyn Kee,Miami FL,15.8125,15,-7.553655076573538,-17.155161129459962,0.8125,8
5238203,Somto Cyril,Georgia,17.58787878787879,15,7.112435762233474,5.782470076164697,2.5878787878787897,33
5242583,Chike Ndefo,Towson,15.943333333333332,5,1.488823161145783,-7.564626727346988,10.943333333333332,30
5242587,Caleb Embeya,Towson,12.090625,5,-0.08783330525871044,-1.4024383333374153,7.090624999999999,32
5241333,Eoin Dillon,Belmont,18.951612903225808,15,7.6489748915897815,4.674358667023883,3.951612903225808,31
5241334,Jabez Jenkins,Belmont,20.203225806451616,25,0.45556297964903797,-1.9918604102414557,-4.796774193548384,31
4873154,Cooper Haynes,Belmont,14.564285714285715,25,-7.834237846601915,-13.423996104973495,-10.435714285714285,14
5241370,Kaia Berridge,Evansville,10.180769230769233,15,-5.422039462011528,-15.898799664839006,-4.819230769230767,26
5241371,Ramondo Battle II,North Carolina Central,23.629411764705885,5,-1.2907543946926114,-21.038673166927893,18.629411764705885,17
5241372,Trent Hundley,Evansville,13.719999999999999,15,-2.9059543192408657,-3.2289245586854576,-1.2800000000000011,30
5241705,Juwan Maxey,Ball St.,21.543478260869566,15,-4.155050216979279,-8.535191544400066,6.543478260869566,23
5241706,Cris Carroll,Youngstown St.,26.841379310344827,25,2.8125975061683923,2.2166950573756354,1.841379310344827,29
5242924,Major Freeman,Charlotte,20.25357142857143,15,-2.9741954337336813,-3.2375933097820018,5.25357142857143,28
5242926,Gavin Doty,Siena,23.28857142857143,35,11.282973805361317,4.972547145176599,-11.71142857142857,35
5242928,Devin Brafford,Charleston Southern,18.170588235294115,5,21.765227272534627,2.641958664159794,13.170588235294115,17
5144382,Zion Wilburn,Samford,17.685714285714283,25,-2.1905799620265913,-8.765600691795841,-7.314285714285717,28
5243240,Caleb Harrison,Samford,8.563636363636364,25,12.022991439195593,-8.886471758979903,-16.436363636363637,11
5241869,Davis Bynum,Rider,19.1,15,-6.088750517576617,-8.556694512216298,4.100000000000001,27
5242938,Quentin Heady,Bethune Cookman,20.2,35,5.970952839930451,-1.0851949216182086,-14.8,31
5242937,Mohammad Habhab,Eastern Michigan,25.106666666666666,25,0.5691280286806192,-0.22066106599456262,0.10666666666666558,30
5242999,Andrija Bukumirović,Tennessee Martin,20.746666666666666,15,3.4180415584553874,3.0659173921328327,5.746666666666666,30
5243000,Tarence Guinyard,Duquesne,24.780000000000005,35,4.918472493086732,3.6722194734843203,-10.219999999999995,30
5243002,Afan Trnka,Tennessee Martin,19.215384615384615,25,2.30682259385898,-2.5223536636274932,-5.784615384615385,26
5243003,Matija Žužic,West Georgia,14.850000000000001,5,-5.261274828670449,-6.80850762546008,9.850000000000001,22
5243004,Pedro Santos,Tennessee Martin,20.721428571428568,25,2.3176827552692822,-2.49205701706305,-4.278571428571432,28
5243006,AJ Hopkins,Tennessee Martin,12.903703703703705,15,4.0998398716264965,-5.419883870379844,-2.0962962962962948,27
5243011,Stefano Faloppa,New Haven,13.721428571428572,5,-3.2759736050996833,-5.145496358937792,8.721428571428572,28
5243012,Filip Radaković,Tennessee Martin,23.26,25,-1.1088587962717547,-5.35362953754942,-1.7399999999999984,25
5243088,Jerald Colonel,Stephen F. Austin,12.4375,5,5.319771179767898,3.9673141562771517,7.4375,32
5243089,Landyn Jumawan,Northwestern St.,14.551724137931034,25,-4.211372472516236,-7.727039569674724,-10.448275862068966,29
5243094,Willie Williams,Northwestern St.,18.22,25,4.6846604439881405,0.5794395416060436,-6.780000000000001,25
4869778,Ahmad Nowell,VCU,16.25714285714286,15,3.5174827286276127,0.7674113418820544,1.2571428571428598,28
5243211,Mihailo Boskovic,BYU,12.314705882352941,5,3.3095071576757586,-2.590080239950405,7.314705882352941,34
5093403,Isaiah Abraham,Georgetown,12.975757575757576,15,-0.5313146406444105,-0.88522052424702,-2.0242424242424235,33
5243093,Justin Redmond,Northwestern St.,21.661904761904765,15,-7.530540763639,-7.789177986698884,6.661904761904765,21
5238193,Mason Hagedorn,VMI,13.299999999999999,15,-10.371054276443967,-9.574412261017327,-1.700000000000001,6
5142609,Juke Harris,Wake Forest,27.371428571428567,35,7.0660746617444925,6.083550114341609,-7.628571428571433,35
5243236,Brady Shoulders,Mercer,15.87037037037037,15,0.4058761699331606,-0.11909885393024817,0.8703703703703702,27
5243237,Braeden Carlsen,Mercer,51.58,35,41.43633841478846,26.517370202892145,16.58,5
5239554,Malachi Palmer,Villanova,10.651515151515152,5,2.848383477823714,1.5866797038351097,5.651515151515152,33
5241640,Andy Stefonowicz,North Dakota St.,16.715625000000003,15,1.618346597203058,1.265833564599965,1.7156250000000028,32
5241641,Carson Smith,North Dakota St.,15.0,15,-6.523688472459983,-7.437586174080234,0.0,21
5241642,Treyson Anderson,North Dakota St.,26.953125,25,5.769360766143438,3.8925553503726444,1.953125,32
4869768,David Castillo,Kansas St.,18.15625,25,6.286817482734221,-0.6664235574472297,-6.84375,32
5242553,Jayden Williams,Bucknell,16.96060606060606,25,-4.171646405171626,-4.703760935572027,-8.039393939393939,33
5242554,Matt Lange,Bucknell,8.633333333333333,25,5.464472798629594,-5.579205317555983,-16.366666666666667,9
5240263,Mobi Ikegwuruka,Kansas St.,9.350000000000001,5,2.8880955355022073,-1.2048592124987194,4.350000000000001,10
5243102,Jeremy Elyzee,Southeastern Louisiana,22.163333333333338,15,-1.6267659767153517,-1.3692911103419259,7.1633333333333375,30
5243104,Kyle Edison,Southeastern Louisiana,21.829166666666666,15,0.2581170246062605,-7.210440095272863,6.829166666666666,24
5243105,Jaiden Lawrence,Southeastern Louisiana,12.296666666666669,25,1.1546218828654427,-3.6871243233858397,-12.703333333333331,30
4873111,Kur Teng,Michigan St.,19.594285714285718,15,2.2495198459354615,0.850241646823572,4.594285714285718,35
5239562,Jesse McCulloch,Michigan St.,10.51428571428571,5,10.520649089109142,3.089412499663923,5.514285714285711,28
5239627,Daniil Glazkov,Loyola Chicago,12.503846153846155,5,-2.8766448018005955,-5.6189867380797365,7.503846153846155,26
5239628,Seifeldin Hendawy,Winthrop,19.938709677419357,25,-4.4208873132503985,-4.251179242045699,-5.061290322580643,31
5239629,Jack Turner,Oral Roberts,16.590476190476192,25,-4.549538222414352,-7.7313120491494445,-8.409523809523808,21
5239630,Brayden Young,Loyola Chicago,8.366666666666667,15,-11.587233333582057,-12.920118621220523,-6.633333333333333,12
5242272,Bryson Ogletree,North Carolina A&T,9.988461538461538,15,-1.1378389069160122,-5.250563254759204,-5.011538461538462,26
5241389,Mozae Downing-Rivers,Portland St.,12.93125,5,1.4997490486524887,-6.820854917236271,7.93125,16
5241390,Makhai Valentine,Northern Illinois,18.45925925925926,25,2.469171052389736,1.0911818551566892,-6.540740740740741,27
5241395,Zaxton King,Missouri St.,12.687096774193549,25,0.05113640486383364,-2.671876019902743,-12.312903225806451,31
5241397,Michael Osei-Bonsu,Missouri St.,30.35714285714286,35,3.4322149659102985,2.4380614359981942,-4.642857142857139,28
5242545,Joseph Thomas,Little Rock,9.733333333333334,25,2.1382807333306446,-7.457665534061818,-15.266666666666666,12
5242546,Isaiah Lewis,Long Beach St.,18.653333333333332,5,-3.577193343819781,-6.083436422582873,13.653333333333332,30
5242548,Caleb Pennyfeather,Little Rock,10.796428571428573,15,-3.851208572990792,-4.442852573458061,-4.203571428571427,28
5239836,Amar Amkou,Florida Atlantic,22.537499999999998,15,2.0746542999142843,-1.6791418301865395,7.537499999999998,24
5239838,Matas Vokietaitis,Texas,27.734285714285708,25,3.0068836963353833,3.058222909755018,2.7342857142857078,35
5242606,Jaxson Ford,Sam Houston St.,16.653333333333332,15,-6.684487505528928,-7.628213948768243,1.6533333333333324,15
5240903,Elias Ralph,Pacific,23.738709677419358,35,6.531713782934915,4.559228336817705,-11.261290322580642,31
5240906,Seth Jones,Southeastern Louisiana,26.728571428571428,35,-6.4622400705750715,-8.052645336871079,-8.271428571428572,7
5239839,Max Langenfeld,Florida Atlantic,24.992857142857144,15,0.8230972364794805,-12.731308656762758,9.992857142857144,14
5240521,Jayden Fort,Georgetown,14.505882352941176,15,0.26589942508978326,-2.5961898303052653,-0.49411764705882355,34
5242608,Erik Taylor,Presbyterian,16.68,15,-3.878743533695185,-1.1229733940698707,1.6799999999999997,5
5241311,Dontrez Williams,Lindenwood,24.87142857142857,25,0.2573339470989394,-0.08213535967315844,-0.1285714285714299,28
5243217,Houston Holland,Chattanooga,9.04,15,-0.04931740503525057,-6.45660051569779,-5.960000000000001,25
5241312,Christian Alston,Abilene Christian,26.482142857142858,25,-2.1386289702437074,-6.438167819274014,1.4821428571428577,28
5243222,Parker Robison,Chattanooga,7.829166666666667,5,-4.119936369508099,-8.195350122775745,2.8291666666666666,24
5241350,Lorenzo Abellar,Southern Utah,15.77142857142857,25,-5.806990743537694,-8.237462938552257,-9.22857142857143,28
5241314,Bradyn Hubbard,Abilene Christian,30.50344827586207,25,-0.6771885487168402,-0.8495584713203257,5.50344827586207,29
5061569,Caleb Williams,Georgetown,14.02121212121212,25,7.808742076877664,2.054743377955139,-10.97878787878788,33
5240524,Julius Halaifonua,Georgetown,20.240625,25,6.912134631345716,4.908122581977512,-4.759374999999999,32
5241732,AJ Levine,Penn,22.472413793103446,25,0.9339919210438353,-2.1774112244546897,-2.5275862068965544,29
5241352,Kai Burdick,Southern Utah,15.417241379310344,15,-0.8479606666318713,-6.1459531325072945,0.4172413793103438,29
5241733,Alex Massung,Penn,23.54444444444444,35,-9.01093252666117,-6.687620244397786,-11.45555555555556,9
5240526,Seal Diouf,Georgetown,57.5,35,-43.31701616258386,-51.76176924961762,22.5,12
5241736,Michelangelo Oberti,Penn,12.272727272727273,15,12.61160251953595,6.214065903789591,-2.7272727272727266,11
5101668,Kayvaun Mulready,Georgetown,15.321874999999999,5,3.57655321432462,-0.6397229605892644,10.321874999999999,32
5241734,Dylan Williams,Penn,22.428571428571427,25,-10.174113380716753,-10.09257763642169,-2.571428571428573,7
5242612,KJ Thomas,UTEP,14.275,15,-3.5493763812533268,-4.838028601896218,-0.7249999999999996,28
5205881,Babacar Mbengue,UMKC,11.830434782608696,5,-4.547608132367111,-8.466731698808752,6.830434782608696,23
5243035,Caleb Williams,Lafayette,25.72903225806452,25,-1.8303395296242546,-9.216720556875327,0.729032258064521,31
5243037,Folabomi Fayemi,Lafayette,22.753333333333334,5,-1.3939268724127405,-12.30129861046016,17.753333333333334,15
5243038,Alex Chaikin,UC San Diego,17.478125,15,-0.20373362268455414,-0.9319066465633266,2.4781249999999986,32
5243039,Edouard Benoit,Lehigh,20.98260869565217,25,-3.4391041633689756,-6.107138924318674,-4.017391304347829,23
5243040,Alfredo Addesa,Lehigh,19.990322580645167,5,4.0688989447121795,-11.722143927560259,14.990322580645167,31
5243041,Peter Kramer,Lehigh,9.93030303030303,5,-2.4103728626768994,-4.284355325975284,4.93030303030303,33
5243042,Hank Alvey,Lehigh,23.769696969696966,35,4.5018872606927065,3.2138696240727023,-11.230303030303034,33
5241270,Ewan Steele,Idaho,7.099999999999999,15,-6.625796201586943,-6.479408377178632,-7.900000000000001,12
5240005,Maban Jabriel,Queens,16.26470588235294,25,2.1471385303684145,1.1098714786055794,-8.735294117647062,34
5240006,Yoav Berman,Queens,22.232352941176472,25,-1.1225183220863717,-0.9573885251265061,-2.7676470588235276,34
5242598,Justin Ray,Monmouth,16.245454545454546,25,2.0230143090870976,1.135815393354113,-8.754545454545454,33
5242599,Lucas Orchard,Monmouth,14.825,25,17.534568105506047,-4.593045978743578,-10.175,8
5239825,Sean Blake,Vermont,23.459375,15,-2.861713878107386,-3.95915739153787,8.459375000000001,32
5239827,Sincere Clemons,Vermont,28.52,35,-46.33247401266744,-32.07861239158656,-6.48,5
5243136,Jaylen Washington,UT Rio Grande Valley,20.370967741935484,15,2.128357199529831,2.0816226453912274,5.370967741935484,31
5101686,Godswill Erheriene,Seton Hall,35.010000000000005,5,-7.1548299436707765,-39.7787646057786,30.010000000000005,10
5241344,Houran Dan,Seattle,18.97878787878788,35,5.23183980692092,-2.5807095353103624,-16.02121212121212,33
5144391,Chance Puryear,SMU,8.642857142857142,15,-17.52658156547813,-7.772008293429279,-6.357142857142858,14
5238182,Mitchell Holmes,SMU,11.51923076923077,15,13.052772061709128,-6.92929675450406,-3.48076923076923,26
5238184,Samet Yigitoglu,SMU,19.24411764705882,15,3.3489375526904794,2.449907828941497,4.244117647058822,34
5240885,Maxim Logue,Florida Atlantic,18.22307692307692,25,8.025970291275097,0.7876499457017668,-6.7769230769230795,26
5240884,Johan Munch,Oregon St.,21.703225806451616,35,-1.919251735915892,-1.963423133073429,-13.296774193548384,31
5240883,Isaiah Sy,Oregon St.,20.233333333333334,25,1.6045854671262598,-0.03254018580423426,-4.766666666666666,33
5240880,Ja'Quavis Williford,Oregon St.,22.445454545454545,25,-11.207422364502346,-12.248158211609935,-2.5545454545454547,11
5075230,Fedor Zugic,Creighton,16.808823529411764,5,2.723039754921725,-0.9196417586034457,11.808823529411764,34
5149116,Ty Davis,Creighton,12.86060606060606,35,7.800192106222727,-2.8145903664354393,-22.13939393939394,33
5144375,Larry Johnson,McNeese St.,30.409374999999997,35,9.810561095593476,6.262620331936613,-4.590625000000003,32
5313498,Ryan Bartley,Houston Christian,16.503333333333334,15,-1.8823367211324944,-3.4049075488734704,1.5033333333333339,30
4873136,Ayden Evans,Ohio,12.066666666666668,15,-11.358035391164877,-6.367044575802827,-2.933333333333332,9
5243080,Elijah Elliott,Ohio,15.672727272727274,15,-5.298314054851005,-4.796511424720625,0.6727272727272737,11
5243081,Kiir Kuany,Ohio,13.29655172413793,5,2.3088806601116323,-2.841554274127587,8.29655172413793,29
5243083,Jesse Burris,Ohio,16.1,25,-5.152986295145744,-8.720133077210146,-8.899999999999999,22
5241620,Evan Anderson,South Dakota,8.052,5,-4.116694872980399,-5.3728828984791495,3.0519999999999996,25
5241246,Kayde Dotson,Loyola Chicago,21.110714285714284,15,-1.627267600091047,-1.6587039315559124,6.110714285714284,28
5241247,Daniel Thomas,UNC Asheville,13.192592592592595,15,-4.698822808160513,-7.751896057377909,-1.8074074074074051,27
5101673,Jovan Milicevic,Xavier,22.46969696969697,25,3.5515311949309236,0.1744592870776763,-2.530303030303031,33
5241435,Ronnie Harrison,East Texas A&M,26.23928571428571,35,5.587920681227716,-0.23345144607376161,-8.76071428571429,28
5241436,Jordan Mizell,Tarleton St.,13.185714285714285,5,-3.381528126644382,-3.269546778081406,8.185714285714285,28
5241440,Keitenn Bristow,Alabama,15.75,25,6.91772184844195,-1.9398886622296754,-9.25,10
5241442,Chris Mpaka,Tarleton St.,24.74782608695652,25,-3.810821688652985,-5.624544941756176,-0.2521739130434817,23
5241444,Andy Sigiscar,Tarleton St.,17.963636363636365,5,7.201659522439371,0.269285190254067,12.963636363636365,22
5144392,Sebastian Rancik,Colorado,22.089655172413792,25,3.69346746496611,2.7846537431683283,-2.910344827586208,29
5214643,Felix Kossaras,Colorado,12.467857142857142,15,0.10579952373513392,-1.80795353354925,-2.5321428571428584,28
5178038,Andrew Crawford,Colorado,15.0,5,19.183904167252717,4.654344281679618,10.0,10
5115357,Elijah Malone,Colorado,15.6,15,-1.6639667764831685,-3.8585841537617447,0.5999999999999996,30
5241363,Tavion Banks,Iowa,22.99189189189189,25,3.669442934116745,3.0860508874397636,-2.008108108108111,37
5241366,Isaia Howard,Iowa,16.132432432432434,15,4.751191776007277,2.7180423172039925,1.1324324324324344,37
5241367,Joey Matteoni,Iowa,25.2,35,1.8397386690938404,3.911954975348353,-9.8,11
5243397,John Clemmons,Delaware St.,30.70952380952381,35,-8.051325538351286,-18.503093540540636,-4.290476190476191,21
5243399,Ponce James,Delaware St.,25.87391304347826,25,-2.182932028946071,-1.5556917463268938,0.8739130434782609,23
5242268,Peter Bandelj,Cal Poly,20.61,25,-0.04377942561580983,-0.5109091305212149,-4.390000000000001,30
5242269,Cayden Ward,Cal Poly,23.916129032258063,35,0.2327314738068491,-1.9278562258203986,-11.083870967741937,31
5240745,Cooper Campbell,Troy,18.990625,25,1.9963436258054417,2.0879646982442353,-6.009374999999999,32
5240748,Evan Griffin,Troy,21.90909090909091,25,-15.017884952103104,-10.800148052170782,-3.09090909090909,11
5240749,Austin Cross,Troy,11.128125,5,-2.818927360984674,-5.328331230535525,6.128125000000001,32
5240746,Cobi Campbell,Troy,14.319354838709677,25,13.507872114049206,-0.4277289123818132,-10.680645161290323,31
5243028,Ben Michaels,Vermont,11.272413793103448,5,-4.9881580284906795,-7.797404250804255,6.272413793103448,29
5243033,Kavon Bradford,Northern Arizona,22.4962962962963,35,20.477930954580184,-5.154422918637772,-12.5037037037037,27
5243034,Tim Oboh,Buffalo,21.876666666666665,25,-3.0369785408129593,-3.9867156810677558,-3.123333333333335,30
5243204,Chris Arias,Jacksonville,17.714285714285715,25,2.15801779342258,-2.0699704199559936,-7.285714285714285,28
5243208,Kent Jackson,North Florida,22.490000000000006,15,-2.958869558484987,-4.017017550819147,7.4900000000000055,30
5243210,Enrico Borio,Jacksonville,12.257894736842106,5,-6.256882456089596,-6.711638784678693,7.257894736842106,19
5240016,Jamie Phillips Jr.,Stetson,26.053333333333335,25,0.4094261234938198,-1.6123985772288372,1.0533333333333346,15
5240017,Mehki Ellison,Eastern Michigan,18.108333333333334,25,-6.548422541952173,-8.450855454616542,-6.891666666666666,24
5240018,Daniel Macgregor,Stetson,21.64,25,-3.9829022671289778,-6.347169881019857,-3.3599999999999994,20
5101656,Jalil Bethea,Alabama,21.29615384615385,5,0.3055054359848617,-2.5742898162794594,16.29615384615385,26
5241614,Nate Johnson,Detroit Mercy,16.375,15,-3.782854533641793,-10.019543266064176,1.375,24
5171688,Isaiah Johnson-Arigu,St. Thomas,22.36,25,1.0476344291656419,-1.3231592673855894,-2.6400000000000006,30
5241617,Ryan Kalambay,Detroit Mercy,10.636666666666667,5,2.7120158502991445,0.6305448024965525,5.636666666666667,30
5241618,TJ Nadeau,Detroit Mercy,19.20344827586207,25,6.91599450083623,1.6596446488213872,-5.796551724137931,29
5144380,Austin Swartz,Creighton,22.39666666666667,35,11.13324455041907,1.819497367135045,-12.603333333333332,30
5238169,Xander Alarie,Northeastern,21.554545454545455,25,0.2772391899590361,-5.027713645885586,-3.4454545454545453,11
5060733,Divine Ugochukwu,Michigan St.,13.668181818181814,25,5.441504062405866,1.8198074502333776,-11.331818181818186,22
5242400,"Juan Cranford, Jr.",Eastern Kentucky,21.200000000000003,25,-1.4452595755625666,-3.902605912781796,-3.799999999999997,30
5242401,Jeremy Clayville,NJIT,22.313333333333336,25,-5.284377497503277,-7.684491404397397,-2.686666666666664,15
5242403,Victor Payne,Saint Francis,12.941379310344827,5,-4.458191165358287,-5.260668614918881,7.941379310344827,29
5242405,Trey Weiand,Saint Francis,10.276923076923076,15,-10.235563361363065,-18.51272095176751,-4.723076923076924,13
5241628,Valentino Simon,Nebraska Omaha,16.423076923076923,25,6.964238970736107,-6.57043645928157,-8.576923076923077,26
5240285,Tyran Mason,UT Arlington,17.810000000000002,25,0.9108455125937512,-1.6573842788643163,-7.189999999999998,30
5240286,Baron Smith Jr.,Oral Roberts,16.714285714285715,25,-2.5463347563348484,-7.829731699089546,-8.285714285714285,21
5241629,Kamryn Thomas,Nebraska Omaha,13.804,5,-4.049200538374051,-6.10348960124376,8.804,25
5241630,Khamani Cooper,Nebraska Omaha,28.104347826086954,15,-4.336077531251624,1.8137592575835269,13.104347826086954,23
5238207,Collin Chandler,Kentucky,15.85833333333334,15,5.798576766253231,5.070226029113027,0.8583333333333396,36
5175592,Trent Noah,Kentucky,13.422222222222226,5,6.499169164485636,-2.3143408023263277,8.422222222222226,27
4873100,Travis Perry,Mississippi,15.445714285714287,25,7.344133428259419,1.275989055303165,-9.554285714285713,35
5060705,Zoom Diallo,Washington,28.742424242424242,25,5.146514137868475,3.663330689307766,3.742424242424242,33
5175589,Jase Butler,Colorado St.,17.618181818181814,25,4.47073638294606,2.267102104165538,-7.381818181818186,33
5242916,Jakai Sanders,Le Moyne,22.528571428571436,15,-3.9940149307937034,-4.71350825041319,7.528571428571436,28
5061578,Chris McDermott,Texas A&M,9.823529411764705,15,11.670085542155475,-1.2953813606858513,-5.176470588235295,17
5174452,Jayce Nathaniel,Illinois Chicago,17.03030303030303,15,2.1477143690406537,0.14201838775822057,2.030303030303031,33
5144378,Andre Mills,Maryland,24.503030303030304,25,4.3475156572926075,1.7773120746307272,-0.4969696969696962,33
5241422,Iker Garmendia,Elon,21.5,35,-8.590755337615885,-14.088512212167103,-13.5,13
5238231,Janusz Ratowski,Stetson,14.72608695652174,5,-1.3817983452928182,-6.9926125633030525,9.72608695652174,23
4873146,Jadis Jones,Lindenwood,21.0,25,4.309340237302129,2.5450392014935797,-4.0,25
5037877,George Turkson Jr.,Maryland,9.191304347826087,5,-2.078481504048153,-5.737070701077366,4.191304347826087,23
5242438,Aly Tounkara,Arkansas St.,12.449999999999998,5,0.054762022577970026,-3.0733678664107473,7.4499999999999975,30
5242439,Clayton Jackson,Lindenwood,15.706666666666667,25,-3.020600546394107,-7.652492349373096,-9.293333333333333,30
5061585,Isaiah Evans,Duke,21.78684210526316,25,9.566656058405876,7.929680091741562,-3.2131578947368418,38
4873107,Darren Harris,Duke,14.024999999999999,15,1.9179103857560544,-0.9315469735489094,-0.9750000000000014,36
4873209,Patrick Ngongba,Duke,23.109375,25,12.897278030928657,9.04807083323136,-1.890625,32
5241486,Isaac Munkadi,Fairfield,15.727272727272727,15,0.2675758593079603,-8.26525214721465,0.7272727272727266,33
5241699,Alex Bruskotter,Wright St.,14.084615384615383,15,1.8119656786963745,-0.2549864774536258,-0.9153846153846175,13
5241700,Andrea Holden,Wright St.,21.021212121212123,25,2.235890474569694,-0.5445438582951226,-3.9787878787878768,33
5101653,Luke Skaljac,Miami OH,20.179310344827588,15,1.2475422722757994,1.3678203410310261,5.179310344827588,29
5243053,Brant Byers,Miami OH,18.35483870967742,25,3.4915144680646772,0.9387321986140335,-6.64516129032258,31
5241679,Nassim Mashhour,Oakland,14.633333333333333,15,0.3856996530550034,-0.17442872153892194,-0.36666666666666714,9
5241683,Malcolm Christie,Oregon St.,19.779999999999994,5,-1.3009456818449738,-11.287313715994928,14.779999999999994,15
5241684,Warren Marshall IV,Oakland,12.264285714285718,5,-0.13511637831574214,-2.215852581007358,7.264285714285718,28
5243110,Matar Wade,Morgan St.,12.053846153846155,15,-5.928133329262063,-15.274693540856639,-2.9461538461538446,13
5243111,Marland Harris,Morgan St.,15.394444444444442,5,-1.2305424752241454,-12.872838760317727,10.394444444444442,18
5242642,Landon Williams,Niagara,14.62307692307692,15,-4.114313589740867,-6.960298010685628,-0.37692307692307914,26
5242643,Will Shortt,Niagara,19.16551724137931,15,-4.441367572131443,-6.3174275425144195,4.165517241379309,29
5242644,AJ McBride,Niagara,28.3,35,-13.865868081975208,-11.122094149406813,-6.699999999999999,5
5243252,Clinton Efinda,UNC Greensboro,14.570967741935485,25,-0.6033187747764293,-6.4840747761970245,-10.429032258064515,31
5243253,Clyde Bailey II,UNC Greensboro,13.358333333333334,15,-13.148051374818445,-4.803996240242682,-1.6416666666666657,12
5243254,Isaiah Washington,Northern Illinois,16.683333333333334,15,-14.148727570277583,-9.519707749241102,1.6833333333333336,12
4904206,Kael Robinson,Northern Kentucky,22.914285714285718,25,-0.26593743285515226,-0.35001251894833435,-2.085714285714282,28
5242959,David Burnett,Navy,17.21764705882353,5,3.6564189694681235,2.9873022342498063,12.21764705882353,17
5242961,Cooper Jackson,Navy,14.02,35,-17.08743216369331,-4.025695015360565,-20.98,15
5243343,Tamarion Hoover,Jackson St.,13.013333333333334,25,-1.2958961480868854,-4.565611635640054,-11.986666666666666,30
5243344,Dorian McMillian,Jackson St.,21.889285714285712,25,1.130398689100095,-4.022171364061402,-3.1107142857142875,28
5243345,Jalen Tatum,Jackson St.,20.5,15,-6.669118044829211,-5.076205803569971,5.5,11
5243346,Ebo Wilson,Jackson St.,7.027777777777778,5,-10.108297659193841,-9.698409500757872,2.0277777777777777,18
4873087,Deuce Jones II,Saint Joseph's,29.91111111111111,35,6.993793521109752,3.0754721260104896,-5.088888888888889,9
5241402,Britton Berrett,Utah Tech,10.129032258064514,15,-2.0047343858180633,-2.4331469759973374,-4.870967741935486,31
5242758,Wyatt Nausadis,American,19.009999999999998,15,-4.819557956237642,-4.448221304469061,4.009999999999998,30
5242761,Julen Iturbe,American,21.74,25,0.4394137524001078,-0.4449324415311982,-3.2600000000000016,30
5241399,Madiba Owona,Utah Tech,21.49166666666667,15,0.7618416472794345,-2.6744871204300384,6.491666666666671,12
5241593,Simon Hildebrandt,Washington St.,14.648387096774192,25,3.2914346784765156,-1.8380373509112855,-10.351612903225808,31
5242973,Troy Cole Jr.,Southeast Missouri St.,18.473333333333336,15,-8.404998291155508,-8.464862741160067,3.4733333333333363,30
5242974,Brendan Terry,Southeast Missouri St.,23.979999999999997,35,7.992554246432926,0.7285672210343208,-11.020000000000003,30
5241595,Birgir Irving,High Point,43.5,35,-61.09438907681698,-53.46964396591313,8.5,7
5240392,Ja'Borri McGhee,Mississippi St.,20.7125,25,-1.228656936625605,-3.2051018003985785,-4.287500000000001,32
5240393,Makhi Myles,Southeastern Louisiana,18.650000000000002,15,2.8475705120638706,-0.4263849919404398,3.650000000000002,30
5241592,Braden Hausen,High Point,14.33030303030303,15,3.2096655766712976,0.05153150010929465,-0.6696969696969699,33
5242976,Jay Reynolds,Southeast Missouri St.,23.32857142857143,35,-39.7522406145681,-29.992945505330038,-11.67142857142857,7
5240394,R.J. Kennedy,New Hampshire,15.525,25,-3.7649040451117393,-8.790748394058584,-9.475,28
5242977,Elliot Lowndes,Southeast Missouri St.,14.789655172413795,35,5.30994710324208,-3.0959175706169813,-20.210344827586205,29
5241594,Josh Ibukunoluwa,High Point,16.915384615384614,25,-1.662370354725599,0.5395739539778561,-8.084615384615386,13
4873141,Tyler Betsey,Syracuse,15.416129032258064,15,1.6458931994424042,1.6294469988258689,0.4161290322580644,31
5186554,JJ Rembert,McNeese St.,34.0,25,-6.075684147381206,-30.577451460455848,9.0,6
4873163,Tyler McKinley,Cincinnati,14.276,5,1.524333798043501,-4.4016071889006785,9.276,25
5240256,Halvine Dzellat,Cincinnati,14.565384615384612,5,0.8602889235242437,-5.254117316595857,9.565384615384612,26
5241667,Jamichael Stillwell,UCF,21.338709677419356,15,7.116034619296981,5.02903551733771,6.338709677419356,31
5241668,Esyah Pippa-White,Milwaukee,17.383870967741938,25,-8.50020094698081,-9.077726454970895,-7.616129032258062,31
5061597,Jaden Smith,Saint Joseph's,17.97058823529412,15,-3.9497011189096676,-6.21100507019216,2.9705882352941195,34
5239545,Kingston Price,Fordham,10.421052631578949,5,-7.845849181278419,-6.206201713633817,5.421052631578949,19
5239546,Aleksander Pachucki,Bucknell,13.878787878787877,15,-4.009231672843775,-3.5943237837553137,-1.1212121212121229,33
5044426,Flory Bidunga,Kansas,19.442857142857143,35,15.949075030340824,9.760561300663513,-15.557142857142857,35
5241231,Darnez Slater,Colorado St.,9.450000000000001,5,-8.932390959766604,-18.29242781848978,4.450000000000001,22
5239594,Bryson Cokley,Elon,19.743333333333325,15,-1.1718397918092214,-1.843610624082135,4.743333333333325,30
5060702,Justin Begg,Sam Houston St.,23.69,25,-4.184748616751152,-4.036563535776269,-1.3099999999999987,20
5241232,Jon Mekonnen,Colorado St.,19.98,25,-7.401636295761927,-14.653639429247818,-5.02,10
5239595,Stas Sivka,George Mason,11.339285714285717,5,-1.0103648682197361,-4.601754891692218,6.339285714285717,28
5239597,T.J. Prosise,George Mason,28.4,35,-30.48035265064954,-23.68436809953949,-6.600000000000001,5
5241234,Kyle Jorgensen,Colorado St.,21.089285714285715,15,2.288275153445004,3.074801133961315,6.089285714285715,28
5061605,Jaden Steppe,Montana St.,20.851724137931036,15,-2.7767222721307725,-7.927900883580613,5.851724137931036,29
5242970,Myles Thompson,SIU Edwardsville,22.8625,25,-2.4257429975420663,-4.527089230857474,-2.1374999999999993,8
5182713,Jo Valrie,SIU Edwardsville,15.568965517241377,15,-2.646721739165591,-3.4640775595600943,0.5689655172413772,29
5242967,Ring Malith,SIU Edwardsville,25.900000000000002,25,4.409118275032284,3.8578186417713947,0.9000000000000021,11
5241238,Pasha Shemirani,Pepperdine,3.4625000000000004,5,7.064038265158341,-7.428839371838356,-1.5374999999999996,16
5241239,Zaon Collins,Fresno St.,23.296,25,1.8361776506159169,1.238386157665851,-1.7040000000000006,25
5142617,Makhan Diouf,Fresno St.,22.93529411764706,25,-5.247563772666651,-10.171112640016123,-2.064705882352939,17
5241241,Brian Amuneke,Wichita St.,14.600000000000001,15,1.3386453977720867,-4.093144922486455,-0.3999999999999986,35
5243109,Dominic Pangonis,Wright St.,14.806060606060607,15,-1.3150610495530346,-1.5846898253773691,-0.1939393939393934,33
5239840,Mantas Kocanas,California,16.428571428571427,5,5.544278651126032,-5.157706208651918,11.428571428571427,21
4873089,Tahaad Pettiford,Auburn,25.207894736842103,35,7.933596138303334,2.244952008364655,-9.792105263157897,38
4869769,Jahki Howard,Utah,14.333333333333336,15,-11.541002058498478,-11.8461458797612,-0.6666666666666643,6
5214642,Tomislav Ivisic,Illinois,20.038235294117644,25,6.722855461237481,6.481657070181897,-4.961764705882356,34
4873153,Morez Johnson Jr.,Michigan,20.9175,15,12.159849606386125,9.929809306330535,5.9175,40
5173645,Jason Jakstys,Illinois,13.1,15,13.600247607626057,14.686846615645585,-1.9000000000000004,9
4905284,LJ Brown,UTSA,9.8625,15,-5.360032575935425,-4.417235976072864,-5.137499999999999,16
5240407,Baboucarr Njie,UTSA,23.27407407407408,25,-2.4216787268236755,-6.2115895822034,-1.725925925925921,27
5240406,David Hermes,UNC Asheville,5.5625,5,-8.228537540841929,-17.957423348403132,0.5625,8
5060706,Trent Perry,UCLA,20.819999999999997,25,6.333747833210302,4.65031117496174,-4.180000000000003,35
5149633,Eric Freeny,UCLA,10.453571428571431,5,-1.0931326771525913,-2.422722978243249,5.453571428571431,28
5239675,Kevin Kearney,Saint Joseph's,19.423076923076923,15,-7.030357715223995,-10.16072350486215,4.423076923076923,13
5180837,Josh Ward,Cal St. Fullerton,23.025,25,1.6185498709005972,1.701427795633427,-1.9750000000000014,32
5239676,Khaafiq Myers,Saint Joseph's,21.224999999999998,15,2.6454551161428905,-1.929127417503638,6.224999999999998,32
5239678,Mekai Johnson,Saint Joseph's,14.72,35,36.03143405003296,0.46209599661362877,-20.28,15
5239657,Damone King,Rhode Island,14.104545454545452,5,5.220453497816412,-5.320251458509919,9.104545454545452,22
5239660,Tyonne Farrell,Morehead St.,18.008,15,-0.5825677846972973,-5.05520997446743,3.007999999999999,25
5240545,Dezayne Mingo,Charlotte,26.321875,35,6.690183783777454,2.9443849326677385,-8.678125000000001,32
5240547,Erich Harding,Marshall,15.141935483870965,5,-0.7921325379172295,-6.254628948231218,10.141935483870965,31
5241384,Jahni Summers,Sacramento St.,16.2,15,-0.8298117785751024,-4.112113651478832,1.1999999999999993,28
5241385,Jayan Walker,Indiana St.,30.74444444444445,25,-14.144950845259663,-11.364345650577778,5.744444444444451,9
5241386,Caden Huttenlocker,Indiana St.,38.57142857142857,35,-0.027906622560905703,-14.808600263194124,3.5714285714285694,7
5241387,Bruno Alocen,Indiana St.,16.57,15,-2.0491309623866916,-1.8184980182701418,1.5700000000000003,30
5142608,Jaiden Glover-Toscano,Saint Joseph's,22.628124999999997,15,3.943818462380486,1.6934241290822043,7.628124999999997,32
4873206,Khaman Maker,DePaul,13.766666666666667,15,-8.586003969701746,-17.262019111820756,-1.2333333333333325,12
5241388,Merritt Alderink,Eastern Michigan,19.6375,25,1.027451968542437,-6.635863519945012,-5.362500000000001,24
5240539,Rubén Prey,St. John's,18.278378378378378,15,8.168716812873457,6.545035011175807,3.2783783783783775,37
5145712,Lefteris Liotopoulos,St. John's,17.75,15,-5.501094439334959,-8.032544190733706,2.75,30
5239673,Jaylen Robinson,Richmond,14.653333333333332,15,1.2656877383876701,-4.192204382516831,-0.34666666666666757,30
5142625,Joson Sanon,St. John's,19.540540540540537,25,-1.6733767695785127,-1.608840907403947,-5.459459459459463,37
4873130,Amier Ali,Mississippi St.,21.941666666666666,35,20.56795873636684,1.1777528060612215,-13.058333333333334,12
5037875,Tyrone Riley IV,San Francisco,17.756666666666668,25,5.237285608420748,2.4562142294150617,-7.243333333333332,30
5241061,James O'Donnell,Portland,20.9125,15,-0.22217601114347726,-1.987656444983454,5.912500000000001,32
5241062,Veniamin Abosi,San Francisco,16.786956521739132,5,6.9877250963318405,-1.022583682191368,11.786956521739132,23
5248277,Karl Poom,Northern Arizona,26.12758620689655,25,-4.351441591881115,-8.07349585468163,1.1275862068965488,29
5241429,Justus McNair,Valparaiso,22.661290322580644,25,5.0462800861088315,-2.6746323774936154,-2.338709677419356,31
5241430,All Wright,Xavier,14.424242424242426,5,1.2638920065619819,-1.4812937653836875,9.424242424242426,33
4707808,Tyler Schmidt,Towson,11.203333333333331,25,1.6691606793894544,-4.235567236119141,-13.796666666666669,30
5250204,Matyas Vrabel,Tarleton St.,9.91,5,-0.9807847601611351,-7.758013476351437,4.91,10
5314812,AJ Riggs,Utah Valley,7.9,5,-0.5735984056955653,-3.6849199236362935,2.9000000000000004,8
5313215,Aiden Miller,IU Indy,16.848148148148148,25,-2.4206794098932094,-5.343518623581732,-8.151851851851852,27
4901611,Nazareth Fisher,Eastern Illinois,16.485185185185184,5,-6.83092482924296,-8.649871923198665,11.485185185185184,27
4873145,Donnie Freeman,Syracuse,26.59130434782608,35,6.354555413139112,2.4897866362663494,-8.408695652173918,23
5238187,Petar Majstorovic,Long Beach St.,22.443333333333335,35,4.608574570241731,1.722830107074742,-12.556666666666665,30
5240966,Jinup Dobuol,Monmouth,19.716666666666665,35,28.57534955421341,4.2526775284786815,-15.283333333333335,18
5240970,NaVaughn Long,Portland,12.808333333333335,5,-4.568680668331897,-2.6825160999241553,7.808333333333335,12
5240971,Austin Rapp,Wisconsin,19.003333333333334,25,6.926145331492394,4.781681485524357,-5.996666666666666,30
5240972,Todd Jones Jr.,Louisiana,11.712121212121213,5,-2.8692156554053474,-5.601859900938957,6.712121212121213,33
5240973,Mikah Ballew,Portland,19.089655172413792,15,-5.222824535776226,-6.023959308910776,4.089655172413792,29
5313733,Albert Vargas,Robert Morris,18.292307692307695,15,0.4883944484063427,-1.7423718612032306,3.292307692307695,26
5239707,Amari McCottry,Saint Louis,25.61764705882353,35,5.524486806853828,2.476779561643488,-9.382352941176471,34
5239709,Max Pikaar,Southern Illinois,10.411538461538461,5,8.148664158012473,-4.024486383420698,5.411538461538461,26
5242601,Gabe Pickens,New Mexico St.,17.89642857142857,5,-1.1542900019284346,-7.192348391568555,12.896428571428569,28
5242603,Jae'Coby Osborne,New Mexico St.,14.010344827586207,25,4.79156747323352,-1.4649935248309454,-10.989655172413793,29
5241318,Declan Cutler,Weber St.,10.415999999999999,5,-0.2747096606994539,-4.9151369618970735,5.415999999999999,25
5241316,Trevor Hennig,Weber St.,19.124999999999996,25,-1.1229050405787093,-3.945526371283449,-5.8750000000000036,24
5241319,David Hansen,Weber St.,9.282608695652174,15,0.5566319890322232,-7.955634227681306,-5.717391304347826,23
5239648,Nate Guerengomba,Quinnipiac,12.917857142857146,15,-1.0049201130506142,-6.8049380542218145,-2.0821428571428537,28
5239649,Lewis Walker,North Carolina A&T,23.185714285714287,25,1.3741287708186316,1.282519902707956,-1.8142857142857132,28
5239651,Luka Damjanac,Massachusetts,16.841379310344827,15,-0.39195164840275887,-4.949468157218985,1.841379310344827,29
5239652,Amadou Doumbia,North Carolina A&T,13.28,5,-0.9042389658107263,-4.805168890839727,8.28,25
5241383,Josiah LeGree,Morehead St.,25.513333333333332,25,-0.6865466628616885,-3.2002521928449488,0.5133333333333319,30
5241737,Brandon Maclin,DePaul,21.955172413793104,35,13.109631171912994,3.4086301513589596,-13.044827586206896,29
5239617,Izaiah Pasha,Virginia Tech,18.833333333333332,25,-4.825847833093781,-11.88417532252663,-6.166666666666668,18
5239618,Macon Emory,Delaware,18.513333333333332,25,-1.837830161432377,-3.1052175876019232,-6.486666666666668,30
4869767,Isaiah Elohim,Florida Atlantic,19.203333333333337,15,1.286958852970397,0.29492145150633026,4.203333333333337,30
5037874,Jalen Shelley,Loyola Marymount,24.383333333333336,35,2.8968413237469277,0.9924017324609604,-10.616666666666664,24
5242423,Terry McMorris,Eastern Illinois,17.553333333333335,25,-0.014352787861010973,-2.4799190757709257,-7.446666666666665,30
5243262,Cal Liston,VMI,11.879310344827585,5,-8.44110761520538,-9.577911476396817,6.879310344827585,29
5243263,Linus Holmstrom,VMI,18.707142857142856,25,-1.530388943398526,-5.433827109847522,-6.2928571428571445,28
5243264,Kaden Stuckey,VMI,18.276923076923076,5,-6.324567003675784,-10.797774308311839,13.276923076923076,26
5243265,Jaylen Pazon,VMI,27.47058823529412,25,-7.910062530431948,-14.491878643227233,2.4705882352941195,17
5243193,Anthony Sellars,Arkansas Pine Bluff,16.23076923076923,5,-9.246782117948708,-24.54005541279919,11.23076923076923,13
5243198,Dennis Asoro,Arkansas Pine Bluff,14.875,5,-1.9063848974675546,-16.885530791408904,9.875,28
5252323,Demariontay Hall,Coppin St.,26.033333333333335,25,-3.428953278098137,-5.600106511390686,1.033333333333335,21
5240665,Brewer Carruth,Southern Miss,9.796428571428573,25,-5.032454109894872,-7.30028491377785,-15.203571428571427,28
5243061,Leland Coleman,Columbia,16.676923076923075,25,-22.249446670487366,-19.754976889563814,-8.323076923076925,13
5243062,Luke Davis,East Carolina,15.23076923076923,5,-1.2304626992322107,-10.281739970552659,10.23076923076923,26
4848628,MJ Thomas,New Orleans,20.862499999999997,25,1.6477860736953216,1.1908947356169037,-4.137500000000003,32
5243394,My'kel Jenkins,Norfolk St.,16.176000000000002,25,0.5184677330127705,-3.5026012973211897,-8.823999999999998,25
5243395,Melo Baines,Norfolk St.,11.344000000000001,5,4.5313579312193815,-8.875118929564302,6.344000000000001,25
5239828,Ben Bradford,Charlotte,25.084848484848482,15,0.9715909921026401,-1.902506937448966,10.084848484848482,33
5239829,Jaehshon Thomas,Drake,22.270967741935486,25,1.4716438778910808,-5.196891624021382,-2.729032258064514,31
5240756,Ta'Zir Smith,Robert Morris,18.12758620689655,25,-2.9406471310021303,-3.22006859875098,-6.872413793103451,29
5240757,Micah Caster,Louisiana Monroe,16.5,5,-6.273536568700341,-11.455866178903248,11.5,26
5240758,Renars Sondors,Louisiana Monroe,17.500000000000004,25,0.32130093979756424,-6.035684015816186,-7.4999999999999964,26
5060727,Tyler Thompson,Montana,13.376666666666665,5,3.629417490582063,-0.20742574644492115,8.376666666666665,30
5242571,Alexis Marmolejos,Pacific,18.94782608695652,25,29.938437389421143,-1.5239454488960131,-6.052173913043479,23
5243366,Michael Jacobs,Southern,30.382758620689657,35,0.16168823841211818,-1.135394258978578,-4.617241379310343,29
5243368,Joe Manning,Southern,16.559259259259257,35,12.221142052237,-3.398837279803621,-18.440740740740743,27
5243369,AJ Barnes,Southern,19.44074074074074,25,4.566323479448338,-1.1474943118261853,-5.55925925925926,27
5243370,Lionel Bell,Southern,13.813333333333333,25,-6.007146322591107,-8.372197379893759,-11.186666666666667,15
5243371,PJ Dobuol,Southern,12.626315789473685,15,-7.512097614748914,-6.6658697100850945,-2.3736842105263154,19
5242573,Braden East,Lamar,26.075,35,6.35968795937734,1.0510994794498552,-8.925,28
5242574,Jayden Gambrell,Lamar,16.996428571428574,25,-7.345872081031,-10.44437113910075,-8.003571428571426,28
5239710,Ebrahim Kaba,Purdue Fort Wayne,16.794117647058822,15,-3.467003928405696,-8.184387834499795,1.7941176470588225,17
5245765,Noah Bolanga,Utah Tech,20.470967741935485,15,-0.28826175439891133,-1.4580344232756348,5.470967741935485,31
5116468,Andrew Holifield,Lamar,21.351724137931036,25,1.8990966498699298,0.7378877283054558,-3.6482758620689637,29
5243405,Jayden Johnson,South Carolina St.,27.030000000000005,25,-1.3053979704435177,-1.3902702378284924,2.0300000000000047,30
5243407,Jamal Miles,South Carolina St.,17.749999999999996,15,-9.32713872587982,-21.353270766549635,2.7499999999999964,20
5243409,D'Shay Knights Wright,South Carolina St.,14.727272727272725,5,-3.898948963486312,-5.935804537994111,9.727272727272725,11
5242115,Asim Jones,Quinnipiac,23.680645161290318,25,-0.5153867377144155,-2.7365266333255773,-1.3193548387096818,31
5242116,Ashton Williamson,FIU,19.865217391304352,15,-2.5132282588393857,-4.981426671520773,4.865217391304352,23
5242117,Vianney Salatchoum,TCU,9.565217391304348,15,-1.754903794891957,-1.9829614469252503,-5.434782608695652,23
5242119,Ibrahim Olajuwon,FIU,13.658620689655173,15,-1.7722377418566189,-3.1695996988973643,-1.341379310344827,29
5196866,Caden Diggs,UMBC,22.569999999999997,25,1.9227694383951173,-0.13523878434946995,-2.4300000000000033,30
5240615,Scottie Hubbard,Old Dominion,11.296774193548387,5,-1.2402789026647358,-3.3377106165467856,6.296774193548387,31
5240616,Jaden Johnson,La Salle,16.942105263157895,15,-4.89543236507606,-5.138781831345504,1.9421052631578952,19
5240620,Ben Nacey,Old Dominion,12.244444444444444,25,-12.714772336294585,-6.941510118610995,-12.755555555555556,9
5240279,Damarien Yates,Alabama St.,18.822580645161292,15,5.363843224609004,1.148403710690222,3.822580645161292,31
5060710,Jared Harris,Wyoming,13.254545454545456,25,1.5850489988085894,-1.102674951622371,-11.745454545454544,11
5240281,Bouna Kebe,Delaware,16.535714285714285,15,-6.341325939926165,-9.585485458046383,1.5357142857142847,14
5239790,Jack Reddick,Florida Gulf Coast,15.393333333333334,5,-3.016581970193337,-7.9764817328048645,10.393333333333334,30
5239791,Darren Williams,Florida Gulf Coast,15.609375,15,-1.892939101315884,-2.639346312142975,0.609375,32
5239793,Tristen Guillouette,Florida Gulf Coast,15.229629629629631,15,0.2773445578258567,-2.9567007693203715,0.22962962962963118,27
5241264,Jordy Barnes,Utah St.,15.56875,25,13.470432048567881,-8.211308895986265,-9.43125,16
4873202,Isaac Davis,Utah Valley,27.43870967741936,15,3.956160315288637,-0.8220855160439031,12.43870967741936,31
5243245,Dante Kearse,The Citadel,14.949999999999998,25,-0.26131692487260694,-6.988503595916938,-10.050000000000002,30
5243056,Jayden Mott,Central Connecticut,22.88333333333333,15,-11.424264628882224,-17.8126033874469,7.883333333333329,12
5241305,Alex Dupre,Portland St.,12.00357142857143,15,-4.656794553052908,-5.11034604385401,-2.99642857142857,28
5241676,Donovan Rakotonanahary,Northern Kentucky,9.262068965517242,15,3.175450844721554,-5.70145029596307,-5.737931034482758,29
5242775,Josh Ahayere,Colgate,15.090000000000002,25,4.796570209374973,-1.898598843868054,-9.909999999999998,30
5242777,Cameron Brennan,Colgate,17.945454545454545,35,-40.57266719983415,-12.337383029282785,-17.054545454545455,11
5101658,Gicarri Harris,Purdue,12.964102564102562,25,10.3456410748089,4.669863304951463,-12.035897435897438,39
5102618,Jack Benter,Purdue,12.360526315789473,5,5.181729487768677,4.035741024191558,7.360526315789473,38
5175591,C.J. Cox,Purdue,13.774358974358973,25,17.05428585923773,6.283548973427094,-11.225641025641027,39
5144147,Daniel Jacobsen,Purdue,16.46923076923077,5,7.9682492669532605,4.191337841879207,11.46923076923077,39
5239503,Aaron Fine,Purdue,31.166666666666668,25,-4.491085493261725,-5.750967511966733,6.166666666666668,9
5242551,Khouri Carvey,North Carolina Central,25.272222222222222,35,2.9256615896187217,-2.324381475875697,-9.727777777777778,18
5239748,Tate McCubbin,Austin Peay,14.820689655172416,25,6.288399143794459,-1.1413164428873197,-10.179310344827584,29
5239749,Tekao Carpenter,North Carolina Central,14.615384615384613,5,-7.324582854599279,-8.26867937984117,9.615384615384613,26
5239753,Quan Lax,Austin Peay,10.35,5,0.18676101432287714,-5.774980596368954,5.35,8
5101667,Ramone Seals,Kennesaw St.,17.331578947368417,15,1.3438713809818803,-3.3261908774122424,2.331578947368417,19
5242124,Ricky McKenzie,Marist,12.360000000000001,5,-6.952196007526351,-14.607620814739557,7.360000000000001,10
5242126,Braedan Lue,Kennesaw St.,20.728125,25,1.1201990635349695,-0.0350983604072983,-4.271875000000001,32
5242127,Adrian Wooley,Louisville,18.374285714285715,15,5.58536890716977,4.351921474645002,3.3742857142857154,35
5242123,Mekhi Turner,Tennessee Tech,18.87272727272727,25,-2.0349111065507213,-4.78677596741746,-6.127272727272729,22
5239821,Martin Somerville,Florida St.,16.46363636363636,25,6.474357904107422,2.2404006084197805,-8.536363636363639,33
5239822,Isaiah Walter,UMass Lowell,18.369999999999997,25,-6.279837088661693,-10.93089104439951,-6.630000000000003,10
5234300,Oleksandr Kobzystyi,Oregon,14.21578947368421,15,1.7715202184421373,-0.5918867973645839,-0.7842105263157908,19
5239785,Micah Davis,IU Indy,19.46,25,-1.9155143135300572,-4.961782371591663,-5.539999999999999,30
5239786,Jayden Harris,Eastern Kentucky,23.196296296296296,15,-1.0454059708698442,-7.350148420077784,8.196296296296296,27
5239788,Yvens Paul,Eastern Kentucky,14.800000000000002,15,-3.4648595666394466,-5.36249315951004,-0.1999999999999975,30
5314775,Daniel Mayfield,Mississippi Valley St.,25.314814814814813,35,-3.8168687785328728,-5.652808257898632,-9.685185185185187,27
5242617,Julius Thedford,Memphis,18.800000000000004,25,7.461366848429497,3.99354780096002,-6.199999999999996,27
5242615,Kade Unseld,Western Kentucky,13.875,5,2.5192674887758737,-7.092418605263987,8.875,20
5242986,JC Brooks,Tennessee St.,10.075,5,10.369945192586101,-3.1343844547565376,5.074999999999999,16
5242989,Antoine Lorick III,Tennessee St.,22.34666666666667,25,5.009673957893355,-0.7711165925690253,-2.653333333333329,30
5242991,Kavien Jones,Tennessee St.,11.192592592592591,15,-3.8185663982199705,-5.152708617991639,-3.8074074074074087,27
5247933,Judson Bjornstad,Samford,13.031818181818181,5,-0.8456899098325422,-10.399469000364212,8.031818181818181,22
5243388,Ralph Martino Jr.,Saint Francis,11.617647058823527,5,-0.6736674115898651,-1.0869073281222275,6.617647058823527,17
4873199,Maurice Vassel,Maryland Eastern Shore,10.965217391304348,15,-8.634047159111246,-13.499320542080477,-4.034782608695652,23
5243390,Cardell Bailey,Southern Indiana,27.085714285714285,25,-1.476639040757007,-3.230295363134309,2.0857142857142854,28
5243393,Christopher Flippin,Maryland Eastern Shore,26.22857142857143,25,-1.7885631747512631,-6.299239804021701,1.2285714285714313,28
5239768,Khalil Badru,Iona,21.400000000000002,25,0.6440366995851279,-7.002184720460537,-3.599999999999998,31
4873194,Caleb Middleton,Elon,16.696296296296296,15,0.33648492192173823,-4.526549885690026,1.6962962962962962,27
5239769,Nick Sanford,New Hampshire,30.78,35,-49.258410718795005,-26.06980809972968,-4.219999999999999,5
5239772,Jon O'Neill,New Hampshire,6.115384615384617,15,9.001884844819804,-1.3630775193182514,-8.884615384615383,13
5313176,Lucas Burton,Cleveland St.,15.39,15,-2.090471848169221,-1.6298421436346238,0.39000000000000057,10
5241779,Jakob Blakley,Le Moyne,13.964516129032253,15,-5.340009776930421,-9.898757018390825,-1.035483870967747,31
5177248,Deng Garang,Le Moyne,17.635483870967743,25,-0.4442327215405821,-3.187086916096686,-7.364516129032257,31
5241781,Isaac Nyakundi,Le Moyne,15.208333333333334,5,0.5905757450045112,-11.19955384102871,10.208333333333334,24
5239757,Quentin Duncan,NJIT,17.775,15,3.786277611638986,-6.866849840383946,2.7749999999999986,32
5239758,Ari Fulton,NJIT,20.237499999999997,25,-0.7365556498000755,-3.053640423142882,-4.762500000000003,32
5239759,John Kelly,NJIT,15.534374999999999,15,-1.879521262740351,-5.064924696198446,0.5343749999999989,32
5239761,Malachi Arrington,NJIT,14.485714285714286,5,-5.283067054673538,-7.167577175841712,9.485714285714286,28
5239762,Jordan Rogers,NJIT,14.159375,25,1.9590772375560057,-2.4596286112274734,-10.840625,32
5241756,Kameron Taylor,UNC Asheville,29.73793103448276,35,1.3975033867955828,1.6555459038020601,-5.262068965517241,29
5241757,Julian Clarke,UNC Asheville,7.02608695652174,5,1.2317455616639579,-6.009418418019871,2.0260869565217403,23
5314587,Narit Chotikavanic,Stephen F. Austin,16.728125,15,5.8202408020357055,3.6435708674295464,1.7281249999999986,32
5241772,Raysean Johnson,Fairleigh Dickinson,15.960714285714289,15,-5.200594163844993,-7.441960209141719,0.960714285714289,28
5241776,Josiah Francis,Fairleigh Dickinson,9.433333333333334,15,-13.947671223900757,-16.01812065722938,-5.566666666666666,12
5241777,Dylan Jones,Southern Utah,12.52962962962963,15,-1.9569109482960811,-4.005056921918608,-2.47037037037037,27
5241380,Dominick Nelson,Iowa St.,25.258333333333336,35,12.649222632283843,0.5784511663505431,-9.741666666666664,24
5241376,Kylin Green,Houston Christian,24.096666666666668,15,2.663148956457231,-4.76199824270412,9.096666666666668,30
5241377,Tyler Medaris,Utah Valley,15.56153846153846,25,10.233461229373118,0.09535485821976859,-9.43846153846154,13
5241382,Tyler Weaver,Utah Valley,14.18888888888889,5,2.1238004824532783,-7.382979291134745,9.18888888888889,18
4904928,Cory Wells,Prairie View A&M,22.245454545454546,25,-2.705656045496112,-2.739286867922937,-2.754545454545454,33
5243018,Nyle Ralph-Beyer,Sacred Heart,18.81,15,0.1302439730189376,-0.4086338247112292,3.8099999999999987,30
5243019,Mekhi Conner,Sacred Heart,20.74666666666667,25,-2.7603324405242957,-6.150982122053339,-4.25333333333333,30
5243020,Jaden Slaughter,Sacred Heart,14.183870967741939,5,-3.7432215476212676,-5.3287747027910415,9.183870967741939,31
5243021,Taj Bryant,Sacred Heart,16.863157894736844,5,-2.6286535800390283,-10.466308824861475,11.863157894736844,19
5243023,Fallou Gueye,Sacred Heart,17.548148148148147,5,-6.037680986954524,-10.349908528919102,12.548148148148147,27
5241417,Rolyns Aligbe,Southern Illinois,19.619354838709675,15,3.5879563106210406,0.92182095572952,4.6193548387096754,31
5061607,Jaheem Webber,Southern Illinois,11.544444444444444,5,4.210633161913449,-2.340826086985057,6.544444444444444,18
5241419,Jorge Moreno,Southern Illinois,16.204166666666666,5,0.4067560661229955,-4.871193296807301,11.204166666666666,24
4711281,Drew Steffe,Southern Illinois,17.851612903225806,15,0.21106398737603102,-0.5610514923951958,2.8516129032258064,31
5241420,Antwaun Massey,Western Illinois,23.291304347826088,25,-7.596159934297349,-8.953612585497103,-1.7086956521739118,23
5314441,Karyiek Dixon,Western Illinois,15.805882352941175,15,-5.209514461037985,-4.688340568116698,0.8058823529411754,17
5243337,Lenard Taylor Jr.,Florida A&M,16.96666666666667,15,-12.430261335382841,-15.590131029465693,1.9666666666666686,18
5243355,Jonathan Pace,Mississippi Valley St.,16.821428571428573,15,1.1934591781449555,-5.511020621541973,1.821428571428573,14
5242807,Micah Simpson,Alabama St.,24.151612903225804,35,3.3916103388780052,-2.8092432517993493,-10.848387096774196,31
5242808,Mario Andrews,Alabama St.,12.07,5,-4.922294304229509,-11.54941524023799,7.07,30
5242812,Jerquarius Stanback,Alabama St.,18.43870967741935,25,1.2598214204766869,-1.7324596286354126,-6.56129032258065,31
5314761,Wylee Delorme,North Dakota,9.226315789473682,5,-4.139112956195372,-10.271934155113195,4.2263157894736825,19
5241744,Isaiah Skinner,USC Upstate,13.131034482758619,25,4.694799128833612,-2.5220780189493834,-11.868965517241381,29
5183294,Carmelo Adkins,USC Upstate,23.127586206896552,35,2.0079849408513457,-1.566554312276339,-11.872413793103448,29
5241748,Karmani Gregory,USC Upstate,26.978571428571428,35,2.5880695428551426,-0.6985760287095858,-8.021428571428572,28
5241749,Breylin Garcia,USC Upstate,21.785,15,1.8374101212272353,1.8930497490968192,6.785,20
5116517,Daniel Helterhoff,Rider,20.608695652173914,35,3.924427196117949,-8.49122841995429,-14.391304347826086,23
5243188,Davian Williams,Alcorn St.,18.237499999999997,5,-3.4223391127070886,-5.717613718442616,13.237499999999997,32
5243189,Tycen McDaniels,Alcorn St.,24.36875,25,-1.092537990104982,-3.4321178091918534,-0.6312500000000014,32
5243190,Omari Hamilton,Alcorn St.,20.609375,15,-4.617488928943897,-5.847423566302159,5.609375,32
5243191,Dakari Thomas,Chicago St.,21.190000000000005,5,4.099595241511121,-43.865208799361476,16.190000000000005,20
5241257,James Evans Jr.,Cal St. Northridge,22.450000000000003,25,-0.24841417616259084,-8.797961890674335,-2.549999999999997,32
5152658,Pape N'Diaye,Xavier,9.5,15,7.318306068102228,-1.8444333964441164,-5.5,29
5243118,Scooter Williams Jr.,Louisiana Tech,23.030769230769234,15,5.982484359294008,1.1020682370832426,8.030769230769234,26
5241753,Jordan Brathwaite,Yale,16.106896551724137,25,4.971736669354662,-0.4592186915675956,-8.893103448275863,29
5241754,Isaac Celiscar,Yale,19.47586206896552,25,5.489126158445288,5.3319388461213055,-5.524137931034481,29
5241755,Riley Fox,Yale,22.179310344827588,25,2.4649792898419585,-0.070484970614438,-2.820689655172412,29
5243123,Demarco Bethea,Houston Christian,21.336666666666666,15,-1.0153389860140698,-3.177718063201711,6.336666666666666,30
5239797,Donte Bacchus,North Alabama,22.246428571428574,25,1.5969809882137416,-2.1623675203733774,-2.7535714285714263,28
5239798,Kevin de Kovachich,North Alabama,21.017857142857146,25,-1.9032690281173024,-4.083321393215235,-3.982142857142854,28
5239800,King Walker,North Alabama,10.663636363636364,5,-12.463582607577862,24.07624451722712,5.663636363636364,11
5239803,DarKaun King,North Alabama,14.293333333333333,15,-1.2797475386931967,-2.5105711820609127,-0.706666666666667,15
5243043,Jacen Holloway,Army,20.665517241379312,25,-0.8636132278628369,-5.1253294919143,-4.3344827586206875,29
5243044,Joshua Eli,Army,14.84074074074074,25,0.3477762826151987,-2.7922917858755367,-10.15925925925926,27
5243045,Kevin McCarthy,Army,15.921428571428573,25,-4.99686523240031,-5.800591284275413,-9.078571428571427,28
5243046,Brendon O'Keefe,Army,24.214285714285715,35,15.704725199054176,-0.7296969384242252,-10.785714285714285,7
5243047,Alex Engro,Army,13.126086956521736,5,-2.37519975482688,-14.505647959156097,8.126086956521736,23
5243048,Dayon Polk,Army,14.788888888888891,25,-10.534690272213773,-8.276441809783515,-10.211111111111109,9
5243049,Jaxson Bell,Army,25.027586206896558,35,3.7978205986341016,-2.1338665445883485,-9.972413793103442,29
5241955,Tyler Jones,UC Riverside,11.40357142857143,15,-4.847241699448408,-7.65694212747093,-3.5964285714285698,28
5241956,Abass Bodija,Fordham,19.729166666666668,25,2.5045245828825666,0.1327781358651682,-5.270833333333332,24
5241957,Jack Whitbourn,Fordham,20.92727272727273,15,1.962971622517987,-0.11985646519064197,5.9272727272727295,11
5241611,Cole Franklin,North Texas,14.674193548387098,5,-0.384516035536919,-1.1519972168521824,9.674193548387098,31
5241920,Isaiah Chappell,UC Davis,16.496774193548383,25,-1.2322249860201608,-1.9993910798942793,-8.503225806451617,31
5245624,Liutauras Lelevicius,TCU,13.011764705882351,15,3.0931496007920334,2.8365716414839,-1.9882352941176489,34
5241602,Iverson King,Presbyterian,14.899999999999999,15,-3.1581184501358055,-7.275698261577272,-0.10000000000000142,18
5241604,Khalon Hudson,Presbyterian,13.810344827586206,25,3.162075745479894,-2.209310165807392,-11.189655172413794,29
5241605,Chidi Chiakwelu,Presbyterian,14.346666666666664,15,1.8772945209829384,-1.0528293557273292,-0.653333333333336,30
5241606,Triston Wilson,Presbyterian,22.063333333333333,35,4.13966351703352,-3.0735206646264137,-12.936666666666667,30
5060718,Jaye Nash,Jacksonville St.,18.282758620689656,25,2.9372820685370775,-4.3161360474305575,-6.7172413793103445,29
5240387,Tyler Behrend,Tulsa,16.575,25,4.0213803128290175,2.6846851483291747,-8.425,36
5101691,Ian Smikle,Tulsa,14.144444444444446,5,1.7236391148422838,-1.6796189459303856,9.144444444444446,36
5239816,Daylon Dickerson,UMBC,19.07368421052632,25,6.4150805989390625,-0.15836876885652648,-5.92631578947368,19
5239817,Tim Eze,UMBC,18.653846153846153,15,-2.3244974643474694,-5.01251803487512,3.6538461538461533,13
5242905,Grant Randall,Quinnipiac,15.406451612903224,25,5.719352194149885,0.7892888331476824,-9.593548387096776,31
5242906,Samson Reilly,Quinnipiac,15.844444444444443,35,5.043481291049034,-1.7084672178459575,-19.15555555555556,27
5242907,Spence Wewe,Quinnipiac,10.977419354838712,15,-2.334053946023708,-2.7836788664780205,-4.0225806451612875,31
5198203,Braylan Ritvo,Quinnipiac,13.35,5,2.265586256989701,0.619858775575584,8.35,8
5242908,Jaden Zimmerman,Quinnipiac,25.992000000000004,25,-3.5155646929053366,-4.121167588600803,0.9920000000000044,25
4873161,Jordan McCullum,East Tennessee St.,18.44375,25,-1.0932573319284866,-2.431811327206999,-6.556249999999999,32
5241000,Chas Lewless,West Georgia,25.22222222222222,25,3.565244752367268,-4.016828869350521,0.22222222222222143,9
5241001,Tony Duckett,Saint Mary's,19.409523809523808,25,6.552258754696162,2.5082171704802905,-5.590476190476192,21
5241002,Gavin Ripp,San Diego,15.284,25,-3.461623529568737,-5.734273282035577,-9.716,25
5177116,Jaden Winston,Manhattan,23.116129032258062,25,0.04912406946362417,-0.19300352865635506,-1.883870967741938,31
5241536,Masiah Gilyard,Temple,16.62,25,-1.0201531239739026,-2.3220316392966605,-8.379999999999999,30
5241537,Fraser Roxburgh,Manhattan,18.683870967741935,15,-3.5893928746939454,-4.952742539695042,3.6838709677419352,31
5246878,Marko Ljubicic,Manhattan,15.938709677419356,15,-4.570180768892692,-6.64741369943741,0.9387096774193555,31
5313258,Jaxson Whitaker,Central Michigan,14.662068965517241,15,-4.865496470843513,-5.299290182594876,-0.3379310344827591,29
5254207,Michael Wilson Jr.,Bellarmine,17.271428571428576,5,-0.40138815765696023,-7.877228810746144,12.271428571428576,28
5314323,Najimi George,New Haven,21.310714285714287,25,-4.426053543817392,-5.161700994621348,-3.689285714285713,28
5241759,Paul Jones III,James Madison,14.784210526315789,5,-4.282179745655725,-10.74340175281842,9.784210526315789,19
5312456,Shainen Carter,Georgia Southern,11.3375,15,-2.542498506902298,-5.368259047528333,-3.6624999999999996,32
5243339,P.J. Eason,Alabama A&M,17.586206896551726,15,-0.5405158709720953,-2.0351933656934635,2.586206896551726,29
5243342,James Flippin,Alabama A&M,20.795833333333334,35,-4.124851405533616,-6.711882206054973,-14.204166666666666,24
5240023,Kyric Davis,North Carolina Central,19.659259259259258,25,-2.091365089529306,-5.225418803744508,-5.340740740740742,27
5240026,Xavier Shegog,West Georgia,17.286206896551725,5,-10.598659922506155,-17.414605986753372,12.286206896551725,29
5240027,Shelton Williams-Dryden,West Georgia,27.856666666666666,25,0.9669268165667285,0.2598944463554656,2.8566666666666656,30
5240030,Eric Baldassarre,West Georgia,10.53,5,-9.152527664382374,-5.5196408946302835,5.529999999999999,10
5240033,Kenneth Chime,West Georgia,13.523333333333335,5,-0.9450494783096632,-2.5618810112092136,8.523333333333335,30
5313033,De'Undrae Perteete,UC Riverside,11.835999999999999,5,1.5347664548851367,-1.1635757249196543,6.8359999999999985,25
5241299,Ariik Mawien,Northern Colorado,19.228571428571428,5,6.412602103810653,-9.747258623543454,14.228571428571428,28
5241300,Hunter Caldwell,Northern Colorado,16.063636363636363,25,-3.557196136286512,1.7730007012334128,-8.936363636363637,11
5313221,Davian Brown,Montana St.,23.25555555555556,25,3.3604234734169864,2.976095384649555,-1.74444444444444,18
5315124,Ziare Wells,Oakland,17.43548387096774,25,1.6951995264680622,0.009774932075311498,-7.56451612903226,31
5241359,Timoty van der Knaap,Bradley,16.372727272727275,25,2.5481836302859957,-3.3781209805821897,-8.627272727272725,33
5261965,Manny Hill,Cleveland St.,16.94705882352941,25,-4.260941270994597,-5.308477355428707,-8.05294117647059,17
5247158,Chase Dawson,Morehead St.,17.959999999999997,15,-4.052976020543481,-4.3834307686297755,2.9599999999999973,30
5247441,Manok Lual,Morgan St.,10.558823529411764,5,-4.255455424757985,-9.462951310411292,5.5588235294117645,17
5313500,Nehikhare Igiehon,Houston Christian,18.00588235294118,5,-3.6728290449631245,-10.468255655606127,13.005882352941178,17
5314190,Gage Lattimore,North Carolina Central,22.16666666666667,35,3.057560493146673,-3.018405833792455,-12.833333333333329,27
5257084,Donovan Brown,Massachusetts,14.166666666666666,15,-14.016400373429214,-14.539944977534073,-0.8333333333333339,15
5117296,Ja'Kobe Williams,Central Connecticut,17.283333333333335,15,-3.5078286568552004,-10.18173606401465,2.283333333333335,6
5311761,Erik Oliver-Bush,Manhattan,11.691999999999998,5,0.5722389204971675,-7.348769983486891,6.691999999999998,25
5259006,Hobert Grayson IV,Mississippi,18.22,15,3.54715680660202,6.2978827578392576,3.219999999999999,5
5259011,Devyn Franklin,Grambling St.,17.43548387096774,5,-2.5633032068340276,-6.573081795243818,12.43548387096774,31
5258414,King Ijeoma,Canisius,13.650000000000002,5,-0.5993021754415919,-9.705695435508595,8.650000000000002,26
5313209,JP Dragas,IU Indy,14.515384615384617,15,-4.212040246015666,-7.329582503273878,-0.4846153846153829,13
5313214,Kameron Tinsley,IU Indy,19.459259259259255,25,-1.9433320882966103,-6.85414527494493,-5.540740740740745,27
5314296,Aliou Cisse,Merrimack,18.823076923076922,15,-9.359789378312431,-10.525644029913227,3.823076923076922,13
5252116,Tyrique Brooks,Missouri St.,21.324999999999996,25,-3.6179759193984378,-10.582596907977448,-3.6750000000000043,20
5250600,Calvin Robins Jr.,Howard,10.413793103448274,15,-2.5515472840182283,-7.6064446545623845,-4.586206896551726,29
5311502,Elyjah Freeman,Auburn,17.473684210526315,25,5.263660672265347,4.137805827205739,-7.526315789473685,38
5252351,Luke Johnson,Oregon,10.325000000000001,15,-9.7078937677075,-7.724138238292702,-4.674999999999999,12
5180726,Mason Matthews,Memphis,13.885714285714286,15,-17.50870102057553,-24.862958481910777,-1.1142857142857139,7
5262601,Khadim Mboup,BYU,11.011764705882355,15,-0.6681231477877808,-1.1088042538289689,-3.9882352941176453,34
5262996,Dominique Diomande,BYU,10.15,15,1.1313736278318756,-2.1481032477292197,-4.85,24
5262456,Yonatan Levy,Pepperdine,15.81,15,-5.2100751643952075,-4.5292117004793475,0.8100000000000005,30
5263812,Ethan Brown,Colgate,13.79375,15,-7.681613186901366,-6.784300587497219,-1.2062500000000007,16
5263625,Trevor Best,Arizona St.,13.616666666666667,25,-10.37006767052886,-8.561029313812334,-11.383333333333333,18
5186601,Okku Federiko,Drake,19.73125,35,1.8935363677524022,-0.5364668146742786,-15.26875,32
5314283,Sharod Barnes,Western Michigan,23.107692307692307,15,-1.2325409547946706,-8.01833311687579,8.107692307692307,26
5314286,Declan Peterson,Western Michigan,15.296,5,-4.11717890934239,-9.451294831804669,10.296,25
5311734,Brandon Benjamin,Fairfield,22.60625,25,3.1306778260229904,1.8894408938927023,-2.3937500000000007,32
5311730,Eric Mejia,Fairfield,16.245454545454546,15,-5.7892830992321915,-6.720377696825809,1.245454545454546,33
5311733,Halon Rawlins,Fairfield,16.328125,5,0.7365150656745112,-5.801141683194178,11.328125,32
5311731,Nasir Rodriguez,Fairfield,23.21428571428571,35,-7.476398493227012,-12.663748004410994,-11.785714285714288,21
5311732,Tony Williams,Fairfield,17.9125,25,-2.087119712378684,-5.153531221627292,-7.087499999999999,32
5313207,Reece Hagy,IU Indy,11.444827586206895,5,-6.329806205811254,-7.574699090555506,6.444827586206895,29
5313213,Maguire Mitchell,IU Indy,17.203333333333333,15,-2.3549370566851233,-2.6909942305234233,2.203333333333333,30
5181934,Matt Compas,IU Indy,23.5448275862069,15,-3.9243028453854296,-7.994174530349385,8.5448275862069,29
5313216,Gabe Stewart,IU Indy,19.71,25,-15.504985153933825,-14.100807740231494,-5.289999999999999,10
5314738,Vladimir Sudar,Pepperdine,14.9875,15,0.7004505470182331,-8.8269287826456,-0.01249999999999929,16
5314742,Luka Vudragovic,Pepperdine,17.20689655172414,15,-4.683776508222909,-7.671468187165429,2.206896551724139,29
5312996,Derrick Talton Jr,Buffalo,15.40333333333333,25,-3.5853199847633688,-4.801495653124689,-9.59666666666667,30
5314291,Kevin Anthony,Lindenwood,9.453333333333335,15,-4.521535557646309,-9.019096923439767,-5.546666666666665,15
5313949,Nelson Lamizana,Coppin St.,20.394117647058824,25,-9.532365861436777,-10.530430119667713,-4.605882352941176,17
5313948,Jamari Piercy,Coppin St.,21.989999999999995,25,-6.213984112654595,-7.535095311612605,-3.010000000000005,30
5313944,Baasil Saunders,Coppin St.,15.057692307692308,5,0.6794639648355935,-7.082522835188291,10.057692307692308,26
5313946,Hussain Williams,Coppin St.,22.72666666666667,25,-3.855595030752388,-10.30790738573082,-2.27333333333333,30
5313388,Jack Sullivan,Yale,14.568421052631576,5,-0.4045588747971844,4.905670165866058,9.568421052631576,19
5313385,Courtney Wallace,Yale,18.955555555555556,25,15.670502700653017,1.5553044678383476,-6.044444444444444,9
5314630,Michael Cooper,Wright St.,23.93448275862069,35,8.684565641466293,0.7923035812895973,-11.065517241379311,29
5314627,Kellen Pickett,Wright St.,15.406060606060606,5,0.8684690678866891,0.2263114099052867,10.406060606060606,33
5313167,Landen Birley,Idaho St.,3.1222222222222222,5,4.329670092703749,-3.085751402457394,-1.8777777777777778,9
5313171,Louis Bond,Idaho St.,21.04782608695652,35,0.27467364255761595,-3.5498184292111747,-13.952173913043481,23
5313166,Jamison Guerra,Idaho St.,20.520000000000003,35,5.8092715617501005,-2.8564165551115805,-14.479999999999997,30
5313170,Martin Kheil,Idaho St.,13.78965517241379,15,-1.5906502936848987,-2.4948058908138613,-1.2103448275862103,29
5041934,Danny Carbuccia,Massachusetts,18.55625,25,-0.20976832474084448,-2.8522745751641305,-6.443750000000001,32
5313356,Dimitri Clerc,Massachusetts,18.64,5,-2.7108272312302732,-8.811514191781077,13.64,25
5101843,"Dwayne Wimbley, Jr.",Massachusetts,13.418750000000001,5,-0.6511900475551221,-7.579601290408078,8.418750000000001,32
5312451,Khayri Dunn,Georgia Southern,22.261764705882353,35,-6.06578872446695,-7.685329591584411,-12.738235294117647,34
5312448,Jayden Williams,Georgia Southern,7.206250000000001,5,-13.169823174690645,-13.003778783139765,2.2062500000000007,16
5312449,Dwayne Williams Jr.,Georgia Southern,16.19375,5,-0.21444269237882757,-7.01523846334558,11.193750000000001,32
5312968,Makhi Leach,Bowling Green,19.452173913043477,25,-8.411746427773302,-10.992304214773357,-5.547826086956523,23
5312971,Camden Karel,Bowling Green,12.088235294117647,25,-3.416210835531914,-9.414120778936095,-12.911764705882353,17
5312972,Aiden Goins,Bowling Green,23.277272727272727,35,-1.1219551148751998,-8.663370614232221,-11.722727272727273,22
5101859,Jackson Keith,Butler,9.665384615384616,5,0.0668450808984422,-3.8913972007279916,4.665384615384616,26
5311946,Efeosa Oliogu-Elabor,Butler,22.376000000000005,15,3.0097281484537515,-1.1410671905774867,7.376000000000005,25
5101835,Jack McCaffery,Butler,10.733333333333334,5,5.098289225661836,-4.833763107517836,5.733333333333334,9
5101796,Azavier Robinson,Butler,20.222727272727273,25,1.3664000748543783,0.3040308634997988,-4.777272727272727,22
5311868,Jalen Harper,Rhode Island,13.707692307692309,5,3.45794292424581,-6.932359805816619,8.707692307692309,26
5255092,Jack Smiley,Belmont,22.70967741935484,15,5.135191815946578,3.0301498376210327,7.70967741935484,31
5315246,Samuel Dada,Western Carolina,14.651724137931033,25,13.369954167951883,1.7041093744364137,-10.348275862068967,29
5315247,Tayeshaun Smith,Western Carolina,8.157142857142857,5,-4.559179061067668,-6.218880071999362,3.1571428571428566,28
5312179,Liam Koelsch,Northeastern,10.623076923076924,5,-7.633471115854283,-6.908962424523774,5.623076923076924,26
5312176,Xavier Abreu,Northeastern,27.693103448275863,35,3.1210498367953843,-1.2209589103202185,-7.306896551724137,29
5314796,Joshua Dalton,Loyola Marymount,13.37857142857143,5,-0.1457481473669845,-4.288281292111945,8.37857142857143,28
5312180,Petar Pinter,Northeastern,11.792307692307693,5,-5.334129352002647,-8.874246828874771,6.792307692307693,26
5312177,Ty Francis,Northeastern,14.156,15,-6.9654623809541025,-12.721228005404114,-0.8439999999999994,25
5312178,Miles Newton,Northeastern,13.033333333333335,15,-6.231166199448782,-3.616476298076416,-1.966666666666665,9
5314795,AJ Thomas,Loyola Marymount,24.512903225806447,25,0.9402449978413845,-4.890207537206894,-0.487096774193553,31
5312885,Zyree Collins,Austin Peay,27.29310344827586,35,2.4052350591694425,0.08878405428233531,-7.706896551724139,29
5312886,Tyler Wagner,Austin Peay,7.2523809523809515,5,-8.665519870871396,-13.379426609973368,2.2523809523809515,21
5312890,Ja'Corey Robinson,Austin Peay,20.59285714285715,35,5.71597935284445,-1.990285107644519,-14.407142857142851,28
5312889,Travis Torain,Austin Peay,6.15,15,-0.8861517761758471,-3.2804184826476868,-8.85,22
5312891,Collin Parker,Austin Peay,25.927586206896546,35,9.764749306782981,3.8261887744672167,-9.072413793103454,29
5313714,Isaac Garrett,Oakland,22.52222222222222,15,2.5688768007986575,1.4799072697469422,7.522222222222219,27
5313712,Brett White,Oakland,14.45806451612903,15,-1.2712437973855317,-1.5048203341238502,-0.5419354838709705,31
5234749,Lino Mark,Rutgers,20.921212121212122,25,1.5935434843084293,-3.0700981989415967,-4.078787878787878,33
5264730,Harun Zrno,Rutgers,18.917647058823526,15,-4.279633584291686,-4.97838217623438,3.917647058823526,34
5248301,Kaden Powers,Rutgers,26.610344827586207,25,0.26558227524858763,-4.23235953193628,1.6103448275862071,29
5081348,Christopher Nwuli,Rutgers,17.046666666666667,5,-0.8102609411795252,-6.442474384160215,12.046666666666667,30
5312037,Denis Badalau,Rutgers,16.4875,25,3.611679968535222,-4.483013423638012,-8.5125,24
5313447,Armari Carraway,Charleston Southern,15.604761904761904,25,-6.816643471170329,-9.41748915008526,-9.395238095238096,21
5313449,Jacob Taylor,Charleston Southern,12.00357142857143,15,-5.935453304269385,-6.6914983052227734,-2.99642857142857,28
5248298,Eric Chatfield Jr,Georgia Tech,13.935714285714287,5,-1.4988115208354862,-7.228803443671979,8.935714285714287,14
5172343,Cole Kirouac,Georgia Tech,8.965217391304348,5,-0.16486652364741866,-2.8628265371097568,3.965217391304348,23
5101784,Akai Fleming,Georgia Tech,21.956666666666663,25,-2.8823499211655697,-3.3145575723324803,-3.0433333333333366,30
5311960,Davi Remagen,Georgia Tech,13.82727272727273,5,-7.038084672169975,-9.036063358977458,8.82727272727273,11
5258494,Mouhamed Sylla,Georgia Tech,22.200000000000003,15,0.46383544779948105,-1.4164697832087876,7.200000000000003,16
5313820,Dietrich Richardson,Bradley,29.541176470588237,25,-12.727079875399225,-16.49190190366937,4.541176470588237,17
5101794,Montana Wheeler,Bradley,21.012121212121215,15,-2.248860446494239,-2.640371662038384,6.012121212121215,33
5313821,Matthew Zobrist,Bradley,9.658333333333333,15,-12.328413252786772,-7.2883815123332765,-5.341666666666667,12
5196877,Matt Able,N.C. State,19.476470588235294,15,3.8950566904492274,2.395308976341292,4.476470588235294,34
5313677,Charles Caporaso,Jacksonville,18.492,5,-3.524759717537345,-6.532898747569323,13.492,25
5313674,Hayden Wood,Jacksonville,19.889999999999997,25,3.687887664161383,-0.438922640317276,-5.110000000000003,30
5313678,Evan Sterck,Jacksonville,17.38,25,-1.5363329072783454,-4.432904062492668,-7.620000000000001,30
5313675,Michael Harper,Jacksonville,18.892307692307693,15,-11.430157437982448,-11.635976416641645,3.8923076923076927,13
5101807,DeMarco Johnson,Elon,14.299999999999999,5,1.1710594223275324,-2.8606959016262743,9.299999999999999,28
5311934,Jacob Patrick,Utah,12.409999999999998,15,3.265182400493142,0.8678378608773165,-2.5900000000000016,10
5311935,Kendyl Sanders,Utah,13.190625,5,2.750862083149864,-0.9483511387288664,8.190625,32
5312429,Davius Loury,Cal St. Northridge,17.29032258064516,15,-3.337225367442139,-9.410014807824277,2.29032258064516,31
5312433,Jai Chisolm,Cal St. Northridge,13.587096774193547,5,-0.876864961426525,-6.821750697171464,8.587096774193547,31
5314480,Ayomi Odetoyinbo,Colgate,10.332258064516129,5,-1.7406062201074786,-3.65978473610861,5.332258064516129,31
5314481,Andrew Alekseyenko,Colgate,26.661290322580648,25,1.3018958154034082,0.12067090908023244,1.6612903225806477,31
5313397,Tajden Davis,Alabama A&M,13.347058823529412,15,-9.2755140986464,-11.842305467659264,-1.6529411764705877,17
5313395,Jalen Carruth,Alabama A&M,8.145454545454546,15,-8.395148511762859,-10.443121719113869,-6.854545454545454,11
5313394,Gabe Kincy,Alabama A&M,13.383333333333333,15,-8.400698773377027,-7.670140292693595,-1.6166666666666671,18
5254329,Nes Emeneke,UC Irvine,9.848484848484848,5,0.11213339163981201,-4.089327334562583,4.848484848484848,33
5313007,Tama Isaac,UC Irvine,16.21818181818182,5,-3.0230315919207156,-3.771326326109274,11.218181818181819,33
5313565,Ayuba Bryant Jr.,Temple,13.23076923076923,15,0.6515196883319775,-8.428056138520214,-1.76923076923077,26
5254181,Cam Wallace,Temple,14.916666666666666,15,7.634888869222003,-8.969741089784037,-0.08333333333333393,18
5314454,Trey Cady,North Florida,23.28148148148148,5,-2.814265055456568,-8.294445151853768,18.28148148148148,27
5314453,BJ Plummer,North Florida,14.806666666666668,25,-3.752860364178612,-5.716042515057728,-10.193333333333332,30
5237299,Zac Foster,Clemson,28.45,25,-1.0132915017658024,-1.945552184893921,3.4499999999999993,12
5196962,Chase Thompson,Clemson,11.957142857142857,5,5.188320538564718,-0.5940789910312099,6.957142857142857,35
5196959,Trent Steinour,Clemson,27.366666666666664,35,-19.757279313861343,-10.472191149905724,-7.633333333333336,6
5314611,Brian Sumpter,Wofford,14.49655172413793,25,-0.8090813440723851,-3.892722682987012,-10.50344827586207,29
5314615,Maximo Ortega,Wofford,14.680952380952382,5,-10.934570175252302,-13.342416627017515,9.680952380952382,21
5314613,Jayden Tyler,Wofford,15.104347826086952,15,-3.5430085153888426,-6.701142504731658,0.10434782608695237,23
5314612,Chace Watley,Wofford,20.516666666666662,15,-3.3619458294076225,-6.377508052941574,5.516666666666662,30
5314618,Rex Stirling,Wofford,19.760714285714283,25,-3.575688837452819,-7.048232724772256,-5.239285714285717,28
5312352,Jacari Brim,Appalachian St.,5.795,5,-7.458827287618118,-8.85325481100707,0.7949999999999999,20
5314180,David Bumpass,Morgan St.,16.489473684210527,15,-6.254888108365577,-10.063736118107709,1.4894736842105267,19
5314182,Eugene Alvin,Morgan St.,17.646153846153847,25,-0.2582650738850125,-4.524001679274462,-7.353846153846153,26
5313716,Frankie Mannino,Harvard,11.481481481481481,5,5.201381351169109,-3.863248425088096,6.481481481481481,27
5313718,Ryan Sullivan,Harvard,7.075,5,1.1770040885738025,-1.2029218102180685,2.075,20
5101799,Legend Smiley,San Francisco,15.321875000000002,25,0.6393734617415612,-1.2293184719882773,-9.678124999999998,32
5313125,Weilun Zhao,San Francisco,35.34285714285714,35,3.125699408788499,-31.30358549554694,0.34285714285714164,14
5196913,Davis Fogle,Gonzaga,22.946666666666662,35,9.049726498469889,6.28017957785255,-12.053333333333338,30
5313012,Mario Saint-Supery,Gonzaga,19.854285714285712,15,7.624559119960973,5.650841813725429,4.854285714285712,35
5312182,Jonah Butler,Stony Brook,13.932142857142859,25,2.241130268323811,-1.7888100514525267,-11.067857142857141,28
5312188,Andrej Shoshkikj,Stony Brook,19.68,25,-0.6621814183342212,-2.0142446318874097,-5.32,30
5312187,Tomas Valentiny,Stony Brook,14.676666666666666,15,-2.495468958671877,-4.151159779373689,-0.32333333333333414,30
5144153,Kareem Stagg,Georgia,17.257575757575758,25,6.475422881937908,-0.1489866368627861,-7.742424242424242,33
5142622,Jake Wilkins,Georgia,20.33125,35,7.654651163131106,0.6201172615364461,-14.66875,32
5314822,Tanner Davis,Utah Tech,15.020000000000003,15,-0.24745732309058413,-0.3432110591291877,0.020000000000003126,30
5186456,Dwayne Aristode,Arizona,9.794285714285715,5,9.515076086788472,6.950645734462613,4.794285714285715,35
5311896,Ivan Kharchenkov,Arizona,17.317948717948717,25,9.05582453659444,7.45981959176561,-7.682051282051283,39
5082206,Brayden Burries,Arizona,21.546153846153846,25,11.082366351201859,9.601910191315508,-3.453846153846154,39
5041953,Koa Peat,Arizona,23.86111111111111,15,7.246491137088931,6.580558525053579,8.86111111111111,36
5311897,Sidi Gueye,Arizona,16.465384615384615,5,21.677770076279064,11.229313165312384,11.465384615384615,26
5314450,Luke Brown,American,10.516666666666666,15,-0.13145959334584453,-6.1088666436513925,-4.483333333333334,18
5314444,Madden Collins,American,31.90333333333333,35,3.204061145043267,2.8145584139004844,-3.096666666666671,30
5314451,Chris Eagan,American,20.29,25,-12.481303318838378,-14.035656571420278,-4.710000000000001,30
5314445,Dean Hogans,American,11.495238095238093,15,-2.3494111734067102,-12.488598167047646,-3.5047619047619065,21
5314446,Kade Sebastian,American,13.193333333333332,25,3.416604496679977,-2.259649529085769,-11.806666666666668,30
5313004,Abdullah Amzil,UC Davis,9.407142857142857,5,12.119596158301109,5.188078997727993,4.407142857142857,14
5313000,Chase Rawlins,UC Davis,18.46470588235294,15,3.1568409686041163,-5.467874518732528,3.4647058823529413,17
5254339,Jalen Stokes,UC Davis,15.1,15,-1.1556654390469971,-4.25596682056606,0.09999999999999964,25
5313005,Omer Suljanovic,UC Davis,21.663333333333334,35,-4.279780849913391,-6.673788424643318,-13.336666666666666,30
5142718,AJ Dybantsa,BYU,33.4,35,11.374009849316037,10.10859318914269,-1.6000000000000014,35
5311908,Aleksej Kostić,BYU,15.77037037037037,25,5.857069447524037,-4.56900625360523,-9.22962962962963,27
5143304,Xavion Staton,BYU,6.866666666666666,15,8.511532708332007,9.509499362198255,-8.133333333333333,9
5313910,Evan Boisdur,Grand Canyon,9.6,15,-9.304437244122294,-10.566845613127345,-5.4,15
5313911,Efe Demirel,Grand Canyon,18.025,15,1.8105312402765403,1.821226587694036,3.0249999999999986,32
5312599,Isaiah Langham,Brown,22.624000000000002,15,-3.362420229721473,-5.219200231427991,7.624000000000002,25
5312601,Brady Loughlin,Brown,14.418181818181818,25,7.840999933907452,-4.059374236660973,-10.581818181818182,11
5312602,Charlie OSullivan,Brown,14.750000000000004,15,-3.2215720628461626,-7.070809994888862,-0.24999999999999645,18
5312050,Corey Caulker,East Carolina,16.496666666666666,25,-1.6669701417900642,-4.580911263453481,-8.503333333333334,30
5312051,Patrick D'Arcy,East Carolina,14.295000000000002,5,-3.826666889708895,-8.349051628890935,9.295000000000002,20
5312052,Vito Perkovic,East Carolina,15.594444444444443,15,-2.935413848961327,-12.153486576877254,0.5944444444444432,18
5144090,Josh Dixon,Milwaukee,27.751612903225805,25,-5.633248013975418,-7.189443351689091,2.751612903225805,31
5313242,Isaiah Dorceus,Milwaukee,17.113333333333333,15,-5.127923537693827,-5.953251816664997,2.1133333333333333,30
5313243,Stevie Elam,Milwaukee,17.088,25,6.18691279911933,-0.8800787448710706,-7.911999999999999,25
200562,Tate MacKenzie,Milwaukee,13.536842105263156,15,-5.994593314885912,-18.143894483481038,-1.4631578947368435,19
5313073,Luke Zuffelato,UC Santa Barbara,10.237499999999999,15,11.862344780413295,-2.1083787400725718,-4.762500000000001,8
5215271,CJ Shaw,UC Santa Barbara,18.7,15,1.9035755024901537,1.3547275898823987,3.6999999999999993,30
5254322,Michael Simcoe,UC Santa Barbara,16.21034482758621,5,3.111829669144852,-4.0842897219556455,11.210344827586209,29
5254178,Grant Polk,South Carolina,13.626666666666665,5,2.4343746129763018,-0.9406427405900305,8.626666666666665,30
5173589,Hayden Assemian,South Carolina,11.654166666666669,5,0.13216914832065538,-4.032982112154181,6.654166666666669,24
5313364,Emmanuel Clarton,Troy,17.233333333333334,35,-6.206801164826055,-16.968676041938647,-17.766666666666666,12
5101774,Eli Ellis,South Carolina,18.185714285714287,25,3.0450214234734463,-0.4672017014148611,-6.814285714285713,28
5101846,EJ Walker,South Carolina,12.331818181818182,25,0.7453468790702699,-3.125893315771775,-12.668181818181818,22
5313365,Javen Colbert,Troy,17.564705882352943,35,15.218323870881497,-3.8684285595643426,-17.435294117647057,17
5313836,Griffen Goodbary,Drake,13.743333333333332,15,4.117726545486188,0.32660883257100976,-1.2566666666666677,30
5101850,Christian Gurdak,Virginia Tech,16.041935483870965,15,3.2900393559229584,0.3133412359484649,1.0419354838709651,31
5311826,Sin'Cere Jones,Virginia Tech,6.2,5,-5.176603134457619,-8.083242254161561,1.2000000000000002,11
5311829,Neoklis Avdalas,Virginia Tech,23.451612903225808,35,8.460618744500007,1.4979790566007696,-11.548387096774192,31
5311831,Antonio Dorn,Virginia Tech,15.054166666666667,5,2.0759382217141695,-3.658261749317654,10.054166666666667,24
5315804,Geon Hutchins,Northern Iowa,12.876470588235295,5,-2.931607731673875,-7.4159242831707175,7.876470588235295,34
5315806,Tristan Smith,Northern Iowa,24.777777777777775,25,5.85387208036679,3.163706290816032,-0.22222222222222499,27
5237588,Jackson Rasmussen,Idaho,21.996875,25,0.015719977897746262,-1.275545690306875,-3.0031250000000007,32
5095152,Tounde Yessoufou,Baylor,25.972727272727273,35,6.896930968910914,4.715434192385768,-9.027272727272727,33
5313082,Ethane Bourgade,Bryant,9.644444444444446,15,-2.4149699139110834,-10.788846160598064,-5.355555555555554,18
5313078,Joseph Green,Bryant,25.928571428571427,35,-30.25985463704201,-23.94532006806524,-9.071428571428573,7
5313085,Timofei Rudovskii,Bryant,23.013793103448275,25,-1.3533766604552473,-2.944320635686859,-1.9862068965517246,29
5313079,Lennart Weber,Bryant,12.015789473684212,15,-0.4123050205384864,-4.988758950025048,-2.9842105263157883,19
5313080,Gio Sanford,Bryant,9.9875,15,-1.8080609559222087,-8.665442971711723,-5.012499999999999,16
5313075,"Ashley Sims, II",Bryant,14.36206896551724,15,-4.401694636153464,-4.905358968582379,-0.6379310344827598,29
5313076,Ty Tabales,Bryant,25.457142857142856,35,-6.96374974693105,-8.803624756052928,-9.542857142857144,28
5313081,Daniel Akoue,Bryant,15.533333333333331,15,-4.019313273662701,-9.959249781070236,0.5333333333333314,12
5313853,Ty'Reek Coleman,Illinois St.,22.25294117647059,35,10.995262295253731,2.1709904487926077,-12.74705882352941,34
5313852,Mason Klabo,Illinois St.,15.224242424242425,5,4.800088503220782,1.726188550394675,10.224242424242425,33
5313868,Mathis Courbon,Murray St.,14.359375,25,4.495618692300653,-1.860499415587693,-10.640625,32
5313873,Roman Domon,Murray St.,24.793939393939393,15,9.925821709829375,5.039808831711963,9.793939393939393,33
5313131,David Bolden,NJIT,25.096874999999997,15,-1.009663777773615,-2.6241702960217186,10.096874999999997,32
5313133,Zack Scherler,NJIT,12.072222222222223,15,3.6579609509666384,-7.043106585380378,-2.927777777777777,18
5313134,Rocco Awad,NJIT,14.628125,5,-6.453988626100677,-9.437957938943631,9.628125,32
5313257,Jalen Kampen,Central Michigan,13.426315789473684,15,-5.463896669696563,-5.341747887166008,-1.5736842105263165,19
5116155,Nick Mullen,Central Michigan,14.348275862068963,25,11.820897991415027,-3.1117019502749055,-10.651724137931037,29
5313261,Kayden Nation,Central Michigan,16.583333333333332,25,8.346235457120526,-0.9199588656984781,-8.416666666666668,12
5314460,Chance Gladden,Boston University,26.03125,35,2.005795050499349,-2.9839699322702087,-8.96875,32
5314461,Sam Hughes,Boston University,16.65151515151515,15,-3.7202034326556292,-5.129653217948697,1.6515151515151487,33
5314463,Donte Tisinger Jr.,Boston University,18.64074074074074,15,-0.2724741646257506,-2.923807537905777,3.640740740740739,27
5313441,Dailon Minor,Bethune Cookman,32.4375,35,-3.0108339761578478,-11.264211813446796,-2.5625,8
5314458,Dylan Benner,Army,14.435294117647059,35,-12.049256733391447,-14.548773650791082,-20.56470588235294,17
5314456,Jackson Furman,Army,21.743333333333336,35,-6.772904028879913,-8.062198118640076,-13.256666666666664,30
5312304,Dylan Purnell,Cal St. Bakersfield,19.392857142857142,25,3.058825310868185,-8.224907390522452,-5.607142857142858,14
5314459,Jahaan Green,Army,7.1375,5,-1.4456552540270196,-14.653244657279519,2.1375,8
5314457,Dillon Watt,Army,16.214285714285715,15,-18.570270190283328,-16.509927569886344,1.2142857142857153,21
5314831,Rene D'Amelio,Cal Baptist,17.15,15,-2.720805275001146,-5.638825234618715,2.1499999999999986,18
5314832,Jordan Muller,Cal Baptist,14.88529411764706,5,0.531346098287424,-5.7976907153761905,9.88529411764706,34
5314834,Nate Garcia,Cal Baptist,16.91875,25,2.9355835241452035,-2.7023008815269645,-8.08125,16
5217184,CJ Ingram II,Florida,21.280952380952378,15,4.4471172018744785,-1.1658626598326098,6.280952380952378,21
5313658,Noah Hill,Wichita St.,15.80909090909091,35,7.8643992833320295,-2.1879613129000663,-19.190909090909088,22
5313656,Dre Kindell,Wichita St.,18.33142857142857,35,5.225362959830507,-1.1211471788215397,-16.66857142857143,35
5041948,Alex Lloyd,Florida,12.052941176470588,5,7.335673565106115,-7.493796172893828,7.052941176470588,17
5101761,Mikel Brown Jr.,Louisville,30.03809523809524,35,6.740073798564335,5.000000804282992,-4.9619047619047585,21
5311967,Sananda Fru,Louisville,17.334285714285713,25,7.422633354495101,7.036128923575647,-7.665714285714287,35
5311969,Vangelis Zougris,Louisville,17.740740740740744,15,5.925100921832401,-0.32205687188449256,2.740740740740744,27
5144135,Bryce Cofield,Cal St. Fullerton,27.540625,25,-2.268121694913222,-4.4303644113809675,2.5406249999999986,32
5312312,Kiwane Garris Jr,Cal St. Fullerton,18.057142857142857,25,0.04151003985434176,-2.290278805707715,-6.942857142857143,28
5312311,Davis White,Cal St. Fullerton,10.676923076923078,5,-3.2205459210426546,-7.004295309712049,5.676923076923078,26
5312315,Christian Williams,Cal St. Fullerton,16.5875,15,0.3613272994609152,-2.2666063591276595,1.5874999999999986,32
5312261,Matthew MacLellan,Notre Dame,15.433333333333334,5,-3.6905887220827687,4.134826431962218,10.433333333333334,9
5312257,Ryder Frost,Notre Dame,17.661538461538463,15,4.289914193157539,-4.358725461645348,2.6615384615384627,26
5312256,Brady Koehler,Notre Dame,17.506666666666668,25,1.9121785631750292,0.3577041128728954,-7.493333333333332,30
5312258,Jalen Haralson,Notre Dame,34.385185185185186,25,7.883510769214392,2.6581216547097237,9.385185185185186,27
5281379,Paul Mbiya,Kansas,10.080952380952382,15,15.95709078014176,-0.29975170579508564,-4.919047619047618,21
5311916,Nginyu Ngala,Kansas,13.266666666666666,25,25.309038517897708,-6.6383439729349485,-11.733333333333334,12
5041958,Bryson Tiller,Kansas,18.84857142857143,15,2.9818046811166887,1.599385574898791,3.8485714285714288,35
5252599,Samis Calderon,Kansas,11.45625,15,1.2567846735744554,-3.2579240188681995,-3.5437499999999993,16
5291864,Kohl Rosario,Kansas,13.834482758620691,15,2.799214304185718,-0.5936761889488852,-1.165517241379309,29
5041955,Darryn Peterson,Kansas,30.745833333333334,25,14.018635351705397,13.546402923006951,5.745833333333334,24
5258459,Ebuka Okorie,Stanford,30.41612903225806,35,10.676393165874364,9.219485151841655,-4.583870967741941,31
5312293,Oskar Giltay,Stanford,12.059375000000001,15,6.157288034138424,1.6385233215356232,-2.940624999999999,32
5313950,Daveyon Lydner,Coppin St.,15.327272727272726,25,-10.416627678505682,-11.999450850011375,-9.672727272727274,22
5312446,Zyier Beverly,Binghamton,23.780769230769234,25,-3.782901616961991,-4.84995640179371,-1.2192307692307658,26
5312447,Jake Blackburn,Binghamton,14.584615384615386,5,-6.208491840150199,-8.294795636469118,9.584615384615386,13
5312445,Ryan Richardson,Binghamton,14.852631578947367,5,-7.177197854295193,-12.519490947236987,9.852631578947367,19
5313127,Michael Collins,Louisiana,16.387096774193548,15,-5.888325427152832,-9.264031674280202,1.387096774193548,31
5313126,Joshua Lewis,Louisiana,15.861111111111114,15,-0.007582319156393957,-0.9738546135000146,0.8611111111111143,18
4706561,Milan Mejia,Louisiana,9.37586206896552,15,-2.2810552096887293,-4.1329478466028835,-5.624137931034481,29
5236222,Preston Edmead,Hofstra,24.821212121212124,25,3.942196165877454,3.34138729005882,-0.17878787878787605,33
5144495,Alijah Arenas,USC,30.36428571428572,35,-1.2790184883097324,-2.6808105545655274,-4.635714285714279,14
5101762,Jerry Easter II,USC,13.474999999999998,15,2.995587467547872,-1.09924260541237,-1.5250000000000021,28
5312163,Victory Onuetu,Hofstra,17.260606060606058,5,2.3509059841515194,-4.488876114764484,12.260606060606058,33
5144106,Mazi Mosley,LSU,35.24210526315789,25,7.903087710993795,-17.701329220861982,10.242105263157889,19
5101776,Jalen Reece,LSU,15.993750000000002,25,4.291920326191603,-1.7745852705080574,-9.006249999999998,32
5311512,Ron Zipper,LSU,28.066666666666666,25,28.427189735998116,9.295242266969495,3.0666666666666664,9
5236333,Austin Williford,Saint Joseph's,17.008823529411764,25,3.5689743840009838,0.3972409317610648,-7.991176470588236,34
5312035,Omer Mayer,Purdue,19.887179487179488,15,0.9603903555765402,-1.1974072323167009,4.887179487179488,39
5314474,Josh Bowman,Chattanooga,18.38181818181818,5,-3.669211129971364,-5.560965868914449,13.38181818181818,22
5314470,Tate Darner,Chattanooga,18.21111111111111,25,1.5930629216892072,-1.0747025650718762,-6.788888888888891,27
5314288,Tidiane d'Almeida,Lindenwood,23.725,15,-9.110398957324355,-29.369053262761597,8.725000000000001,8
5313501,Caleb Gaston,Houston Christian,12.20909090909091,5,-8.881347492275605,-11.825081075258607,7.209090909090911,22
5313925,Tae Simmons,San Diego St.,16.36774193548387,15,3.003807002132319,2.1187806508008435,1.3677419354838705,31
5313924,Elzie Harrington,San Diego St.,20.954545454545453,25,3.0310534727784915,0.06415022787201292,-4.045454545454547,22
5196946,Amare Bynum,Ohio St.,17.173529411764704,15,5.621961043228024,3.2609881651882677,2.1735294117647044,34
5311725,Chris Kumu,Canisius,18.03076923076923,15,-8.381731307600402,-12.439655029785701,3.0307692307692307,26
5311726,Javante Edwards,Canisius,21.46923076923077,15,-8.079515452849572,-8.458944919612179,6.469230769230769,26
5311727,Zach Christian,Canisius,16.157142857142855,25,-35.13646766639583,-11.323212439295984,-8.842857142857145,7
5311728,Brendan Oliver,Canisius,18.00344827586207,15,-10.606114543572398,-11.294491641451721,3.0034482758620697,29
5314225,Leroy Blyden Jr.,Toledo,23.85,25,4.555791071620489,4.106108936619732,-1.1499999999999986,32
5314227,"Will James, Jr.",Toledo,13.643749999999999,25,10.076970786695865,-0.7223907854170233,-11.356250000000001,32
5314228,London Praytor,Toledo,17.907142857142862,25,8.451915530263522,-7.811780615544657,-7.092857142857138,14
5314226,Mynor Strong,Toledo,14.351612903225808,15,-2.865555649810212,-3.800618462278162,-0.6483870967741918,31
5248294,Jacob Furphy,Connecticut,9.564285714285715,5,-5.113296319689387,-9.763101601662248,4.564285714285715,14
5196916,Braylon Mullins,Connecticut,20.400000000000002,15,6.799591684086516,4.838348301885128,5.400000000000002,33
5152763,Eric Reibe,Connecticut,16.79,15,5.898421173994287,2.6078372193109294,1.7899999999999991,40
5311523,Ilias Kamardine,Mississippi,21.55142857142857,25,3.341055169772692,1.7424375488386128,-3.44857142857143,35
5196939,Niko Bundalo,Mississippi,12.563636363636363,25,-23.154128476549342,-10.031561269487273,-12.436363636363637,11
5240272,Augustine Ekwe,New Mexico St.,13.044999999999998,15,-6.4923356604896085,-4.225595557565052,-1.9550000000000018,20
5144099,Patton Pinkins,Mississippi,15.231428571428571,25,2.3879563339214105,2.280770659925558,-9.768571428571429,35
5313575,Tavaj Cope,New Orleans,17.565625,25,0.2710406601132103,-2.3205447639945653,-7.434374999999999,32
5313578,Jamal Chretien II,New Orleans,9.357142857142858,5,-0.9969303460399882,-0.48147957690672377,4.357142857142858,14
5313579,Kedrick Osby,New Orleans,13.265625,15,0.36039394937159464,-2.926690715320218,-1.734375,32
5313580,Enzo Boudouma,New Orleans,14.853124999999999,5,-0.7410526581712379,-2.6885254703914487,9.853124999999999,32
5313581,Panagiotis Pagonis,New Orleans,13.716666666666667,15,-2.373764431662821,-5.101592750881462,-1.2833333333333332,30
5311928,Xavier Edmonds,TCU,25.674285714285716,35,12.326986976400317,6.428929384134337,-9.325714285714284,35
5101787,Kayden Edwards,TCU,18.592857142857138,35,13.698075537263044,-1.4755960166455566,-16.407142857142862,14
5215270,Will Garlock,Wisconsin,9.99,5,2.6172429537059867,-3.1281455233357396,4.99,30
5312048,Aleksas Bieliauskas,Wisconsin,13.4,5,4.370970141936147,0.009263264642701647,8.4,35
5252600,Hayden Jones,Wisconsin,11.674074074074074,5,6.137630213259373,-2.176027114388087,6.674074074074074,27
5144103,Zach Kinziger,Wisconsin,13.94375,15,3.0460210356288435,-38.94033855086116,-1.0562500000000004,16
5313679,Luka Jovanovic,Middle Tennessee,7.321428571428571,5,1.389085240570024,-0.4818129469053257,2.321428571428571,28
5312079,Evan Chatman,UAB,15.274193548387096,25,10.67782684808607,1.4999441165242178,-9.725806451612904,31
5312078,Ari Gooch,UAB,16.3,15,0.5122176477701128,-2.421954628830373,1.3000000000000007,16
5101806,Salim London,UAB,14.387096774193548,15,-1.1878993411993708,-2.197480213429371,-0.612903225806452,31
5313383,William Ball,Louisiana Monroe,8.326666666666666,5,-5.530358526078483,-12.211923374648597,3.326666666666666,30
5313379,Dylan Diaz,Louisiana Monroe,13.657142857142858,5,-1.5780167530585547,-5.199861656909686,8.657142857142858,21
5313380,Przemek Hartman,Louisiana Monroe,15.18695652173913,5,-11.159078072425629,-16.344351256079957,10.18695652173913,23
5313384,Alex Huguet Carrasco,Louisiana Monroe,11.885714285714288,5,-3.336522678932377,-7.291845187268663,6.885714285714288,14
5313381,Krystian Lewis,Louisiana Monroe,28.07333333333333,25,-3.3466297342018554,-3.4106777593666684,3.0733333333333306,30
5313382,Alex Molofeev,Louisiana Monroe,15.489285714285714,25,-3.18264607825625,-6.014652373610709,-9.510714285714286,28
5313686,Connor Igoe,Columbia,24.53846153846154,25,3.569736952612731,1.7584385587246278,-0.4615384615384599,26
5313687,Miles Franklin,Columbia,20.05416666666667,15,1.6565708907999317,-1.5305302359138302,5.054166666666671,24
5101852,Shon Abaev,Cincinnati,23.308333333333334,25,-0.6911507207015839,-0.3231057999803742,-1.6916666666666664,24
5196876,Keyshuan Tillery,Cincinnati,20.687096774193552,15,2.2804328297238032,-1.8467349541431584,5.687096774193552,31
5314513,Carter Berg-McLean,Loyola MD,16.424999999999997,15,-5.5290018199007465,-7.998105556078038,1.4249999999999972,28
5314515,Everett Barnes,Loyola MD,9.991304347826087,5,-2.2982726958282713,-10.800823610473936,4.9913043478260875,23
5314516,Emmett Adair,Loyola MD,27.673076923076927,35,0.7087446305092651,-3.053503923557597,-7.326923076923073,26
5314517,Sebastien Emenalo,Loyola MD,13.830000000000004,15,-5.020934302973762,-5.578088498494429,-1.1699999999999964,30
5311892,Jordan Tillery,VCU,21.55,35,22.411595309045563,8.32364783602125,-13.45,12
5311890,Nyk Lewis,VCU,17.348571428571425,25,7.469578528100014,2.865216061858747,-7.651428571428575,35
5313119,Tyler Bike,New Hampshire,16.84642857142857,15,-1.9835974542163235,-3.385731285064377,1.8464285714285715,28
5313120,Myles Blackley,New Hampshire,18.055555555555557,35,4.148493230818681,-29.73310549162299,-16.944444444444443,9
5313121,Giannos Xanthopoulos,New Hampshire,11.37037037037037,15,4.3890458589273305,-7.924868003318257,-3.6296296296296298,27
5311583,Andrew Austin,Eastern Illinois,15.523809523809524,15,-3.3245704906632474,-13.131255671378536,0.5238095238095237,21
5311579,Markus Blackwell,Eastern Illinois,15.754999999999999,25,-1.297302243233641,-8.00509133226576,-9.245000000000001,20
5311581,Prince Johnson,Eastern Illinois,8.457142857142857,15,-3.3048119348898988,-6.021472893427828,-6.542857142857143,28
5311580,Meechie White,Eastern Illinois,19.76333333333333,15,0.9062342841383447,-0.6826101594137082,4.763333333333328,30
5314642,Didier Maleng,Denver,9.995833333333332,15,-5.975816420435525,-7.758668440356291,-5.004166666666668,24
5314643,Gabe Oldham,Denver,11.751724137931033,15,-1.288380661461898,-1.4271066676194808,-3.248275862068967,29
5313308,Gregory Lawson,Eastern Michigan,21.62962962962963,25,3.9483099431946034,-8.242666018661028,-3.3703703703703702,27
5189001,Chaze Harris,South Alabama,36.10322580645161,35,3.1186258352138196,3.1158699563677685,1.1032258064516114,31
5313205,Peyton Law,South Alabama,21.03333333333333,25,8.690823154400103,0.4842923633875442,-3.9666666666666686,9
5313206,Adam Olsen,South Alabama,21.436666666666675,35,7.126657755488272,1.2410262674859083,-13.563333333333325,30
5313202,Stephen Williams,South Alabama,14.46774193548387,15,1.710999794662722,0.1673812067517368,-0.5322580645161299,31
5313035,Ben Waller,UC Riverside,18.665384615384614,15,-1.6211246896572342,-7.598724230262627,3.665384615384614,26
5313034,EJ Spillman,UC Riverside,11.990909090909092,15,-15.929286876930718,-13.76504567936792,-3.009090909090908,11
5314508,Abijah Franklin,Furman,25.35714285714285,25,-3.3811327467688677,-5.037338891878299,0.35714285714285054,21
5314509,Cole Bowser,Furman,12.485000000000001,15,-0.33276838033385087,-1.8163048349683677,-2.514999999999999,20
5314510,Collin O'Neal,Furman,18.246666666666666,15,-4.340943979130521,-8.449786201454675,3.246666666666666,15
5314511,Alex Wilkins,Furman,34.41250000000001,35,-0.8011484651534454,-2.1568630089511003,-0.5874999999999915,32
5314514,Owen Ritger,Furman,16.614285714285714,15,-3.520692019951336,-12.609588985909742,1.6142857142857139,14
5254317,Devin Booker,George Mason,16.287499999999998,5,-4.183471777231007,-6.866942492814438,11.287499999999998,24
5196954,Emmanuel Kanga,George Mason,19.919354838709673,5,3.2242293322043,1.657507260631079,14.919354838709673,31
5311937,Obomate Abbey,Utah,16.04516129032258,5,-3.202170788273883,-7.587113484591984,11.045161290322579,31
5313269,Chiante Tramble,Southern Miss,16.136363636363637,25,-1.3539477243506517,-3.9770264111084472,-8.863636363636363,33
5313270,Tylik Weeks,Southern Miss,29.660606060606057,35,0.4786818503136145,0.051851395748801064,-5.339393939393943,33
5313272,Felipe Patino,Southern Miss,11.411764705882353,5,-8.899285097551987,-10.331229811242704,6.411764705882353,17
5180818,Dylan Brumfield,Southern Miss,16.79090909090909,15,-2.2750448699712007,-2.3660177504238926,1.7909090909090892,33
5144151,Nicholas Randall,Missouri,14.80909090909091,5,0.5342155867628401,-9.433871002107127,9.80909090909091,22
5101825,Terrion Burgess,Little Rock,10.88,15,-0.8835286222044374,-0.48512276006145816,-4.119999999999999,5
5314308,Truman Claytor IV,Little Rock,24.444444444444443,25,-4.704474690235629,-11.257114648076378,-0.5555555555555571,27
4904926,Tracy Steele Jr.,Little Rock,11.04090909090909,5,-6.32813917297113,-11.192745865190103,6.040909090909089,22
5311735,Declan Wucherpfennig,Fairfield,18.36969696969697,15,0.9538357903715757,0.6230107776611994,3.369696969696971,33
5314284,Brady Swartz,Western Michigan,16.55217391304348,25,-1.2107765479021744,-3.3828326796028505,-8.447826086956521,23
5314285,Carson Vis,Western Michigan,19.53103448275862,35,-0.025039784049153486,-2.882208591991483,-15.46896551724138,29
5311861,Roor Akhuar,Fordham,15.095454545454546,5,2.500706051224456,0.13442012809333306,10.095454545454546,22
5313860,Sivert Wærstad Nordheim,Indiana St.,17.623529411764707,25,-17.473586182835287,-12.574014111849257,-7.376470588235293,17
5313861,Enel St. Bernard,Indiana St.,15.231034482758618,15,2.0362846699812995,1.90719173213617,0.23103448275861815,29
5115354,Ian Scott,Indiana St.,19.59333333333333,15,6.164000027621878,5.406333373951235,4.59333333333333,30
5313859,Jo Van Buggenhout,Indiana St.,20.523999999999997,15,0.3031439267524939,-2.595368967122646,5.523999999999997,25
5312289,Jermaine O'Neal Jr.,SMU,12.526470588235293,15,0.07843481281228648,-0.6908149716427312,-2.473529411764707,34
5041938,B.J. Davis-Ray,SMU,13.118749999999999,15,1.6016996442274591,-8.019647487889547,-1.8812500000000014,32
5101840,Jaden Toombs,SMU,18.42222222222222,25,5.1241021431567795,2.333328586687008,-6.577777777777779,27
5314725,Jaden Rogers,South Dakota St.,10.616666666666667,15,5.968542789522811,0.1407204180913899,-4.383333333333333,12
5311995,Musa Sagnia,N.C. State,10.273529411764706,15,3.857539416829641,-0.10203555720251606,-4.726470588235294,34
5313163,LJ Hackman,Western Kentucky,19.566666666666666,25,3.888365009159655,-0.875031377740967,-5.433333333333334,30
5313164,Armelo Boone,Western Kentucky,26.255555555555556,25,-1.0129004092833322,-1.1447468070247189,1.2555555555555564,27
201704,Eddie Cooke III,Robert Morris,18.216666666666665,15,-2.300134404864516,-0.8666173300439457,3.216666666666665,12
5313731,Darius Livingston,Robert Morris,21.976,15,0.9236807271269312,-1.2012564578333762,6.975999999999999,25
5313732,Samuel Obenjo,Robert Morris,11.890476190476189,5,3.405781424259649,-2.5172612915020047,6.890476190476189,21
5254316,Aiden Argabright,Richmond,21.570000000000004,25,3.034450156360705,1.6976942788761726,-3.429999999999996,30
5221328,Landon Clark,Princeton,12.835714285714287,15,-1.1460276559437135,-1.3060219702346478,-2.164285714285713,28
5236224,Jacob Hammond,Princeton,18.645454545454548,25,-8.98993113077141,-9.958797808200746,-6.354545454545452,22
5254321,Will Harper III,Richmond,35.9923076923077,15,-10.140483282476279,-35.574167861510084,20.992307692307698,13
5311843,Trevin Jirak,Iowa,27.241176470588236,15,0.655539452272644,-2.9245457368860373,12.241176470588236,17
5314681,Cash McSweeney,Princeton,14.961538461538463,25,-3.569443347355186,-4.882559080203235,-10.038461538461537,13
5314680,Jake Sussberg,Princeton,17.833333333333336,15,-1.3986837208486247,-8.93502956061995,2.8333333333333357,18
5311842,Tate Sage,Iowa,18.272972972972976,15,4.21143492357459,1.051634463021804,3.272972972972976,37
5314682,Sebastian Whitfield,Princeton,17.228571428571428,25,-6.033349045571843,-13.380648392651084,-7.771428571428572,28
5313030,Mantas Juzenas,Saint Mary's,14.595999999999998,25,14.534335785580044,0.6208383984759166,-10.404000000000002,25
5311846,Thijs De Ridder,Virginia,26.086111111111112,25,8.254488574607679,6.618455523329742,1.0861111111111121,36
5312144,Eli Beard,Drexel,16.81875,15,1.4660973461199795,-0.09168848611695957,1.8187500000000014,32
5313031,Dillan Shaw,Saint Mary's,14.875,15,5.147100981556348,5.093959475052269,-0.125,32
198967,Martin de Laporterie,Drexel,14.428124999999998,5,-2.2527270008606775,-6.85737071754942,9.428124999999998,32
5311844,Johann Grünloh,Virginia,16.202777777777776,15,5.921756670040598,5.43000442851854,1.2027777777777757,36
5237435,Isaac Carr,Wake Forest,12.653846153846152,5,-1.0563668381808051,-2.2292879100527574,7.6538461538461515,26
5150404,Chance Mallory,Virginia,20.297222222222217,25,11.124457801241185,8.404976473982131,-4.702777777777783,36
5311845,Owen Odom,Virginia,15.990909090909092,35,-22.777131776536987,-3.797448853812435,-19.009090909090908,11
5311929,Nolan Groves,Texas Tech,7.243478260869565,25,15.239109927661753,-1.4680625602851247,-17.756521739130434,23
5221321,Jaylen Petty,Texas Tech,15.454545454545455,25,15.22371946880569,2.820311852190348,-9.545454545454545,33
5311930,Marial Akuentok,Texas Tech,13.566666666666666,5,7.446330121262662,-6.513598550389448,8.566666666666666,15
5144086,Nigel James Jr.,Marquette,30.203125,25,7.3351736005730155,6.413801527754407,5.203125,32
5248300,Michael Phillips II,Marquette,16.660714285714285,35,35.035752348389984,0.07689833497634346,-18.339285714285715,28
5196920,Adrien Stevens,Marquette,14.0375,15,3.2404870537397454,2.661967726244877,-0.9625000000000004,32
5142621,Chris Cenac Jr,Houston,19.216216216216218,15,7.166374465773259,5.965460800792095,4.216216216216218,37
5149077,Kingston Flemings,Houston,26.367567567567573,35,12.598532931914583,11.208106305464831,-8.632432432432427,37
5041942,Isiah Harwell,Houston,14.71875,15,1.601267515663504,-0.005742712037993258,-0.28125,32
5196911,Jaylen Cross,Wake Forest,16.83076923076923,25,-5.358068054936231,-4.329870265704634,-8.169230769230769,13
5293246,Amir Jenkins,West Virginia,17.46875,25,-1.7135646404928973,-2.0003675763392073,-7.53125,32
5311938,DJ Thomas,West Virginia,19.96,25,3.537359892628812,0.8025379867636275,-5.039999999999999,35
5313894,Riley Dering,Air Force,15.385714285714286,25,2.8742324607718346,0.6994337132321878,-9.614285714285714,14
5313898,Ethan Greenberg,Air Force,14.4875,5,-1.0187527737188005,-3.215722767916675,9.4875,32
5313897,Justin Hinds,Air Force,14.593103448275862,15,-7.64938867915762,-11.195723659276252,-0.4068965517241381,29
5313899,Lucas Hobin,Air Force,20.796875,25,-3.7370874099073697,-5.16632661412143,-4.203125,32
5313901,Sam Imade,Air Force,24.69,15,-8.580526381308102,7.531884045917964,9.690000000000001,10
5313896,Brendan Martin,Air Force,21.258333333333333,35,47.40329144873249,1.5848507274661356,-13.741666666666667,12
5313193,Ramel Bethea,Green Bay,11.392857142857142,25,3.6870083975733454,-1.9650584716296589,-13.607142857142858,28
5313893,Kam Sanders,Air Force,26.534374999999997,35,1.3390856974015939,-1.0572739102259017,-8.465625000000003,32
5313199,Maruan Cicic,Green Bay,14.494736842105262,5,-9.234109978357878,-11.066331772602295,9.494736842105262,19
5313200,LeBron Thomas,Green Bay,21.17666666666667,25,-3.278929740612599,-8.28639087067875,-3.8233333333333306,30
5313194,Keegan Van Kauwenberg,Green Bay,10.722222222222221,5,4.474782612036595,-1.5467097962613812,5.722222222222221,18
5313195,Vukasin Todorovic,Green Bay,21.227777777777778,15,-0.33130648740208635,-6.365053996433068,6.227777777777778,18
5314820,Isaac Dye,Abilene Christian,14.177272727272726,5,10.083869242895158,-13.162481330470776,9.177272727272726,22
5314817,Tylan Lewis,Abilene Christian,3.891666666666667,5,-1.4303859565847596,-10.890569596636468,-1.108333333333333,24
5314818,Joseph Scott,Abilene Christian,25.899999999999995,25,-0.24206670913017614,-15.299300094177717,0.899999999999995,26
5313360,Robert Fields,Texas St.,14.942857142857141,25,3.547031145908755,-2.0483432101424977,-10.057142857142859,28
5313358,DJ Hall,Texas St.,25.796666666666667,15,7.836412598294229,3.762773328546459,10.796666666666667,30
5313361,Dimp Pernell,Texas St.,21.322222222222223,15,5.095030461217664,-1.399452543240263,6.322222222222223,9
5314377,Matas Deniusas,Tennessee Martin,23.939999999999998,25,1.9289537392712461,0.5634088790288453,-1.0600000000000023,30
5314375,Vladimir Khryapa,Tennessee Martin,14.266666666666666,15,-1.1903236408885105,-4.071707810101291,-0.7333333333333343,27
5314372,Damien King,Tennessee Martin,15.93846153846154,25,6.197189562857476,-1.7121985929957846,-9.06153846153846,26
5314376,Filip Petkovski,Tennessee Martin,14.432142857142859,5,-3.33530076305298,-6.519544570171415,9.432142857142859,28
5313048,Hudson Mayes,UC San Diego,20.409374999999997,25,4.846194202189524,3.2695920437682044,-4.590625000000003,32
5101773,Ty Price,Tennessee Martin,30.85333333333334,35,3.048901677853398,-2.8194663648449603,-4.146666666666661,15
5313050,Jaden Vance,UC San Diego,17.250000000000004,15,2.406316538158627,-1.4424007242483785,2.2500000000000036,22
5196914,Amari Evans,Tennessee,14.071428571428571,15,5.579309223603921,5.2284735967389055,-0.9285714285714288,35
5142710,DeWayne Brown II,Tennessee,16.365714285714283,15,4.360381121247308,2.471634047132637,1.365714285714283,35
5164559,Nate Ament,Tennessee,27.48285714285714,35,11.878821986663826,6.777023541609375,-7.517142857142861,35
5311527,Ethan Burg,Tennessee,13.890322580645162,5,9.973601909564614,-3.774215729934842,8.890322580645162,31
5311526,Troy Henderson,Tennessee,14.742857142857146,15,5.461363169080101,-4.318647991314068,-0.25714285714285445,28
5196942,Clarence Massamba,Tennessee,12.391666666666667,5,13.726112448742697,-7.955226379296589,7.3916666666666675,12
5312979,Christian Jones,Long Beach St.,15.417647058823531,15,-3.878561584212786,-1.9307885145842392,0.4176470588235315,17
5312977,Leopold Levillain,Long Beach St.,14.428571428571429,5,-2.5615052383187367,-4.274089821410231,9.428571428571429,28
5196921,Gavin Sykes,Long Beach St.,24.33846153846154,35,5.313705681900601,1.5982330613579099,-10.66153846153846,26
5101834,Dallas Washington,Long Beach St.,20.13181818181818,15,-5.196769045209318,-13.338887886910749,5.131818181818179,22
5313277,Mark Lavrenov,Sacramento St.,18.225,25,-2.5378930576301326,-4.684170045938566,-6.774999999999999,28
5313274,Romari Robinson,Sacramento St.,10.338095238095239,5,-3.2447702250451944,-8.173113903625586,5.338095238095239,21
5313266,Brayden Barron,Portland St.,13.323529411764705,5,-3.242241553496767,-12.677621612531569,8.323529411764705,17
5313264,Colt Ness,Portland St.,8.842857142857143,15,4.4727488196481024,-9.682954952685515,-6.157142857142857,7
5311850,RJ Greer,Davidson,20.13333333333333,5,24.70350585584193,-5.002719757578451,15.13333333333333,15
5311851,Ian Platteeuw,Davidson,20.536666666666672,5,3.893326968917972,0.10758574379659507,15.536666666666672,30
5311849,Devin Brown,Davidson,16.778125,5,-0.22715599803730857,-1.1762467820113889,11.778125,32
5311528,Declan Duru Jr.,Texas,10.854545454545454,5,-0.1493087313612011,-3.0961988476574103,5.854545454545454,11
5312164,Jaeden Roberts,Hofstra,19.052380952380954,15,4.255329638214883,1.1603326575163253,4.052380952380954,21
5311862,Ashton Walker,La Salle,18.72258064516129,15,-0.8523012946375523,-1.4272944030970365,3.7225806451612904,31
5312014,Luka Bogavac,North Carolina,20.993939393939396,25,0.5223691341599045,0.2866046310241193,-4.006060606060604,33
5144097,Derek Dixon,North Carolina,16.560606060606062,15,4.43682877819193,1.1648319633510995,1.5606060606060623,33
5095151,Caleb Wilson,North Carolina,28.629166666666663,25,13.904186152462495,12.749334448247245,3.629166666666663,24
5312013,Evan Smith,North Carolina,33.239999999999995,35,41.35510267876367,20.938608716113446,-1.7600000000000051,5
5312913,Preston Copeland,Ball St.,12.314285714285715,15,-3.4298551084732116,-3.2057838112734314,-2.685714285714285,28
5314191,Isaiah Henderson,Siena,13.467857142857143,5,-2.694158221641709,-6.9309169125940056,8.467857142857143,28
4873144,Mason Blackwood,Penn St.,11.457692307692309,15,-0.8612469495133176,-6.408788007250669,-3.5423076923076913,26
5314193,Christian Jones,Siena,14.945714285714287,25,-5.6181898208112715,-6.660666742827113,-10.054285714285713,35
5312025,Ivan Juric,Penn St.,19.803333333333335,35,2.979286931651329,-2.2853754609430594,-15.196666666666665,30
5144108,Kayden Mingo,Penn St.,24.585714285714285,35,5.44363613932651,3.423567044187964,-10.414285714285715,28
5312026,Melih Tunca,Penn St.,19.645161290322577,15,-0.004178589247526898,-2.066250130179063,4.6451612903225765,31
5314195,Francis Folefac,Siena,23.014285714285716,25,1.2620434864144863,1.6413056085737538,-1.985714285714284,35
5312028,Tibor Mirtic,Penn St.,16.92666666666667,15,-2.933800082713313,-3.416199715751822,1.9266666666666694,15
5217197,Justin Houser,Penn St.,12.538888888888888,5,-2.3011615329685124,-5.729832840918759,7.538888888888888,18
5101827,Trent Sisley,Indiana,18.57,5,-0.8476465848137528,-4.129186415492044,13.57,30
5311839,Drew Snively,Indiana,13.190000000000001,15,-9.029032902549078,-6.903470097136716,-1.8099999999999987,10
5176370,Davion Hill,Ball St.,27.03448275862069,25,7.547018987503132,3.216326889353644,2.0344827586206904,29
5314499,Isaiah Sutherland,East Tennessee St.,14.531818181818183,5,0.5254786359640523,-4.322507017007314,9.531818181818183,22
5314755,Marley Curtis,North Dakota,19.451851851851853,15,-3.497508627972971,-9.01780681223249,4.451851851851853,27
5183116,CJ Hall,SIU Edwardsville,24.446153846153848,35,-3.2831595984523916,-8.35969963437694,-10.553846153846152,26
5314757,Anthony Smith lll,North Dakota,23.219354838709677,35,0.4950398725303842,-3.9186089984613095,-11.780645161290323,31
5314756,Karson Ouse,North Dakota,13.281818181818181,5,-15.359973445430448,-13.083814598299615,8.281818181818181,11
5313754,Gavin Gores,Wyoming,18.551851851851854,15,-1.0275245000598894,-1.1537069315528048,3.551851851851854,27
5314331,Tyler King,SIU Edwardsville,18.892592592592592,25,-1.104644798605139,-3.8512575898765484,-6.107407407407408,27
5313752,Nasir Meyer,Wyoming,22.689999999999998,15,3.68299956512746,2.704427133102156,7.689999999999998,30
5314333,Corentin Efono,SIU Edwardsville,9.9125,5,-5.607229517518393,-8.473110767801444,4.9125,16
5313756,Simm Saadi,Wyoming,20.43870967741935,15,-1.6745937571778953,-7.514692722534132,5.43870967741935,31
5281347,Andrija Jelavic,Kentucky,17.690624999999997,15,5.3439426166229484,2.6915713880085534,2.690624999999997,32
5095153,Jasper Johnson,Kentucky,23.54571428571429,15,1.0276675431048765,-5.729055076889476,8.54571428571429,35
5101849,Malachi Moreno,Kentucky,18.04722222222222,5,8.259259294778147,6.0035070176180545,13.04722222222222,36
5313054,Ace Glass lll,Washington St.,26.983870967741936,35,1.9267546798867556,1.3036621351067883,-8.016129032258064,31
5313053,Adria Rodriguez,Washington St.,17.303225806451614,25,0.14149721992346384,-2.3417741080194303,-7.696774193548386,31
5313138,Miles Amos,Seattle,11.451724137931036,5,-0.46702590853035836,-13.549921127495189,6.451724137931036,29
5220874,Jamarion Davis-Fleming,Mississippi St.,9.621875,5,1.8446366347030088,1.1739577405156059,4.621874999999999,32
5142708,King Grace,Mississippi St.,18.575,15,0.3607830315611954,-2.127809257811364,3.5749999999999993,24
5311740,Sergej Macura,Mississippi St.,13.167857142857143,5,3.961158167546705,1.8204884667594992,8.167857142857143,28
5164560,Semetri (TT) Carr,California,15.00967741935484,15,0.5486576131495149,-0.7715596554287204,0.009677419354840566,31
5144104,Jaylen Harrell,Providence,12.816666666666665,5,-2.105876526552702,0.6007410639850163,7.816666666666665,6
5041949,Jamier Jones,Providence,20.66129032258064,25,4.56367515519445,2.9756149788183763,-4.338709677419359,31
5311991,Stefan Vaaks,Providence,23.35483870967742,15,5.78039272175835,3.487932459142946,8.35483870967742,31
5311993,Peteris Pinnis,Providence,18.538888888888884,15,0.15205340524372854,-11.338248996056643,3.5388888888888843,18
5312331,Mason Ellison,Delaware,16.05,15,-15.47608772286499,-15.47608772286499,1.0500000000000007,6
5312332,Jayden Taylor,Delaware,9.423333333333334,5,-4.030027458646447,-5.022953795659459,4.423333333333334,30
5312333,Alex Kazanecki,Delaware,8.620000000000001,15,-2.7828991065867568,-3.3676442320610516,-6.379999999999999,30
5142709,Dante Allen,Miami FL,15.286666666666667,5,3.8210153282052346,2.558341627037142,10.286666666666667,30
5314342,Amaree Brown,Southern Indiana,28.6,35,-1.3420098041233643,-4.973464411498048,-6.399999999999999,16
5101809,Shelton Henderson,Miami FL,21.41142857142857,15,4.313137806184103,3.7441828233224457,6.411428571428569,35
5311984,Salih Altuntas,Miami FL,7.768750000000001,5,-1.3876720627509902,-4.038215731452795,2.7687500000000007,32
5311986,Noam Dovrat,Miami FL,15.18148148148148,15,6.6040465840752205,2.57855910584021,0.18148148148148024,27
5281366,Timotej Malovec,Miami FL,12.26969696969697,5,-0.8652079222092114,-4.273219599594047,7.2696969696969695,33
5314341,Alem Fejzic,Southern Indiana,9.566666666666666,5,-6.02697600990715,-11.787351683537887,4.566666666666666,12
5314340,Tolu Samuels,Southern Indiana,14.462962962962964,25,2.081590713403297,-3.217260708686133,-10.537037037037036,27
5314183,Adrean Newton,Norfolk St.,19.654166666666665,25,-0.9540350041089066,-7.566065265786591,-5.345833333333335,24
5314185,Yel Deeng,Norfolk St.,10.858333333333334,15,-11.763465526877612,-13.80986297545062,-4.141666666666666,12
5314188,Khalil Arnold,North Carolina Central,12.275,15,-10.52632006268297,-10.636696356905741,-2.7249999999999996,8
5258958,Justin Edwards,North Carolina Central,14.833333333333332,5,-2.871158168333356,-14.23422865070736,9.833333333333332,15
5311863,Nas Hart,La Salle,14.04736842105263,15,-2.8078953572549485,-8.354887167207517,-0.9526315789473703,19
5314282,Ognjen Stankovic,Akron,19.2875,15,-4.209407663015253,-3.207971571212167,4.287500000000001,16
5312654,Daniel Etiosa James,Central Connecticut,13.607692307692306,25,-6.4075662399286415,-8.615736407090203,-11.392307692307694,26
5312655,Elijah Parker,Central Connecticut,12.95925925925926,15,-7.213870526744793,-7.9562712494272585,-2.0407407407407394,27
5312656,Ashton Reynolds,Central Connecticut,21.085714285714282,5,1.2633682283455414,-5.403625705826277,16.085714285714282,21
5313548,Chris Davis Jr,Charleston,20.483333333333334,35,9.075185444420974,-1.5556665864736692,-14.516666666666666,30
5313546,Chadlyn Traylor,Charleston,11.925806451612901,25,0.8207572292278973,-1.723001161284348,-13.074193548387099,31
5313547,Martin Kalu,Charleston,16.499999999999996,15,-1.0194437790313966,-2.993718431789634,1.4999999999999964,31
5313550,Chol Machot,Charleston,21.083870967741937,15,3.248462793612589,1.6590522825728184,6.083870967741937,31
5311865,Edwin Daniel,La Salle,15.796666666666669,15,0.52593355291295,-2.3537975424895636,0.7966666666666686,30
5311921,Dorin Buca,Kansas St.,18.177777777777777,15,-1.5267221793230674,-5.224178188756274,3.177777777777777,27
5311923,Andrej Kostic,Kansas St.,22.465217391304346,15,2.052988203525399,-5.859943985751475,7.465217391304346,23
5311919,Elias Rapieque,Kansas St.,14.2,15,3.0484863309395345,1.6959678104096476,-0.8000000000000007,20
5196941,Damon Friery,Dayton,23.75,25,1.0682723074029907,-3.4318213206299615,-1.25,16
5313071,Christian Beam,Georgia St.,13.316666666666668,15,-6.761726597020312,-7.394513622428316,-1.6833333333333318,24
5313070,Ayouba Berthe,Georgia St.,15.623333333333331,25,-1.8810046806517973,-8.49614237501782,-9.376666666666669,30
5313069,Joah Chappelle,Georgia St.,15.673076923076923,25,2.2503508670812726,-2.409475780508959,-9.326923076923077,26
5313072,Christopher Jones,Georgia St.,12.529411764705882,5,9.093818235273455,-6.269340077440279,7.529411764705882,17
5180677,Anthony Enoh,Georgia St.,14.578571428571431,25,-1.7233151767587864,-3.9485502290081382,-10.421428571428569,28
5313068,Micah Tucker,Georgia St.,22.26896551724138,15,-1.292242313009497,-2.436186613178834,7.26896551724138,29
5041954,Trey McKenney,Michigan,17.080000000000002,15,6.177086463726137,5.462663973662382,2.080000000000002,40
5311988,Malick Kordel,Michigan,12.578571428571427,15,7.178650712833031,5.799309054545534,-2.4214285714285726,14
5174808,Winters Grady,Michigan,21.83333333333333,15,1.618450822072847,-1.7274975779823791,6.833333333333329,9
5244505,Oscar Goodman,Michigan,22.59375,15,1.789590496408928,6.058543376538243,7.59375,16
5101768,Isaiah Campbell-Finch,Samford,16.562962962962963,5,-4.460271163560943,-6.435455944585688,11.562962962962963,27
5120280,Kiyan Anthony,Syracuse,22.879310344827584,25,-1.324095627414698,-2.98390325108732,-2.1206896551724164,29
5311847,Luke Fennell,Syracuse,10.330000000000002,15,-3.8699815178855625,-8.170378998378288,-4.669999999999998,10
5101831,Sadiq White Jr.,Syracuse,19.125806451612906,35,6.103201876938407,1.0359827109235156,-15.874193548387094,31
5312155,Aidan Haskins,Hampton,9.489285714285714,5,1.1234882186454804,-6.578645708069797,4.489285714285714,28
5314315,Vere Anthony,New Haven,15.827272727272726,15,-2.784635994845573,-4.360896092744079,0.8272727272727263,11
5312156,Quintin Cooper,Hampton,25.108,25,-12.689149461860051,-18.19259744213489,0.10800000000000054,25
5314321,Tristan Burth,New Haven,10.923529411764704,5,-1.73913702410148,-10.295331947347304,5.923529411764704,17
5314310,Aidan Losiewicz,New Haven,23.335,25,-8.631978446206716,-15.808374079767992,-1.6649999999999991,20
5314320,Andre Pasha,New Haven,19.835714285714285,25,-0.7929580519375107,-1.2908190400399415,-5.164285714285715,28
5314319,Teshaun Steele,New Haven,18.460714285714285,25,-2.8360036620559046,-1.5937226391502881,-6.539285714285715,28
5314322,Zoumana Traore,New Haven,21.25,35,0.18453354617729545,-9.513663326310672,-13.75,18
5313880,Andy Johnson,Illinois Chicago,18.869696969696967,25,0.624328010686802,-0.1576219200272177,-6.130303030303033,33
5313879,Rashund Washington Jr,Illinois Chicago,17.106060606060602,25,5.502053840389331,0.8448881708921803,-7.893939393939398,33
5313882,Tai Walters-Whitaker,Illinois Chicago,14.430769230769227,5,2.9766087394581255,-12.66397583176641,9.430769230769227,13
5312015,Efe Vatan,Oregon,29.52,35,-10.230712082217925,-7.3971270263625994,-5.48,5
5314476,Pat Curtin,Bucknell,28.299999999999997,25,-0.6801981864481457,-2.4059949139229504,3.299999999999997,27
5314477,Amon Dörries,Bucknell,24.784848484848485,35,2.3482961434893648,-1.7161430844247212,-10.215151515151515,33
5314475,Jacob Meachem,Bucknell,15.17333333333333,5,-10.352761087178648,-11.449212606208295,10.17333333333333,30
5195079,Adlan Elamin,Utah St.,15.782352941176468,5,6.572881324813992,2.2549801759976686,10.782352941176468,34
5255260,Elijah Perryman,Utah St.,21.83142857142857,5,7.56331345194036,0.884280322413946,16.83142857142857,35
5313659,Gabe Tanner,Florida Gulf Coast,12.376923076923076,5,6.537686817292217,0.30197898973057125,7.376923076923076,13
5311972,Darius Adams,Maryland,26.83030303030303,15,-2.1208204945184397,-3.4515964419605027,11.830303030303028,33
5311975,Aleks Alston,Maryland,9.163999999999998,5,4.099101204948572,-4.7108341491185834,4.163999999999998,25
5311974,Guillermo Del Pino,Maryland,16.295833333333334,5,-0.7670946371229412,-12.117905652973823,11.295833333333334,24
5313662,Isaiah Malone,Florida Gulf Coast,19.75625,15,-0.002770282693164261,0.13745661625443095,4.756250000000001,32
5314580,"Mario Tatum, Jr.",VMI,17.603448275862068,5,-5.440721957617389,-7.874318809782372,12.603448275862068,29
5313660,Matthew McCarthy,Florida Gulf Coast,5.8,15,-22.139524765486467,-15.287849105086508,-9.2,12
5254333,Jaylen Fenner,Louisiana Tech,14.882758620689655,25,-2.4121507195770633,-4.645620248265787,-10.117241379310345,29
5313669,Avery Thomas II,Louisiana Tech,18.82,15,0.10000311459844025,-1.2501968867684026,3.8200000000000003,30
5313671,Kylan Howze,Louisiana Tech,10.768181818181818,5,2.757539199534528,-2.6456127039293986,5.768181818181818,22
5314644,Jay Jones,Penn,17.0,15,3.734074001283562,-4.4977710549538354,2.0,26
5314648,Lucas-Allan Lueth,Penn,12.292857142857143,25,1.935145083638092,-3.266490914865924,-12.707142857142857,28
5314646,Dalton Scantlebury,Penn,18.246428571428574,25,1.4108278266914576,-1.2505311805526047,-6.753571428571426,28
5314815,Brock Scholl,Nebraska Omaha,17.806896551724137,25,-2.655966970969168,-11.256437295584929,-7.193103448275863,29
5314210,JJ Kelly,Ohio,13.40344827586207,25,0.8889822481716609,-1.2418373312838416,-11.59655172413793,29
5101766,JJ Mandaquit,Washington,16.495454545454546,25,2.5014306983750454,-0.6200093726545174,-8.504545454545454,22
5221320,Courtland Muldrew,Washington,24.32,15,-4.646685180151274,-22.23399775854438,9.32,20
5315245,Tahlan Pettway,Western Carolina,18.260714285714286,15,3.132524098437841,0.7662459350428704,3.260714285714286,28
5210965,Benjamin Ahmed,Oklahoma St.,20.48095238095238,15,-1.279394666896598,-4.347216970880574,5.480952380952381,21
5215268,Ryan Crotty,Oklahoma St.,12.439285714285715,5,-0.2204072849625948,-4.728295184625343,7.439285714285715,28
5311926,Lefteris Mantzoukas,Oklahoma St.,14.58333333333333,15,-4.702829096935313,-4.8764366536522035,-0.4166666666666696,12
5311925,Daniel Guetta,Oklahoma St.,13.200000000000001,15,-3.8707112949538924,-9.001374830929489,-1.799999999999999,11
5196960,Mekhi Ragland,Oklahoma St.,17.55,5,-1.0042089059444779,-4.803609405785255,12.55,14
5254332,Zander Carter,Liberty,12.235483870967746,15,-0.8501594979851279,-2.8944993451003977,-2.7645161290322537,31
5254335,Drew Grimes,Liberty,14.7875,35,-36.200808784353484,-5.852292623572465,-20.2125,16
4709991,Aitor Anabitarte,Jacksonville St.,16.699999999999996,15,0.4729963429347732,-9.056586014978844,1.6999999999999957,14
5312342,Emondrek Erkins-Ford,Jacksonville St.,19.400000000000002,25,2.995547987245892,-0.35657486793925564,-5.599999999999998,29
5312340,Jacoby Hill,Jacksonville St.,17.10344827586207,25,1.667705811041525,-0.6005113333840529,-7.896551724137929,29
5142620,Darius Acuff Jr.,Arkansas,29.291666666666668,35,9.77432301313731,8.675601102164652,-5.708333333333332,36
5041951,Meleek Thomas,Arkansas,22.335135135135136,35,7.275149628391497,5.582316785735222,-12.664864864864864,37
5101797,Isaiah Sealy,Arkansas,19.61578947368421,25,10.190039192352925,-5.235790854817697,-5.3842105263157904,19
5313158,Brandon Benjamin,San Diego,19.616666666666664,35,10.560740632527008,-2.5612028288312403,-15.383333333333336,18
5101837,Alejandro Aviles,San Diego,15.356521739130434,25,-3.531238173849693,-5.3168357440921055,-9.643478260869566,23
5313159,Vuk Boskovic,San Diego,18.219354838709677,5,5.084205889107039,-4.340433960647216,13.219354838709677,31
5144117,Jasir Rencher,Washington,9.4875,15,0.8374542204146056,-1.4383314939996172,-5.512499999999999,8
5312047,Brandon Roy Jr,Washington,27.04,35,28.565911692474874,10.040060677141998,-7.960000000000001,5
5313155,Darrae Goodwin,San Diego,15.476923076923075,15,-2.4020941178892152,-3.6120891294880533,0.47692307692307523,13
5281370,Hannes Steinbach,Washington,24.773333333333333,25,9.494601376247225,9.181047755148759,-0.22666666666666657,30
5313160,Piotr Winkowski,San Diego,17.87857142857143,35,-1.2816170719055908,-2.173747256327902,-17.12142857142857,14
5144128,Abdou Yadd,Sacred Heart,23.96,25,-10.678431221505681,-13.25996230464905,-1.0399999999999991,25
5312427,Derrick Green,Coastal Carolina,14.073333333333332,5,-6.167300565470734,-8.976243397972727,9.073333333333332,30
5312425,Tristan Thompson,Coastal Carolina,14.264516129032257,25,-2.0308192708188884,-4.097099281936057,-10.735483870967743,31
5314741,Nikola Radovanovic,Pepperdine,12.2,15,0.9190927866777794,-6.231163996592976,-2.8000000000000007,16
5311911,Jordi Rodriguez,Cincinnati,18.413333333333334,5,3.0390593902188754,0.16776552006053932,13.413333333333334,15
5313191,Momo Nkugwa,Vermont,12.971428571428572,25,-0.24620375978018583,-10.114333601089916,-12.028571428571428,28
5313192,Lucas Mari,Vermont,17.03214285714286,25,-2.355521256744504,-6.03529290141585,-7.967857142857142,28
5314736,Filip Brankovic,UT Rio Grande Valley,26.31290322580646,35,3.474954672128564,2.730601479235579,-8.687096774193542,31
5309819,Marko Radunovic,Boston College,19.194444444444443,15,-7.188079917418799,-12.144824383377959,4.194444444444443,18
5314733,Dane Christensen,UT Rio Grande Valley,14.6,25,4.714889535955386,-3.686895207439761,-10.4,25
5196919,Caleb Steger,Boston College,15.812903225806453,25,-0.5659086159121579,-4.8499037217640195,-9.187096774193547,31
5314734,Julien Gomez,UT Rio Grande Valley,15.893548387096772,15,1.3764438584065322,-0.15400502938859037,0.8935483870967715,31
5314732,Demarris Winters,UT Rio Grande Valley,10.995000000000001,5,-1.2814292897043091,-8.549907527162102,5.995000000000001,20
5313432,Jeremy Ellis,Alcorn St.,7.559090909090909,5,-4.929260524804518,-6.345273825411684,2.5590909090909086,22
5313433,Bryson Calamese,Alcorn St.,20.532258064516125,15,-5.77827222608428,-12.777791906452633,5.532258064516125,31
5313435,Mike Jones,Alcorn St.,20.307692307692314,15,-1.8248427530351197,-8.881569041822518,5.307692307692314,13
5314483,Jude Haigh,Holy Cross,8.20909090909091,15,-13.06809152600507,-11.121051409306897,-6.790909090909089,11
5314484,Aiden Disu,Holy Cross,22.657142857142862,25,-3.674272164149995,-4.140959471370258,-2.342857142857138,28
5314485,Tim Finau,Holy Cross,12.833333333333334,25,-22.375918070105715,-15.861108489101703,-12.166666666666666,6
5217196,Jamarion Batemon,Iowa St.,16.456756756756757,25,4.320137395890707,-0.5119606606718045,-8.543243243243243,37
5281369,Dominykas Pleta,Iowa St.,18.314285714285713,15,4.023640788540289,2.9656341369041894,3.314285714285713,35
5248302,Killyan Toure,Iowa St.,18.63243243243243,25,4.990723640182846,3.089693960039845,-6.367567567567569,37
5101856,Xzavion Mitchell,Iowa St.,17.185714285714287,25,-11.552082755187818,-9.381159609536766,-7.814285714285713,7
5236221,Jordan Ellerbee,Florida Gulf Coast,23.878125,35,6.2075511090781665,-1.4615821197737424,-11.121875,32
5252606,Nicolus Anderson,Loyola Chicago,17.733333333333334,5,-3.1540915796740747,-4.0541269260816915,12.733333333333334,27
5101822,Chuck Love III,Loyola Chicago,13.807692307692308,15,-2.492328940178569,-3.30619508022969,-1.1923076923076916,13
5311867,Alexander Richardson,Loyola Chicago,15.283333333333333,5,3.6209565701367565,-0.6602901106081716,10.283333333333333,30
5313697,Cameron Boone,Missouri St.,6.725,15,0.8006099883209012,-3.0999892475555577,-8.275,28
5313695,Melakih Cunningham,Missouri St.,11.685714285714283,15,6.038955730178552,-2.973448840693021,-3.3142857142857167,21
5313693,Trey Williams Jr,Missouri St.,16.87741935483871,15,-0.046658481535591066,-1.2120398758959465,1.877419354838711,31
5314558,Ethan Copeland,Stetson,20.719354838709684,25,3.625223202953702,0.8667741911138434,-4.280645161290316,31
5314562,Jake Johnson,Stetson,16.82903225806452,15,-5.7904969348676305,-6.027196212287652,1.8290322580645189,31
5314561,J.R. Leonard,Stetson,14.914285714285715,5,-3.3849045694810673,-8.756061523613722,9.914285714285715,21
5314563,Sean Morgan,Stetson,17.62,15,-7.010445565075948,-9.162545553774814,2.620000000000001,15
5314559,Calvin Sirmans III,Stetson,19.953333333333333,15,-4.439539914250054,-5.684804888399384,4.953333333333333,30
5313521,Frederik Erichsen,Radford,19.858620689655176,15,-5.225146557170131,-6.421121665860674,4.858620689655176,29
5313523,Warren Keel,Radford,6.872727272727272,15,1.7515791187309016,-5.810144254865213,-8.127272727272729,11
5313883,Rakim Chaney,Valparaiso,20.299999999999997,25,4.702375215410674,1.3895319642936754,-4.700000000000003,32
5313886,JT Pettigrew,Valparaiso,26.75,35,-0.45342102463978645,-1.1368414559858546,-8.25,32
5313887,Mark Brown,Valparaiso,17.41904761904762,5,-3.8356748292016016,-2.780692016036922,12.419047619047621,21
5313888,Carter Hopoi,Valparaiso,16.58125,15,-0.20470812563164506,-1.7044498699566222,1.5812500000000007,32
5313892,Sader Servilus,Valparaiso,16.120833333333334,25,5.167982488488454,-2.7806340863048824,-8.879166666666666,24
5313890,Kyonte Thomas,Valparaiso,4.423076923076923,5,-2.3103738200633375,-10.283076494903401,-0.5769230769230766,26
5180868,Shon Tupuola,Valparaiso,13.76875,25,5.7347622683715525,1.7006867572052844,-11.23125,32
5313905,Jojo McIver,Colorado St.,17.175,5,-2.6810421212779234,-8.180139924199405,12.175,32
5323977,Ashton Wallace,Lafayette,11.700000000000001,5,3.155761866799681,-13.62620937724201,6.700000000000001,11
5323979,Christian Humphrey-Rembert,Lafayette,12.606451612903227,15,-1.574081681160039,-2.2449949152175126,-2.3935483870967733,31
5144158,Luke Bevilacqua,Lafayette,18.900000000000002,15,-2.1141644607358705,-11.031591981715323,3.900000000000002,24
5323981,Shareef Jackson,Lafayette,26.7448275862069,15,-0.3302174969806364,-2.351696210623746,11.744827586206899,29
5323978,KaiMani Murdock,Lafayette,13.370833333333332,15,-1.226020971435076,-6.931530105480344,-1.6291666666666682,24
5041940,Francis Chukwudebelu,Santa Clara,9.291304347826088,5,10.599224722915762,2.3528115328896284,4.291304347826088,23
5196879,KJ Cochran,Santa Clara,16.397058823529417,5,4.70066495141191,0.4154768313145896,11.397058823529417,34
5147928,Thierry Darlan,Santa Clara,17.991176470588236,15,-0.818186721989783,-1.208941986508335,2.991176470588236,34
5254323,Cam Hutson,Saint Louis,19.123529411764707,15,-16.480117175619103,-11.93406005176107,4.123529411764707,17
5236225,Jax Kerr,Saint Louis,20.052941176470586,25,-10.626987491395308,-12.684890853776196,-4.947058823529414,17
5314854,Jordan Gabriel,Marist,21.045833333333334,5,0.7036123709297207,-6.390546624046554,16.045833333333334,24
5279252,Myles Parker,Marist,16.553333333333335,15,1.5403116989665036,-2.0236468921401984,1.5533333333333346,30
5226072,Kelvin Odih,St. John's,17.369999999999997,15,8.009416822231573,-5.23655790056605,2.3699999999999974,10
5313508,Elijah Kelly,Longwood,9.675,5,0.9636218518620633,-0.9553297680382661,4.675000000000001,28
5313511,Jaylin Payne,Longwood,11.426923076923078,15,-5.301821360837704,-7.74191524770644,-3.573076923076922,26
5315598,Kenyon Aguino,Montana,17.566666666666666,15,0.6674520724061355,0.1402752813793938,2.5666666666666664,30
5237300,Omari Witherspoon,Pittsburgh,20.521212121212123,15,-2.5066134509013707,-3.5589749853629074,5.521212121212123,33
5312287,Kieran Mullen,Pittsburgh,7.5699999999999985,5,-0.24465252033174675,-4.5067329312887825,2.5699999999999985,20
5312288,Roman Siulepa,Pittsburgh,21.10909090909091,25,5.2833911981232955,0.8332344115568737,-3.8909090909090907,33
5196882,Macari Moore,Pittsburgh,15.98181818181818,5,1.8290089056590084,-7.508973892867693,10.98181818181818,22
5101832,Jaion Pitt,Pacific,11.106451612903227,25,8.89405293886837,3.6827353180913565,-13.893548387096773,31
5312390,Royal Blue Smith,Arkansas St.,20.396,5,8.898046518848888,-5.380761996757018,15.396,25
5312387,Christian Harmon,Arkansas St.,21.623333333333335,25,6.721537232674673,1.4636734682461605,-3.376666666666665,30
5312391,Fredy-Salam Sylla,Arkansas St.,17.75625,15,-7.665462121432183,-11.985960288176088,2.7562500000000014,16
5315084,Davante Hackett,Stonehill,24.625806451612902,35,7.314883726629257,0.11227783096022902,-10.374193548387098,31
5315086,Cory Lovell,Stonehill,6.133333333333334,15,-4.742927779422128,-6.096232532708744,-8.866666666666667,9
5315083,Trenton Ruth,Stonehill,21.6,5,-10.428486205045076,-14.703734633654888,16.6,30
5311857,Dom Aekins,Duquesne,20.533333333333335,15,9.276322595654166,-11.502721477873067,5.533333333333335,12
5311860,Lazar Milosevic,Duquesne,13.854545454545452,15,-7.870529736277171,-5.32168234157487,-1.1454545454545482,11
5196931,Jordan Scott,Michigan St.,14.977142857142859,15,5.389044619459753,3.090448247514181,-0.022857142857141355,35
5101798,Cameron Ward,Michigan St.,16.829411764705885,15,3.686737419013154,-0.06520440712857908,1.8294117647058847,34
5182601,Tre Beard,Cleveland St.,17.946428571428573,25,5.5817467296137515,0.3768001825374104,-7.053571428571427,28
5313174,David Giddens,Cleveland St.,14.836842105263159,15,-6.595752666618215,-9.20521797044603,-0.16315789473684106,19
5313177,Ivan Spirov,Cleveland St.,16.528571428571432,15,-11.208031858203176,-20.020395577992286,1.528571428571432,14
198693,Kevo St.Hilaire,Cleveland St.,14.424999999999999,15,3.220779502248247,-8.650463947553884,-0.5750000000000011,12
5221332,Christian Jeffrey,Villanova,14.668181818181823,5,6.807613901020034,4.472200101288096,9.668181818181823,22
5311759,Chandler Bing,Vanderbilt,14.572222222222223,5,2.7502525291181352,0.592980313749598,9.572222222222223,36
5254169,Jayden Leverett,Vanderbilt,10.707692307692307,15,11.611528738333956,4.159044750982632,-4.292307692307693,26
5314718,Dante Censori-Hercules,Portland,8.438709677419356,15,0.21647038758928555,-1.537192072367842,-6.5612903225806445,31
5314722,Joel Foxwell,Portland,26.806250000000002,25,1.9646153932334887,0.9713734602137954,1.8062500000000021,32
5314717,Timo George,Portland,24.192307692307693,25,4.548082601760013,4.434353501575142,-0.8076923076923066,13
5314720,Garrett Nuckolls,Portland,18.440625,15,-2.643961633165678,-4.360830709386827,3.4406250000000007,32
5314723,Cameron Williams,Portland,20.162068965517243,15,-3.850961104020424,-4.011139099868413,5.162068965517243,29
5313722,Yuval Levin,Purdue Fort Wayne,18.189655172413794,15,4.187644164613835,-5.441792091309007,3.1896551724137936,29
5313721,EJ Mosley,Purdue Fort Wayne,13.072413793103445,5,-4.195355341455762,-7.6052383536428305,8.072413793103445,29
5237434,Ian Inman,Colorado,19.063636363636366,15,5.292118280630749,-5.368028471025681,4.063636363636366,22
5254159,Isaiah Johnson,Colorado,23.646875,35,8.135913927673803,6.9789059278386585,-11.353124999999999,32
5311912,Alon Michaeli,Colorado,22.651612903225804,25,0.8749104463068708,-2.9719510358679995,-2.3483870967741964,31
5237444,Josiah Sanders,Colorado,16.915151515151518,15,-0.36393081436845054,-3.0066153108487197,1.9151515151515177,33
5152729,Jalin Holland,Colorado,18.129032258064512,5,0.8975756152524882,-3.0814506587064883,13.129032258064512,31
5311913,"Fawaz ""Tacko"" Ifaola",Colorado,8.12,5,-0.873976697661632,-3.630355188979851,3.119999999999999,20
5101788,Hudson Greer,Creighton,16.031818181818178,25,0.754617142561504,-2.5944000414167694,-8.968181818181822,22
5311955,Kerem Konan,Creighton,20.40333333333333,25,11.045349609436185,1.3242083106879206,-4.596666666666671,30
5314853,Cale Barclay,Southern Utah,18.178571428571427,25,-7.311640202367238,-9.12550717332807,-6.821428571428573,28
5314849,Elijah Duval,Southern Utah,35.06206896551724,35,-2.6852410964158673,-2.770874479217537,0.06206896551724128,29
5314859,Kaia Isaac,Tarleton St.,12.74642857142857,15,-3.697437166370827,-4.064745760139674,-2.25357142857143,28
5144089,Leroy Kelly IV,Tarleton St.,13.583333333333336,15,-0.9269684583836698,-2.2313103051061245,-1.4166666666666643,18
5314858,DJ Dormu,Tarleton St.,20.565,15,-4.9796751227234575,-7.493132597237728,5.565000000000001,20
5314860,Damion Porter Jr.,Tarleton St.,13.866666666666667,15,-15.080301178524486,-11.985572173138266,-1.1333333333333329,12
5314857,Cam Thomas,Tarleton St.,15.363636363636363,5,-5.404243043848684,-10.859000585595908,10.363636363636363,11
5254173,Bodey Howell,Rice,12.408695652173913,25,-8.155316794208533,-9.845329429624575,-12.591304347826087,23
5312069,Eternity Eguagie,Rice,17.400000000000002,25,-1.5364697385655381,-5.4212527699934885,-7.599999999999998,29
5144088,Cam Carroll,Rice,18.820689655172412,25,-0.0951421466591149,-5.6919914271065375,-6.179310344827588,29
5312345,Kaden Rickard,Kennesaw St.,19.203125,25,-1.5785252622113861,-2.8363107271185637,-5.796875,32
5144092,Jordan Lowery,UT Arlington,17.51,25,-1.119892993155862,-3.101537981610607,-7.489999999999998,30
5312350,Trey Simpson,Kennesaw St.,15.037500000000001,15,0.8369934953927641,-1.1722290396989279,0.03750000000000142,32
5314870,Bahsil Laster,UT Arlington,22.183333333333334,15,0.07839146210861674,-2.5891849689599966,7.183333333333334,30
5312344,Darius Washington III,Kennesaw St.,16.095238095238095,15,-4.292454932578873,-7.590309841046863,1.095238095238095,21
5314871,Jayden Smoot,UT Arlington,13.385714285714286,25,-2.2888076525398855,-4.82236699928428,-11.614285714285714,21
5196935,Amari Reed,UT Arlington,16.028571428571432,25,1.5647123961624954,-4.041273767910323,-8.971428571428568,28
5312348,Amir Taylor,Kennesaw St.,17.259999999999998,25,3.1561618641891207,-0.638409417479392,-7.740000000000002,30
5312041,Jarne Elouna Eyenga,Charlotte,12.895833333333334,5,-3.106987073518539,-5.987939095432583,7.895833333333334,24
5314360,Brian Griffith,Niagara,30.03333333333333,25,-5.270735617887326,-7.364977082003382,5.033333333333331,24
5314361,Drew Larson,Niagara,17.428571428571427,15,1.00165603424084,-3.473998603319204,2.428571428571427,21
5144105,Acaden Lewis,Villanova,24.957575757575757,25,5.6288601134474545,4.402978799495832,-0.04242424242424292,33
5313086,Keziah Ekissi,Oregon St.,18.77777777777778,25,-0.918885545764903,-4.357685681642194,-6.222222222222221,27
5313087,Matija Samar,Oregon St.,20.067857142857143,15,-2.3696242350793613,-6.05931403821917,5.067857142857143,28
5313088,Olavi Suutela,Oregon St.,15.327272727272728,25,-1.5563760049121584,-3.8705770538553947,-9.672727272727272,33
5254171,Jaylen Lawal,Tulsa,25.422222222222224,35,5.739370658112848,0.9626314637032247,-9.577777777777776,36
5313566,Ade Popoola,Tulsa,16.577777777777776,25,7.204789739326068,3.4952590510561667,-8.422222222222224,36
5254174,KJ Martin Jr.,Tulsa,11.941666666666668,5,12.318383812135046,0.210700303026219,6.941666666666668,36
5314575,Landon King,UNC Greensboro,16.794444444444444,5,-10.577900552884378,-4.047925317912689,11.794444444444444,18
5314569,Assane Mandian,UNC Greensboro,17.19090909090909,15,0.21711446338171073,-12.687051407046159,2.1909090909090914,22
5314576,Lilian Marville,UNC Greensboro,17.31,25,-2.647112392595452,-3.640290999674349,-7.690000000000001,30
5314570,Noah Norgaard,UNC Greensboro,16.7625,15,-4.524780675723987,-5.779904471535314,1.7624999999999993,32
5314574,KJ Younger,UNC Greensboro,24.671875,25,0.0014288312481278286,-0.9377939610419211,-0.328125,32
5314571,Chane Bynum,UNC Greensboro,19.523076923076925,35,-25.612229059490232,-13.891822150225266,-15.476923076923075,13
5314168,TJ Robinson,Saint Peter's,31.415384615384614,35,-3.372941343820645,-5.021485594063124,-3.584615384615386,26
5314169,Jahki Gupton,Saint Peter's,19.928571428571423,25,-4.32226883467012,-5.0068722366594285,-5.0714285714285765,28
5314170,Bol Agu,Saint Peter's,14.285,15,2.0034287611511052,-1.855847735699721,-0.7149999999999999,20
5312042,Raúl Villar,Charlotte,22.409375,5,1.5764590502435174,-9.098193214170474,17.409375,32
5311884,Ilia Ermakov,St. Bonaventure,21.95,15,-2.8772031148965267,-11.357258939176187,6.949999999999999,8
5311888,Joseph Grahovac,St. Bonaventure,11.466666666666667,15,3.3688724215894834,0.36012990488669644,-3.533333333333333,33
5311886,Achille Lonati,St. Bonaventure,14.546428571428574,5,-0.46837142155126055,-6.765743914134823,9.546428571428574,28
5311889,Andrew Osasuyi,St. Bonaventure,16.2125,15,3.9088454483123503,-2.754353804745001,1.2124999999999986,32
5313291,Edwin Suarez Jr.,Weber St.,25.183333333333334,25,0.7515508870975697,-1.3939399720542918,0.18333333333333357,30
5313294,Duce Paschal,Weber St.,15.67241379310345,25,0.1281003533044997,-5.740037952216861,-9.32758620689655,29
5313295,ArDarius Grayson,Weber St.,19.200000000000003,5,0.53556041934951,-6.021337826527096,14.200000000000003,29
5312338,Eric Dibami,FIU,17.825,15,0.2872671062440667,-0.36508522943645366,2.8249999999999993,28
5312336,Thiago Sucatzky,FIU,18.49310344827586,15,-1.7503590126827115,-7.830178245350601,3.4931034482758605,29
5313542,Myles Mayfield,UNC Asheville,11.324137931034485,5,-4.744885310266504,-5.324195503086586,6.324137931034485,29
5314541,Mouhamed Mbaye,UTEP,6.142857142857143,5,-5.115413550496692,-5.301457538533586,1.1428571428571432,21
5254337,Bobby Montgomery Jr.,UTEP,14.053846153846154,15,-16.439701819082323,-14.626969749723658,-0.9461538461538463,13
5314625,Rontavious Blackshear,Youngstown St.,21.007407407407406,15,-2.5886127257061258,-7.7317161094234494,6.007407407407406,27
5314622,Jaiden Haynes,Youngstown St.,13.436842105263157,5,-4.09772911431475,-5.879010235393569,8.436842105263157,19
4708533,Tyler Robinett,Youngstown St.,13.879999999999999,15,-8.740849791685456,-11.086647192931931,-1.120000000000001,10
5101782,Melvin Bell Jr.,San Jose St.,15.521875,25,0.5583890340973467,-4.292079757792517,-9.478125,32
5313931,Japhet Moupadele,San Jose St.,16.804545454545455,5,-5.242565569756628,-10.696251077282156,11.804545454545455,22
5248295,Douglas Langford,San Jose St.,11.784615384615384,15,-1.7736978800413403,-6.6136975490049545,-3.2153846153846164,26
5313690,Jax Abalos,Cornell,11.680000000000001,15,19.045636715862347,4.943525606304474,-3.3199999999999985,10
5313688,DaMaryon Fishburn,Cornell,13.121052631578948,15,-0.06665259280104259,-6.410965539922666,-1.878947368421052,19
5314202,Carlos Coronado Jr.,Northern Illinois,25.11111111111111,15,-3.645485112816491,-15.641018264418099,10.11111111111111,18
5314203,Taj Walters,Northern Illinois,15.22962962962963,5,-0.8147407005195623,-4.125592924828409,10.22962962962963,27
5314204,Hassan Washington,Northern Illinois,19.096428571428568,5,-5.8162583260579375,-10.405728157562821,14.096428571428568,28
5314205,Ladji Kante,Northern Illinois,19.006666666666668,15,-1.8048713749253251,-9.084606258984362,4.006666666666668,15
5314206,Isaiah Stewart,Northern Illinois,4.5,5,-1.050662004237991,-1.4943771118731062,-0.5,11
5314208,Dylan Ducommun,Northern Illinois,24.219999999999995,35,-6.1275027699756315,-6.645891727218355,-10.780000000000005,25
5314209,Gustav Winther,Northern Illinois,17.992857142857144,25,-2.2390923601528887,-3.0025824409538133,-7.007142857142856,28
5313373,Kyle Waltz,Miami OH,10.894444444444444,5,-0.15675946469444954,-5.0908466653288045,5.894444444444444,18
5313370,Justin Kirby,Miami OH,15.404761904761902,25,6.072778882988954,0.9840547232220196,-9.595238095238098,21
5313368,Trey Perry,Miami OH,18.55517241379311,15,-0.765406477908696,-4.648754692365757,3.555172413793109,29
5313371,Tyler Robbins,Miami OH,16.629166666666666,15,7.8643329907918424,-2.318594022414115,1.6291666666666664,24
5313529,Coen Collier,USC Upstate,10.233333333333334,15,-2.342232324655341,-4.2197981593527265,-4.766666666666666,27
5313530,Mason Bendinger,USC Upstate,26.055172413793105,35,-3.9398108511182173,-5.335450352857808,-8.944827586206895,29
5313527,Tyler Smith,USC Upstate,15.642857142857142,25,-2.1583399590560153,-5.545698772099151,-9.357142857142858,28
5312300,Fabian Flores,DePaul,11.85357142857143,5,5.771851799240628,4.570724462849996,6.8535714285714295,28
5313531,Jafeth Martinez,USC Upstate,11.985714285714284,25,3.617811760587139,-2.1307563752211207,-13.014285714285716,28
5254161,Kruz McClure,DePaul,18.521428571428572,25,-3.3755425808896375,-4.777206944253207,-6.478571428571428,28
5312299,Ilija Milijasevic,DePaul,13.15,15,8.8005738119145,-1.6393450018203912,-1.8499999999999996,16
5315573,DJ Stickman,Fresno St.,13.449999999999998,15,2.2859997507672243,-0.036196578196734254,-1.5500000000000025,20
5315574,Aram Soqui Urbano,Fresno St.,17.864285714285717,5,-6.0884334782640215,-2.858940630379815,12.864285714285717,14
5315575,Gasper Kocevar,Fresno St.,12.892000000000001,5,-0.25914167872533156,-0.4349341086958814,7.892000000000001,25
5315576,Wilson Jacques,Fresno St.,18.745161290322578,15,0.7547181833593717,0.4959217703159986,3.745161290322578,31
5315577,Matteo Porto,Fresno St.,21.338461538461537,15,-5.866897110901358,-20.37621719508453,6.338461538461537,13
5315578,Bastien Rieber,Fresno St.,15.454838709677418,5,-2.421664268785595,-6.966965397696415,10.454838709677418,31
5315579,DeShawn Gory,Fresno St.,23.183870967741935,35,7.27865695859487,2.2311490675881833,-11.816129032258065,31
5254340,Uriah Tenette,New Mexico,19.07142857142857,25,6.043804592780284,3.7395422379716785,-5.928571428571431,35
5315585,Tomislav Buljan,New Mexico,26.151428571428575,35,10.713388014347144,4.948468744518996,-8.848571428571425,35
5254338,Jake Hall,New Mexico,19.61111111111111,25,6.977443911072538,5.586033892970356,-5.388888888888889,36
5315586,Timeo Pons,New Mexico,24.05,35,18.069753153803376,-5.09821735127865,-10.95,12
5312018,Ege Demir,Oregon,15.073684210526315,5,1.7331577516589238,-4.39102782201456,10.073684210526315,19
5312019,Wei Lin,Oregon,22.76666666666667,15,-3.5649831133287333,-4.934389885152254,7.766666666666669,30
5313953,Eli Greenberg,Le Moyne,13.856666666666667,25,-6.905147368205922,-9.324484849231915,-11.143333333333333,30
5313954,Josiah Lee,Le Moyne,9.180000000000001,15,-8.383219446958663,-11.304992568830109,-5.8199999999999985,15
5313955,Samuel Hincapie,Le Moyne,17.3,5,-4.364465916588656,-7.1142198221380415,12.3,30
5314813,Isaac Hawkins,Utah Valley,19.55483870967742,25,7.024952956787473,3.772739279075892,-5.445161290322581,31
5312006,Jason Scott,Cal Poly,12.571428571428571,15,3.9367852915237833,5.93415984231384,-2.428571428571429,7
5312007,Jess Esso Essis,Cal Poly,20.08571428571429,25,-0.9810808570462393,2.3102330200278662,-4.914285714285711,7
5312009,Jake Davis,Cal Poly,15.443333333333333,5,1.8152850978887187,-2.0898483640539185,10.443333333333333,30
5312010,Ali Assran,Cal Poly,17.148275862068967,5,1.8107536341436774,-5.015592720845294,12.148275862068967,29
5313001,Cyril Franklin Jr.,UC Davis,18.1,15,-2.6154791309012544,-16.948277696637156,3.1000000000000014,18
5314564,Peter Hemschemeier,Southeastern Louisiana,22.37037037037037,25,-5.189959786108156,-8.85575063060054,-2.6296296296296298,27
5314567,Garrett Shoemaker,Southeastern Louisiana,15.900000000000002,5,7.73195063546424,-8.992634015773962,10.900000000000002,23
5312011,Austin Goode,Cal Poly,15.266666666666667,25,1.6605263200716684,-3.1256349460311075,-9.733333333333333,30
5312012,Troy Plumtree,Cal Poly,17.435714285714287,5,-1.419833439231413,-4.620269421083487,12.435714285714287,28
5313239,Chris Komin,Northern Arizona,15.192857142857141,15,1.5971176785411547,-2.0582590311550804,0.19285714285714128,28
5313240,Brennan Peterson,Northern Arizona,15.379310344827589,5,-2.013326302682958,-9.247221522767822,10.379310344827589,29
5313241,Erez Poran,Northern Arizona,13.7,15,-10.469674910831314,-13.269173095454596,-1.3000000000000007,10
5313917,Ethan Croley,Nevada,17.006249999999998,25,2.5019654726651273,-5.424263565455065,-7.993750000000002,16
5119063,Kaleb Lowery,Nevada,12.475000000000001,25,3.9998909718745694,1.647199025369258,-12.524999999999999,36
5313915,Peyton White,Nevada,15.591666666666669,15,-2.996026281882836,-3.3235329544524057,0.5916666666666686,36
5313914,Vaughn Weems,Nevada,17.811764705882354,25,7.340257508524345,4.002179069732967,-7.188235294117646,34
5313913,Myles Walker,Nevada,11.878125,5,4.9124475276441855,-2.695161464734168,6.878125000000001,32
5314352,Damon Howard Jr,Tennessee St.,16.6,25,4.6443692730440285,-0.9114274386819383,-8.399999999999999,18
5314353,Jabrion Spikes,Tennessee St.,13.153571428571427,15,-4.751576222235745,-7.6995522272171275,-1.8464285714285733,28
5311760,Anthony Isaac,Manhattan,22.412903225806453,35,2.2476003300338365,-2.6838443178506703,-12.587096774193547,31
5311763,Quron Elliott,Manhattan,14.531034482758624,25,-3.2116408214492416,-6.053624021517818,-10.468965517241376,29
200289,Asier Miguel Torrero,Manhattan,14.8125,25,-0.7266106983484022,-11.285086394016458,-10.1875,8
5314778,Trevian Carson,North Dakota St.,19.44375,15,4.579151893686559,4.299028318603868,4.443750000000001,32
5314779,Riley Massey,North Dakota St.,8.176666666666666,5,-1.003302958402373,-3.5244400769321893,3.176666666666666,30
5314771,Patrick Punch,Mississippi Valley St.,18.53448275862069,15,-6.563251374158196,-8.78064825902225,3.5344827586206904,29
5118089,Delkedric Holmes,Mississippi Valley St.,18.362499999999997,15,-12.388378751432452,-13.187103600143976,3.362499999999997,16
5191584,Lamont Sams,Mississippi Valley St.,16.516666666666666,15,-4.440324892392814,-5.892690282803832,1.5166666666666657,18
5314772,Chance Sutton,Mississippi Valley St.,9.432142857142859,5,-9.8692340756094,-11.399885202420064,4.432142857142859,28
5314773,Michael James,Mississippi Valley St.,28.74516129032258,35,3.133677494628962,0.3094684410983396,-6.2548387096774185,31
5314774,Tyrone Iroghama,Mississippi Valley St.,16.54285714285714,5,-9.963697399061656,-12.414932419811569,11.542857142857141,28
5314777,X’Zaevion Barnett,Mississippi Valley St.,14.040740740740743,5,-7.377951631165687,-8.289995765393867,9.040740740740743,27
5311501,Abdullahi Bashir,Auburn,12.533333333333333,15,-19.33759469814318,-12.383453149564232,-2.466666666666667,6
5101808,Kaden Magwood,Auburn,19.380000000000003,15,1.4964524752462307,-1.959825438354104,4.380000000000003,20
5311506,Filip Jovic,Auburn,15.478378378378377,25,5.902682233501996,1.0570696106924362,-9.521621621621623,37
5223184,Simon Walker,Auburn,9.738461538461538,15,14.362501795714588,-0.8655998825481693,-5.261538461538462,13
5095154,Sebastian Williams-Adams,Auburn,14.28157894736842,25,9.062493847503687,3.302667366119958,-10.71842105263158,38
5311503,Emeka Opurum,Auburn,9.916666666666666,15,10.608269756683418,3.720313123378844,-5.083333333333334,6
5313440,Milhan Charles,Arkansas Pine Bluff,16.81,25,-1.1220313600560565,-3.1301856939912316,-8.190000000000001,30
5314505,Caleb Thomas,Lehigh,15.709523809523809,15,-7.107615081045764,-10.252802085187536,0.7095238095238088,21
5314503,Andrew Urosevic,Lehigh,18.681481481481484,25,-2.9457385161889302,-6.691792079551315,-6.318518518518516,27
5314506,Jalen Vazquez,Lehigh,13.683333333333334,5,-1.8293511877096518,-5.815551694015953,8.683333333333334,30
5292602,Najai Hines,Seton Hall,17.425806451612903,15,8.621470570580104,6.09394292997136,2.425806451612903,31
5314550,Marcos Gonzales,The Citadel,22.192307692307693,25,-10.434658210082254,-12.184861756560037,-2.8076923076923066,26
5314556,Cassius Bonjasky,The Citadel,21.91875,35,10.970474151010961,-11.265505443059162,-13.08125,16
5311832,David Mirkovic,Illinois,23.389189189189192,35,16.61365532929845,8.138326254510504,-11.610810810810808,37
5311833,Brandon Lee,Illinois,16.188888888888886,35,0.14186876853572125,-10.786107245391834,-18.811111111111114,18
5311834,Blake Fagbemi,Illinois,7.754545454545454,5,15.050733138762872,-2.196944195800638,2.754545454545454,11
5311903,Massamba Diop,Arizona St.,21.366666666666664,15,6.218502774913903,4.78480154336636,6.366666666666664,33
5311900,Andrija Grbovic,Arizona St.,15.318181818181818,5,3.9310746213736563,0.27064348758374296,10.318181818181818,33
5311835,Mihailo Petrovic,Illinois,22.705263157894738,15,2.341160967180931,-8.292792092573428,7.705263157894738,19
5189257,Anthony Johnson,Arizona St.,26.87575757575758,25,3.862957639064268,3.437969990965746,1.8757575757575786,33
5313846,James Dyson-Merwe,Evansville,15.626315789473686,15,-5.231081186641583,-9.294373590512345,0.6263157894736864,19
5254165,Keaton Wagler,Illinois,25.97027027027027,35,12.07556017121764,10.814098938544669,-9.02972972972973,37
5311901,Noah Meeusen,Arizona St.,12.556666666666668,5,6.600486658597038,2.7919046649671366,7.556666666666668,30
5313847,Leif Moeller,Evansville,22.18333333333333,25,0.20257900465502926,-3.1870155032785537,-2.81666666666667,30
5313845,Bryce Quinet,Evansville,20.59666666666667,25,-3.6229748267836013,-6.03150182355133,-4.403333333333329,30
5312171,Mujahiid Burton,North Carolina A&T,20.70555555555556,5,0.9191725944855028,-13.46425990995016,15.70555555555556,18
5312174,Dwayne Pierce,North Carolina A&T,21.54782608695652,15,-6.286742662977653,-5.12585949373647,6.547826086956519,23
5312172,Brooklyn Vick,North Carolina A&T,16.147058823529413,25,-2.144307120449257,-8.14666248700768,-8.852941176470587,17
5313655,Matheo Coffi,UTSA,11.342857142857143,5,-3.6959016175758004,-6.163257873481981,6.342857142857143,28
5221325,Dorian Hayes,UTSA,15.695833333333333,5,-4.673430507472388,-6.314918286518612,10.695833333333333,24
5313654,Brent Moss,UTSA,18.274074074074072,25,2.084702481167795,-1.6936026107837534,-6.725925925925928,27
5101826,Kaidon Rayfield,UTSA,18.1375,15,-0.44897283057077314,-4.88681598684825,3.1374999999999993,24
5313503,Caden Miller,High Point,12.291304347826088,15,1.9384767879461735,-3.4374354918719408,-2.708695652173912,23
5313144,Jaden Kempson,Albany,21.08095238095238,15,-2.2852513532730345,-4.423177940921595,6.080952380952379,21
5313145,Abdoulaye Fall,Albany,17.37142857142857,15,-2.871778628720121,-6.173148284779215,2.37142857142857,7
5311752,Alliou Fall,Iona,12.538709677419357,15,-4.3623466107355595,-5.274047886806619,-2.461290322580643,31
5314593,Gediminas Alisas,Stephen F. Austin,16.896875,15,4.5938310959521464,0.42728394254552304,1.8968750000000014,32
5314591,Lateef Patrick Jr,Stephen F. Austin,26.80625,35,2.0449977442971408,0.16280404919985259,-8.193750000000001,32
5314586,Marcus Scurry,Stephen F. Austin,16.95,5,7.632630831017281,-8.77581250443206,11.95,26
5314592,Eltramon Smith Jr.,Stephen F. Austin,19.08666666666667,15,-10.167841509140349,-14.093566599634034,4.08666666666667,15
5144110,Jordan Watford,Queens,27.66176470588235,35,5.614482921198882,2.436407091745343,-7.3382352941176485,34
5196932,Isaiah Henry,Queens,16.476000000000003,5,0.3329834990214143,-6.741430663222783,11.476000000000003,25
5314491,Kam Clark,Queens,17.192307692307693,35,25.59296676014578,-6.492703607281809,-17.807692307692307,26
5313093,Christian Brown,James Madison,14.6875,15,-2.6815822392664237,-3.8990779247164085,-0.3125,32
5313282,Addison Archer,Northern Kentucky,8.261111111111113,5,3.3361437573692405,-4.895807009153881,3.261111111111113,18
5313109,Bashir N'Galang,Maine,24.675,35,8.604223732918667,-5.281295917754416,-10.325,20
4901934,Tae Dozier,Northern Kentucky,13.761290322580646,15,3.529908554696673,3.2772388843020073,-1.2387096774193544,31
5313281,Ethan Elliott,Northern Kentucky,14.53448275862069,5,-3.705409259015025,-5.725720378426428,9.53448275862069,29
5093143,Ace Flagg,Maine,17.84516129032258,25,-1.5176954540824916,-3.8887681629033723,-7.154838709677421,31
5313095,Kose Egbule,James Madison,18.331818181818186,5,-2.155158194753764,-9.574295835907678,13.331818181818186,22
5313279,Ryan Tolliver,Northern Kentucky,8.589473684210526,15,-0.8082788475343076,-5.684685217154999,-6.410526315789474,19
5313096,Preston Fowler,James Madison,13.728125,25,1.9228564238715353,-0.9257393600058578,-11.271875,32
5314366,C.J. McPherson,Tennessee Tech,15.969565217391304,25,-1.9789136091567499,-4.73400704453473,-9.030434782608696,23
5314364,Ty Owens,Tennessee Tech,18.064285714285713,25,-3.8690653798142627,-5.511843810030606,-6.935714285714287,28
5314326,Jon Carroll,Morehead St.,20.543333333333333,25,3.900199785221575,-2.0668999829532537,-4.456666666666667,30
5314363,Jah'Kim Payne,Tennessee Tech,16.361904761904764,15,-4.7159235481574155,-7.983323289187679,1.3619047619047642,21
5314327,Vince Dawson III,Morehead St.,9.393333333333334,5,-1.6951390002646276,-4.641597247672498,4.393333333333334,30
5314367,Owen Varnado,Tennessee Tech,16.508333333333336,5,-6.85828275270369,-18.278783874206965,11.508333333333336,12
5313098,Gabe Newhof,James Madison,19.496875,25,-0.05279215321320948,-1.8161815941277033,-5.503125000000001,32
5314362,Jacobe Whitted,Tennessee Tech,16.11363636363636,15,-1.0582229686769893,-7.3406821565548945,1.1136363636363598,22
5314330,Clayton Parker,Morehead St.,13.316666666666668,15,-7.02802246379031,-7.529450450034599,-1.6833333333333318,18
5185444,Spencer Ahrens,Boise St.,20.300000000000004,5,4.028078332101026,-3.451567714937194,15.300000000000004,30
5312322,Jaquan Womack,Towson,21.77,35,0.9406117123863389,-1.2498758677523276,-13.23,30
5314337,Yakhya Diop,Mount St. Mary's,14.558064516129031,15,-4.5260593415170485,-6.823943449646208,-0.44193548387096904,31
5314751,Vince Buzelis,South Dakota,15.581818181818182,25,-1.3478585456090928,-4.708369886322291,-9.418181818181818,22
5314750,Uzziah Buntyn,South Dakota,22.225,15,-1.2049101373368258,-1.8277503227833132,7.225000000000001,28
202101,Jesse Mcintosh,South Dakota,20.56111111111111,15,0.24640598674968012,-3.0390262017502008,5.56111111111111,18
5313903,Bhan Buom,Boise St.,19.70952380952381,5,20.571849626431113,-10.599500924505627,14.709523809523809,21
5313514,JD Bowden,Presbyterian,17.387999999999998,25,-4.615113583700032,-15.693632049076077,-7.612000000000002,25
5313515,Amare Anderson,Presbyterian,10.657894736842104,35,-11.884229825368278,-12.07526466518795,-24.342105263157897,19
5313902,Aginaldo Neto,Boise St.,16.47666666666667,25,1.0787767631200162,-4.8787669129155615,-8.52333333333333,30
5313326,Dezmon Briscoe,Kent St.,13.889285714285716,5,4.67981047379667,-9.103076626540131,8.889285714285716,28
5313324,Quinn Woidke,Kent St.,18.5125,25,6.841083882930005,2.9371179173130475,-6.487500000000001,32
5313328,Omer Hamama,Kent St.,16.342857142857145,15,2.217081018534915,-9.871996079175402,1.3428571428571452,21
5313189,Riley Jacobs,UMBC,18.47333333333334,15,-2.311603935749826,-3.7944517275531364,3.47333333333334,30
5313153,Victor Okojie,UMass Lowell,15.307407407407409,25,-2.570509851138093,-6.655905818542056,-9.692592592592591,27
5313152,Xavier Spencer,UMass Lowell,18.62333333333333,25,-1.055973675027922,-1.6132176176322905,-6.376666666666669,30
5313154,JJ Massaquoi,UMass Lowell,25.11851851851852,25,-4.522584934832865,-7.390819420367258,0.11851851851852047,27
5241724,Jacobe Coleman,Sam Houston St.,17.006666666666668,15,0.12333818916042398,-0.8131021663945217,2.0066666666666677,30
5117648,Kashie Natt,Sam Houston St.,20.251612903225805,25,10.620078088898621,7.027255947144942,-4.748387096774195,31
5314534,Matt Dann,Sam Houston St.,9.839285714285714,5,7.143349697651252,0.6100534682364389,4.8392857142857135,28
5314535,Jacob Walker,Sam Houston St.,21.1,25,-0.4917579794436204,-1.7260263299516678,-3.8999999999999986,31
5313181,Je'kel Cotton,Detroit Mercy,15.053846153846155,15,-2.8542194567067725,-7.876778298577656,0.05384615384615543,26
5313182,Keshawn Fisher,Detroit Mercy,26.783333333333328,25,-2.9547751635744954,-12.866163142231647,1.7833333333333279,18
5313183,Xavier Istomin-Monroe,Detroit Mercy,13.129411764705882,5,0.3282996903491331,-9.794875888158332,8.129411764705882,17
5215269,Lance Stone,Detroit Mercy,19.206666666666667,15,-5.691541314047711,-6.160472253177216,4.206666666666667,30
5313112,Alton Hamilton IV,Eastern Washington,23.534375,25,6.444005666560285,3.019048177035813,-1.4656249999999993,32
4708534,Johnny Radford,Eastern Washington,16.53125,15,0.3577066817922475,-1.4034827684974838,1.53125,32
5313111,Straton Rogers,Eastern Washington,12.225000000000001,15,0.1710646739189817,-0.06902457559297348,-2.7749999999999986,32
5313110,Cole Scherer,Eastern Washington,14.42857142857143,15,0.5091261271141173,-6.958438280286752,-0.5714285714285694,28
5311530,Ruben Dominguez,Texas A&M,15.667647058823531,15,5.288693067726087,4.0745129021949165,0.6676470588235315,34
5041941,Jeremiah Green,Texas A&M,10.65,15,-6.943617311680924,-7.502453404964306,-4.35,8
5101833,Amari Allen,Alabama,19.346875,15,8.668955144114014,6.325169057802631,4.346875000000001,32
5312057,Yohann Sissoko,Florida Atlantic,16.836,25,-0.722245737916459,-4.519646323752031,-8.164000000000001,25
5101805,Davion Hannah,Alabama,13.25,15,-0.01920638699645094,-0.5068539217681096,-1.75,10
5312060,Josiah Parker,Florida Atlantic,22.966666666666665,25,0.8212571380559149,0.751983963062502,-2.033333333333335,30
5144139,London Jemison,Alabama,16.54848484848485,25,4.880160904959769,1.8626038352197614,-8.45151515151515,33
5312059,Vincent Neugebauer,Florida Atlantic,11.469230769230766,15,3.011684910541593,-2.194291613097815,-3.530769230769234,13
5312061,Xander Pintelon,Florida Atlantic,15.567741935483872,5,1.30104356542988,-1.7841456891280754,10.567741935483872,31
5313374,Simon Majok,Memphis,14.027999999999999,15,0.038645738725800884,-5.12416241772582,-0.9720000000000013,25
5236223,Tyrin Jones,UNLV,20.580645161290327,15,7.7038354412639505,4.7190942710891095,5.580645161290327,31
5313939,Issac Williamson,UNLV,19.478125,25,-2.7492625998208884,-4.1668088658179325,-5.521875000000001,32
5313940,Jalen Cunningham,UNLV,13.15,5,-9.394250731544092,12.449470725898172,8.15,6
5313941,Walter Brown,UNLV,10.639393939393939,5,-1.1234211542454604,-1.1972517604676773,5.639393939393939,33
5101848,Ashton Magee,Southern,12.98214285714286,15,-6.793302722981835,-8.593351072042621,-2.0178571428571406,28
5314838,Fazl Oshodi,Southern,16.04516129032258,5,-0.99674412897436,-2.205009362492981,11.045161290322579,31
5316047,Thomas Bassong,Florida St.,16.815151515151516,15,0.061889805736460746,-2.135263011670925,1.8151515151515163,33
5316046,Cam Miles,Florida St.,22.916,35,2.238619552580554,-0.8910116607645366,-12.084,25
5313633,Tyler Jackson,Eastern Kentucky,25.829411764705885,25,0.23134227433386848,-2.9793117923291685,0.8294117647058847,17
5313634,MJ Williams,Eastern Kentucky,25.843333333333337,25,-0.6052696940311552,-2.643234394554753,0.8433333333333373,30
5313554,King-Njhsanni Wilhite,Lamar,17.144444444444442,25,-1.5213980183797884,-6.1697609048879585,-7.855555555555558,27
5313555,Eian Lowe,Lamar,17.396551724137932,15,-3.0354915443209687,-4.230876428501963,2.3965517241379324,29
5313557,Spencer Ezewiro,Lamar,9.305555555555555,5,2.8510283240592704,-8.603518664718752,4.305555555555555,18
5312901,Darrius Bolden,Bellarmine,13.23076923076923,5,-5.971791091991252,-2.5726884260351333,8.23076923076923,26
5312898,Tommy Clark,Bellarmine,14.649999999999999,25,4.424073331825878,-15.182549449243348,-10.350000000000001,12
5312902,Sam Donald,Bellarmine,12.472413793103447,15,-2.0487512743811336,-1.897154769763189,-2.5275862068965527,29
5312903,Jacob Wassler,Bellarmine,15.454999999999998,5,-1.0615989352071138,-10.253663799480119,10.454999999999998,20
5263670,Leo Curtis,Nebraska,17.7,15,20.74188467726189,0.37893237837453136,2.6999999999999993,17
5254164,Kai Shinholster,Minnesota,11.90322580645161,15,1.204598813283896,-1.2231459460465852,-3.0967741935483897,31
5313453,Jamias Ferere,Gardner Webb,23.156666666666663,25,-5.535021620046338,-7.070861769819407,-1.8433333333333373,30
5313454,Spence Sims,Gardner Webb,18.70344827586207,15,-4.7264317760095755,-5.091963089505403,3.703448275862069,29
5313455,Julius Clark,Gardner Webb,17.27142857142857,25,-3.0044769144676593,-6.816758836957539,-7.728571428571431,7
5252076,Kaden Fuhrmann,Mercyhurst,15.474193548387099,25,-1.131885519961527,-5.1189173406871085,-9.525806451612901,31
5314177,Levi Beckwith,Maryland Eastern Shore,13.0875,5,-3.8016029718784794,-11.653302585189993,8.0875,24
5314173,Trey Brown,Maryland Eastern Shore,20.215384615384615,15,-7.416210005364152,-8.175780536295767,5.215384615384615,26
5314172,Jaden Johnson,Maryland Eastern Shore,16.92857142857143,5,-1.1238418970505968,-12.123679266273413,11.92857142857143,21
5314175,Justin Monden,Maryland Eastern Shore,18.64333333333333,25,-6.731560819885658,-8.132840069488248,-6.356666666666669,30
5314762,Kedrick Simmons,Jackson St.,12.1,5,1.742557501587239,-9.297034272170896,7.1,8
5314763,Deyan Kolev,Jackson St.,10.18235294117647,5,8.293771780372895,-5.206090776726936,5.18235294117647,17
5314764,Mike Williams,Jackson St.,23.6625,25,-7.138921985982478,-7.863814502608935,-1.3374999999999986,8
5314766,Kobe Butler,Jackson St.,10.481481481481481,15,-6.652506781560147,-8.70089379593591,-4.518518518518519,27
5314677,Trey Booker-Lowery,UMKC,23.19583333333333,15,-11.195607150407609,-13.356668894450477,8.19583333333333,24
5314674,Karmello Branch,UMKC,20.380000000000003,25,-1.5018905845392174,-5.621673503287772,-4.619999999999997,25
5314675,CJ Evans,UMKC,24.81111111111111,35,-4.488175764051523,-6.869805758094881,-10.18888888888889,27
5314676,Jamaria Clark,UMKC,16.736,35,-2.30376592796364,-9.89025787215864,-18.264,25
5144143,D'Andre Harrison,UMKC,11.360000000000001,5,-6.014405018372294,-7.050795818656191,6.360000000000001,5
5317336,Teon Tindal,South Carolina St.,15.344000000000001,5,-2.394984400383183,-9.186501415039114,10.344000000000001,25
5317332,Noah Treadwell,South Carolina St.,19.48,15,-5.612535315085009,-5.708185814776028,4.48,30
5317333,Derwin Hodge,South Carolina St.,12.568,5,-6.822985561283227,-8.471833065636678,7.568,25
5317334,Tim Okojie,South Carolina St.,7.586666666666668,5,-5.107564665495165,-7.769909428592542,2.586666666666668,30
5317337,Christopher Parker,South Carolina St.,19.0,5,-3.2511726529714653,-8.134642627889486,14.0,23
5314703,Devon Kobi Pearson,Texas A&M Corpus Chris,19.589285714285715,25,6.605943841358175,-4.434622753189837,-5.410714285714285,28
5314704,Bryson Wheatfall,Texas A&M Corpus Chris,20.616666666666664,15,-2.8469087871486565,-8.48221387971378,5.616666666666664,24
5314705,Daniel Michelini-Jackson,Texas A&M Corpus Chris,16.934615384615384,25,-4.280904018407704,-5.509115264717303,-8.065384615384616,26
5314706,Jaden Haire,Texas A&M Corpus Chris,19.236363636363635,15,-5.840557908584457,-10.926658711141076,4.2363636363636346,22
5314708,Cedric Horton,Texas A&M Corpus Chris,8.38888888888889,15,4.138837650778681,-1.0605762877419211,-6.611111111111111,9
5314440,Lucas Lorenzen,Western Illinois,23.35,35,-3.0161902784587373,-4.290098423702951,-11.649999999999999,28
5314443,Makai Kvamme,Western Illinois,16.321428571428573,5,-0.7751169567261309,-6.166870369409939,11.321428571428573,28
4904792,Francis Okwuosah,Western Illinois,16.675,15,-3.216679649696606,-4.245945070134078,1.6750000000000007,28
5315063,Paris Papadatos,Saint Francis,20.35238095238095,25,-12.283312623215885,-16.667454830833954,-4.647619047619049,21
5315062,Brandon Russell,Saint Francis,15.562962962962963,15,-11.901375909191907,-14.229809907252237,0.5629629629629633,27
5314165,Mason Porter-Brown,LIU,17.817142857142855,25,1.5779136058787553,-4.592389269783233,-7.182857142857145,35
5312922,Harrison Beauchamp,Central Arkansas,11.978125,15,-1.1266428537601079,-3.991303414061047,-3.0218749999999996,32
5314164,Max Ndlovu-Fraser,LIU,10.828571428571431,15,-7.223049474463348,-10.741088326388207,-4.171428571428569,7
5312919,Truman Byrne,Central Arkansas,14.725000000000001,15,-1.9005101788671017,-2.82595553611761,-0.2749999999999986,32
5101844,Kai Rogers,Oklahoma,9.02608695652174,5,5.2701028462366155,0.07649175946270566,4.026086956521739,23
5109771,Faheim Meran,LIU,12.888888888888888,5,-2.056170652524939,-5.70624567184077,7.8888888888888875,18
5313507,Mihael Tomic,Incarnate Word,12.360000000000001,15,2.9531896883244406,-14.578912784270466,-2.639999999999999,20
5312925,Malchiah Marable,Central Arkansas,13.612903225806454,5,-2.355922835319453,-3.3438031253347704,8.612903225806454,31
5312926,Luke Moore,Central Arkansas,19.384375,25,-1.1259183639785646,-1.3346979931285765,-5.615625000000001,32
5313506,Esteban Mann,Incarnate Word,16.815,15,-12.695322141762757,-25.33709997031611,1.8150000000000013,20
5311607,Tai Turnage,Quinnipiac,17.372413793103448,25,-0.49414704853365227,-2.4984948047542717,-7.627586206896552,29
201612,Keith McKnight,Quinnipiac,21.158064516129027,25,2.16891093481506,2.1812246731186224,-3.841935483870973,31
5311610,Samuel Nosakhare,Quinnipiac,5.861111111111111,15,1.7281187552049855,-1.5191955742919516,-9.13888888888889,18
5255091,Anton Strelnikov,Dartmouth,31.956249999999997,35,5.171517253414652,6.25479225466005,-3.043750000000003,16
5313700,Cameron Hiatt,Dartmouth,12.495238095238097,15,-7.337410856070999,-6.504052110635133,-2.504761904761903,21
5313701,Tyler Garrett,Dartmouth,28.099999999999998,25,-23.1934003379197,4.779373130475837,3.099999999999998,7
5313562,Tristan Beckford,South Florida,11.375000000000002,15,3.458406682636606,-1.22870709403947,-3.6249999999999982,20
5101765,Gavin Hightower,South Florida,26.596153846153847,15,1.429461772687014,-6.709326999781088,11.596153846153847,26
5313563,Adriel Nyorha,South Florida,23.248,15,-2.411966497293627,-5.337651494115417,8.248000000000001,25
198900,Jalen StClair,Delaware St.,18.10434782608696,5,-2.4126820114675103,-8.511829793144003,13.104347826086961,23
5313146,Drew Fuquay,Marshall,13.3,5,-0.05025403403336067,-8.237020748553439,8.3,28
5313169,Caleb Hollenbeck,Marshall,12.609677419354837,5,-3.27679502194366,-5.609650791450981,7.609677419354837,31
5313150,Shamarrie Hugie,Marshall,15.86,5,-0.46654005856695446,-4.261197230609656,10.86,25
5313148,Landen Joseph,Marshall,21.88666666666667,35,18.2836532985902,1.556486124023326,-13.11333333333333,30
5313147,Noah Otshudi,Marshall,25.30666666666667,25,-5.262194358020021,-4.572219031484541,0.3066666666666684,30
5313149,Bryce Slay,Marshall,12.847826086956522,5,0.4612070946566151,-6.245706004288388,7.8478260869565215,23
5317274,Cyril Obasogie,Delaware St.,15.549999999999999,5,-5.353334194701008,-11.368667641041966,10.549999999999999,22
5317275,Muazibini Adamu,Delaware St.,12.91818181818182,5,-8.326822281923649,-13.080462161448189,7.91818181818182,22
5317276,Ademar Santos,Delaware St.,19.116666666666667,25,-4.555741715853951,-7.518515053178953,-5.883333333333333,18
5313706,Or Ashkenazi,Lipscomb,9.048275862068962,5,-1.3407959051296139,-3.112386986269068,4.048275862068962,29
5313705,Kennedy Okpara,Lipscomb,22.224999999999998,15,-2.9623361459560025,-8.936565792874218,7.224999999999998,28
5313375,Cahmai Crosby,North Texas,13.729032258064516,5,-3.628550308094283,-9.335940854849948,8.729032258064516,31
5313378,Buddy Hammer Jr.,North Texas,14.95,25,-0.5380405167354556,-2.7456002978786964,-10.05,28
5313376,EJ Horton,North Texas,14.342857142857142,15,-3.3194725738550064,-7.173699896026062,-0.6571428571428584,28
5313377,Curtis Stinson Jr.,North Texas,14.713333333333336,25,-0.3961119424715543,-9.51623903063329,-10.286666666666664,30
5314798,Cal Furnish,Oral Roberts,11.13,5,-3.2759647681501187,-4.282897455425795,6.130000000000001,30
5314799,Martins Kilups,Oral Roberts,10.66896551724138,15,-2.1826949191110154,-5.521928602133109,-4.33103448275862,29
5041935,Cameron Boozer,Duke,30.663157894736838,25,18.623421390339544,17.763976323383073,5.6631578947368375,38
5041937,Cayden Boozer,Duke,17.476315789473684,15,4.3380092607873575,4.10377873836582,2.4763157894736842,38
5144124,Nikolas Khamenia,Duke,14.410526315789474,15,4.910195481044815,3.445601483563808,-0.5894736842105264,38
5287474,Dame Sarr,Duke,15.621052631578944,5,4.740397282730276,2.714775417897634,10.621052631578944,38
5313874,Caden Hawkins,Southern Illinois,52.32857142857142,5,7.399835891662121,-39.06509217901662,47.32857142857142,14
5313875,Jalen Haynes,Southern Illinois,21.00967741935484,25,4.178234236894874,2.270840976206208,-3.9903225806451594,31
5314350,Kedar Bodie,North Alabama,16.13,15,-10.307448775598552,-10.347612292198436,1.129999999999999,10
5314351,Cortez Graham-Howard,North Alabama,21.14,15,-5.590079553035107,-11.081555763287572,6.140000000000001,25
5314349,Braylon Patton,North Alabama,29.22,25,-4.8818708107548545,-17.283054867622052,4.219999999999999,25
5314348,Tank Washington,North Alabama,12.72857142857143,15,-7.164602037143382,-4.9321527747684,-2.2714285714285705,7
5313934,Sebastian Haubro,Fairleigh Dickinson,10.07,25,16.34053733714192,-9.020485502749345,-14.93,20
5313936,Ras Elijah Godbolt,Fairleigh Dickinson,9.233333333333334,5,-7.917504711153516,-8.092004285694161,4.233333333333334,27
5313937,David Jevtic,Fairleigh Dickinson,19.303571428571427,25,-3.3134656775706475,-3.895758873444243,-5.696428571428573,28
5250755,Damian Garcia,East Texas A&M,23.333333333333332,25,0.6476600373174883,-2.378944874506882,-1.6666666666666679,30
5313495,Alex McCray,East Texas A&M,15.28421052631579,5,-9.44594526254116,-14.753949048164944,10.28421052631579,19
5313569,Peitok Machar,McNeese St.,10.59375,15,1.414132306883466,0.5152291544105727,-4.40625,32
4904924,Corey Dunning,Prairie View A&M,5.415625,15,2.9495268565123847,-3.166541811135349,-9.584375,32
5314804,Jannoy Thomas,Prairie View A&M,9.507407407407406,15,-2.5693615956513955,-3.4527433407789365,-5.492592592592594,27
4904931,Lance Williams,Prairie View A&M,14.603030303030303,25,0.34561893263930904,-3.301347994347059,-10.396969696969697,33
5314805,Elijah Mitchell,Prairie View A&M,10.579166666666667,5,-4.540510016686293,-3.660359612887358,5.5791666666666675,24
5314746,Antonio Munoz,Grambling St.,29.146153846153847,25,-5.488304573770328,-5.801207594237226,4.146153846153847,26
5314747,Chancellor Perkins,Grambling St.,14.325,5,10.048300107789105,-12.959521147787381,9.325,16
5314748,Mekhi Fitts,Grambling St.,13.986363636363636,5,-4.199581664439655,-8.568337295546696,8.986363636363636,22
5314295,Dylan Veillette,Merrimack,12.445454545454545,15,0.7931408387595487,-6.535639826223457,-2.5545454545454547,33
5314298,Kevair Kennedy,Merrimack,30.35588235294118,25,2.194349723108069,1.5563221214231748,5.35588235294118,34
5313444,Anthony Knowles,Florida A&M,25.61111111111111,25,-13.603794505268246,-20.749046648127816,0.6111111111111107,18
5313446,Miles Ndalama,Florida A&M,18.14782608695652,25,-3.048949774815228,-6.043739942524563,-6.85217391304348,23
5312166,Anthony Martinez,Monmouth,8.637500000000001,5,-5.4748643576825105,-8.686930842581251,3.637500000000001,24
5313726,Stefanos Spartalis,Monmouth,24.738709677419358,15,-3.2865805408933997,-3.9833482938211717,9.738709677419358,31
5312165,Zubayr Griffin,Monmouth,23.566666666666666,35,36.34740766830101,8.042790462093796,-11.433333333333334,9
5116500,Grant Sanders,Nicholls St.,13.961290322580645,5,-1.6971019313737739,-6.094456935621056,8.961290322580645,31
5313591,Zaiden Cross,Nicholls St.,17.96,25,1.8436624324626945,-8.71458712944537,-7.039999999999999,15
5313592,Jalik Dunkley,Nicholls St.,21.886206896551723,35,1.0121071200123817,-0.4081997598444648,-13.113793103448277,29
5314468,Kristupas Kepezinskas,Rider,14.782352941176471,5,-6.246594063157001,-15.778699836121772,9.782352941176471,17
5314466,AB Coulibaly,Rider,15.960714285714285,25,-5.216420503124218,-6.786762545903989,-9.039285714285715,28
5314465,Jamir McNeil,Rider,11.185714285714283,25,-8.162982963503378,-9.63837616059531,-13.814285714285717,28
5314464,Caleb Smith,Rider,15.492857142857144,25,-2.3185822372613454,-4.29952553319237,-9.507142857142856,28
5323982,Dominykas Butka,Campbell,13.485714285714286,5,-2.762093146625535,-7.967183450414562,8.485714285714286,21
5323991,Anthony Andrews,Texas Southern,10.743478260869566,15,-0.5534287743865457,-2.1448829521289685,-4.256521739130434,23
5323989,Jordan Gorecki,Texas Southern,10.364,5,-3.1462777410819194,-7.73101150499102,5.364000000000001,25
5323990,Ahmed Nedal Abdelrahman,Texas Southern,19.90909090909091,15,-3.9696891150000377,-15.707733340541417,4.90909090909091,11
5316213,Stefan Isailovic,Howard,22.72222222222222,35,-35.38116573578772,-19.227932047613628,-12.277777777777779,9
5316214,BJ Powell,Howard,36.36666666666666,15,-7.039744799584087,-12.812655152507787,21.36666666666666,18
5316216,Julian Johnson,Howard,13.799999999999999,15,-9.855743283043642,-4.952953401869562,-1.200000000000001,12
5316217,River Smith,Howard,21.05,35,-30.073573867197123,-22.283534561825903,-13.95,8
5316218,Jeremiah Johnson,Howard,8.294736842105264,15,-3.7146608465619013,-5.221146776590153,-6.705263157894736,19
5316219,Danas Kazakevicius,Howard,14.863333333333335,15,-1.3558909995677395,-8.326583120550428,-0.13666666666666494,30
5316220,Travelle Bryson,Howard,21.75714285714286,25,-0.46819082582819,-6.000092981177138,-3.24285714285714,28
5221322,Jake West,Northwestern,15.384848484848483,5,-0.4467955280906334,-1.6897624705304013,10.384848484848483,33
5144141,Tyler Kropp,Northwestern,13.661290322580644,5,-1.2381878277671958,-2.763645221038195,8.661290322580644,31
5226071,Tre Singleton,Northwestern,16.885294117647057,25,4.491367077244402,0.2557463392420362,-8.114705882352943,34
5254158,Phoenix Gill,Northwestern,15.918181818181818,35,-11.44949312837514,-5.226174459709751,-19.081818181818182,11
5313179,Zacch Wiggins,Old Dominion,15.524999999999999,25,-0.6284797770060785,-2.260984728898273,-9.475000000000001,32
5313399,Tyler Byrd,Alabama St.,19.986666666666665,25,1.317950102731778,0.28008298850281216,-5.013333333333335,30
5313226,Seth Amunrud,Montana St.,13.91304347826087,15,0.40612699216157966,-0.0450764312883039,-1.0869565217391308,23
5313222,Howie Keene,Montana St.,15.454545454545457,5,-3.2209223591650273,-13.214885003468998,10.454545454545457,22
5314536,CJ Larry,Northwestern St.,14.254166666666668,15,-6.770894757566475,-10.451382269413418,-0.7458333333333318,24
5314537,Moustapha Loum,Northwestern St.,15.421052631578947,5,-0.21897023791152126,-1.2439949322844464,10.421052631578947,19
5314538,Kordrick Turner,Northwestern St.,17.633333333333333,15,-1.8926164162187782,-3.7865109079229637,2.633333333333333,30
5314338,PJ Farmer,Southeast Missouri St.,13.868965517241381,5,-6.908741329346928,-9.199855170240864,8.868965517241381,29
5314339,Luke Almodovar,Southeast Missouri St.,22.74,25,2.2698559789098813,1.6053595901992646,-2.2600000000000016,30
5317314,Nick Jones,Wagner,26.435714285714283,25,-1.1175728852886433,-1.5930638936801678,1.4357142857142833,28
5317315,Elijah Brown,Wagner,8.710526315789476,15,-10.505121518747586,-16.67734325046415,-6.289473684210524,19
5317316,John Awoke,Wagner,15.646153846153847,25,-1.0413641032008414,-4.878631188392392,-9.353846153846153,26
5317317,Michael Cooper,Wagner,20.31785714285714,25,-2.403379827738597,-6.727042957222646,-4.6821428571428605,28
5317318,Bryan Akanmu,Wagner,20.55,35,-6.010858844593014,-6.4215338378761375,-14.45,28
5317320,Binael Basil,Wagner,21.389285714285712,25,1.2150439637006165,-3.131212618889397,-3.6107142857142875,28
5247705,Doyel Cockrill III,Chicago St.,23.981481481481477,35,3.993773024075863,1.609210118866684,-11.018518518518523,27
5313918,Daniel Zatsepin,Chicago St.,6.7892857142857155,15,-5.22859333333927,-6.808376566801365,-8.210714285714285,28
5313920,Malek Robinson,Chicago St.,13.896774193548389,25,5.946098165907901,-3.995817589490793,-11.103225806451611,31
5191591,Corey Sands,Chicago St.,12.389655172413795,15,-5.10699634682504,-9.576695623778576,-2.6103448275862053,29
5313921,Lionel Larvadain,Chicago St.,18.830000000000002,35,-3.456604171507107,-8.603668429293919,-16.169999999999998,20
5313436,Jai’chaunn Hayes,Arkansas Pine Bluff,12.3,15,-1.74825066224616,-8.594583948067333,-2.6999999999999993,8
5323983,Amir Rahman,Florida A&M,27.38571428571429,35,-12.387139693583467,-14.83021054470923,-7.61428571428571,7
5323987,"Owen Bronston, Jr.",South Carolina St.,22.344,15,-0.247794730509317,-2.6966965751109973,7.344000000000001,25
5323988,Rayniel Wright,South Carolina St.,21.223333333333336,15,-10.104418566769667,-11.853835615840023,6.223333333333336,30
5325879,Antonio Baker,Florida A&M,20.72592592592592,15,-1.1150116420660297,-4.201387484804344,5.725925925925921,27
5328456,Nikola Dzepina,Washington,17.9,15,1.8054571598711466,0.08750795169112051,2.8999999999999986,14
5328797,Sean Pouedet,Dayton,11.992857142857142,5,-0.4491942121269705,-11.285395389790782,6.992857142857142,14
5183975,Abdullah Ahmed,BYU,8.584999999999999,5,1.8926872396580028,0.06891865474550327,3.584999999999999,20
222900,Kirill Elatontsev,Oklahoma,12.84782608695652,5,4.0529178468413605,3.8190787084152795,7.84782608695652,23
222965,James Nnaji,Baylor,12.755555555555556,5,2.742702403318435,-2.0422870635812265,7.755555555555556,18
4331,Silas Bennion,South Dakota,12.3375,15,-3.0498030266162877,-5.123706860517946,-2.6624999999999996,16
222984,Lucas Langarita,Utah,18.240000000000002,15,-6.000078756682871,-6.009951022371707,3.240000000000002,5
222988,Xzayvion Childress,Mississippi Valley St.,18.0,15,-9.176109953633608,-9.962555783642404,3.0,13
