player_key,player_name,team,BPM,bpm_change_predicted,BPM_2027_projected,BPM_2027_lower_90,BPM_2027_upper_90,BPM_2027_lower_70,BPM_2027_upper_70,ncaa_id,current_usage,optimal_usage,usage_gap,utilization_status
4067423,"Jones, Isaiah",South Fla.,5.94072,-1.6363733,4.304346718521118,-1.6176534512329104,10.226346411437987,0.560346998901367,8.048346676559447,4067423.0,10.345454545454546,15.0,-4.654545454545454,Optimal
4431815,"Hunt, Gianni",East Texas A&M,0.079087,0.40432423,0.4834112335319519,-5.438588876617431,6.405410986053467,-3.260588664901733,4.227411012756348,4431815.0,22.226666666666667,35.0,-12.773333333333332,Underutilized
4431930,"Cochran, Tyler",Rhode Island,4.71462,-0.16832404,4.546295961613655,-1.3757039250183103,10.468295937652588,0.8022960482788086,8.290295964355469,4431930.0,26.221875,35.0,-8.778125000000003,Underutilized
4431995,Tariq Ingraham,Memphis,-2.09618,0.76448053,-1.3316994687843322,-7.253699340515137,4.590300522155761,-5.075699367218018,2.412300548858642,4431995.0,22.155999999999995,25.0,-2.8440000000000047,Optimal
4432175,"Miller, Adam",Gonzaga,2.60249,-0.70321304,1.8992769639396667,-4.022723146209717,7.821276716461181,-1.8447231729125977,5.643276981582641,4432175.0,16.26571428571429,15.0,1.265714285714289,Optimal
4432182,"Fletcher, Cam'Ron",High Point,2.18997,-0.1509742,2.038995800824165,-3.8830042050170896,7.960995657653809,-1.7050042317199705,5.78299568435669,4432182.0,22.445833333333336,15.0,7.445833333333336,Overutilized
4432196,"Stone, Jayden",Missouri,6.49895,-1.6850743,4.813875670623779,-1.10812426071167,10.73587560195923,1.069875712585449,8.55787562866211,4432196.0,18.36923076923077,25.0,-6.6307692307692285,Underutilized
4432201,"Cottrell, Isaiah",Southern Utah,-1.82305,1.898297,0.0752469522476195,-5.846753098297119,5.997246764373779,-3.668753005790711,3.81924679107666,4432201.0,19.38965517241379,25.0,-5.610344827586211,Underutilized
4432243,"Mark, Tramon",Texas,5.47996,0.11923702,5.599197020611763,-0.322802985229492,11.521196877441406,1.8551969880676271,9.343196904144287,4432243.0,22.142857142857142,15.0,7.142857142857142,Overutilized
4432364,"Thweatt, Taj",Coppin St.,-5.99944,1.3421975,-4.65724246257782,-10.579242513122558,1.26475734954834,-8.40124253982544,-0.9132426237487792,4432364.0,19.413043478260875,25.0,-5.5869565217391255,Underutilized
4432398,"Taitz, Noah",Utah Valley,-2.8388,0.17959677,-2.6592032331705093,-8.581203030395507,3.26279683227539,-6.403203295516968,1.0847966205596924,4432398.0,13.474074074074077,15.0,-1.5259259259259252,Optimal
4432494,"Strickland, Markhi",North Dakota St.,-1.31336,-0.7525238,-2.06588377986908,-7.987883830413819,3.85611603225708,-5.8098838571167,1.6781160589599609,4432494.0,21.6625,25.0,-3.3374999999999986,Optimal
4432515,"Crews, Jacob",Missouri,2.78448,-0.64653695,2.137943053703308,-3.784056758422852,8.059943104248047,-1.6060567851257326,5.881943130950928,4432515.0,15.030303030303031,25.0,-9.969696969696969,Underutilized
4432524,Quaran McPherson,UAB,-2.60355,-0.40167895,-3.005228949594497,-8.927228970336914,2.916770892333985,-6.749228997039795,0.7387709190368654,4432524.0,20.134615384615383,15.0,5.134615384615383,Overutilized
4432586,"Bittle, Nate",Oregon,8.01723,1.3737983,9.391028251152038,3.4690284390258785,15.313028301696775,5.647028412322998,13.135028328399658,4432586.0,27.496,35.0,-7.504000000000001,Underutilized
4432589,"Lawson, Johnathan",Little Rock,-1.19238,0.44700238,-0.7453776189136505,-6.667377520446777,5.176622342224121,-4.489377547149658,2.998622368927002,4432589.0,22.665517241379312,25.0,-2.3344827586206875,Optimal
4432638,"Ruffin, Daeshun",Jackson St.,1.64575,-0.71827585,0.9274741549491884,-4.994525955200196,6.849473907470703,-2.816525981903076,4.671474172592163,4432638.0,35.1,25.0,10.1,Overutilized
4432692,"Simmons, Casey",Yale,2.18198,-0.9684526,1.213527427177429,-4.708472384948731,7.135527477722167,-2.5304724116516115,4.957527504425048,4432692.0,17.348275862068963,15.0,2.348275862068963,Optimal
4432737,"Bradley, Jaden",Arizona,7.5798,-0.52233034,7.057469656276703,1.135469784545898,12.979469647216796,3.313469757843017,10.801469673919676,4432737.0,21.22564102564103,35.0,-13.774358974358972,Underutilized
4432739,Dylan Anderson,Murray State,-2.62214,2.2378838,-0.3842561937713622,-6.306256125106811,5.537743499145508,-4.128256151809692,3.359744002685547,4432739.0,18.59677419354839,15.0,3.5967741935483915,Optimal
4432741,"Johnson, Dior",Tarleton St.,3.83347,-1.583092,2.2503780257415773,-3.671621667175293,8.172378195495606,-1.493622170715332,5.994377983779907,4432741.0,32.573684210526324,35.0,-2.4263157894736764,Optimal
4432749,"NgaNga, Sadraque",San Jose St.,-3.25533,1.3949729,-1.8603570795822144,-7.782357130126953,4.0616427325439455,-5.604357156829834,1.8836427592468263,4432749.0,18.270967741935483,15.0,3.2709677419354826,Optimal
4432858,"Van Komen, Matt",Marshall,3.48376,-2.09959,1.3841699369049074,-4.537830232849121,7.306169868240357,-2.359829782714844,5.1281698949432375,4432858.0,16.857142857142858,15.0,1.8571428571428577,Optimal
4432897,John Hugley IV,Duquesne,-1.47026,0.8836812,-0.5865788219070434,-6.508578634033203,5.335421228637696,-4.330578660736084,3.1574212553405765,4432897.0,22.54230769230769,35.0,-12.457692307692303,Underutilized
4432899,"Brinson, Jordan",CSUN,-1.43861,-0.34666666,-1.7852766638851163,-7.7072767442321775,4.136723118438721,-5.529276770935058,1.9587233835601807,4432899.0,9.593548387096773,5.0,4.593548387096773,Optimal
4433001,"Hemenway, Alex",Evansville,-4.47401,1.4966196,-2.977390417823792,-8.899390229949951,2.9446096327209474,-6.721390256652832,0.7666096594238283,4433001.0,14.543333333333337,15.0,-0.4566666666666652,Optimal
4433138,"Burnett, Nimari",Michigan,7.54041,-0.8746411,6.665768879566192,0.7437691270446773,12.587768989715576,2.9217691003417965,10.409768777999878,4433138.0,16.552500000000002,25.0,-8.447499999999998,Underutilized
4433185,"Burnett, Antwan",Missouri St.,-0.320394,-0.6455753,-0.9659692849578858,-6.887969454711914,4.956030407958984,-4.709969004577637,2.7780306730804445,4433185.0,11.942105263157892,5.0,6.942105263157893,Overutilized
4433208,Saba Gigiberia,San Francisco,-0.907234,2.027174,1.1199399959716798,-4.802059935363769,7.041939927307129,-2.6240599620666503,4.86393995401001,4433208.0,23.49230769230769,15.0,8.492307692307694,Overutilized
4433231,"Ogundele, Josh",Hampton,-1.39476,-0.2372175,-1.6319775008058548,-7.553977357635498,4.290022505035401,-5.375977384338379,2.112022531738281,4433231.0,20.21923076923077,25.0,-4.780769230769231,Optimal
4433257,"Allen, Quincy",Bryant,-2.96428,0.7688603,-2.1954197194862366,-8.117419591217041,3.7265802714538574,-5.939419617919922,1.5485802981567385,4433257.0,25.7,15.0,10.699999999999996,Overutilized
4433265,Langston Love,Georgetown,-1.91819,0.514614,-1.4035760139846802,-7.32557582611084,4.5184240365600585,-5.147575852813721,2.3404240632629394,4433265.0,10.75,15.0,-4.25,Optimal
4433273,"Colbert, Jerrell",McNeese,3.50628,0.45957184,3.965851838378906,-1.9561480929565431,9.887851769714356,0.221851880340576,7.709851796417237,4433273.0,16.80625,25.0,-8.193750000000001,Underutilized
4433285,"Mitchell, Mark",Missouri,5.91914,0.45444858,6.373588580741882,0.4515887686157223,12.29558863128662,2.6295887419128414,10.1175886579895,4433285.0,25.921212121212125,25.0,0.9212121212121254,Optimal
4433286,"Casey, AJ",Evansville,1.74686,-0.12886818,1.6179918224668504,-4.304008034362793,7.539991828308105,-2.126008061065674,5.361991855010986,4433286.0,24.526666666666664,35.0,-10.473333333333336,Underutilized
4433340,"Stute, Myles",South Carolina,0.366708,1.0553308,1.422038753326416,-4.499961178009033,7.344038684661865,-2.321961204711914,5.166038711364746,4433340.0,14.007407407407406,25.0,-10.992592592592594,Underutilized
4433512,"Long, Jahari",George Mason,1.62939,0.13017581,1.7595658140325543,-4.162434340820313,7.681565521850586,-1.9844341291046144,5.503565786972046,4433512.0,19.08125,25.0,-5.918749999999999,Underutilized
4433560,"Wilmoth, Myles",Canisius,-2.93179,1.4782798,-1.4535101709747311,-7.375509863891601,4.468489998779297,-5.197510129013061,2.29048954864502,4433560.0,17.62,5.0,12.62,Overutilized
4433577,"Bethea, Zion",Delaware St.,-8.88402,2.4822013,-6.4018186621856685,-12.323818593521118,-0.4798184924316402,-10.145818620224,-2.6578189425659176,4433577.0,22.996,25.0,-2.0040000000000013,Optimal
4433596,"Moore, Chance",West Virginia,3.18465,0.19642673,3.38107673432827,-2.5409230628967285,9.30307679977417,-0.3629233280181885,7.125076588058471,4433596.0,25.934482758620685,35.0,-9.065517241379316,Underutilized
4433600,"Breidenbach, Wilhelm",Grand Canyon,2.51558,-0.36953267,2.14604732544899,-3.775952516479492,8.068047346191406,-1.5979525431823731,5.890047372894287,4433600.0,13.958620689655174,25.0,-11.041379310344826,Underutilized
4433606,"Christofilis, John",Seattle U,-2.21042,-0.06294967,-2.273369672341347,-8.195369588775634,3.648630273895264,-6.017369615478516,1.4706303005981445,4433606.0,16.115151515151513,25.0,-8.884848484848487,Underutilized
4433611,"Brady, Randy",South Alabama,1.87552,-0.87457395,1.0009460540008546,-4.921053638916016,6.922946223754883,-2.743054142456055,4.744946012039184,4433611.0,13.129032258064516,15.0,-1.870967741935484,Optimal
4433615,"Hodges, Chris",Montana St.,-0.0676965,-0.5754427,-0.6431391717758179,-6.565139222320557,5.2788606403503415,-4.387139249023438,3.100860667053223,4433615.0,14.548275862068964,25.0,-10.451724137931036,Underutilized
4433625,"Washington, Jalen",Vanderbilt,8.043,-0.72660065,7.316399353027343,1.3943994216918938,13.238399284362792,3.572399394989013,11.060399311065671,4433625.0,19.0,25.0,-6.0,Underutilized
4565204,"Powell, Duncan",Providence,0.497584,0.36123505,0.8588190523471833,-5.063180789581299,6.780819073089599,-2.88518081628418,4.60281909979248,4565204.0,14.445454545454544,15.0,-0.5545454545454547,Optimal
4565698,"Hopkins, Bryce",St. John's (NY),6.58104,-0.084762804,6.496277195789814,0.5742774954223631,12.41827735809326,2.752277230300903,10.240277146377563,4565698.0,22.194594594594594,15.0,7.194594594594594,Overutilized
4567588,"Cambridge, Devan",UCF,5.68773,-0.04801906,5.639710940997601,-0.2822888636779783,11.56171099899292,1.8957108712005617,9.383710787277222,4567588.0,15.075757575757576,25.0,-9.924242424242424,Underutilized
4575837,"Konieczny, J.R.",FGCU,0.538584,0.46063736,0.9992213608112336,-4.922778361907959,6.92122150076294,-2.7447786270294188,4.7432215274658205,4575837.0,24.785714285714285,35.0,-10.214285714285715,Underutilized
4576062,"Pack, Nijel",Oklahoma,5.24879,0.032345425,5.281135425337553,-0.640864636383057,11.20313522628784,1.5371355753326412,9.0251354914093,4576062.0,23.864864864864863,25.0,-1.1351351351351369,Optimal
4585590,Alyn Breed,NC State,2.17032,-0.4163767,1.7539432900619505,-4.168056522064209,7.67594334060669,-1.99005654876709,5.497943367309571,4585590.0,16.61904761904762,25.0,-8.38095238095238,Underutilized
4585602,"Houston, DA",A&M-Corpus Christi,-3.15253,1.122991,-2.0295390341568,-7.951538846282959,3.8924610163879394,-5.77353887298584,1.7144610430908205,4585602.0,26.332,15.0,11.331999999999995,Overutilized
4586322,Brycen Long,Portland State,-2.79095,-0.18201563,-2.9729656276226044,-8.894965350341797,2.949034512329101,-6.716965615463257,0.7710343006134033,4586322.0,14.370833333333332,5.0,9.370833333333332,Overutilized
4589481,Kasean Pryor,Louisville,0.986994,1.5105495,2.497543545288086,-3.424456386047363,8.419543476623534,-1.246456412750244,6.241543503326416,4589481.0,21.93478260869565,15.0,6.934782608695649,Overutilized
4590359,"Mors, Matthew",South Dakota St.,2.42914,-1.0274417,1.4016982599639891,-4.520301909790039,7.32369795288086,-2.342301459655762,5.14569821800232,4590359.0,14.244827586206895,25.0,-10.755172413793105,Underutilized
4590362,Adetokunbo Bakare,Saint Peter's,-3.39125,-0.265547,-3.6567970073223113,-9.578796730041503,2.2652031326293947,-7.400796756744384,0.0872029209136964,4590362.0,16.629166666666666,25.0,-8.370833333333334,Underutilized
4592217,"Issanza, Rick",LMU (CA),2.51871,-0.8168927,1.701817316493988,-4.220182555236816,7.623817307434082,-2.0421825819396973,5.445817334136963,4592217.0,9.244827586206895,15.0,-5.755172413793103,Underutilized
4592404,"Patterson, Addison",Eastern Mich.,1.91902,0.19862625,2.11764625002861,-3.804353889923096,8.039645972747802,-1.6263536782073975,5.861646237869262,4592404.0,23.37333333333333,35.0,-11.626666666666669,Underutilized
4592477,"Moore, Rahmir",Delaware St.,-4.84786,0.80542135,-4.042438647613525,-9.964438578948975,1.879561283721924,-7.786438605651855,-0.2984386895751951,4592477.0,17.299999999999997,15.0,2.299999999999997,Optimal
4592579,"Venters, Steele",Gonzaga,3.56885,-1.4260248,2.142825205421448,-3.779174845123291,8.064825017547607,-1.601174871826172,5.886825044250488,4592579.0,13.50740740740741,15.0,-1.4925925925925905,Optimal
4592677,"Mast, Rienk",Nebraska,5.41459,0.18389575,5.598485751833915,-0.323514343414307,11.520485519256592,1.8544858683013912,9.342485784378052,4592677.0,25.694117647058825,25.0,0.6941176470588246,Optimal
4593474,"Lewis, Curt",Southern Miss.,-0.947812,-0.4319715,-1.379783490383148,-7.301783481323242,4.542216381347656,-5.123783508026123,2.364216408050537,4593474.0,10.55151515151515,5.0,5.551515151515151,Overutilized
4593739,"Safford, Morgan",Kent St.,1.28611,0.272764,1.5588739973163606,-4.363125725402832,7.480874137268066,-2.185125990524292,5.302874163970947,4593739.0,19.880645161290325,25.0,-5.1193548387096754,Underutilized
4593815,"Agee, Rashaun",Texas A&M,8.55532,-0.65671855,7.898601447887421,1.9766013377380367,13.820601200408936,4.154601311035156,11.642601465530396,4593815.0,24.74117647058824,35.0,-10.258823529411764,Underutilized
4593883,"Kitenge, Hosana",UC Santa Barbara,0.476024,-0.3094413,0.1665827017536163,-5.755417020965576,6.088582841705322,-3.5774170476684573,3.910582629989624,4593883.0,22.64333333333333,25.0,-2.3566666666666656,Optimal
4596531,"Harris, Dante",Tennessee St.,-2.61408,0.11416921,-2.4999107898044586,-8.421910810546875,3.4220890521240235,-6.243910837249755,1.2440890788269043,4596531.0,20.996666666666663,25.0,-4.003333333333334,Optimal
4596711,"Traynor, JJ",Murray St.,-0.184292,-0.111417525,-0.2957095245165825,-6.217709224884033,5.626290637786865,-4.039709490005493,3.448290426071167,4596711.0,16.181250000000002,25.0,-8.818749999999998,Underutilized
4598611,"Celestine, Jalen",Cincinnati,7.04679,-1.5365793,5.510210748710632,-0.4117890634155277,11.43221079925537,1.7662109098815917,9.254210825958252,4598611.0,16.06875,15.0,1.0687500000000014,Optimal
4602029,"Williams, Keshawn",Iona,-5.18804,0.5358465,-4.652193528213501,-10.574193221130372,1.2698066415405274,-8.396193486251832,-0.90819380859375,4602029.0,17.725,15.0,2.7250000000000014,Optimal
4609653,"Aligbe, Prince",Southern Ill.,-3.81277,2.0816157,-1.731154313583374,-7.653154244918824,4.190845379333496,-5.4751542716217045,2.012845882873535,4609653.0,20.79655172413793,15.0,5.796551724137935,Overutilized
4610012,"Dailey Jr., Eric",UCLA,4.32975,-0.07143296,4.258317036986351,-1.6636829986572268,10.180316864013673,0.5143169746398923,8.002316890716553,4610012.0,21.602857142857143,25.0,-3.397142857142857,Optimal
4610138,Denham Wojcik,Michigan State,-4.51979,-1.3839544,-5.903744405784607,-11.825744456329346,0.0182554063415523,-9.647744483032229,-2.159744566955567,4610138.0,12.74193548387097,5.0,7.74193548387097,Overutilized
4610140,"Lands, Kamari",Middle Tenn.,0.791646,0.8372676,1.628913577648163,-4.293086532501221,7.550913330169678,-2.1150863207855224,5.372913356872559,4610140.0,23.21034482758621,25.0,-1.7896551724137917,Optimal
4611412,"Collins, Daimion",South Fla.,5.37184,-1.0462232,4.325616836395263,-1.5963830949401858,10.247616767730712,0.5816168783569333,8.069616794433593,4611412.0,12.290625,25.0,-12.709375,Underutilized
4611534,"Jones, Jadon",Oklahoma,8.19287,-1.3326966,6.860173442955016,0.9381736308288566,12.782173493499757,3.116173604125976,10.604173520202636,4611534.0,12.775757575757575,15.0,-2.224242424242423,Optimal
4612709,"Johnston, Chase",High Point,3.05094,-4.759563,-1.7086229692077637,-7.630622423706054,4.213376962127686,-5.452622927246093,2.0353769888305666,4612709.0,13.070967741935483,15.0,-1.9290322580645167,Optimal
4682856,"Duncomb, Logan",Winthrop,6.19411,0.972362,7.166471981868744,1.2444721101379397,13.088471972808838,3.422472083435059,10.91047199951172,4682856.0,30.81,35.0,-4.189999999999998,Optimal
4683134,"Ballard, Quincy",Mississippi St.,2.4721,0.027853003,2.499953002771736,-3.422046919250488,8.421952943420411,-1.244046945953369,6.243952970123291,4683134.0,14.79375,5.0,9.79375,Overutilized
4683146,"Clemence, Zach",Texas A&M,4.45671,-0.49346924,3.96324076171875,-1.958759169616699,9.8852406930542,0.2192408036804201,7.70724071975708,4683146.0,17.694117647058825,25.0,-7.305882352941175,Underutilized
4683147,"Warley, Jalen",Gonzaga,8.42079,-1.0549047,7.365885300674439,1.4438851309204104,13.287884993591309,3.621885581054688,11.109885258712769,4683147.0,15.98181818181818,25.0,-9.01818181818182,Underutilized
4683629,"Hand Jr., Donald",Boston College,-3.27319,2.8269866,-0.44620344871521,-6.368203380050659,5.475796244201661,-4.19020340675354,3.297796747741699,4683629.0,25.860714285714284,15.0,10.860714285714284,Overutilized
4683633,"Kriisa, Kerr",Cincinnati,0.329721,0.2971612,0.626882191701889,-5.295117829040527,6.548882033630371,-3.117117855743408,4.370882060333252,4683633.0,13.789473684210526,15.0,-1.2105263157894743,Optimal
4683672,"Dort, Lee",California,4.04011,-0.30635783,3.733752169237137,-2.1882477919006345,9.655752070770264,-0.0102478186035153,7.477752097473145,4683672.0,17.234615384615385,15.0,2.2346153846153847,Optimal
4683675,"Dunning Jr., Barry",Pittsburgh,3.10631,-0.039448168,3.066861831871272,-2.8551381925964354,8.988861670074463,-0.6771382192993163,6.810861696777344,4683675.0,18.87272727272727,25.0,-6.127272727272729,Underutilized
4683676,"Williams, Justice",Western Mich.,-1.48252,1.079229,-0.4032910027694703,-6.325291053314209,5.518708809356689,-4.14729108001709,3.3407088360595703,4683676.0,23.9,25.0,-1.1000000000000014,Optimal
4683680,"Westry, Chance",UAB,4.59254,0.38502064,4.977560643472671,-0.9444391984558108,10.899560664215088,1.2335607748413082,8.721560690917968,4683680.0,26.025806451612905,35.0,-8.974193548387095,Underutilized
4683682,"Griffen, Rylan",Texas A&M,6.71895,-0.8214464,5.897503581237793,-0.0244963500976558,11.819503512573242,2.153503623199464,9.641503539276124,4683682.0,19.290625,15.0,4.290625000000002,Optimal
4683697,"Starling, JJ",Syracuse,-0.927365,1.2118075,0.2844424893951416,-5.637557680358887,6.206442182312012,-3.4595574686431885,4.028442685852051,4683697.0,22.89333333333333,15.0,7.893333333333334,Overutilized
4683734,"Brookshire, Anton",Austin Peay,-0.693116,-0.24964254,-0.9427585360441209,-6.864758303466797,4.979241559204102,-4.686758568588257,2.8012413474884035,4683734.0,16.775862068965516,15.0,1.775862068965516,Optimal
4683741,"Robinson, Jakai",Bryant,-5.69343,-0.71062124,-6.404051237754822,-12.32605128829956,-0.4820514256286623,-10.14805131500244,-2.660051398925781,4683741.0,11.15,15.0,-3.85,Optimal
4683748,"Harper, Ty",Oral Roberts,-2.66616,1.1630846,-1.5030753738021851,-7.4250754243469235,4.418924438323975,-5.247075451049804,2.2409244650268554,4683748.0,32.286206896551725,35.0,-2.7137931034482747,Optimal
4683755,"Miller, Mason",Murray St.,0.650933,-0.76672345,-0.1157904539985656,-6.037790564147949,5.806209298522949,-3.85979059085083,3.6282095636444094,4683755.0,10.85625,25.0,-14.14375,Underutilized
4683756,"Murphy, KeShawn",Auburn,8.36615,-0.74076235,7.625387647056579,1.7033878349304192,13.547387697601318,3.8813878082275375,11.3693877243042,4683756.0,19.845161290322583,25.0,-5.154838709677417,Underutilized
4683757,"Reeves Jr., Kowacie",Georgia Tech,1.34454,0.8318626,2.1764026284599307,-3.745597481689453,8.098402380981446,-1.5675972699737548,5.920402407684327,4683757.0,21.544827586206896,15.0,6.544827586206896,Overutilized
4683758,"Thomas, Malik",Virginia,1.83572,0.38033557,2.216055569381714,-3.705944123535156,8.138055739135742,-1.5279443886566162,5.960055289001465,4683758.0,26.555555555555557,25.0,1.5555555555555536,Optimal
4683761,"Carlyle, Kanaan",Fla. Atlantic,0.52474,0.6225324,1.1472724273109436,-4.774727563629151,7.069272299041748,-2.596727590332032,4.8912723257446284,4683761.0,23.73703703703704,35.0,-11.262962962962964,Underutilized
4683763,Jordan Butler,South Carolina,1.55223,-0.9446363,0.6075937146949768,-5.314406276245117,6.529593586425781,-3.1364063029479983,4.351593613128662,4683763.0,13.48,5.0,8.48,Overutilized
4683765,"Griffith, Rayvon",Kent St.,-1.37499,0.34658685,-1.0284031467342376,-6.950403227081299,4.893596635589599,-4.772403015365601,2.7155966622924805,4683765.0,14.112903225806452,25.0,-10.887096774193548,Underutilized
4683767,"Cook, Mookie",San Francisco,1.83804,0.6496341,2.48767412284851,-3.4343255700683595,8.409674292602539,-1.2563258351898194,6.231673842468261,4683767.0,20.604166666666668,25.0,-4.395833333333332,Optimal
4683768,"Lockett, Chris",Jacksonville,-1.23679,0.18923412,-1.047555877366066,-6.9695556745910645,4.874444188079834,-4.7915559397125245,2.696443976364136,4683768.0,19.83,25.0,-5.169999999999998,Underutilized
4683769,"Evans Jr., Kwame",Oregon,6.3486,0.62629783,6.97489783153534,1.05289801940918,12.89689788208008,3.230897992706299,10.71889790878296,4683769.0,22.719999999999995,25.0,-2.2800000000000047,Optimal
4683777,"Wagner, D.J.",Arkansas,3.28857,0.20661046,3.495180456109047,-2.4268192517089844,9.417180610961914,-0.2488195168304443,7.239180399246216,4683777.0,14.762857142857142,15.0,-0.2371428571428584,Optimal
4683781,Sam Walters,SMU,-1.58332,-0.5558579,-2.1391778968048096,-8.06117758972168,3.782822272949218,-5.883178093261719,1.6048220612335204,4683781.0,13.75,5.0,8.75,Overutilized
4683782,"Williams Jr., Curtis",Tulane,-1.42241,1.2266376,-0.1957723981475829,-6.117772091064453,5.726227771606445,-3.939772356185913,3.548227321472168,4683782.0,20.165625,25.0,-4.834375000000001,Optimal
4683784,"West, Isaiah",Belmont,-0.396597,-0.56783074,-0.964427741405487,-6.886427493927002,4.957572368743897,-4.708427520629883,2.7795721570281984,4683784.0,13.677419354838706,15.0,-1.3225806451612936,Optimal
4683785,"Wilcher, Simeon",Texas,2.15442,0.3678739,2.5222939070892334,-3.3997057858276367,8.444294076843262,-1.221706050949097,6.266293626708984,4683785.0,16.69714285714286,15.0,1.697142857142861,Optimal
4683786,"Williams, Mikey",Sacramento St.,-4.13499,1.2610875,-2.873902463188172,-8.79590251373291,3.048097348937988,-6.617902540435791,0.870097375640869,4683786.0,28.672222222222224,25.0,3.672222222222224,Optimal
4683842,"Thomas, LJ",Old Dominion,-2.6531,0.63398385,-2.019116149520874,-7.941116319274903,3.902883543395996,-5.763116107559204,1.7248840469360354,4683842.0,23.72068965517241,15.0,8.720689655172414,Overutilized
4683860,"Copeland, Quadir",NC State,6.09848,-0.019633733,6.07884626726389,0.1568462986755374,12.000846161346436,2.3348462719726566,9.822846188049317,4683860.0,28.323529411764703,25.0,3.323529411764703,Optimal
4683861,"Smith, Malachi",UConn,2.73524,-1.0708928,1.664347189178467,-4.257652742156982,7.586347120513916,-2.079652768859863,5.408347147216797,4683861.0,18.1675,25.0,-6.832500000000003,Underutilized
4683941,"Keene, RJ",Boise St.,6.66998,-0.6439439,6.0260360941696165,0.1040362820434568,11.948036144714354,2.282036255340576,9.770036171417235,4683941.0,8.851724137931035,5.0,3.8517241379310345,Optimal
4683942,"Riley, Jordan",East Carolina,1.13053,0.22559899,1.3561289909172058,-4.5658711192321775,7.278128743438721,-2.3878709075164792,5.100129008560181,4683942.0,32.083333333333336,25.0,7.083333333333336,Overutilized
4683944,"Lundblade, Tyler",Belmont,1.70952,-0.5159875,1.193532484550476,-4.728467327575684,7.115532535095214,-2.5504673542785645,4.937532561798095,4683944.0,17.332258064516132,25.0,-7.667741935483868,Underutilized
4683946,"Barnes, Isaiah",Valparaiso,-6.18222,2.420526,-3.7616939723205567,-9.683693903656009,2.1603054821777343,-7.505693930358887,-0.0176940142822266,4683946.0,16.400000000000002,5.0,11.400000000000002,Overutilized
4683947,"Wainwright, TJ",Pacific,0.259108,0.42758486,0.6866928567485809,-5.235307283203125,6.608692579467774,-3.057307071487427,4.430692606170655,4683947.0,18.90322580645161,15.0,3.903225806451612,Optimal
4683948,Ryan Conway,Towson,-2.15688,-0.9070598,-3.0639397887039186,-8.98593960083008,2.85806026184082,-6.807939627532959,0.680060288543701,4683948.0,13.359090909090908,25.0,-11.640909090909092,Underutilized
4684022,"Brizzi, Angelo",Buffalo,-0.583565,0.25616756,-0.3273974391841888,-6.24939751953125,5.594602343139648,-4.071397307815552,3.416602369842529,4684022.0,22.79666666666667,35.0,-12.20333333333333,Underutilized
4684146,"Powell, Tyler",Eastern Wash.,0.0363039,-0.75154394,-0.7152400391136169,-6.637240030053711,5.206759832617188,-4.459240056756592,3.0287598593200684,4684146.0,13.45625,25.0,-11.54375,Underutilized
4684152,"Holt, Jusaun",Utah Tech,-2.30413,1.3778371,-0.9262929381179807,-6.84829275024414,4.995707112426758,-4.670292776947021,2.817707139129639,4684152.0,23.62333333333333,15.0,8.623333333333335,Overutilized
4684155,"Camden, John",California,4.69051,-0.33833,4.352179999361038,-1.5698197233581546,10.274180139312744,0.6081802499389646,8.096179927597046,4684155.0,18.5875,25.0,-6.412500000000001,Underutilized
4684156,"O'Neal, Shaqir",Sacramento St.,-3.16515,-0.19553225,-3.360682247424126,-9.28268225326538,2.561317609405517,-7.104682279968262,0.3833176361083983,4684156.0,13.707142857142856,25.0,-11.292857142857144,Underutilized
4684163,Chris Howell,New Mexico,3.13565,-0.82882047,2.306829533004761,-3.615170159912109,8.228829702758789,-1.4371706634521484,6.050829491043091,4684163.0,15.77,15.0,0.7700000000000014,Optimal
4684164,Mike James,Vanderbilt,-0.449143,2.547674,2.098530940658569,-3.82346899067688,8.020531110412598,-1.6454690173797608,5.84253066027832,4684164.0,7.777272727272727,15.0,-7.222727272727273,Underutilized
4684167,"O'Garro, Joshua",CSUN,1.22978,1.2059854,2.435765426902771,-3.486234385223389,8.35776547744751,-1.3082344119262694,6.179765504150391,4684167.0,21.55483870967742,25.0,-3.445161290322581,Optimal
4684207,"Itejere, Keeyan",Rhode Island,3.61694,-0.78209114,2.8348488592529297,-3.0871510720825195,8.756848790588379,-0.9091510987854003,6.578848817291259,4684207.0,13.696875,25.0,-11.303125,Underutilized
4684268,"Payne, Fred",Boston College,2.91568,0.5396893,3.455369302444458,-2.4666308673095703,9.377368995361328,-0.288630655593872,7.199369498901367,4684268.0,24.629032258064512,35.0,-10.370967741935488,Underutilized
4684269,"Boswell, Kylan",Illinois,7.32276,-0.7405687,6.582191302547455,0.6601914308166501,12.504191293487548,2.838191404113769,10.326191320190429,4684269.0,19.899999999999995,15.0,4.899999999999995,Optimal
4684276,"Holloway, Aden",Alabama,6.45117,-1.642529,4.808640989227295,-1.113358942108154,10.730640920562744,1.0646410311889651,8.552640947265626,4684276.0,22.803571428571427,25.0,-2.196428571428573,Optimal
4684285,"Lieb, Brandon",Illinois St.,1.25069,0.16777946,1.4184694605493546,-4.503530485687255,7.340469376983643,-2.3255305123901366,5.162469403686524,4684285.0,15.157142857142857,15.0,0.1571428571428565,Optimal
4684289,"Carroll, Tre",Xavier,3.35226,1.0615498,4.41380978275299,-1.5081902677917485,10.33580959487915,0.6698097055053709,8.15780962158203,4684289.0,26.09375,35.0,-8.90625,Underutilized
4684293,"Washington, Kaleb",Florida A&M,-2.00659,-0.1764387,-2.183028704133034,-8.10502873977661,3.738971122894287,-5.927028766479492,1.560971149597168,4684293.0,23.1,25.0,-1.8999999999999984,Optimal
4684296,"Geeter, Legend",Detroit Mercy,1.41828,0.9707553,2.3890352790641787,-3.532964831085205,8.311035031585693,-1.3549646193695069,6.133035058288574,4684296.0,18.75357142857143,15.0,3.75357142857143,Optimal
4684303,Drissa Traore,Rhode Island,-4.42752,2.3605185,-2.0670015444946293,-7.9890014758300785,3.85499838684082,-5.811001502532959,1.6769984135437008,4684303.0,14.990909090909092,5.0,9.990909090909092,Overutilized
4684309,"Tucker, Elijah",Longwood,-2.64555,0.24383074,-2.401719259548188,-8.323719250488281,3.520280612182617,-6.145719277191162,1.342280638885498,4684309.0,24.40344827586207,35.0,-10.596551724137932,Underutilized
4684443,"Castro, Rafael",George Washington,9.46067,-1.8562535,7.604416495246888,1.6824164447021488,13.526416307373047,3.860416417999268,11.348416453285218,4684443.0,24.75357142857143,25.0,-0.2464285714285701,Optimal
4684448,Malcolm Chimezie,Boston University,-0.779073,0.37481028,-0.4042627215843201,-6.326262712524414,5.517737150146484,-4.148262739227295,3.3397371768493653,4684448.0,14.092857142857143,15.0,-0.9071428571428566,Optimal
4684596,"Tschetter, Will",Michigan,5.5237,-0.73849374,4.785206259441376,-1.136793850708008,10.70720601196289,1.0412061225891112,8.52920627708435,4684596.0,10.51,5.0,5.51,Overutilized
4684627,"Bell, Chris",California,2.42335,0.594159,3.017509007072449,-2.904490805053711,8.939509057617187,-0.7264908317565917,6.7615090843200685,4684627.0,20.94848484848485,15.0,5.948484848484846,Overutilized
4684628,"Mahaney, Aidan",UC Santa Barbara,-0.495408,0.78118014,0.2857721433563232,-5.636227549560547,6.207772313110351,-3.4582278146820067,4.029771862976074,4684628.0,21.063333333333333,15.0,6.063333333333333,Overutilized
4684718,"Floyd, Jr., Corey",Providence,1.2732,0.47812742,1.751327419948578,-4.1706724517822265,7.673327410888672,-1.9926724784851075,5.495327437591553,4684718.0,16.541666666666668,15.0,1.541666666666668,Optimal
4684720,"Ford, Derrian",Temple,-0.598808,1.0370982,0.4382901693267822,-5.483710000427246,6.360289862243652,-3.305709788711548,4.182290365783691,4684720.0,25.08333333333333,25.0,0.0833333333333286,Optimal
4684733,"Ward, Tyrell",VCU,0.162954,-0.2837706,-0.1208165910205841,-6.042816492553711,5.801183370117188,-3.864816519256592,3.623183396820069,4684733.0,21.79354838709677,25.0,-3.20645161290323,Optimal
4684734,"Roberts, Travis",Alcorn,-7.17393,2.447157,-4.726773093872071,-10.64877302520752,1.1952268374633783,-8.4707730519104,-0.9827731358337406,4684734.0,13.00967741935484,15.0,-1.9903225806451608,Optimal
4684735,"Watson, Christian",Hampton,-5.30699,1.1646769,-4.142313095321655,-10.064313265075684,1.779686597595215,-7.886313053359985,-0.3983128988647459,4684735.0,17.500000000000004,15.0,2.500000000000004,Optimal
4684745,"Okpara, Chisom",Stanford,0.398579,0.055430118,0.4540091179945469,-5.467990995880127,6.376008866790771,-3.289990784164429,4.198009131912231,4684745.0,27.53529411764706,35.0,-7.464705882352941,Underutilized
4684798,Jevon Porter,Missouri,7.37565,-1.5511765,5.82447345199585,-0.0975264793395993,11.7464733833313,2.08047349395752,9.56847341003418,4684798.0,14.783333333333331,25.0,-10.216666666666669,Underutilized
4684799,"Lubin, Ven-Allen",NC State,6.50914,-1.631923,4.877217039718628,-1.0447826531982418,10.799217209472657,1.1332168432617191,8.621216997756958,4684799.0,19.179411764705883,25.0,-5.820588235294117,Underutilized
4684812,"Smith, Colin",UC Santa Barbara,0.534611,-0.08021738,0.4543936236486434,-5.467606292785645,6.376393569885254,-3.289606319488525,4.198393596588135,4684812.0,19.5,15.0,4.5,Optimal
4684838,Will Shaver,Samford,-4.58977,1.8610791,-2.728690903205872,-8.650690715332031,3.1933091473388675,-6.472690861244201,1.0153091740417484,4684838.0,18.75357142857143,35.0,-16.24642857142857,Underutilized
4684840,"Nix, DJ",Cornell,-3.6852,0.8724158,-2.812784218978882,-8.73478438873291,3.109215473937988,-6.556784177017212,0.9312159774780272,4684840.0,14.22,25.0,-10.78,Underutilized
4684843,"Power, TJ",Penn,3.65458,0.038607303,3.693187303053141,-2.228812810821533,9.615187051849365,-0.0508125991058348,7.437187316970825,4684843.0,22.944827586206895,35.0,-12.055172413793102,Underutilized
4684984,"Sunday, Silas",Hofstra,4.05943,-0.7394255,3.3200045196342467,-2.601995590515137,9.24200427215576,-0.4239956172180177,7.0640045372772216,4684984.0,15.54242424242424,25.0,-9.45757575757576,Underutilized
4684986,Favour Aire,Coppin State,-5.36417,2.0918124,-3.272357627792358,-9.194357559127807,2.649642065124512,-7.016357585830688,0.4716425686645511,4684986.0,24.215,25.0,-0.7850000000000001,Optimal
4684988,"Daniels, Percy",Tulane,3.11063,-1.7278285,1.3828014973449707,-4.539198433990478,7.30480142868042,-2.36119846069336,5.126801455383301,4684988.0,7.864516129032259,5.0,2.8645161290322587,Optimal
4685004,"Mulvey, Riley",Siena,3.68255,-1.1072983,2.575251745033264,-3.3467483055114746,8.497251557159423,-1.1687483322143557,6.319251583862305,4685004.0,15.67692307692308,5.0,10.67692307692308,Overutilized
4685646,"Chatman, Taison",Ohio St.,3.24683,-1.0937353,2.153094662742615,-3.768905149383545,8.075094713287353,-1.5909051760864257,5.8970947399902345,4685646.0,16.42142857142857,15.0,1.4214285714285708,Optimal
4685647,"Stewart, Jaylin",UConn,4.26943,-0.5860483,3.6833816949653615,-2.2386180575561525,9.605381805114746,-0.0606180842590333,7.427381593399048,4685647.0,15.74375,15.0,0.7437500000000004,Optimal
4685650,"Jones, Christian",George Washington,0.456933,0.28906235,0.7459953509883881,-5.176004431335449,6.6679954313354495,-2.9980046964569094,4.48999545803833,4685650.0,21.111764705882354,15.0,6.111764705882354,Overutilized
4685653,"Herro, Austin",St. Thomas (MN),5.64046,-1.8377496,3.8027103995895386,-2.119289412536621,9.724710450134278,0.058710560760498,7.546710357627869,4685653.0,14.653846153846157,15.0,-0.3461538461538431,Optimal
4685654,"Davis Jr., Kennard",BYU,4.10498,-0.3580948,3.746885188560486,-2.175114623565673,9.668885239105226,0.0028853497314456,7.490885265808106,4685654.0,13.6375,5.0,8.6375,Overutilized
4685658,"Bol Bowen, Taylor",Alabama,5.15426,0.14160433,5.295864334115982,-0.6261355078125002,11.2178643548584,1.551864465484619,9.03986438156128,4685658.0,13.846666666666666,15.0,-1.1533333333333342,Optimal
4685659,"Dunlap, Brady",Saint Louis,1.78063,-1.242595,0.5380350426483154,-5.383964650268554,6.460035212402344,-3.205965153808594,4.282035000686646,4685659.0,16.360606060606063,25.0,-8.639393939393937,Underutilized
4685662,"Stromer, Dusty",Grand Canyon,0.223809,-0.1364309,0.0873780957307815,-5.834621671691894,6.009378190979004,-3.6566219368133535,3.831377979263306,4685662.0,16.284374999999997,15.0,1.2843749999999972,Optimal
4685664,"McBride, Justin",James Madison,-0.491265,0.82270455,0.3314395536041259,-5.590560616149903,6.253439246520996,-3.412560404434204,4.075439750061035,4685664.0,25.993333333333336,25.0,0.9933333333333358,Optimal
4685671,"Hastings, Jayden",Boston College,5.223,-0.5324688,4.690531204223633,-1.2314687271118163,10.61253113555908,0.9465312461853026,8.434531162261962,4685671.0,16.85806451612903,15.0,1.85806451612903,Optimal
4685673,"Hansberry, Amani",Virginia Tech,8.01295,-0.9868565,7.026093479824066,1.1040936080932615,12.94809347076416,3.282093581390381,10.77009349746704,4685673.0,24.323333333333338,15.0,9.323333333333338,Overutilized
4685683,"Bradshaw, Aaron",Memphis,1.41212,0.7037139,2.1158338938903807,-3.806166037445069,8.03783382522583,-1.6281660641479492,5.859833851928711,4685683.0,21.403448275862072,35.0,-13.596551724137928,Underutilized
4685685,"Williams, Devin",Fla. Atlantic,6.15124,-0.6236349,5.52760512517929,-0.3943947465515141,11.449605116119384,1.783605226745605,9.271605142822263,4685685.0,16.741935483870968,25.0,-8.258064516129032,Underutilized
4685686,"Yalden, Gus",Vermont,2.62783,-0.16019283,2.467637167649269,-3.454362897796631,8.389636964874267,-1.2763626860809327,6.211637229995727,4685686.0,33.52258064516129,35.0,-1.477419354838709,Optimal
4685687,"Carey, Jaylen",Tennessee,4.19549,0.20060042,4.396090415468216,-1.5259093072509762,10.31809055541992,0.6520904276275639,8.140090343704223,4685687.0,21.71351351351351,15.0,6.713513513513512,Overutilized
4685802,"McCray V, Robert",Florida St.,5.25972,0.73227185,5.9919918501091,0.0699917399597165,11.913991602630617,2.2479919516754148,9.735991629333496,4685802.0,32.63333333333333,25.0,7.633333333333333,Overutilized
4687377,"Slatten, Grant",Tennessee Tech,-3.04116,-0.6488634,-3.69002337518692,-9.612023246917724,2.2319766157531737,-7.434023273620605,0.0539766424560546,4687377.0,10.458333333333334,15.0,-4.541666666666666,Optimal
4690766,"Brown, Kaleb",Robert Morris,-1.11891,0.099545814,-1.0193641859030724,-6.94136397567749,4.902635886993409,-4.76336424079895,2.72463567527771,4690766.0,14.27,5.0,9.27,Overutilized
4690767,"Smith, Jalen",Rice,-0.822732,1.0744482,0.2517162278823852,-5.670283822662354,6.173716040008545,-3.4922838493652346,3.9957160667114255,4690767.0,19.66896551724138,25.0,-5.331034482758621,Underutilized
4691165,"Williams, Demari",Houston Christian,-2.80756,0.1861898,-2.6213701994991303,-8.543370279846192,3.300629582824707,-6.365370068130494,1.122629847946167,4691165.0,21.37407407407407,35.0,-13.62592592592593,Underutilized
4693724,"Felton, Will",N.C. A&T,-0.839654,-0.2798539,-1.1195079102077483,-7.041507752136231,4.802492110534668,-4.863507778839112,2.624492137237549,4693724.0,17.389285714285712,25.0,-7.610714285714287,Underutilized
4693725,"Ruffin, Javon",Bowling Green,-0.617133,-0.30656433,-0.9236973310546877,-6.845697262390137,4.998302600280762,-4.6676972890930175,2.820302626983642,4693725.0,14.539285714285713,25.0,-10.460714285714287,Underutilized
4698718,"Beadle, Joshua",Coastal Carolina,-1.46222,1.4959294,0.0337093603897094,-5.88829069015503,5.955709172515869,-3.7102907168579113,3.7777091992187497,4698718.0,30.767741935483876,35.0,-4.232258064516127,Optimal
4698719,"Brazile, Trevon",Arkansas,9.28023,-0.63767976,8.642550244312286,2.720550491790771,14.56455035446167,4.89855046508789,12.386550142745971,4698719.0,17.241666666666667,15.0,2.241666666666667,Optimal
4699440,"Davidson, Nick",Clemson,4.70611,-0.4744971,4.231612890348434,-1.6903872496032717,10.153612613067626,0.4876127236938474,7.975612878189087,4699440.0,21.071428571428573,25.0,-3.928571428571427,Optimal
4699760,"Pinion, Joseph",South Fla.,5.22884,-0.7822666,4.446573383178711,-1.4754265481567383,10.36857331451416,0.7025734251403808,8.190573341217041,4699760.0,20.95151515151515,25.0,-4.048484848484851,Optimal
4700527,Tyon Grant-Foster,Gonzaga,4.37395,0.4076137,4.781563694667816,-1.1404361770629885,10.70356368560791,1.0375637962341306,8.525563712310792,4700527.0,25.914285714285715,15.0,10.914285714285716,Overutilized
4700841,"Jennings, Kasen",App State,-0.348495,0.09932959,-0.2491654092025756,-6.171165459747314,5.672834402923584,-3.993165486450195,3.494834429626465,4700841.0,25.156666666666677,35.0,-9.843333333333328,Underutilized
4700859,"Smith, Josh",Liberty,0.81948,-1.5071884,-0.6877084393692017,-6.609708251495361,5.2342916111755375,-4.431708278198242,3.056291637878418,4700859.0,21.25483870967741,5.0,16.254838709677415,Overutilized
4700877,"Baker-Mazara, Chad",Southern California,5.57082,0.7789811,6.34980108959198,0.4278012774658206,12.27180114013672,2.60580125076294,10.0938011668396,4700877.0,28.312,25.0,3.3119999999999976,Optimal
4700880,"Butler, Yame",Butler,0.718091,-0.66087854,0.0572124609146118,-5.864787589630127,5.979212273040772,-3.686787616333008,3.8012122997436526,4700880.0,15.848387096774193,25.0,-9.151612903225807,Underutilized
4700968,"Ward, Derrius",Grambling,-2.63574,0.16245173,-2.4732882708215715,-8.39528818725586,3.448711675415039,-6.21728821395874,1.2707117021179195,4700968.0,20.541935483870965,25.0,-4.458064516129035,Optimal
4700971,"Izay, Tegra",Southern Miss.,1.58165,-1.2533269,0.3283231071472168,-5.593676824188233,6.250323038482666,-3.415676850891113,4.072323065185547,4700971.0,11.133333333333336,15.0,-3.866666666666666,Optimal
4700973,"Wilson, Isaiah",Winthrop,-5.1199,0.6492813,-4.470618677043915,-10.392618429565433,1.4513814331054684,-8.21461869468689,-0.7266185401916507,4700973.0,15.006451612903229,15.0,0.0064516129032288,Optimal
4701030,"Tracey, Jadrian",VCU,1.48341,-0.33165726,1.151752739343643,-4.770247341003418,7.073752521667481,-2.5922473677062987,4.8957527867889405,4701030.0,22.413888888888888,35.0,-12.586111111111112,Underutilized
4701125,"Garcia, Javohn",McNeese,4.64701,-1.8916404,2.7553695752716063,-3.166630594482422,8.677369268188476,-0.9886301443481448,6.499369533309936,4701125.0,17.20714285714286,25.0,-7.792857142857141,Underutilized
4701160,"Gray, Mekhi",Maine,-3.50547,0.26617667,-3.239293329210281,-9.161293230743407,2.6827066319274904,-6.983293257446289,0.5047066586303712,4701160.0,21.470370370370368,15.0,6.470370370370368,Overutilized
4701187,Trent Hudgens Jr.,South Dakota,-8.26064,2.957008,-5.303632115020752,-11.225632046356202,0.6183673394775386,-9.047632073059082,-1.5596321569824223,,,,,Unknown
4701189,"Roy, Anthony",Oklahoma St.,3.20023,0.8773725,4.077602503280639,-1.8443971896362303,9.999602673034667,0.3336025452423095,7.82160222290039,4701189.0,24.05483870967742,15.0,9.05483870967742,Overutilized
4701217,"Erickson, Hunter",Hawaii,0.488391,-0.038205102,0.4501858979139328,-5.471814078125,6.3721857845458985,-3.293814104827881,4.194185811248779,4701217.0,15.741935483870968,15.0,0.741935483870968,Optimal
4701222,"Williams, Jeremiah",Georgetown,-0.294465,0.69141227,0.3969472700691223,-5.525052482452392,6.318947380218506,-3.3470527475738523,4.140947406921387,4701222.0,20.04705882352941,25.0,-4.952941176470588,Optimal
4702000,PJ Carter,LSU,-0.427287,0.0898457,-0.3374412979478836,-6.259441273986816,5.584558588684082,-4.081441300689697,3.406558615386963,4702000.0,13.596153846153848,15.0,-1.4038461538461533,Optimal
4702026,"Florence, Ja'Quavian",Tennessee Tech,-5.27252,1.3006344,-3.971885615844727,-9.893885547180176,1.9501143154907223,-7.715885573883057,-0.2278856578063965,4702026.0,24.68,15.0,9.68,Overutilized
4702042,"Sawyer, Te'Jon",Montana,-0.0540632,0.41024607,0.3561828741996765,-5.565817235949707,6.278182626721192,-3.3878170242340087,4.100182653424072,4702042.0,18.46,25.0,-6.540000000000003,Underutilized
4702046,Kam Woods,USC,2.29078,0.10964452,2.400424517302513,-3.5215755183410646,8.322424344329834,-1.3435755450439455,6.144424371032715,,,,,Unknown
4702049,"Miles, Duke",Vanderbilt,9.60426,-0.5449059,9.0593540990448,3.1373544061279297,14.981354268798828,5.315353902587891,12.80335405708313,4702049.0,25.435714285714287,35.0,-9.564285714285711,Underutilized
4702097,"Serven, Connor",Mercer,-0.152356,-0.8356039,-0.987959892803192,-6.909959645324707,4.934040217346191,-4.731959672027588,2.756040005630493,4702097.0,14.43846153846154,5.0,9.43846153846154,Overutilized
4702120,"Towt, Carson",Notre Dame,5.26402,1.7960632,7.06008318473816,1.1380834918212894,12.982083354492188,3.316083226699829,10.80408290435791,4702120.0,15.267741935483867,25.0,-9.732258064516133,Underutilized
4702158,"Williams, Martel",California Baptist,0.666599,0.88273007,1.5493290667762758,-4.372670924163819,7.47132893850708,-2.194670950866699,5.293328965209961,4702158.0,21.13939393939394,25.0,-3.86060606060606,Optimal
4702212,"Porter, Keishon",Evansville,-7.20913,2.2817204,-4.927409600143433,-10.849409531478882,0.9945900927734376,-8.671409558181763,-1.1834094036865237,4702212.0,21.928571428571427,25.0,-3.071428571428573,Optimal
4702218,"Lipscomb, Xavier",Mount St. Mary's,0.509197,-0.8621425,-0.3529455032615661,-6.27494549420166,5.569054368469239,-4.096945520904541,3.391054395172119,4702218.0,17.109677419354842,15.0,2.109677419354842,Optimal
4702226,"Lane, Toneari",San Diego,-1.11228,0.25618893,-0.8560910709190368,-6.778091061859131,5.065908800811767,-4.600091088562012,2.8879088275146483,4702226.0,16.383870967741938,15.0,1.383870967741938,Optimal
4702236,"Williams II, Terrance",Southern California,0.233996,-1.0987666,-0.864770565322876,-6.786770258239746,5.057229604431153,-4.608770761779785,2.879229392715454,4702236.0,7.936666666666666,15.0,-7.0633333333333335,Underutilized
4702464,"Koulibaly, Jefferson",Ga. Southern,-3.91096,0.12683445,-3.784125547847748,-9.70612553878784,2.1378743238830564,-7.528125565490723,-0.0401256494140627,4702464.0,12.970833333333331,5.0,7.970833333333333,Overutilized
4702467,"Askew, Devin",Villanova,4.57486,-0.6142869,3.9605731004333498,-1.9614268309021,9.8825730317688,0.2165731423950196,7.70457305847168,4702467.0,21.003030303030304,35.0,-13.996969696969696,Underutilized
4702484,"Wrightsell Jr., Latrell",Alabama,5.6801,-0.26275814,5.417341864204407,-0.5046581863403317,11.339341676330566,1.6733417869567877,9.161341703033449,4702484.0,19.65925925925926,25.0,-5.340740740740738,Underutilized
4702497,"Turner, Deuce",Fairfield,-5.43248,0.79584706,-4.636632941703796,-10.558632992248535,1.2853668704223633,-8.380633018951416,-0.8926331028747558,4702497.0,22.633333333333336,25.0,-2.366666666666664,Optimal
4702518,"Parolin, Dominic",Boise St.,6.35325,-0.6040675,5.749182495594025,-0.1728172569274901,11.671182605743407,2.005182716369629,9.49318239402771,4702518.0,16.613333333333333,15.0,1.6133333333333333,Optimal
4702522,"Broadnax, Trae",Rice,1.82259,0.39883965,2.2214296525382995,-3.700570457611084,8.143429405059814,-1.5225702458953858,5.965429431762695,4702522.0,26.879310344827584,25.0,1.879310344827584,Optimal
4702596,"Rocak, Niko",UC Davis,4.93197,-0.49348167,4.438488334150314,-1.4835115673828128,10.360488295288086,0.6944884059143064,8.182488321990967,4702596.0,20.316666666666663,15.0,5.316666666666666,Overutilized
4702598,Yacine Toumi,Hawai'i,-0.905133,0.3893916,-0.5157413989143371,-6.437741509063721,5.4062583536071775,-4.259741297348023,3.2282583803100584,4702598.0,20.632142857142856,15.0,5.632142857142856,Overutilized
4702629,"Henry, Andre",UC Irvine,0.0829699,-0.49073926,-0.4077693561435699,-6.329769376885986,5.514230485784912,-4.151769403588867,3.336230512487793,4702629.0,18.5516129032258,25.0,-6.448387096774198,Underutilized
4702654,"Boyd, Nick",Wisconsin,7.78862,-0.48585427,7.302765731925964,1.3807659197998046,13.224765782470705,3.558765893096924,11.046765809173584,4702654.0,30.31142857142857,35.0,-4.688571428571425,Optimal
4702671,"Skunberg, Boden",Illinois St.,1.16601,-0.28678438,0.8792256193256378,-5.042774103393555,6.801225759277344,-2.864774130096436,4.6232255475616455,4702671.0,17.658823529411766,25.0,-7.341176470588234,Underutilized
4702680,"Booth, Jadin",Samford,2.02126,0.16991945,2.191179446110725,-3.73082044052124,8.113179422149658,-1.5528204672241213,5.935179448852539,4702680.0,23.651724137931037,35.0,-11.348275862068968,Underutilized
4702696,"Oglesby, Alec",Middle Tenn.,0.288729,-0.76929885,-0.4805698514900207,-6.402569961639404,5.441429901031494,-4.224569988342285,3.263430166152954,4702696.0,14.235714285714284,25.0,-10.764285714285716,Underutilized
4702739,"Khalifa, Aly",Louisville,4.95294,-1.7230555,3.2298845180892943,-2.6921152940368653,9.151884568634031,-0.5141153207397462,6.973884595336914,4702739.0,17.677142857142854,25.0,-7.322857142857146,Underutilized
4702740,Jared Garcia,Nebraska,-1.38548,2.5558164,1.170336411972046,-4.751663519363404,7.092336581726074,-2.5736635460662844,4.914336131591797,4702740.0,22.98928571428572,5.0,17.989285714285717,Overutilized
4702741,"Harvey, Keegan",Bryant,-4.74012,-0.056028586,-4.796148585880995,-10.718148297424316,1.125851565246582,-8.540148562545777,-1.0521486464691163,4702741.0,20.955172413793104,25.0,-4.044827586206896,Optimal
4702764,"Masic, Vukasin",San Francisco,-3.73534,1.3007115,-2.434628487434387,-8.356628299560548,3.487371563110352,-6.178628326263428,1.3093715898132323,4702764.0,15.48125,25.0,-9.51875,Underutilized
4702765,"Amadi, Justin",Mount St. Mary's,-3.70011,0.8599096,-2.840200405941009,-8.762200396881104,3.081799465789795,-6.584200423583985,0.9037994924926758,4702765.0,18.04137931034483,25.0,-6.95862068965517,Underutilized
4702777,"Carr, Ja'Juan",Elon,-3.31529,0.55871594,-2.7565740604782105,-8.67857411102295,3.165425751647949,-6.50057413772583,0.98742577835083,4702777.0,18.173333333333336,15.0,3.173333333333336,Optimal
4702784,"Hadley, J'Vonne",Louisville,7.43241,-1.8471042,5.58530580821991,-0.33669400390625,11.50730585876465,1.841305969390869,9.32930576625824,4702784.0,16.04705882352941,25.0,-8.952941176470588,Underutilized
4702889,"Taylor, Josh",East Texas A&M,-2.48272,0.38015324,-2.102566761226654,-8.024566752166749,3.8194331105041504,-5.846566778869629,1.6414331372070312,4702889.0,17.913333333333334,5.0,12.913333333333334,Overutilized
4702961,"Silverstein, Sam",UIC,2.82764,-0.35870796,2.468932035579681,-3.453067836151123,8.390932026519776,-1.2750678628540038,6.212932053222657,4702961.0,10.87878787878788,15.0,-4.121212121212121,Optimal
4702962,"Ajogbor, Justice",Saint Joseph's,5.84792,-1.1750069,4.672913133544922,-1.2490867977905271,10.594913064880371,0.928913175506592,8.416913091583252,4702962.0,11.349999999999998,15.0,-3.650000000000002,Optimal
4702976,"Odunowo, Josh",UMBC,-1.37855,0.040627256,-1.3379227439641952,-7.259922451782226,4.584077410888672,-5.081922716903686,2.406077199172974,4702976.0,19.56896551724138,25.0,-5.431034482758619,Underutilized
4702993,"Huibregtse, Alex",Bradley,1.7484,-0.24790354,1.5004964592695236,-4.42150327835083,7.422496584320067,-2.24350354347229,5.24449637260437,4702993.0,17.406060606060606,15.0,2.4060606060606062,Optimal
4702994,Brandon Noel,Ohio State,4.45269,-0.47874063,3.973949367465973,-1.9480506234741213,9.895949239196778,0.2299493498229976,7.717949265899658,4702994.0,14.8375,5.0,9.8375,Overutilized
4703009,"Myers, Ryan",Western Ky.,-0.310849,-0.40830407,-0.719153065465927,-6.641153145812988,5.20284671685791,-4.463153172515869,3.02484698197937,4703009.0,20.71333333333333,25.0,-4.286666666666665,Optimal
4703097,John Shanu II,Eastern Michigan,-4.82184,1.2327577,-3.589082312431336,-9.511082362976074,2.3329174996948243,-7.333082389678955,0.1549175263977051,4703097.0,8.55,5.0,3.5500000000000007,Optimal
4703106,"Smith, Dailin",CSU Bakersfield,-4.66253,0.68849105,-3.97403895357132,-9.896039063720703,1.947960798950195,-7.718038852005005,-0.2300391743469241,4703106.0,26.582758620689653,35.0,-8.417241379310347,Underutilized
4703115,"Pierre Jr., Jaron",SMU,2.46021,1.0072398,3.467449818572998,-2.454550112762451,9.389449749908447,-0.276550139465332,7.211449776611328,4703115.0,23.32647058823529,25.0,-1.673529411764708,Optimal
4703169,Joshua Aaron Reaves,Hofstra,-1.6807,-0.042977232,-1.7236772324860097,-7.645677264404297,4.198322598266602,-5.467677291107178,2.0203226249694826,4703169.0,8.734782608695653,5.0,3.734782608695653,Optimal
4703196,Jeriah Coleman,Nevada,2.27743,-1.1586524,1.118777575187683,-4.803222236938477,7.040777625732422,-2.6252222636413576,4.862777652435303,4703196.0,7.389655172413793,5.0,2.389655172413793,Optimal
4703205,"Davis, Kyndall",Texas St.,-0.2678,0.09105647,-0.1767435264468193,-6.098743584442139,5.74525627822876,-3.92074337272644,3.56725654335022,4703205.0,15.142857142857142,25.0,-9.857142857142858,Underutilized
4703215,"Joseph, Tai'Reon",Prairie View,-6.41977,1.8649449,-4.554825065155029,-10.476824996490478,1.3671748661804202,-8.29882502319336,-0.810825107116699,4703215.0,26.208,35.0,-8.791999999999998,Underutilized
4703253,Nolan Dorsey,California,0.965721,-0.68952185,0.276199150844574,-5.64580072088623,6.198199141784668,-3.467800747589111,4.020199168487549,4703253.0,9.48333333333333,5.0,4.483333333333331,Optimal
4703393,"Tillis, Devin",Virginia,1.50986,-0.23248695,1.2773730516290664,-4.644626656188965,7.199373206481933,-2.466626921310425,5.021372994766235,4703393.0,14.516129032258064,15.0,-0.4838709677419359,Optimal
4703396,"Ike, Graham",Gonzaga,7.90046,0.2631111,8.163571114501952,2.241571183166504,14.0855710458374,4.419571156463623,11.907571072540282,4703396.0,26.79032258064516,35.0,-8.209677419354843,Underutilized
4703399,"Oden, Jeremiah",San Diego St.,0.977521,0.21853788,1.1960588819704054,-4.725941123870849,7.118058738800049,-2.5479411505737306,4.94005876550293,4703399.0,15.393103448275864,25.0,-9.606896551724136,Underutilized
4703411,Trey Fort,Michigan State,2.29041,0.09245864,2.3828686430191994,-3.5391312063598632,8.304868656311035,-1.361131233062744,6.126868683013916,4703411.0,19.76060606060606,15.0,4.760606060606062,Optimal
4703415,"Fitzgerald Jr., Marcus",Jacksonville St.,-1.24584,-0.06609904,-1.311939040210247,-7.233939098205567,4.610060764465332,-5.0559388864898684,2.432061029586792,4703415.0,13.500000000000002,25.0,-11.499999999999998,Underutilized
4703531,"Towns, Sam",Bowling Green,0.546015,0.98955053,1.535565530910492,-4.386434340820313,7.457565521850586,-2.208434367523193,5.2795655485534665,4703531.0,19.613793103448277,15.0,4.613793103448273,Optimal
4703572,"Metheny, Kaden",Liberty,0.849835,-0.040204212,0.8096307879304886,-5.112368979492188,6.731630883178711,-2.934369244613648,4.553630671463012,4703572.0,19.46,25.0,-5.540000000000003,Underutilized
4703637,"Bush, Braelon",Chicago St.,-3.94147,0.4269045,-3.514565500469208,-9.436565252990722,2.407434609680176,-7.258565518112182,0.2294346363830568,4703637.0,20.065384615384616,15.0,5.065384615384616,Overutilized
4703644,"Rodgers, Jay",Central Conn. St.,-5.59208,1.450674,-4.141405942993164,-10.063405874328613,1.780593988342285,-7.885405901031494,-0.3974059849548341,4703644.0,26.210714285714285,25.0,1.2107142857142854,Optimal
4703804,"Harris, Truth",La Salle,-0.246926,0.47864443,0.2317184306373596,-5.690281560302735,6.153718302368164,-3.5122815870056154,3.9757183290710447,4703804.0,14.947826086956525,5.0,9.947826086956525,Overutilized
4703833,"Cooley, Javon",Pepperdine,-1.66541,0.6878215,-0.9775884925460816,-6.89958854309082,4.944411319580079,-4.721588569793701,2.766411346282959,4703833.0,18.876666666666665,15.0,3.876666666666665,Optimal
4703837,"Staton-McCray, A.J.",Seton Hall,3.57695,-0.5774091,2.9995409113883973,-2.9224591987609863,8.921540663909912,-0.7444592254638671,6.743540929031372,4703837.0,21.557575757575755,15.0,6.557575757575755,Overutilized
4703887,"Pringle, Nick",Arkansas,4.40279,-0.5522572,3.850532819786072,-2.0714669923400875,9.77253287033081,0.1065329809570316,7.594532897033692,4703887.0,11.728571428571428,15.0,-3.271428571428572,Optimal
4703893,Trey Hall,Maryland Eastern Shore,-11.7557,4.2066226,-7.549077399444579,-13.471077330780028,-1.6270779449462882,-11.29307735748291,-3.805077441406249,4703893.0,20.36428571428571,15.0,5.36428571428571,Overutilized
4703899,"Fleming Jr., Howie",UNLV,2.39891,0.46441016,2.8633201560115813,-3.058679626312256,8.785320236358643,-0.880679891433716,6.607320263061523,4703899.0,18.75483870967741,25.0,-6.245161290322585,Underutilized
4703912,"Heise, Nate",Iowa St.,6.05275,-1.1070979,4.945652135848999,-0.9763475570678716,10.867652305603029,1.2016519393920897,8.689652093887329,4703912.0,11.178378378378376,15.0,-3.821621621621624,Optimal
4703977,"Ebonkoli, Melvyn",NJIT,-4.88264,0.9028877,-3.97975229801178,-9.90175211013794,1.942247752532959,-7.723752136840821,-0.2357522207641604,4703977.0,17.905,25.0,-7.094999999999999,Underutilized
4703980,"Wicks, Skylar",Saint Francis,-2.48087,1.8854223,-0.5954476510238647,-6.517447701568603,5.326552161102296,-4.339447609062194,3.148552187805176,4703980.0,29.635714285714283,25.0,4.635714285714283,Optimal
4703983,Jacob Ognacevic,Washington,1.17125,-2.0410664,-0.8698164081573487,-6.791816101074219,5.0521835231781,-4.613816604614258,2.874183549880981,4703983.0,15.441666666666668,5.0,10.441666666666668,Overutilized
4704015,"Speer, Jalen",Marshall,-0.999383,0.82297695,-0.1764060531692505,-6.09840586529541,5.745593997375488,-3.920405891998291,3.567594024078369,4704015.0,26.48387096774193,25.0,1.4838709677419324,Optimal
4704078,"Fulks, Themus",UCF,0.775388,1.5740594,2.3494473671798706,-3.572552444946289,8.271447417724609,-1.39455247164917,6.09344744442749,4704078.0,26.01212121212121,35.0,-8.987878787878785,Underutilized
4704090,Milton Matthews III,East Tennessee State,-1.25515,-2.3617818,-3.6169318355560303,-9.53893200531006,2.305068095779419,-7.360931555175782,0.1270681224822998,4704090.0,16.209523809523812,15.0,1.2095238095238123,Optimal
4704109,"Wright, Justin",UNC Asheville,-2.06741,0.7113382,-1.3560717779731752,-7.278071888122559,4.565927974548339,-5.100071676406861,2.3879280012512205,4704109.0,26.41034482758621,35.0,-8.589655172413789,Underutilized
4705371,"Madimba, Joey",Prairie View,-2.91934,0.5814386,-2.3379013989830018,-8.259901389923096,3.5840984727478027,-6.081901416625977,1.4060984994506835,4705371.0,18.104,25.0,-6.896000000000001,Underutilized
4705373,Freddy Hicks,Tarleton State,-0.429623,0.058523793,-0.3710992072265148,-6.293099276397705,5.550900586273193,-4.115099064682007,3.372900851394653,4705373.0,20.663636363636364,15.0,5.663636363636364,Overutilized
4706260,"Corey, Myles",Rhode Island,2.19206,-0.99249953,1.199560469684601,-4.722439282836914,7.121560579833984,-2.544439309539795,4.943560368118286,4706260.0,19.553125,25.0,-5.446874999999999,Underutilized
4706262,"Henderson, Jaden",Cal St. Fullerton,-2.68576,0.4639985,-2.22176150346756,-8.143761613616944,3.700238249053955,-5.965761401901245,1.5222382757568358,4706262.0,19.63,15.0,4.629999999999999,Optimal
4706561,"Mejia, Milan",Louisiana,-2.61907,-0.22668707,-2.8457570737075804,-8.767756885833741,3.0762429768371584,-6.589756912536621,0.8982430035400393,4706561.0,9.37586206896552,15.0,-5.624137931034481,Underutilized
4706918,"Forte, Chase",Boston College,0.278982,0.6422587,0.9212407037086487,-5.000759287231445,6.843240575439453,-2.822759313934326,4.665240602142334,4706918.0,19.21935483870968,25.0,-5.780645161290323,Underutilized
4707481,"Imariagbe, Michael",Wright St.,3.10865,0.19622418,3.304874182844162,-2.617125718688965,9.226874143981934,-0.4391257453918458,7.048874170684814,4707481.0,24.762500000000003,35.0,-10.237499999999995,Underutilized
4707808,"Schmidt, Tyler",Towson,-0.698459,-0.24695921,-0.9454182094421388,-6.867418140777588,4.976581721893311,-4.6894181674804685,2.7985817485961912,4707808.0,11.203333333333331,25.0,-13.796666666666669,Underutilized
4708176,Ramon Walker Jr.,Houston,4.03404,-0.4666996,3.567340399780273,-2.354659531555176,9.489340331115724,-0.1766595582580565,7.311340357818604,4708176.0,12.28965517241379,5.0,7.28965517241379,Overutilized
4708219,"Mosher, Tay",East Texas A&M,-3.45645,0.5060045,-2.950445487689972,-8.872445597839356,2.971554264831543,-6.6944453861236575,0.793554291534424,4708219.0,14.536,5.0,9.536,Overutilized
4708533,Tyler Robinett,Youngstown State,-3.84915,0.5698065,-3.279343483829498,-9.201343355560304,2.642656507110596,-7.023343382263183,0.4646565338134767,4708533.0,13.88,15.0,-1.120000000000001,Optimal
4708534,"Radford, Johnny",Eastern Wash.,-0.615379,0.3877377,-0.2276413085975647,-6.149641180328369,5.694358682342529,-3.97164120703125,3.5163587090454103,4708534.0,16.53125,15.0,1.53125,Optimal
4709133,Myles Rice,Maryland,-0.161579,1.0420835,0.8805045018157959,-5.041495191101074,6.8025046715698245,-2.8634954562225343,4.624504221435547,4709133.0,19.1,15.0,4.099999999999998,Optimal
4709141,"Mallette, Houston",Alabama,6.73912,-0.8835186,5.855601423377991,-0.0663986271667482,11.77760123550415,2.111601346130371,9.599601262207033,4709141.0,12.4,15.0,-2.6,Optimal
4709142,"Rochelin, Justin",Pacific,1.75746,0.27104193,2.0285019297218323,-3.8934980612182617,7.950501801452637,-1.7154980879211426,5.772501828155518,4709142.0,18.44516129032258,15.0,3.445161290322581,Optimal
4709150,Kuluel Mading,Charlotte,-3.26554,0.09381754,-3.171722460486889,-9.093722220458984,2.750277642211914,-6.915722485580444,0.5722774304962157,4709150.0,15.56470588235294,25.0,-9.43529411764706,Underutilized
4709320,"Hill, Anquan",Sacred Heart,-2.7586,1.5014325,-1.2571674619674682,-7.179167512512207,4.664832350158692,-5.001167539215087,2.4868323768615723,4709320.0,26.084615384615383,25.0,1.0846153846153823,Optimal
4709424,"Lang, Sean",Mercyhurst,-2.52818,-1.38274,-3.910920020751953,-9.8329199520874,2.011079910583496,-7.654919978790283,-0.1669200627136229,4709424.0,7.263333333333333,15.0,-7.736666666666667,Underutilized
4709454,"Howell, Dallas",North Ala.,-2.25592,0.4408241,-1.8150959085655207,-7.737095899505615,4.106903963165284,-5.559095926208496,1.928903989868164,4709454.0,14.714285714285712,15.0,-0.2857142857142882,Optimal
4710354,"Gray Jr., Michael",Wichita St.,0.596838,0.6405042,1.2373421813850405,-4.684657571136475,7.159342291534424,-2.5066578362579346,4.981342318237305,4710354.0,17.414285714285715,25.0,-7.585714285714285,Underutilized
4710358,"Nelson, Jason",Youngstown St.,-1.55124,0.43559247,-1.1156475274467468,-7.037647279968262,4.806352582702637,-4.859647545089722,2.6283526094055176,4710358.0,18.382758620689657,5.0,13.382758620689655,Overutilized
4710359,Aidan Noyes,Belmont,0.650441,-1.100275,-0.4498340396728515,-6.371833971008301,5.4721658916625975,-4.193833997711182,3.2941659183654783,4710359.0,10.3,15.0,-4.700000000000001,Optimal
4710770,"Johnson, Meechie",South Carolina,4.33608,0.5107224,4.846802398757935,-1.0751977709960938,10.768802091674804,1.1028024407196044,8.590802595214843,4710770.0,28.71875,35.0,-6.28125,Underutilized
4711255,"Fears Jr., Jeremy",Michigan St.,8.1909,-1.3921332,6.798766764068603,0.8767668327331535,12.720766695404052,3.0547668060302726,10.542766722106933,4711255.0,27.137142857142862,35.0,-7.862857142857138,Underutilized
4711256,"Foster, Caleb",Duke,4.03202,-0.6554167,3.37660327293396,-2.54539641998291,9.298603442687988,-0.367396923522949,7.12060323097229,4711256.0,17.593939393939394,25.0,-7.406060606060606,Underutilized
4711258,Trey Green,Saint Louis,5.84374,-2.2103643,3.633375658264161,-2.2886242730712887,9.55537558959961,-0.1106242997741695,7.377375616302491,4711258.0,16.28181818181818,25.0,-8.718181818181819,Underutilized
4711259,"Gibbs-Lawhorn, Dra",UNLV,3.17975,0.14375098,3.3235009804964064,-2.5984987869262697,9.24550107574463,-0.4204990520477296,7.067500864028931,4711259.0,25.423529411764708,35.0,-9.576470588235292,Underutilized
4711260,"Parks, Austin",Toledo,2.14531,0.239493,2.3848029975271223,-3.5371970381164552,8.306802824554444,-1.359197064819336,6.1288028512573245,4711260.0,20.659375,25.0,-4.340624999999999,Optimal
4711262,"Williamson-Johnson, Jeremiah",Campbell,-1.60145,1.3279563,-0.2734936811447144,-6.195493731689453,5.6485061309814455,-4.017493758392334,3.4705061576843264,4711262.0,21.58125,25.0,-3.4187499999999997,Optimal
4711264,Jahnathan Lamothe,UNC Wilmington,-0.000568539,-1.0750331,-1.0756016076569217,-6.99760165820166,4.846398204469239,-4.819601684904541,2.668398231172119,4711264.0,17.005263157894735,25.0,-7.994736842105265,Underutilized
4711266,Jaydon Young,North Carolina,-0.102614,1.0660833,0.963469312034607,-4.958530500091553,6.885469362579346,-2.7805305267944336,4.707469389282227,4711266.0,15.203225806451613,25.0,-9.796774193548387,Underutilized
4711267,"Dixon, Jurian",UC Irvine,1.21627,-0.39234138,0.8239286246490478,-5.098071545104981,6.745928317565918,-2.9200710949707034,4.567928582687378,4711267.0,24.36969696969697,25.0,-0.630303030303029,Optimal
4711270,Sebastian Mack,Missouri,-2.46558,1.1206331,-1.3449468746948243,-7.2669468060302735,4.577053056640625,-5.088946832733154,2.3990530833435058,4711270.0,22.177777777777777,25.0,-2.822222222222223,Optimal
4711271,"Cherenfant, Carl",McNeese,2.4798,-0.966817,1.512982978630066,-4.409016833496094,7.434983029174805,-2.2310168601989746,5.2569830558776856,4711271.0,12.296774193548387,25.0,-12.703225806451613,Underutilized
4711273,Gabe Sisk,East Tennessee State,0.855237,-1.615585,-0.7603479695205688,-6.682347781646729,5.16165208102417,-4.50434780834961,2.9836521077270506,4711273.0,24.3625,35.0,-10.637500000000005,Underutilized
4711279,"Middleton, Scotty",Tulane,-0.656341,-0.19909163,-0.8554326281938552,-6.777432365814209,5.066567496856689,-4.599432630935669,2.888567285140992,4711279.0,14.896875,5.0,9.896875,Overutilized
4711280,"Hardaway, Ashton",Memphis,1.23337,0.13719252,1.3705625175189973,-4.551437205200196,7.292562657470703,-2.3734374703216554,5.114562445755005,4711280.0,15.948,5.0,10.948,Overutilized
4711281,"Steffe, Drew",Southern Ill.,0.887878,0.3858325,1.2737104885368349,-4.648289621612549,7.195710241058349,-2.470289409896851,5.01771026776123,4711281.0,17.851612903225806,15.0,2.8516129032258064,Optimal
4711295,"Diop, Assane",San Diego,-1.39348,1.192569,-0.2009109825897217,-6.12291115234375,5.721088710327148,-3.944910940628052,3.5430892138671872,4711295.0,17.559259259259257,25.0,-7.440740740740743,Underutilized
4711296,Brandon Gardner,Sacramento State,-4.15772,1.1780093,-2.979710728378296,-8.901710898132325,2.942288964538574,-6.723710686416626,0.764289468078613,4711296.0,12.361538461538462,5.0,7.361538461538462,Overutilized
4711303,Donovan Raymond,Old Dominion,0.748073,-1.9796135,-1.2315405425567627,-7.153540235473633,4.690459388778686,-4.975540739013672,2.512459415481567,4711303.0,11.046666666666663,25.0,-13.953333333333337,Underutilized
4711304,"Booker, Xavier",UCLA,7.54387,-0.60083884,6.943031159992218,1.0210314074707032,12.865031270141602,3.1990313807678223,10.687031058425903,4711304.0,14.563888888888888,5.0,9.563888888888888,Overutilized
4711306,"Garrison, Brandon",Kentucky,5.82419,-0.59927344,5.224916556777954,-0.6970836129760745,11.146916249694824,1.4809168371582029,8.968916514816284,4711306.0,15.761111111111108,25.0,-9.238888888888892,Underutilized
4711400,"Kepnang, Franck",Washington,4.52049,0.120954685,4.641444684913158,-1.2805554177856449,10.563444444885253,0.8974447939300534,8.385444710006713,4711400.0,15.237037037037036,15.0,0.2370370370370356,Optimal
4711402,"Ross, Jordan",Georgia,1.29571,0.061928947,1.3576389465248584,-4.564361182250977,7.279638680419922,-2.386360970535278,5.1016389455413815,4711402.0,16.040625,25.0,-8.959375000000001,Underutilized
4711691,"Graham, James",Alabama A&M,-3.65001,0.3524394,-3.2975705964660644,-9.219570527801514,2.624429334869385,-7.0415705545043945,0.4464293615722656,4711691.0,19.028,15.0,4.028000000000002,Optimal
4711838,"Habib, Ismail",Southern Ind.,-5.1185,1.6306518,-3.487848168373108,-9.409847980499269,2.434151882171631,-7.231848007202148,0.2561519088745116,4711838.0,25.248,35.0,-9.752,Underutilized
4711900,Jalen Ricks,UT Rio Grande Valley,-1.39023,0.58355474,-0.8066752552795411,-6.72867518661499,5.115324676055908,-4.550675213317871,2.937324702758789,4711900.0,18.57,5.0,13.57,Overutilized
4712656,"Minott, Tre-Vaughn",Portland St.,1.66387,0.39782286,2.0616928569030764,-3.860307074432373,7.983692788238526,-1.682307101135254,5.805692814941406,4712656.0,14.885714285714286,25.0,-10.114285714285714,Underutilized
4712832,"Hargress, Barrington",Colorado,4.04103,-1.3109212,2.7301088078308107,-3.1918911235046385,8.652108739166259,-1.0138911502075194,6.474108765869141,4712832.0,19.46060606060606,25.0,-5.539393939393939,Underutilized
4712834,"Gittens, Dashon",Sacred Heart,2.47028,0.085735336,2.556015335946083,-3.3659846102905275,8.47801525238037,-1.1879846369934084,6.300015279083252,4712834.0,19.496774193548383,25.0,-5.5032258064516135,Underutilized
4712836,"Trimble, Seth",North Carolina,4.98996,-0.43602356,4.553936436853409,-1.3680636434936524,10.475936219177246,0.8099363298034667,8.297936484298706,4712836.0,21.6875,25.0,-3.3125,Optimal
4712837,"Nunez, Austin",UTSA,-8.16867,1.7623425,-6.406327546997071,-12.32832747833252,-0.4843276156616216,-10.1503275050354,-2.6623275889587408,4712837.0,23.35,15.0,8.350000000000001,Overutilized
4712838,"Walker, Leland",Wyoming,0.549987,1.1259034,1.6758903679962158,-4.246109801757813,7.597890060913086,-2.0681095900421145,5.419890564453125,4712838.0,27.71875,35.0,-7.28125,Underutilized
4712843,"Jackson, Chandler",Arkansas St.,1.08173,0.14895956,1.2306895621824263,-4.6913102946472165,7.152689568023682,-2.5133103213500974,4.974689594726563,4712843.0,21.80666666666667,35.0,-13.193333333333332,Underutilized
4712845,"McKneely, Isaac",Louisville,4.72806,-0.3967402,4.331319801864624,-1.590679891052246,10.253319971618652,0.587319605407715,8.075319759902953,4712845.0,14.731428571428571,5.0,9.731428571428571,Overutilized
4712846,"Schutt, Jaden",Virginia Tech,2.45252,-0.6655203,1.7869996895980833,-4.135000122528076,7.708999740142822,-1.9570001492309568,5.530999766845703,4712846.0,13.21875,15.0,-1.78125,Optimal
4712848,"Guy-King, Javion",Central Ark.,0.22943,-0.2825182,-0.0530882080268859,-5.97508831817627,5.868911544494629,-3.797088344879151,3.6909118096160887,4712848.0,22.476666666666667,35.0,-12.523333333333332,Underutilized
4712862,"Dia, Malik",Ole Miss,0.197415,2.3573592,2.554774170913696,-3.367225760421753,8.476773863830566,-1.189225787124634,6.298774367370606,4712862.0,30.87142857142857,35.0,-4.12857142857143,Optimal
4712866,"Traudt, Isaac",Creighton,0.249388,0.07619172,0.3255797233467102,-5.596420029174805,6.2475798334960935,-3.4184202942962645,4.069579621780395,4712866.0,14.170588235294115,25.0,-10.829411764705885,Underutilized
4712893,"Carr, Isaiah",Drake,2.52504,-0.39104837,2.133991628208161,-3.788008362731933,8.055991499938965,-1.6100083894348145,5.877991526641846,4712893.0,17.02,25.0,-7.98,Underutilized
4712902,"Corhen, Cameron",Pittsburgh,2.58425,0.8792938,3.463543799400329,-2.45845601272583,9.38554384994507,-0.280456039428711,7.207543876647949,4712902.0,22.16060606060606,15.0,7.16060606060606,Overutilized
4719433,"Mackey, Julian",FIU,-0.657891,0.2379024,-0.4199885971221924,-6.341988290039063,5.502011572631836,-4.163988555160523,3.324011360916137,4719433.0,23.429629629629627,35.0,-11.570370370370371,Underutilized
4781728,Cole Middleton,Lipscomb,-8.70974,2.2992322,-6.410507755508423,-12.332507686843872,-0.4885075857543945,-10.154507713546751,-2.666508035888672,4781728.0,21.275,15.0,6.275000000000002,Overutilized
4791227,"McGlockton, Devin",Vanderbilt,6.81764,-0.19742216,6.6202178383016586,0.6982180410766601,12.54221790374756,2.8762177759552,10.36421769203186,4791227.0,16.933333333333334,25.0,-8.066666666666666,Underutilized
4810230,"Kojenets, Oleg",Stony Brook,-6.79179,2.1770456,-4.614744416275024,-10.536744347610473,1.307255753479004,-8.358744374313353,-0.8707446966552732,4810230.0,20.79666666666667,5.0,15.79666666666667,Overutilized
4816087,"Cuffe Jr., Kyle",Mercer,-5.97741,0.67560285,-5.301807146701813,-11.223807018432616,0.6201928442382814,-9.045807045135495,-1.5578071290588378,4816087.0,18.15,25.0,-6.849999999999998,Underutilized
4823976,"Waddell, Brian",Bellarmine,-0.937217,-0.0659591,-1.0031761034054756,-6.925175908081055,4.918823954589843,-4.747176173202515,2.740823742874145,4823976.0,21.12333333333333,15.0,6.123333333333335,Overutilized
4837238,"DeVries, Tucker",Indiana,6.95691,0.59629965,7.553209648284912,1.6312097169494626,13.475209579620362,3.8092096902465817,11.297209606323245,4837238.0,21.262500000000003,25.0,-3.737499999999997,Optimal
4837356,"Donaldson, Tre",Miami (FL),5.25951,-0.35713312,4.902376879701614,-1.0196228430175784,10.82437701965332,1.1583771302795407,8.64637680793762,4837356.0,24.468571428571423,35.0,-10.531428571428574,Underutilized
4838703,"Hendricks, Tyler",Utah Valley,2.85901,-1.545497,1.313513059387207,-4.608486871948243,7.235512990722656,-2.430486898651123,5.057513017425537,4838703.0,15.732,15.0,0.7320000000000011,Optimal
4838704,"Bond III, Leon",UNI,2.63022,0.42298558,3.053205583543777,-2.868794377593994,8.975205485076904,-0.690794404296875,6.797205511779785,4838704.0,18.945714285714285,25.0,-6.054285714285715,Underutilized
4838705,Chase Cormier,Iona,-4.06584,0.3316047,-3.734235310640335,-9.65623545059204,2.1877644120788577,-7.4782352388763424,0.0097644387817386,4838705.0,10.421875,5.0,5.421875,Overutilized
4838711,"Jovanovich, Danilo",Milwaukee,2.3239,-1.0862114,1.2376885570526124,-4.684311135864258,7.159688726806641,-2.506311639404297,4.981688515090943,4838711.0,17.625,25.0,-7.375,Underutilized
4838717,"Wessler, Patrick",UNCW,2.37855,1.0634035,3.441953487205505,-2.480046324920654,9.363953537750245,-0.302046351623535,7.185953564453126,4838717.0,24.8125,25.0,-0.1875,Optimal
4838721,"Nickel, Tyler",Vanderbilt,6.34431,-0.88439846,5.4599115396118165,-0.4620883917236327,11.381911470947266,1.7159115815734864,9.203911497650148,4838721.0,16.697222222222223,25.0,-8.302777777777777,Underutilized
4838723,"Reed, Josh",Penn St.,1.93493,0.52407515,2.459005150489807,-3.462994900054932,8.381004962615966,-1.2849949267578125,6.203004989318847,4838723.0,19.16875,25.0,-5.831250000000001,Underutilized
4838724,Sage Tolentino,UNC Asheville,-0.647493,-2.5954132,-3.2429062080078124,-9.164906139343262,2.679093723327637,-6.986906166046143,0.5010937500305176,4838724.0,5.144,5.0,0.1440000000000001,Optimal
4838752,"Allenspach, Riley",George Mason,2.3796,0.33425626,2.713856261587143,-3.208143759155273,8.635856103515625,-1.0301437858581544,6.457856130218506,4838752.0,25.187096774193545,35.0,-9.812903225806457,Underutilized
4845358,"Blocker, Layden",DePaul,1.26966,0.11302317,1.3826831693387032,-4.539316650238037,7.304683212432861,-2.361316676940918,5.126683239135742,4845358.0,24.096875,25.0,-0.9031249999999992,Optimal
4845361,"Shelstad, Jackson",Oregon,3.22868,-0.0034007716,3.225279228354171,-2.6967207339477537,9.147279128723143,-0.5187207606506345,6.969279155426026,4845361.0,22.45,25.0,-2.5500000000000007,Optimal
4845365,"Wilson, Sonny",Toledo,1.18421,-0.0064459727,1.1777640272854268,-4.744235816040039,7.09976404663086,-2.56623584274292,4.92176407333374,4845365.0,23.01875,15.0,8.018749999999997,Overutilized
4845368,"Washington, Tru",Miami (FL),4.71743,-0.9375593,3.7798706933784487,-2.142129059143066,9.701870803527832,0.0358709141540529,7.523870591812134,4845368.0,21.24838709677419,25.0,-3.751612903225809,Optimal
4845369,"Johnson, Ty-Laur",San Diego,1.06091,-0.08473821,0.9761717901563643,-4.945828185882569,6.89817167678833,-2.7678282125854494,4.720171703491211,4845369.0,30.09999999999999,35.0,-4.900000000000009,Optimal
4845370,"Rolison, Tyler",Nevada,-0.303012,0.27880868,-0.0242033168430328,-5.946203337585449,5.897796525085449,-3.76820336428833,3.71979655178833,4845370.0,19.11764705882353,25.0,-5.882352941176471,Underutilized
4845373,"Dai Ames, Dai",California,0.0414022,1.465997,1.5073991806671143,-4.414600989086914,7.429398873583985,-2.236600777371216,5.251399377124024,4845373.0,24.87575757575758,25.0,-0.1242424242424213,Optimal
4845378,"Hutchinson, Jacoi",Longwood,-0.96807,0.37211612,-0.5959538813304901,-6.517953842468262,5.326046020202637,-4.339953869171143,3.1480460469055176,4845378.0,22.72758620689655,25.0,-2.27241379310345,Optimal
4845379,"Gross, Tristan",Mercer,-0.895134,-1.8750836,-2.770217565711975,-8.692217377838135,3.151782484832764,-6.514217404541015,0.973782392326355,4845379.0,10.971999999999998,15.0,-4.028000000000002,Optimal
4845380,"Johnson, Maki",ETSU,1.39682,-2.093965,-0.6971450535583497,-6.619144508056641,5.2248548777771,-4.44114501159668,3.0468549044799804,4845380.0,11.1375,15.0,-3.8625000000000007,Optimal
4845382,"Friedrichsen, Parker",Davidson,1.95408,-0.21971834,1.734361662940979,-4.18763838760376,7.656361475067139,-2.0096384143066404,5.47836150177002,4845382.0,20.921875,15.0,5.921875,Overutilized
4845387,"Cupps, Gabe",Ohio St.,1.62731,0.4150672,2.042377195892334,-3.879622735443115,7.964377127227783,-1.701622762145996,5.786377153930664,4845387.0,11.069696969696968,25.0,-13.930303030303032,Underutilized
4845388,"Jones, Jaylen",Jacksonville,-2.43574,0.2827563,-2.1529837012195587,-8.074983602752685,3.769016259918213,-5.896983629455566,1.5910162866210935,4845388.0,22.824137931034485,35.0,-12.175862068965516,Underutilized
4848619,"Bizjack, Finley",Butler,1.97885,0.8587886,2.8376386095047,-3.084361441040039,8.759638421630859,-0.90636146774292,6.58163844833374,4848619.0,22.25161290322581,25.0,-2.7483870967741915,Optimal
4848625,Dailyn Swain,Texas,9.43828,-0.10601485,9.332265152244569,3.410265340118409,15.254265202789307,5.588265313415528,13.076265229492188,4848625.0,26.171428571428567,25.0,1.1714285714285673,Optimal
4848628,"Thomas, MJ",New Orleans,3.06968,-0.123544976,2.946135023884773,-2.9758651011657715,8.868134761505127,-0.7978648894500733,6.690135026626587,4848628.0,20.8625,25.0,-4.137500000000003,Optimal
4848629,"Tripp, Jahmere",Rhode Island,2.6195,-1.2180173,1.401482660293579,-4.520517509460449,7.32348235321045,-2.342517059326172,5.14548261833191,4848629.0,25.57037037037037,25.0,0.5703703703703695,Optimal
4848630,"Parker, Jr., Dennis",Radford,0.0269079,0.5866263,0.6135341912750244,-5.308465978479004,6.535533884191895,-3.130465766763306,4.357534387731934,4848630.0,27.724137931034488,35.0,-7.275862068965512,Underutilized
4848631,"Presley, Malik",George Mason,-1.09508,-0.053981084,-1.1490610843765736,-7.071061235504151,4.772938627166748,-4.893061023788452,2.594938892288208,4848631.0,12.121875,15.0,-2.8781250000000007,Optimal
4848637,"Momcilovic, Milan",Iowa St.,7.63581,-1.4373978,6.198412162361145,0.2764121118164064,12.120411974487304,2.4544120851135256,9.942412001190185,4848637.0,17.96486486486486,25.0,-7.035135135135139,Underutilized
4848640,Cade Phillips,Tennessee,6.59033,0.41015747,7.000487471895218,1.0784877491760252,12.922487611846924,3.256487484054565,10.744487638549804,4848640.0,11.31,5.0,6.3100000000000005,Overutilized
4848644,"'JQ' Roberts, JaQualon",Davidson,1.64054,-0.90806204,0.7324779591941835,-5.189521912536621,6.654477950134277,-3.011521939239502,4.476477976837158,4848644.0,16.76774193548387,25.0,-8.232258064516131,Underutilized
4858604,"Sandfort, Pryce",Nebraska,8.67799,-1.6710501,7.006939928283691,1.0849399969482416,12.92893985961914,3.2629399702453608,10.75093988632202,4858604.0,21.03428571428572,25.0,-3.965714285714285,Optimal
4858606,"Chest, Corey",Ole Miss,6.78003,-0.6786483,6.101381706981659,0.1793815968322754,12.023381459503174,2.3573815701293945,9.845381724624634,4858606.0,13.617647058823527,35.0,-21.38235294117647,Underutilized
4858609,"Grady, Osiris",UC Riverside,-3.94214,2.0101957,-1.931944267883301,-7.85394419921875,3.990055663452148,-5.675944225921631,1.812055690155029,4858609.0,18.606666666666666,15.0,3.6066666666666656,Optimal
4858612,"DeLaurier, Eli",East Carolina,-5.44442,1.726099,-3.7183209857177735,-9.640320917053224,2.203678945617676,-7.462320943756103,0.0256789723205566,4858612.0,19.04090909090909,15.0,4.040909090909089,Optimal
4869737,"Yates III, Wesley",Washington,2.49033,0.18471272,2.6750427228975298,-3.2469570445251463,8.597042818145752,-1.0689573096466063,6.419042606430054,4869737.0,21.466666666666665,15.0,6.466666666666665,Overutilized
4869739,"Stewart, Sean",Oregon,2.60043,0.7902171,3.390647101573944,-2.53135300857544,9.312646854095458,-0.3533527968597414,7.134646880798339,4869739.0,17.534375,15.0,2.5343750000000007,Optimal
4869741,"Traore, Yohan",Butler,1.3484,-0.34601247,1.0023875268936158,-4.919612523651123,6.924387339019775,-2.741612550354004,4.746387365722656,4869741.0,17.512500000000003,25.0,-7.487499999999997,Underutilized
4869764,"Cadeau, Elliot",Michigan,5.51927,0.10513491,5.624404911835193,-0.2975949673461917,11.546404895324706,1.880405005950928,9.368404922027588,4869764.0,22.895000000000003,25.0,-2.104999999999997,Optimal
4869766,Naas Cunningham,UNLV,-4.46453,1.429654,-3.034875997810364,-8.956875809936523,2.887124052734375,-6.778875836639404,0.709124079437256,4869766.0,18.805,5.0,13.805,Overutilized
4869767,"Elohim, Isaiah",Fla. Atlantic,0.00806453,0.34556484,0.3536293722241211,-5.568370559111328,6.275629303559571,-3.390370585814209,4.097629330262452,4869767.0,19.203333333333337,15.0,4.203333333333337,Optimal
4869768,"Castillo, David",Kansas St.,-2.13734,1.1973456,-0.9399943855667114,-6.861994197692871,4.982005664978027,-4.683994224395752,2.804005691680908,4869768.0,18.15625,25.0,-6.84375,Underutilized
4869770,"Jackson, Ian",St. John's (NY),2.71835,0.033336442,2.751686441963911,-3.1703132919311523,8.673686570739747,-0.9923135570526124,6.495686359024048,4869770.0,24.79166666666667,15.0,9.791666666666671,Overutilized
4869777,"Knox, Karter",Arkansas,4.74481,-0.18985274,4.554957255659104,-1.3670426458740232,10.476957216796876,0.8109573274230959,8.298957243499757,4869777.0,16.95,25.0,-8.05,Underutilized
4869778,Ahmad Nowell,VCU,3.07128,-2.0150487,1.0562312577056885,-4.86576891204834,6.9782311890411375,-2.6877684619140627,4.800231215744018,4869778.0,16.25714285714286,15.0,1.2571428571428598,Optimal
4869779,Jamari Phillips,Oregon,-3.97985,1.8073646,-2.172485416984558,-8.094485467529296,3.7495143951416017,-5.916485375022888,1.5715144218444823,4869779.0,14.973076923076924,5.0,9.973076923076924,Overutilized
4869785,Jayden Williams,Incarnate Word,1.725,-1.4300413,0.2949586868286133,-5.627041244506836,6.216958618164062,-3.4490412712097167,4.038958644866943,4869785.0,14.314285714285717,5.0,9.314285714285717,Overutilized
4870444,"Gorosito, Juanse",San Diego,-0.0917191,0.19660284,0.1048837362512588,-5.817116209985351,6.026883652685547,-3.6391162366882326,3.848883679388428,4870444.0,21.74516129032258,25.0,-3.2548387096774185,Optimal
4870563,Jackson Skipper,Vermont,-7.29827,1.8339716,-5.4642983803939815,-11.38629843093872,0.4577014317321781,-9.20829833843231,-1.720298541564941,4870563.0,11.903571428571428,15.0,-3.0964285714285733,Optimal
4870564,"Jefferson, Joshua",Iowa St.,11.2303,-0.47346628,10.756833722877502,4.834833672332763,16.678833535003662,7.0128336456298825,14.500833561706544,4870564.0,28.554285714285715,25.0,3.554285714285715,Optimal
4870565,"Saunders, Elijah",Maryland,3.12688,-0.02159215,3.10528785048902,-2.8167120715332032,9.027287791137695,-0.6387120982360841,6.849287817840576,4870565.0,14.178787878787878,25.0,-10.821212121212122,Underutilized
4870569,"Brennan, Duke",Villanova,7.43174,0.65463376,8.08637376045227,2.1643735906982418,14.00837345336914,4.34237380241394,11.83037395690918,4870569.0,21.168750000000003,25.0,-3.831249999999997,Optimal
4872727,"Imes, Logan",Notre Dame,0.376941,0.8997003,1.2766412840042114,-4.645358766540527,7.198641096130372,-2.467358793243408,5.020641122833252,4872727.0,14.899999999999997,25.0,-10.100000000000003,Underutilized
4872739,"Jackson, Elmarko",Kansas,2.44396,-0.10637308,2.337586920878888,-3.5844132414245604,8.259586621246338,-1.4064130297088622,6.081586886367798,4872739.0,16.891176470588235,5.0,11.891176470588237,Overutilized
4872740,"Carr, Coen",Michigan St.,6.08274,0.34804443,6.4307844252491,0.5087844641113284,12.352784326782228,2.6867844374084475,10.174784353485109,4872740.0,19.988571428571426,25.0,-5.011428571428574,Underutilized
4872743,"McBride, Aaron",LMU (CA),3.30589,-0.9649807,2.3409092785263064,-3.5810905335998533,8.262909329071045,-1.4030905603027342,6.0849093557739256,4872743.0,14.653333333333332,25.0,-10.346666666666668,Underutilized
4872744,Dennis Evans,Grand Canyon,6.56149,-2.4211159,4.140374124755859,-1.7816258065795898,10.062374056091308,0.3963741667175293,7.884374082794189,4872744.0,13.284,5.0,8.284,Overutilized
4873086,"Miller, Mercy",Houston,7.4877,-1.5777067,5.909993305397034,-0.0120067451477048,11.831993117523194,2.1659932281494143,9.653993144226074,4873086.0,16.802777777777774,5.0,11.802777777777774,Overutilized
4873089,"Pettiford, Tahaad",Auburn,2.38141,-0.36557153,2.015838471326828,-3.906161430206299,7.937838432464599,-1.72816145690918,5.75983845916748,4873089.0,25.207894736842103,35.0,-9.792105263157897,Underutilized
4873090,"Philon, Labaron",Alabama,8.53411,-0.42063785,8.113472154006958,2.1914719842529298,14.035471846923828,4.369472434387207,11.857472112045288,4873090.0,30.2969696969697,25.0,5.2969696969697,Overutilized
4873093,"Thomas Jr., Dedan",LSU,4.97472,-0.090303175,4.884416824848652,-1.0375828755187992,10.8064169871521,1.1404168593597408,8.628416775436401,4873093.0,26.625,25.0,1.625,Optimal
4873100,"Perry, Travis",Ole Miss,3.29467,-0.15765326,3.137016742749214,-2.784983263092041,9.059016599578856,-0.6069832897949219,6.881016626281738,4873100.0,15.445714285714288,25.0,-9.554285714285712,Underutilized
4873101,"Jenkins, Jeremiah",Brown,-1.52702,-0.22404273,-1.7510627285432816,-7.673062823791504,4.170937038879394,-5.495062612075806,1.9929373040008544,4873101.0,20.968000000000004,25.0,-4.0319999999999965,Optimal
4873105,"Hammond, Ben",Virginia Tech,5.04504,-0.026546672,5.01849332801342,-0.9035064096069334,10.940493453063963,1.2744933252716066,8.762493241348267,4873105.0,20.75,25.0,-4.25,Optimal
4873107,Darren Harris,Duke,4.51837,-2.170242,2.3481279288482666,-3.5738722409057617,8.270127860183717,-1.3958717907714844,6.092127886886597,4873107.0,14.025,15.0,-0.9750000000000014,Optimal
4873111,"Teng, Kur",Michigan St.,2.76533,0.11882423,2.884154228644371,-3.037845926208496,8.806153936462403,-0.8598457144927978,6.628154201583863,4873111.0,19.59428571428572,15.0,4.594285714285718,Optimal
4873112,Dellquan Warren,Mississippi State,-5.11041,2.312402,-2.79800799003601,-8.72000792137146,3.1239917028808595,-6.542007948074341,0.9459922064208984,4873112.0,14.43684210526316,5.0,9.43684210526316,Overutilized
4873115,"Williams, TJ",Wichita St.,1.73316,0.2060969,1.9392569024896624,-3.982742805328369,7.861257057342529,-1.804743070449829,5.683256845626831,4873115.0,22.152941176470588,35.0,-12.847058823529412,Underutilized
4873141,"Betsey, Tyler",Syracuse,1.09383,-0.40478176,0.6890482412147523,-5.232951749725341,6.611048112945557,-3.0549517764282226,4.433048139648438,4873141.0,15.416129032258064,15.0,0.4161290322580644,Optimal
4873143,"Jones, Del",Radford,-3.91531,1.8264714,-2.0888385520553587,-8.010838602600098,3.833161260070801,-5.832838510093689,1.6551612867736818,4873143.0,29.193103448275863,35.0,-5.806896551724137,Underutilized
4873144,Mason Blackwood,Penn State,-2.46945,1.2794391,-1.190010908317566,-7.112010958862305,4.731988903808594,-4.934010985565186,2.5539889305114745,4873144.0,11.457692307692309,15.0,-3.5423076923076917,Optimal
4873145,"Freeman, Donnie",Syracuse,1.4018,1.3687054,2.77050539188385,-3.151494658660889,8.69250520401001,-0.9734946853637696,6.51450523071289,4873145.0,26.59130434782608,35.0,-8.408695652173918,Underutilized
4873146,"Jones, Jadis",Lindenwood,2.62435,0.20594466,2.830294657325745,-3.091705393218994,8.752294469451904,-0.9137054199218748,6.574294496154785,4873146.0,21.0,25.0,-4.0,Optimal
4873147,"DeGourville, Taj",San Diego St.,1.03545,0.68454677,1.7199967686653137,-4.202002983856201,7.641996878814697,-2.024003248977661,5.463996905517578,4873147.0,20.184375,15.0,5.184374999999999,Overutilized
4873151,"McNeil, Jr., Paul",NC State,5.23339,-1.296255,3.9371350075149536,-1.9848650430297847,9.859134819641111,0.1931349302673339,7.681134846343994,4873151.0,18.02058823529412,25.0,-6.97941176470588,Underutilized
4873153,"Johnson Jr., Morez",Michigan,11.4082,-1.0747265,10.333473537635804,4.411473487091065,16.255473349761964,6.589473460388184,14.077473376464845,4873153.0,20.9175,15.0,5.9175,Overutilized
4873160,"Martin, Qadir",Mercyhurst,3.62526,-1.2300515,2.395208482513428,-3.5267914488220216,8.317208413848878,-1.3487914755249024,6.139208440551758,4873160.0,18.39375,25.0,-6.606249999999999,Underutilized
4873161,"McCullum, Jordan",ETSU,-0.0289274,-0.884373,-0.9133004092048644,-6.835300519354248,5.008699343316651,-4.657300546057129,2.83069960843811,4873161.0,18.44375,25.0,-6.556249999999999,Underutilized
4873163,Tyler McKinley,Cincinnati,3.34622,-0.3751534,2.9710666074466707,-2.9509334729003904,8.893066389770508,-0.7729334996032713,6.715066654891968,4873163.0,14.276,5.0,9.276,Overutilized
4873180,"Tucker, Bryson",Washington,0.330932,-0.098715365,0.2322166350669861,-5.689783236663819,6.15421662600708,-3.5117832633666994,3.9762166527099607,4873180.0,14.452380952380953,15.0,-0.5476190476190474,Optimal
4873181,"Stevenson, Jarin",North Carolina,5.39075,-0.6515313,4.739218720912933,-1.1827811508178714,10.661218711853028,0.9952188224792478,8.483218738555909,4873181.0,14.933333333333335,25.0,-10.066666666666665,Underutilized
4873183,"Williams, Kam",Kentucky,4.91894,-1.1022419,3.81669812625885,-2.1053019242858886,9.738697938385007,0.0726980490112305,7.560697965087891,4873183.0,13.2,5.0,8.200000000000001,Overutilized
4873184,"Sherrell, Aiden",Alabama,10.6342,-0.70900273,9.925197266769407,4.003197573852539,15.847197436523436,6.1811970703125,13.66919722480774,4873184.0,19.238235294117647,25.0,-5.761764705882353,Underutilized
4873187,"Rooths, Khani",Louisville,4.77977,-0.42395332,4.355816675443649,-1.5661834645080566,10.27781639816284,0.6118165087890626,8.099816663284301,4873187.0,16.700000000000006,25.0,-8.299999999999994,Underutilized
4873192,Ben Roseborough,San José State,-2.92133,0.054081704,-2.867248295532465,-8.789248014526368,3.054751848144531,-6.611248279647827,0.8767516364288328,4873192.0,21.520000000000003,25.0,-3.479999999999997,Optimal
4873194,Caleb Middleton,Elon,-1.2502,-0.34370416,-1.5939041640281677,-7.515904154968261,4.328095707702637,-5.337904181671142,2.1500957344055176,4873194.0,16.696296296296296,15.0,1.6962962962962962,Optimal
4873199,Maurice Vassel,Maryland Eastern Shore,-7.31562,2.5724585,-4.743161494369507,-10.665161425704955,1.1788381985473633,-8.487161452407836,-0.9991612979125976,4873199.0,10.965217391304348,15.0,-4.034782608695652,Optimal
4873202,"Davis, Isaac",Utah Valley,1.90108,-1.1534189,0.7476611014175416,-5.174338949127197,6.6696609135437015,-2.996338975830078,4.491660940246582,4873202.0,27.43870967741936,15.0,12.43870967741936,Overutilized
4873203,"Koch, Cooper",Iowa,5.78154,-1.0939968,4.68754323677063,-1.2344569329833988,10.6095429296875,0.9435435171508786,8.43154319480896,4873203.0,12.556756756756757,15.0,-2.443243243243245,Optimal
4873208,"Swinton, AJ",Florida St.,3.90044,-1.8473389,2.0531010851287843,-3.868898607788086,7.975101254882812,-1.6908991113281249,5.797101043167114,4873208.0,12.738461538461538,15.0,-2.2615384615384624,Optimal
4873209,"Ngongba, Patrick",Duke,11.7782,-1.6748086,10.103391378593445,4.181391566467285,16.025391429138182,6.359391539764404,13.847391455841064,4873209.0,23.109375,25.0,-1.890625,Optimal
4873219,"Cofie, Jacob",Southern California,6.32134,-0.18665893,6.1346810662412645,0.2126812094116212,12.05668107208252,2.3906811827087404,9.8786810987854,4873219.0,16.651612903225807,15.0,1.6516129032258071,Optimal
4873220,"Evans, Jeremiah",Louisiana,-4.019,2.119499,-1.8995010318756105,-7.82150096321106,4.022499137878418,-5.643500989913941,1.8444986877441405,4873220.0,18.878125,5.0,13.878124999999995,Overutilized
4879743,Elijah Kennedy,Hampton,-1.65659,-0.45729372,-2.1138837190532684,-8.03588344177246,3.8081164208984375,-5.857883468475341,1.6301162091827393,4879743.0,19.4,15.0,4.400000000000002,Optimal
4884255,"Griffiths, Gavin",Temple,4.25673,-0.7586243,3.49810568473816,-2.423894008178711,9.420105854492189,-0.2458945117187498,7.242105642776489,4884255.0,17.396551724137932,25.0,-7.603448275862068,Underutilized
4884257,"Coleman, Isaiah",Oklahoma St.,0.312614,0.75715786,1.0697718621864318,-4.852228128753662,6.991771733917236,-2.674228155456543,4.813771760620117,4884257.0,18.42121212121212,35.0,-16.578787878787878,Underutilized
4888717,Oakland Fort,Northern Arizona,-6.1824,0.6360488,-5.546351206207276,-11.468351137542726,0.3756487251281735,-9.290351164245608,-1.8023512481689457,4888717.0,15.403846153846152,25.0,-9.596153846153848,Underutilized
4888733,"Kelley III, Chas",Georgia Tech,-1.97505,0.25184593,-1.7232040739536283,-7.6452040946960445,4.198795767974854,-5.467204121398925,2.0207957946777344,4888733.0,14.024137931034485,5.0,9.024137931034485,Overutilized
4888885,Connor Turnbull,Evansville,0.0528526,1.5608351,1.6136877230621338,-4.308312446691895,7.5356874159790035,-2.1303122349761963,5.3576879195190426,4888885.0,33.40714285714286,25.0,8.407142857142858,Overutilized
4894445,"Huff, Braden",Gonzaga,8.80208,-2.5442896,6.2577904110717775,0.3357904797363282,12.179790342407228,2.5137904530334474,10.001790369110108,4894445.0,24.15,25.0,-0.8500000000000014,Optimal
4894452,"Colvin, Myles",Wake Forest,2.30912,0.672528,2.9816480284881592,-2.940351664428711,8.903648198242188,-0.7623519295501708,6.72564774810791,4894452.0,22.01428571428572,25.0,-2.985714285714284,Optimal
4894453,"Jordan, Mari",Radford,0.258861,-0.8768774,-0.6180164271011352,-6.540016239227295,5.303983623443603,-4.362016265930176,3.1259836501464844,4894453.0,15.589655172413796,15.0,0.5896551724137957,Optimal
4894462,"Crocker-Johnson, Jaylen",Minnesota,2.75352,0.61289537,3.366415369529724,-2.555584442596436,9.288415420074465,-0.3775844692993164,7.110415446777344,4894462.0,24.075,35.0,-10.925,Underutilized
4894465,Owen Freeman,Creighton,8.30826,-1.5689487,6.739311254272462,0.8173113229370124,12.66131118560791,2.9953112962341315,10.483311212310792,4894465.0,20.10384615384616,35.0,-14.896153846153844,Underutilized
4895353,"Jefferson, D.J.",Gardner-Webb,-7.81226,1.9047343,-5.907525746116638,-11.829525796661375,0.0144740660095212,-9.651525704154968,-2.163525907287598,4895353.0,23.372,25.0,-1.628,Optimal
4895737,"Ball, Solo",UConn,2.96697,0.1461898,3.1131597939443587,-2.808840241699219,9.03515962097168,-0.6308402684020997,6.85715964767456,4895737.0,21.8974358974359,25.0,-3.102564102564098,Optimal
4895738,"Barno, Rahmir",FGCU,-3.28401,0.42418605,-2.859823949108124,-8.781823701629639,3.06217616104126,-6.603823966751099,0.8841761877441408,4895738.0,21.821875,25.0,-3.1781250000000014,Optimal
4895740,"Hubbard, Josh",Mississippi St.,3.00118,0.64407223,3.645252234630585,-2.276747875518798,9.5672519871521,-0.0987476638031004,7.38925201385498,4895740.0,31.64375,35.0,-3.356250000000003,Optimal
4895742,"Clark, Aaron",Pepperdine,-1.99519,0.9368988,-1.0582911724472046,-6.980291222991943,4.863708639678955,-4.802291249694824,2.685708666381836,4895742.0,25.08,25.0,0.0800000000000018,Optimal
4895743,"Newton, Jakai",Georgia St.,-3.99302,0.8246251,-3.168394925136566,-9.09039491607666,2.7536049465942383,-6.912394942779541,0.5756049732971191,4895743.0,24.847368421052632,25.0,-0.1526315789473677,Optimal
4895745,Tre Norman,Marquette,-0.677857,1.0261837,0.3483267244033813,-5.573673326141358,6.270326536529541,-3.395673352844238,4.0923265632324215,4895745.0,16.253333333333337,5.0,11.253333333333336,Overutilized
4895746,"Reid, Jayden",Northwestern,0.328013,-0.19346862,0.1345443845872879,-5.787455502044677,6.056544360626221,-3.609455528747559,3.8785443873291015,4895746.0,26.147058823529413,35.0,-8.852941176470587,Underutilized
4895747,"Hamilton, Jelani",Georgia St.,1.08626,-0.1481985,0.938061499724388,-4.983938535919189,6.860061326751709,-2.80593856262207,4.68206135345459,4895747.0,29.72307692307692,35.0,-5.27692307692308,Underutilized
4895750,Zaide Lowery,Marquette,0.755082,0.40305912,1.1581411249465945,-4.763858925598145,7.080140937072754,-2.5858589523010256,4.902140963775635,4895750.0,19.10909090909091,15.0,4.109090909090909,Optimal
4895753,"Ross, Jayden",UConn,7.39871,-1.3802744,6.018435584983826,0.0964357728576663,11.940435635528566,2.274435746154785,9.762435662231448,4895753.0,12.078947368421051,15.0,-2.921052631578947,Optimal
4895755,"Thomas, Asa",Furman,0.964244,-0.2924096,0.6718344011726379,-5.250165351348877,6.593834511322021,-3.072165378051758,4.415834299606323,4895755.0,18.368,25.0,-6.6320000000000014,Underutilized
4895759,"Wilson, Bryson",Binghamton,-6.8717,0.85324085,-6.018459152412414,-11.940458964538577,-0.0964591018676754,-9.762458991241456,-2.2744590751647946,4895759.0,21.980769230769237,15.0,6.9807692307692335,Overutilized
4895776,"Royal, Devin",Ohio St.,4.00902,1.0144752,5.023495226402282,-0.8985045857238774,10.94549527694702,1.2794953875732418,8.767495303649902,4895776.0,21.403125,15.0,6.403124999999999,Overutilized
4895779,"Ball, Austin",Eastern Ky.,-4.15846,0.2957682,-3.862691798648834,-9.784691670379638,2.05930819229126,-7.606691697082519,-0.1186917810058592,4895779.0,17.02758620689655,25.0,-7.972413793103449,Underutilized
4895780,"Dioubate, Mouhamed",Kentucky,7.68694,-0.9157498,6.771190211715698,0.849190518798828,12.693190381469726,3.027190015258789,10.515190169754028,4895780.0,19.01290322580645,25.0,-5.987096774193546,Underutilized
4895782,"Jessamy, Ronald",CSU Bakersfield,-0.179733,1.3528745,1.173141517440796,-4.748858175476074,7.0951416871948245,-2.5708584405975343,4.917141237060547,4895782.0,26.11379310344828,25.0,1.1137931034482769,Optimal
4895783,"Winter, Nolan",Wisconsin,9.21334,-1.1770422,8.036297754135132,2.1142980612182622,13.95829792388916,4.292297557678223,11.780297712173462,4895783.0,18.093548387096774,25.0,-6.906451612903222,Underutilized
4895786,Isaiah Manning,Sam Houston,0.483728,-0.3837273,0.1000006879119873,-5.821999005004883,6.022000857666016,-3.6439995085449217,3.8440006459503175,4895786.0,19.62307692307693,25.0,-5.376923076923074,Underutilized
4895787,"Nzeh, Kachi",Little Rock,-3.14469,0.23535784,-2.9093321641111376,-8.831332169952393,3.0126676927185057,-6.653332196655274,0.8346677194213865,4895787.0,21.15,15.0,6.149999999999999,Overutilized
4895789,"Barnett, Noah",Vermont,1.47079,-2.568265,-1.0974749612426755,-7.019474892578125,4.8245249700927735,-4.841474919281006,2.6465249967956543,4895789.0,12.348275862068968,15.0,-2.651724137931033,Optimal
4895790,"Amenhauser, Noah",Oregon St.,-1.71518,0.28524992,-1.4299300813007354,-7.3519302212524416,4.492069641418457,-5.173930009536743,2.3140696681213377,4895790.0,22.189655172413797,25.0,-2.8103448275862064,Optimal
4895793,Zayden High,North Carolina,2.88122,-0.17534284,2.705877157063484,-3.2161229679870607,8.627876894683837,-1.0381227562713624,6.449877159805298,4895793.0,19.072413793103443,5.0,14.072413793103443,Overutilized
4895794,"James, Dylan",Georgia,2.04127,0.11164013,2.1529101329636573,-3.769089954833985,8.074909907836915,-1.5910897431182862,5.896910172958374,4895794.0,15.690909090909091,25.0,-9.309090909090909,Underutilized
4895795,"Nwoko, Michael",LSU,3.79597,1.6283537,5.424323714942933,-0.4976763356018066,11.346323527069092,1.6803236376953126,9.168323553771971,4895795.0,26.984375,35.0,-8.015625,Underutilized
4896363,"Keller, Zach",Utah St.,0.994367,-1.079845,-0.0854779516296386,-6.007477882965088,5.836521979705811,-3.8294779096679687,3.6585220064086914,4896363.0,13.20285714285714,15.0,-1.797142857142859,Optimal
4896367,"Long, Xzavier",Hampton,0.773722,0.8576675,1.6313895057411194,-4.290610485198974,7.553389377471924,-2.1126105119018552,5.375389404174805,4896367.0,17.96666666666666,15.0,2.966666666666661,Optimal
4896368,"Staveskie, Tahj",UIW,-0.774118,1.4463639,0.6722459259338379,-5.249754005401611,6.594245857269288,-3.0717540321044923,4.416245883972168,4896368.0,27.04285714285714,25.0,2.042857142857141,Optimal
4896370,"Long, TJ",Vermont,-3.40713,0.7372104,-2.6699196070480347,-8.591919657592774,3.252080205078125,-6.413919684295655,1.074080231781006,4896370.0,21.225925925925928,25.0,-3.774074074074072,Optimal
4896371,"Willis, Makai",Texas St.,-3.62437,0.6494377,-2.974932274456024,-8.896932026977538,2.9470678356933595,-6.718932292098999,0.7690678623962404,4896371.0,24.59333333333334,15.0,9.59333333333334,Overutilized
4896378,Jao Ituka,Northern Illinois,-2.48738,-0.58909,-3.0764699896621703,-8.99846980178833,2.8455300608825684,-6.820469828491211,0.6675300875854493,4896378.0,19.77692307692308,25.0,-5.223076923076924,Underutilized
4896453,"Gatkek, Tuongthach",Little Rock,0.284893,-0.77262694,-0.4877339364356994,-6.409733808166504,5.434266054504395,-4.2317338348693845,3.2562660812072752,4896453.0,15.562962962962963,25.0,-9.437037037037037,Underutilized
4896462,"McDowell, Cam",Tarleton St.,0.161403,-1.0218989,-0.8604958656997681,-6.782495677825928,5.061504184844971,-4.604495704528809,2.8835042115478515,4896462.0,24.223529411764705,35.0,-10.776470588235297,Underutilized
4896505,"Bettiol, Leonardo",Massachusetts,2.04947,1.062141,3.111610941619873,-2.8103889897155763,9.033610872955322,-0.6323890164184571,6.855610899658203,4896505.0,27.887500000000003,35.0,-7.112499999999997,Underutilized
4896534,"Momoh, Abdul",UIC,3.50856,-1.0592564,2.449303565559388,-3.4726964849853514,8.371303377685546,-1.2946965116882323,6.193303404388428,4896534.0,16.330303030303032,25.0,-8.669696969696968,Underutilized
4896557,"House, Tom",Furman,-1.58908,0.65581506,-0.933264935092926,-6.8552648068237305,4.988735055847168,-4.677264833526611,2.810735082550049,4896557.0,17.133333333333333,15.0,2.133333333333333,Optimal
4896620,"Neely, Justin",UNC Greensboro,1.15006,1.4851605,2.63522047000885,-3.286779580535889,8.55722028213501,-1.1087796072387694,6.3792203088378905,4896620.0,26.075000000000003,35.0,-8.924999999999997,Underutilized
4896852,"Washington, Scotty",High Point,1.53938,-1.1112992,0.4280808428573608,-5.493918969268799,6.350080893402099,-3.31591899597168,4.17208092010498,4896852.0,15.924242424242424,15.0,0.924242424242424,Optimal
4896862,"Dibba, Ali",Texas A&M,3.72785,-0.88247377,2.8453762331962587,-3.076623876953125,8.767375985717774,-0.8986239036560058,6.5893762508392335,4896862.0,17.46764705882353,25.0,-7.53235294117647,Underutilized
4896884,"Knox, Kobe",South Carolina,3.38723,-0.120462105,3.266767895321846,-2.65523187210083,9.188767990570067,-0.4772321372222898,7.010767778854371,4896884.0,18.509375,15.0,3.5093749999999986,Optimal
4896885,"Shaw, Isaiah",Northern Ariz.,-3.80063,0.53330797,-3.26732203042984,-9.189321902160644,2.654677960510254,-7.011321928863525,0.4766779872131348,4896885.0,21.31851851851852,15.0,6.31851851851852,Overutilized
4896936,"Nicholas Jr., Damon",Sam Houston,1.75234,0.46084076,2.2131807616615298,-3.708819229278564,8.135180633392334,-1.5308192559814453,5.957180660095215,4896936.0,15.148387096774192,25.0,-9.851612903225808,Underutilized
4896939,"Emejuru, Giovanni",East Carolina,1.29423,2.3790474,3.673277393798828,-2.2487225375366213,9.595277325134278,-0.0707225642395019,7.417277351837158,4896939.0,19.506666666666664,25.0,-5.493333333333336,Underutilized
4896959,"Perkins, Hassan",Coppin St.,-6.41645,0.7661709,-5.650279081058502,-11.572278952789308,0.2717209098815916,-9.394278979492189,-1.906279063415528,4896959.0,17.19333333333333,15.0,2.193333333333332,Optimal
4896969,"Battle, Jordan",Old Dominion,2.17094,0.08221133,2.2531513305330275,-3.668848436889649,8.17515142578125,-1.4908487020111083,5.997151214065552,4896969.0,21.703125,25.0,-3.296875,Optimal
4897008,"Peterson, Wes",Binghamton,-7.19138,1.7243173,-5.467062687759399,-11.389062380676268,0.4549374819946292,-9.211062645797728,-1.723062968139648,4897008.0,18.3,15.0,3.3000000000000007,Optimal
4897010,"Johnson, Ben",Vermont,-1.65911,-0.663628,-2.3227379821395875,-8.244738032684326,3.599261829986572,-6.066738059387207,1.421261856689453,4897010.0,12.58125,25.0,-12.41875,Underutilized
4897018,"Hunter, Camren",Central Ark.,3.75234,-0.052677445,3.699662554886341,-2.222337562713624,9.621662299957276,-0.044337350997925,7.443662565078736,4897018.0,28.503125,35.0,-6.496875000000003,Underutilized
4897051,"Mellouk, Anouar",Morehead St.,-2.23089,0.10629378,-2.1245962174081803,-8.046596253051758,3.7974036096191406,-5.868596279754639,1.6194036363220214,4897051.0,18.313333333333333,25.0,-6.686666666666667,Underutilized
4897052,Lassina Traore,Texas,2.68345,1.3070148,3.9904648229599,-1.93153498916626,9.91246487350464,0.2464649841308595,7.73446490020752,4897052.0,13.736363636363636,15.0,-1.2636363636363637,Optimal
4897053,"Klaczek, Kacper",Elon,2.4909,-0.7502017,1.74069829788208,-4.181301633453369,7.662698229217529,-2.00330166015625,5.48469825592041,4897053.0,20.08181818181818,25.0,-4.9181818181818215,Optimal
4897054,"Anthony, C.J.",Iona,0.329007,-0.5445954,-0.2155884203605652,-6.13758817288208,5.706411689788818,-3.959588199584961,3.52841147807312,4897054.0,26.241935483870968,25.0,1.241935483870968,Optimal
4897066,"Marrero, Andres",Merrimack,-0.350181,-1.0539275,-1.4041085407791138,-7.3261083529052735,4.517891509765625,-5.148108379608154,2.339891536468506,4897066.0,15.28823529411765,25.0,-9.71176470588235,Underutilized
4897129,"Patrick, DJ",UNC Asheville,-0.580796,-0.8508117,-1.431607719894409,-7.353607889648438,4.490391973022461,-5.1756074395141605,2.312392238143921,4897129.0,13.21851851851852,15.0,-1.78148148148148,Optimal
4897163,"Nenadic, Milos",Lindenwood,-1.40554,0.722456,-0.6830840216064453,-6.605083952941895,5.238915909729004,-4.427083979644776,3.0609159364318845,4897163.0,21.06666666666667,25.0,-3.93333333333333,Optimal
4897173,Alex Anderson,Texas Southern,-1.67238,0.05550771,-1.6168722916591167,-7.53887227142334,4.305127591247558,-5.360872298126221,2.1271276179504395,4897173.0,21.353571428571428,25.0,-3.646428571428572,Optimal
4897175,"Shirley, Tyler",Florida A&M,-3.73902,1.1028237,-2.6361962657165527,-8.558196197052002,3.2858036656188965,-6.380196223754883,1.1078036923217771,4897175.0,23.231034482758623,15.0,8.231034482758623,Overutilized
4897192,"Lopez, AJ",Richmond,1.68846,0.080756925,1.769216925046444,-4.152782790222168,7.69121707244873,-1.974783055343628,5.513216860733032,4897192.0,22.909677419354832,25.0,-2.090322580645168,Optimal
4897200,"Abidde, Isaac",UAlbany,-4.20052,0.4597616,-3.7407584102344513,-9.66275831176758,2.1812415509033203,-7.484758338470459,0.0032415776062011,4897200.0,18.7,15.0,3.6999999999999993,Optimal
4897209,"Knapper, Brenton",Santa Clara,1.63828,-0.21377867,1.4245013253974914,-4.497498427124024,7.346501435546875,-2.3194986922454834,5.168501223831177,4897209.0,18.765625,25.0,-6.234375,Underutilized
4897215,"Smith, D.J.",Campbell,0.930665,0.70681405,1.6374790506744383,-4.2845211190795895,7.559478743591309,-2.106520907363892,5.381479247131348,4897215.0,24.475,15.0,9.475,Overutilized
4897222,"Augillard, Amar",Milwaukee,-3.86206,1.1619775,-2.700082470474243,-8.622082163391113,3.221917699279785,-6.444082428512573,1.0439172491455078,4897222.0,29.54666666666667,35.0,-5.45333333333333,Underutilized
4897245,"Dufault, Ryan",St. Thomas (MN),2.03912,-1.8990821,0.1400379353713989,-5.781962115173339,6.062037747497559,-3.6039621418762207,3.884037893409729,4897245.0,15.141935483870968,25.0,-9.858064516129032,Underutilized
4897258,Sir Issac Herron,Louisiana Tech,-0.0105878,-1.5000082,-1.510596025440979,-7.432595837567138,4.41140402510376,-5.254595864270019,2.2334040518066405,4897258.0,16.837500000000002,15.0,1.837500000000002,Optimal
4897261,"Walker, Isaiah",Xavier,1.85841,-1.1704866,0.6879234305953978,-5.234076381530762,6.609923481140137,-3.0560764082336425,4.431923507843018,4897261.0,12.409375,5.0,7.409375000000001,Overutilized
4897301,"Murdix, Terrion",Western Ky.,0.934869,0.38774562,1.3226146188201904,-4.59938507409668,7.244614788574219,-2.42138533921814,5.066614338439941,4897301.0,19.26521739130434,15.0,4.26521739130434,Optimal
4897302,"Dease, Owen",Valparaiso,-0.116203,1.1551124,1.0389093857498168,-4.8830906647949215,6.960909197875977,-2.705090691497803,4.782909224578858,4897302.0,21.17419354838709,25.0,-3.825806451612905,Optimal
4897337,"English, Trae",Nicholls,-2.36377,-0.03478641,-2.398556410629749,-8.320556155700684,3.5234437069702147,-6.142556420822144,1.3454434952545165,4897337.0,21.620689655172413,25.0,-3.379310344827587,Optimal
4897361,"Banks, Marcus",Massachusetts,1.34596,0.5808332,1.9267931966400147,-3.995206496276856,7.848793366394043,-1.817206761398316,5.670792916259765,4897361.0,20.65,25.0,-4.350000000000001,Optimal
4897364,"Watkins, Brennan",Chattanooga,-2.32576,-0.010101937,-2.3358619367575644,-8.257861726531981,3.586138136138916,-6.079861991653442,1.408137924423218,4897364.0,17.40344827586207,25.0,-7.596551724137932,Underutilized
4897365,"Huff, Honor",West Virginia,3.4307,0.8478344,4.2785344082832335,-1.6434653442382814,10.200534518432615,0.5345343906402586,8.022534545135498,4897365.0,22.56571428571429,35.0,-12.43428571428571,Underutilized
4897366,"Rowe, Lewis",UIW,-2.95049,-0.67574084,-3.626230838050842,-9.548230650177002,2.2957692124938966,-7.370230676879883,0.1177692391967775,4897366.0,10.495652173913042,5.0,5.495652173913042,Overutilized
4897370,"Breath, Jalen",Ohio,-5.38231,2.4785283,-2.903781738815308,-8.825781670150757,3.018217954101562,-6.647781696853638,0.8402184576416012,4897370.0,17.076923076923077,15.0,2.0769230769230766,Optimal
4897383,"Williams, Alex",Duquesne,0.419719,0.07521768,0.494936679142952,-5.427063207489014,6.4169366551818845,-3.2490632341918944,4.238936681884765,4897383.0,23.5,35.0,-11.500000000000004,Underutilized
4897387,"Strothers, Allen",ETSU,-2.21507,-0.87949,-3.09456001789093,-9.01655983001709,2.8274400326538087,-6.838559856719971,0.6494400593566896,4897387.0,14.3875,25.0,-10.6125,Underutilized
4897412,Zander Yates,Liberty,-10.4784,4.9544015,-5.523998506927491,-11.44599843826294,0.3980019012451166,-9.26799846496582,-1.7799985488891608,4897412.0,18.38,15.0,3.379999999999999,Optimal
4897421,"Kingsbury, Carter",The Citadel,-5.66985,0.9829093,-4.686940678215027,-10.608940728759766,1.2350591339111323,-8.430940755462647,-0.9429408393859866,4897421.0,15.903571428571428,25.0,-9.096428571428572,Underutilized
4897432,"Hoiberg, Sam",Nebraska,9.46575,-1.8613671,7.604382893562317,1.682382843017578,13.526382705688476,3.860382816314697,11.348382851600649,4897432.0,15.28,15.0,0.2799999999999993,Optimal
4897438,"Kaufman-Renn, Trey",Purdue,8.03974,-0.60805166,7.431688342323303,1.5096882917785646,13.353688154449465,3.687688265075684,11.175688181152344,4897438.0,25.02972972972973,15.0,10.02972972972973,Overutilized
4897439,Logan Stephens,Southern Utah,-8.12955,3.3792374,-4.750312586593628,-10.672312517929075,1.171687106323242,-8.494312544631958,-1.0063123901367188,4897439.0,33.705882352941174,25.0,8.705882352941174,Overutilized
4897447,"Hickman, Connor",Col. of Charleston,-1.78136,0.66658926,-1.1147707398986817,-7.036770671234131,4.807229191436767,-4.858770697937012,2.629229218139648,4897447.0,18.62,25.0,-6.379999999999999,Underutilized
4897451,"Enright, Conor",Indiana,3.23948,-0.076988265,3.1624917350816726,-2.759508151550293,9.084491711120606,-0.5815081782531739,6.906491737823487,4897451.0,11.7,15.0,-3.3000000000000007,Optimal
4897458,"Berry, Daylen",Winthrop,-1.49807,0.5992354,-0.8988345845413208,-6.820834396667481,5.023165466003418,-4.642834423370362,2.8451654927062986,4897458.0,20.052,15.0,5.052,Overutilized
4897465,"Peterson, Quimari",Washington,5.36567,-0.60885465,4.756815348548889,-1.16518470199585,10.678815160675049,1.0128152713012692,8.50081518737793,4897465.0,14.512121212121212,25.0,-10.487878787878788,Underutilized
4897466,"Crawford, Cameron",Duquesne,-2.40183,0.40037465,-2.0014553490448,-7.9234555187988285,3.9205443438720704,-5.74545530708313,1.7425448474121097,4897466.0,12.509999999999998,5.0,7.509999999999998,Overutilized
4897467,"Thomas, Micah",Northwestern St.,-3.82742,1.7826022,-2.044817809028625,-7.966817621154785,3.877182241516113,-5.788817767066956,1.699182268218994,4897467.0,30.08,35.0,-4.919999999999998,Optimal
4897474,"Schwieger, Ben",UNI,3.41084,-0.45521122,2.9556287778282164,-2.966371093902588,8.87762876876831,-0.7883711206054689,6.699628795471192,4897474.0,19.165714285714284,25.0,-5.834285714285716,Underutilized
4897478,"Wolf, Landon",Illinois St.,3.85652,-0.65853137,3.197988632221222,-2.724011120300293,9.119988742370603,-0.5460111470031737,6.941988530654907,4897478.0,16.060000000000002,15.0,1.0600000000000025,Optimal
4897479,"Duax, Michael",FGCU,0.293016,-0.36768326,-0.0746672616329193,-5.996667341979981,5.847332520690918,-3.818667368682861,3.669332785812378,4897479.0,16.446875,25.0,-8.553125000000001,Underutilized
4897481,"Wonders, Foster",Cleveland St.,-4.31998,-0.71923876,-5.039218758087158,-10.961218689422608,0.8827811732482909,-8.78321871612549,-1.2952188000488285,4897481.0,10.32758620689655,5.0,5.32758620689655,Overutilized
4897484,Cameron Palesse,Alabama State,-3.98223,0.45669088,-3.52553912232399,-9.447539143066406,2.3964607196044923,-7.269539169769287,0.2184607463073731,4897484.0,12.429032258064517,15.0,-2.5709677419354837,Optimal
4897485,"Ruedinger, Preston",Green Bay,2.30548,0.23266634,2.5381463434505465,-3.383853438873291,8.460146423797607,-1.2058537039947508,6.282146212081909,4897485.0,18.267741935483876,25.0,-6.732258064516127,Underutilized
4897501,"Allen, Will",Louisiana Tech,-0.516044,-0.049776264,-0.5658202635350227,-6.487820008605957,5.3561798540649415,-4.309820273727417,3.178179642349243,4897501.0,11.933333333333334,5.0,6.933333333333334,Overutilized
4897504,"Fricks, Wyatt",Marshall,3.08006,-0.3633481,2.7167119033908844,-3.2052879385375976,8.6387119241333,-1.0272879652404785,6.460711950836181,4897504.0,20.56451612903226,25.0,-4.43548387096774,Optimal
4897522,Chris Morgan,Coppin State,-6.2385,2.7050564,-3.5334435710906984,-9.455443502426148,2.388556121826172,-7.277443529129028,0.2105566253662107,4897522.0,23.59166666666667,25.0,-1.4083333333333314,Optimal
4897531,"Johnson Jr., Shay",Long Beach St.,0.428674,-1.7479974,-1.3193234031448364,-7.241323215270996,4.602676647399902,-5.063323241973877,2.4246765548934937,4897531.0,8.103333333333333,5.0,3.103333333333333,Optimal
4897534,"Amey Jr., Myron",LMU (CA),2.68571,-0.43313235,2.252577649555206,-3.6694221029663088,8.17457775970459,-1.4914221296691896,5.996577547988892,4897534.0,22.316129032258072,35.0,-12.683870967741928,Underutilized
4897548,"Hamoda, Zee",Nicholls,-1.3212,0.36150026,-0.9596997367858886,-6.881699668121338,4.96230019454956,-4.703699694824219,2.7843002212524413,4897548.0,20.567857142857147,25.0,-4.432142857142853,Optimal
4897571,Bryson Spell,Elon,-8.74052,3.3633513,-5.377168654937744,-11.299168586273192,0.5448307995605468,-9.121168612976074,-1.633168696899414,4897571.0,14.92727272727273,15.0,-0.0727272727272705,Optimal
4897572,"Venzant, Joseph",Abilene Christian,1.75245,-0.7813336,0.9711163746833802,-4.950883377838135,6.893116484832763,-2.772883404541016,4.715116273117065,4897572.0,9.48,15.0,-5.52,Underutilized
4897575,"Giffa, Kezza",Ole Miss,1.83475,-0.7012513,1.1334986720085145,-4.7885014381408695,7.055498424530029,-2.61050146484375,4.877498689651489,4897575.0,20.610714285714284,25.0,-4.389285714285716,Optimal
4897583,"Asman, Grant",Lipscomb,1.91125,-0.03178635,1.8794636513292788,-4.042536373138428,7.801463489532471,-1.8645363998413087,5.623463516235352,4897583.0,21.843333333333337,15.0,6.843333333333337,Overutilized
4897617,"Cook, Tasos",Campbell,-0.833022,-0.4346289,-1.2676509038658144,-7.189650894805908,4.654348967864991,-5.011650921508789,2.476348994567871,4897617.0,13.240625,25.0,-11.759375,Underutilized
4897620,"Crawford, Alex",Rhode Island,-3.67553,1.3009372,-2.374592824249268,-8.296592755584717,3.547407107086181,-6.118592782287598,1.3694071337890623,4897620.0,16.790625,15.0,1.7906249999999986,Optimal
4897626,"Soumaoro, Julien",Western Caro.,-0.70443,0.009181099,-0.6952489009875059,-6.617248908691407,5.226750953979492,-4.439248935394287,3.048750980682373,4897626.0,20.624,25.0,-4.375999999999998,Optimal
4897651,Martin Kawa,Marist,-6.93268,2.2538693,-4.678810704879761,-10.600810636215211,1.243188988037109,-8.422810662918092,-0.934810508422852,4897651.0,11.219047619047618,5.0,6.219047619047618,Overutilized
4897668,"George, AJ",CSU Bakersfield,-6.96338,2.519903,-4.443477055435181,-10.36547698677063,1.4785231143188478,-8.187477013473512,-0.6994773358154296,4897668.0,18.125,5.0,13.125,Overutilized
4897678,Akiva McBirney-Griffin,UC Irvine,-3.72495,0.92560464,-2.7993453585624697,-8.721345111083984,3.122654751586914,-6.543345376205444,0.9446547782897948,4897678.0,15.45,15.0,0.4499999999999993,Optimal
4897691,"Sabally, Lamin",Iona,4.4458,-0.42494032,4.020859682130814,-1.9011400405883787,9.94285982208252,0.2768599327087404,7.764859610366821,4897691.0,21.25806451612904,25.0,-3.741935483870965,Optimal
4897701,Amar'e Marshall,St. Bonaventure,-1.31591,-0.8917712,-2.2076811973190305,-8.12968124786377,3.714318614807129,-5.95168127456665,1.53631864151001,4897701.0,16.709090909090907,15.0,1.7090909090909072,Optimal
4897708,"Edwards, Maximus",Duquesne,-3.25231,1.35766,-1.8946499448394776,-7.816649637756347,4.027350224914551,-5.638649902877807,1.8493497747802727,4897708.0,22.05238095238095,25.0,-2.9476190476190496,Optimal
4897711,"Coleman, Tyler",Towson,-1.35963,0.11413222,-1.2454977819371222,-7.167497527008057,4.676502335662842,-4.989497792129517,2.4985021239471434,4897711.0,14.516129032258066,25.0,-10.483870967741934,Underutilized
4897715,"McGriff, Khamari",Kansas St.,5.62359,-0.9841465,4.639443524208069,-1.2825565263366698,10.561443336334229,0.8954434469604493,8.38344336303711,4897715.0,18.057142857142857,25.0,-6.942857142857143,Underutilized
4897761,"Perkins, Corey",Delaware St.,-5.57905,0.4852715,-5.093778486537933,-11.015778477478026,0.8282213851928715,-8.837778504180907,-1.3497785881042477,4897761.0,19.129166666666663,25.0,-5.870833333333334,Underutilized
4897768,"Harris, Bryce",Howard,3.1963,-0.7320132,2.46428677444458,-3.457713156890869,8.38628670578003,-1.27971318359375,6.20828673248291,4897768.0,24.670967741935485,15.0,9.670967741935485,Overutilized
4897775,"Duncan, Ethan",Lipscomb,-1.50387,0.18217127,-1.321698729748726,-7.243698586578369,4.600301276092529,-5.06569861328125,2.42230130279541,4897775.0,20.61379310344828,25.0,-4.38620689655172,Optimal
4897777,"Okonkwo, James",Utah,3.68389,-0.5272376,3.156652405872345,-2.76534734664917,9.078652516021728,-0.5873473733520509,6.90065230430603,4897777.0,10.113793103448277,5.0,5.113793103448275,Overutilized
4897807,J'Quan Ewing,Saint Peter's,0.115443,-2.027531,-1.9120879085845948,-7.834087601501465,4.009912022750855,-5.656088105041504,1.8319120494537355,4897807.0,10.407142857142858,5.0,5.407142857142858,Overutilized
4897854,Michael Folarin,East Texas A&M,-6.90105,2.6625714,-4.238478569793701,-10.16047850112915,1.6835218383789066,-7.982478527832031,-0.4944786117553708,4897854.0,19.68947368421053,15.0,4.689473684210526,Optimal
4897859,"Richards, Makai",Chattanooga,-4.24092,-0.16172928,-4.402649276180267,-10.32464926712036,1.519350595550537,-8.146649293823241,-0.658649377746582,4897859.0,14.06206896551724,25.0,-10.93793103448276,Underutilized
4897873,"Mitchell Jr., Jayme",Jackson St.,-3.12384,1.0310199,-2.092820073928833,-8.014819766845703,3.8291800958251954,-5.836820031967163,1.651179645690918,4897873.0,22.60625,35.0,-12.39375,Underutilized
4897888,"Ilic, Veljko",Sam Houston,3.48776,0.08673249,3.574492491850853,-2.3475075437927244,9.496492318878174,-0.1695075704956052,7.318492345581054,4897888.0,23.18387096774193,35.0,-11.816129032258065,Underutilized
4897890,"Ilic, Milos",California,4.19781,-0.34167027,3.856139725265504,-2.065859967651368,9.778139895019532,0.1121395288085933,7.600139683303833,4897890.0,14.036363636363635,25.0,-10.963636363636365,Underutilized
4897898,"Tamba, Pablo",LSU,7.37102,-1.9473461,5.423673908729553,-0.4983261418151858,11.345673720855713,1.6796738314819333,9.167673866767885,4897898.0,13.8875,15.0,-1.1125000000000007,Optimal
4897902,"Hines, Devin",North Florida,-7.05468,1.6289855,-5.425694475822449,-11.347694526367189,0.4963053363037106,-9.16969455307007,-1.6816946369934085,4897902.0,17.324,15.0,2.3240000000000016,Optimal
4897923,"McMahon, Patrick",Montana St.,-2.57468,1.6802471,-0.8944329315948485,-6.816432624511719,5.02756723815918,-4.638432889633179,2.8495667880249025,4897923.0,25.174074074074067,25.0,0.1740740740740669,Optimal
4897936,"Jackson, Jayden",California Baptist,1.03432,0.25525263,1.2895726295185088,-4.632427093200684,7.211572769470215,-2.4544273583221434,5.033572557754517,4897936.0,18.092857142857145,15.0,3.092857142857145,Optimal
4897938,"Campisano, Diego",Northern Ariz.,-2.17608,0.49665985,-1.6794201548862455,-7.601420175628662,4.2425796870422365,-5.423420202331543,2.0645797137451174,4897938.0,18.78695652173913,5.0,13.786956521739128,Overutilized
4897944,"Bloch, Zach",Northern Colo.,2.16972,-0.44389012,1.7258298754405974,-4.196170026092529,7.647829836578369,-2.0181700527954103,5.46982986328125,4897944.0,14.751724137931031,25.0,-10.248275862068969,Underutilized
4897951,"Williams, Zaire",Mercer,0.43827,-0.57437867,-0.1361086692619323,-6.058108421783447,5.785891440887451,-3.880108448486328,3.607891229171753,4897951.0,20.041379310344823,25.0,-4.958620689655174,Optimal
4897953,"Greene, Marcus",Fordham,-2.80433,-0.5152017,-3.3195316878128054,-9.241531499938963,2.6024683627319334,-7.063531526641846,0.4244683894348142,4897953.0,12.810714285714289,15.0,-2.189285714285713,Optimal
4897957,"Seng, Theo",Troy,-0.553502,-0.061131693,-0.6146336934227944,-6.536633408691406,5.307366453979492,-4.358633673812866,3.129366242263794,4897957.0,18.66923076923077,25.0,-6.330769230769231,Underutilized
4897970,"Fallah, Parsa",Oklahoma St.,5.32314,0.086331844,5.409471844329834,-0.5125280870056148,11.331471775665284,1.6654718862915043,9.153471802368164,4897970.0,21.838461538461537,25.0,-3.1615384615384627,Optimal
4897973,"Espinal-Guzman, Raymond",Stonehill,-4.35676,1.9843799,-2.372380112419129,-8.294380162963868,3.549619699707031,-6.116380070457459,1.3716197264099117,4897973.0,17.47741935483871,25.0,-7.522580645161291,Underutilized
4897976,Dola Adebayo,George Mason,2.22012,-0.86568505,1.3544349542808534,-4.567564917449952,7.276434945220947,-2.389564944152832,5.098434971923828,4897976.0,14.876923076923076,25.0,-10.123076923076924,Underutilized
4897978,"Elliott, Elijah",New Mexico St.,-0.973155,0.7631853,-0.2099696777153015,-6.131969430236817,5.712030432434082,-3.9539696953582766,3.5340304591369627,4897978.0,26.02413793103448,35.0,-8.975862068965519,Underutilized
4897982,"Trujillo, Chance",Utah Tech,-0.29667,0.4578732,0.1612031954097748,-5.760796586914062,6.083203275756836,-3.5827968520355222,3.905203302459717,4897982.0,18.945161290322584,15.0,3.945161290322584,Optimal
4897987,Andre Washington,Eastern Illinois,-7.43415,2.0446496,-5.389500399017334,-11.311500330352782,0.5324995323181154,-9.133500357055665,-1.6455004409790035,4897987.0,22.058333333333334,25.0,-2.9416666666666664,Optimal
4898006,"Alamutu, Sam",Wright St.,0.102474,-0.8181649,-0.715690885044098,-6.637690756774902,5.206309105895996,-4.459690783477783,3.028309132598877,4898006.0,15.103125,5.0,10.103125,Overutilized
4898010,"Sellers, Jaylin",Providence,3.514,0.56433356,4.07833355808258,-1.8436664924621584,10.00033337020874,0.3343334808349607,7.82233339691162,4898010.0,25.324242424242424,25.0,0.3242424242424242,Optimal
4898117,Ethan Butler,Charlotte,-0.755731,-0.6727202,-1.428451193862915,-7.350450886779785,4.493548975891113,-5.172451390319824,2.315548764175415,4898117.0,13.453846153846154,5.0,8.453846153846154,Overutilized
4898118,"Johnson, Isaac",Hawaii,4.79792,-0.34086472,4.457055282039643,-1.4649445896911617,10.379055272979738,0.7130553836059574,8.201055299682618,4898118.0,29.34193548387097,35.0,-5.658064516129031,Underutilized
4898165,"Zorgvol, Imanuel",Youngstown St.,4.26136,-2.3432703,1.918089698181152,-4.003910233154297,7.840089629516601,-1.825910259857178,5.662089656219482,4898165.0,16.76206896551724,25.0,-8.23793103448276,Underutilized
4898169,"Gibson, Mason",A&M-Corpus Christi,0.722218,-0.80542547,-0.083207465106964,-6.005207575256348,5.838792287414551,-3.8272076019592287,3.6607925525360105,4898169.0,21.153846153846157,15.0,6.153846153846153,Overutilized
4898189,"Haskins, Cade",William & Mary,-2.86319,0.542837,-2.320352976264953,-8.242352788391113,3.6016470742797853,-6.064352815093994,1.423647100982666,4898189.0,17.173333333333336,25.0,-7.826666666666664,Underutilized
4898190,Ryan Cornish,USC,-1.56946,-0.26658022,-1.8360402240371705,-7.75804003616333,4.085959826507568,-5.580040062866211,1.9079598532104487,4898190.0,14.258333333333333,35.0,-20.741666666666667,Underutilized
4898194,"Norris, Keaton",Samford,-1.68981,0.6987864,-0.9910236220932008,-6.913023672637939,4.930976190032959,-4.73502369934082,2.75297621673584,4898194.0,18.460714285714285,25.0,-6.539285714285715,Underutilized
4898210,"Owusu-Anane, Nana",Grand Canyon,7.18949,-1.080529,6.108961025466919,0.1869608557128907,12.030960718383788,2.364961305847168,9.852960983505248,4898210.0,15.615625,5.0,10.615625,Overutilized
4898212,"Cooper, Jaden",UMES,-2.87585,0.32804513,-2.547804870223999,-8.469805039978027,3.374194822692872,-6.291804828262329,1.1961953262329104,4898212.0,16.87666666666667,25.0,-8.123333333333331,Underutilized
4898222,"Lesmond, Louis",Fordham,-5.31941,1.7384044,-3.5810056068038945,-9.503005657348634,2.340994205322265,-7.325005684051514,0.162994232025146,4898222.0,13.14,15.0,-1.8599999999999997,Optimal
4898223,"Larson, Gus",Queens (NC),-2.28419,-1.0007621,-3.2849521049880983,-9.206951917114258,2.6370479455566405,-7.028951943817139,0.4590479722595213,4898223.0,14.920588235294115,5.0,9.920588235294115,Overutilized
4898226,Ed Holland III,Howard,-3.68597,-0.041684654,-3.7276546536099913,-9.64965455886841,2.19434530380249,-7.471654585571289,0.0163453305053709,4898226.0,6.99090909090909,5.0,1.9909090909090903,Optimal
4898228,"Brown III, Rob",Stony Brook,-2.53444,0.6902477,-1.8441922854804995,-7.766192395629883,4.077807467041016,-5.588192183914185,1.8998074937438965,4898228.0,17.34666666666667,15.0,2.346666666666671,Optimal
4898230,"Johnson, Garrett",George Washington,-0.366185,0.80927217,0.4430871700668335,-5.478912642059326,6.3650872206115725,-3.300912668762207,4.187087247314453,4898230.0,21.99655172413793,25.0,-3.003448275862066,Optimal
4898243,"Blunt, Bernie",Mercyhurst,-1.16117,0.3218774,-0.8392926098537445,-6.761292451782227,5.082707410888672,-4.583292478485108,2.9047074375915525,4898243.0,28.325000000000003,15.0,13.325000000000005,Overutilized
4898256,"Bland, Brent",Saint Peter's,2.45764,-0.95054305,1.5070969540023804,-4.41490285812378,7.429097004547119,-2.23690288482666,5.25109703125,4898256.0,18.79642857142857,25.0,-6.203571428571429,Underutilized
4898257,Jerry Ngopot,Coastal Carolina,-7.82953,3.6727931,-4.15673685005188,-10.07873678138733,1.7652633197021483,-7.90073680809021,-0.412737130432129,4898257.0,13.050000000000002,5.0,8.050000000000002,Overutilized
4898278,"Johnson, Nate",Kansas St.,5.45395,0.23261426,5.686564263892174,-0.2354358909606935,11.608563971710204,1.9425643207550047,9.430564236831664,4898278.0,19.88125,25.0,-5.118749999999999,Underutilized
4898280,"Jones, Terrance",Manhattan,-2.04765,0.46169373,-1.5859562660694122,-7.507956167602539,4.336043695068359,-5.32995619430542,2.1580437217712403,4898280.0,21.883870967741935,25.0,-3.116129032258062,Optimal
4898283,"Miller, Boopie",SMU,5.07498,-0.14127114,4.933708855848312,-0.9882910456848144,10.855708816986084,1.1897089276123047,8.677708843688965,4898283.0,25.98181818181818,25.0,0.9818181818181806,Optimal
4898293,Mo Njie,UTSA,-8.69321,3.3414946,-5.351715439758301,-11.27371537109375,0.5702844915771479,-9.095715397796631,-1.6077154817199713,4898293.0,14.22222222222222,5.0,9.22222222222222,Overutilized
4898315,"Rollins, Julius",Denver,-4.02534,1.0360595,-2.9892805012130736,-8.911280551757812,2.932719310913086,-6.733280578460693,0.7547193376159669,4898315.0,19.544444444444448,25.0,-5.455555555555552,Underutilized
4898333,"Myrick, Montavious",Eastern Ky.,-1.95218,-0.36592367,-2.3181036729145053,-8.240103812866211,3.6038960498046873,-6.062103839569092,1.4258963149261474,4898333.0,19.75,15.0,4.75,Optimal
4898334,"Russell, Zion",Saint Francis,-3.24682,0.09874306,-3.148076941258908,-9.070076969451904,2.773922893218994,-6.892076996154785,0.595922919921875,4898334.0,22.37307692307693,15.0,7.373076923076926,Overutilized
4898343,"Jacobi, Kooper",Eastern Ill.,-2.89717,1.0832896,-1.813880376739502,-7.735880308074951,4.108119554595947,-5.557880334777832,1.930119581298828,4898343.0,20.94,15.0,5.940000000000001,Overutilized
4898348,"Etchison, Gus",Idaho St.,1.26085,0.24786596,1.5087159600019455,-4.413283777618409,7.43071608505249,-2.235284042739868,5.252715873336792,4898348.0,33.1,35.0,-1.8999999999999984,Optimal
4898349,"Fuller, Shemani",Rider,-3.07338,0.75475633,-2.318623668556213,-8.240623480682373,3.6033763819885256,-6.062623507385254,1.4253764086914065,4898349.0,18.160714285714285,25.0,-6.839285714285715,Underutilized
4898370,"Williamson, Zaakir",Saint Peter's,-1.05142,-0.3652058,-1.4166257945728302,-7.338625696105957,4.505374166564941,-5.160625722808838,2.327374193267822,4898370.0,20.111538461538466,25.0,-4.888461538461538,Optimal
4898377,Samuel Ariyibi,Utah Tech,-2.83999,0.9326763,-1.9073136846923824,-7.829313616027832,4.014686246643066,-5.651313642730713,1.836686273345948,4898377.0,18.866666666666667,5.0,13.866666666666667,Overutilized
4898382,"Applewhite, Alden",Ga. Southern,0.755357,0.5281627,1.283519717819214,-4.638479975097656,7.205519887573242,-2.460480240219116,5.027519437438965,4898382.0,19.162857142857145,25.0,-5.837142857142855,Underutilized
4899807,"Waller, Kadar",CSU Bakersfield,-4.42647,-0.60925144,-5.035721439571381,-10.957721430511477,0.8862784321594237,-8.779721457214356,-1.2917215411376954,4899807.0,11.466666666666669,5.0,6.466666666666667,Overutilized
4900669,"Bland, Ariel",Bethune-Cookman,4.35203,-0.6327788,3.719251176624298,-2.2027485758972167,9.64125128677368,-0.0247486026000975,7.463251075057983,4900669.0,14.238709677419354,25.0,-10.761290322580646,Underutilized
4901166,"Smith, Tay",North Dakota St.,0.803074,-1.523314,-0.7202399991760254,-6.642239930511475,5.201759932159424,-4.464239957214356,3.0237599588623048,4901166.0,15.1125,25.0,-9.8875,Underutilized
4901611,"Fisher, Nazareth",Eastern Ill.,-4.12497,0.26578563,-3.8591843654823306,-9.781184237213136,2.0628156254577634,-7.603184263916016,-0.1151843478393557,4901611.0,16.485185185185184,5.0,11.485185185185184,Overutilized
4901934,"Dozier, Tae",Northern Ky.,5.66139,-1.0736895,4.587700539245605,-1.3342993920898438,10.509700470581055,0.8437005812072753,8.331700497283936,4901934.0,13.761290322580646,15.0,-1.2387096774193544,Optimal
4901961,"Coleman, Christian",Oklahoma St.,3.36632,0.6081813,3.9745012977790832,-1.947498454742432,9.896501407928469,0.2305012801361083,7.718501434631348,4901961.0,18.538235294117644,15.0,3.5382352941176443,Optimal
4902967,"Pigge, Chandler",Harvard,1.37318,-1.0017875,0.3713924567031861,-5.550607593841553,6.293392268829345,-3.372607620544433,4.115392295532226,4902967.0,23.503571428571423,15.0,8.503571428571426,Overutilized
4903216,"McHenry, Don",Utah,1.50803,1.2243974,2.7324274208831785,-3.189572272033692,8.654427590637207,-1.0115725371551514,6.4764271405029294,4903216.0,23.9125,15.0,8.912499999999998,Overutilized
4903264,"Heidbreder, Jake",Fresno St.,1.91559,0.81114703,2.726737034168244,-3.195262718353272,8.648737144317627,-1.0172629834747315,6.470737171020508,4903264.0,22.255172413793108,25.0,-2.744827586206892,Optimal
4904206,"Robinson, Kael",Northern Ky.,-1.43451,1.0160176,-0.4184924438095092,-6.340492494354248,5.503507368316651,-4.162492521057128,3.325507395019532,4904206.0,22.91428571428572,25.0,-2.085714285714282,Optimal
4904792,"Okwuosah, Francis",Western Ill.,-4.23525,0.40328676,-3.831963244915008,-9.753962997436524,2.090036865234376,-7.575963262557983,-0.0879631080627438,4904792.0,16.675,15.0,1.6750000000000007,Optimal
4904924,"Dunning, Corey",Prairie View,1.95036,-1.185292,0.7650679944610597,-5.156932175292969,6.68706768737793,-2.9789317251586915,4.5090679524993895,4904924.0,5.415625,15.0,-9.584375,Underutilized
4904926,Tracy Steele Jr.,Little Rock,-9.74922,2.603705,-7.145515070648193,-13.067515001983642,-1.2235146624755853,-10.889515028686525,-3.4015151126098626,4904926.0,11.04090909090909,5.0,6.040909090909089,Overutilized
4904928,"Wells, Cory",Prairie View,-2.06321,1.6495316,-0.4136783971405031,-6.335678566894531,5.508321295776367,-4.157678355178833,3.330321799316406,4904928.0,22.245454545454542,25.0,-2.754545454545454,Optimal
4904931,"Williams, Lance",Prairie View,-2.22072,0.15624964,-2.0644703576278687,-7.986470408172607,3.857529454498291,-5.808470434875488,1.6795294812011718,4904931.0,14.603030303030303,25.0,-10.396969696969697,Underutilized
4905250,"Mason, Mekhi",Wake Forest,2.25547,0.028293274,2.2837632743430136,-3.638236798553467,8.20576306411743,-1.4602365868377687,6.027763329238892,4905250.0,17.602941176470587,25.0,-7.397058823529413,Underutilized
4905284,LJ Brown,UTSA,-2.57786,-0.14416288,-2.7220228783941267,-8.644022586212158,3.1999772764587404,-6.4660228513336175,1.0219770647430422,4905284.0,9.8625,15.0,-5.137499999999999,Underutilized
4905542,"Jones, DaMariee",Southern U.,1.81714,0.30931988,2.1264598835849764,-3.7955399583435057,8.048459904327393,-1.6175399850463867,5.870459931030274,4905542.0,17.782142857142855,15.0,2.782142857142855,Optimal
4906515,"Clouet, Kody",Winthrop,3.60962,-1.2157184,2.393901611442566,-3.5280982006835937,8.315901661987304,-1.3500982273864746,6.137901688690185,4906515.0,17.29354838709677,25.0,-7.70645161290323,Underutilized
4909271,"Cooper, Jalen",Eastern Ky.,-2.57424,0.2707199,-2.303520114173889,-8.225519926300048,3.6184799363708495,-6.047519953002929,1.4404799630737304,4909271.0,18.221739130434784,25.0,-6.778260869565216,Underutilized
4910887,"Seaman, Landon",Cal St. Fullerton,-0.0346335,0.12972838,0.0950948768653869,-5.826905114074707,6.017094748596191,-3.648905140777588,3.839094775299072,4910887.0,23.465625,15.0,8.465625,Overutilized
4912212,James Cooper,Georgia State,-6.72995,0.37599167,-6.353958327722549,-12.275958110046384,-0.4319582473754879,-10.097958375167844,-2.609958220672607,4912212.0,7.968181818181816,5.0,2.968181818181816,Optimal
4912455,"Shrewsberry, Braeden",Notre Dame,1.74264,0.4325563,2.1751963013553617,-3.7468037789917,8.097196083679199,-1.568803567276001,5.91919611038208,4912455.0,16.93548387096774,25.0,-8.06451612903226,Underutilized
4915060,"Bol, John",UCF,4.15946,1.0722659,5.231725863418579,-0.6902743063354491,11.153725556335448,1.4877259053802492,8.975726059875488,4915060.0,14.384848484848485,25.0,-10.615151515151515,Underutilized
4917097,"Avila, Robbie",Saint Louis,6.40251,-1.4648468,4.937663150558472,-0.984336542358398,10.8596633203125,1.1936629541015629,8.681663108596801,4917097.0,22.08235294117647,15.0,7.08235294117647,Overutilized
4917149,"Karaban, Alex",UConn,8.8434,-1.1154857,7.727914331817628,1.8059144004821783,13.649914263153075,3.9839143737792977,11.471914289855958,4917149.0,17.4975,25.0,-7.502500000000001,Underutilized
4917161,"Mighty, Armani",Mercer,1.43721,1.9029202,3.340130246124268,-2.5818696852111813,9.262130177459715,-0.4038697119140624,7.084130204162598,4917161.0,20.15862068965517,25.0,-4.841379310344831,Optimal
4917385,"Fernandez, Justyn",Delaware,-4.19184,1.7305547,-2.461285300102234,-8.383285350646972,3.4607145120239258,-6.2052853773498535,1.2827145387268066,4917385.0,25.878571428571423,35.0,-9.121428571428574,Underutilized
4920142,"Obioha, Harlan",West Virginia,2.82443,0.0879471,2.9123771004009247,-3.0096230395507813,8.834376823120117,-0.831622827835083,6.656377088241577,4920142.0,16.17142857142857,15.0,1.1714285714285708,Optimal
4937074,"Williams, Darrion",NC State,3.66334,0.6422294,4.305569378223419,-1.616430374298096,10.227569488372804,0.5615693605804442,8.049569515075683,4937074.0,23.933333333333337,35.0,-11.066666666666665,Underutilized
5033017,"Little, Miro",UC Santa Barbara,4.71203,-0.8029471,3.909082896022797,-2.0129169757080074,9.831082886962893,0.1650829975891117,7.653082913665772,5033017.0,24.0125,25.0,-0.9875000000000008,Optimal
5037870,"Brown Jr., Rodney",LMU (CA),-0.373391,0.4407293,0.0673382902469635,-5.8546617901000975,5.989338072570801,-3.676661578384399,3.811338099273682,5037870.0,20.716666666666665,15.0,5.716666666666665,Overutilized
5037872,"Givens III, Curtis",Memphis,-0.185185,0.3259167,0.1407317075157165,-5.781268164215088,6.062731698455811,-3.603268190917969,3.8847317251586913,5037872.0,17.96,25.0,-7.039999999999999,Underutilized
5037874,"Shelley, Jalen",LMU (CA),0.662855,0.6138039,1.2766589231300354,-4.645341067810058,7.19865879486084,-2.4673410945129395,5.020658821563721,5037874.0,24.383333333333336,35.0,-10.616666666666664,Underutilized
5037875,"Riley IV, Tyrone",San Francisco,2.67869,-0.61927754,2.059412463130951,-3.8625874085998535,7.981412454071044,-1.6845874353027344,5.803412480773925,5037875.0,17.756666666666668,25.0,-7.243333333333332,Underutilized
5037876,"Robinson, Micah",TCU,4.1579,-0.39440668,3.76349332370758,-2.1585067268371585,9.68549313583374,0.0194932464599606,7.507493162536621,5037876.0,20.97714285714285,15.0,5.977142857142855,Overutilized
5037877,George Turkson Jr.,Maryland,-2.08689,2.7259111,0.6390211404418946,-5.282978790893555,6.561021071777343,-3.1049788175964355,4.383021098480224,5037877.0,9.191304347826089,5.0,4.191304347826087,Optimal
5037878,"Onyenso, Ugonna",Virginia,13.8674,-1.0288029,12.838597128295898,6.916597196960449,18.760597059631348,9.094597170257568,16.58259708633423,5037878.0,14.680555555555552,25.0,-10.319444444444448,Underutilized
5037880,"Booth, Carey",Colorado St.,3.28483,-0.3811004,2.90372961361885,-3.018270109100342,8.825729753570556,-0.8402701358032227,6.647729541854858,5037880.0,18.81818181818182,15.0,3.81818181818182,Optimal
5037881,"Pierce, Trent",Missouri,6.06871,-1.4854329,4.583277136764527,-1.3387225561523437,10.505277306518554,0.8392769403076175,8.327277094802856,5037881.0,15.485,5.0,10.485,Overutilized
5041934,"Carbuccia, Danny",Massachusetts,-4.33276,1.0815785,-3.2511815068817143,-9.173181676635744,2.670818186035156,-6.995181464920044,0.4928186895751949,5041934.0,18.55625,25.0,-6.443750000000001,Underutilized
5041935,"Boozer, Cameron",Duke,16.0077,-0.5951855,15.41251448173523,9.49051478881836,21.334514651489258,11.66851428527832,19.15651443977356,5041935.0,30.66315789473684,25.0,5.6631578947368375,Overutilized
5041937,"Boozer, Cayden",Duke,4.75247,-0.95382565,3.798644347400665,-2.12335540512085,9.720644457550048,0.0546445681762692,7.54264424583435,5041937.0,17.476315789473684,15.0,2.476315789473684,Optimal
5041938,B.J. Davis-Ray,SMU,-1.11806,0.18533292,-0.9327270758724212,-6.854727156219482,4.989272706451416,-4.676726944503784,2.811272971572876,5041938.0,13.11875,15.0,-1.8812500000000012,Optimal
5041940,Francis Chukwudebelu,Santa Clara,5.13366,-3.9270003,1.2066597158050536,-4.7153399771118165,7.128659647140503,-2.537340480651856,4.950659673843384,5041940.0,9.291304347826088,5.0,4.291304347826088,Optimal
5041942,"Harwell, Isiah",Houston,4.02904,0.23637964,4.265419638314247,-1.656580307922363,10.187419554748535,0.521419665374756,8.009419581451416,5041942.0,14.71875,15.0,-0.28125,Optimal
5041945,"Heard, Bryce",Dayton,-1.01063,-0.22252317,-1.2331531677293777,-7.155153143768311,4.688846718902588,-4.977153170471191,2.510846745605469,5041945.0,17.716666666666665,25.0,-7.283333333333335,Underutilized
5041949,"Jones, Jamier",Providence,2.26824,0.42140657,2.6896465670967102,-3.2323531854248047,8.611646677246094,-1.0543534505462646,6.433646703948975,5041949.0,20.66129032258064,25.0,-4.338709677419359,Optimal
5041951,"Thomas, Meleek",Arkansas,5.85943,-0.44815242,5.411277577095031,-0.5107224734497073,11.333277389221193,1.6672774998474118,9.155277415924072,5041951.0,22.335135135135136,35.0,-12.664864864864864,Underutilized
5041953,"Peat, Koa",Arizona,7.99692,-0.2781267,7.718793313188553,1.7967933520507815,13.64079321472168,3.9747933253479006,11.46279324142456,5041953.0,23.86111111111111,15.0,8.86111111111111,Overutilized
5041954,"McKenney, Trey",Michigan,6.00323,-0.54482013,5.458409870128632,-0.4635902400207516,11.380409622650149,1.7144097332763677,9.202409887771609,5041954.0,17.080000000000002,15.0,2.080000000000002,Optimal
5041955,"Peterson, Darryn",Kansas,7.78055,-0.9210203,6.859529671001434,0.9375295608520506,12.781529423522947,3.1155295341491698,10.603529688644407,5041955.0,30.745833333333334,25.0,5.745833333333334,Overutilized
5041958,"Tiller, Bryson",Kansas,3.20306,1.6343743,4.837434260902405,-1.0845657896423342,10.759434073028563,1.093434183654785,8.581434099731446,5041958.0,18.84857142857143,15.0,3.8485714285714288,Optimal
5044426,"Bidunga, Flory",Kansas,11.6163,-0.9350916,10.681208385276795,4.759208573150636,16.603208435821536,6.937208546447755,14.425208462524417,5044426.0,19.442857142857143,35.0,-15.557142857142855,Underutilized
5054083,"Demary Jr., Silas",UConn,8.79031,-0.64582956,8.144480441627502,2.2224803910827635,14.066480253753662,4.400480364379883,11.888480280456545,5054083.0,22.297435897435896,25.0,-2.702564102564104,Optimal
5054085,"Robinson II, Anthony",Missouri,5.08115,0.00980749,5.090957489812374,-0.8310423446655273,11.012957518005372,1.346957628631592,8.834957544708253,5054085.0,19.35757575757576,25.0,-5.642424242424244,Underutilized
5060684,"Burks, Jordan",UCF,5.18989,-0.0140513405,5.175838659479618,-0.7461613687133788,11.09783849395752,1.4318386045837403,8.9198385206604,5060684.0,19.363636363636363,15.0,4.363636363636363,Optimal
5060685,"Dawes, Keanu",Utah,4.11497,-0.2582601,3.8567098989200574,-2.0652901814270024,9.778709681243896,0.1127097918701167,7.600709946365356,5060685.0,19.8,15.0,4.799999999999997,Optimal
5060688,"Kaiser, Jr., Jamie",Butler,4.08361,-0.5197533,3.563856722698212,-2.358143387451172,9.485856475219729,-0.1801434141540525,7.307856740341187,5060688.0,15.03,15.0,0.0300000000000011,Optimal
5060696,"Page, Arrinten",Northwestern,7.55466,-0.91458076,6.640079237613678,0.7180792466735841,12.562079109344484,2.896079219970704,10.384079136047363,5060696.0,22.92758620689655,25.0,-2.0724137931034505,Optimal
5060698,Devin Curtis,Southern Indiana,-4.96339,0.928098,-4.035291977062226,-9.95729172958374,1.8867081330871576,-7.779291994705201,-0.2912918402099613,5060698.0,10.248,15.0,-4.752000000000001,Optimal
5060699,"Marshall, Rashaud",Austin Peay,3.79841,-1.1224356,2.6759744302368165,-3.2460255010986327,8.597974361572266,-1.0680255278015136,6.419974388275147,5060699.0,21.493103448275864,35.0,-13.506896551724136,Underutilized
5060700,"Tugler, Joseph",Houston,13.6104,-0.3145689,13.295831092977524,7.373831072235108,19.217830934906004,9.551831045532229,17.039830961608885,5060700.0,19.43513513513513,15.0,4.435135135135134,Optimal
5060701,"Anderson, Christian",Texas Tech,8.1787,-0.062733725,8.115966275286674,2.1939664184570304,14.037966281127929,4.37196639175415,11.85996630783081,5060701.0,25.454545454545457,35.0,-9.545454545454543,Underutilized
5060702,"Begg, Justin",Sam Houston,-4.49253,1.9599915,-2.532538544921876,-8.454538476257325,3.389461386413574,-6.276538502960205,1.2114614131164547,5060702.0,23.69,25.0,-1.3099999999999987,Optimal
5060703,"Crawford, Elijah",UIC,3.39237,-0.05162226,3.3407477396380902,-2.5812523220825194,9.26274754058838,-0.4032521103668212,7.084747805709839,5060703.0,33.06956521739131,25.0,8.069565217391307,Overutilized
5060705,"Diallo, Zoom",Washington,3.29913,1.2430071,4.5421370638656615,-1.3798627482604982,10.4641371144104,0.798137225036621,8.286137141113281,5060705.0,28.74242424242424,25.0,3.742424242424242,Optimal
5060706,"Perry, Trent",UCLA,5.51694,0.059299905,5.5762399048531055,-0.3457599855041504,11.498239877166748,1.8322399877929687,9.320239903869629,5060706.0,20.82,25.0,-4.180000000000003,Optimal
5060708,"Mobley Jr., John",Ohio St.,5.03037,-0.34881312,4.681556883449554,-1.2404429882812504,10.603556874389648,0.9375569850158688,8.425556901092529,5060708.0,23.42903225806452,25.0,-1.5709677419354833,Optimal
5060709,"Wright III, Robert",BYU,3.88454,-0.27677009,3.6077699149036406,-2.314230046234131,9.529769816436769,-0.1362300729370118,7.351769843139648,5060709.0,25.288571428571423,35.0,-9.711428571428574,Underutilized
5060712,"Hill Jr., Terrence",VCU,5.08842,-1.1166047,3.971815314216614,-1.9501847363281248,9.893815126342773,0.2278152369689943,7.7158151530456545,5060712.0,25.21944444444444,35.0,-9.780555555555562,Underutilized
5060718,"Nash, Jaye",Jacksonville St.,-2.95098,1.183491,-1.7674890084075927,-7.689489178161621,4.154510684509278,-5.511488966445922,1.9765111880493165,5060718.0,18.282758620689656,25.0,-6.7172413793103445,Underutilized
5060721,"Janowski, Nick",St. Thomas (MN),0.474572,0.09916338,0.5737353832454681,-5.348264399078369,6.4957354635925295,-3.170264664199829,4.317735251876831,5060721.0,23.43870967741936,25.0,-1.5612903225806392,Optimal
5060724,"Bates, AJ",Louisiana Tech,-1.75415,0.91506857,-0.8390814332008363,-6.761081304931641,5.082918557739258,-4.583081331634522,2.9049185844421386,5060724.0,24.596774193548388,25.0,-0.4032258064516121,Optimal
5060727,"Thompson, Tyler",Montana,1.14741,-0.35726568,0.790144318971634,-5.131855403747559,6.71214445892334,-2.95385543045044,4.534144247207641,5060727.0,13.376666666666663,5.0,8.376666666666665,Overutilized
5060728,"Cummings, Brandin",Pittsburgh,-0.30415,0.4199154,0.1157654078960419,-5.806234732055664,6.0377651306152345,-3.6282345203399657,3.8597651573181153,5060728.0,23.068421052631574,35.0,-11.931578947368422,Underutilized
5060730,"Mustaf, Jaeden",Georgia Tech,-0.585798,0.54894376,-0.0368542419891357,-5.9588544117431645,5.885145450927734,-3.780854200027466,3.707145954467773,5060730.0,19.78275862068965,15.0,4.782758620689652,Optimal
5060731,"Prunty, Jaxon",Col. of Charleston,-2.04021,-0.29473633,-2.3349463257408143,-8.256946316680908,3.58705354598999,-6.078946343383789,1.409053572692871,5060731.0,14.096774193548388,5.0,9.096774193548388,Overutilized
5060732,"Richmond III, Billy",Arkansas,6.67888,-0.6124831,6.066396915798188,0.1443970440673831,11.98839690673828,2.3223970173645023,9.810396933441162,5060732.0,17.92162162162162,25.0,-7.078378378378378,Underutilized
5060733,Divine Ugochukwu,Michigan State,5.27416,-1.2705845,4.003575535926819,-1.91842451461792,9.92557534805298,0.2595754586791994,7.74757537475586,5060733.0,13.668181818181814,25.0,-11.331818181818186,Underutilized
5061569,"Williams, Caleb",Georgetown,3.55657,-0.19212857,3.364441431112289,-2.557558589630127,9.286441273040772,-0.379558616333008,7.108441299743652,5061569.0,14.02121212121212,25.0,-10.97878787878788,Underutilized
5061572,"Hinton, Robert",Harvard,-0.202753,-0.40047446,-0.6032274589328765,-6.525227479675293,5.318772382995605,-4.347227506378174,3.1407724096984864,5061572.0,26.592857142857145,35.0,-8.407142857142855,Underutilized
5061576,"Grant, Dylan",Rutgers,0.195189,1.3647213,1.5599102982177735,-4.362089633117676,7.481910229553223,-2.1840896598205566,5.303910256256104,5061576.0,20.688235294117646,15.0,5.688235294117646,Overutilized
5061581,"Bamgboye, Luke",Texas Tech,6.25374,-0.60382444,5.649915563335418,-0.2720845468139652,11.571915315856934,1.905915426483154,9.393915580978394,5061581.0,14.400000000000002,15.0,-0.5999999999999979,Optimal
5061584,"Compton, Pharaoh",San Diego St.,8.57619,-2.1087148,6.467475181045533,0.5454750112915043,12.389475112380982,2.7234754614257817,10.211475139083865,5061584.0,19.225,25.0,-5.774999999999999,Underutilized
5061585,"Evans, Isaiah",Duke,6.54394,-0.19704352,6.346896476807594,0.4248966497802735,12.268896512451173,2.6028966230773927,10.090896539154052,5061585.0,21.78684210526316,25.0,-3.2131578947368418,Optimal
5061587,"Goodman, Miles",UT Arlington,-5.08846,2.053361,-3.035099060974121,-8.957098992309572,2.886900870361328,-6.779099019012452,0.7089008970642086,5061587.0,14.196428571428571,25.0,-10.803571428571429,Underutilized
5061592,Peyton Marshall,Georgia Tech,-2.20357,3.0189373,0.815367349319458,-5.106632582015991,6.737367042236328,-2.928632608718872,4.559367545776367,5061592.0,24.33888888888889,15.0,9.338888888888889,Overutilized
5061595,"Owens, Damarius",Marquette,0.78444,0.10754661,0.8919866126203537,-5.030013125,6.8139867376708985,-2.85201339012146,4.6359865259552,5061595.0,15.586666666666666,25.0,-9.413333333333334,Underutilized
5061596,"Miller III, Robert",LSU,7.43561,-1.2533246,6.182285372123718,0.2602855599975582,12.104285422668458,2.4382855332946773,9.926285449371338,5061596.0,15.59032258064516,15.0,0.5903225806451609,Optimal
5061597,Jaden Smith,Saint Joseph's,-1.60978,1.3700039,-0.2397760613250732,-6.161776231079101,5.682223631591797,-3.983776019363403,3.504224135131836,5061597.0,17.97058823529412,15.0,2.9705882352941195,Optimal
5061598,"Rock, JT",New Mexico,5.27581,-0.535701,4.740109023151398,-1.1818907293701173,10.66210913330078,0.9961092439270018,8.484108921585083,5061598.0,20.27777777777777,5.0,15.277777777777777,Overutilized
5061605,"Steppe, Jaden",Montana St.,-1.50367,0.23334937,-1.2703206320238114,-7.192320608062744,4.651679254608155,-5.014320634765625,2.473679281311035,5061605.0,20.85172413793104,15.0,5.851724137931036,Overutilized
5070505,"Cooper, Kaden",Louisiana Tech,2.00377,0.35637346,2.360143459100723,-3.561856621246338,8.28214324142456,-1.3838564095306398,6.104143268127441,5070505.0,18.446153846153848,15.0,3.446153846153848,Optimal
5075230,Fedor Zugic,Creighton,-0.368305,0.59938735,0.2310823476982116,-5.690917762451172,6.153082100219726,-3.512917550735473,3.975082126922608,5075230.0,16.808823529411764,5.0,11.808823529411764,Overutilized
5075625,"Hall, Keyshawn",Auburn,5.03594,0.30537963,5.341319629135132,-0.5806800637817382,11.26331979888916,1.5973196710968018,9.085319348754885,5075625.0,27.00555555555556,25.0,2.0055555555555564,Optimal
5075626,"Miller, Baba",Cincinnati,9.64885,0.020816773,9.669666773176193,3.747666871643066,15.591666734313964,5.925666844940185,13.413666761016843,5075626.0,22.238709677419354,35.0,-12.761290322580646,Underutilized
5077373,"Dual, Garwey",McNeese,4.1323,-0.9863343,3.145965676116943,-2.776034255218506,9.067965607452392,-0.5980342819213869,6.889965634155273,5077373.0,19.8875,35.0,-15.1125,Underutilized
5079838,"Buchanan, Blake",Iowa St.,9.80666,-1.3513137,8.455346289787293,2.5333464776611336,14.377346340332032,4.711346450958253,12.199346367034911,5079838.0,17.200000000000003,25.0,-7.799999999999997,Underutilized
5080489,"Haugh, Thomas",Florida,10.1793,-0.11963482,10.059665177989006,4.137665440368652,15.98166530303955,6.315665175247192,13.803665091323852,5080489.0,21.08823529411765,25.0,-3.911764705882352,Optimal
5081348,Chris Nwuli,Rutgers,-1.75114,1.343815,-0.4073250309371947,-6.329325081481933,5.514674781188965,-4.151325108184814,3.336674807891846,5081348.0,17.046666666666667,5.0,12.046666666666669,Overutilized
5081887,"Meadow, Andrew",Boise St.,4.22569,-0.5563725,3.6693174766922,-2.252682573852539,9.59131728881836,-0.0746826005554197,7.41331731552124,5081887.0,16.796666666666667,25.0,-8.203333333333333,Underutilized
5082206,"Burries, Brayden",Arizona,10.2047,-0.9583245,9.24637550802231,3.3243756362915047,15.168375498962403,5.502375609588624,12.990375525665284,5082206.0,21.54615384615385,25.0,-3.453846153846154,Optimal
5082704,"Fielder, Drew",Boise St.,5.44676,0.2995692,5.746329189548493,-0.1756708013916013,11.668329061279298,2.002329171905518,9.49032908798218,5082704.0,27.946666666666665,35.0,-7.053333333333335,Underutilized
5093142,"Estrella, J.P.",Tennessee,7.26442,-0.6446587,6.619761315269471,0.6977615031433109,12.54176136581421,2.87576147644043,10.363761392517093,5093142.0,22.1,25.0,-2.8999999999999986,Optimal
5093143,"Flagg, Ace",Maine,-2.6954,-0.2362663,-2.9316663000822065,-8.853666067504882,2.990333795166016,-6.675666332626342,0.8123335834503176,5093143.0,17.84516129032258,25.0,-7.154838709677421,Underutilized
5093250,"Clayton, Jordan",Northwestern,2.62237,-1.2558818,1.3664882136535643,-4.555511717681885,7.288488144989014,-2.377511744384765,5.110488171691895,5093250.0,10.58064516129032,15.0,-4.41935483870968,Optimal
5093252,"Elmer, Eian",Miami (OH),3.73532,-0.57169986,3.163620142288208,-2.75838002746582,9.085619835205078,-0.5803795773315428,6.907620100326538,5093252.0,17.099999999999998,15.0,2.099999999999998,Optimal
5093253,"Evans, Kyan",North Carolina,-0.853426,1.0458378,0.1924117599716186,-5.729588052154541,6.114411810516358,-3.5515880788574217,3.93641183721924,5093253.0,15.406060606060606,5.0,10.406060606060606,Overutilized
5093264,"Rice, Eli",Penn St.,-1.30318,1.075472,-0.2277080027389526,-6.149708053283692,5.694291809387207,-3.971708079986573,3.516291836090088,5093264.0,15.851724137931036,25.0,-9.148275862068964,Underutilized
5093265,"Conyers, Arden",Charlotte,-1.44831,1.0746505,-0.373659473953247,-6.295659166870117,5.548340695800781,-4.117659431991577,3.370340245666504,5093265.0,16.848387096774193,15.0,1.8483870967741929,Optimal
5093403,"Abraham, Isaiah",Georgetown,1.95785,-0.122632004,1.8352179956793784,-4.086781958007812,7.7572179046630865,-1.9087819847106933,5.579217931365967,5093403.0,12.975757575757576,15.0,-2.0242424242424235,Optimal
5095063,"Djobet, Paul",Omaha,1.12082,1.808045,2.928865029640198,-2.993135020904541,8.850864841766358,-0.8151349283981324,6.672864868469238,5095063.0,28.735000000000003,35.0,-6.264999999999997,Underutilized
5095151,"Wilson, Caleb",North Carolina,12.2009,-0.38495988,11.815940123462678,5.893940370941163,17.73794023361206,8.071940344238282,15.559940021896365,5095151.0,28.629166666666663,25.0,3.629166666666663,Optimal
5095152,"Yessoufou, Tounde",Baylor,5.2792,0.7719298,6.051129800510407,0.1291298095703128,11.97312967224121,2.307129782867432,9.795129698944091,5095152.0,25.972727272727276,35.0,-9.027272727272727,Underutilized
5095153,"Johnson, Jasper",Kentucky,-1.51424,0.80219805,-0.712041947593689,-6.634041998138428,5.209957864532471,-4.456042024841309,3.0319578912353515,5095153.0,23.54571428571429,15.0,8.54571428571429,Overutilized
5095154,"Williams-Adams, Sebastian",Auburn,4.92895,-0.5741687,4.354781317901612,-1.5672186134338375,10.27678124923706,0.6107813598632816,8.098781275939942,5095154.0,14.28157894736842,25.0,-10.71842105263158,Underutilized
5095155,"Reid, Derrion",Oklahoma,3.66883,-0.024218207,3.644611792774796,-2.277388013763428,9.56661184890747,-0.0993882788848878,7.388611637191772,5095155.0,18.84864864864865,25.0,-6.151351351351348,Underutilized
5101623,Markus Burton,Notre Dame,4.62503,-1.1467412,3.478288848190308,-2.4437108447265627,9.400289017944337,-0.2657113482666018,7.222288806228637,5101623.0,31.69,25.0,6.689999999999998,Overutilized
5101624,"Hicks, Brooklyn",Montana,-0.799476,0.07529711,-0.7241788902173042,-6.646179052520752,5.197820810150146,-4.468178840805054,3.0198210752716066,5101624.0,18.61,25.0,-6.390000000000001,Underutilized
5101648,"Boswell, Bishop",Tennessee,6.95749,-1.1093544,5.848135623207092,-0.0738644273376465,11.770135435333252,2.1041355459594726,9.592135462036133,5101648.0,14.3,15.0,-0.7000000000000011,Optimal
5101649,"Thompson Jr., Redd",Longwood,-4.75493,0.5328417,-4.222088317565918,-10.144088248901369,1.6999116137695314,-7.966088275604248,-0.4780883595275877,5101649.0,24.513793103448272,35.0,-10.486206896551728,Underutilized
5101650,K.J. Windham,Northwestern,2.66998,-0.40207225,2.267907749156952,-3.654092360992432,8.189907501678466,-1.4760923876953127,6.011907766799927,5101650.0,46.27857142857143,15.0,31.278571428571425,Overutilized
5101653,"Skaljac, Luke",Miami (OH),1.67747,-0.3328453,1.34462469956398,-4.577375142364502,7.266624720306396,-2.399375169067383,5.088624747009277,5101653.0,20.179310344827588,15.0,5.179310344827588,Overutilized
5101654,Jace Posey,TCU,-2.10447,0.8312368,-1.2732332203102112,-7.195233092041016,4.648766770629883,-5.0172331187438965,2.470766797332764,5101654.0,25.303703703703704,15.0,10.303703703703704,Overutilized
5101655,"Campbell, Liam",Saint Mary's (CA),2.85585,-1.5850608,1.270789165115357,-4.651211004638672,7.192788858032227,-2.4732105545043943,5.014789123153687,5101655.0,11.5375,15.0,-3.4625000000000004,Optimal
5101656,Jalil Bethea,Alabama,1.99131,0.09039848,2.081708482978344,-3.840291619720459,8.00370824295044,-1.6622914080047608,5.8257085080719,5101656.0,21.29615384615385,5.0,16.29615384615385,Overutilized
5101658,"Harris, Gicarri",Purdue,7.15089,-0.695062,6.455828018321991,0.5338279081726078,12.377827770843506,2.711827881469727,10.199828035964966,5101658.0,12.964102564102562,25.0,-12.035897435897438,Underutilized
5101660,"McCarty, Chase",Houston,7.41727,-0.94482523,6.472444767971039,0.5504448962402346,12.394444758911131,2.7284448695373538,10.216444785614014,5101660.0,14.385714285714288,15.0,-0.6142857142857121,Optimal
5101664,"Indrusaitis, Nojus",Pittsburgh,1.00585,-0.05820505,0.9476449505150316,-4.974355059051514,6.8696448036193845,-2.796355085754395,4.691644830322265,5101664.0,20.97272727272727,25.0,-4.027272727272731,Optimal
5101666,Dillon Tingler,Drexel,-1.19737,-1.1287699,-2.326139874572754,-8.248139805908203,3.595860056762695,-6.070139832611084,1.417860083465576,5101666.0,17.192857142857143,5.0,12.192857142857145,Overutilized
5101667,"Seals, Ramone",Kennesaw St.,-1.29186,0.23384662,-1.0580133802747729,-6.980013266906738,4.86398659576416,-4.802013293609619,2.685986622467041,5101667.0,17.331578947368417,15.0,2.331578947368417,Optimal
5101668,"Mulready, Kayvaun",Georgetown,4.17735,-0.61331373,3.564036265468597,-2.357963606262208,9.486036256408692,-0.1799636329650882,7.308036283111572,5101668.0,15.321875,5.0,10.321875,Overutilized
5101669,"Powell, Jonathan",North Carolina,3.62792,-0.8630744,2.76484557811737,-3.157154234008789,8.686845628662109,-0.97915426071167,6.50884565536499,5101669.0,14.806060606060608,5.0,9.806060606060608,Overutilized
5101672,"Freitag, Daniel",Buffalo,2.03768,0.0141394865,2.051819486476779,-3.870180279083252,7.973819583587646,-1.692180544204712,5.795819371871948,5101672.0,29.009523809523813,35.0,-5.990476190476187,Underutilized
5101673,"Milicevic, Jovan",Xavier,2.06545,0.023756664,2.0892066642463205,-3.832793427276612,8.011206435394287,-1.6547932155609133,5.833206700515747,5101673.0,22.46969696969697,25.0,-2.530303030303031,Optimal
5101675,Colin White,Ohio State,3.27867,0.2733159,3.551985906524658,-2.370014024810791,9.473985837860107,-0.1920140515136719,7.295985864562988,5101675.0,8.086206896551724,5.0,3.086206896551724,Optimal
5101676,"Parham, Royce",Marquette,3.28031,-0.10044432,3.1798656831359864,-2.742134248199463,9.101865614471436,-0.5641342749023437,6.9238656411743165,5101676.0,19.43225806451613,15.0,4.43225806451613,Optimal
5101681,Malcolm Thomas,Dayton,-0.400761,0.2103947,-0.1903663045988082,-6.1123660720214845,5.731633790649414,-3.934366337142945,3.553633578933716,5101681.0,22.557692307692307,25.0,-2.4423076923076934,Optimal
5101689,Lathan Sommerville,Washington,-2.44614,1.2852253,-1.1609147278213503,-7.0829145399475095,4.761085322723389,-4.90491456665039,2.5830853494262693,5101689.0,16.113636363636367,15.0,1.1136363636363669,Optimal
5101691,"Smikle, Ian",Tulsa,1.13938,-0.66553485,0.4738451460647583,-5.44815490447998,6.395844958190918,-3.2701549311828613,4.217844984893799,5101691.0,14.144444444444446,5.0,9.144444444444446,Overutilized
5101692,Jamie Vinson,Texas A&M,4.85913,-0.8454975,4.013632511024476,-1.9083675395202635,9.935632323150635,0.2696324337768558,7.757632349853516,5101692.0,22.586666666666662,5.0,17.586666666666666,Overutilized
5101761,"Brown Jr., Mikel",Louisville,4.95751,-0.311882,4.645628010759354,-1.276371950378418,10.56762791229248,0.9016280229187013,8.38962793899536,5101761.0,30.03809523809524,35.0,-4.961904761904759,Optimal
5101762,"Easter II, Jerry",Southern California,-0.472231,1.0918696,0.6196385926666259,-5.302361577087402,6.541638285583496,-3.124361365371704,4.363638789123535,5101762.0,13.474999999999998,15.0,-1.525000000000002,Optimal
5101765,Gavin Hightower,South Florida,1.00837,-0.4340206,0.574349391336441,-5.347650450592041,6.496349412078858,-3.1696504772949217,4.3183494387817385,5101765.0,26.596153846153847,15.0,11.596153846153848,Overutilized
5101766,"Mandaquit, JJ",Washington,0.748128,0.26191455,1.010042551258087,-4.911957201263427,6.932042661407471,-2.733957466384888,4.754042688110352,5101766.0,16.495454545454546,25.0,-8.504545454545454,Underutilized
5101768,"Campbell-Finch, Isaiah",Samford,-5.2085,0.7636856,-4.444814415931702,-10.366814228057862,1.4771856346130372,-8.188814254760743,-0.7008143386840819,5101768.0,16.562962962962963,5.0,11.562962962962963,Overutilized
5101774,"Ellis, Eli",South Carolina,0.527955,0.90853983,1.436494831638336,-4.485505159301757,7.358494703369141,-2.3075051860046387,5.180494730072022,5101774.0,18.185714285714287,25.0,-6.814285714285713,Underutilized
5101776,"Reece, Jalen",LSU,-0.619953,0.85463184,0.2346788411827087,-5.687321030548096,6.156678832122803,-3.5093210572509763,3.978678858825684,5101776.0,15.993750000000002,25.0,-9.006249999999998,Underutilized
5101782,"Bell Jr., Melvin",San Jose St.,-2.91495,0.8661572,-2.048792825889588,-7.970792876434326,3.873206986236572,-5.792792903137207,1.695207012939453,5101782.0,15.521875,25.0,-9.478125,Underutilized
5101784,"Fleming, Akai",Georgia Tech,-3.08513,1.7246563,-1.360473656539917,-7.282473826293945,4.561526036376954,-5.104473614578247,2.3835265399169923,5101784.0,21.956666666666663,25.0,-3.043333333333337,Optimal
5101788,Hudson Greer,Creighton,0.112171,0.03503657,0.1472075713238716,-5.774792367462158,6.06920749520874,-3.596792394165039,3.891207521911621,5101788.0,16.031818181818178,25.0,-8.968181818181822,Underutilized
5101794,"Wheeler, Montana",Bradley,-3.29017,0.067089066,-3.223080934090614,-9.145080850524902,2.6989190121459963,-6.967080877227783,0.5209190388488771,5101794.0,21.01212121212121,15.0,6.012121212121215,Overutilized
5101796,"'Stink' Robinson, Azavier",Butler,2.70153,-0.44538575,2.256144245891571,-3.665855864257813,8.178143998413086,-1.4878558909606934,6.000144263534546,5101796.0,20.222727272727276,25.0,-4.777272727272727,Optimal
5101798,"Ward, Cameron",Michigan St.,3.46787,1.1433699,4.611239913101196,-1.310760256652832,10.533239606018066,0.8672399550628662,8.355240109558105,5101798.0,16.829411764705885,15.0,1.8294117647058847,Optimal
5101799,"Smiley, Legend",San Francisco,0.473102,-0.25256544,0.2205365564842224,-5.701463315246582,6.142536547424316,-3.523463341949463,3.964536574127197,5101799.0,15.321875000000002,25.0,-9.678124999999998,Underutilized
5101806,"London, Salim",UAB,-0.981861,0.27167603,-0.7101849662647247,-6.632184867797852,5.211814994873047,-4.454184894500733,3.033815021575928,5101806.0,14.387096774193548,15.0,-0.612903225806452,Optimal
5101807,"Johnson, DeMarco",Elon,-2.3931,-0.46366677,-2.8567667668819428,-8.778766847229004,3.0652330154418945,-6.600766873931885,0.8872332805633545,5101807.0,14.3,5.0,9.3,Overutilized
5101808,Kaden Magwood,Auburn,-0.524868,-0.7937944,-1.3186623935394288,-7.240662563293457,4.603337299377442,-5.062662113159179,2.4253375644989013,5101808.0,19.380000000000003,15.0,4.380000000000003,Optimal
5101809,"Henderson, Shelton",Miami (FL),4.55957,-0.56062484,3.9989451621246337,-1.9230550076293944,9.920944855041505,0.2549454425048827,7.742945120162964,5101809.0,21.41142857142857,15.0,6.411428571428569,Overutilized
5101822,Chuck Love,Loyola Chicago,-1.60967,0.4609183,-1.1487516926956176,-7.070751504821777,4.773248357849122,-4.892751531524658,2.595248384552002,5101822.0,13.807692307692308,15.0,-1.1923076923076916,Optimal
5101826,"Rayfield, Kaidon",UTSA,-3.75762,1.5722528,-2.185367249603272,-8.10736718093872,3.7366326817321776,-5.929367207641602,1.5586327084350584,5101826.0,18.1375,15.0,3.1374999999999997,Optimal
5101827,"Sisley, Trent",Indiana,-0.865139,0.9502398,0.0851007775650024,-5.836899272979736,6.007100589691162,-3.658899299682617,3.829100616394043,5101827.0,18.57,5.0,13.57,Overutilized
5101831,"White Jr., Sadiq",Syracuse,1.58464,-0.47785655,1.106783453359604,-4.815216567382812,7.028783295288086,-2.637216594085693,4.850783321990967,5101831.0,19.125806451612902,35.0,-15.874193548387094,Underutilized
5101832,"Pitt, Jaion",Pacific,4.52562,-1.8033593,2.722260729904175,-3.199738963012696,8.644260899658203,-1.0217394665527344,6.466260687942505,5101832.0,11.106451612903228,25.0,-13.893548387096772,Underutilized
5101833,"Allen, Amari",Alabama,8.85086,-0.2732434,8.577616602525712,2.6556166413879403,14.49961650405884,4.833616614685059,12.32161653076172,5101833.0,19.346875,15.0,4.346875000000001,Optimal
5101834,Dallas Washington,Long Beach State,-8.43958,3.8644156,-4.575164354400634,-10.497164285736083,1.3468351000976568,-8.319164312438964,-0.8311643963623041,5101834.0,20.13181818181818,15.0,5.131818181818179,Overutilized
5101837,Alejandro Aviles,San Diego,-3.17798,0.5229808,-2.654999190788269,-8.576999241333008,3.267000621337891,-6.3989992680358885,1.0890006480407717,5101837.0,15.356521739130434,25.0,-9.643478260869566,Underutilized
5101840,"Toombs, Jaden",SMU,3.91485,-0.39867544,3.5161745582580566,-2.4058253730773926,9.438174489593504,-0.2278253997802735,7.260174516296386,5101840.0,18.42222222222222,25.0,-6.577777777777779,Underutilized
5101843,"Wimbley, Jr., Dwayne",Massachusetts,-3.72452,1.5330856,-2.191434415359497,-8.113434108276367,3.730565754394531,-5.935434373397827,1.552565304260254,5101843.0,13.41875,5.0,8.418750000000001,Overutilized
5101844,Kai Rogers,Oklahoma,5.93577,-1.8019123,4.133857692260742,-1.7881422390747073,10.055857623596191,0.3898577342224119,7.877857650299072,5101844.0,9.02608695652174,5.0,4.026086956521739,Optimal
5101846,"Walker, EJ",South Carolina,-1.85268,0.80479634,-1.0478836619186402,-6.969883712463379,4.874116150207519,-4.79188373916626,2.6961161769104,5101846.0,12.331818181818182,25.0,-12.668181818181818,Underutilized
5101848,Ashton Magee,Southern,-6.8446,1.4095725,-5.43502751789093,-11.35702733001709,0.4869725326538088,-9.17902735671997,-1.6910274406433103,5101848.0,12.98214285714286,15.0,-2.017857142857141,Optimal
5101849,"Moreno, Malachi",Kentucky,8.58588,-0.51754886,8.068331140880584,2.1463310307312007,13.9903308934021,4.32433100402832,11.81233115852356,5101849.0,18.04722222222222,5.0,13.04722222222222,Overutilized
5101850,"Gurdak, Christian",Virginia Tech,3.4375,-0.4760952,2.961404800415039,-2.96059513092041,8.883404731750488,-0.782595157623291,6.705404758453369,5101850.0,16.041935483870965,15.0,1.0419354838709651,Optimal
5101852,"Abaev, Shon",Cincinnati,0.290619,2.4567974,2.7474163613739013,-3.174583569961548,8.66941653112793,-0.9965835966644288,6.491416080993653,5101852.0,23.308333333333334,25.0,-1.6916666666666664,Optimal
5101859,Jackson Keith,Butler,-1.39043,0.50558174,-0.8848482634353638,-6.806848075561524,5.037151787109375,-4.628848102264405,2.859151813812256,5101859.0,9.665384615384616,5.0,4.665384615384616,Optimal
5101865,"Dow, Connor",Oral Roberts,-0.484421,0.4842551,-0.0001658947429656,-5.922165617462158,5.92183424520874,-3.7441658825836175,3.743834271911621,5101865.0,19.593333333333337,25.0,-5.406666666666663,Underutilized
5102618,"Benter, Jack",Purdue,7.24338,-1.5377318,5.705648233299256,-0.2163515788269041,11.627648283843994,1.961648394470215,9.449648310546875,5102618.0,12.360526315789471,5.0,7.360526315789473,Overutilized
5102797,Youssouf Singare,High Point,-1.94862,-0.41792452,-2.3665445233535767,-8.288544335479736,3.555455527191162,-6.110544362182617,1.377455553894043,5102797.0,8.448275862068966,15.0,-6.551724137931034,Underutilized
5102798,"Scott, James",Ole Miss,7.90457,-1.0456766,6.858893410987854,0.9368933604431148,12.780893223114012,3.114893333740234,10.602893249816894,5102798.0,9.902857142857142,15.0,-5.097142857142858,Underutilized
5102799,"Wol, Mayar",Bowling Green,-0.111383,-0.69689673,-0.8082797318534851,-6.730279484375,5.113720378295898,-4.552279511077881,2.9357201665802,5102799.0,21.86206896551724,35.0,-13.137931034482758,Underutilized
5103571,"McDowell, Jamari",Kansas,3.59867,-0.5103027,3.0883672775459288,-2.833632474975586,9.010367387695313,-0.655632501678467,6.832367175979615,5103571.0,12.165714285714284,15.0,-2.8342857142857145,Optimal
5103584,"Fish, Kayden",Ball St.,-3.31029,0.06567885,-3.244611150183678,-9.16661085800171,2.6773890046691893,-6.988611123123169,0.499388792953491,5103584.0,20.627272727272725,25.0,-4.372727272727275,Optimal
5103589,"Harding, Brock",TCU,2.13401,0.5235841,2.6575941274261474,-3.2644055654907227,8.579594297180176,-1.0864058306121829,6.401593847045898,5103589.0,17.517142857142858,25.0,-7.482857142857142,Underutilized
5103590,"Rechsteiner, Brandon",Colorado St.,1.38946,0.37697157,1.766431572637558,-4.15556820968628,7.688431652984619,-1.97756847480774,5.5104316796875,5103590.0,21.766666666666666,25.0,-3.2333333333333343,Optimal
5103630,"Blackwell, John",Wisconsin,6.51967,0.07172227,6.591392269058227,0.6693920993041989,12.513391961975096,2.847392311019897,10.335392227096555,5103630.0,25.294117647058822,35.0,-9.705882352941174,Underutilized
5103631,"Kapke, Boden",Boston College,0.529174,0.09671028,0.625884279583931,-5.296115726257324,6.547884136413575,-3.118115752960205,4.369884163116455,5103631.0,20.309677419354838,25.0,-4.690322580645166,Optimal
5103832,"Emuobor, Comeh",New Hampshire,-9.80949,2.6984537,-7.111036335220337,-13.033036266555786,-1.1890361654663089,-10.855036293258667,-3.367036615600586,5103832.0,31.02307692307692,25.0,6.023076923076921,Overutilized
5105279,Paul Lewis,James Madison,-8.65546,2.4546964,-6.200763583145141,-12.12276351448059,-0.278763413391113,-9.944763541183471,-2.4567638635253903,5105279.0,16.284615384615385,15.0,1.2846153846153854,Optimal
5105337,"Brown, Maliq",Duke,13.8643,-2.1570973,11.707202660369871,5.785202252197266,17.629202591705322,7.963202702331543,15.451202618408203,5105337.0,14.618421052631575,15.0,-0.3815789473684248,Optimal
5105401,"Collins, MJ",Utah St.,4.0106,0.044677556,4.055277555561066,-1.866722196960449,9.97727766571045,0.311277537918091,7.799277453994751,5105401.0,22.457142857142856,15.0,7.457142857142855,Overutilized
5105402,"Buchanan Jr., Darren",Rutgers,0.172119,0.65612364,0.8282426381530762,-5.093757293182373,6.750242569488526,-2.915757319885254,4.572242596191407,5105402.0,20.78529411764706,25.0,-4.214705882352941,Optimal
5105410,"Diaz Graham, Guillermo",San Francisco,3.18044,-0.37922257,2.801217428150177,-3.120782324371338,8.723217538299561,-0.9427823510742188,6.545217326583862,5105410.0,16.400000000000002,5.0,11.400000000000002,Overutilized
5105411,"Diaz Graham, Jorge",Oregon St.,4.29396,-0.55101913,3.7429408678627016,-2.1790591230773924,9.664940739593506,-0.0010591497802732,7.486940766296387,5105411.0,18.20625,15.0,3.206249999999997,Optimal
5105412,Federiko Federiko,Texas A&M,6.3637,-2.6169362,3.7467637931823727,-2.1752366149902347,9.668763724517822,0.0027638351440426,7.490763751220703,5105412.0,8.425806451612903,5.0,3.425806451612903,Optimal
5105414,Bendji Pierre,Mercer,-7.09169,1.0906117,-6.001078303756714,-11.923078473510742,-0.0790786108398435,-9.745078261795044,-2.2570781072998045,5105414.0,14.26842105263158,25.0,-10.73157894736842,Underutilized
5105416,Emmanuel Callas,San Diego,-0.858772,-1.2694247,-2.1281966768951417,-8.050196369812012,3.793803492858887,-5.872196873352051,1.6158032811431884,5105416.0,6.822222222222223,5.0,1.8222222222222229,Optimal
5105417,Steven Jamerson II,UCLA,9.86873,-3.726752,6.141977957229614,0.2199777874755852,12.063977888565065,2.3979782376098626,9.885977915267944,5105417.0,11.348571428571429,5.0,6.348571428571429,Overutilized
5105418,"Wessels, Harry",Saint Mary's (CA),5.67049,0.022549614,5.693039614310265,-0.2289603021240234,11.615039560546876,1.949039671173096,9.437039587249757,5105418.0,16.187096774193545,5.0,11.187096774193543,Overutilized
5105426,"Dengdit, Bol",UC San Diego,0.458802,0.1252579,0.5840598943967819,-5.337939962432861,6.5060599002380375,-3.1599399891357423,4.328059926940918,5105426.0,25.034375,15.0,10.034374999999995,Overutilized
5105431,"Ree, Devin",Jackson St.,-4.08614,0.88846594,-3.1976740590477,-9.119674049987792,2.724325812683105,-6.941674076690674,0.546325839385986,5105431.0,14.757575757575758,5.0,9.757575757575758,Overutilized
5105432,"Martynov, Cyril",FDU,-5.13773,1.6253027,-3.512427327613831,-9.434427139739991,2.409572722930908,-7.256427166442871,0.2315727496337887,5105432.0,20.355172413793102,15.0,5.355172413793103,Overutilized
5105444,"Reeves, Christian",Col. of Charleston,2.24883,-0.049067207,2.199762793319225,-3.722236951751709,8.12176291091919,-1.544237216873169,5.943762699203491,5105444.0,22.01333333333334,15.0,7.013333333333339,Overutilized
5105445,"Hunter, Dillon",Clemson,4.46031,-0.4237525,4.03655751329422,-1.8854422392272951,9.958557623443603,0.292557734069824,7.780557411727905,5105445.0,15.940000000000005,15.0,0.940000000000003,Optimal
5105446,Chauncey Gibson,Chicago State,-6.23145,2.5760448,-3.655405202102661,-9.57740513343811,2.2665949676513675,-7.399405160140991,0.0885945175170901,5105446.0,22.957142857142856,25.0,-2.0428571428571445,Optimal
5105448,"Wiggins, Chauncey",Florida St.,2.38029,-0.02797991,2.3523100896263123,-3.569689782104492,8.274310080566407,-1.391689808807373,6.096310107269288,5105448.0,18.271875,25.0,-6.728124999999999,Underutilized
5105449,"Godfrey, RJ",Clemson,6.69019,-1.2008721,5.4893179363632205,-0.4326818757629391,11.41131798690796,1.74531809753418,9.23331801361084,5105449.0,24.95142857142857,15.0,9.951428571428568,Overutilized
5105453,"Pitre, Jalen",Tennessee St.,2.14164,-1.3079488,0.8336911722564699,-5.088308997497558,6.7556908651733405,-2.910308547363281,4.5776911302948005,5105453.0,12.67666666666667,25.0,-12.32333333333333,Underutilized
5105454,"Messina-Moore, Malik",Xavier,0.680598,0.7345284,1.415126422355652,-4.506873389770508,7.33712647290039,-2.328873416473389,5.159126499603271,5105454.0,17.648484848484852,25.0,-7.351515151515148,Underutilized
5105455,"Stansberry, Cord",Western Caro.,-1.17231,1.0300041,-0.1423058562850951,-6.0643059068298335,5.779693955841065,-3.886305933532715,3.6016939825439453,5105455.0,23.73793103448276,25.0,-1.2620689655172406,Optimal
5105456,David Mager,Pepperdine,-5.94727,1.2717699,-4.6755001187515255,-10.597499930877683,1.2464999317932133,-8.419499957580566,-0.931500041503906,5105456.0,14.765517241379312,5.0,9.765517241379312,Overutilized
5105457,"Odum, Maurice",Arizona St.,4.08445,0.74681205,4.831262045574189,-1.090738064575195,10.753261798095703,1.0872621471405033,8.575261824798584,5105457.0,26.569696969696967,35.0,-8.430303030303033,Underutilized
5105458,"Denson, Cam",Ball St.,-3.53718,1.4323521,-2.104827933959961,-8.02682786529541,3.817171997375488,-5.848827891998291,1.639172024078369,5105458.0,14.170833333333333,15.0,-0.8291666666666675,Optimal
5105461,"Toolson, Tanner",TCU,2.55866,-0.042999636,2.515660363618136,-3.4063396757507323,8.437660186920166,-1.2283397024536131,6.259660213623047,5105461.0,18.048571428571428,25.0,-6.951428571428572,Underutilized
5105462,"Saunders, Richie",BYU,8.89803,-1.6777014,7.220328645973206,1.2983285954284671,13.142328458099366,3.4763285687255863,10.964328484802246,5105462.0,22.48,25.0,-2.52,Optimal
5105463,"Hayhurst, Tanner",Southern Utah,-0.311268,-0.26909563,-0.580363629453659,-6.502363352172852,5.341636510498047,-4.3243633788757325,3.1636362987823485,5105463.0,13.453571428571433,15.0,-1.546428571428569,Optimal
5105464,"Hall, Dallin",Virginia,5.04783,-0.40160954,4.646220460014344,-1.275779352111816,10.568220510559083,0.902220621185303,8.390220537261964,5105464.0,13.866666666666667,5.0,8.866666666666669,Overutilized
5105468,"Leonhardt, Trevan",Utah Valley,4.13306,-0.65643317,3.4766268349266056,-2.445373036804199,9.3986268258667,-0.2673730635070797,7.2206268525695805,5105468.0,19.23870967741936,25.0,-5.761290322580642,Underutilized
5105471,"Potter, Ethan",Utah Tech,2.89476,-0.5427203,2.352039682159424,-3.569960249176025,8.274039613494873,-1.391960275878906,6.096039640197754,5105471.0,23.580645161290324,25.0,-1.4193548387096762,Optimal
5105472,"Finlinson, Isaac",Hawaii,-0.0143887,-0.32217097,-0.3365596728240966,-6.258559842578125,5.585440020092774,-4.080559392443847,3.4074402852142334,5105472.0,18.93870967741936,25.0,-6.061290322580639,Underutilized
5105478,Asjon Anderson,Alabama State,-5.53791,1.4068729,-4.131037131462097,-10.053037182006836,1.7909626806640624,-7.875037208709717,-0.3870372926330567,5105478.0,30.162962962962965,25.0,5.162962962962965,Overutilized
5105481,"Johnston, Will",Richmond,-0.837127,0.45442548,-0.3827015160579681,-6.304701596405029,5.539298266265869,-4.126701384689331,3.3612982929687503,5105481.0,17.574193548387097,15.0,2.574193548387097,Optimal
5105486,"Weaver, Chendall",Texas,5.04485,0.03014119,5.074991189694405,-0.8470085777282712,10.996991284942627,1.3309911571502688,8.818991073226929,5105486.0,14.934285714285716,15.0,-0.065714285714284,Optimal
5105487,Brandon Walker,Mississippi State,0.289966,0.91645956,1.206425560394287,-4.715574370941162,7.128425491729736,-2.537574397644043,4.950425518432617,5105487.0,27.13157894736841,25.0,2.131578947368414,Optimal
5105493,Dario Domingos,Utah Tech,-2.45926,0.3119788,-2.1472812128162384,-8.069281114349366,3.774718748321533,-5.891281141052247,1.596718775024414,5105493.0,36.07826086956521,25.0,11.078260869565211,Overutilized
5105494,"Allen, Drake",Utah St.,6.32546,-1.0218854,5.303574604949951,-0.6184253263854984,11.2255745362854,1.5595746469116207,9.04757456298828,5105494.0,19.979411764705883,15.0,4.979411764705883,Optimal
5105495,"Housley, Braden",Utah Valley,-2.24126,-0.033875577,-2.2751355771517754,-8.197135396728516,3.646864465942383,-6.019135423431397,1.4688644926452636,5105495.0,14.803846153846154,5.0,9.803846153846154,Overutilized
5105527,"Aberdeen, Denzel",Kentucky,3.05876,0.41656056,3.475320560464859,-2.446679281463623,9.397320581207277,-0.268679308166504,7.219320607910156,5105527.0,20.9,25.0,-4.100000000000001,Optimal
5105528,Aleks Szymczyk,Cal State Northridge,-2.79408,-0.19788319,-2.991963188724518,-8.913963060455323,2.930036802215576,-6.735963087158203,0.7520368289184569,5105528.0,12.370833333333335,15.0,-2.6291666666666647,Optimal
5105529,"Kugel, Riley",UCF,3.15671,0.5562248,3.712934822998047,-2.2090651083374024,9.634934754333496,-0.0310651350402832,7.456934781036377,5105529.0,24.383870967741935,35.0,-10.616129032258062,Underutilized
5105531,"Lindsay-Martin, KyeRon",UAB,1.02846,-0.60617715,0.4222828487968444,-5.499717261352539,6.344282601318359,-3.32171728805542,4.166282866439819,5105531.0,20.7,35.0,-14.3,Underutilized
5105533,"Williams, Corneilous",North Ala.,-2.66591,1.5837814,-1.0821286384201048,-7.004128688964844,4.839871173706055,-4.826128715667725,2.661871200408936,5105533.0,19.03703703703704,25.0,-5.962962962962962,Underutilized
5105537,"Phillips Jr., Shawn",Missouri,3.55491,1.1587113,4.7136213142013546,-1.208378497924805,10.635621364746092,0.9696214753723144,8.457621391448974,5105537.0,19.82903225806452,25.0,-5.170967741935478,Underutilized
5105538,"Hamilton, Kimani",UNLV,3.42115,0.24728149,3.668431491756439,-2.2535683799743653,9.590431482696534,-0.0755684066772461,7.412431509399414,5105538.0,22.273529411764702,35.0,-12.726470588235294,Underutilized
5105539,"Russell, MJ",ULM,-4.28113,1.5926907,-2.6884392937469483,-8.610439463500978,3.2335603991699218,-6.432439251785278,1.0555609027099608,5105539.0,23.063333333333333,15.0,8.063333333333333,Overutilized
5105540,"Jones Jr., Shawn",Mississippi St.,3.99496,-0.8950428,3.099917222938537,-2.8220828276062013,9.021917035064696,-0.6440828543090822,6.843917061767578,5105540.0,12.587096774193547,5.0,7.587096774193547,Overutilized
5105543,"Shaw, Aidan",Boston College,2.88817,-0.33480063,2.5533693691921235,-3.368630651550293,8.475369211120606,-1.1906306782531737,6.297369237823487,5105543.0,11.293548387096774,15.0,-3.7064516129032254,Optimal
5105544,Amaree Abram,Tennessee,6.44081,-1.9926759,4.44813409954071,-1.4738657125854493,10.370134150085448,0.7041342607116698,8.19213405757904,5105544.0,11.672,25.0,-13.328,Underutilized
5105545,"Caldwell, TJ",Arkansas St.,-0.768257,0.3056373,-0.4626196999855041,-6.384619571716309,5.45938029095459,-4.20661959841919,3.2813803176574705,5105545.0,20.12666666666666,35.0,-14.873333333333338,Underutilized
5105546,"Ewin, Malique",Arkansas,7.53271,-0.77757514,6.755134864768982,0.8331350526428221,12.67713491531372,3.011135025939941,10.4991349420166,5105546.0,21.42972972972973,35.0,-13.57027027027027,Underutilized
5105548,"Davis, Zach",Memphis,-0.0173868,0.934927,0.917540186694336,-5.004459744641113,6.8395401180297855,-2.8264597713439943,4.661540144732666,5105548.0,20.90344827586207,25.0,-4.096551724137932,Optimal
5105551,"Hankins-Sanford, Daniel",Massachusetts,-0.325127,0.7198279,0.3947008903961181,-5.52729927935791,6.316700583312988,-3.349299067642212,4.138701086853027,5105551.0,20.65172413793104,25.0,-4.348275862068963,Optimal
5105552,"Edwards, B.J.",SMU,7.71034,-0.5923369,7.118003106918335,1.1960034140014653,13.040003276672364,3.374002910461426,10.862003064956664,5105552.0,19.510714285714283,25.0,-5.489285714285717,Underutilized
5105555,"Awaka, Tobe",Arizona,8.64578,-0.49107072,8.154709282426834,2.2327093212890627,14.07670918395996,4.410709294586182,11.898709210662842,5105555.0,21.06410256410256,15.0,6.064102564102562,Overutilized
5105560,"Pratt, Erik",Stony Brook,-0.498814,0.86675316,0.3679391609535217,-5.554060829986573,6.289939032684326,-3.376060856689453,4.111939059387207,5105560.0,31.727586206896557,35.0,-3.2724137931034463,Optimal
5105561,Jordan Williams,Rice,-8.41392,3.0518062,-5.362113788528442,-11.28411371986389,0.5598863812255868,-9.106113746566772,-1.6181140689086906,5105561.0,17.425,5.0,12.425,Overutilized
5105562,"Washington, Solomon",Maryland,2.80801,1.1857315,3.993741530189514,-1.9282585203552247,9.915741342315672,0.2497414529418944,7.737741369018554,5105562.0,19.672,25.0,-5.328000000000003,Underutilized
5105566,"Roumoglou, Apostolos",Richmond,1.87202,-0.74697685,1.1250431475830078,-4.796956783752441,7.047043078918457,-2.6189568104553222,4.869043105621338,5105566.0,13.115384615384617,15.0,-1.884615384615385,Optimal
5105569,"Borovicanin, Filip",Xavier,4.53648,0.59461033,5.131090333442688,-0.7909097171020507,11.053090145568849,1.3870902561950684,8.87509017227173,5105569.0,20.227272727272727,15.0,5.227272727272727,Overutilized
5105571,"Veesaar, Henri",North Carolina,9.6505,-1.1594061,8.491093934059142,2.5690938835144035,14.413093746185302,4.747093856811523,12.235093772888185,5105571.0,22.432258064516127,25.0,-2.5677419354838733,Optimal
5105577,"Green, Jasen",Creighton,6.25133,-0.1731935,6.078136500554085,0.1561366139221194,12.000136476593015,2.3341365872192386,9.822136503295898,5105577.0,19.26363636363636,25.0,-5.736363636363638,Underutilized
5105580,"King, Fredrick",Murray St.,4.59364,0.5667864,5.160426408424377,-0.7615736421203616,11.082426220550538,1.4164263311767575,8.904426247253419,5105580.0,24.29375,25.0,-0.7062500000000007,Optimal
5105581,"Cruz, Zion",Rider,-6.08372,1.5084312,-4.575288803787231,-10.4972884967041,1.3467113659667973,-8.319288761825561,-0.83128908416748,5105581.0,24.04615384615385,35.0,-10.95384615384615,Underutilized
5105587,"Newell, Grant",Western Ky.,0.1151,0.9898167,1.1049167252540588,-4.817083265686035,7.026916596984863,-2.639083292388916,4.848916623687744,5105587.0,22.23666666666666,25.0,-2.763333333333339,Optimal
5105588,"Okafor, ND",Washington St.,1.49474,0.7858648,2.280604770412445,-3.641395101318359,8.20260476135254,-1.4633951280212405,6.02460478805542,5105588.0,24.241935483870964,35.0,-10.758064516129036,Underutilized
5105589,Brendan Hausen,Iowa,0.408115,-0.43623534,-0.0281203384494781,-5.950120359191894,5.893879503479004,-3.772120385894776,3.7158795301818848,5105589.0,17.266666666666666,5.0,12.266666666666666,Overutilized
5105593,"Sanders, Jaquan",Florida A&M,-1.78251,0.7881746,-0.9943353707885744,-6.916335302124024,4.927664560546875,-4.738335328826905,2.749664587249756,5105593.0,20.9,25.0,-4.099999999999998,Optimal
5105594,"Davis, Tae",Oklahoma,2.60636,1.1666937,3.773053687438965,-2.1489462438964844,9.695053618774416,0.0290537294006347,7.517053645477295,5105594.0,23.36216216216216,25.0,-1.637837837837839,Optimal
5105596,"Anglin, Denver",Iona,-3.33744,0.64738494,-2.6900550584220886,-8.612054810943604,3.231945051727295,-6.434055076065063,1.0539450784301758,5105596.0,19.75161290322581,25.0,-5.248387096774188,Underutilized
5105598,"Ross, Chase",Marquette,3.73146,0.8778095,4.609269524536133,-1.3127304067993162,10.531269455871582,0.865269566497803,8.353269482574463,5105598.0,23.578125,15.0,8.578125,Overutilized
5105599,"Gold, Ben",Marquette,2.57719,0.25969929,2.836889285030365,-3.08511058670044,8.758889275970459,-0.9071106134033204,6.58088930267334,5105599.0,14.645161290322578,15.0,-0.3548387096774217,Optimal
5105603,"Storr, AJ",Ole Miss,1.92902,0.53588676,2.464906764526367,-3.457093166809082,8.386906695861816,-1.279093193511963,6.208906722564697,5105603.0,29.72,25.0,4.720000000000002,Optimal
5105604,"King, Kolby",Utah St.,5.20292,-0.8571574,4.345762590808868,-1.5762371617126467,10.26776270095825,0.6017628115844724,8.089762489242553,5105604.0,17.23428571428571,25.0,-7.765714285714289,Underutilized
5105606,"Claude, Desmond",Washington,-1.58138,0.7598563,-0.8215237163352966,-6.743523707275391,5.100476155395508,-4.565523733978272,2.9224761820983884,5105606.0,22.841666666666665,25.0,-2.158333333333335,Optimal
5105607,"Craft, Kam",Georgia Tech,-0.69894,-0.1197419,-0.818681901755333,-6.740681847991944,5.103318014678955,-4.562681874694825,2.925318041381836,5105607.0,15.889655172413796,15.0,0.8896551724137947,Optimal
5105612,"Smith, RJ",DePaul,0.383846,0.58503586,0.9688818605384828,-4.953118130401611,6.890881732269287,-2.775118157104492,4.712881758972168,5105612.0,14.81875,5.0,9.81875,Overutilized
5105615,"Carrington, Harrison",UC Irvine,1.5225,-0.72752625,0.7949737524986267,-5.127026119232178,6.716973743438721,-2.949026145935058,4.5389737701416015,5105615.0,21.393939393939394,25.0,-3.6060606060606055,Optimal
5105618,"Berry, Quante",Memphis,1.83594,-0.6013241,1.2346159185791017,-4.687384012756348,7.156615849914551,-2.5093840394592286,4.978615876617432,5105618.0,17.213333333333335,15.0,2.2133333333333347,Optimal
5105619,"Pierre, Jayden",TCU,2.25471,0.15366577,2.408375766119957,-3.51362438873291,8.330375473937988,-1.3356241770172117,6.1523757390594485,5105619.0,16.602857142857143,25.0,-8.397142857142857,Underutilized
5105622,"Rigsby, Brennan",Radford,-1.28676,-0.12921348,-1.4159734821414949,-7.337973264465332,4.506026598205566,-5.159973529586792,2.328026386489868,5105622.0,11.431034482758625,15.0,-3.568965517241377,Optimal
5105624,"Pope, Jordan",Texas,2.8083,0.41441575,3.2227157469272614,-2.6992840950012207,9.144715767669677,-0.5212841217041015,6.966715794372559,5105624.0,20.042857142857144,25.0,-4.957142857142856,Optimal
5105625,Nick Krass,Nicholls,-4.78046,0.50699204,-4.273467957935333,-10.195468068084717,1.648531794586182,-8.017467856369018,-0.5294681787109372,5105625.0,7.4678571428571425,15.0,-7.5321428571428575,Underutilized
5105626,"Bilodeau, Tyler",UCLA,5.64986,0.030573303,5.68043330287993,-0.2415665632629391,11.60243329940796,1.93643341003418,9.42443332611084,5105626.0,23.40322580645161,15.0,8.403225806451612,Overutilized
5105627,"Rataj, Michael",Baylor,1.67421,0.86526406,2.539474058113098,-3.3825259924316406,8.461473870239258,-1.2045260191345215,6.283473896942139,5105627.0,18.96666666666667,15.0,3.966666666666669,Optimal
5105631,KC Ibekwe,Pacific,-1.68081,0.9913511,-0.6894588723754882,-6.611458803710938,5.232541058959961,-4.4334588304138185,3.0545410856628417,5105631.0,26.79666666666667,25.0,1.7966666666666704,Optimal
5105632,"Agarwal, Ryan",Stanford,-0.994108,1.0872027,0.0930946681900024,-5.828905382354736,6.015094480316162,-3.650905409057617,3.837094507019043,5105632.0,15.31875,15.0,0.3187500000000014,Optimal
5105633,"Gealer, Benny",Stanford,6.50433,-1.5178713,4.986458739356995,-0.9355413111877438,10.908458551483154,1.2424586621093754,8.730458578186035,5105633.0,14.97878787878788,25.0,-10.02121212121212,Underutilized
5105634,Jaylen Thompson,Stanford,-0.122741,-0.54426384,-0.6670048397216797,-6.589004771057129,5.254995091613769,-4.41100479776001,3.0769951183166504,5105634.0,10.72,5.0,5.720000000000001,Overutilized
5105636,"Andrews, Dylan",Boise St.,1.75746,1.0639309,2.821390869102478,-3.1006089430236816,8.743390919647217,-0.9226089697265624,6.565390946350098,5105636.0,22.83,35.0,-12.169999999999998,Underutilized
5105641,"Iwuchukwu, Vincent",Georgetown,2.42175,-0.2084211,2.2133289037942885,-3.708671161651612,8.135328701019287,-1.5306709499359132,5.9573289661407465,5105641.0,23.34166666666667,35.0,-11.658333333333331,Underutilized
5105642,"Sellers, Oziyah",St. John's (NY),4.21976,-0.45331174,3.766448258647919,-2.155551851501465,9.688448011169434,0.0224481217956542,7.510448276290893,5105642.0,15.872972972972972,15.0,0.8729729729729723,Optimal
5105643,"White, Tre",Kansas,6.13565,-0.303912,5.83173798623085,-0.0902620941162108,11.753737768554688,2.0877378791809083,9.575738033676148,5105643.0,21.13428571428572,25.0,-3.865714285714283,Optimal
5105645,"Niagu, Iaroslav",Jacksonville St.,2.05317,0.032561064,2.08573106376648,-3.836268629150392,8.007731233520508,-1.6582688942718504,5.829731021804809,5105645.0,13.272413793103448,15.0,-1.727586206896552,Optimal
5105646,Wilguens Jr. Exacte,Drake,-3.77409,2.1123266,-1.6617633779907228,-7.583763309326172,4.260236553344726,-5.405763336029053,2.082236580047608,5105646.0,25.012500000000003,15.0,10.012500000000005,Overutilized
5105647,"Keita, Keba",BYU,8.22896,-1.0342897,7.194670282325745,1.2726702317810066,13.116670094451903,3.4506702050781257,10.938670121154786,5105647.0,12.715151515151517,15.0,-2.284848484848484,Optimal
5105648,Luka Tarlac,Cal Poly,-8.08349,2.8781297,-5.205360279312133,-11.127360210647582,0.7166398904418951,-8.949360237350463,-1.4613605596923822,5105648.0,16.818181818181817,15.0,1.8181818181818168,Optimal
5105649,Koren Johnson,Ole Miss,-2.00747,1.6985625,-0.3089074971389771,-6.230907309265136,5.613092553405762,-4.052907335968017,3.4350925801086425,5105649.0,17.724,5.0,12.724,Overutilized
5105657,"Rohosy, AJ",Stanford,0.413383,1.1785578,1.5919407535629273,-4.330059058563233,7.513940804107666,-2.152059085266113,5.3359408308105465,5105657.0,21.309090909090912,15.0,6.309090909090912,Overutilized
5105658,"Darling, Dylan",St. John's (NY),6.03341,-0.49182612,5.541583882961273,-0.3804159887695313,11.463583873901367,1.7975839845275878,9.285583900604248,5105658.0,16.771428571428572,25.0,-8.228571428571428,Underutilized
5105659,"Houinsou, Kymany",Loyola Chicago,-1.78898,0.24659081,-1.5423891919660568,-7.464389317016602,4.379610545654296,-5.286389105300904,2.201610810775757,5105659.0,16.264999999999997,15.0,1.264999999999997,Optimal
5105660,"Sprouse, Geoff",American,-0.138892,-0.42917627,-0.5680682709617615,-6.490068261901856,5.353931600769043,-4.312068288604737,3.175931627471924,5105660.0,16.006666666666668,25.0,-8.993333333333332,Underutilized
5105662,"Ballisager Webb, Jermaine",Portland,1.36305,0.3076606,1.670710609483719,-4.251289351654052,7.592710511016846,-2.0732893783569333,5.414710537719727,5105662.0,21.51875,15.0,6.518750000000001,Overutilized
5105665,Ben Roy,Boston University,-4.12863,-0.6800988,-4.80872877204895,-10.73072846496582,1.113271397705078,-8.55272896850586,-1.0647288140106204,5105665.0,12.463636363636365,15.0,-2.536363636363637,Optimal
5105668,Noah Williamson,Alabama,2.30325,0.5136703,2.816920325279236,-3.105079486846924,8.738920375823975,-0.9270795135498048,6.560920402526856,5105668.0,12.772727272727275,5.0,7.772727272727275,Overutilized
5105670,Ruot Bijiek,Bucknell,-5.02094,2.2117395,-2.8092004598999027,-8.731200391235351,3.1127994714355465,-6.553200417938233,0.9347994981384272,5105670.0,24.816666666666663,25.0,-0.1833333333333335,Optimal
5105671,Brady Cummins,Colgate,-7.06939,1.3823237,-5.687066258087159,-11.609066189422608,0.2349336732482907,-9.431066216125489,-1.9430663000488284,5105671.0,14.976470588235294,15.0,-0.0235294117647058,Optimal
5105672,"Smith, Braeden",Gonzaga,4.65491,-0.78690577,3.868004234466553,-2.0539956968688964,9.790004165802005,0.1240042764282227,7.612004192504883,5105672.0,17.165714285714287,35.0,-17.834285714285713,Underutilized
5105678,"Pettit, Ryan",Lafayette,-1.93844,-0.31754243,-2.2559824337387084,-8.177982484283447,3.6660173783874512,-5.999982510986328,1.488017405090332,5105678.0,14.962962962962964,25.0,-10.037037037037036,Underutilized
5105681,"Rivera, Josh",Seton Hall,0.396732,-1.5070511,-1.110319110267639,-7.032318922393799,4.8116809402771,-4.85431894909668,2.633680966979981,5105681.0,14.926666666666666,5.0,9.926666666666666,Overutilized
5105689,"Commander, Tyson",Loyola Maryland,-4.18019,-0.5440889,-4.724278900089264,-10.646278771820068,1.1977210908508304,-8.468278798522949,-0.9802788824462888,5105689.0,10.93,5.0,5.9300000000000015,Overutilized
5105691,"Benigni, Austin",Navy,-1.51157,-0.18010388,-1.6916738831472398,-7.61367371017456,4.230326152496338,-5.435673736877441,2.052326179199219,5105691.0,27.053125,35.0,-7.946874999999999,Underutilized
5105694,"Woods, Mike",Navy,-0.750589,-0.67562115,-1.4262101519241333,-7.348209964050293,4.495789898620606,-5.170209990753174,2.3177899253234866,5105694.0,16.315625,25.0,-8.684375,Underutilized
5105698,"Kehoe, Aidan",Navy,7.21549,0.0017590337,7.21724903365016,1.295249120941162,13.13924898361206,3.473249094238281,10.96124901031494,5105698.0,20.58125,25.0,-4.418749999999999,Optimal
5105717,"Farmer, Khalil",UMass Lowell,-5.73135,0.65254945,-5.07880055437088,-11.000800664520265,0.8431991981506348,-8.822800452804564,-1.3348007751464843,5105717.0,14.640000000000002,15.0,-0.3599999999999976,Optimal
5105719,"Plotnikov, German",Hofstra,3.93708,-1.0685135,2.8685664873886108,-3.053433324737549,8.79056653793335,-0.8754333514404298,6.61256656463623,5105719.0,13.064516129032256,15.0,-1.935483870967744,Optimal
5105758,"Crawford, Jordan",South Dakota,-1.2863,0.5389516,-0.747348424243927,-6.66934853439331,5.174651328277588,-4.491348322677612,2.996651354980469,5105758.0,20.917241379310347,15.0,5.917241379310347,Overutilized
5105760,"London, Khalil",Tennessee St.,-9.25496,2.4902363,-6.764723717651368,-12.686723648986815,-0.8427237863159185,-10.508723675689698,-3.0207237596130376,5105760.0,23.57142857142857,35.0,-11.42857142857143,Underutilized
5105772,Houston Emory,Delaware,0.551541,-1.4347174,-0.8831764167633057,-6.805176109680176,5.038823752990723,-4.627176613220215,2.8608235412750243,5105772.0,11.42608695652174,5.0,6.42608695652174,Overutilized
5105778,"Blakeney, Shane",Drexel,0.981075,0.4515588,1.4326337985515596,-4.489366341400147,7.354633521270752,-2.311366129684448,5.1766335479736325,5105778.0,23.890625,25.0,-1.109375,Optimal
5105779,"MaGee, Kobe",Florida St.,2.28824,-0.07750506,2.2107349404597283,-3.711265043029785,8.132734819641113,-1.533265069732666,5.954734846343994,5105779.0,17.727272727272727,25.0,-7.272727272727273,Underutilized
5105780,"Moore, Justin",Loyola Chicago,-5.67182,1.7626264,-3.9091935904693607,-9.83119328338623,2.012806579284668,-7.653193548507691,-0.1651938708496096,5105780.0,23.831818181818186,25.0,-1.1681818181818144,Optimal
5105781,"Turner, Garfield",Drexel,2.21221,-0.60712594,1.6050840620613096,-4.316915690460205,7.527084172210693,-2.138915717163086,5.349083960494995,5105781.0,19.082758620689653,25.0,-5.917241379310347,Underutilized
5105782,"Hargrove, Cole",Providence,3.60281,-1.3923548,2.2104551539993285,-3.7115448965454094,8.132454966125488,-1.5335449232482912,5.954454992828369,5105782.0,9.89310344827586,15.0,-5.106896551724139,Underutilized
5105785,"Mackinnon, Max",LSU,0.68426,1.4349549,2.119214881668091,-3.8027852880859374,8.041214574584961,-1.6247850763702392,5.863215078125,5105785.0,23.25806451612904,25.0,-1.7419354838709644,Optimal
5105790,"Harris, Sencire",Cincinnati,4.35769,0.5537499,4.911439918937683,-1.0105598931884767,10.833439969482422,1.1674400801086424,8.655439996185303,5105790.0,20.6516129032258,15.0,5.6516129032258,Overutilized
5105791,"Epps, Jayden",Mississippi St.,-0.488401,0.8140889,0.3256878810157776,-5.596312109924316,6.247687752746582,-3.4183121366271974,4.069687779449463,5105791.0,25.456666666666667,25.0,0.456666666666667,Optimal
5105794,"Clark, Skyy",UCLA,6.00358,-0.7129764,5.290603603916169,-0.6313963870239254,11.212603475646972,1.5466035862731935,9.034603502349851,5105794.0,17.70769230769231,15.0,2.7076923076923087,Optimal
5105795,"Banks, Kaleb",DePaul,0.148075,-0.4728655,-0.324790492105484,-6.2467905128479,5.5972093498229984,-4.068790539550781,3.419209376525879,5105795.0,14.351612903225808,15.0,-0.6483870967741918,Optimal
5105796,"Gunn, CJ",DePaul,1.8195,0.2265973,2.046097294211388,-3.8759026222229007,7.968097240447998,-1.6979026489257814,5.790097267150879,5105796.0,26.05,35.0,-8.95,Underutilized
5105798,"Reneau, Malik",Miami (FL),5.89899,-0.6935885,5.205401504745484,-0.7165981881713863,11.127401674499511,1.4614013082885746,8.949401462783815,5105798.0,30.08,25.0,5.079999999999998,Overutilized
5105800,"Dix, Josh",Creighton,3.11916,0.48239172,3.601551715049744,-2.320448097076416,9.523551765594483,-0.1424481237792969,7.345551792297363,5105800.0,19.200000000000003,15.0,4.200000000000003,Optimal
5105801,"Bowen, Dasonte",St. Bonaventure,-3.13696,0.611579,-2.525380999050141,-8.447380989990235,3.396618872680664,-6.269381016693115,1.2186188993835447,5105801.0,19.53125,25.0,-5.46875,Underutilized
5105803,"Batchelor, Noah",Buffalo,1.07536,-0.9473161,0.1280438898658753,-5.793956101074219,6.05004376159668,-3.6159561277771,3.87204378829956,5105803.0,10.55,15.0,-4.449999999999999,Optimal
5105804,"Swanton-Rodger, Caelum",Old Dominion,1.07102,0.7976574,1.8686773705673216,-4.053322441558838,7.79067742111206,-1.875322468261719,5.612677447814941,5105804.0,21.19,25.0,-3.809999999999999,Optimal
5105805,"McDaniel, Dug",Memphis,1.76616,0.04933597,1.815495971474648,-4.106503974761963,7.737495887908936,-1.928504001464844,5.559495914611817,5105805.0,22.471875,25.0,-2.5281249999999997,Optimal
5105809,"Reed Jr., Tarris",UConn,12.9328,-0.61020863,12.322591369438172,6.400591557312012,18.24459141998291,8.578591530609131,16.06659144668579,5105809.0,26.057142857142857,35.0,-8.942857142857143,Underutilized
5105811,"Skillings Jr., Dan",Baylor,3.4806,0.3952684,3.87586841044426,-2.046131491088868,9.79786837158203,0.1318684822082518,7.619868398284912,5105811.0,18.875,25.0,-6.125,Underutilized
5105815,"Kohler, Jaxon",Michigan St.,9.60592,-0.47167504,9.134244961662292,3.212245149536132,15.05624501220703,5.390245122833251,12.878245038909911,5105815.0,19.89714285714286,15.0,4.89714285714286,Optimal
5105816,"Holloman, Tre",NC State,2.6723,-0.103385,2.568914998579025,-3.3530849029541017,8.490914959716797,-1.1750849296569823,6.312914986419678,5105816.0,16.765625,25.0,-8.234375,Underutilized
5105817,"Cooper, Carson",Michigan St.,8.56976,-0.27234817,8.297411834487916,2.375411664733887,14.219411527404786,4.5534121148681646,12.041411792526246,5105817.0,19.22571428571428,25.0,-5.774285714285718,Underutilized
5105820,"Carrington, Braeden",Wisconsin,6.16173,-0.37285545,5.7888745453166965,-0.1331255946350094,11.710874268035887,2.0448743786621097,9.532874533157347,5105820.0,19.647058823529413,25.0,-5.352941176470587,Underutilized
5105821,"Henley, Jaden",Grand Canyon,4.32252,0.09522132,4.417741318304539,-1.5042584118652345,10.339741450805665,0.6737413230133056,8.161741239089967,5105821.0,29.25,35.0,-5.75,Underutilized
5105822,"Ola-Joseph, Joshua",Loyola Chicago,-2.58955,0.39936712,-2.1901828761577606,-8.112182598876952,3.731817263793945,-5.934182863998413,1.5538172904968262,5105822.0,18.02068965517241,15.0,3.020689655172415,Optimal
5105823,Pharrel Payne,Maryland,6.5098,-0.04017406,6.469625940430165,0.5476260612487795,12.391625923919678,2.7256260345458987,10.21362595062256,5105823.0,28.78,35.0,-6.219999999999999,Underutilized
5105824,"Lloyd Jr., Ramel",Ark.-Pine Bluff,-5.29959,1.254263,-4.045326956596375,-9.967327007141114,1.876672855529785,-7.789327033843994,-0.3013271177673342,5105824.0,18.200000000000003,5.0,13.200000000000005,Overutilized
5105825,"Lawrence, Jamarques",Nebraska,2.06929,0.26289898,2.3321889815711976,-3.5898110093688964,8.254188853302002,-1.4118110360717773,6.076188880004883,5105825.0,20.97714285714286,25.0,-4.022857142857141,Optimal
5105826,"Keita, Blaise",Western Ky.,0.802193,-0.80774915,-0.0055561521835326,-5.927556202728272,5.916443659942627,-3.749556229431152,3.738443686645508,5105826.0,11.63793103448276,15.0,-3.36206896551724,Optimal
5105827,"Jacobsen, Cale",Nebraska,5.87091,-1.1892337,4.681676339302063,-1.2403237112426757,10.603676151428225,0.9376762620544437,8.425676178131104,5105827.0,12.191428571428572,15.0,-2.808571428571428,Optimal
5105832,"Martinelli, Nick",Northwestern,5.86337,0.22964229,6.093012286896705,0.1710124598693845,12.015012322540285,2.349012433166504,9.837012349243164,5105832.0,29.345454545454547,35.0,-5.6545454545454525,Underutilized
5105833,"Hunger, Luke",George Washington,-1.12368,0.71882355,-0.4048564478683472,-6.326856498413086,5.517143364257812,-4.148856525115967,3.339143390960693,5105833.0,20.896875,25.0,-4.103124999999999,Optimal
5105836,"Gayle Jr., Roddy",Michigan,6.29884,-0.3066709,5.992169095840454,0.070168926086426,11.914168788757324,2.248169376220704,9.736169053878784,5105836.0,17.548717948717947,15.0,2.5487179487179468,Optimal
5105837,"Thornton, Bruce",Ohio St.,10.9109,-2.0010529,8.909847143554687,2.987847212219238,14.831847074890137,5.165847185516357,12.653847101593016,5105837.0,23.258823529411764,35.0,-11.741176470588236,Underutilized
5105840,"Hardman, Bowen",Akron,-1.68122,-0.6393426,-2.320562606067657,-8.24256271621704,3.6014371464538577,-6.064562742919922,1.4234374115753174,5105840.0,13.763636363636362,15.0,-1.236363636363638,Optimal
5105841,"Okpara, Felix",Tennessee,7.38782,-0.43754688,6.950273120946884,1.0282733386230465,12.872273201293943,3.2062733119201656,10.694272989578248,5105841.0,13.648571428571428,5.0,8.648571428571428,Overutilized
5105844,"Clary, Kanye",Oklahoma St.,2.15272,0.41659465,2.5693146543216705,-3.3526854260253907,8.491314436645508,-1.1746852143096924,6.313314463348389,5105844.0,20.858823529411765,15.0,5.858823529411765,Overutilized
5105845,Kebba Njie,Notre Dame,-2.369,0.81299007,-1.556009930610657,-7.478009742736816,4.365990119934082,-5.300009769439697,2.1879901466369627,5105845.0,11.98235294117647,5.0,6.982352941176471,Overutilized
5105847,"Mahaffey, Evan",Akron,6.59097,-0.9426723,5.648297687740326,-0.2737021839904781,11.57029767868042,1.904297789306641,9.3922977053833,5105847.0,17.690909090909088,15.0,2.690909090909088,Optimal
5105848,"Lilley, Demetrius",Binghamton,-8.5442,2.8469777,-5.697222289276123,-11.619222220611572,0.2247781188964843,-9.441222247314451,-1.953222331237793,5105848.0,24.800000000000004,25.0,-0.1999999999999957,Optimal
5105853,"Loyer, Fletcher",Purdue,7.29865,-1.259442,6.039208028221131,0.117208216094971,11.96120807876587,2.29520818939209,9.78320810546875,5105853.0,19.03333333333333,25.0,-5.966666666666669,Underutilized
5105854,"Smith, Braden",Purdue,8.51445,0.6611883,9.175638304424286,3.2536381942749024,15.0976380569458,5.431638405990601,12.919638083648682,5105854.0,26.56923076923077,15.0,11.56923076923077,Overutilized
5105855,"Heide, Camden",Texas,5.49181,-0.7953939,4.696416115818024,-1.2255838751220702,10.618415987548827,0.9524160981750488,8.44041601425171,5105855.0,9.291176470588235,15.0,-5.708823529411763,Underutilized
5105857,"Berg, Will",Wichita St.,5.07139,-0.23859634,4.832793664946556,-1.0892063706970214,10.754793491973878,1.0887936026000975,8.576793518676759,5105857.0,19.93529411764706,25.0,-5.064705882352939,Underutilized
5105858,"Simpson, Derek",Saint Joseph's,4.61488,-0.115539335,4.499340665285588,-1.422659482116699,10.4213403805542,0.7553407295989993,8.243340645675659,5105858.0,22.72058823529412,25.0,-2.2794117647058805,Optimal
5105859,"Woolfolk, Antwone",Miami (OH),4.4969,-0.40224087,4.094659127616882,-1.8273406845092768,10.01665917816162,0.3506592887878419,7.838659204864502,5105859.0,20.490322580645163,15.0,5.490322580645163,Overutilized
5105860,"Chol, Antonio",New Mexico,1.27195,-0.4716036,0.8003463978290557,-5.121653324890136,6.722346537780762,-2.9436533515930177,4.544346326065064,5105860.0,14.53611111111111,15.0,-0.4638888888888903,Optimal
5105862,"Haertle, Luke",South Dakota St.,-4.14176,1.4799731,-2.661786922225952,-8.58378709197998,3.2602127706909183,-6.405786880264282,1.0822132742309574,5105862.0,17.14074074074074,25.0,-7.859259259259261,Underutilized
5105864,"Candelino, Ross",Lipscomb,0.535704,-0.5748336,-0.0391295719108581,-5.961129324432373,5.882870538238525,-3.783129351135254,3.704870326522827,5105864.0,17.803846153846155,25.0,-7.196153846153845,Underutilized
5105865,"Bailey, Reed",Indiana,3.71813,-0.89886993,2.8192600683021545,-3.1027399226379395,8.74125994003296,-0.9247399493408204,6.56325996673584,5105865.0,19.334375,25.0,-5.665624999999999,Underutilized
5105866,"Logan, Sean",Davidson,7.02851,-3.3808866,3.6476234452819822,-2.274376962890625,9.569623376617432,-0.0963765127563478,7.391623403320312,5105866.0,17.828,15.0,2.8279999999999994,Optimal
5105875,"Sharavjamts, Mike",South Carolina,4.98679,-0.06514853,4.921641467609406,-1.000358284912109,10.843641577758788,1.1776414499664307,8.66564136604309,5105875.0,18.440625,25.0,-6.559374999999999,Underutilized
5105876,"Wilkerson, Lamar",Indiana,6.12136,0.1993183,6.320678304657936,0.3986784776306153,12.242678340301511,2.5766784509277345,10.064678367004394,5105876.0,27.4375,35.0,-7.5625,Underutilized
5105877,"Wrzeszcz, Anthony",New Mexico St.,-1.26442,0.48085698,-0.7835630151462556,-6.705563035888672,5.138436826782226,-4.527563062591553,2.960436853485107,5105877.0,14.251724137931031,5.0,9.251724137931031,Overutilized
5105881,"Dixon, David",Duquesne,6.88867,-0.81626624,6.072403761310578,0.1504040087890628,11.994403871459962,2.328403982086182,9.816403659744264,5105881.0,19.28064516129032,5.0,14.28064516129032,Overutilized
5105883,"Hronsky, Matus",Portland,-2.68371,0.65814066,-2.0255693406677246,-7.947569272003173,3.896430590667725,-5.769569298706054,1.7184306173706054,5105883.0,15.720689655172414,5.0,10.720689655172414,Overutilized
5105885,"Rozier, Kareem",Winthrop,0.743709,-0.011232724,0.7324762755867242,-5.18952378427124,6.654476078399658,-3.011523572555542,4.476476343521118,5105885.0,19.89354838709677,25.0,-5.106451612903225,Underutilized
5105889,"Montas Jr., Angel",UMass Lowell,-1.43546,0.6742163,-0.7612437295532226,-6.683243660888672,5.160756201782227,-4.505243687591553,2.9827562284851075,5105889.0,24.75185185185185,25.0,-0.2481481481481502,Optimal
5105890,"Dean, Romad",Tulsa,2.57595,-1.719805,0.8561449977874758,-5.065854695129394,6.7781451675415045,-2.8878551986694334,4.600144955825806,5105890.0,11.96388888888889,15.0,-3.0361111111111097,Optimal
5105895,"Dinkins, Devin",Manhattan,-5.98473,0.91096723,-5.073762769203186,-10.995762581329345,0.8482372813415529,-8.817762608032226,-1.3297626919555663,5105895.0,19.13225806451613,15.0,4.132258064516126,Optimal
5105896,Peter Oduro,Hampton,-9.61205,3.5341446,-6.077905360031128,-11.999905291366575,-0.1559056671142578,-9.821905318069458,-2.3339051635742187,5105896.0,8.552173913043477,25.0,-16.447826086956525,Underutilized
5105901,Ryan Zan,Fairfield,-8.24491,2.2861106,-5.958799360427857,-11.880799291763308,-0.0367991906738289,-9.702799318466187,-2.2147996408081063,5105901.0,9.774074074074075,15.0,-5.2259259259259245,Underutilized
5105904,"Jocius, Rokas",LMU (CA),-1.25792,-0.51844263,-1.7763626307678222,-7.698362562103272,4.145637300567627,-5.520362588806153,1.967637327270508,5105904.0,13.303225806451612,5.0,8.303225806451612,Overutilized
5105964,Jayden Dawson,Kansas,2.60803,0.22478493,2.832814925580025,-3.0891850802612306,8.754814782409667,-0.9111851069641116,6.576814809112548,5105964.0,13.154166666666669,5.0,8.154166666666667,Overutilized
5105965,"Quinn, Jalen",Drake,-1.97369,0.9393369,-1.034353104057312,-6.95635315460205,4.887646708068848,-4.778353181304931,2.709646734771729,5105965.0,31.55625,35.0,-3.443749999999998,Optimal
5105966,"Lewis, Trey",Western Mich.,-2.01981,0.14921618,-1.8705938249206544,-7.792593756256103,4.051406106414795,-5.614593782958984,1.873406133117676,5105966.0,19.03448275862069,15.0,4.03448275862069,Optimal
5105967,Caleb Reese,Loyola Chicago,-8.46194,3.1498213,-5.312118718566895,-11.234118649902344,0.6098812127685544,-9.056118676605225,-1.5681187605285647,5105967.0,12.739999999999998,15.0,-2.2600000000000016,Optimal
5105970,Jeremy Foumena,UCF,-0.293849,0.6427784,0.3489293966064453,-5.573070534729004,6.270929327941895,-3.395070561431885,4.092929354644776,5105970.0,16.646153846153847,15.0,1.6461538461538474,Optimal
5105971,"Stewart, Rory",FGCU,-2.84984,-0.06396756,-2.913807563211918,-8.835807636108399,3.0081922265625,-6.657807424392701,0.83019249168396,5105971.0,15.014285714285714,25.0,-9.985714285714286,Underutilized
5105972,"Hutchinson, Louis",Alabama A&M,-3.98444,-0.008876255,-3.993316254782081,-9.9153162550354,1.9286836076354976,-7.7373162817382815,-0.2493163656616213,5105972.0,11.666666666666668,5.0,6.666666666666668,Overutilized
5105974,"Walz, Mike",Richmond,4.26877,-0.32363766,3.9451323356819152,-1.9768674168396,9.8671324458313,0.2011325564575194,7.6891322341156,5105974.0,22.29032258064516,15.0,7.290322580645157,Overutilized
5105975,"Winborne, Christian",Nicholls,-1.36391,-1.0035653,-2.3674753114318845,-8.289475242767335,3.5545246199035647,-6.111475269470215,1.3765246466064454,5105975.0,17.344827586206897,15.0,2.344827586206897,Optimal
5105976,"Berger, Quin",Bucknell,-5.55157,0.5790143,-4.972555698699951,-10.8945556300354,0.9494442326354982,-8.716555656738281,-1.228555740661621,5105976.0,13.366666666666667,5.0,8.366666666666667,Overutilized
5105978,Christ Essandoko,South Carolina,-5.13565,3.1338081,-2.001841864013672,-7.923841795349121,3.920158067321777,-5.745841822052002,1.7421580940246582,5105978.0,17.776190476190475,15.0,2.776190476190475,Optimal
5105980,"Thames, Kellen",Saint Louis,7.78733,-1.5243078,6.26302215297699,0.3410223408508299,12.18502220352173,2.519022314147949,10.00702223022461,5105980.0,24.871875,25.0,-0.1281250000000007,Optimal
5105981,"Hughes II, Larry",CSUN,0.540584,1.3212705,1.86185446585083,-4.060145465484619,7.783854397186279,-1.8821454921875,5.60585442388916,5105981.0,21.15483870967742,25.0,-3.8451612903225794,Optimal
5105982,"Rivera, Daniel",UAB,1.33179,-0.015933149,1.315856851437092,-4.606142968139649,7.23785689453125,-2.428142994842529,5.059856921234131,5105982.0,19.51935483870968,25.0,-5.480645161290322,Underutilized
5105984,"Parker, Sincere",Memphis,0.232682,0.06077518,0.2934571794159412,-5.62854265133667,6.215457211334228,-3.4505426780395507,4.037457238037109,5105984.0,25.812903225806448,25.0,0.8129032258064477,Optimal
5105987,"Evans, Barry",VCU,3.92121,-0.5728968,3.3483132214164733,-2.5736868887329103,9.270312973937989,-0.3956869154357911,7.0923132390594485,5105987.0,16.133333333333336,25.0,-8.866666666666664,Underutilized
5105988,"Farell, Yann",Sacred Heart,-0.405765,-0.39320862,-0.798973622932434,-6.7209734350585935,5.123026427612305,-4.542973461761474,2.9450264543151854,5105988.0,16.348387096774193,25.0,-8.651612903225807,Underutilized
5106037,"Thompson, Keon",SFA,4.0617,-0.22089575,3.840804247689247,-2.081195698547363,9.762804164123535,0.0968042747497559,7.584804190826416,5106037.0,33.590625,35.0,-1.4093749999999972,Optimal
5106039,"Billups III, Alphonzo",Longwood,0.215457,-0.68623656,-0.470779560344696,-6.392779312866211,5.451220549804687,-4.214779339569092,3.273220338088989,5106039.0,16.772413793103446,25.0,-8.227586206896554,Underutilized
5106040,"Lawal, Tobi",Virginia Tech,2.38953,0.3598709,2.7494009106445314,-3.172599020690918,8.671400841979981,-0.9945990473937988,6.493400868682862,5106040.0,20.44347826086957,15.0,5.443478260869568,Overutilized
5106043,"Beagle, Jonathan",Richmond,1.36845,-0.7584684,0.6099816104888915,-5.3120185592651366,6.531981303405762,-3.134018109130859,4.353981568527222,5106043.0,23.469565217391303,35.0,-11.530434782608694,Underutilized
5106051,"Ausar, Ezra",Southern California,4.01659,0.73146313,4.748053134288788,-1.1739469758605958,10.670052886810304,1.0040532358551024,8.492052913513184,5106051.0,23.641935483870967,35.0,-11.358064516129032,Underutilized
5106053,"Pinedo, Valentino",UNC Greensboro,2.03875,-1.138304,0.9004460048675536,-5.021553688049316,6.822446174621582,-2.843554191589356,4.644445962905884,5106053.0,14.63,25.0,-10.37,Underutilized
5106055,"Ellingsworth, Jaxon",Arkansas St.,-0.829682,0.28319553,-0.5464864745922089,-6.4684864357299805,5.375513426940918,-4.290486462432861,3.197513453643799,5106055.0,18.37666666666667,5.0,13.376666666666669,Overutilized
5106056,"Jones, Elijah",UTEP,-0.03855,1.3102567,1.271706719589233,-4.650292973327637,7.193706889343262,-2.4722932384490965,5.0157064392089845,5106056.0,21.460714285714285,25.0,-3.5392857142857146,Optimal
5106058,"Sharp, Emanuel",Houston,8.66806,-0.15366341,8.514396588263512,2.592396433410645,14.436396296081544,4.770396645126343,12.258396561203003,5106058.0,23.07567567567568,25.0,-1.924324324324324,Optimal
5106059,"Arceneaux, Terrance",NC State,3.83963,-1.2304744,2.609155647163391,-3.312844403381348,8.53115545928955,-1.1348444300842284,6.353155485992431,5106059.0,12.606666666666666,5.0,7.606666666666666,Overutilized
5106206,"Lewis, Landon",Brown,0.136055,0.099228464,0.2352834640669822,-5.686716549224854,6.157283313446045,-3.5087165759277346,3.9792833401489256,5106206.0,26.978947368421046,35.0,-8.021052631578954,Underutilized
5106236,"Noland, Kenny",Columbia,0.872987,0.33514827,1.208135274898529,-4.713864596832275,7.130135265838623,-2.535864623535156,4.952135292541504,5106236.0,25.13076923076924,25.0,0.1307692307692356,Optimal
5106237,"Thompson, Blair",Columbia,1.8332,-1.0267411,0.8064588529586791,-5.115540959167481,6.728458903503418,-2.9375409858703616,4.5504589302062985,5106237.0,14.692307692307692,15.0,-0.3076923076923084,Optimal
5106240,"Mitchell-Day, Brandon",Dartmouth,-0.0673976,1.0365285,0.969130868132019,-4.95286894399414,6.891130918676758,-2.774868970697021,4.713130945379639,5106240.0,24.924000000000007,35.0,-10.075999999999992,Underutilized
5106241,"Williams, Jayden",Dartmouth,-1.94985,1.0439166,-0.9059334169387818,-6.827933229064941,5.016066633605957,-4.649933255767822,2.838066660308838,5106241.0,21.995999999999995,15.0,6.995999999999995,Overutilized
5106242,"Munro, Jackson",Dartmouth,1.79404,-0.89507294,0.8989670629882813,-5.023032868347168,6.82096699432373,-2.845032895050049,4.642967021026611,5106242.0,15.232,25.0,-9.768,Underutilized
5106243,"Hinton, Adam",Cornell,0.391632,-0.05167076,0.3399612400836944,-5.5820384826354985,6.2619613800354,-3.404038747756958,4.083961168319702,5106243.0,21.303846153846152,25.0,-3.696153846153848,Optimal
5106245,"Baldwin, Josh",Cornell,0.935798,0.07303132,1.008829321167946,-4.913170505859375,6.930829356811524,-2.735170532562256,4.752829383514404,5106245.0,24.136000000000003,15.0,9.136000000000005,Overutilized
5106247,"Noard, Cooper",Cornell,-0.0684601,2.112351,2.043890840704346,-3.8781090906311033,7.965891248876953,-1.7001091173339844,5.787890798742676,5106247.0,24.5,15.0,9.5,Overutilized
5106253,"King, Eli",North Dakota,2.85435,-0.07382708,2.7805229195714,-3.1414771980285643,8.702522664642334,-0.963476986312866,6.524522929763794,5106253.0,19.49375,25.0,-5.506250000000001,Underutilized
5106254,"Lipsey, Tamin",Iowa St.,9.60719,-0.7023907,8.904799329223632,2.982799397888183,14.82679926055908,5.160799371185302,12.648799287261962,5106254.0,22.9735294117647,35.0,-12.026470588235298,Underutilized
5106255,"Watson, Demarion",North Texas,1.73371,-0.6210663,1.1126437277412415,-4.809356024780273,7.034643837890625,-2.631356051483154,4.856643626174927,5106255.0,9.253333333333334,15.0,-5.746666666666666,Underutilized
5106261,"Udeh Jr., Ernest",Miami (FL),7.97448,-1.4753528,6.499127235870361,0.5771273045349119,12.42112716720581,2.755127277832031,10.243127193908691,5106261.0,10.515151515151516,15.0,-4.484848484848484,Optimal
5106262,"Ejiofor, Zuby",St. John's (NY),14.2722,-0.5159652,13.756234776687622,7.8342346069335935,19.67823446960449,10.01223505706787,17.50023473472595,5106262.0,26.3,35.0,-8.700000000000003,Underutilized
5106265,"Finister, Dorian",Louisiana,0.448726,0.41687116,0.8655971602687835,-5.056402860473633,6.787597002197265,-2.878402887176513,4.609597028900146,5106265.0,25.141935483870974,25.0,0.1419354838709736,Optimal
5106266,"Manning, Taj",Kansas St.,3.69328,-0.29138425,3.4018957500743867,-2.52010415145874,9.323895711212158,-0.342104178161621,7.145895737915039,5106266.0,12.056666666666665,15.0,-2.943333333333335,Optimal
5106269,Luke Northweather,Missouri,4.96167,-1.510098,3.451572019500732,-2.470427911834717,9.37357195083618,-0.2924279385375978,7.195571977539062,5106269.0,10.255,5.0,5.254999999999999,Overutilized
5106270,"Oweh, Otega",Kentucky,4.83162,-0.045713816,4.7859061841619015,-1.1360938328552246,10.707906029815677,1.0419061404418946,8.529906056518556,5106270.0,27.01111111111112,15.0,12.011111111111116,Overutilized
5106272,"Uzan, Milos",Houston,5.3955,0.028293522,5.423793522074819,-0.4982063217163084,11.34579354095459,1.6797936515808107,9.16779356765747,5106272.0,19.27837837837838,25.0,-5.721621621621619,Underutilized
5106274,"Williams, Quion",Ark.-Pine Bluff,1.81063,0.777211,2.587841010456085,-3.33415874206543,8.509841120605468,-1.1561590071868897,6.331841147308349,5106274.0,27.643333333333327,25.0,2.6433333333333278,Optimal
5106275,"Haggerty, PJ",Kansas St.,1.4704,1.3121877,2.7825876716613767,-3.139412259674073,8.704587602996826,-0.9614122863769532,6.526587629699707,5106275.0,31.977419354838712,25.0,6.9774193548387125,Overutilized
5106279,"Morris, Arterio",Bethune-Cookman,-3.70433,1.1684748,-2.535855206565857,-8.457855257110596,3.3861446055603026,-6.279855283813477,1.2081446322631837,5106279.0,27.13793103448276,25.0,2.1379310344827616,Optimal
5106280,"Brumbaugh, Rowan",Tulane,2.35034,0.36532885,2.715668848361969,-3.206331142578125,8.637668720092773,-1.0283311692810058,6.459668746795654,5106280.0,26.9625,35.0,-8.037500000000001,Underutilized
5106283,"Mitchell, Dillon",St. John's (NY),9.87044,-0.6438928,9.22654717535019,3.304547303619385,15.148547166290284,5.482547276916504,12.970547192993164,5106283.0,16.583783783783783,15.0,1.5837837837837832,Optimal
5106284,"Washington, Lamar",Georgia Tech,0.832334,1.0762978,1.9086317600097653,-4.013368171325683,7.830631691345215,-1.8353681980285643,5.652631718048096,5106284.0,22.03793103448276,25.0,-2.96206896551724,Optimal
5106285,"Isaacs, Pop",Texas A&M,2.48631,0.9087766,3.395086581287384,-2.526913171234131,9.317086691436767,-0.3489134363555908,7.139086718139648,5106285.0,21.13636363636364,35.0,-13.863636363636363,Underutilized
5106288,"Fisher, Elijah",Seton Hall,2.52448,-0.6961258,1.82835419462204,-4.093645915527343,7.750353947143555,-1.9156459422302248,5.572354212265015,5106288.0,16.115151515151513,25.0,-8.884848484848487,Underutilized
5106291,"Davis, Josiah",CSUN,-1.77756,2.2394717,0.4619116739654541,-5.460088257369995,6.383911366882324,-3.282088284072876,4.205911870422363,5106291.0,29.675,35.0,-5.324999999999999,Underutilized
5106292,"Harris, Josiah",Cleveland St.,-1.71363,1.0179133,-0.6957166584777832,-6.617716589813233,5.226283272857666,-4.4397166165161135,3.0482832995605467,5106292.0,17.423809523809524,15.0,2.423809523809524,Optimal
5106293,"Wague, Mohamed",Oklahoma,9.70192,-1.8760043,7.825915661735534,1.9039158496093744,13.747915712280273,4.081915822906494,11.569915619773864,5106293.0,16.389189189189192,25.0,-8.610810810810808,Underutilized
5106309,Derrick Michael Xzavierro,Long Beach State,-5.86641,2.6899486,-3.176461441192627,-9.098461372528076,2.745538013305664,-6.920461399230957,0.567538516845703,5106309.0,14.3375,15.0,-0.6625000000000014,Optimal
5106313,"Isaak, Tyler",Montana,-0.37142,0.17307763,-0.1983423719835281,-6.120342348022461,5.723657514648438,-3.942342374725342,3.5456575413513183,5106313.0,14.359999999999998,5.0,9.359999999999998,Overutilized
5106452,"Sykes, Davion",Southern Ill.,0.557863,-0.12213935,0.4357236504201889,-5.4862763852233885,6.35772347744751,-3.3082764119262693,4.179723504150391,5106452.0,18.593548387096774,25.0,-6.406451612903222,Underutilized
5106453,"Mason, Jordan",Temple,-1.04924,0.6057555,-0.4434844920539855,-6.365484602203369,5.478515260467529,-4.187484390487671,3.30051528717041,5106453.0,21.064516129032263,25.0,-3.9354838709677367,Optimal
5106456,"Franklin, Jamar",Jacksonville St.,-2.06631,-0.6169399,-2.683249902305603,-8.605249952850341,3.2387499098205565,-6.427249979553222,1.0607499365234374,5106456.0,14.20434782608696,5.0,9.20434782608696,Overutilized
5106459,Julian Margrave,Omaha,-3.71463,-0.5554108,-4.270040802364349,-10.192040793304445,1.651959069366455,-8.014040820007324,-0.5260409039306642,5106459.0,14.43529411764706,15.0,-0.564705882352941,Optimal
5106461,"Fields, Faizon",Milwaukee,-0.400973,0.081399485,-0.3195735145311356,-6.241573490570069,5.60242637210083,-4.06357351727295,3.424426398803711,5106461.0,15.570000000000004,25.0,-9.429999999999996,Underutilized
5106588,"Emanuel, Jo'el",William & Mary,-0.38817,-0.41161746,-0.7997874578666687,-6.721787210388183,5.122212652282715,-4.543787237091064,2.9442124405670165,5106588.0,18.703448275862076,35.0,-16.296551724137927,Underutilized
5106589,"Tweedy, Cameron",Saint Francis,-7.92423,-0.11365022,-8.03788021765232,-13.959880253295898,-2.115880390625,-11.78188027999878,-4.293880363922119,5106589.0,12.417241379310346,5.0,7.4172413793103456,Overutilized
5106590,"Blassingame, Trevon",Idaho,0.828242,-1.0212569,-0.193014923675537,-6.115014855010986,5.7289850076599125,-3.9370148817138673,3.550985034362793,5106590.0,11.228125,5.0,6.228124999999999,Overutilized
5106598,"Emery, Chevalier",Cleveland St.,-7.90719,-4.1862664,-12.093456422271728,-18.015456830444336,-6.171456490936279,-15.83745638031006,-8.349456464233398,5106598.0,27.64,35.0,-7.359999999999999,Underutilized
5106599,"Bennett, Javon",Dayton,2.02326,0.06768677,2.090946766386032,-3.8310533735656738,8.012946489105225,-1.6530531618499755,5.834946754226685,5106599.0,22.35675675675676,15.0,7.356756756756759,Overutilized
5106600,"Derkack, Jordan",Dayton,1.77599,0.52897805,2.3049680497550966,-3.617032060394287,8.226967802276612,-1.439031848678589,6.048967828979492,5106600.0,22.55625,35.0,-12.44375,Underutilized
5106602,Bryan Etumnu,Wright State,-4.66243,1.6760826,-2.986347388916016,-8.908347320251465,2.935652542419434,-6.730347346954345,0.7576525691223148,5106602.0,15.273333333333332,15.0,0.2733333333333334,Optimal
5106607,"Harris, Josiah",La Salle,-4.56912,2.736003,-1.8331170779418944,-7.755117009277344,4.088882853393555,-5.5771170359802245,1.910882880096436,5106607.0,24.75185185185185,15.0,9.75185185185185,Overutilized
5106610,"Gregory, Cam",Campbell,-0.154937,0.057745587,-0.0971914129192829,-6.019191474639893,5.8248083880310055,-3.841191262924194,3.646808653152466,5106610.0,12.146875,15.0,-2.8531250000000004,Optimal
5106611,"Webb, Miles",Delaware St.,-4.91311,0.5981307,-4.314979297027588,-10.236979228363037,1.6070206343078617,-8.058979255065918,-0.5709793389892575,5106611.0,19.081818181818186,25.0,-5.918181818181818,Underutilized
5106612,"Moore, Landon",Illinois St.,-1.22665,-0.4335719,-1.6602219048976898,-7.582221746826172,4.261778115844726,-5.404221773529053,2.083778142547607,5106612.0,13.69142857142857,15.0,-1.3085714285714296,Optimal
5106614,"Liberis, Gestin",Saint Francis,-5.73495,0.7798814,-4.955068582248688,-10.877068453979494,0.9669314086914058,-8.699068480682374,-1.211068564605713,5106614.0,16.655172413793103,15.0,1.6551724137931032,Optimal
5106619,"Benigni, Jackson",Binghamton,-1.64507,-0.85600775,-2.501077754802704,-8.42307750732422,3.42092235534668,-6.2450775340271,1.2429221436309814,5106619.0,14.13703703703704,15.0,-0.8629629629629605,Optimal
5106620,"Stinson, Chas",Stonehill,-2.26561,1.0344353,-1.2311747277832032,-7.153174659118653,4.6908252035522455,-4.975174685821534,2.512825230255127,5106620.0,23.37333333333333,35.0,-11.626666666666669,Underutilized
5106628,"Meuser, Ethan",Stonehill,-1.06236,0.363128,-0.6992319935417175,-6.621231746063232,5.222768116607666,-4.443232011184692,3.044768143310547,5106628.0,19.265,15.0,4.265000000000001,Optimal
5106632,"Brodnex, Lavell",ULM,0.520919,-0.1165267,0.4043922994437218,-5.51760753503418,6.326392327636719,-3.3396075617370604,4.1483923543396,5106632.0,22.924,25.0,-2.0760000000000005,Optimal
5106634,"Lewis, Keyontae",Norfolk St.,-4.06628,0.22111586,-3.8451641426372527,-9.767163865356444,2.076835997314453,-7.589164130477905,-0.101164214401245,5106634.0,16.118518518518517,5.0,11.118518518518515,Overutilized
5106641,B.B. Knight,Lamar,-10.9414,4.4561014,-6.485298582458496,-12.407298513793943,-0.5632986511230467,-10.229298540496826,-2.741298147583008,5106641.0,24.747368421052634,15.0,9.747368421052634,Overutilized
5106647,Thierno Sylla,Memphis,-0.594351,0.29753074,-0.2968202595005035,-6.21882028024292,5.625179582427979,-4.0408203069458,3.44717960913086,5106647.0,13.217391304347826,25.0,-11.782608695652174,Underutilized
5106652,"Scott, Shammah",Akron,-0.503682,0.38885283,-0.1148291652984618,-6.036828858215332,5.807171004455567,-3.858829123336792,3.629170554321289,5106652.0,20.11212121212121,15.0,5.11212121212121,Overutilized
5106660,"Cottle, Simeon",Kennesaw St.,1.08019,-0.33056474,0.7496252626800537,-5.172374430236816,6.671625432434082,-2.9943749337768555,4.493625220718384,5106660.0,27.65,25.0,2.650000000000002,Optimal
5106662,"Johnson, Ahmad",Ark.-Pine Bluff,-8.58586,1.7595042,-6.826355800971985,-12.748355613098145,-0.9043557504272464,-10.570355759010315,-3.082355723724365,5106662.0,17.50740740740741,15.0,2.5074074074074097,Optimal
5106667,"Perkins, Elijah",Saint Peter's,-3.05039,-0.10665323,-3.157043228402138,-9.079043144836426,2.7649567178344725,-6.901043171539307,0.5869567445373534,5106667.0,11.457142857142856,5.0,6.457142857142857,Overutilized
5106673,"Okworogwo, Kelechi",N.C. Central,-3.86742,-0.13571984,-4.003139835758209,-9.925139707489013,1.918860155181885,-7.747139734191895,-0.2591398181152344,5106673.0,15.664285714285713,15.0,0.6642857142857128,Optimal
5106674,"Suder, Peter",Miami (OH),4.69792,-0.74996996,3.947950040740967,-1.9740498905944823,9.869949972076416,0.2039500827026366,7.691949998779297,5106674.0,22.969999999999995,25.0,-2.0300000000000047,Optimal
5106680,"Sabino, Josiah",Niagara,-2.69468,0.5798476,-2.114832425765991,-8.03683259552002,3.807167267150879,-5.858832383804321,1.629167770690918,5106680.0,20.178571428571427,15.0,5.178571428571427,Overutilized
5106682,Josiah Shackleford,North Texas,-3.91676,1.0710593,-2.8457006538009644,-8.767700704345703,3.076299158325196,-6.589700731048584,0.8982991850280762,5106682.0,23.039130434782614,25.0,-1.9608695652173864,Optimal
5106684,"Daughtery Jr., Carl",UC Davis,-0.109034,-0.5121447,-0.6211786847915649,-6.543178496917725,5.3008213657531735,-4.365178523620606,3.122821392456055,5106684.0,15.754545454545458,25.0,-9.245454545454542,Underutilized
5106697,"Mullen, Kyrese",New Mexico St.,-5.61769,3.1883042,-2.42938581413269,-8.35138574546814,3.49261387878418,-6.17338577217102,1.3146143823242191,5106697.0,18.9,25.0,-6.099999999999998,Underutilized
5106702,"Ball, Andrew",Monmouth,0.124585,-0.58609605,-0.4615110483551025,-6.383510741271973,5.4604891213989255,-4.205511244812012,3.282488909683228,5106702.0,17.333333333333332,5.0,12.333333333333332,Overutilized
5106703,"Collins, Jack",Monmouth,-0.114172,0.15100627,0.0368342664747238,-5.885165709564209,5.9588341531066895,-3.70716573626709,3.7808341798095695,5106703.0,16.299999999999997,15.0,1.2999999999999972,Optimal
5106705,"Buttry, Turner",Eastern Ky.,-3.4746,1.1266744,-2.34792558631897,-8.26992527923584,3.5740745834350585,-6.0919255443573,1.3960741333007811,5106705.0,17.443333333333335,15.0,2.443333333333335,Optimal
5106706,"Comer, Tayshawn",Nevada,-0.808946,0.79117215,-0.0177738532028198,-5.939773903747558,5.90422595892334,-3.76177393045044,3.726225985626221,5106706.0,26.105405405405403,35.0,-8.894594594594597,Underutilized
5106707,"Holt, Jackson",Eastern Ky.,-2.64313,1.3631495,-1.2799804762649538,-7.2019802883911135,4.642019574279785,-5.023980315093994,2.464019600982666,5106707.0,19.956666666666663,15.0,4.956666666666664,Optimal
5106711,"Bettis, Love",UIW,-7.00914,1.5530392,-5.456100806846619,-11.378100857391358,0.4658990052795406,-9.20010088409424,-1.7121009680175785,5106711.0,19.15555555555555,5.0,14.155555555555551,Overutilized
5106714,"Troutman, Masai",George Mason,0.440477,0.17573814,0.6162151409406662,-5.305784596679688,6.5382152659912105,-3.1277848618011475,4.360215054275512,5106714.0,17.89032258064516,15.0,2.8903225806451616,Optimal
5106715,"King, Rashad",LSU,1.39507,0.06887125,1.4639412522387505,-4.458058910064697,7.385940952606202,-2.280058698348999,5.207941217727662,5106715.0,17.01875,15.0,2.0187500000000007,Optimal
5106716,"Woods, Harold",UIW,-0.528296,0.18076925,-0.3475267502031326,-6.269526487823486,5.574473374847412,-4.091526752944946,3.3964731631317138,5106716.0,15.914285714285716,15.0,0.9142857142857146,Optimal
5106717,"Turner, Jared",Old Dominion,0.809182,-1.0900704,-0.2808883668594361,-6.202888178985596,5.641111683685303,-4.024888205688477,3.4631117103881834,5106717.0,13.20625,15.0,-1.7937499999999993,Optimal
5106718,"Metcalf, Collin",Maryland,2.00769,-1.3541358,0.653554248275757,-5.268445444641113,6.575554418029785,-3.090445948181152,4.397554206314087,5106718.0,7.806451612903225,5.0,2.806451612903225,Optimal
5106719,Toby Onyekonwu,Stony Brook,-6.62274,0.91448367,-5.708256333580017,-11.630256384124756,0.2137434785461422,-9.452256410827635,-1.9642564947509769,5106719.0,17.436842105263157,15.0,2.436842105263157,Optimal
5106722,Jared Frey,UMass Lowell,-6.35495,1.5211562,-4.833793808174133,-10.755793620300292,1.0882062423706058,-8.577793647003173,-1.089793730926513,5106722.0,12.386363636363638,5.0,7.3863636363636385,Overutilized
5106727,"Williamson, Dylan",Towson,-0.366159,0.8490801,0.4829210857543945,-5.439078845581054,6.404921017089844,-3.261078872283936,4.226921043792725,5106727.0,22.74375,35.0,-12.25625,Underutilized
5106728,"May, Christian",UNCW,1.17677,-0.039636776,1.1371332241487504,-4.7848665432739255,7.059133319396973,-2.606866808395385,4.881133107681275,5106728.0,18.46875,25.0,-6.53125,Underutilized
5106731,"Hodge, Nolan",UNCW,3.14016,-0.544832,2.595328008804321,-3.326672160949707,8.517327701721191,-1.1486717108154298,6.339327966842651,5106731.0,19.975,25.0,-5.024999999999999,Underutilized
5106732,"Ross, Noah",UNCW,1.22663,-0.2385556,0.9880744047212602,-4.933925362701416,6.9100744999694825,-2.755925627822876,4.732074288253784,5106732.0,16.878125000000004,25.0,-8.121874999999996,Underutilized
5106734,"Lowe, Chase",William & Mary,3.34795,-0.6002999,2.747650105190277,-3.174349766540528,8.669650096130372,-0.9963497932434082,6.491650122833252,5106734.0,20.67,15.0,5.670000000000002,Overutilized
5106735,"Karasinski, Jack",Bellarmine,-0.995643,0.20624715,-0.7893958491020202,-6.711395601623535,5.132604261047363,-4.533395866744995,2.954604049331665,5106735.0,29.136666666666663,35.0,-5.863333333333337,Underutilized
5106738,"Williams, Charlie",Lipscomb,-2.03695,1.3359349,-0.7010151226043702,-6.623015292358399,5.2209845703125,-4.4450150806427,3.042985073852539,5106738.0,25.09333333333333,25.0,0.0933333333333301,Optimal
5106742,"Arnett, Dylan",North Texas,-0.346023,0.7254246,0.379401587726593,-5.542598164794922,6.301401697875977,-3.364598429916382,4.123401724578858,5106742.0,18.435483870967737,15.0,3.4354838709677367,Optimal
5106744,"Tankersley, Marcus",Chicago St.,-6.90662,1.9999492,-4.906670783157349,-10.828670714492798,1.0153293865966797,-8.650670741195679,-1.162671063537598,5106744.0,25.04827586206897,35.0,-9.951724137931034,Underutilized
5106750,"Blake, Zae",UTRGV,-1.42921,0.4040023,-1.02520769115448,-6.947207741699219,4.896792120971679,-4.7692077684021,2.71879214767456,5106750.0,15.68214285714286,5.0,10.68214285714286,Overutilized
5106754,"Counter, Jlynn",Col. of Charleston,4.35549,0.18872471,4.544214711537361,-1.377785413513184,10.466214449157714,0.8002147982025143,8.288214714279174,5106754.0,28.15,35.0,-6.850000000000001,Underutilized
5106755,"Brady II, Vincent",High Point,-0.0964201,-0.7133381,-0.8097581770683289,-6.731757929589843,5.112241933081055,-4.553757956292724,2.9342417213653564,5106755.0,14.752173913043476,25.0,-10.247826086956524,Underutilized
5106766,"Taylor, Brian",ETSU,-1.16336,0.09690748,-1.0664525184488296,-6.988452315673828,4.85554754699707,-4.810452580795288,2.677547335281372,5106766.0,22.159375,25.0,-2.8406249999999997,Optimal
5106767,"Jamison, Elijah",Norfolk St.,-4.4586,1.0330467,-3.4255532775878903,-9.34755320892334,2.496446653747559,-7.16955323562622,0.3184466804504398,5106767.0,28.35714285714286,35.0,-6.642857142857139,Underutilized
5106773,"Thomas, Justin",Bowling Green,-0.755883,-0.8436547,-1.599537692173004,-7.521537563903808,4.32246229876709,-5.343537590606689,2.144462325469971,5106773.0,11.62962962962963,5.0,6.62962962962963,Overutilized
5106775,"Sumler, A'lahn",Charleston So.,0.40059,0.69116646,1.0917564605140686,-4.830243530426025,7.013756332244873,-2.652243557128906,4.835756358947754,5106775.0,29.040740740740738,25.0,4.040740740740738,Optimal
5106776,"Wells, LJ",Northern Ky.,2.37656,-0.03411929,2.342440710631609,-3.5795590605163574,8.26444080215454,-1.4015593256378174,6.086440590438842,5106776.0,22.399999999999995,35.0,-12.600000000000003,Underutilized
5106785,"Morgan, Chris",Purdue Fort Wayne,-5.53392,0.40198535,-5.131934652729035,-11.053934762878418,0.7900650997924803,-8.87593455116272,-1.3879348735046388,5106785.0,10.925,15.0,-4.075000000000001,Optimal
5106786,"Elisee, Deangelo",Purdue Fort Wayne,0.548408,-1.3250021,-0.7765940742416382,-6.698594124786377,5.145405737884522,-4.520594151489258,2.9674057645874026,5106786.0,12.479310344827583,25.0,-12.520689655172417,Underutilized
5106806,"Woods, Logan",Wright St.,-1.65894,-0.060667224,-1.7196072242283822,-7.641606969299317,4.202392893371582,-5.463607234420777,2.0243926816558835,5106806.0,14.375757575757577,15.0,-0.6242424242424249,Optimal
5106839,Fallou Diagne,Southern Miss,-7.36275,1.7933097,-5.569440311431885,-11.491440242767334,0.3525596199035643,-9.313440269470217,-1.8254403533935548,5106839.0,13.718181818181815,5.0,8.718181818181817,Overutilized
5106841,"Marshall, Tyrone",George Washington,4.76075,-1.0268642,3.733885828971863,-2.188113983154297,9.6558858795166,-0.0101140098571779,7.477885906219482,5106841.0,19.01875,15.0,4.018750000000001,Optimal
5106843,"Richards, DJ",McNeese,0.406606,-0.8645984,-0.4579923934402465,-6.379992205566406,5.464007657104492,-4.201992232269287,3.286007683807373,5106843.0,17.278125,15.0,2.2781249999999997,Optimal
5106862,"Rolf, Rich",Youngstown St.,2.19398,-0.40221417,1.7917658304977415,-4.130233981628418,7.71376588104248,-1.952234008331299,5.535765907745361,5106862.0,15.382142857142854,25.0,-9.617857142857146,Underutilized
5106863,"Graves, Nik",Creighton,2.93371,0.6421986,3.575908622226715,-2.346091368713379,9.49790849395752,-0.1680913954162597,7.3199085206604,5106863.0,23.594117647058823,25.0,-1.4058823529411768,Optimal
5106864,"Lorient, Brenen",West Virginia,6.15429,-0.34884548,5.805444518127441,-0.1165554132080082,11.72744444946289,2.061444560089111,9.549444476165773,5106864.0,21.83529411764706,25.0,-3.1647058823529406,Optimal
5106865,"Gaines, Isaiah",Southeastern La.,1.71674,0.06563363,1.7823736322426795,-4.139626157531739,7.70437370513916,-1.9616264226531983,5.526373493423462,5106865.0,21.44333333333333,25.0,-3.5566666666666684,Optimal
5106867,"Beath, Leo",UC San Diego,0.0735654,0.8232175,0.896782911177063,-5.025217139367676,6.818782723303222,-2.8472171660705565,4.640782750006103,5106867.0,20.10625,25.0,-4.893750000000001,Optimal
5106869,"Brewer, Jayden",Western Mich.,-2.41012,1.9218887,-0.4882312909317017,-6.410231103057861,5.433768759613037,-4.232231248970032,3.255768786315918,5106869.0,26.61379310344828,35.0,-8.386206896551723,Underutilized
5106877,"Bullock, Dre",Hawaii,2.6272,0.45056674,3.077766738843918,-2.844233162689209,8.99976669998169,-0.6662331893920896,6.8217667266845705,5106877.0,24.506451612903223,15.0,9.506451612903223,Overutilized
5106879,"Geneste Jr., Pierre",CSU Bakersfield,-1.31252,0.0043564136,-1.308163586385995,-7.230163547058106,4.613836315612793,-5.0521635737609865,2.4358363423156737,5106879.0,9.854166666666666,15.0,-5.145833333333334,Underutilized
5106880,"Porter, Jestin",Clemson,4.11976,-0.99892914,3.120830857048035,-2.8011689550781247,9.042830907592773,-0.6231689817810055,6.864830934295655,5106880.0,19.52,25.0,-5.48,Underutilized
5106881,"Green, Tre",Middle Tenn.,-0.479139,-0.19212724,-0.6712662426843643,-6.593266159118652,5.250733703552246,-4.415266185821533,3.072733730255127,5106881.0,17.599999999999998,5.0,12.599999999999998,Overutilized
5107069,"Cleveland, Zach",Liberty,4.00483,0.27071396,4.275543955163956,-1.6464561251831054,10.197543737487791,0.5315440865325929,8.019543764190674,5107069.0,24.33548387096774,35.0,-10.66451612903226,Underutilized
5107070,"Porter, Colin",Liberty,1.31979,0.15968947,1.4794794711256027,-4.44252050491333,7.401479357757569,-2.2645205316162107,5.2234793844604495,5107070.0,18.02,15.0,3.02,Optimal
5107076,"Johnson, TJ",VMI,-2.45632,1.6881378,-0.7681822303009032,-6.690181923217773,5.153817939453125,-4.512182188339233,2.975817489318848,5107076.0,24.027586206896554,35.0,-10.972413793103446,Underutilized
5107077,"Dawkins, Bryson",Youngstown St.,-1.71358,0.5979242,-1.1156558271217347,-7.037655698852539,4.806344163818359,-4.85965572555542,2.62834419052124,5107077.0,21.72068965517241,25.0,-3.2793103448275893,Optimal
5107078,"Lane, Jacari",Texas A&M,1.78401,-1.0925187,0.6914913127517701,-5.230508737792968,6.61349112487793,-3.0525087644958493,4.435491151580811,5107078.0,17.96969696969697,25.0,-7.030303030303031,Underutilized
5107088,"Ashby, Chris",Queens (NC),-2.60431,0.3999147,-2.204395288286209,-8.126395189819336,3.7176046728515626,-5.948395216522217,1.5396046995544437,5107088.0,15.75294117647059,5.0,10.75294117647059,Overutilized
5107142,"Akuchie, Andrew",Rice,-0.0387243,-1.0372702,-1.075994488331604,-6.997994300457764,4.846005562213135,-4.819994327160645,2.6680055889160155,5107142.0,13.56551724137931,25.0,-11.43448275862069,Underutilized
5107144,"Johnson, Efrem",Clemson,3.96812,-0.89871174,3.0694082590293883,-2.852591612701416,8.991408249969481,-0.674591639404297,6.813408276672363,5107144.0,14.24,15.0,-0.7599999999999998,Optimal
5107146,Evans Kipruto,UC Santa Barbara,3.4658,-1.2206025,2.245197487640381,-3.676802443695068,8.16719741897583,-1.498802470397949,5.989197445678711,5107146.0,15.366666666666664,5.0,10.366666666666664,Overutilized
5107147,Matija Belic,Wyoming,-1.01452,2.7024927,1.6879727139282226,-4.234027217407227,7.609972645263672,-2.0560272441101075,5.431972671966553,5107147.0,22.600000000000005,15.0,7.600000000000005,Overutilized
5107148,"Anderson III, Roddie",Xavier,0.715259,0.24560243,0.9608614289131164,-4.961138323608399,6.8828615390625,-2.7831385887298583,4.704861327346801,5107148.0,24.01515151515152,35.0,-10.984848484848484,Underutilized
5107149,Cade Pendleton,UC San Diego,-1.98095,1.0678115,-0.9131385108947754,-6.835138442230225,5.008861420440674,-4.6571384689331055,2.8308614471435547,5107149.0,14.82941176470588,15.0,-0.1705882352941188,Optimal
5107151,Quin Patterson,Idaho State,-7.34827,2.735215,-4.6130550513458255,-10.535054982681274,1.3089451184082028,-8.357055009384155,-0.8690553317260745,5107151.0,7.922727272727272,15.0,-7.077272727272728,Underutilized
5107153,Kaleb Smith,Grand Canyon,-5.74887,3.8701825,-1.8786874858093263,-7.800687417144775,4.043312922363281,-5.622687443847656,1.865312472229004,5107153.0,15.413636363636368,15.0,0.4136363636363676,Optimal
5107154,"Salaridze, Vladimer",Youngstown St.,4.82319,-1.5839477,3.239242341461182,-2.682757589874268,9.161242272796631,-0.5047576165771481,6.983242299499512,5107154.0,25.748,15.0,10.748,Overutilized
5107157,"Conwell, Ryan",Louisville,5.23004,0.19867785,5.428717852749824,-0.4932819146728517,11.350717947998046,1.6847178202056885,9.172717736282348,5107157.0,27.52058823529412,15.0,12.520588235294117,Overutilized
5107158,"Muordar, Dok",Monmouth,0.154472,-0.8720384,-0.7175664240150452,-6.6395662957458494,5.204433566925049,-4.46156632244873,3.02643359362793,5107158.0,16.165625,15.0,1.1656249999999986,Optimal
5107161,"Welling, Hayden",Utah Valley,-3.32335,1.3458595,-1.9774904724121087,-7.899490403747558,3.94450945892334,-5.721490430450439,1.766509485626221,5107161.0,22.806451612903228,15.0,7.806451612903228,Overutilized
5107163,"Chol, Elijah",UC Irvine,0.294888,-0.7830048,-0.4881168203468323,-6.4101166920776365,5.433883170593262,-4.232116718780517,3.2558831972961424,5107163.0,13.408333333333331,15.0,-1.5916666666666686,Optimal
5107164,"Thrower, Cam",Penn,-2.70779,0.152945,-2.5548450030469896,-8.476844889678954,3.367154972991943,-6.298844916381836,1.189154999694824,5107164.0,17.573076923076925,25.0,-7.426923076923074,Underutilized
5107167,Jac Mani,Fresno State,-2.55632,1.4469932,-1.1093267682266237,-7.031326580352783,4.812673282318116,-4.853326607055664,2.634673309020996,5107167.0,26.456000000000003,15.0,11.456000000000005,Overutilized
5107169,"Lee, Xaivian",Florida,7.51298,-0.67111015,6.841869846801758,0.9198699154663084,12.763869778137206,3.0978698887634275,10.585869804840089,5107169.0,20.58857142857143,25.0,-4.411428571428569,Optimal
5107174,"Townsend, Nick",Yale,5.35231,-0.840309,4.512000976142883,-1.4099990744018551,10.434000788269042,0.7680008988952638,8.256000814971923,5107174.0,26.139285714285712,35.0,-8.860714285714288,Underutilized
5107175,"Arlington, Devon",Yale,-3.79256,0.48579663,-3.306763369617462,-9.228763479766846,2.615236382904053,-7.050763268051147,0.4372364096069336,5107175.0,15.885714285714288,15.0,0.8857142857142879,Optimal
5107176,"Dinkins, Tre",George Washington,0.040917,-0.24556258,-0.2046455832080841,-6.126645484741211,5.717354377929688,-3.948645511444092,3.539354404632568,5107176.0,18.5264705882353,25.0,-6.4735294117647015,Underutilized
5107178,"Fritz, Youri",Northeastern,-0.92971,-0.29422337,-1.2239333681678772,-7.145933239898682,4.698066622772217,-4.9679332666015625,2.5200666494750976,5107178.0,19.816,15.0,4.815999999999999,Optimal
5107180,"Mitchell, Frank",St. Bonaventure,3.13167,1.6598133,4.791483284873962,-1.130516527252197,10.7134833354187,1.047483446044922,8.535483362121582,5107180.0,26.248484848484846,35.0,-8.751515151515154,Underutilized
5107184,"Sunderland, Rex",Stonehill,-5.4593,1.9177742,-3.5415257995605467,-9.463525730895997,2.3804741317749025,-7.285525757598877,0.2024741584777833,5107184.0,17.60645161290323,5.0,12.606451612903228,Overutilized
5107189,"Tutic, Ridvan",Stonehill,-3.05885,0.2953959,-2.7634540892601014,-8.685454080200195,3.158545782470703,-6.507454106903076,0.980545809173584,5107189.0,17.014285714285712,25.0,-7.985714285714287,Underutilized
5107197,Sadiku Ibine Ayo,St. John's,3.36641,-1.5728474,1.7935626336669923,-4.128437297668457,7.7155625650024415,-1.950437324371337,5.537562591705322,5107197.0,9.956666666666669,15.0,-5.043333333333331,Underutilized
5107198,"Davis, Cruz",Hofstra,3.17072,0.96900153,4.139721531600952,-1.7822781613159178,10.06172170135498,0.3957215735626223,7.883721251220703,5107198.0,27.36060606060606,35.0,-7.63939393939394,Underutilized
5107203,"Williams, Kody",Hampton,-6.03407,0.5485209,-5.485549077339172,-11.407548889465332,0.4364509732055666,-9.229548916168213,-1.7415490000915526,5107203.0,13.622222222222222,25.0,-11.377777777777778,Underutilized
5107204,"Rouhliadeff, Harry",Hawaii,2.7462,-1.0611595,1.6850405084609985,-4.23695954208374,7.607040320587158,-2.058959568786621,5.429040347290039,5107204.0,18.45862068965517,15.0,3.45862068965517,Optimal
5107205,"Seck, Mor",Towson,-2.83915,1.7603436,-1.078806448364258,-7.000806379699707,4.843193482971191,-4.822806406402588,2.665193509674072,5107205.0,13.7625,5.0,8.7625,Overutilized
5107209,"Clayton, Jaden",Pacific,0.0635676,0.55374867,0.6173162672401429,-5.304683723699951,6.539316138970947,-3.126683750402832,4.361316165673828,5107209.0,19.7516129032258,15.0,4.751612903225801,Optimal
5107211,"Steele, Keelan",Maine,-3.40058,0.8424998,-2.558080207424164,-8.480080198364258,3.3639196643066405,-6.302080225067138,1.185919691009521,5107211.0,24.03478260869565,25.0,-0.9652173913043498,Optimal
5107218,Kyran Ratliff,Louisiana,-2.73198,0.8058398,-1.9261402230072024,-7.8481403927612305,3.995859469909668,-5.670140181045532,1.817859973449707,5107218.0,9.758064516129034,5.0,4.758064516129034,Optimal
5107219,"Sigona, Vinny",East Texas A&M,-4.89985,0.42864406,-4.471205938911438,-10.393205751037598,1.450794111633301,-8.21520577774048,-0.7272058616638182,5107219.0,18.919230769230765,25.0,-6.080769230769235,Underutilized
5107220,"Nnamoko, Edward",Winthrop,-4.62512,1.853946,-2.7711740294647216,-8.693174199218749,3.1508256634521485,-6.515173987503052,0.9728261669921876,5107220.0,17.361290322580643,25.0,-7.638709677419357,Underutilized
5107223,"Blaine, Brycen",Charleston So.,-0.572018,1.012198,0.4401799713439941,-5.481819959991455,6.362179902679443,-3.303819986694336,4.184179929382324,5107223.0,30.731818181818184,35.0,-4.268181818181816,Optimal
5107226,"Moore, Tyren",Ga. Southern,0.566225,0.4569127,1.0231376963615415,-4.898862413787842,6.945137448883057,-2.720862202072144,4.767137475585938,5107226.0,24.70857142857143,35.0,-10.291428571428568,Underutilized
5107230,"Brafford, Nate",Charleston So.,-1.20157,-0.8777831,-2.0793531196784976,-8.001353229827881,3.842646632843017,-5.823353256530762,1.6646468979644775,5107230.0,12.586206896551726,25.0,-12.413793103448274,Underutilized
5107233,Kylan Blackmon,Charlotte,-4.71135,2.1173053,-2.594044721221924,-8.516044652557373,3.327954733276367,-6.338044679260254,1.149955236816406,5107233.0,10.325,25.0,-14.675,Underutilized
5107242,"Brown, Dion",Saint Louis,3.94357,-1.160106,2.7834640563201902,-3.13853563659668,8.705464226074218,-0.960536140136719,6.52746401435852,5107242.0,20.311764705882357,25.0,-4.688235294117646,Optimal
5107246,"Manciel, Mak",Eastern Mich.,-3.22227,0.5465602,-2.675709772129059,-8.597709643859863,3.246290218811035,-6.419709670562744,1.068290245513916,5107246.0,20.149999999999995,35.0,-14.850000000000003,Underutilized
5107251,"Nelson, Izaiyah",South Fla.,9.20818,-1.683085,7.525095035247803,1.603095103912354,13.447094966583252,3.781095077209473,11.269094993286132,5107251.0,23.869696969696967,15.0,8.869696969696967,Overutilized
5107255,"Garry, Kalen",South Dakota St.,-0.317631,0.6968576,0.3792265716018677,-5.542773478942872,6.301226383728027,-3.364773505645752,4.123226410430908,5107255.0,20.24827586206896,15.0,5.248275862068962,Overutilized
5107258,"Kyle III, William",Syracuse,8.9675,-2.190763,6.776737003326415,0.8547375488281244,12.698736934661865,3.0327370452880853,10.520736961364744,5107258.0,15.10625,25.0,-9.89375,Underutilized
5107259,"Jungers, Luke",Iona,-1.27144,-0.41472763,-1.6861676282310485,-7.608167619171143,4.235832243499756,-5.430167645874024,2.0578322702026366,5107259.0,13.756666666666664,5.0,8.756666666666664,Overutilized
5107261,"Marshall, Jaeden",La Salle,-1.52534,1.402169,-0.1231710108184813,-6.045170703735352,5.798829158935547,-3.867170968856811,3.6208287088012696,5107261.0,21.241666666666664,25.0,-3.758333333333336,Optimal
5107263,"Glover, Ja'Sean",Omaha,-2.93714,1.1995678,-1.7375722052001952,-7.659572136535644,4.184427726135255,-5.481572163238525,2.006427752838135,5107263.0,24.54444444444444,35.0,-10.455555555555565,Underutilized
5107264,"Sutton, Marquel",LSU,2.18167,0.2419376,2.423607592625618,-3.498392294006348,8.345607568664551,-1.3203923207092283,6.167607595367432,5107264.0,18.803125,25.0,-6.196875000000002,Underutilized
5107268,"Osburn, Tony",Omaha,-0.331466,0.3421915,0.0107254875507354,-5.911274235168457,5.932725627502442,-3.733274500289917,3.7547256542053216,5107268.0,16.625925925925927,25.0,-8.374074074074073,Underutilized
5107271,"Morris III, Cam",ETSU,3.4505,-1.4398035,2.01069651889801,-3.9113035316467286,7.93269633102417,-1.7333035583496097,5.754696357727051,5107271.0,25.075000000000003,25.0,0.0750000000000028,Optimal
5107272,"Miller, Tajavis",New Mexico,2.1042,-0.8362132,1.267986828517914,-4.65401304321289,7.189986819458008,-2.4760130699157714,5.011986846160889,5107272.0,15.480645161290326,15.0,0.480645161290326,Optimal
5107273,"Wheeler-Thomas, Damari",North Dakota St.,1.07122,0.05733057,1.128550571115017,-4.793449322967529,7.050550539703369,-2.61544934967041,4.87255056640625,5107273.0,23.393103448275863,25.0,-1.6068965517241338,Optimal
5107274,"White, Jacari",Virginia,5.17829,-1.687222,3.491067996063232,-2.430931935272217,9.413067927398682,-0.252931961975098,7.235067954101562,5107274.0,21.42903225806452,15.0,6.429032258064517,Overutilized
5107275,"Waddles, Lance",Omaha,-1.03921,1.4590076,0.4197976208114624,-5.502202191314697,6.341797671356201,-3.324202218017578,4.163797698059082,5107275.0,21.196551724137933,35.0,-13.803448275862069,Underutilized
5107278,"Feddersen, Noah",North Dakota St.,1.72622,-0.2504412,1.4757788064193726,-4.446221005706788,7.397778856964111,-2.268221032409668,5.219778883666992,5107278.0,20.084375,25.0,-4.915624999999999,Optimal
5107287,"Eaglestaff, Treysen",West Virginia,2.71534,0.83143085,3.5467708524131774,-2.375229019317627,9.468770843353273,-0.1972290460205079,7.290770870056152,5107287.0,19.43428571428571,25.0,-5.565714285714289,Underutilized
5107289,Justin Mullins,Northwestern,2.47255,-0.59737515,1.8751748455047608,-4.046824847412109,7.797175015258789,-1.8688253509521484,5.619174803543091,5107289.0,15.541666666666666,15.0,0.5416666666666661,Optimal
5107293,"Giwa, Stephen",Rice,2.96275,-0.91507465,2.0476753535270693,-3.874324756622314,7.969675106048584,-1.696324783325195,5.791675371170044,5107293.0,13.741379310344826,15.0,-1.2586206896551744,Optimal
5107295,"Hurley, TJ",Vermont,-0.0876983,0.14158385,0.0538855450193405,-5.868114311810302,5.975885550860596,-3.690114338513184,3.797885577563477,5107295.0,20.978125,25.0,-4.021875000000001,Optimal
5107296,Perry Smith Jr.,Kennesaw State,-1.76436,-0.53585845,-2.300218452320099,-8.222218562469482,3.621781300201416,-6.044218589172363,1.443781565322876,5107296.0,12.6625,15.0,-2.3375000000000004,Optimal
5107298,"Oday, Donovan",Northern Ky.,2.08434,0.1609718,2.245311805453301,-3.676688289794922,8.167311572875978,-1.4986880780792236,5.989311837997437,5107298.0,26.506451612903227,25.0,1.506451612903227,Optimal
5107299,"Blackwell, Rhyjon",Marist,-1.89777,0.18473263,-1.7130373691511154,-7.63503749420166,4.208962368469239,-5.457037282485961,2.0309626335906983,5107299.0,20.863333333333337,25.0,-4.136666666666663,Optimal
5107301,"Thomas, Dionjahe",Jackson St.,-6.15705,1.2438189,-4.9132311208724975,-10.835231171417236,1.0087686912536622,-8.657231198120117,-1.169231282043457,5107301.0,16.969565217391306,25.0,-8.030434782608694,Underutilized
5107307,"King, Andrew",Youngstown St.,-2.5251,-0.40352118,-2.928621180152893,-8.850620992279053,2.9933788703918456,-6.672621018981934,0.8153788970947264,5107307.0,12.589655172413796,5.0,7.589655172413796,Overutilized
5107312,"Watts, LeJuan",Texas Tech,2.69289,1.0152048,3.708094787254333,-2.2139050248718264,9.630094837799072,-0.0359050515747072,7.452094864501953,5107312.0,25.248484848484846,25.0,0.2484848484848463,Optimal
5107317,"Paveletzke, Jackson",Ohio,-0.712895,0.9106991,0.1978041291046143,-5.724196040649414,6.119803822021485,-3.546195828933716,3.9418043255615234,5107317.0,24.12333333333333,25.0,-0.8766666666666652,Optimal
5107320,"Martin, Chase",Oral Roberts,-2.4931,-0.2396304,-2.732730401134491,-8.654730153656006,3.1892697090148925,-6.476730418777466,1.0112694972991942,5107320.0,9.75185185185185,5.0,4.75185185185185,Optimal
5107321,"Monroe, Amarri",Quinnipiac,2.0092,1.076388,3.0855880014419554,-2.836412049102784,9.007587813568117,-0.6584120758056642,6.829587840270996,5107321.0,25.969999999999995,25.0,0.9699999999999952,Optimal
5107325,"Arrington, Anthony",Mount St. Mary's,-8.38378,2.7312663,-5.652513739852905,-11.574513671188354,0.269485953063965,-9.396513697891235,-1.908513543395996,5107325.0,22.73333333333333,25.0,-2.2666666666666693,Optimal
5107343,DeJuan Campbell,California,-1.17179,0.548759,-0.6230310163879396,-6.545030947723388,5.29896891494751,-4.367030974426269,3.1209689416503905,5107343.0,13.895454545454545,15.0,-1.1045454545454554,Optimal
5107345,"Kell, Marcus",Western Caro.,-2.21238,1.2304755,-0.9819044550704956,-6.903904505615234,4.9400953570556645,-4.725904532318115,2.762095383758545,5107345.0,21.317241379310342,25.0,-3.6827586206896576,Optimal
5107346,"Jones, RaSheed",Coastal Carolina,1.4411,0.5969257,2.038025675868988,-3.883974195861816,7.960025666809082,-1.7059742225646972,5.782025693511963,5107346.0,21.2741935483871,25.0,-3.725806451612901,Optimal
5107349,"Jackson, Taeshaud",FDU,-1.9515,1.1474514,-0.8040485992431641,-6.7260485305786135,5.117951332092285,-4.548048557281494,2.939951358795166,5107349.0,20.97241379310345,15.0,5.972413793103446,Overutilized
5107350,"Woods, Asher",Tulane,-2.18073,0.46262705,-1.7181029467391968,-7.640102997283936,4.203896865386962,-5.462103023986817,2.025896892089844,5107350.0,22.021875,25.0,-2.9781249999999986,Optimal
5107353,"Houser, Tyler",Delaware,-0.660744,0.21648413,-0.4442598705711365,-6.366259861511231,5.477740001159668,-4.188259888214112,3.2997400278625486,5107353.0,21.968000000000004,35.0,-13.031999999999996,Underutilized
5107355,"Atwell, Donovan",Texas Tech,8.7323,-1.8883603,6.843939738082886,0.921940045166016,12.765939907836914,3.099939541625977,10.587939696121216,5107355.0,13.197058823529412,15.0,-1.802941176470588,Optimal
5107358,"Durr, Madison",UNCW,-1.36762,-0.19430293,-1.5619229314279557,-7.483922967071534,4.360076895599365,-5.305922993774415,2.182076922302246,5107358.0,24.9375,35.0,-10.0625,Underutilized
5107364,"Achor, Achor",Mississippi St.,0.900739,1.4033815,2.30412046686554,-3.6178795836792,8.226120278991699,-1.43987961038208,6.04812030569458,5107364.0,20.25625,25.0,-4.743749999999999,Optimal
5107369,"Vander Wal, Ben",Furman,2.77666,-0.25011,2.526549999628067,-3.395450080718994,8.448549781951904,-1.2174498690032958,6.270550047073364,5107369.0,14.390625,15.0,-0.609375,Optimal
5107375,"Alexis, Sam",Indiana,9.14726,-1.4073135,7.739946533927917,1.817946721801757,13.661946584472656,3.995946695098876,11.483946611175536,5107375.0,18.340625000000003,5.0,13.340625000000005,Overutilized
5107377,"Robinson, Brody",Oakland,0.998041,1.3077615,2.3058025499496457,-3.616197262176514,8.227802600494385,-1.4381972888793946,6.049802627197265,5107377.0,24.148387096774183,35.0,-10.851612903225814,Underutilized
5107408,"Chatman, Jordan",Florida A&M,-1.28093,-0.032075662,-1.31300566216588,-7.235005813293457,4.608994049377442,-5.057005601577759,2.4309943144989017,5107408.0,15.996551724137932,5.0,10.996551724137932,Overutilized
5107410,"Louis Jeune, Hantz",South Alabama,-2.23411,-0.09811317,-2.332223171756268,-8.254222991333007,3.589776871337891,-6.076223018035888,1.4117768980407717,,,,,Unknown
5107438,"Posey, Duane",Texas Southern,-3.30158,1.2237866,-2.0777934075164795,-7.999793577270507,3.844206285400391,-5.821793365554809,1.6662067889404295,5107438.0,21.312,15.0,6.312000000000001,Overutilized
5107441,JaSteven Walker,Alabama State,-3.08032,0.29694158,-2.783378421611786,-8.705378174133301,3.1386216885375977,-6.527378439254761,0.9606217152404786,5107441.0,15.5125,25.0,-9.4875,Underutilized
5107453,"Randall, Jayland",New Mexico St.,-0.593552,0.73458046,0.1410284572105408,-5.780971414520264,6.063028448150635,-3.602971441223144,3.885028474853516,5107453.0,22.693103448275863,15.0,7.693103448275863,Overutilized
5107455,"Blackwell, Caleb",UTEP,-1.17745,0.5399976,-0.6374524223327638,-6.559452353668213,5.284547509002685,-4.381452380371094,3.106547535705566,5107455.0,20.012,25.0,-4.988,Optimal
5107474,"Whiting, Jace",Weber St.,-0.871842,0.03831415,-0.8335278512163162,-6.75552758883667,5.0884722738342285,-4.57752785395813,2.9104720621185303,5107474.0,16.15,15.0,1.1499999999999986,Optimal
5107477,"Cunningham, Davion",Morehead St.,-4.14722,0.82365906,-3.323560937614441,-9.24556098815918,2.598438874511719,-7.0675610148620605,0.4204389012145997,5107477.0,23.448275862068964,35.0,-11.551724137931036,Underutilized
5107490,"Bailey, Justin",Georgia,1.68359,-0.61549276,1.0680972388648986,-4.853902752075196,6.990097110595703,-2.6759027787780765,4.812097137298584,5107490.0,14.74516129032258,15.0,-0.2548387096774203,Optimal
5107507,Justin Archer,La Salle,1.15576,-0.9674826,0.188277373561859,-5.733722498168945,6.110277364501953,-3.5557225248718263,3.932277391204834,5107507.0,14.88181818181818,15.0,-0.118181818181819,Optimal
5107508,"Giles, Kenyon",Wichita St.,3.56951,-0.24335252,3.3261574825143816,-2.59584234451294,9.24815751815796,-0.4178423712158201,7.07015754486084,5107508.0,22.76571428571429,35.0,-12.234285714285711,Underutilized
5107514,"Yamazaki, Ibu",Northern Colo.,-1.17866,0.5399374,-0.6387226230239869,-6.560722435150146,5.283277427520752,-4.382722461853027,3.105277454223633,5107514.0,16.882758620689657,15.0,1.882758620689657,Optimal
5107520,"Forrest, Jalen",Southeastern La.,-4.52528,1.5021951,-3.0230848801422123,-8.945084573059082,2.898915289611816,-6.767084838180542,0.7209148394775386,5107520.0,24.662962962962965,15.0,9.662962962962965,Overutilized
5107524,"Peterson, Jaylen",Presbyterian,0.48199,1.3232421,1.8052320682907104,-4.1167677438354495,7.727232118835449,-1.9387677705383304,5.54923214553833,5107524.0,17.743333333333336,25.0,-7.256666666666664,Underutilized
5107530,"Esmeraldo, Mateo",Lipscomb,1.14145,-0.21988636,0.9215636374473573,-5.000436234283447,6.843563628387451,-2.8224362609863283,4.665563655090332,5107530.0,19.410000000000004,25.0,-5.589999999999996,Underutilized
5107563,"Payne, Jack",Idaho,1.11946,0.45157304,1.5710330440616609,-4.3509670362854,7.493032826385498,-2.172966824569702,5.315032853088379,5107563.0,17.24516129032258,25.0,-7.754838709677418,Underutilized
5107567,"Evans, Kyle",UC Irvine,7.76542,0.14871721,7.9141372096967695,1.992137472076416,13.836137334747312,4.170137206954956,11.658137123031617,5107567.0,15.987878787878788,25.0,-9.012121212121212,Underutilized
5107626,"Smith, AJ",Bradley,2.73478,-0.6909242,2.043855772762299,-3.8781440989685056,7.965855763702393,-1.7001441256713865,5.787855790405274,5107626.0,17.712121212121207,25.0,-7.287878787878792,Underutilized
5107627,"Campion, Jack",SIUE,0.0566018,0.081582606,0.1381844058387756,-5.783815585101318,6.06018427756958,-3.605815611804199,3.882184304272461,5107627.0,22.12068965517241,25.0,-2.8793103448275907,Optimal
5107642,"Idada, David",Southeast Mo. St.,-3.07736,-1.2304887,-4.307848657951356,-10.229848708496094,1.6141511541748046,-8.051848735198975,-0.5638488191223145,5107642.0,11.17,5.0,6.17,Overutilized
5107652,"Minor, Damarco",Pittsburgh,3.0873,-0.18604925,2.9012507472515106,-3.0207493927001954,8.823250469970702,-0.8427491809844971,6.645250735092163,5107652.0,15.563636363636364,25.0,-9.436363636363636,Underutilized
5107653,"Staples, Dorion",UMES,-3.00459,0.46838176,-2.5362082374954222,-8.458208049621582,3.3857918130493165,-6.280208076324463,1.2077918397521974,5107653.0,19.55333333333333,25.0,-5.446666666666669,Underutilized
5107655,"Sakenis, Arnas",SIUE,5.44913,-0.53936845,4.909761549358368,-1.0122385607910154,10.831761301879885,1.1657614125061038,8.653761567001343,5107655.0,16.393103448275863,25.0,-8.606896551724137,Underutilized
5107670,"Jones, Reis",Charleston So.,0.288793,0.41456693,0.7033599341087342,-5.21863993762207,6.625359925048828,-3.040639964324951,4.447359951751709,5107670.0,18.90689655172414,25.0,-6.093103448275858,Underutilized
5107700,"Haffner, Cam",Western Ky.,-3.05263,0.78731465,-2.2653153466033937,-8.187315516357422,3.656684346313477,-6.009315304641724,1.4786848498535154,5107700.0,15.903846153846157,5.0,10.903846153846157,Overutilized
5107701,"Malone, Sincere",Nicholls,0.797204,0.10495772,0.9021617221274376,-5.019838350769043,6.824161511901855,-2.841838139053345,4.646161777023315,5107701.0,19.553125,25.0,-5.446874999999999,Underutilized
5107703,"Ellington, Nick",George Mason,1.39301,0.3661084,1.759118387708664,-4.162881513824463,7.681118348846436,-1.984881540527344,5.503118375549317,5107703.0,19.44333333333333,5.0,14.443333333333332,Overutilized
5107704,"Carlesimo, Kyle",Colgate,-2.5875,0.2884744,-2.2990255892276763,-8.221025371551514,3.622974491119385,-6.043025636672974,1.4449745178222655,5107704.0,16.016129032258068,25.0,-8.983870967741932,Underutilized
5107708,"Thomas, Kyle",SIUE,-3.67064,0.8598644,-2.8107755862617494,-8.732775696411133,3.111224166259765,-6.554775484695435,0.9332241929626464,5107708.0,17.73846153846154,25.0,-7.261538461538461,Underutilized
5107768,"Brickner, Isaiah",Idaho,-0.220375,0.16438894,-0.0559860602617263,-5.97798579788208,5.866014064788819,-3.79998606300354,3.68801385307312,5107768.0,25.0375,35.0,-9.9625,Underutilized
5107769,Trace Salton,Marist,0.0802193,-2.095042,-2.014822690280152,-7.93682286003418,3.907177241055298,-5.758822409899903,1.7291772677581787,5107769.0,8.81,15.0,-6.19,Underutilized
5107770,"Daughtry, Jaden",Marist,1.10029,0.92277366,2.0230636592292788,-3.898936093292236,7.945063769378662,-1.7209363584136963,5.767063796081543,5107770.0,19.55862068965517,25.0,-5.441379310344825,Underutilized
5107781,"Appelhans, Braden",Drake,-4.1457,0.47502813,-3.67067187256813,-9.592671893310548,2.251327969360352,-7.4146719200134275,0.0733279960632327,5107781.0,14.52,15.0,-0.4800000000000004,Optimal
5107782,"Dent, Donovan",UCLA,4.93668,1.1285274,6.065207402877808,0.1432077099609374,11.987207572631837,2.321207444839477,9.809207122497558,5107782.0,26.325714285714284,35.0,-8.674285714285716,Underutilized
5107789,"Lancaster, Shane",Alcorn,-1.73345,0.38553545,-1.3479145512104034,-7.269914691162109,4.57408517150879,-5.091914479446411,2.39608519821167,5107789.0,18.803125,25.0,-6.196874999999999,Underutilized
5107792,"Bayless, Braxton",Little Rock,-5.60206,0.5945889,-5.007471124229431,-10.92947117477417,0.9145286878967288,-8.75147120147705,-1.2634712854003904,5107792.0,19.83,25.0,-5.169999999999998,Underutilized
5107797,"Otieno, Paul",Saint Louis,5.76392,-1.5274994,4.236420562667846,-1.6855791302490235,10.158420732421874,0.4924203662109372,7.980420520706176,5107797.0,16.58529411764706,15.0,1.5852941176470594,Optimal
5107804,"Byrd, Miles",San Diego St.,8.55465,0.97898835,9.533638349437714,3.6116382392883306,15.455638101959227,5.789638451004029,13.27763812866211,5107804.0,20.94375,25.0,-4.056250000000002,Optimal
5107807,"Eley, Michael",Hampton,0.923953,-0.010497665,0.9134553349672556,-5.008544501373291,6.835455361297608,-2.830544528076172,4.657455388000488,5107807.0,26.72272727272728,35.0,-8.277272727272724,Underutilized
5107811,"Coyle, Brendan",Siena,-1.33659,0.78895456,-0.5476354440116882,-6.469635196533203,5.374364666137695,-4.291635461654663,3.196364692840576,5107811.0,15.394285714285711,25.0,-9.605714285714289,Underutilized
5107813,"Torbor, Leo",A&M-Corpus Christi,-1.09425,0.5605872,-0.533662772655487,-6.455662525177002,5.388337337493897,-4.277662790298462,3.2103373641967776,5107813.0,17.579310344827586,15.0,2.5793103448275865,Optimal
5107819,"Ford, Dominique",San Diego,-3.10782,0.17314443,-2.934675570077896,-8.856675590820313,2.987324271850586,-6.678675617523194,0.809324298553467,5107819.0,17.52413793103448,25.0,-7.475862068965519,Underutilized
5107824,"Burris, Nigel",Weber St.,-0.537051,-0.14342554,-0.6804765391359329,-6.602476395965576,5.241523466705322,-4.424476422668457,3.063523493408203,5107824.0,19.58333333333333,15.0,4.583333333333329,Optimal
5107830,"Arington, Maleek",Seattle U,3.0015,0.39249718,3.393997181892395,-2.528002868652344,9.315996994018557,-0.3500028953552245,7.137997020721436,5107830.0,13.16060606060606,15.0,-1.83939393939394,Optimal
5107841,"Kerr, Isaiah",Hawaii,0.3587,-0.09818975,0.2605102511763573,-5.661489762115479,6.18251010055542,-3.48348978881836,4.004510127258301,5107841.0,16.803333333333335,15.0,1.8033333333333343,Optimal
5107843,"Colceag, Luca",UT Martin,-2.7825,-0.13509713,-2.91759713113308,-8.839596958160401,3.004402904510498,-6.661596984863282,0.8264029312133787,5107843.0,19.2,15.0,4.199999999999999,Optimal
5107844,"Miller, Jed",Montana St.,6.03173,-1.1209868,4.910743180732727,-1.011256869812012,10.832742992858886,1.166743103485107,8.654743019561767,5107844.0,20.437931034482755,25.0,-4.562068965517245,Optimal
5107851,"Abelman, Ryan",Northern Ariz.,-0.687337,0.7226355,0.0352985075836181,-5.8867016621704105,5.957298200500488,-3.708701450454712,3.779298704040528,5107851.0,18.362962962962964,15.0,3.362962962962964,Optimal
5107857,"Reynolds, Langston",Minnesota,0.654137,0.41747114,1.0716081406230926,-4.850391999328613,6.993607863342286,-2.672391787612915,4.815607890045166,5107857.0,23.00909090909091,15.0,8.009090909090911,Overutilized
5107858,"Wisne, Brock",Northern Colo.,1.78493,0.3444442,2.1293741854953767,-3.792625656433105,8.051374206237792,-1.6146256831359864,5.873374232940674,5107858.0,24.86896551724138,35.0,-10.13103448275862,Underutilized
5107860,"Shaw, Caleb",Grand Canyon,2.88072,-0.7757175,2.105002503128052,-3.816997666625976,8.027002196044922,-1.638997216491699,5.849002461166382,5107860.0,17.561904761904763,25.0,-7.438095238095235,Underutilized
5107864,"Falslev, Mason",Utah St.,8.75309,-1.3189608,7.434129214134217,1.512129402008057,13.356129264678955,3.690129375305176,11.178129291381836,5107864.0,22.888571428571428,25.0,-2.111428571428572,Optimal
5107866,"Powell, Caden",Baylor,6.76686,-1.9561985,4.810661546096802,-1.1113386236572262,10.732661477432252,1.066661826477051,8.554661504135133,5107866.0,14.166666666666666,5.0,9.166666666666666,Overutilized
5107870,"Nelson, Maximus",Purdue Fort Wayne,-2.63957,-0.6029291,-3.24249911529541,-9.164499046630858,2.679500816040039,-6.98649907333374,0.50150084274292,5107870.0,12.72413793103448,15.0,-2.27586206896552,Optimal
5107872,"Palm, Jerome",Kansas City,-5.35815,1.8812966,-3.476853365325928,-9.398853296661375,2.4451465660095213,-7.220853323364258,0.2671465927124021,5107872.0,17.764285714285712,15.0,2.7642857142857125,Optimal
5107877,"Clay, Steven",Southern Ind.,-3.19656,-0.3115877,-3.508147691307068,-9.430147741851806,2.413852120819092,-7.252147768554687,0.2358521475219728,5107877.0,13.12857142857143,15.0,-1.87142857142857,Optimal
5107878,"Jones, CJ",Kansas St.,-2.56456,1.0003467,-1.5642133393859865,-7.486213270721436,4.357786591949463,-5.308213297424317,2.179786618652344,5107878.0,14.545161290322582,25.0,-10.454838709677418,Underutilized
5107879,"Saragba, Bessanty",Delaware St.,-7.16847,0.09523752,-7.073232476682663,-12.995232199401856,-1.1512323367309572,-10.817232464523316,-3.3292325484466554,5107879.0,9.41818181818182,5.0,4.41818181818182,Optimal
5107880,"Fens, Cameron",South Dakota,-1.06678,2.437097,1.3703170726013183,-4.5516828587341305,7.29231652709961,-2.373682885437012,5.114317030639649,5107880.0,26.810344827586206,35.0,-8.189655172413794,Underutilized
5107885,"Hornecker, Cade",Abilene Christian,-1.58481,0.966155,-0.6186550074195862,-6.540654879150391,5.303344983520508,-4.362654905853272,3.1253450102233886,5107885.0,20.05,15.0,5.049999999999997,Overutilized
5107887,"Campbell, Trey",UNI,4.34863,0.3678061,4.716436106805801,-1.2055639735412598,10.63843588912964,0.9724362381744384,8.46043591583252,5107887.0,24.654285714285717,25.0,-0.345714285714287,Optimal
5107890,"Edwards, Jaxon",IU Indy,-1.19716,0.036676664,-1.1604833360946178,-7.08248304763794,4.761516815032959,-4.9044833127594,2.5835166033172605,5107890.0,22.882142857142863,25.0,-2.1178571428571367,Optimal
5107891,"Stacker, Braxton",Southeast Mo. St.,-1.1988,0.24519043,-0.9536095732927324,-6.875609310913086,4.968390551757812,-4.697609576034546,2.790390340042114,5107891.0,20.65666666666667,25.0,-4.34333333333333,Optimal
5107895,Brian Moore Jr.,Grand Canyon,0.891642,-0.68734914,0.2042928593559265,-5.717707250793457,6.1262926118774415,-3.539707277496338,3.948292876998901,5107895.0,18.282758620689656,25.0,-6.7172413793103445,Underutilized
5107896,Samuel Murray,Mississippi Valley State,-3.86981,0.087944165,-3.781865835127831,-9.703865900573732,2.140133962097168,-7.525865688858032,-0.0378657727813722,5107896.0,18.571428571428573,15.0,3.571428571428573,Optimal
5107899,"Mayo Jr., Damien",Southern Ill.,3.93605,-1.3184901,2.6175598524093626,-3.304439959716797,8.539559902954101,-1.126439986419678,6.361559929656982,5107899.0,17.219999999999995,25.0,-7.780000000000005,Underutilized
5107903,"Benson, N.J.",DePaul,4.27713,-0.2822776,3.9948523861217495,-1.9271475154113773,9.91685234725952,0.2508524578857418,7.738852373962402,5107903.0,21.01875,15.0,6.018750000000001,Overutilized
5107904,"Martin, Rob",High Point,0.762471,-0.5609691,0.2015018856964111,-5.7204982840576175,6.123501578613281,-3.54249783392334,3.945501843734741,5107904.0,28.334375,35.0,-6.665625000000002,Underutilized
5107963,"Alia, Andrew",Drake,0.648355,-0.68490326,-0.0365482640457153,-5.9585480761718745,5.885451786499024,-3.780548102874756,3.707451813201904,5107963.0,11.077419354838709,15.0,-3.922580645161293,Optimal
5107966,"Biliew, Goanar",Western Ill.,-9.93397,1.424148,-8.509822036476136,-14.431821848602295,-2.587821985931397,-12.253821875305176,-4.765821959228516,5107966.0,15.917857142857144,25.0,-9.082142857142856,Underutilized
5107968,"Gillespie, Ja'Kobi",Tennessee,8.60623,-0.5629233,8.043306687812805,2.1213066372680665,13.965306499938963,4.299306610565186,11.787306526641846,5107968.0,25.86216216216216,35.0,-9.13783783783784,Underutilized
5107969,"VanderJagt, Kyler",Toledo,-1.863,-0.111561276,-1.9745612760186195,-7.89656122970581,3.947438632965088,-5.718561256408691,1.7694386596679688,,,,,Unknown
5107970,"Tyson, Cade",Minnesota,5.17954,0.2365834,5.416123396792412,-0.5058766984558103,11.338123164215087,1.672123513259888,9.160123429336547,5107970.0,24.234375,35.0,-10.765625,Underutilized
5107975,George Beale Jr.,UCF,-1.62713,1.2104173,-0.4167127293395996,-6.338712660675049,5.505287201995849,-4.16071268737793,3.3272872286987303,5107975.0,19.44,5.0,14.44,Overutilized
5107976,"Doumbia, Jack",Towson,0.932764,0.76490927,1.6976732674255373,-4.224326663909912,7.619673198760986,-2.046326690612793,5.441673225463867,5107976.0,29.08333333333333,25.0,4.083333333333332,Optimal
5107977,"Lawson, Rob",Morgan St.,-6.55036,2.199589,-4.350770985946656,-10.272770917282106,1.5712287069702144,-8.094770943984987,-0.6067707894897465,5107977.0,23.14074074074074,15.0,8.140740740740739,Overutilized
5107986,"Okojie, Ose",Howard,1.91642,-1.5375963,0.378823655052185,-5.543176157073974,6.300823705596924,-3.3651761837768555,4.122823732299805,5107986.0,18.138709677419357,25.0,-6.861290322580647,Underutilized
5107999,"Burton, Max",Western Mich.,-1.60529,0.36572734,-1.2395626647853852,-7.161562506713867,4.682437355957031,-4.983562533416748,2.504437382659912,5107999.0,14.260714285714286,15.0,-0.7392857142857139,Optimal
5108006,"Simmons, Javan",Ohio,0.682739,1.0433468,1.7260857626571655,-4.195914049468994,7.648085813201904,-2.0179140761718752,5.470085839904785,5108006.0,27.506896551724136,35.0,-7.493103448275864,Underutilized
5108009,"Sheldon, Ajay",Ohio,0.0600682,-0.49297994,-0.4329117437522888,-6.354911734692383,5.489088127978516,-4.176911761395264,3.3110881546813964,5108009.0,12.819999999999997,15.0,-2.1800000000000037,Optimal
5108010,"James, Elmore",Ball St.,-4.86394,0.82973576,-4.03420424407959,-9.95620417541504,1.887795687255859,-7.77820420211792,-0.2902042860412601,5108010.0,17.620689655172413,15.0,2.620689655172413,Optimal
5108011,"Hadaway, Aidan",Ohio,0.365047,1.7904195,2.1554664593429567,-3.766533352783203,8.077466509887696,-1.5885334986953734,5.899466536590576,5108011.0,22.60333333333333,15.0,7.603333333333332,Overutilized
5108022,"Amos, Xavier",Loyola Chicago,-2.91232,1.0182525,-1.894067508049011,-7.816067558593749,4.027932304077149,-5.63806758529663,1.8499323307800293,5108022.0,23.121052631578948,25.0,-1.878947368421052,Optimal
5108023,"Coit, David",Maryland,1.81968,1.274663,3.094342971496582,-2.8276569598388672,9.016342902832031,-0.6496569865417481,6.838342929534912,5108023.0,25.748484848484846,35.0,-9.251515151515154,Underutilized
5108028,"Smith, Billy",Chattanooga,-5.40614,1.3022547,-4.103885323181152,-10.025885254516602,1.8181146081542967,-7.847885281219482,-0.359885365142822,5108028.0,19.893103448275863,15.0,4.893103448275866,Optimal
5108029,"Mabrey, Ryan",Maine,-5.12811,0.6505901,-4.477519878253937,-10.39951998840332,1.4444798742675775,-8.221519776687622,-0.7335200990295414,5108029.0,16.33103448275862,15.0,1.3310344827586214,Optimal
5108030,"Morris, Jaquel",Norfolk St.,-0.533153,-0.26062658,-0.7937795842914581,-6.7157797242431645,5.128220138427734,-4.537779750946045,2.9502204035491943,5108030.0,13.814285714285717,15.0,-1.185714285714285,Optimal
5108043,"Ajiboye, Ola",Southern Ind.,-1.27099,-0.06276195,-1.3337519475126267,-7.255751714935303,4.588248147735595,-5.077751980056763,2.410247936019897,5108043.0,14.128571428571428,5.0,9.128571428571428,Overutilized
5108045,"Harding, Markus",Indiana St.,-4.8899,2.325054,-2.564846069717407,-8.486846001052857,3.357154100036621,-6.308846027755737,1.1791536499023438,5108045.0,20.500000000000004,15.0,5.500000000000004,Overutilized
5108046,Emil Skytta,North Dakota State,-1.02791,-1.6035559,-2.6314659177398685,-8.553465610656739,3.29053425201416,-6.375466114196778,1.1125340402984618,5108046.0,14.195833333333333,15.0,-0.8041666666666671,Optimal
5108048,Ubong-Abasi Etim,SE Louisiana,-5.97581,2.0906026,-3.88520736366272,-9.807207294998168,2.0367928060913085,-7.62920732170105,-0.1412076440429688,5108048.0,7.913333333333333,5.0,2.913333333333333,Optimal
5108049,"McComb III, Anthony",Norfolk St.,-3.47931,0.7635434,-2.715766573009491,-8.637766325531006,3.2062335371398927,-6.459766590652466,1.0282335638427735,5108049.0,23.475,25.0,-1.525000000000002,Optimal
5108050,"Felt, Jamai",Temple,1.72289,-0.4903193,1.232570688381195,-4.68942918334961,7.154570679321289,-2.51142921005249,4.9765707060241695,5108050.0,17.439999999999998,25.0,-7.560000000000002,Underutilized
5108059,"Johnson, Tavari",Akron,2.87345,-0.29259068,2.5808593222618104,-3.341140549468994,8.502859313201904,-1.163140576171875,6.324859339904785,5108059.0,27.824242424242424,25.0,2.824242424242424,Optimal
5108060,"Lyles, Amani",Akron,5.09933,-0.19586329,4.903466708378792,-1.0185331782531737,10.825466684417725,1.1594667950439457,8.647466711120606,5108060.0,25.524242424242424,35.0,-9.475757575757576,Underutilized
5108062,"Prather Jr., Ryan",Robert Morris,3.98652,-1.2424173,2.744102664489746,-3.177897266845703,8.666102595825196,-0.999897293548584,6.488102622528077,5108062.0,20.580645161290324,25.0,-4.419354838709676,Optimal
5108069,"Bolden, Jalen",Texas St.,-2.17454,-1.0201893,-3.19472928527832,-9.11672921661377,2.727270646057129,-6.938729243316651,0.5492706727600098,5108069.0,18.3,15.0,3.3000000000000007,Optimal
5108073,"Amboree, Cam",Southern U.,-4.36794,1.4428545,-2.9250854763412475,-8.847085526885987,2.996914335784912,-6.669085553588867,0.818914362487793,5108073.0,20.992000000000004,25.0,-4.007999999999996,Optimal
5108080,"Pennebaker, Cody",Lamar University,0.567405,-0.35329118,0.2141138162899017,-5.707885966033936,6.136113896636963,-3.5298859927368165,3.9581136849212646,5108080.0,15.1551724137931,25.0,-9.8448275862069,Underutilized
5108081,"Calmese, Nate",Wake Forest,2.21885,-0.04707148,2.1717785207390787,-3.7502213882446287,8.09377847442627,-1.5722214149475096,5.91577850112915,5108081.0,22.04615384615384,35.0,-12.953846153846158,Underutilized
5108082,"Buckley, Jakevion",New Orleans,-0.308237,1.8962909,1.588053898323059,-4.33394615222168,7.510053710449219,-2.155946059715271,5.3320537371521,5108082.0,26.359375,25.0,1.359375,Optimal
5108085,"Thirdkill, Jr., Jason",Jacksonville,0.451942,0.19926153,0.6512035312337876,-5.270796265991211,6.573203596679687,-3.092796531112671,4.395203384963989,5108085.0,16.9,25.0,-8.100000000000001,Underutilized
5108086,"Yamanouchi-Williams, Yuto",Oral Roberts,-6.04494,1.787427,-4.257513051452637,-10.179512982788086,1.664486879882812,-8.001513009490967,-0.5135130934143071,5108086.0,24.25172413793104,25.0,-0.7482758620689616,Optimal
5108091,"Entenmann, Magnus",Kent St.,0.0877034,-0.80400723,-0.7163038321891785,-6.638303584710694,5.205696277960205,-4.460303611413575,3.027696066244507,5108091.0,10.603225806451611,5.0,5.603225806451613,Overutilized
5108092,"Maiden, London",Detroit Mercy,-3.63628,1.3325833,-2.3036966917800905,-8.22569650390625,3.618303358764648,-6.047696530609131,1.4403033854675291,5108092.0,20.603448275862068,35.0,-14.396551724137932,Underutilized
5108093,"Gillespie, Delrecco",Kent St.,1.96987,0.58400655,2.5538765479278567,-3.368123621826172,8.475876240844727,-1.1901234101104736,6.297876744384766,5108093.0,26.796875,15.0,11.796875,Overutilized
5108101,Lamine Niang,UT Martin,-2.52734,-0.11639197,-2.643731971707344,-8.565732066955567,3.278267795715332,-6.387731855239869,1.100268060836792,5108101.0,13.009090909090908,5.0,8.009090909090908,Overutilized
5108105,"Panov, Victor",Drexel,2.71046,-0.779803,1.930657021961212,-3.991342730560303,7.852657132110595,-1.813342757263184,5.674656920394897,5108105.0,18.48333333333333,25.0,-6.516666666666666,Underutilized
5108120,"Bryan, Tyeree",Texas Tech,3.95266,-0.1411488,3.8115111943817137,-2.1104884985351564,9.733511364135742,0.0675112363433836,7.555511152420044,5108120.0,9.563636363636364,15.0,-5.436363636363636,Underutilized
5108121,"Briggs, Kheni",New Haven,-3.91465,-0.13098732,-4.04563731637001,-9.967637098693848,1.8763627639770508,-7.789637363815308,-0.3016374477386474,5108121.0,18.884,25.0,-6.116,Underutilized
5108122,"Johnson, RJ",Rhode Island,-3.77852,0.5121827,-3.266337287445068,-9.188337218780518,2.655662643890381,-7.010337245483399,0.4776626705932618,5108122.0,16.006666666666668,25.0,-8.993333333333332,Underutilized
5108141,"Dell'Orso, Anthony",Arizona,5.27952,-0.26394355,5.0155764470291135,-0.9064236035156252,10.937576259155271,1.271576369781494,8.759576285858154,5108141.0,18.41794871794872,25.0,-6.582051282051282,Underutilized
5108143,"Dockery, Chris",Kansas City,-5.65671,1.6869522,-3.969757766685486,-9.891757817230223,1.9522420454406733,-7.713757843933106,-0.2257579278564456,5108143.0,18.388461538461534,15.0,3.388461538461538,Optimal
5108145,Louie Jordan,Radford,-4.94778,1.0738411,-3.8739389050292967,-9.795938836364746,2.0480610263061525,-7.617938863067627,-0.1299389469909666,5108145.0,15.715384615384616,5.0,10.715384615384616,Overutilized
5108148,"Rouzan, Daniel",Bethune-Cookman,-2.68661,1.4613837,-1.2252262996292114,-7.147226111755371,4.696773750915527,-4.969226138458252,2.5187737776184083,5108148.0,24.18064516129032,25.0,-0.8193548387096783,Optimal
5108150,"Farrell, Cole",Long Beach St.,-5.13985,1.6029527,-3.536897281265259,-9.458896974182128,2.385102888488769,-7.280897239303589,0.2071024383544921,5108150.0,19.886666666666663,15.0,4.886666666666663,Optimal
5108718,"McGhee III, Marvin",UTRGV,2.00063,-0.8964174,1.1042126206207277,-4.817787549133301,7.026212313537598,-2.639787098999024,4.848212578659058,5108718.0,14.57741935483871,25.0,-10.42258064516129,Underutilized
5108719,"Watson, Kaseem",UTEP,-1.94234,0.8720956,-1.0702444151306152,-6.992244346466064,4.851755516204834,-4.814244373168945,2.673755542907715,5108719.0,22.05,15.0,7.050000000000001,Overutilized
5108720,Kareem Watson,Delaware State,-10.456,3.6058629,-6.850137144088745,-12.772137075424194,-0.9281374511718744,-10.594137102127076,-3.1061369476318355,5108720.0,24.258823529411764,25.0,-0.7411764705882362,Optimal
5108759,Kanye Jones,South Carolina Upstate,-7.91361,2.9823112,-4.931298751220703,-10.853298682556153,0.9907011801147458,-8.675298709259033,-1.1872987931823733,5108759.0,7.040000000000001,15.0,-7.959999999999999,Underutilized
5108762,"Jack, Isaac",Pacific,3.14429,-0.4127035,2.7315864859008787,-3.1904134454345705,8.653586417236328,-1.0124134721374514,6.475586443939209,5108762.0,17.483870967741936,15.0,2.483870967741936,Optimal
5108764,"Lovejoy, Orlando",Detroit Mercy,0.906882,0.8225696,1.7294516086883545,-4.192548084228516,7.651451778442382,-2.014548349349976,5.473451328308105,5108764.0,26.41333333333333,25.0,1.4133333333333304,Optimal
5108770,"Muniz, Jevin",Colorado St.,3.55311,-0.4387634,3.114346590147018,-2.807653549804688,9.036346312866211,-0.6296535765075681,6.858346577987671,5108770.0,19.206060606060603,25.0,-5.793939393939397,Underutilized
5108775,"Johnson, Dionte",N.C. Central,-2.577,-0.31839675,-2.895396747112274,-8.817396499633789,3.0266033630371094,-6.63939652633667,0.8486031513214112,5108775.0,19.314285714285717,25.0,-5.685714285714287,Underutilized
5108777,Toby Nnadozie,Jacksonville State,-6.08918,1.9288611,-4.160318858795166,-10.082318790130614,1.7616810725402834,-7.904318816833496,-0.4163189007568357,5108777.0,14.247619047619049,5.0,9.247619047619049,Overutilized
5108778,Troy Hupstead,Texas Southern,-1.57808,0.64829785,-0.9297821536827088,-6.851782144622803,4.992217718048096,-4.673782171325684,2.8142177447509766,5108778.0,24.404347826086955,25.0,-0.5956521739130451,Optimal
5108786,"Moncrief, Chris",Saint Francis,-5.6152,0.5423366,-5.072863416862488,-10.994863467407226,0.8491363952636721,-8.816863494110107,-1.328863578033447,5108786.0,18.895238095238096,25.0,-6.104761904761904,Underutilized
5108789,"McIntire, Logan",Central Mich.,-0.689262,-0.40138862,-1.0906506153697968,-7.012650576507569,4.83134928616333,-4.8346506032104495,2.6533493128662107,5108789.0,18.192857142857143,15.0,3.192857142857143,Optimal
5108796,"Egbuniwe, Daniel",St. Bonaventure,0.233665,-0.6234748,-0.3898097767448425,-6.311809529266357,5.532190333404541,-4.133809555969238,3.354190121688843,5108796.0,17.45,15.0,2.4499999999999997,Optimal
5108799,Ante Beljan,UIC,-6.68263,2.619912,-4.062718090896606,-9.984718022232055,1.8592820788574225,-7.806718048934936,-0.3187183712768551,5108799.0,20.183333333333334,25.0,-4.816666666666666,Optimal
5108806,"Davis, Learic",USC Upstate,-1.58301,0.3452057,-1.237804305562973,-7.159804147491455,4.684195715179444,-4.981804174194336,2.5061957418823244,5108806.0,18.788,15.0,3.788,Optimal
5108809,"Benson, Coleton",New Orleans,-0.28069,0.8149945,0.5343045139884949,-5.387695596160889,6.45630426651001,-3.2096953844451903,4.278304293212891,5108809.0,20.303030303030305,25.0,-4.696969696969696,Optimal
5108810,"Everson, Jorn",Army West Point,-6.43913,1.1782569,-5.2608731306838985,-11.182872942810056,0.6611269198608403,-9.004872969512938,-1.5168730534362789,5108810.0,20.75333333333333,25.0,-4.246666666666666,Optimal
5108811,"Roberts, Ethan",Penn,-0.614192,1.0764788,0.4622868389205933,-5.459712973205567,6.384286889465332,-3.281712999908448,4.206286916168213,5108811.0,26.372727272727275,25.0,1.3727272727272748,Optimal
5108826,"Lewis, Robert",Lindenwood,-4.18671,-0.02429193,-4.21100193072021,-10.133001923522947,1.7109979391479495,-7.95500195022583,-0.4670020341491696,5108826.0,12.203333333333337,15.0,-2.7966666666666637,Optimal
5108877,"Zanoni, Michael",Penn,-0.765648,-0.22765872,-0.9933067188243866,-6.915306679962158,4.928693182708741,-4.737306706665039,2.750693209411621,5108877.0,16.72758620689655,25.0,-8.27241379310345,Underutilized
5108879,"Sparks, Braden",Fairfield,0.0716727,0.7561227,0.8277954083206177,-5.094204642224121,6.749795220446777,-2.916204668927002,4.571795247149658,5108879.0,24.542424242424243,25.0,-0.4575757575757571,Optimal
5108891,"Payne III, Stephon",Seton Hall,5.9394,-0.1364927,5.802907300615311,-0.1190926605224609,11.724907202148437,2.058907312774658,9.546907228851316,5108891.0,16.912121212121217,25.0,-8.087878787878783,Underutilized
5108908,"Hill, Reggie",Coastal Carolina,-2.86812,0.61858064,-2.249539360637665,-8.171539113159179,3.672460749511719,-5.993539378280639,1.4944607762145998,5108908.0,16.020000000000003,25.0,-8.979999999999997,Underutilized
5108909,"Williams, Greedy",UNCW,3.18806e-05,-0.58505595,-0.5850240667037719,-6.507023878829932,5.336975983840967,-4.329023905532813,3.158976010543848,5108909.0,16.94375,25.0,-8.056249999999999,Underutilized
5108915,"Pissis, Sami",Alabama A&M,-1.91344,0.15607345,-1.7573665489578247,-7.679366361083984,4.1646335015869145,-5.501366387786865,1.986633528289795,5108915.0,21.853571428571424,35.0,-13.146428571428576,Underutilized
5108917,"Rowbury, Brody",Idaho,1.65933,-0.23597579,1.4233542129564285,-4.498645673675537,7.345354188995361,-2.320645700378418,5.167354215698242,5108917.0,15.187878787878788,15.0,0.1878787878787875,Optimal
5108925,"Dodd, Alonzo",App State,1.42362,0.5424862,1.9661061907958983,-3.955893740539551,7.888106122131347,-1.7778937672424315,5.710106148834228,5108925.0,26.186666666666664,35.0,-8.813333333333336,Underutilized
5108930,"Brewer, Jr., Jerome",La Salle,0.994333,-0.03199027,0.9623427289383412,-4.95965698260498,6.884342880065918,-2.7816572477264403,4.70634266835022,5108930.0,19.688888888888886,15.0,4.688888888888886,Optimal
5108969,"Jones, Lajae",Florida St.,5.10566,0.07634739,5.182007388327122,-0.7399925802612302,11.104007282409668,1.438007393035889,8.92600730911255,5108969.0,19.142424242424244,25.0,-5.857575757575756,Underutilized
5108973,"Clark, Garry",Utah St.,6.19484,-1.6390018,4.555838153686524,-1.3661617776489257,10.477838085021972,0.8118381956481935,8.299838111724853,5108973.0,17.062857142857144,15.0,2.062857142857144,Optimal
5108983,"Alexander, Jaden",CSU Bakersfield,-4.96441,1.2435703,-3.720839672241211,-9.64283960357666,2.2011602590942383,-7.464839630279541,0.0231602857971191,5108983.0,21.10555555555556,25.0,-3.894444444444442,Optimal
5108991,"Conner, Jacob",Dayton,1.63022,-0.5871385,1.0430815260124209,-4.878918584136963,6.965081278533935,-2.700918610839844,4.787081543655395,5108991.0,11.380555555555556,5.0,6.380555555555555,Overutilized
5108992,"Handlogten, Micah",Florida,11.8841,-0.3571705,11.52692950758934,5.604929486846924,17.448929349517822,7.782929460144043,15.270929376220703,5108992.0,13.782352941176471,25.0,-11.217647058823529,Underutilized
5109019,"Rohde, Andrew",Wisconsin,4.58053,-0.1145221,4.466007900505066,-1.455991911621093,10.388007951049804,0.7220080616760258,8.210007977752685,5109019.0,13.76764705882353,15.0,-1.2323529411764709,Optimal
5109020,"Bjerke, Carter",St. Thomas (MN),1.48191,-0.7136604,0.7682495810127259,-5.153750171508789,6.690249691162109,-2.97575019821167,4.512249479446411,5109020.0,15.093548387096773,15.0,0.0935483870967726,Optimal
5109033,"Mukeba, Allen",Arizona St.,5.06013,-0.41434187,4.645788133029938,-1.2762118579101562,10.567788004760745,0.9017881153869628,8.389788031463624,5109033.0,17.781818181818185,25.0,-7.218181818181815,Underutilized
5109034,"Andrews, Tyler",Bethune-Cookman,-0.274842,-0.653014,-0.9278560042304992,-6.849856114379882,4.994143748291016,-4.671856141082763,2.816144013412476,5109034.0,14.32,25.0,-10.68,Underutilized
5109771,Faheim Meran,Long Island University,-2.92672,-0.690812,-3.617531991691589,-9.539532042236328,2.3044678204345703,-7.361532068939208,0.1264678471374511,5109771.0,12.888888888888888,5.0,7.888888888888887,Overutilized
5109782,"Hayman, Matt",Arkansas St.,-0.38871,0.28210837,-0.1066016335105896,-6.028601624450683,5.815398238220215,-3.850601651153565,3.637398264923096,5109782.0,24.534482758620687,25.0,-0.4655172413793131,Optimal
5109787,"Akametu, Kosy",Iona,-4.10442,1.0014074,-3.103012615127564,-9.025012308044436,2.8189875546264647,-6.847012573165894,0.6409871044921873,5109787.0,24.458620689655174,35.0,-10.541379310344826,Underutilized
5109789,"Ensminger, Jake",Santa Clara,7.46656,-1.7711375,5.695422524032593,-0.226577168884277,11.617422693786622,1.951422327575684,9.439422482070924,5109789.0,10.767741935483873,15.0,-4.232258064516127,Optimal
5109790,"Tilly, Christoph",Ohio St.,5.62851,0.8075245,6.436034502277375,0.5140347497558597,12.358034612426758,2.6920344846344,10.18003463912964,5109790.0,23.64375,35.0,-11.35625,Underutilized
5110002,"Peggs Jr., Walter",Morgan St.,-4.78276,0.34327766,-4.439482337007522,-10.361482476959228,1.4825173857116702,-8.18348226524353,-0.6954825875854489,5110002.0,20.256,15.0,5.256,Overutilized
5110039,"Washington, Corey",SMU,4.28399,-0.4338423,3.850147698631287,-2.071852113494873,9.772147749176025,0.1061478598022462,7.594147775878906,5110039.0,17.24705882352941,25.0,-7.752941176470589,Underutilized
5110173,"Mortle, Zytarious",Texas Southern,-4.3477,0.8303143,-3.5173857213974,-9.439385771942138,2.40461409072876,-7.261385798645019,0.2266141174316409,5110173.0,24.569230769230767,15.0,9.569230769230767,Overutilized
5110696,"Harris, Toby",Iona,-1.30893,-0.12570067,-1.4346306675004958,-7.35663040512085,4.487369457550049,-5.17863067024231,2.3093692458343504,5110696.0,17.43125,25.0,-7.568750000000001,Underutilized
5111629,Jacob Dar,Seton Hall,2.62595,-1.2236238,1.402326247406006,-4.519673683929444,7.324326178741455,-2.341673710632324,5.146326205444336,5111629.0,12.01290322580645,5.0,7.0129032258064505,Overutilized
5111902,"Yetna, Franck",A&M-Corpus Christi,3.5403,-1.243486,2.296813953208923,-3.625185858917237,8.218814003753662,-1.4471858856201174,6.040814030456543,5111902.0,17.9,15.0,2.8999999999999986,Optimal
5111919,"Simpson, Jamir",UTSA,-3.51542,1.0534006,-2.462019364280701,-8.38401941482544,3.4599804478454588,-6.206019441528321,1.2819804745483396,5111919.0,24.596428571428568,25.0,-0.403571428571432,Optimal
5112181,"Ballard, Rickey",Grambling,0.754582,-1.23121,-0.4766279933624268,-6.398627686279297,5.445372176391602,-4.220628189819336,3.2673719646759034,5112181.0,13.56451612903226,15.0,-1.4354838709677402,Optimal
5112187,"Lane, Jimel",Grambling,-3.12295,1.1366837,-1.986266297531128,-7.908266467285156,3.9357333953857423,-5.7302662555694575,1.7577338989257814,5112187.0,20.388461538461534,15.0,5.388461538461538,Overutilized
5112189,Nordin Kapic,South Carolina,-1.10265,0.59796876,-0.5046812428474425,-6.426681352996826,5.417318509674073,-4.248681141281128,3.239318536376953,5112189.0,16.69545454545454,5.0,11.695454545454542,Overutilized
5112245,Mohamad Diallo,Rider,-8.40183,3.7986915,-4.6031384888458255,-10.525138420181277,1.3188616809082028,-8.347138446884156,-0.8591387692260746,5112245.0,17.87222222222222,5.0,12.87222222222222,Overutilized
5112334,"McKenna, Ezra",Buffalo,-2.83378,0.5259397,-2.307840297012329,-8.2298399899292,3.6141598727416993,-6.051840255050659,1.436159422607422,5112334.0,14.22,25.0,-10.78,Underutilized
5112342,Eric Morgan Jr.,Saint Peter's,-6.24017,0.63017374,-5.609996257228851,-11.531996248168944,0.3120036145019531,-9.353996274871824,-1.865996358795166,5112342.0,15.02,5.0,10.02,Overutilized
5112412,"Glover II, Troy",Bowling Green,3.12812,-0.47341684,2.654703164930344,-3.267296736602783,8.576703126068114,-1.089296763305664,6.398703152770996,5112412.0,15.57586206896552,25.0,-9.42413793103448,Underutilized
5113141,Bo Barber,Gardner-Webb,-8.93272,2.0198848,-6.912835175247192,-12.83483510658264,-0.9908350054931638,-10.656835133285522,-3.168835455627441,5113141.0,12.086666666666664,15.0,-2.913333333333336,Optimal
5113385,"Boylan, Kellan",Lipscomb,-2.63658,0.19097899,-2.445601010994911,-8.3676009274292,3.4763989352417,-6.18960095413208,1.2983989619445802,5113385.0,15.173333333333334,15.0,0.1733333333333337,Optimal
5113390,"McCreary, Marcell",UT Arlington,3.67233,-0.72382337,2.948506631450653,-2.9734934786987304,8.870506383972169,-0.7954935054016112,6.6925066490936285,5113390.0,21.14666666666666,15.0,6.146666666666661,Overutilized
5113534,"Jackson, Javon",Murray St.,-1.14908,0.3869536,-0.7621264076995851,-6.684126577453613,5.1598732852172855,-4.506126365737915,2.981873788757324,5113534.0,31.09696969696969,35.0,-3.9030303030303095,Optimal
5113969,"Carr, Cameron",Baylor,6.0069,0.59562707,6.6025270694732665,0.6805268997192382,12.524526762390137,2.8585271114349364,10.346527265930176,5113969.0,24.4939393939394,15.0,9.493939393939396,Overutilized
5114350,"Okereke, AK",Vanderbilt,5.74101,-0.35781634,5.383193661460877,-0.538806150665283,11.305193712005616,1.639193822631836,9.127193738708495,5114350.0,17.347222222222218,25.0,-7.652777777777782,Underutilized
5114447,Marshal Destremau,UT Rio Grande Valley,0.812585,0.08987741,0.9024624117231368,-5.0195373258972165,6.824462536773682,-2.841537591018677,4.646462325057984,5114447.0,18.814285714285717,15.0,3.814285714285713,Optimal
5114809,"Adebisi, Sola",The Citadel,0.395161,-2.0738182,-1.6786572067871095,-7.600657138122559,4.24334272454834,-5.42265716482544,2.065342751251221,5114809.0,15.56296296296296,25.0,-9.43703703703704,Underutilized
5115354,"Scott, Ian",Indiana St.,5.3353,-0.7122926,4.623007388401032,-1.2989926025390623,10.545007260131836,0.8790073707580568,8.367007286834717,5115354.0,19.59333333333333,15.0,4.59333333333333,Optimal
5115357,"Malone, Elijah",Colorado,1.70303,0.09607904,1.7991090365934372,-4.122891058654785,7.721108804016113,-1.9448908469390869,5.543109069137573,5115357.0,15.6,15.0,0.5999999999999996,Optimal
5115446,Nico Ashley,Central Connecticut,-0.909305,-1.2754774,-2.1847824093627928,-8.106782340698242,3.737217521972656,-5.928782367401123,1.559217548675537,5115446.0,13.21875,25.0,-11.78125,Underutilized
5115458,"Craig, Sean",Toledo,1.50454,-0.388849,1.11569100979805,-4.806308712921142,7.037691149749756,-2.6283087396240234,4.859690938034058,5115458.0,17.65,15.0,2.6499999999999986,Optimal
5115866,"Noel, Malcolm",West Ga.,-5.28923,0.9872365,-4.301993500213623,-10.223993431549072,1.6200064311218263,-8.045993458251953,-0.5579935421752928,5115866.0,20.477777777777774,25.0,-4.522222222222222,Optimal
5116128,"Sanchez, Melo",Central Conn. St.,-1.3482,-0.5974243,-1.945624328327179,-7.867624438476563,3.976375424194336,-5.689624465179444,1.7983756893157958,5116128.0,17.500000000000004,25.0,-7.4999999999999964,Underutilized
5116155,"Mullen, Nick",Central Mich.,-0.816692,0.041788466,-0.7749035337252617,-6.696903353302002,5.147096509368897,-4.518903380004883,2.9690965360717776,5116155.0,14.348275862068965,25.0,-10.651724137931035,Underutilized
5116435,"Johnson, Jikari",Chattanooga,-1.8675,-1.1186033,-2.9861033487319943,-8.908103160858154,2.9358967018127444,-6.730103187561035,0.7578967285156251,5116435.0,20.83846153846154,25.0,-4.161538461538459,Optimal
5116468,"Holifield, Andrew",Lamar University,1.70212,0.31534153,2.017461532230377,-3.904538458709717,7.939461403961181,-1.7265384854125976,5.761461430664062,5116468.0,21.35172413793104,25.0,-3.648275862068964,Optimal
5116500,"Sanders, Grant",Nicholls,-0.742527,-0.8393809,-1.581907919933319,-7.503907672454834,4.3400921902160645,-5.325907699157715,2.1620919785003663,5116500.0,13.961290322580645,5.0,8.961290322580645,Overutilized
5116517,Daniel Helterhoff,Rider,-8.54928,0.47989926,-8.069380742578506,-13.991380524902343,-2.147380662231445,-11.813380790023803,-4.325380635528564,5116517.0,20.608695652173918,35.0,-14.391304347826086,Underutilized
5117583,"Oladokun Jr., Jimmy",Rice,-1.83844,1.2920855,-0.5463544716262818,-6.468354283752442,5.375645578918457,-4.290354310455323,3.1976456056213376,5117583.0,17.386206896551723,25.0,-7.613793103448277,Underutilized
5117606,Parker Gerrits,Washington State,2.3332,-2.0002995,0.3329005462646486,-5.589099385070801,6.254900477600097,-3.411099411773681,4.076900504302978,5117606.0,12.27,15.0,-2.729999999999998,Optimal
5117627,"Carmichael, Pearson",Boise St.,0.943772,0.9946804,1.938452404663086,-3.9835475266723632,7.860452335998535,-1.805547553375244,5.682452362701416,5117627.0,20.03793103448276,25.0,-4.96206896551724,Optimal
5117648,"Natt, Kashie",Sam Houston,7.79907,-0.35356966,7.445500343389511,1.5235005610656742,13.367500423736573,3.701500534362794,11.189500212020874,5117648.0,20.251612903225805,25.0,-4.748387096774195,Optimal
5117707,Grady Lewis,Cal State Northridge,-0.327173,-0.11128244,-0.4384554380397796,-6.360455279968262,5.483544582702637,-4.182455306671143,3.3055446094055174,5117707.0,16.135483870967743,5.0,11.135483870967745,Overutilized
5118089,"Holmes, Delkedric",Mississippi Val.,-12.4827,3.1427355,-9.339964518737792,-15.261964450073242,-3.417964587402343,-13.083964476776124,-5.595964560699462,5118089.0,18.3625,15.0,3.362499999999997,Optimal
5119063,"Lowery, Kaleb",Nevada,4.53083,-0.7646764,3.7661536079216,-2.155846502227784,9.688153360443115,0.0221534710693358,7.510153625564575,5119063.0,12.475,25.0,-12.525,Underutilized
5119069,"Oriol, Kamrin",North Florida,-2.23632,2.4878151,0.2514951416778563,-5.670504789657593,6.173494834594727,-3.4925048163604737,3.9954953381347655,5119069.0,27.56,35.0,-7.440000000000001,Underutilized
5119095,"Harper, JJ",Liberty,5.00519,-2.7773242,2.227865800323486,-3.694133654174805,8.149865731658934,-1.516134157714844,5.971865758361816,5119095.0,17.219354838709677,15.0,2.219354838709677,Optimal
5120280,"Anthony, Kiyan",Syracuse,-3.48398,1.608391,-1.875588953475952,-7.79758912322998,4.046410739440918,-5.619588911514282,1.8684112429809567,5120280.0,22.879310344827584,25.0,-2.1206896551724164,Optimal
5121357,"Rigsbee, Brendan",Wofford,-4.40172,-0.28539845,-4.687118453474045,-10.609118414611816,1.234881448059082,-8.431118441314698,-0.9431185252380372,5121357.0,12.52608695652174,15.0,-2.473913043478261,Optimal
5122260,Jaylen Jordon,Jacksonville,-5.23842,0.87984,-4.358579983634948,-10.280580034179687,1.5634198284912113,-8.102580060882568,-0.6145801448059078,5122260.0,21.0,25.0,-4.0,Optimal
5122836,"Fuller, Jamal",LIU,1.64239,-0.55077,1.0916200152778626,-4.8303797372436525,7.013620125427246,-2.6523797639465334,4.835619913711548,5122836.0,22.491176470588236,15.0,7.491176470588233,Overutilized
5122918,Ahmet Jonovic,Bradley,1.29315,0.10556493,1.3987149295449255,-4.523284860229492,7.320715002441406,-2.3452851253509523,5.142714790725708,5122918.0,18.333333333333336,5.0,13.333333333333336,Overutilized
5123799,"Bulajic, Janko",Lamar University,0.27689,-0.7024322,-0.4255422152137756,-6.34754208694458,5.496457775726318,-4.169542113647461,3.318457802429199,5123799.0,10.858620689655172,5.0,5.858620689655172,Overutilized
5123978,"Hawke, Rory",Saint Mary's (CA),0.0143992,0.071787186,0.0861863859669685,-5.835813374005127,6.008186488665771,-3.6578136391265854,3.8301862769500734,5123978.0,10.63548387096774,25.0,-14.36451612903226,Underutilized
5124659,Ahmed Essahaty,SE Louisiana,-8.66522,3.7905166,-4.874703385086059,-10.796703316421508,1.047296784667969,-8.61870334312439,-1.1307036654663083,5124659.0,16.506666666666668,25.0,-8.493333333333332,Underutilized
5125176,"Okorafor, Emmanuel",Wichita St.,2.63746,0.15521513,2.7926751292562484,-3.12932466796875,8.71467519470215,-0.95132493309021,6.53667498298645,5125176.0,20.27142857142857,25.0,-4.728571428571431,Optimal
5125192,"Dilione V, Freddie",Penn St.,2.13374,0.71443933,2.848179332485199,-3.073820539245605,8.770179323425292,-0.8958205659484864,6.592179350128173,5125192.0,26.08125,25.0,1.0812500000000007,Optimal
5126036,"Moretti, Niccolo",Fla. Atlantic,-2.20419,0.838875,-1.3653150042915343,-7.2873151144409185,4.55668474822998,-5.10931490272522,2.378684774932861,5126036.0,15.048387096774194,25.0,-9.951612903225806,Underutilized
5137653,"Mohammed, Sir",Notre Dame,-1.65833,1.2092329,-0.4490970736312867,-6.371097124176026,5.472902738494873,-4.1930971508789066,3.2949027651977536,5137653.0,24.26129032258065,25.0,-0.7387096774193544,Optimal
5142326,Marcus Adams Jr.,Arizona State,-1.65226,1.4308697,-0.2213903014755249,-6.143390352020264,5.700609510650635,-3.9653903787231446,3.522609537353516,5142326.0,16.057142857142857,15.0,1.057142857142857,Optimal
5142356,"Ndongo, Baye",Georgia Tech,4.57308,-0.39374548,4.179334518032074,-1.7426653536987304,10.101334508972167,0.4353346195983887,7.923334535675049,5142356.0,22.62592592592593,15.0,7.62592592592593,Overutilized
5142358,"Davis, Jamichael",Rutgers,2.97037,0.12145139,3.091821392769813,-2.830178553466797,9.0138213092041,-0.6521785801696778,6.835821335906982,5142358.0,16.170588235294115,25.0,-8.829411764705885,Underutilized
5142360,Braden Pierce,Villanova,4.25168,-2.9022148,1.3494652344512943,-4.572534935302734,7.271465165786743,-2.3945344851684567,5.093465192489624,5142360.0,10.296666666666669,15.0,-4.703333333333331,Optimal
5142584,"Myers, Adrian",San Jose St.,2.20652,-1.2105219,0.9959980635833738,-4.926001629333497,6.917998233337402,-2.748002132873536,4.739998021621704,5142584.0,19.639285714285712,25.0,-5.360714285714288,Underutilized
5142608,"Glover-Toscano, Jaiden",Saint Joseph's,0.95949,0.4753144,1.4348044085407257,-4.487195314178467,7.356804548492431,-2.309195579299927,5.178804575195312,5142608.0,22.628125,15.0,7.628124999999997,Overutilized
5142609,"Harris, Juke",Wake Forest,4.02945,0.38601932,4.415469319295883,-1.5065307014465334,10.337469161224366,0.6714692718505857,8.159469187927247,5142609.0,27.371428571428567,35.0,-7.628571428571433,Underutilized
5142610,"Sundra, Garrett",Notre Dame,2.13723,-0.42495847,1.7122715325164797,-4.20972816040039,7.634271702270508,-2.031728663940429,5.45627149055481,5142610.0,11.058064516129036,5.0,6.0580645161290345,Overutilized
5142618,"Bliss, Christian",Delaware,1.59489,0.23810512,1.8329951182746889,-4.089004634246827,7.754995228424072,-1.9110048993682864,5.5769950167083735,5142618.0,26.74666666666667,35.0,-8.25333333333333,Underutilized
5142620,"Acuff jr., Darius",Arkansas,6.6812,-0.47062188,6.210578116130828,0.2885780059814449,12.132577868652344,2.466577979278564,9.954578133773804,5142620.0,29.291666666666668,35.0,-5.708333333333332,Underutilized
5142621,"Cenac Jr, Chris",Houston,6.28734,0.19738124,6.484721243109703,0.5627210882568363,12.406720950927737,2.7407212999725346,10.228721216049196,5142621.0,19.216216216216218,15.0,4.216216216216218,Optimal
5142622,Jake Wilkins,Georgia,4.37391,-0.96291816,3.410991837654114,-2.5110082128906246,9.332991649780274,-0.3330082395935054,7.154991676483155,5142622.0,20.33125,35.0,-14.66875,Underutilized
5142625,"Sanon, Joson",St. John's (NY),0.327202,1.0113907,1.3385926860351562,-4.583407245300293,7.260592617370605,-2.405407272003174,5.082592644073486,5142625.0,19.540540540540537,25.0,-5.459459459459463,Underutilized
5142708,King Grace,Mississippi State,1.11204,-0.012858108,1.0991818923139571,-4.822817845306396,7.021182017364502,-2.6448181104278565,4.843181805648804,5142708.0,18.575,15.0,3.5749999999999997,Optimal
5142709,"Allen, Dante",Miami (FL),2.93843,-0.90801305,2.0304169542121886,-3.8915827983093263,7.952417064361573,-1.7135828250122072,5.774416852645874,5142709.0,15.286666666666669,5.0,10.286666666666669,Overutilized
5142710,"Brown II, DeWayne",Tennessee,5.66962,-0.455759,5.213861011142731,-0.7081389797973632,11.135860882873535,1.469860993499756,8.957860909576416,5142710.0,16.365714285714283,15.0,1.365714285714283,Optimal
5142718,"Dybantsa, AJ",BYU,6.22968,-0.028472327,6.201207673304081,0.2792076451110841,12.123207507781984,2.4572076184082032,9.945207534484863,5142718.0,33.4,35.0,-1.6000000000000014,Optimal
5143601,Jasai Miles,Indiana,-1.27328,2.8365812,1.5633012301635745,-4.358698701171875,7.485301161499024,-2.180698727874756,5.3073011882019046,5143601.0,11.188461538461535,5.0,6.188461538461537,Overutilized
5143603,"Warren, Gabe",Holy Cross,-1.86003,0.8271843,-1.0328456805038453,-6.954845731048584,4.889154131622314,-4.776845757751465,2.7111541583251952,5143603.0,20.44516129032258,25.0,-4.554838709677419,Optimal
5143604,"Toppin, JT",Texas Tech,9.35341,0.49203876,9.845448756608963,3.923448795471192,15.76744865814209,6.101448768768311,13.589448684844973,5143604.0,30.352000000000004,35.0,-4.647999999999996,Optimal
5143607,"Jones, Drayton",Butler,6.62279,-2.0672956,4.555494448699951,-1.366505482635498,10.4774943800354,0.8114944906616213,8.299494406738281,5143607.0,15.443749999999998,15.0,0.4437499999999978,Optimal
5143921,Anthony Robinson,Xavier,-0.442071,1.2640871,0.8220160809555054,-5.099983731170655,6.744016131500244,-2.921983757873535,4.566016158203125,5143921.0,16.300000000000004,15.0,1.3000000000000045,Optimal
5144059,James Nnaji,Baylor,1.84046,0.020205554,1.8606655536210537,-4.06133443359375,7.782665429077149,-1.8833344602966309,5.6046654557800295,,,,,Unknown
5144086,"James Jr., Nigel",Marquette,5.77469,-0.5690279,5.205662099304199,-0.7163378320312503,11.127662030639648,1.4616621412658688,8.949662057342529,5144086.0,30.203125,25.0,5.203125,Overutilized
5144088,"Carroll, Cam",Rice,-3.12204,1.3105993,-1.8114406729125976,-7.733440604248047,4.110559258422851,-5.555440630950928,1.9325592851257325,5144088.0,18.82068965517241,25.0,-6.179310344827588,Underutilized
5144089,"Kelly IV, Leroy",Tarleton St.,1.83014,-0.58199984,1.2481401616477967,-4.673859710083008,7.170140152587891,-2.495859736785889,4.992140179290772,5144089.0,13.583333333333336,15.0,-1.4166666666666643,Optimal
5144090,"Dixon, Josh",Milwaukee,-6.61734,1.2551317,-5.362208278503418,-11.284208209838868,0.5597916528320308,-9.106208236541748,-1.6182083204650883,5144090.0,27.751612903225805,25.0,2.751612903225805,Optimal
5144092,"Lowery, Jordan",UT Arlington,-2.97691,0.47953886,-2.497371142063141,-8.419371013793945,3.424628848876953,-6.241371040496826,1.2466288755798338,5144092.0,17.51,25.0,-7.489999999999998,Underutilized
5144097,"Dixon, Derek",North Carolina,1.81354,0.5310257,2.34456570772171,-3.577434044799805,8.266565817871093,-1.3994343099212647,6.088565844573974,5144097.0,16.560606060606062,15.0,1.5606060606060623,Optimal
5144099,"Pinkins, Patton",Ole Miss,2.99393,-1.2588428,1.7350871741104128,-4.1869128764343255,7.657086986236573,-2.008912903137207,5.479087012939454,5144099.0,15.231428571428571,25.0,-9.768571428571429,Underutilized
5144105,"Lewis, Acaden",Villanova,4.44724,-0.20114236,4.246097644200325,-1.6759022424316408,10.16809762023926,0.5020977308654784,7.990097646942138,5144105.0,24.95757575757576,25.0,-0.0424242424242429,Optimal
5144108,"Mingo, Kayden",Penn St.,3.63375,0.4876589,4.121408888101578,-1.8005909538269045,10.043408908843992,0.3774090194702149,7.865408935546875,5144108.0,24.585714285714285,35.0,-10.414285714285716,Underutilized
5144110,"Watford, Jordan",Queens (NC),1.19402,0.2201729,1.4141928969812394,-4.507807049255371,7.336192813415527,-2.329807075958252,5.158192840118408,5144110.0,27.66176470588235,35.0,-7.338235294117648,Underutilized
5144124,"Khamenia, Nikolas",Duke,5.55131,-0.7618324,4.789477583942413,-1.1325221685791016,10.711477694091798,1.0454778047180175,8.5334774823761,5144124.0,14.410526315789474,15.0,-0.5894736842105264,Optimal
5144128,"Yadd, Abdou",Sacred Heart,-9.88617,2.185525,-7.700645059509277,-13.622644990844726,-1.778645128173828,-11.444645017547607,-3.956645101470947,5144128.0,23.96,25.0,-1.0399999999999991,Optimal
5144135,"Cofield, Bryce",Cal St. Fullerton,-3.9945,2.2007043,-1.793795663833618,-7.715795595169068,4.12820450592041,-5.537795621871949,1.9502040557861329,5144135.0,27.540625,25.0,2.5406249999999986,Optimal
5144139,"Jemison, London",Alabama,3.99908,-0.0649012,3.934178797082901,-1.98782128326416,9.856178579406738,0.1901789284515382,7.678178844528198,5144139.0,16.54848484848485,25.0,-8.45151515151515,Underutilized
5144141,"Kropp, Tyler",Northwestern,0.761994,0.1425859,0.9045799034061432,-5.017420176940918,6.82657968572998,-2.83941996522522,4.64857995085144,5144141.0,13.661290322580644,5.0,8.661290322580644,Overutilized
5144147,"Jacobsen, Daniel",Purdue,8.61132,-0.07379605,8.537523951239585,2.615523796386718,14.459523659057616,4.793524008102416,12.281523924179076,5144147.0,16.46923076923077,5.0,11.46923076923077,Overutilized
5144153,"Stagg, Kareem",Georgia,2.47313,-0.4223345,2.0507955077934263,-3.871204602355957,7.972795260314941,-1.693204629058838,5.794795525436401,5144153.0,17.257575757575758,25.0,-7.742424242424242,Underutilized
5144158,Luke Bevilacqua,Lafayette,-7.56559,2.7149038,-4.850686168518067,-10.772686099853516,1.0713137628173826,-8.594686126556397,-1.1066862104797366,5144158.0,18.9,15.0,3.900000000000002,Optimal
5144165,"Asuma, Isaac",Minnesota,2.66587,0.86589855,3.531768549556732,-2.3902313221740723,9.453768540496826,-0.2122313488769531,7.275768567199707,5144165.0,21.15151515151516,15.0,6.151515151515156,Overutilized
5144166,"Barrett, T.O.",Missouri,2.339,0.36863065,2.7076306476593017,-3.2143695220947266,8.629630340576172,-1.0363693103790284,6.451630844116211,5144166.0,22.58787878787879,15.0,7.58787878787879,Overutilized
5144372,"Brown, Isaiah",Florida,6.51141,-1.1640075,5.347402455482483,-0.5745975950622562,11.269402267608642,1.603402378234863,9.091402294311523,5144372.0,16.675757575757576,5.0,11.675757575757576,Overutilized
5144373,"Certa, Cole",Notre Dame,1.18765,0.275319,1.4629690100193025,-4.45903083190918,7.384969030761718,-2.2810308586120605,5.206969057464599,5144373.0,19.32258064516129,25.0,-5.677419354838708,Underutilized
5144375,"Johnson, Larry",McNeese,2.19528,-1.5935601,0.6017199003982543,-5.320280150146484,6.523719712524414,-3.1422801768493653,4.345719739227295,5144375.0,30.409375,35.0,-4.590625000000003,Optimal
5144378,"Mills, Andre",Maryland,2.54288,0.96985173,3.512731732254028,-2.4092684375,9.4347314251709,-0.2312682257843019,7.256731928710938,5144378.0,24.503030303030304,25.0,-0.4969696969696962,Optimal
5144380,"Swartz, Austin",Creighton,1.86717,0.67971414,2.5468841432762144,-3.37511572845459,8.468884134216308,-1.1971157551574707,6.290884160919189,5144380.0,22.39666666666667,35.0,-12.603333333333332,Underutilized
5144381,"Sutton, Darrion",Missouri St.,1.45689,-0.77108175,0.6858082543754578,-5.236191855773926,6.607808006896972,-3.058191882476806,4.429808272018432,5144381.0,16.6,15.0,1.6000000000000014,Optimal
5144382,"Wilburn, Zion",Samford,-5.45727,1.3950229,-4.062247130889893,-9.984247062225345,1.8597528004455564,-7.806247088928223,-0.3182471728515628,5144382.0,17.685714285714283,25.0,-7.314285714285717,Underutilized
5144387,"Dortch, Bryce",Rutgers,3.08259,-1.8032768,1.279313222732544,-4.642686947021485,7.201312915649414,-2.464686496887207,5.023313180770874,5144387.0,8.112903225806452,5.0,3.112903225806452,Optimal
5144388,Kuol Atak,Oklahoma,3.18128,-1.50062,1.6806599924850465,-4.241339819641113,7.602660043029785,-2.063339846343994,5.424660069732666,5144388.0,18.995833333333337,25.0,-6.004166666666663,Underutilized
5144392,"Rancik, Sebastian",Colorado,3.41115,1.016226,4.427376053237915,-1.4946241165161132,10.349375746154784,0.6833760951995851,8.171376249694823,5144392.0,22.089655172413792,25.0,-2.910344827586208,Optimal
5144495,"Arenas, Alijah",Southern California,-2.54954,2.2349691,-0.3145708609008788,-6.2365707922363285,5.60742907043457,-4.058570818939209,3.429429097137452,5144495.0,30.36428571428572,35.0,-4.635714285714279,Optimal
5145712,Lefteris Liotopoulos,St. John's,0.48437,0.2738783,0.7582483061504364,-5.163751833801269,6.680248028869629,-2.985751622085571,4.50224805557251,5145712.0,17.75,15.0,2.75,Optimal
5147928,"Darlan, Thierry",Santa Clara,1.3895,-0.0049488386,1.3845511613860726,-4.537448547363281,7.306551315307617,-2.3594488124847413,5.128551103591919,5147928.0,17.991176470588236,15.0,2.991176470588236,Optimal
5149077,"Flemings, Kingston",Houston,10.3482,-0.87947655,9.46872345275879,3.54672352142334,15.39072338409424,5.724723494720459,13.21272341079712,5149077.0,26.367567567567573,35.0,-8.632432432432427,Underutilized
5149078,"Thiam, Moustapha",Cincinnati,4.9811,1.3306631,6.311763084983825,0.3897632728576656,12.233763135528564,2.567763246154785,10.055763162231443,5149078.0,21.64838709677419,35.0,-13.35161290322581,Underutilized
5149083,"Codie, Nic",Texas,2.71729,-0.39493442,2.3223555841827395,-3.599644585571289,8.24435527709961,-1.4216441354370115,6.0663555422210695,5149083.0,14.0,15.0,-1.0,Optimal
5149115,"Graves, Allen",Santa Clara,14.2222,-3.4181843,10.804015719604491,4.882015788269044,16.726015650939942,7.060015761566163,14.548015677642825,5149115.0,22.647058823529417,35.0,-12.352941176470583,Underutilized
5149116,"Davis, Ty",Creighton,-1.73037,0.35026747,-1.3801025301170349,-7.302102521057129,4.54189734161377,-5.1241025477600095,2.36389736831665,5149116.0,12.86060606060606,35.0,-22.13939393939394,Underutilized
5149117,"Carter, Jahvin",Middle Tenn.,-1.05939,0.8112747,-0.2481152926826477,-6.170115402832032,5.673884459838867,-3.992115191116333,3.495884486541748,5149117.0,23.193103448275863,35.0,-11.806896551724137,Underutilized
5149633,Eric Freeny,UCLA,2.32191,0.0950801,2.416990099999905,-3.505010032501221,8.338989830169677,-1.3270098207855223,6.160990095291138,5149633.0,10.453571428571433,5.0,5.453571428571431,Overutilized
5150404,"Mallory, Chance",Virginia,8.86607,-1.3603002,7.505769816703797,1.5837700045776373,13.427769867248536,3.761769977874757,11.249769893951417,5150404.0,20.297222222222217,25.0,-4.702777777777783,Optimal
5151855,"Toews, Luka",Boston College,-1.9275,0.9245143,-1.0029857063293457,-6.924985637664795,4.919014225006103,-4.746985664367676,2.741014251708984,5151855.0,18.348275862068963,15.0,3.348275862068963,Optimal
5152623,"Amundsen, Connor",Dartmouth,-3.86364,0.7468868,-3.116753210201264,-9.038753201141358,2.805246661529541,-6.860753227844239,0.6272466882324217,5152623.0,18.154166666666665,25.0,-6.845833333333335,Underutilized
5152656,Josiah Moseley,Texas Tech,8.5274,-1.891173,6.636226994895935,0.7142271827697755,12.558227045440674,2.892227156066894,10.380226952934263,5152656.0,16.27857142857143,15.0,1.2785714285714285,Optimal
5152658,Pape N'Diaye,Xavier,5.22065,-1.4647057,3.7559442943573,-2.1660553985595703,9.677944464111327,0.0119440979003906,7.49994425239563,5152658.0,9.5,15.0,-5.5,Underutilized
5152729,"Holland, Jalin",Colorado,0.0829977,0.7776421,0.8606397712471008,-5.061359981274414,6.782639881396484,-2.883360246395874,4.604639908099365,5152729.0,18.129032258064512,5.0,13.129032258064512,Overutilized
5152761,Devon Pryor,Oregon,1.13535,-0.22430176,0.911048244571686,-5.010951746368408,6.83304811630249,-2.832951773071289,4.655048143005371,5152761.0,10.08125,15.0,-4.918749999999999,Optimal
5152763,"Reibe, Eric",UConn,6.71796,-0.71052194,6.007438063583374,0.0854383706665036,11.929438233337402,2.263437867126465,9.751438021621704,5152763.0,16.79,15.0,1.7899999999999991,Optimal
5156117,"Mela, Ryan",Providence,2.52677,0.11686219,2.643632192749977,-3.278367634277344,8.565632228393554,-1.1003676609802246,6.387632255096436,5156117.0,18.87575757575757,25.0,-6.124242424242425,Underutilized
5164367,"Brown, Malachi",Georgia St.,-2.20421,0.6936241,-1.5105859207725525,-7.432585911712646,4.411413950958252,-5.254585938415527,2.233413977661133,5164367.0,22.326666666666664,25.0,-2.673333333333336,Optimal
5164368,"Punch, David",TCU,7.80378,-0.10659511,7.697184893577099,1.7751850292968747,13.619184891967771,3.953185002593994,11.441184918670654,5164368.0,23.679411764705883,15.0,8.679411764705883,Overutilized
5164369,Emmanuel Stephen,UNLV,-0.948405,1.2806692,0.3322642123413085,-5.589735718994141,6.254264143676758,-3.4117357456970216,4.076264170379639,5164369.0,12.730434782608697,15.0,-2.2695652173913032,Optimal
5164558,"Erhunmwunse, Oswin",Providence,6.37571,-0.09071542,6.284994576773643,0.3629946603393552,12.206994523010254,2.5409946336364744,10.028994549713136,5164558.0,14.7,5.0,9.7,Overutilized
5164559,"Ament, Nate",Tennessee,6.11075,0.15576325,6.266513253569603,0.3445132179260257,12.188513080596923,2.522513191223145,10.010513107299804,5164559.0,27.48285714285714,35.0,-7.517142857142861,Underutilized
5164560," Carr, Semetri (TT)",California,1.34076,0.18104312,1.521803118238449,-4.400196783294678,7.44380307937622,-2.222196809997558,5.265803106079101,5164560.0,15.00967741935484,15.0,0.0096774193548405,Optimal
5165275,"Johnson, Tyler",Virginia Tech,7.39522,-2.0666835,5.328536469192505,-0.5934637005615233,11.250536400527954,1.584536749572754,9.072536427230837,5165275.0,12.670588235294115,15.0,-2.329411764705883,Optimal
5165276,"Wilkinson, Jeremiah",Georgia,3.54297,0.014383562,3.5573535619091987,-2.364646138458252,9.479353724212649,-0.1866464035797119,7.301353512496949,5165276.0,28.064516129032253,35.0,-6.935483870967747,Underutilized
5169569,Trent Burns,Missouri,-1.86066,1.835125,-0.0255350305175781,-5.947534961853028,5.896464900817871,-3.769534988555909,3.718464927520752,5169569.0,21.55,25.0,-3.450000000000003,Optimal
5170078,Saša Ciani,Penn State,-5.52819,2.0485086,-3.4796813558959965,-9.401681287231446,2.4423185754394527,-7.2236813139343266,0.2643186021423336,5170078.0,13.164285714285716,5.0,8.164285714285715,Overutilized
5171688,"Johnson-Arigu, Isaiah",St. Thomas (MN),-0.433327,-0.30211082,-0.7354378210086823,-6.65743760333252,5.186562259338379,-4.479437630035401,3.0085620476226804,5171688.0,22.36,25.0,-2.640000000000001,Optimal
5171788,"Klafke, Eduardo",Ole Miss,5.03448,-0.9968443,4.037635708312989,-1.8843642230224609,9.959635639648438,0.2936357502746585,7.781635666351319,5171788.0,14.826470588235294,25.0,-10.173529411764706,Underutilized
5172339,"Craig, DaJohn",Coastal Carolina,-3.0025,-0.10429234,-3.1067923405766487,-9.028792324066162,2.8152075386047364,-6.8507923507690425,0.6372075653076172,5172339.0,16.13548387096774,15.0,1.1354838709677395,Optimal
5172343,Cole Kirouac,Georgia Tech,-0.119279,-1.2858481,-1.4051271407165526,-7.327127072052002,4.516872790618897,-5.1491270987548825,2.338872817321777,5172343.0,8.965217391304348,5.0,3.965217391304348,Optimal
5173445,"Stewart, Dominick",Penn St.,0.958672,0.2827275,1.2413995097370147,-4.680600212982178,7.163399649688721,-2.5026004781036377,4.9853996763916015,5173445.0,15.80625,25.0,-9.19375,Underutilized
5173589,Hayden Assemian,South Carolina,2.27825,-0.64436686,1.6338831396102904,-4.288116672515869,7.555883190155029,-2.11011669921875,5.37788321685791,5173589.0,11.654166666666669,5.0,6.654166666666669,Overutilized
5174288,"Rivera-Torres, Jason",Monmouth,5.4882,0.10300992,5.591209916841984,-0.3307902305603027,11.513209632110597,1.847209981155396,9.335209897232057,5174288.0,24.851515151515155,25.0,-0.1484848484848449,Optimal
5174291,"Lindsay, Bryce",Villanova,2.06961,0.8864481,2.956058085308075,-2.9659420248413086,8.87805783782959,-0.7879418131256104,6.700057864532471,5174291.0,21.206060606060603,25.0,-3.7939393939393966,Optimal
5174292,"Dockery, Rob",La Salle,3.78576,0.11503419,3.9007941928005216,-2.0212058279418947,9.822794034729004,0.1567941453552244,7.644794061431885,5174292.0,25.4258064516129,35.0,-9.5741935483871,Underutilized
5174293,"Ringgold, Tyler",Tulane,0.0383243,0.20475642,0.243080723830986,-5.678919371417236,6.165080491253662,-3.500919159701538,3.9870807563751214,5174293.0,22.01290322580645,15.0,7.0129032258064505,Overutilized
5174294,Morris Ugusuk,West Virginia,-1.73335,1.6739227,-0.0594273420333861,-5.981427392578125,5.862572470092774,-3.8034274192810056,3.684572496795655,5174294.0,8.632,5.0,3.632,Optimal
5174298,Danny Stephens,Western Illinois,-8.41116,2.4335194,-5.97764063659668,-11.89964056793213,-0.0556407052612311,-9.72164059463501,-2.2336406785583502,5174298.0,19.24666666666667,15.0,4.24666666666667,Optimal
5174317,"Scott, Jaquan",Ark.-Pine Bluff,-3.71923,1.9087738,-1.8104562201309204,-7.73245603225708,4.111543830413819,-5.55445617816925,1.9335438571166992,5174317.0,27.46333333333333,25.0,2.463333333333331,Optimal
5174319,"Williams III, Mike",Seton Hall,1.02675,-0.17819293,0.8485570715665818,-5.073443023681641,6.770556838989258,-2.8954428119659426,4.592557104110718,5174319.0,18.781818181818185,15.0,3.781818181818185,Optimal
5174452,"Nathaniel, Jayce",UIC,1.6428,0.5286221,2.171422090816498,-3.7505777809143055,8.093422081756591,-1.5725778076171877,5.915422108459473,5174452.0,17.03030303030303,15.0,2.030303030303031,Optimal
5174555,"Strong, Elijah",South Carolina,-1.30933,1.1360247,-0.1733052864837647,-6.095305456237793,5.748694406433105,-3.917305244522095,3.5706949099731444,5174555.0,28.265625,35.0,-6.734375,Underutilized
5174557,"George, Naithan",Syracuse,1.92754,0.98460025,2.9121402459526062,-3.0098598641967773,8.834139998474122,-0.8318596524810791,6.656140025177002,5174557.0,22.775,15.0,7.775000000000002,Overutilized
5174559,Ibrahim Souare,Syracuse,3.19769,-1.8254294,1.3722605604553224,-4.549739370880127,7.294260491790771,-2.371739397583008,5.116260518493652,5174559.0,8.286206896551722,5.0,3.2862068965517217,Optimal
5174561,"Davis, Koron",Alabama A&M,-4.68955,2.135196,-2.5543540294647213,-8.476353960800171,3.3676456634521488,-6.298353987503051,1.1896461669921878,5174561.0,25.21333333333333,25.0,0.2133333333333347,Optimal
5174568,"Durkin, Bobby",Minnesota,3.68884,-0.10970989,3.5791301113033294,-2.342869671020508,9.50113019165039,-0.1648699361419678,7.323129979934692,5174568.0,15.17272727272727,15.0,0.1727272727272701,Optimal
5174569,"Loughnane, Mike",Northeastern,-1.91922,0.6273684,-1.2918516094398498,-7.2138514811706544,4.630148381500244,-5.035851507873535,2.452148408203125,5174569.0,17.79354838709677,15.0,2.79354838709677,Optimal
5174570,"Adam, Hunter",Davidson,3.39803,-0.82186574,2.576164262561798,-3.345835489959717,8.498164372711182,-1.1678355166625978,6.320164160995484,5174570.0,15.138709677419357,15.0,0.1387096774193548,Optimal
5174571,"Schulte, Rikus",Fordham,3.82487,-0.46346682,3.3614031768989565,-2.5605965756225584,9.28340328704834,-0.3825966023254392,7.105403075332642,5174571.0,19.37241379310345,25.0,-5.627586206896549,Underutilized
5174574,"Simon, Jaiun",Dayton,2.45009,-0.81640404,1.6336859553718566,-4.288313797149659,7.55568606552124,-2.110313823852539,5.377685853805541,5174574.0,15.824999999999998,15.0,0.8249999999999975,Optimal
5174579,Marqus Marion,Wake Forest,3.4895,-1.1701543,2.319345666885376,-3.6026545028686523,8.241345359802246,-1.424654052734375,6.063345624923706,5174579.0,8.200000000000001,5.0,3.200000000000001,Optimal
5174586,"DiMichele, Jake",Duquesne,-1.04021,-1.7936084,-2.8338184270477296,-8.755818596801758,3.0881812658691405,-6.5778181466674805,0.9101815309906004,5174586.0,11.743478260869564,5.0,6.743478260869564,Overutilized
5174594,"Okojie, Baraka",Mercer,-0.587299,0.8334616,0.246162582660675,-5.67583716986084,6.168162692810059,-3.4978374349823,3.99016271951294,5174594.0,29.768965517241373,35.0,-5.231034482758627,Underutilized
5174599,"Autry, Trey",George Washington,2.79825,-0.4157913,2.382458697080612,-3.539541442871094,8.304458419799804,-1.3615414695739747,6.126458684921264,5174599.0,15.033333333333331,5.0,10.033333333333331,Overutilized
5174601,"Weluche-Ume, Zamoku",N.C. A&T,-4.33457,2.4311647,-1.903405258483887,-7.825405189819336,4.018594672851562,-5.647405216522217,1.840594699554443,5174601.0,20.881481481481483,15.0,5.881481481481483,Overutilized
5174608,Tunde Vahlberg Fasasi,William & Mary,3.07711,-0.6000697,2.4770402983283994,-3.4449594541931154,8.399040408477783,-1.2669594808959963,6.221040196762084,5174608.0,20.030000000000005,25.0,-4.969999999999995,Optimal
5174609,"Rubin, Miles",Loyola Chicago,4.79375,1.2177424,6.011492443084717,0.0894925117492677,11.933492374420164,2.267492485046387,9.755492401123046,5174609.0,20.70909090909091,15.0,5.709090909090911,Overutilized
5174611,"Curry, Jaylen",Oklahoma St.,2.95564,0.48277485,3.43841485370636,-2.483585196838379,9.360414665832518,-0.3055852235412599,7.1824146925354,5174611.0,22.130303030303036,35.0,-12.869696969696967,Underutilized
5174612,"Davis Jr., Robert",Old Dominion,-3.97621,1.2733097,-2.7029002923583985,-8.624900223693848,3.2190996389770508,-6.4469002503967285,1.0410996656799316,5174612.0,17.624,25.0,-7.376000000000001,Underutilized
5174613,"Worthy, Marqui",UC Riverside,-0.976956,0.900594,-0.0763620039520264,-5.998362173706055,5.845637688964843,-3.820361961990357,3.667638192504883,5174613.0,25.776666666666664,35.0,-9.223333333333336,Underutilized
5174614,"Ndjigue, Jayden",Massachusetts,3.41673,-0.29793817,3.118791831951141,-2.8032082781982424,9.040791584472656,-0.6252083049011232,6.862791849594116,5174614.0,13.915625,25.0,-11.084375,Underutilized
5174615,"Foster, Tarique",UAlbany,-4.24378,0.09145329,-4.152326708524227,-10.074326855926516,1.7696730067443849,-7.896326644210815,-0.4083267281341554,5174615.0,15.863636363636369,15.0,0.8636363636363669,Optimal
5174619,Cam Estevez,Fairfield,-6.11887,0.9008981,-5.217971901054383,-11.139971951599122,0.7040279110717771,-8.961971978302003,-1.473972062225342,5174619.0,14.889473684210524,25.0,-10.110526315789476,Underutilized
5174620,"Wright, Always",UTRGV,-5.63008,1.449162,-4.180917993621827,-10.102917924957277,1.7410819377136226,-7.924917951660157,-0.4369180355834965,5174620.0,16.58709677419355,15.0,1.5870967741935509,Optimal
5174621,"Brown, Tyson",Radford,-1.56099,0.24668415,-1.3143058510923389,-7.236305856933594,4.607694005737304,-5.058305883636475,2.429694032440185,5174621.0,12.98965517241379,15.0,-2.010344827586209,Optimal
5174623,"Green, David",Tulsa,3.43292,0.05570629,3.4886262886655333,-2.433373430328369,9.410626432342529,-0.2553736954498289,7.232626220626831,5174623.0,25.59705882352941,15.0,10.597058823529412,Overutilized
5174624,"Fuchs, David",San Francisco,1.10011,0.90719706,2.007307058200836,-3.914692932739258,7.92930692993164,-1.7366929594421388,5.751306956634521,5174624.0,28.221428571428564,35.0,-6.778571428571436,Underutilized
5174628,"Tanner, Collin",Richmond,-1.64435,0.07116255,-1.5731874483585355,-7.495187230682373,4.348812631988525,-5.317187495803833,2.170812420272827,5174628.0,16.500000000000004,15.0,1.5000000000000036,Optimal
5174629,"Tyne, Mikkel",Richmond,-2.95428,0.20830308,-2.745976920990944,-8.667976956634522,3.176022906036377,-6.489976983337402,0.998022932739258,5174629.0,17.926666666666666,25.0,-7.073333333333334,Underutilized
5174630,"Graham, Jack",New Hampshire,-3.69236,0.9087665,-2.783593491897583,-8.705593184814454,3.138406677856445,-6.527593449935913,0.960406227722168,5174630.0,20.560714285714287,15.0,5.560714285714287,Overutilized
5174631,"Soulis, Ryan",Columbia,0.485283,0.30412894,0.7894119448738098,-5.132587807647705,6.711412055023193,-2.954588072769165,4.533412081726074,5174631.0,16.479166666666668,15.0,1.479166666666668,Optimal
5174632,"Simmons II, Shawn",UMass Lowell,-1.26331,0.9910098,-0.2723002281761169,-6.194300219116211,5.649699643554688,-4.016300245819092,3.4716996702575686,5174632.0,15.496153846153844,25.0,-9.503846153846156,Underutilized
5174633,"Brown, Xzayvier",Oklahoma,4.2906,0.16807465,4.458674652552605,-1.4633253234863275,10.380674539184572,0.7146746498107914,8.202674565887452,5174633.0,22.34864864864865,25.0,-2.651351351351348,Optimal
5174634,"Finkley, Anthony",Saint Joseph's,-2.47499,1.6210823,-0.8539076940917969,-6.775907625427246,5.068092237243652,-4.597907652130127,2.890092263946533,5174634.0,18.41176470588235,15.0,3.4117647058823515,Optimal
5174636,"Haskins, Dasear",Saint Joseph's,1.9655,0.045104876,2.0106048761606217,-3.911394950866699,7.9326049118042,-1.73339497756958,5.7546049385070805,5174636.0,19.605882352941176,15.0,4.605882352941176,Optimal
5174637,"Medley, Cian",Kent St.,-3.29631,1.2010287,-2.0952812953567506,-8.01728110748291,3.826718755187988,-5.839281134185791,1.648718781890869,5174637.0,20.72903225806452,25.0,-4.270967741935483,Optimal
5174639,Abou Magassa,Wyoming,-1.77799,0.25396574,-1.524024264564514,-7.446024076690674,4.397975785980225,-5.268024103393555,2.219975812683105,5174639.0,13.614285714285714,5.0,8.614285714285714,Overutilized
5174642,"Sotirov, Tsvet",Ga. Southern,-5.05952,0.41581696,-4.643703037281036,-10.56570314743042,1.2782967152404785,-8.38770293571472,-0.8997032580566406,5174642.0,12.666666666666666,15.0,-2.333333333333334,Optimal
5174654,"Scott, Addarin",Kansas City,-6.65807,2.2906594,-4.367410572357178,-10.289410503692627,1.5545898358154293,-8.111410530395508,-0.623410614318848,5174654.0,18.223076923076924,25.0,-6.776923076923076,Underutilized
5174657,"Condon, Alex",Florida,10.2894,-0.23782305,10.05157694580555,4.1295770591735845,15.973576921844485,6.307577032470704,13.795576948547364,5174657.0,23.74411764705882,35.0,-11.255882352941178,Underutilized
5174659,"Kublickas, Kajus",Pacific,-3.15294,1.8508865,-1.3020535358810426,-7.224053586425781,4.619946276245117,-5.046053493919373,2.441946302947998,5174659.0,21.945161290322588,35.0,-13.054838709677412,Underutilized
5174661,"Cain, Blue",Georgia,6.91497,-1.2799648,5.635005195350647,-0.2869948551940915,11.557005007476809,1.891005118103028,9.379005034179688,5174661.0,20.31818181818182,25.0,-4.68181818181818,Optimal
5174665,"Ivisic, Zvonimir",Illinois,10.4366,-0.27384084,10.162759155368803,4.240759164428711,16.084759027099608,6.41875913772583,13.90675905380249,5174665.0,15.343243243243244,25.0,-9.656756756756756,Underutilized
5174669,"Rose, Miles",UAlbany,-9.58121,1.7029217,-7.8782882518386845,-13.800288063964844,-1.956288201293945,-11.622288090667723,-4.134288174591065,5174669.0,15.726923076923072,15.0,0.7269230769230735,Optimal
5174672,"Belle, Michael",VCU,3.86855,-1.1692411,2.6993089292526244,-3.2226908828735352,8.621308979797362,-1.044690909576416,6.443309006500244,5174672.0,16.113888888888887,5.0,11.113888888888887,Overutilized
5174791,"Abdullahi, Malik",Princeton,-2.20727,0.4946427,-1.7126272952747343,-7.634627196807861,4.209372665863038,-5.456627223510742,2.031372692565918,5174791.0,18.39230769230769,25.0,-6.607692307692311,Underutilized
5174799,"Diop, Matar",Stetson,-4.1698,0.11522114,-4.0545788572311405,-9.97657890777588,1.8674209548950191,-7.79857893447876,-0.3105790184021,5174799.0,14.782758620689652,5.0,9.782758620689652,Overutilized
5174800,"Barkley, Blake",ETSU,-0.905907,-0.47653362,-1.3824406215496063,-7.304440344268799,4.5395595184021,-5.12644037097168,2.3615593066864013,5174800.0,22.62903225806452,35.0,-12.370967741935484,Underutilized
5174805,"Ogbole, Emmanuel",Rutgers,2.93117,0.5995559,3.5307259096336363,-2.391273962097168,9.45272590057373,-0.213273988800049,7.274725927276611,5174805.0,14.823529411764708,25.0,-10.176470588235292,Underutilized
5174807,"Janicki, Jack",Wisconsin,3.52836,-0.1512963,3.3770636973238,-2.544936070098877,9.29906379257202,-0.3669363352203367,7.121063580856323,5174807.0,9.503846153846151,5.0,4.503846153846153,Optimal
5174814,"Snagg, Stephan",Binghamton,-5.97834,-0.93074286,-6.909082859840393,-12.831082671966552,-0.9870828092956544,-10.653082698669431,-3.1650827825927736,5174814.0,8.936,15.0,-6.064,Underutilized
5174815,"Walsh, Gavin",UNCW,0.962768,-0.3880258,0.5747422095470428,-5.347257691986084,6.496742170684814,-3.1692577186889648,4.318742197387695,5174815.0,19.09230769230769,15.0,4.092307692307692,Optimal
5174850,"Davis, Aaron",Bryant,-3.70607,0.06484598,-3.641224020786285,-9.56322389251709,2.2807759701538086,-7.385223919219971,0.1027759968566894,5174850.0,21.90714285714285,15.0,6.907142857142851,Overutilized
5174851,Keyshawn Mitchell,VCU,0.272185,-0.15090846,0.1212765447473526,-5.8007234014892575,6.043276461181641,-3.6227234281921374,3.8652764878845214,5174851.0,14.169999999999998,5.0,9.169999999999998,Overutilized
5174853,"Joba, Seth",Idaho,0.15567,-0.23642339,-0.0807533881235122,-6.00275342376709,5.841246438903808,-3.8247534504699705,3.6632464656066897,5174853.0,14.21818181818182,5.0,9.21818181818182,Overutilized
5174858,"Emmou, Franck",Texas St.,-2.09174,-0.5894857,-2.6812257048988344,-8.603225576629638,3.24077428604126,-6.425225603332519,1.0627743127441405,5174858.0,14.403448275862068,5.0,9.403448275862068,Overutilized
5174860,"Valentine, Ace",UMBC,1.8984,-0.23091383,1.667486167216301,-4.254513570404052,7.589486292266846,-2.0765138355255126,5.411486080551148,5174860.0,18.756666666666668,25.0,-6.243333333333332,Underutilized
5174932,"Robinson, KiJan",New Hampshire,-6.42162,1.056911,-5.364709008331299,-11.286708939666749,0.5572909230041505,-9.10870896636963,-1.6207090502929686,5174932.0,23.428,25.0,-1.5719999999999992,Optimal
5174934,"Parnell, Eric",FDU,-3.84564,0.3899457,-3.455694314136505,-9.377694424285888,2.46630543838501,-7.19969421257019,0.2883054650878907,5174934.0,19.227586206896557,25.0,-5.772413793103446,Underutilized
5174935,"Dorn, Nick",Indiana,2.36409,0.21205929,2.576149289216996,-3.345850433502197,8.498149429168702,-1.1678506986236572,6.320149217453003,5174935.0,15.873333333333331,25.0,-9.126666666666669,Underutilized
5174937,"Simpkins, Takai",Oregon,0.83681,1.0454612,1.882271177825928,-4.039728753509522,7.804271109161377,-1.8617287802124023,5.626271135864258,5174937.0,20.687096774193545,15.0,5.687096774193545,Overutilized
5174938,"Harrell, Isaac",Elon,-0.869939,-1.5522277,-2.422166735519409,-8.344166905273438,3.499832957397461,-6.166166455139161,1.3218332225189209,5174938.0,12.203333333333337,5.0,7.203333333333335,Overutilized
5174940,"Hull, Ned",Elon,-3.85491,-0.7973317,-4.652241690788269,-10.574241741333008,1.2697581213378908,-8.396241768035889,-0.9082418519592284,5174940.0,12.343333333333334,15.0,-2.6566666666666663,Optimal
5174946,"Rodgers, Kobe",Louisville,7.33607,-1.3775781,5.958491860694886,0.0364918101501468,11.880491672821044,2.214491783447266,9.702491699523923,5174946.0,12.641176470588237,25.0,-12.358823529411763,Underutilized
5174947,"Duggan, Colby",Col. of Charleston,-3.27132,0.8683202,-2.4029997733306883,-8.324999466247558,3.51900039642334,-6.146999731369018,1.3409999462890627,5174947.0,18.08421052631579,25.0,-6.91578947368421,Underutilized
5174952,"Lewis, KJ",Georgetown,5.28571,0.084048145,5.369758144519329,-0.5522416601562501,11.291758202514648,1.62575807472229,9.11375799079895,5174952.0,27.33214285714286,35.0,-7.667857142857141,Underutilized
5174954,"Krivas, Motiejus",Arizona,11.9854,-0.62752247,11.357877531433106,5.4358776000976565,17.279877462768553,7.613877573394776,15.101877489471436,5174954.0,18.85384615384616,25.0,-6.146153846153844,Underutilized
5174955,"Murauskas, Paulius",Saint Mary's (CA),5.90569,0.21026506,6.115955055298805,0.1939552282714842,12.037955090942384,2.3719552015686034,9.859955117645264,5174955.0,26.521875,25.0,1.5218750000000014,Optimal
5174957,"Martinez, Conrad",High Point,0.741402,-1.0335299,-0.2921278776626587,-6.2141276897888185,5.62987217288208,-4.036127716491699,3.451872199584961,5174957.0,18.67272727272728,25.0,-6.3272727272727245,Underutilized
5174959,"Bashir Jr., Abdi",Kansas St.,1.816,-0.92457044,0.8914295587539673,-5.030570491790772,6.813429370880127,-2.8525705184936525,4.635429397583008,5174959.0,20.272222222222226,25.0,-4.727777777777774,Optimal
5174962,"Robinson Jr., Cornelius",Monmouth,-2.81535,0.50921935,-2.3061306515693665,-8.22813076171875,3.615869100952149,-6.050130550003052,1.4378691276550293,5174962.0,19.125,15.0,4.125,Optimal
5174970,"Watts, Isaiah",Maryland,1.01094,0.27330384,1.2842438365840911,-4.637755945739746,7.206243916931152,-2.4597562108612063,5.028243943634033,5174970.0,15.099999999999998,25.0,-9.900000000000002,Underutilized
5174971,"Chinyelu, Rueben",Florida,7.29902,-0.39069256,6.908327438135147,0.9863273577880856,12.830327220458985,3.1643273310852047,10.652327485580445,5174971.0,19.868571428571432,25.0,-5.131428571428568,Underutilized
5174973,"Cluff, Oscar",Purdue,13.4092,-1.9498634,11.45933656616211,5.53733663482666,17.381336497497557,7.7153366081237795,15.20333652420044,5174973.0,18.72820512820512,25.0,-6.271794871794878,Underutilized
5174976,"Teat, Jayden",Sacramento St.,-8.13555,2.782611,-5.352939106750489,-11.274939038085938,0.5690608245849607,-9.09693906478882,-1.6089391487121585,5174976.0,21.33076923076923,25.0,-3.6692307692307686,Optimal
5174977,"Wahlin, Jake",Clemson,2.18835,0.13397111,2.322321109986305,-3.599678717041016,8.244321145629883,-1.4216787437438967,6.066321172332764,5174977.0,14.305714285714284,15.0,-0.6942857142857157,Optimal
5174978,Ayomide Bamisile,UL Monroe,-3.45338,-1.0975496,-4.550929557685852,-10.472929369812013,1.3710704928588866,-8.294929396514892,-0.8069294804382325,5174978.0,12.345454545454544,5.0,7.345454545454544,Overutilized
5174981,"Williams, Brandon",UCLA,3.62025,-0.57685125,3.04339875125885,-2.8786012992858887,8.96539856338501,-0.7006013259887696,6.787398590087891,5174981.0,12.2,15.0,-2.8000000000000007,Optimal
5174982,"Buyuktuncel, Berke",Nebraska,7.42474,-0.30561054,7.119129462471008,1.1971294119262694,13.041129274597168,3.375129385223389,10.863129301300049,5174982.0,17.048484848484847,25.0,-7.951515151515153,Underutilized
5174983,"Mara, Aday",Michigan,14.6193,-1.2560458,13.363254181671143,7.441254250335694,19.285254113006594,9.619254223632812,17.107254139709475,5174983.0,23.7375,35.0,-11.2625,Underutilized
5174984,"Vide, Jan",LMU (CA),-3.0715,1.6906357,-1.380864318847656,-7.302864250183106,4.541135612487793,-5.124864276885987,2.363135639190674,5174984.0,26.507692307692302,35.0,-8.492307692307694,Underutilized
5175001,"Chitikoudis, Nikolaos",Robert Morris,1.55648,0.24337858,1.7998585796165467,-4.122141292114257,7.721858570556641,-1.9441413188171384,5.543858597259522,5175001.0,23.30333333333333,15.0,8.303333333333331,Overutilized
5175007,"Stojakovic, Andrej",Illinois,4.21116,0.105486125,4.316646124753952,-1.6053540151977543,10.238645847473144,0.5726461965179439,8.060646112594604,5175007.0,23.45,35.0,-11.55,Underutilized
5175008,Cameron Grant,Stanford,-2.94202,1.9671028,-0.9749172339630126,-6.896917165298461,4.947082935791016,-4.718917192001342,2.7690824856567384,5175008.0,15.555,25.0,-9.445,Underutilized
5175009,"Cammann, Aidan",Stanford,4.0412,-0.3352349,3.70596508975029,-2.216035050201416,9.627964812469482,-0.0380350769042969,7.449965077590942,5175009.0,15.706060606060603,15.0,0.7060606060606052,Optimal
5175011,"Lake II, Josiah",Oregon St.,2.83104,0.49329805,3.324338053741455,-2.5976618775939944,9.246337985076904,-0.4196619042968752,7.068338011779785,5175011.0,21.25757575757576,25.0,-3.742424242424242,Optimal
5175014,"Ndong, Thomas",California Baptist,1.90776,0.20116352,2.10892351544857,-3.813076639404297,8.030923223266601,-1.6350764276885987,5.852923488388061,5175014.0,14.85625,25.0,-10.14375,Underutilized
5175016,"Kermoury, William",Northeastern,-0.375149,0.17169297,-0.203456032585144,-6.125456083129883,5.718543779541015,-3.947456109832764,3.5405438062438965,5175016.0,21.740740740740744,15.0,6.740740740740744,Overutilized
5175017,"Frankel, JB",Northeastern,-4.02753,0.45720127,-3.570328727750778,-9.49232845046997,2.351671412200928,-7.31432871559143,0.1736714389038089,5175017.0,17.956666666666667,15.0,2.956666666666667,Optimal
5175021,"Dak, Bangot",Colorado,4.3577,1.566869,5.9245690204620365,0.0025688507080081,11.846568713378907,2.1805690624237064,9.668569216918948,5175021.0,22.728125,15.0,7.728124999999999,Overutilized
5175026,Omar Adegbola,Northwestern State,-5.37782,1.244842,-4.132977947540283,-10.054977878875732,1.7890219837951662,-7.876977905578613,-0.3889779895019529,5175026.0,20.76315789473684,25.0,-4.2368421052631575,Optimal
5175027,Yanis Ndjonga,McNeese,0.823616,-1.711604,-0.8879879991378784,-6.809988049682617,5.034011812988282,-4.631988076385498,2.856011839691162,5175027.0,8.315384615384614,25.0,-16.684615384615384,Underutilized
5175028,"Green, Braelon",Eastern Mich.,-3.54325,0.7775573,-2.76569268655777,-8.687692558288575,3.156307304382324,-6.509692584991456,0.9783073310852052,5175028.0,13.170370370370373,15.0,-1.829629629629629,Optimal
5175029,"Davis, Malachi",LIU,-5.13452,1.2213991,-3.9131209311676014,-9.835120624084473,2.0088792385864256,-7.657120889205933,-0.1691212115478517,5175029.0,28.14,35.0,-6.860000000000003,Underutilized
5175032,"Day Thomas, Day",Cincinnati,5.15055,0.4588315,5.609381489086151,-0.3126186210632324,11.531381241607663,1.8653815906524656,9.353381268310546,5175032.0,20.403030303030302,25.0,-4.596969696969698,Optimal
5175033,Jizzle James,Cincinnati,2.22558,-0.03645393,2.1891260712015628,-3.73287365524292,8.11112620742798,-1.55487392036438,5.93312599571228,5175033.0,18.91304347826087,25.0,-6.086956521739129,Underutilized
5175037,"Biliew, Omaha",Wake Forest,2.28199,-0.39979175,1.8821982526683807,-4.039801648864746,7.804198213806153,-1.861801675567627,5.626198240509034,5175037.0,14.082857142857144,5.0,9.082857142857144,Overutilized
5175049,"Young, Sterling",Indiana St.,-4.53741,1.284718,-3.252691963348389,-9.17469189468384,2.66930796798706,-6.996691921386719,0.491307994689941,5175049.0,23.317857142857147,15.0,8.317857142857147,Overutilized
5175050,Nick Richart,Charlotte,-0.802502,0.8481254,0.045623398159027,-5.876376473571778,5.967623389099121,-3.698376500274658,3.789623415802002,5175050.0,5.133333333333333,5.0,0.1333333333333328,Optimal
5175054,Cyr Malonga,New Mexico State,-0.641704,-0.56430286,-1.2060068616905213,-7.128006852630615,4.715993010040283,-4.950006879333496,2.537993036743164,5175054.0,10.776190476190475,15.0,-4.223809523809523,Optimal
5175058,"Vanterpool, Devin",Fla. Atlantic,4.25792,-0.92899954,3.328920456809998,-2.5930793553161617,9.250920507354737,-0.4150793820190426,7.072920534057618,5175058.0,23.28636363636364,25.0,-1.7136363636363612,Optimal
5175064,"Edwards, Jason",Providence,2.15374,0.61685455,2.7705945484542847,-3.151405263671875,8.692594598999023,-0.973405290374756,6.514594625701904,5175064.0,28.80434782608696,25.0,3.804347826086957,Optimal
5175065,"Cotton, Alex",Howard,-0.516796,-1.1541429,-1.6709388565979004,-7.59293878793335,4.251061074737549,-5.414938814636231,2.073061101440429,5175065.0,14.467857142857143,25.0,-10.532142857142857,Underutilized
5175066,"Dixon Jr., Terrance",Southern U.,1.74882,-0.424301,1.3245190015506745,-4.5974810787963865,7.246518783874512,-2.419481105499268,5.068519048995972,5175066.0,17.28064516129032,25.0,-7.71935483870968,Underutilized
5175069,"Johnson, Chris",UCF,3.25392,-0.545528,2.708392005367279,-3.213607866363525,8.630391996307374,-1.0356078930664063,6.452392023010254,5175069.0,19.528125000000003,35.0,-15.471874999999995,Underutilized
5175078,"Yalaho, Eemeli",Washington St.,2.11425,0.012209401,2.12645940053463,-3.795540515899658,8.04845934677124,-1.6175405426025389,5.870459373474121,5175078.0,18.08387096774193,25.0,-6.916129032258066,Underutilized
5175080,"Machowski, Nils",Wofford,-0.667827,0.3169156,-0.3509113985080718,-6.272911419250488,5.57108844342041,-4.094911445953369,3.393088470123291,5175080.0,24.226666666666677,25.0,-0.7733333333333263,Optimal
5175146,"Lowery, Mekhi",UIC,3.28062,-0.15948536,3.1211346449804305,-2.8008652714538576,9.04313459121704,-0.6228652981567384,6.865134617919922,5175146.0,17.957575757575757,15.0,2.957575757575757,Optimal
5175148,"Tejada, Tyler",Towson,2.48248,0.11462165,2.5971016467022894,-3.3248982920837404,8.519101570587157,-1.1468983187866213,6.341101597290039,5175148.0,25.406451612903226,35.0,-9.593548387096774,Underutilized
5175170,Joel Armotrading,Nevada,3.48207,-0.2236272,3.2584428052377703,-2.6635570217895506,9.180442840881348,-0.4855570484924314,7.002442867584229,5175170.0,16.16190476190476,15.0,1.161904761904761,Optimal
5175171,"Jones, Quentin",Saint Louis,3.25986,-0.42213336,2.8377266436672213,-3.084273377075195,8.759726485595703,-0.906273403778076,6.581726512298584,5175171.0,18.464705882352945,25.0,-6.535294117647055,Underutilized
5175173,Jackson Mosley,Cal Poly,-4.28589,-0.017105144,-4.302995143517256,-10.224995033874512,1.6190048287963863,-8.046995060577393,-0.5589951445007326,5175173.0,26.65625,25.0,1.65625,Optimal
5175174,"Page, Justin",Niagara,-4.71305,0.9036639,-3.8093861263275146,-9.731386296081542,2.1126135665893555,-7.553386084365845,-0.0653859298706054,5175174.0,23.665000000000003,35.0,-11.334999999999996,Underutilized
5175352,"Naveh, Ofri",Oral Roberts,-1.72039,0.99090123,-0.729488768234253,-6.651488937988281,5.192510924682617,-4.473488726272583,3.014511428222656,5175352.0,21.162068965517243,15.0,6.162068965517243,Overutilized
5175354,Augusto Cassiá,Ole Miss,2.66587,-0.8635434,1.8023266087722776,-4.119673441772461,7.724326420898437,-1.9416734684753416,5.546326447601318,5175354.0,12.28709677419355,5.0,7.28709677419355,Overutilized
5175357,Brock Vice,Murray State,3.37983,-2.3131392,1.0666907997894288,-4.855308893127441,6.988690731124878,-2.6773093966674804,4.810690757827759,5175357.0,17.683333333333337,15.0,2.683333333333337,Optimal
5175360,"Abass, Churchill",New Orleans,1.80966,0.5824627,2.392122728023529,-3.529877143707276,8.314122718963624,-1.3518771704101562,6.136122745666504,5175360.0,22.21818181818182,25.0,-2.7818181818181813,Optimal
5175364,"Hamilton, Caedin",Marquette,-0.368549,1.2827023,0.9141533267745972,-5.007846485351562,6.836153377319336,-2.829846512054443,4.658153404022217,5175364.0,15.23125,5.0,10.23125,Overutilized
5175368,"Djokovic, Lazar",VCU,3.84047,-0.6785597,3.161910279483795,-2.760089711456299,9.0839101512146,-0.5820897381591799,6.90591017791748,5175368.0,21.805714285714284,25.0,-3.194285714285716,Optimal
5175369,"Nemeiksa, Gytis",Hawaii,0.514772,-0.17218341,0.3425885906667709,-5.579411444976807,6.264588417694092,-3.401411471679688,4.086588444396972,5175369.0,18.835483870967742,15.0,3.835483870967746,Optimal
5175371,"McClain, Nic",Belmont,1.50223,-1.249207,0.2530229801940917,-5.6689769511413575,6.175022911529541,-3.4909769778442383,3.997022938232422,5175371.0,28.128571428571423,25.0,3.1285714285714263,Optimal
5175374,"Marquardt, Emmett",Eastern Wash.,0.814076,-1.1240726,-0.3099965517272949,-6.231996483062744,5.612003379608154,-4.053996509765625,3.434003406311035,5175374.0,16.556666666666665,15.0,1.5566666666666649,Optimal
5175375,"Zanki, Vice",Niagara,-2.31379,0.27541894,-2.038371062793732,-7.960371172943115,3.883628689727783,-5.782370961227417,1.705628716430664,5175375.0,18.057142857142857,25.0,-6.942857142857143,Underutilized
5175391,"Madi, Arman",Sacramento St.,1.18362,-1.0898037,0.0938163043212889,-5.828183627014161,6.015816235656738,-3.650183653717041,3.837816262359619,5175391.0,14.922222222222224,15.0,-0.0777777777777757,Optimal
5175397,"Vartiainen, Viljami",Weber St.,1.23335,-0.7445596,0.4887904139518737,-5.43320969619751,6.410790166473388,-3.255209722900391,4.232790431594848,5175397.0,15.944,15.0,0.9440000000000008,Optimal
5175404,"Nunn, Bailey",Cal St. Fullerton,-1.62165,-1.3540465,-2.975696463966369,-8.89769627609253,2.9463035865783693,-6.71969630279541,0.76830361328125,5175404.0,11.571428571428577,15.0,-3.4285714285714253,Optimal
5175409,"Dioramma, Chudi",Arkansas St.,-1.89165,0.24557264,-1.64607735850811,-7.568077364349365,4.275922498321533,-5.390077391052246,2.097922525024414,5175409.0,15.908333333333331,25.0,-9.091666666666669,Underutilized
5175414,"Cameron, Mekhi",Tennessee Tech,-4.59901,0.82104003,-3.777969965705872,-9.699969777832033,2.144030084838868,-7.521969804534912,-0.0339698884582517,5175414.0,20.685714285714287,15.0,5.685714285714287,Overutilized
5175415,"Reaves, DeJour",Fordham,3.088,-0.3872746,2.700725406885147,-3.221274673461914,8.622725189208985,-1.0432747001647948,6.444725454330444,5175415.0,28.113793103448277,35.0,-6.886206896551727,Underutilized
5175417,"Shields, Egan",Northern Colo.,0.188513,-0.020879416,0.1676335842047929,-5.754366199981689,6.089633662689209,-3.576366465103149,3.911633450973511,5175417.0,17.182142857142853,5.0,12.182142857142852,Overutilized
5175588,"Hodge, Matt",Villanova,3.91141,-0.26008952,3.6513204833602906,-2.270679328765869,9.57332053390503,-0.0926793554687499,7.39532056060791,5175588.0,14.565517241379313,15.0,-0.4344827586206889,Optimal
5175589,"Butler, Jase",Colorado St.,2.94831,-0.1703308,2.777979207334518,-3.144020932617188,8.69997893005371,-0.966020720901489,6.521979195175171,5175589.0,17.618181818181814,25.0,-7.381818181818186,Underutilized
5175591,"Cox, C.J.",Purdue,7.19381,-1.0818185,6.111991538581848,0.1899914880371094,12.033991350708009,2.367991461334229,9.855991377410888,5175591.0,13.774358974358972,25.0,-11.225641025641028,Underutilized
5175592,Trent Noah,Kentucky,3.82678,-1.0374249,2.789355078010559,-3.13264497253418,8.711354890136718,-0.9546449992370608,6.533354916839599,5175592.0,13.422222222222226,5.0,8.422222222222226,Overutilized
5175655,"Olalere, Lase",Charleston So.,-0.111728,-0.67143196,-0.7831599586753846,-6.705159949615479,5.13883991305542,-4.52715997631836,2.960839939758301,5175655.0,15.186206896551726,15.0,0.1862068965517256,Optimal
5175657,"Simmons II, Darryl",St. Bonaventure,-1.82134,0.29590142,-1.5254385822677612,-7.4474386328125,4.396561229858398,-5.269438659515381,2.218561256561279,5175657.0,20.430303030303037,25.0,-4.569696969696967,Optimal
5175660,"Sargiunas, Titas",Lipscomb,-3.73913,0.42075998,-3.318370024089813,-9.240369776611328,2.6036300860595705,-7.062370041732788,0.4256301127624513,5175660.0,21.456666666666663,25.0,-3.543333333333337,Optimal
5175665,"Richards, Emanuel",Longwood,-3.79174,0.20306486,-3.5886751410865783,-9.510675012817384,2.333324849853516,-7.332675039520264,0.1553248765563966,5175665.0,19.179310344827588,25.0,-5.820689655172412,Underutilized
5175666,"Nziemi, Johan",Longwood,0.00881732,-0.77868295,-0.7698656271588135,-6.691865320075683,5.152134542595215,-4.513865823615722,2.9741343308795165,5175666.0,22.06666666666667,25.0,-2.93333333333333,Optimal
5175669,"Benard, Jaylen",Longwood,-1.37809,-0.16472588,-1.542815884795189,-7.46481571182251,4.379184150848388,-5.286815738525391,2.2011841775512693,5175669.0,18.13448275862069,15.0,3.1344827586206883,Optimal
5175671,"Mincy, Kory",George Mason,2.42361,0.40172645,2.825336454496384,-3.0966636854553222,8.747336177215576,-0.918663473739624,6.569336203918457,5175671.0,21.059375000000003,25.0,-3.940624999999997,Optimal
5175672,"Parrish, Carl",Presbyterian,-2.12478,0.99736315,-1.1274168498802184,-7.049416840820312,4.7945830218505865,-4.871416867523193,2.616583048553467,5175672.0,20.936666666666675,25.0,-4.0633333333333255,Optimal
5175673,"Pierce, Jonah",Presbyterian,-1.95089,2.513945,0.5630551026916504,-5.358944828643799,6.485055510864258,-3.18094485534668,4.30705506072998,5175673.0,26.9,15.0,11.900000000000002,Overutilized
5175675,"Walters, Trenton",Niagara,-5.84516,1.3585037,-4.486656300697327,-10.408656112823486,1.4353437498474122,-8.230656139526367,-0.7426562234497069,5175675.0,23.108,25.0,-1.892000000000003,Optimal
5175677,"Phipps, Kelcy",Portland St.,-0.0268923,-0.886034,-0.9129263118408204,-6.83492624317627,5.009073619494629,-4.656926269879151,2.8310736461975097,5175677.0,12.821428571428571,15.0,-2.178571428571429,Optimal
5175690,"Carey, Logan",Maine,-2.01781,-0.78035825,-2.798168254909516,-8.72016824584961,3.123831616821289,-6.54216827255249,0.94583164352417,5175690.0,22.335483870967742,35.0,-12.664516129032258,Underutilized
5175691,Isaac Bonilla,Maine,-7.22317,1.1112398,-6.111930209083557,-12.033930021209716,-0.189930158538818,-9.855930047912596,-2.367930131835937,5175691.0,11.085714285714284,15.0,-3.9142857142857146,Optimal
5175704,"Robinson, Ahmad",UAB,0.221119,-0.3590707,-0.1379516884860992,-6.059951709228516,5.784048153442383,-3.8819517359313966,3.606048180145264,5175704.0,20.428,25.0,-4.571999999999999,Optimal
5175705,"Poser, Davide",New Hampshire,-2.81247,-0.24952252,-3.0619925220918653,-8.983992617340087,2.8600072453308107,-6.805992405624389,0.6820075104522707,5175705.0,13.735714285714286,25.0,-11.264285714285714,Underutilized
5175712,"Elliott, Spencer",Charlotte,-0.244808,-0.17945994,-0.4242679443674088,-6.346267980010986,5.497731882659912,-4.168268006713867,3.319731909362793,5175712.0,14.554545454545456,5.0,9.554545454545456,Overutilized
5175726,"Archie, Tyshawn",McNeese,3.15677,-0.6173303,2.539439687271118,-3.3825604824829103,8.461439380187988,-1.204560032348633,6.283439645309448,5175726.0,27.090625000000003,15.0,12.090625000000005,Overutilized
5175727,"Williams, Carlous",Tennessee St.,-5.59544,1.1650016,-4.430438369216919,-10.352438062133787,1.4915618005371094,-8.174438327255249,-0.6864386495971679,5175727.0,14.2448275862069,5.0,9.2448275862069,Overutilized
5175737,"Lendeborg, Yaxel",Michigan,15.4997,-1.8720123,13.627687742424012,7.705687930297852,19.54968779296875,9.883687903594971,17.371687700462342,5175737.0,20.485,25.0,-4.515000000000001,Optimal
5175741,"Cuthrell, Chandler",Elon,-1.35118,1.4550886,0.1039086154174804,-5.818091315917969,6.025908546752929,-3.64009134262085,3.8479085734558094,5175741.0,33.669999999999995,35.0,-1.3300000000000054,Optimal
5175745,Yanis Bamba,Maine,-8.82454,2.1809404,-6.643599610366822,-12.565599541702271,-0.7215994406127937,-10.387599568405152,-2.899599890747071,5175745.0,16.787499999999998,15.0,1.787499999999998,Optimal
5175758,"Mark, Tom",CSU Bakersfield,0.257731,-1.7149361,-1.457205137199402,-7.379205187744141,4.4647946749267575,-5.201205214447022,2.286794701629639,5175758.0,12.63846153846154,15.0,-2.3615384615384603,Optimal
5175759,"Stephenson, Corey",FIU,1.91289,0.64393336,2.556823355808258,-3.365176635131836,8.478823227539063,-1.1871766618347168,6.300823254241943,5175759.0,25.57857142857143,35.0,-9.42142857142857,Underutilized
5175763,"De Luna, Kendrick",Cal St. Fullerton,-0.919594,0.046870317,-0.8727236826899052,-6.794723699707031,5.049276162963867,-4.616723726409912,2.871276189666748,5175763.0,14.953125,5.0,9.953125,Overutilized
5175785,"Jones, Keonte",Dayton,4.67242,-0.21969502,4.452724983258247,-1.469275022583008,10.37472484008789,0.7087249507141111,8.19672486679077,5175785.0,15.029729729729729,5.0,10.029729729729729,Overutilized
5175787,"Fofana, Mahmoud",CSUN,4.36447,-1.6451533,2.719316715927124,-3.2026829769897462,8.641316885681153,-1.0246834805297853,6.463316673965454,5175787.0,15.10625,25.0,-9.89375,Underutilized
5175788,"Ndjonga, Bryan",Canisius,-3.433,1.9845493,-1.4484507160186766,-7.370450647354126,4.473549453735352,-5.192450674057007,2.2955490036010744,5175788.0,25.433333333333334,25.0,0.4333333333333335,Optimal
5175796,"Newton, Muneer",Campbell,0.877893,-0.30205652,0.5758364788227082,-5.346163243896484,6.497836618774414,-3.168163270599365,4.319836407058716,5175796.0,15.578125,15.0,0.578125,Optimal
5175797,"Matulu, Zach",UAlbany,-0.542323,-0.4113347,-0.9536576934318542,-6.875657445953369,4.96834241671753,-4.69765747265625,2.790342205001831,5175797.0,18.036842105263155,15.0,3.0368421052631547,Optimal
5175802,"Robinson, Sebastian",NJIT,-3.92492,0.88783824,-3.037081755561829,-8.959081567687988,2.88491829498291,-6.781081594390869,0.7069183216857908,5175802.0,30.741379310344826,25.0,5.741379310344822,Overutilized
5175809,"Francis, Tariq",Rutgers,4.63643,-0.07197445,4.564455551140308,-1.3575442088317873,10.486455653839112,0.8204555260467528,8.308455442123414,5175809.0,29.28235294117647,25.0,4.28235294117647,Optimal
5175821,"Wagner, Camp",Indiana St.,-0.337738,1.3767029,1.038964904701233,-4.883035145843506,6.960964716827393,-2.7050351725463866,4.782964743530274,5175821.0,21.65,15.0,6.650000000000002,Overutilized
5175842,"White, Dez",Oregon St.,-0.26749,0.36426517,0.0967751736736297,-5.825224966278077,6.018774896392822,-3.647224754562378,3.840774923095703,5175842.0,18.27,15.0,3.269999999999996,Optimal
5175850,"Goodin, Kenyon",Bellarmine,-0.909331,0.8047732,-0.1045577885208129,-6.0265576006469725,5.817442262023926,-3.848557627349853,3.639442288726807,5175850.0,15.144827586206896,25.0,-9.855172413793104,Underutilized
5175851,Grant Whitaker,Bellarmine,-7.69066,0.41018102,-7.280478984270096,-13.202478885803224,-1.3584790231323245,-11.024478912506105,-3.536478996429444,5175851.0,15.44,15.0,0.4399999999999995,Optimal
5175853,"Wrisby-Jefferson, Malcolm",Brown,-4.19948,0.617613,-3.581866982440949,-9.503867092590331,2.340132770080566,-7.325866880874634,0.1621327967834469,5175853.0,15.76,15.0,0.7599999999999998,Optimal
5175854,"Paragon, Luke",Brown,-1.89655,-0.80545634,-2.7020063403129577,-8.624006092834472,3.219993769836426,-6.446006119537353,1.0419935581207276,5175854.0,15.9875,25.0,-9.0125,Underutilized
5175855,"Uchidiuno, Adrian",Brown,-4.91505,2.196833,-2.7182171047210693,-8.64021703605652,3.203782588195801,-6.462217062759399,1.02578309173584,5175855.0,22.016,15.0,7.015999999999998,Overutilized
5175857,"Dabo, N'famara",Brown,3.84597,-1.2864754,2.559494580001831,-3.362505112915039,8.481494749755859,-1.1845056164550782,6.303494538040161,5175857.0,15.076,5.0,10.076,Overutilized
5175860,Tucker Anderson,Utah State,3.84241,-1.8385887,2.0038212854003907,-3.9181786459350585,7.92582121673584,-1.7401786726379391,5.747821243438721,5175860.0,11.341666666666669,15.0,-3.658333333333333,Optimal
5175887,Richard Nweke,Columbia,-0.319369,-0.7953335,-1.1147025046768189,-7.0367023168029785,4.80729754586792,-4.858702343505859,2.6292975725708008,5175887.0,14.8,5.0,9.8,Overutilized
5175898,"Beccles, Jacob",Cornell,-0.0845273,-0.20031333,-0.2848406296966552,-6.206840799450684,5.637159063220214,-4.028840587734986,3.459159328341675,5175898.0,18.192307692307693,25.0,-6.807692307692307,Underutilized
5175900,"Fiegen, Jake",Cornell,4.47696,-1.3162558,3.160704192123413,-2.761295500793457,9.08270436187744,-0.583296004333496,6.904704150161743,5175900.0,24.24090909090909,25.0,-0.7590909090909115,Optimal
5175919,Ben Brown,Dartmouth,-6.83862,2.4911718,-4.347448163146972,-10.26944809448242,1.5745517681884769,-8.091448121185302,-0.6034482051086423,5175919.0,10.186666666666667,5.0,5.186666666666667,Overutilized
5175921,"Abusara, Niko",Dartmouth,-1.19766,-0.59264374,-1.7903037377929687,-7.712303669128418,4.1316961935424805,-5.534303695831299,1.9536962202453607,5175921.0,17.97142857142857,15.0,2.9714285714285715,Optimal
5175939,Caleb Johnson,Long Island University,0.299391,-2.1573582,-1.857967169555664,-7.779967100891113,4.064032761779785,-5.601967127593994,1.886032788482666,5175939.0,10.256521739130436,25.0,-14.743478260869564,Underutilized
5175943,"Burney, Andres",Ga. Southern,0.178628,-0.82648724,-0.6478592431755066,-6.569858995697022,5.274140866973877,-4.391859022399903,3.0961406552581785,5175943.0,13.175757575757576,15.0,-1.824242424242424,Optimal
5175952,"Mack, Malik",Georgetown,1.28896,1.0859809,2.374940892181397,-3.5470590391540524,8.296940823516845,-1.3690590658569337,6.118940850219727,5175952.0,24.500000000000004,15.0,9.500000000000004,Overutilized
5175953,Xavier Nesbitt,Harvard,-11.6338,4.7538123,-6.879987686920167,-12.801987618255616,-0.9579882324218758,-10.623987644958495,-3.1359877288818367,5175953.0,16.085185185185185,5.0,11.085185185185184,Overutilized
5175954,"Batties II, Thomas",Harvard,3.36692,-1.2895906,2.07732940284729,-3.8446707669067375,7.99932909576416,-1.666670316772461,5.8213293608856205,5175954.0,19.33571428571428,25.0,-5.664285714285718,Underutilized
5175971,Kai Yu,Bradley,-2.53738,0.25792485,-2.2794551452445986,-8.201454897766114,3.642544964904785,-6.023455162887574,1.4645449916076658,5175971.0,17.80357142857143,15.0,2.8035714285714306,Optimal
5175973,"Newman Jr., Sean",San Diego St.,-0.666222,0.21762061,-0.4486013888092041,-6.3706010817260745,5.473398780944824,-4.192601346847535,3.295398569229126,5175973.0,15.384375,15.0,0.3843750000000003,Optimal
5175974,"Henderson, Jaylin",Portland St.,0.225545,0.8644837,1.0900287141036986,-4.831971098022461,7.012028764648438,-2.653971124725342,4.834028791351319,5175974.0,28.564285714285717,35.0,-6.435714285714287,Underutilized
5175976,"Miller Jr., Terri",Portland St.,4.27163,-0.4519235,3.8197065104293824,-2.1022933016967773,9.74170656097412,0.0757066716003418,7.563706587677002,5175976.0,30.23928571428572,35.0,-4.760714285714283,Optimal
5176028,"Jones, Greg",American,-2.47299,1.4798243,-0.9931656954193112,-6.915165865173339,4.928833997497559,-4.737165653457641,2.750834501037598,5176028.0,22.496666666666663,15.0,7.496666666666663,Overutilized
5176029,"Mayock, Matt",American,-0.844686,-0.2428196,-1.087505607257843,-7.009505717407227,4.834494145263672,-4.831505505691529,2.656494410385132,5176029.0,15.055172413793104,5.0,10.055172413793104,Overutilized
5176030,"Curry, Ryan",Army West Point,-2.44185,0.8569285,-1.584921472644806,-7.50692158279419,4.3370782798767085,-5.328921371078492,2.1590783065795898,5176030.0,22.276666666666667,25.0,-2.7233333333333327,Optimal
5176031,"Scovens, Josh",Davidson,4.28876,-1.1333777,3.15538232875824,-2.76661748336792,9.077382379302978,-0.5886175100708009,6.899382406005859,5176031.0,23.561290322580643,15.0,8.561290322580643,Overutilized
5176034,"Laczkowski, Tate",Army West Point,-1.0573,-0.21216108,-1.2694610790491103,-7.191460995483398,4.6525388671875,-5.013461022186279,2.474538893890381,5176034.0,14.653333333333334,15.0,-0.3466666666666658,Optimal
5176039,"McNair, Michael",Boston U.,1.52906,0.76284164,2.291901641902924,-3.630098229827881,8.213901632843017,-1.4520982565307616,6.035901659545899,5176039.0,20.984848484848484,25.0,-4.015151515151516,Optimal
5176042,Patrick O'Brien,Bucknell,-6.80107,1.2926736,-5.508396412200928,-11.430396343536376,0.4136035191345213,-9.252396370239255,-1.7643964541625978,5176042.0,13.171428571428567,25.0,-11.828571428571433,Underutilized
5176046,"Cox, Jalen",Colgate,2.33404,-0.03386189,2.300178109564781,-3.621822045288086,8.222177817382812,-1.4438218335723878,6.044178082504272,5176046.0,27.903448275862072,25.0,2.903448275862072,Optimal
5176047,"Wright, Cooper",Colgate,-1.40266,-2.1395767,-3.5422366735076904,-9.46423684326172,2.3797632578277588,-7.286236393127441,0.2017632845306396,5176047.0,7.514285714285713,15.0,-7.485714285714287,Underutilized
5176049,"Wright, Sam",Colgate,-3.64895,0.4918441,-3.1571059121608736,-9.079105754089356,2.764894108581543,-6.9011057807922365,0.5868941352844237,5176049.0,23.40967741935484,15.0,8.409677419354836,Overutilized
5176058,"Williams, DeAndre",Holy Cross,-5.62981,1.2970966,-4.332713389930725,-10.254713202056884,1.5892866606140137,-8.076713228759765,-0.5887133126831054,5176058.0,19.941935483870967,25.0,-5.058064516129033,Underutilized
5176059,"Singleton, Kahlil",Canisius,-2.13279,0.019214788,-2.113575211548209,-8.035575301208496,3.8084245614624015,-5.857575089492798,1.6304248265838623,5176059.0,17.006896551724136,25.0,-7.993103448275864,Underutilized
5176061,A.J. Wills,Hofstra,-4.51511,1.3012143,-3.213895662651062,-9.1358957131958,2.7081041494750977,-6.957895739898682,0.5301041761779786,5176061.0,15.156249999999998,15.0,0.1562499999999982,Optimal
5176062,"Nugent, Joe",Holy Cross,-0.842319,-0.4877734,-1.330092388624191,-7.252092349761963,4.591907512908936,-5.074092376464844,2.4139075396118166,5176062.0,17.661904761904765,25.0,-7.338095238095235,Underutilized
5176063,"Ryan, Declan",Holy Cross,-7.08014,1.2985175,-5.781622534408569,-11.703622704162598,0.1403771585083006,-9.5256224924469,-2.0376223379516603,5176063.0,22.432,25.0,-2.567999999999998,Optimal
5176064,Luke Rasmussen,Tulane,-1.26319,-0.6381093,-1.90129932636261,-7.823299138488769,4.020700724182129,-5.64529916519165,1.8427007508850093,5176064.0,15.588235294117649,15.0,0.5882352941176467,Optimal
5176065,"Butler, Mark",Lafayette,-4.90652,0.6120321,-4.294487884540558,-10.216487994689942,1.6275118679809566,-8.038487782974244,-0.5504881053161625,5176065.0,19.07741935483871,25.0,-5.92258064516129,Underutilized
5176066,Misha Bednostin,Lafayette,-4.26821,-0.085093945,-4.353303945264816,-10.275303906402588,1.5686959562683107,-8.097303933105469,-0.6093040170288084,5176066.0,17.02962962962963,5.0,12.029629629629628,Overutilized
5176067,"Phillips, Andrew",Lafayette,-2.33155,0.60555965,-1.7259903529167175,-7.647990105438232,4.196009757232666,-5.469990370559692,2.018009783935547,5176067.0,21.88387096774193,15.0,6.883870967741931,Overutilized
5176075,"Gillus, Cam",Howard,0.54796,-0.6196182,-0.0716581774139404,-5.993658347167969,5.8503415155029295,-3.815657897033692,3.672341780624389,5176075.0,18.66451612903226,25.0,-6.335483870967739,Underutilized
5176076,"Whitlock, Nasir",Lehigh,-2.22275,1.1583153,-1.0644346990585327,-6.986434749603271,4.857565113067627,-4.808434776306152,2.679565139770508,5176076.0,30.051515151515154,35.0,-4.948484848484846,Optimal
5176077,"Ingram, Joshua",Lehigh,1.2771,0.060161583,1.3372615831255912,-4.584738340759277,7.259261521911621,-2.4067383674621583,5.081261548614502,5176077.0,17.0030303030303,25.0,-7.9969696969697,Underutilized
5176078,Jake Pike,Lehigh,-6.10252,0.71651626,-5.386003743667603,-11.308003436584473,0.5359964260864256,-9.130003701705933,-1.6420040240478515,5176078.0,8.0625,5.0,3.0625,Optimal
5176081,"Cicero Jr., Troy",Loyola Maryland,-2.67872,-0.69848746,-3.377207460613251,-9.299207213134766,2.5447926495361326,-7.121207239837647,0.3667924378204343,5176081.0,20.15666666666666,15.0,5.156666666666659,Overutilized
5176082,"Stiemke, Jordan",Loyola Maryland,-3.76045,0.4053074,-3.355142587852478,-9.277142638397216,2.5668572242736816,-7.099142665100098,0.3888572509765624,5176082.0,18.166666666666664,25.0,-6.833333333333336,Underutilized
5176084,"Cole, Cam",Navy,-0.0384417,-0.86974496,-0.9081866564933776,-6.8301864090148925,5.013813453656006,-4.652186435717773,2.835813241940308,5176084.0,16.799999999999997,25.0,-8.200000000000003,Underutilized
5176086,"Kim, Jinwoo",Navy,-1.96382,-0.752243,-2.716062982387543,-8.638062973327637,3.2059368893432616,-6.460063000030518,1.027936916046143,5176086.0,15.9625,25.0,-9.0375,Underutilized
5176087,"Draper, Donovan",Navy,3.52137,0.42052644,3.941896444911957,-1.9801034268188475,9.863896435852052,0.1978965464782716,7.685896462554932,5176087.0,20.34,25.0,-4.66,Optimal
5176091,"Pennick, Jordan",Navy,-4.38043,0.78852844,-3.591901557617187,-9.513901488952635,2.330098373718262,-7.335901515655517,0.1520984004211429,5176091.0,16.403125000000003,15.0,1.4031250000000028,Optimal
5176109,"Melson, Noah",FDU,-9.44248,2.6220388,-6.820441158752441,-12.74244109008789,-0.898441227416992,-10.564441116790771,-3.076441200714111,5176109.0,16.577272727272728,15.0,1.577272727272728,Optimal
5176111,"Mulholland, Collin",Chattanooga,-3.33994,1.5664483,-1.7734916691207885,-7.695491719665528,4.148508143005371,-5.517491746368409,1.970508169708252,5176111.0,24.75652173913044,25.0,-0.243478260869562,Optimal
5176133,"Bronson, Eddrin",Furman,-3.90426,0.69182795,-3.212432047138214,-9.134432157287598,2.709567705383301,-6.956431945571899,0.5315677320861818,5176133.0,16.861290322580643,5.0,11.861290322580643,Overutilized
5176136,"Bowser, Cooper",Furman,3.86972,-2.2590508,1.6106691539001463,-4.311331254272461,7.532669085235596,-2.1333308041381835,5.354669111938477,5176136.0,18.38636363636364,15.0,3.38636363636364,Optimal
5176137,"Baker, Darrion",SIUE,-1.51309,-0.23783804,-1.7509280447626114,-7.672928199615479,4.17107166305542,-5.49492798789978,1.99307192817688,5176137.0,18.231034482758623,15.0,3.2310344827586235,Optimal
5176138,"Halligan, Zach",Akron,1.0724,-1.4659241,-0.3935241437911987,-6.3155241943359375,5.528475668334961,-4.137524221038818,3.350475695037842,5176138.0,10.09375,5.0,5.09375,Overutilized
5176139,Marvin Musiime-Kamali,Akron,4.65708,-3.28482,1.3722599201965329,-4.549739534301758,7.294259851531982,-2.371740037841797,5.116259878234863,5176139.0,11.196969696969695,15.0,-3.803030303030303,Optimal
5176140,"Boyd, Karon",Wichita St.,3.04631,-0.0487192,2.997590798763037,-2.924409337463379,8.91959052520752,-0.7464091257476806,6.74159079032898,5176140.0,17.52,25.0,-7.48,Underutilized
5176146,Anthony Benard,Canisius,-9.71156,1.8666359,-7.844924081382752,-13.76692413192749,-1.922924269256592,-11.588924039421082,-4.100924242553711,5176146.0,25.15333333333333,15.0,10.153333333333332,Overutilized
5176149,"Thomas, David",Richmond,-1.30198,-1.147916,-2.4498959593582152,-8.371895771484375,3.4721040911865235,-6.193895798187256,1.2941041178894044,5176149.0,14.06333333333333,15.0,-0.9366666666666692,Optimal
5176150,"Davis, Jake",Illinois,8.33145,-0.8698471,7.461602881145477,1.539602770996094,13.383602633666992,3.717602744293213,11.205602898788452,5176150.0,9.405405405405403,15.0,-5.594594594594595,Underutilized
5176153,"Hill, Marcus",Texas A&M,2.94963,0.31681934,3.266449339990616,-2.6555507403564453,9.188449122314452,-0.4775505286407471,7.010449149017334,5176153.0,20.676470588235293,25.0,-4.3235294117647065,Optimal
5176159,"Walls, Lukas",Radford,0.360384,-1.5036106,-1.143226610961914,-7.065226542297364,4.778773320373535,-4.887226569000244,2.600773347076416,5176159.0,12.627586206896554,15.0,-2.372413793103446,Optimal
5176160,"Holloway, Josh",Texas A&M,1.5449,-0.336606,1.2082940041065215,-4.71370595703125,7.130293905639649,-2.5357059837341307,4.9522939323425295,5176160.0,20.1,5.0,15.099999999999998,Overutilized
5176164,"Bailey, Davion",UIW,-1.58513,1.4385891,-0.146540903930664,-6.068540835266113,5.775459027404786,-3.890540861968994,3.597459054107666,5176164.0,26.74642857142857,35.0,-8.25357142857143,Underutilized
5176166,"Middleton Jr., Trent",N.C. A&T,-2.59321,0.9787898,-1.6144201936340332,-7.536420124969482,4.307579737701416,-5.358420151672363,2.129579764404297,5176166.0,23.167857142857148,35.0,-11.832142857142852,Underutilized
5176167,"Jones, Mason",Ball St.,0.0663625,-0.122138314,-0.0557758139491081,-5.977775931549072,5.8662239311218265,-3.799775719833374,3.688224196243286,5176167.0,9.320689655172414,5.0,4.320689655172414,Optimal
5176169,Marcus Pigram,Western Illinois,-13.2051,4.5371046,-8.667995393371582,-14.589995324707033,-2.7459954620361327,-12.411995351409912,-4.923994958496094,5176169.0,19.086666666666662,25.0,-5.913333333333334,Underutilized
5176171,"Moore, Christian",The Citadel,-3.92982,1.5818485,-2.347971497840881,-8.26997130996704,3.5740285527038576,-6.091971336669921,1.3960285794067384,5176171.0,22.321428571428573,35.0,-12.678571428571429,Underutilized
5176173,"Davis, Keynan",The Citadel,-8.31632,2.1319442,-6.184375820465087,-12.106375751800536,-0.2623763659667961,-9.928375778503415,-2.440375862426757,5176173.0,20.662068965517243,25.0,-4.337931034482757,Optimal
5176175,Quinn Nielsen,Boston University,-6.97351,0.46423706,-6.509272935876846,-12.431272718200685,-0.5872728555297853,-10.253272983322145,-2.7652728288269044,5176175.0,10.207142857142856,15.0,-4.792857142857143,Optimal
5176176,"Eaton, Bryce",Saint Peter's,-2.727,0.46684507,-2.260154934644699,-8.182154895782471,3.661844966888428,-6.004154922485352,1.4838449935913087,5176176.0,25.789285714285715,35.0,-9.210714285714284,Underutilized
5176177,"Vasko, Cayden",Wofford,-0.0362723,-0.53563935,-0.5719116456459046,-6.493911517376709,5.350088345294189,-4.31591154407959,3.1720883719970705,5176177.0,18.023333333333333,25.0,-6.976666666666667,Underutilized
5176179,Shaedon Simpson,Saint Peter's,-3.91456,0.24783841,-3.6667215922451017,-9.588721434173584,2.255278428497314,-7.410721460876465,0.0772784552001955,5176179.0,15.294117647058824,5.0,10.294117647058824,Overutilized
5176182,Aidan Rubio,Eastern Michigan,-2.44083,0.2233886,-2.217441402630806,-8.13944125946045,3.704558603210449,-5.96144128616333,1.52655862991333,5176182.0,14.81333333333333,25.0,-10.18666666666667,Underutilized
5176186,"Johnson, RJ",Kennesaw St.,0.816459,0.44644463,1.2629036306228638,-4.659096419921875,7.184903442749024,-2.481096446624756,5.006903469451904,5176186.0,25.122580645161293,35.0,-9.877419354838707,Underutilized
5176187,"Sherman, Frankquon",Kennesaw St.,3.38579,-0.6277917,2.757998297252655,-3.1640018128967284,8.67999804977417,-0.9860018395996092,6.50199831489563,5176187.0,19.9,15.0,4.899999999999999,Optimal
5176188,Marcus Whitlock Jr.,Middle Tennessee,4.71938,-3.6997879,1.0195921448516847,-4.902408024902344,6.941592076187134,-2.7244075747680663,4.763592102890015,5176188.0,10.455555555555556,5.0,5.455555555555556,Overutilized
5176190,"Osojnik, Arne",Northern Ariz.,-5.44758,1.2803178,-4.167262216644287,-10.089262147979737,1.7547377146911618,-7.9112621746826175,-0.4232622586059573,5176190.0,23.01923076923077,25.0,-1.98076923076923,Optimal
5176193,"Faulkner, Dylan",Samford,4.16234,-0.3720642,3.79027579697609,-2.131724044952392,9.712275817718506,0.0462759283447269,7.534275844421387,5176193.0,30.232142857142858,35.0,-4.767857142857142,Optimal
5176196,"Mbemba, Rashaan",Colorado St.,0.149078,-0.2377932,-0.0887152071685791,-6.010714900085449,5.8332849625854495,-3.832715165206909,3.655284750869751,5176196.0,24.53809523809524,25.0,-0.4619047619047585,Optimal
5176200,"Jefferson, Canin",North Ala.,-4.80631,-0.18382126,-4.990131260929108,-10.912131132659912,0.9318687300109864,-8.734131159362793,-1.246131243286133,5176200.0,24.205,25.0,-0.7949999999999982,Optimal
5176204,Jamal Albritton,North Alabama,-4.5681,-0.41776136,-4.985861355638504,-10.907861257171632,0.9361386054992672,-8.729861283874513,-1.2418613677978518,5176204.0,10.45925925925926,5.0,5.459259259259259,Overutilized
5176206,LA Hayes,UTEP,0.27222,-0.4531855,-0.180965498714447,-6.102965489654541,5.741034373016357,-3.924965516357422,3.563034399719238,5176206.0,21.652,25.0,-3.3480000000000025,Optimal
5176207,"Hunter, Donovan",Bellarmine,-6.88014,1.4488673,-5.431272678985596,-11.353272610321046,0.4907272523498536,-9.175272637023928,-1.6872727209472655,5176207.0,19.74642857142857,5.0,14.74642857142857,Overutilized
5176208,"Lee, Mason",North Florida,-1.1416,0.5073392,-0.6342608204841613,-6.556260930633545,5.287738932037353,-4.378260718917847,3.1097389587402344,5176208.0,15.676666666666668,15.0,0.6766666666666676,Optimal
5176209,"Smith, Jaylen",ETSU,-1.88342,-0.68190926,-2.565329263134003,-8.487329015655519,3.3566708470153808,-6.309329042358399,1.1786706352996823,5176209.0,22.25625,25.0,-2.7437499999999986,Optimal
5176212,Evan Ipsaro,Miami (OH),2.82999,-1.5356505,1.2943395082855225,-4.627660184631347,7.216339678039551,-2.4496606881713867,5.038339466323853,5176212.0,21.09,25.0,-3.910000000000004,Optimal
5176213,"Cooper, Mekhi",Lindenwood,-5.73277,0.85209376,-4.880676243801117,-10.802676234741211,1.0413236279296871,-8.624676261444092,-1.136676345367432,5176213.0,15.163333333333334,25.0,-9.836666666666666,Underutilized
5176218,"Taveras, Isaac",Southern Miss.,2.11146,0.8867242,2.9981841740226747,-2.923815936126709,8.92018392654419,-0.7458157244110106,6.74218395324707,5176218.0,32.95,25.0,7.950000000000003,Overutilized
5176220,"So, Mason",Mount St. Mary's,-4.84118,0.9918238,-3.849356207542419,-9.771356258087158,2.0726436045837406,-7.593356284790039,-0.1053563687133785,5176220.0,16.333333333333332,5.0,11.333333333333332,Overutilized
5176222,Domas Kauzonas,UNC Greensboro,-6.83887,1.2979918,-5.540878247375488,-11.462878178710938,0.3811216839599609,-9.284878205413818,-1.7968782893371582,5176222.0,16.770967741935483,15.0,1.7709677419354826,Optimal
5176224,Nas Muhammad,UAlbany,-7.48074,2.220703,-5.260037113418579,-11.18203704475403,0.6619630563354493,-9.00403707145691,-1.516037393798828,5176224.0,22.76666666666667,25.0,-2.2333333333333307,Optimal
5176227,Amire Robinson,Nevada,1.39499,-1.7406617,-0.3456717403030396,-6.267671552429199,5.576328310241699,-4.08967157913208,3.39832833694458,5176227.0,12.499999999999998,5.0,7.499999999999998,Overutilized
5176231,"Ford, Bryce",Arizona St.,-0.0715084,0.13080046,0.0592920558086395,-5.862708084143066,5.981291778527832,-3.684707872427368,3.803292043649292,5176231.0,15.170370370370373,15.0,0.1703703703703709,Optimal
5176232,"Lewis, Sam",Virginia,4.15698,-0.766851,3.390128992061615,-2.5318708796691896,9.31212898300171,-0.3538709063720704,7.13412900970459,5176232.0,19.38055555555556,15.0,4.380555555555556,Optimal
5176233,Grgur Brcic,Bucknell,-3.63797,0.3744161,-3.26355388710022,-9.185553580017087,2.6584462826538084,-7.00755384513855,0.4804458325195311,5176233.0,14.266666666666667,25.0,-10.733333333333333,Underutilized
5176237,"Albury, Deyton",New Mexico,3.76958,-1.1110078,2.658572190361023,-3.263427621765137,8.580572240905761,-1.0854276484680176,6.402572267608642,5176237.0,24.12941176470588,35.0,-10.870588235294118,Underutilized
5176239,"Pollard, Jaxon",Samford,-4.13349,1.3574988,-2.77599123500824,-8.697991285552979,3.14600857711792,-6.51999131225586,0.9680086038208008,5176239.0,15.9375,25.0,-9.0625,Underutilized
5176240,"Gwath, Magoon",San Diego St.,4.80837,0.8596297,5.667999690647125,-0.2540003002929687,11.58999956237793,1.9239996730041504,9.41199958908081,5176240.0,21.5875,15.0,6.587500000000002,Overutilized
5176241,"Davis, BJ",San Diego St.,6.08421,-1.1668481,4.917361936531067,-1.0046381140136722,10.839361748657224,1.173361859283447,8.661361775360106,5176241.0,22.440625,25.0,-2.559375000000003,Optimal
5176243,"Heide, Miles",San Diego St.,5.2467,-0.2688186,4.977881412935257,-0.9441183097839358,10.899881552886963,1.2338816635131833,8.721881341171265,5176243.0,15.61290322580645,5.0,10.61290322580645,Overutilized
5176245,"Muntu, Brandon",Tennessee Tech,-1.57619,0.23229654,-1.3438934586668014,-7.265893464508057,4.578106398162841,-5.087893491210938,2.4001064248657227,5176245.0,15.167857142857144,25.0,-9.832142857142856,Underutilized
5176246,"De La Cruz Monegro, Jefferson",Cal St. Fullerton,0.226925,0.09368438,0.3206093827366829,-5.601390734863282,6.242609127807617,-3.423390523147583,4.064609392929077,5176246.0,18.377419354838707,25.0,-6.6225806451612925,Underutilized
5176248,Michael Sulaka,Western Michigan,-2.47474,-0.6539674,-3.128707380523682,-9.050707311859131,2.7932925508117674,-6.872707338562012,0.6152925775146483,5176248.0,13.390909090909089,15.0,-1.6090909090909111,Optimal
5176249,Rickey Mitchell Jr.,Bethune-Cookman,-5.76366,2.3143091,-3.449350879821777,-9.371350811157226,2.472649051513672,-7.193350837860107,0.2946490782165529,5176249.0,15.13076923076923,5.0,10.13076923076923,Overutilized
5176252,"Goodarzi, Pasha",San Jose St.,-1.66271,0.62612605,-1.0365839490509032,-6.958583641967773,4.885416220703125,-4.780583907089233,2.707415770568848,5176252.0,15.784210526315787,15.0,0.784210526315789,Optimal
5176260,"Stosic, Pavle",Pepperdine,-0.947571,-0.61655545,-1.5641264523468017,-7.486126145263672,4.357873717407227,-5.308126648803711,2.1798735056915284,5176260.0,13.696666666666664,25.0,-11.303333333333336,Underutilized
5176261,Junseok Yeo,Seattle U,-0.450741,0.70081913,0.2500781347122192,-5.671921915832519,6.172077946838379,-3.4939219425354,3.99407797354126,5176261.0,21.309375000000003,15.0,6.309375000000003,Overutilized
5176262,"Whaley Jr., Rob",Kent St.,-1.12885,0.8544792,-0.2743708063125609,-6.196370618438721,5.647629244232178,-4.0183706451416015,3.4696292709350587,5176262.0,25.27,35.0,-9.73,Underutilized
5176263,"Bannarbie, Jacob",UNLV,1.06634,0.21056332,1.2769033169412614,-4.645096748504638,7.19890311416626,-2.46709653678894,5.02090337928772,5176263.0,20.006896551724136,15.0,5.006896551724136,Overutilized
5176265,"Horton, Khali",Coppin St.,-5.33872,1.6436145,-3.695105469436646,-9.617105162353516,2.2268947003173825,-7.439105427474976,0.0488942501831051,5176265.0,20.45666666666667,15.0,5.456666666666671,Overutilized
5176266,Ryan Archey,North Carolina Central,-10.6529,1.1623776,-9.490522404098511,-15.41252257385254,-3.5685227111816413,-13.234522362136842,-5.746522207641602,5176266.0,31.24285714285714,25.0,6.24285714285714,Overutilized
5176268,"Ryan, Preist",Cleveland St.,-6.00217,0.71290356,-5.289266440792083,-11.211266431732176,0.6327334309387211,-9.033266458435058,-1.545266542358398,5176268.0,16.95357142857143,25.0,-8.04642857142857,Underutilized
5176269,Camaren Sparrow,Coppin State,-1.96562,1.4559121,-0.5097078868103027,-6.431707818145751,5.412292044525147,-4.253707844848632,3.2342920712280274,5176269.0,20.89333333333333,15.0,5.893333333333334,Overutilized
5176273,"Templin, Karson",Utah St.,5.83851,-0.3655449,5.472965114603043,-0.4490347273254391,11.394965135345458,1.72896524597168,9.21696516204834,5176273.0,22.51142857142857,15.0,7.511428571428574,Overutilized
5176274,"Sakho, Kalifa",Houston,7.20212,-1.5756454,5.626474553222656,-0.2955253781127931,11.548474484558106,1.882474595184326,9.370474511260989,5176274.0,8.391176470588235,15.0,-6.608823529411765,Underutilized
5176275,"Tavarez, Deywilk",Loyola Chicago,-3.36312,1.5533205,-1.8097994729232787,-7.731799523468018,4.1122003392028805,-5.553799550170899,1.9342003659057616,5176275.0,22.95757575757576,15.0,7.957575757575757,Overutilized
5176278,"Shepherd, Dean",Delaware St.,-3.75862,-0.92620224,-4.684822237606049,-10.606822228546145,1.2371776341247558,-8.428822255249024,-0.9408223391723634,5176278.0,16.3125,25.0,-8.6875,Underutilized
5176280,"Combs, Kael",Iowa,2.80246,-0.3835867,2.4188732952690124,-3.503126814880371,8.340873047790527,-1.325126841583252,6.162873312911987,5176280.0,15.232432432432432,5.0,10.232432432432432,Overutilized
5176283,"Manyawu, Cam",Iowa,8.45734,-0.7504497,7.70689028295517,1.7848904112243655,13.628890273895264,3.9628903845214847,11.450890300598145,5176283.0,18.15675675675676,25.0,-6.84324324324324,Underutilized
5176285,Jonas Sirtautas,Loyola Maryland,-0.72118,-0.19254254,-0.9137225380468368,-6.835722484283448,5.008277378387451,-4.6577225109863285,2.830277405090332,5176285.0,15.429411764705884,5.0,10.429411764705884,Overutilized
5176286,"Theodosiou, Jacob",Loyola Maryland,-1.93811,0.10602779,-1.832082210586071,-7.754082328186035,4.089917534484863,-5.576082116470337,1.9119177996063232,5176286.0,30.908,35.0,-4.091999999999999,Optimal
5176290,"Akitoby, Daniel",UTSA,-3.45764,-0.88286793,-4.340507932319641,-10.2625077444458,1.5814921182250976,-8.084507771148681,-0.5965078550720215,5176290.0,15.204545454545457,15.0,0.204545454545455,Optimal
5176294,"Oliver, Christian",Morgan St.,-5.47148,0.05320388,-5.418276119213104,-11.34027587173462,0.5037239909362796,-9.16227613685608,-1.6742762207794186,5176294.0,14.834782608695653,15.0,-0.1652173913043491,Optimal
5176296,Allen Udemadu,Jacksonville,-5.44232,0.889623,-4.552697013683319,-10.474696766204833,1.3693030964660649,-8.296697031326293,-0.8086968768310543,5176296.0,17.999999999999996,5.0,12.999999999999996,Overutilized
5176298,"Mims, Julius",New Mexico St.,0.922619,-0.0982751,0.8243438973250389,-5.097656115966797,6.746343746704102,-2.9196561426696777,4.568343773406983,5176298.0,17.182758620689654,25.0,-7.817241379310346,Underutilized
5176299,Tyler Mrus,BYU,1.21923,-0.87008524,0.3491447605895996,-5.57285517074585,6.271144691925048,-3.3948551974487304,4.093144718627929,5176299.0,21.574074074074076,5.0,16.574074074074073,Overutilized
5176300,"Denker, Quinn",Northern Colo.,4.67185,0.9479815,5.6198314767837525,-0.3021685737609862,11.541831288909911,1.8758313995361329,9.363831315612792,5176300.0,29.03333333333333,35.0,-5.966666666666669,Underutilized
5176305,Miles Klapper,Idaho,-1.17271,-0.5305593,-1.7032693013763427,-7.6252694711303715,4.218730391540527,-5.447269020996094,2.0407306566619874,5176305.0,12.244444444444444,25.0,-12.755555555555556,Underutilized
5176308,Win Miller,Belmont,-6.06963,1.7448128,-4.324817153816223,-10.246816965942385,1.5971828967285155,-8.068817111854553,-0.5808170765686036,5176308.0,17.019230769230766,5.0,12.019230769230766,Overutilized
5176309,"Scharnowski, Drew",Belmont,8.1772,-1.1162863,7.060913722229003,1.1389137908935538,12.982913653564452,3.316913764190673,10.804913680267331,5176309.0,26.10333333333334,25.0,1.1033333333333388,Optimal
5176310,"Orme, Sam",Belmont,5.85774,-1.5596349,4.298105076065063,-1.6238950936889651,10.220104768981932,0.5541053564453122,8.042105034103393,5176310.0,18.93571428571429,15.0,3.9357142857142895,Optimal
5176311,"Rogers, Brigham",Belmont,4.66781,-1.501292,3.166518009719849,-2.7554821600341795,9.088517702636718,-0.5774817098999021,6.910517967758179,5176311.0,17.029032258064515,25.0,-7.970967741935485,Underutilized
5176312,"Burch, Demarion",Bradley,-4.15826,1.0454503,-3.1128096702194217,-9.03480972076416,2.809190141906738,-6.856809747467041,0.6311901686096189,5176312.0,21.484,25.0,-3.5159999999999982,Optimal
5176313,"Atlason, Almar",Miami (OH),-0.846447,0.5451292,-0.3013178200454711,-6.22331763217163,5.620682230499268,-4.045317658874511,3.4426822572021485,5176313.0,20.93548387096774,35.0,-14.06451612903226,Underutilized
5176314,"Overton, Kevin",Auburn,4.89191,-1.2309158,3.6609942151641848,-2.2610059545898435,9.582993908081054,-0.0830055044555662,7.404994173202515,5176314.0,17.231578947368416,25.0,-7.768421052631584,Underutilized
5176315,"Garland, Colby",San Jose St.,2.91753,0.97312486,3.890654861717224,-2.031344950408936,9.812654912261962,0.1466550228881837,7.634654938964844,5176315.0,29.50357142857143,25.0,4.50357142857143,Optimal
5176317,"Price, Elijah",Nevada,5.04293,0.3069325,5.349862508945465,-0.5721374819946288,11.27186238067627,1.6058624913024904,9.09386240737915,5176317.0,23.210810810810816,15.0,8.210810810810816,Overutilized
5176318,"Mitchell, Kolton",Idaho,2.05425,0.33786026,2.392110256433487,-3.529889823913574,8.314110038757324,-1.3518896121978758,6.136110065460205,5176318.0,23.270000000000003,15.0,8.270000000000003,Overutilized
5176321,"Huie, Kiree",Eastern Wash.,-1.9326,1.5391487,-0.3934513116836549,-6.315451123809814,5.528548738861084,-4.137451150512695,3.350548765563965,5176321.0,25.778125000000003,35.0,-9.221874999999995,Underutilized
5176322,"Griffin, Isaiah",Western Ill.,-7.80996,1.9501219,-5.859838120422364,-11.781838051757813,0.0621618109130857,-9.603838078460694,-2.115838162384033,5176322.0,21.86428571428572,25.0,-3.1357142857142826,Optimal
5176324,"Otten, Evan",Idaho St.,-0.62771,1.7693573,1.1416473236465454,-4.780352726898194,7.063647135772705,-2.6023526343917847,4.8856471624755855,5176324.0,18.46333333333333,5.0,13.463333333333331,Overutilized
5176325,"Johnson, Trent",Houston Christian,-0.116199,-1.1047654,-1.2209644151916503,-7.1429643465271,4.701035516143799,-4.96496437322998,2.52303554284668,5176325.0,13.01666666666667,15.0,-1.9833333333333307,Optimal
5176331,"Cook, Tyran",Western Ill.,-9.77784,2.0067043,-7.771135669555663,-13.693135600891113,-1.8491357382202145,-11.515135627593994,-4.027135711517333,5176331.0,18.383333333333333,25.0,-6.616666666666667,Underutilized
5176333,"Cotton, Koree",UTRGV,4.17742,-0.33603925,3.841380754871368,-2.080618997650147,9.763380865020752,0.0973809756469723,7.585380653305053,5176333.0,27.23225806451613,35.0,-7.767741935483869,Underutilized
5176334,"Clark, AJ",VMI,-2.88995,0.023721252,-2.8662287483632563,-8.788228713226317,3.0557711494445803,-6.610228739929199,0.8777711761474611,5176334.0,14.79,25.0,-10.21,Underutilized
5176337,"Andrews, Walker",VMI,-9.15494,1.1759511,-7.97898887676239,-13.900988927307129,-2.0569890646362303,-11.72298895401001,-4.2349890379333495,5176337.0,16.892307692307693,15.0,1.8923076923076927,Optimal
5176342,"Placer, Eddie",Wagner,-3.45212,0.30536535,-3.146754646177292,-9.068754368896483,2.775245493774414,-6.890754634017944,0.5972455204772951,5176342.0,16.77037037037037,25.0,-8.229629629629631,Underutilized
5176346,"Kiudulas, Augustinas",Colorado St.,1.4122,-0.45409107,0.9581089279174804,-4.963891003417968,6.88010885925293,-2.7858910301208497,4.702108885955811,5176346.0,21.72121212121212,25.0,-3.278787878787881,Optimal
5176347,"Shetlar, Eli",Drake,1.00162,-0.3307873,0.6708326989364624,-5.251167113189697,6.592832749481201,-3.073167139892578,4.414832776184082,5176347.0,13.803125,15.0,-1.1968750000000004,Optimal
5176349,"Daughtry, Jaden",Richmond,-2.93383,0.23263226,-2.701197735505104,-8.623197771148682,3.220802091522217,-6.445197797851563,1.0428021182250975,5176349.0,27.52,15.0,12.52,Overutilized
5176350,"Vorst, Derek",Indiana St.,0.583536,-0.56234676,0.0211892435417175,-5.9008108666076655,5.943188996063233,-3.722810893310547,3.765189261184693,5176350.0,18.89047619047619,15.0,3.890476190476189,Optimal
5176351,"Pence, Ty",Illinois St.,3.50868,-0.7849579,2.7237221142578125,-3.1982778170776367,8.645722045593262,-1.0202778437805176,6.467722072296143,5176351.0,18.62,25.0,-6.380000000000003,Underutilized
5176352,"Kinziger, Johnny",Illinois St.,0.336793,0.2276675,0.5644604956083298,-5.3575395996398925,6.486460263031006,-3.179539387924194,4.308460528152466,5176352.0,21.494285714285716,25.0,-3.505714285714287,Optimal
5176354,"Walker, Chase",Illinois St.,5.92092,-0.47195995,5.448960051460266,-0.4730399990844729,11.370959863586425,1.7049599742126462,9.192959890289304,5176354.0,32.890625,35.0,-2.109375,Optimal
5176355,"Solomon, Toyaz",UNC Asheville,-0.00421447,1.1102235,1.1060090617230225,-4.815990631193848,7.028009231477051,-2.637990896315308,4.8500087813427735,5176355.0,27.224137931034488,35.0,-7.775862068965512,Underutilized
5176359,"Hammond, Christian",Santa Clara,2.22642,0.014813183,2.241233182875514,-3.680766985015869,8.16323287765503,-1.5027667733001708,5.985233142776489,5176359.0,23.14848484848485,25.0,-1.851515151515148,Optimal
5176361,"Oboye, Bukky",Santa Clara,8.15303,-1.5624925,6.590537510185241,0.6685376980590814,12.51253756072998,2.8465376713562005,10.33453758743286,5176361.0,17.84242424242424,25.0,-7.15757575757576,Underutilized
5176362,"McEldon, Luke",Mount St. Mary's,0.20706,-0.4502061,-0.2431461009407043,-6.165146211090088,5.678853651580811,-3.987146237792969,3.5008539167022703,5176362.0,22.043333333333337,25.0,-2.9566666666666634,Optimal
5176370,"Hill, Davion",Ball St.,1.39661,-0.028764257,1.367845742792487,-4.554154179229736,7.289845683441162,-2.3761542059326173,5.111845710144043,5176370.0,27.03448275862069,25.0,2.0344827586206904,Optimal
5176372,"Beattie, Tom",UC San Diego,2.95173,-0.33591366,2.61581634185791,-3.306183589477539,8.537816273193359,-1.12818361618042,6.35981629989624,5176372.0,18.6125,25.0,-6.387500000000003,Underutilized
5176374,"Jacobs, Akira",Fordham,-0.862388,-0.1603383,-1.0227262974863054,-6.944726333129883,4.899273529541016,-4.766726359832764,2.7212735562438963,5176374.0,12.175862068965518,15.0,-2.824137931034482,Optimal
5176378,Kamari Jones,Cleveland State,-7.7831,1.0682364,-6.7148636489868165,-12.636863580322268,-0.7928637176513673,-10.458863607025148,-2.9708636909484865,5176378.0,18.9,15.0,3.899999999999999,Optimal
5176382,"Abdelgowad, Malek",Southern U.,-1.65606,1.2265335,-0.4295264678573609,-6.3515265184021,5.492473344268799,-4.173526545104981,3.31447337097168,5176382.0,26.676,25.0,1.676000000000002,Optimal
5176384,RJ Taylor,Northern Iowa,-0.250691,-1.7879465,-2.0386374626312254,-7.960637632385254,3.8833622302856448,-5.782637182250976,1.7053624954071045,5176384.0,13.220689655172412,15.0,-1.7793103448275875,Optimal
5176385,"Pock, Kyle",UNI,-0.906257,-0.54990375,-1.4561607504196168,-7.378160800964356,4.465839061706543,-5.200160827667236,2.287839088409424,5176385.0,12.633333333333333,5.0,7.633333333333333,Overutilized
5176386,"Sevilla, Connor",UC Davis,-1.40546,0.40342137,-1.0020386278247833,-6.92403852935791,4.919961333312989,-4.746038556060791,2.741961360015869,5176386.0,17.983333333333334,15.0,2.9833333333333343,Optimal
5176387,"Carter, Drew",Oregon,-2.15001,0.63248205,-1.5175279481506347,-7.439527879486084,4.404471983184815,-5.261527906188965,2.226472009887696,5176387.0,21.730769230769237,15.0,6.7307692307692335,Overutilized
5176388,"Sharp, Sheridan",Southern Ind.,-6.51346,1.2837255,-5.229734499893189,-11.15173419281006,0.6922656698608396,-8.973734457931519,-1.4857347802734375,5176388.0,19.585714285714285,15.0,4.585714285714285,Optimal
5176390,"Pickett, Ethan",Southeastern La.,-5.29516,1.4196988,-3.8754611655807496,-9.797461216125487,2.04653864654541,-7.619461242828369,-0.131461326751709,5176390.0,18.81,25.0,-6.190000000000001,Underutilized
5176395,"Saran, Derin",UC Irvine,0.311533,1.0467608,1.3582937975006104,-4.563706372253418,7.28029349041748,-2.38570616053772,5.102293993957519,5176395.0,23.503030303030304,35.0,-11.496969696969696,Underutilized
5176397,"Welling, Carter",Clemson,6.61132,-0.2643307,6.346989314861298,0.4249892047119141,12.268989067382812,2.6029891780090333,10.090989332504272,5176397.0,26.190625,35.0,-8.809375000000003,Underutilized
5176399,"Weatherspoon IV, Sherman",Utah Valley,-1.26329,-1.1557066,-2.418996644058228,-8.340996336975097,3.5030035256958008,-6.162996840515136,1.3250033139801023,5176399.0,13.517241379310343,5.0,8.517241379310345,Overutilized
5176400,"Williamson, Jahari",Kent St.,2.12041,-1.3993906,0.7210194217300416,-5.200980628814698,6.643019233856201,-3.022980655517578,4.465019260559082,5176400.0,13.25625,15.0,-1.7437499999999986,Optimal
5176401,"Scroggins, Lucas",Saint Peter's,4.65487,-2.1368458,2.5180241728973387,-3.4039755200195314,8.440024104232787,-1.2259760235595705,6.262024130935669,5176401.0,13.934615384615386,15.0,-1.0653846153846145,Optimal
5176402,"Schwieger, Cooper",Wake Forest,2.1604,-1.3405684,0.8198315767288209,-5.102168473815918,6.741831388854981,-2.9241685005187987,4.563831415557861,5176402.0,13.34705882352941,25.0,-11.65294117647059,Underutilized
5176403,Isaiah Stafford,Southern Illinois,-2.04348,0.7136066,-1.3298734040069582,-7.251873096923829,4.59212676574707,-5.073873362045289,2.414126315612793,5176403.0,19.99333333333333,15.0,4.993333333333332,Optimal
5176404,"Sepp, Kaspar",Cornell,-0.0941095,0.06832223,-0.0257872735948562,-5.947787249633789,5.896212613037109,-3.76978727633667,3.71821263973999,5176404.0,17.392307692307693,25.0,-7.607692307692307,Underutilized
5176412,"Moses, Isaiah",Eastern Wash.,-0.0863991,1.7763027,1.689903595274353,-4.232096216851807,7.611903645819091,-2.054096362763977,5.433903672521972,5176412.0,26.871875,35.0,-8.128125,Underutilized
5176415,"Brunt, Chip",Northwestern St.,-4.05975,0.18036005,-3.879389950990677,-9.801390090942384,2.0426097717285154,-7.623389879226685,-0.1353899631500246,5176415.0,15.267857142857144,15.0,0.2678571428571441,Optimal
5176417,"El Shakery, Belal",New Hampshire,-5.28598,2.2136137,-3.0723662514495853,-8.994366182785035,2.849633441467285,-6.816366209487915,0.6716339450073239,5176417.0,29.414814814814815,15.0,14.414814814814818,Overutilized
5176423,"Burke, Aidan",UC San Diego,1.44285,-0.78104436,0.6618056360244751,-5.260194414520264,6.583805448150635,-3.082194441223145,4.405805474853516,5176423.0,12.890625,5.0,7.890625,Overutilized
5176425,"Beasley, Ryan",San Francisco,2.56631,0.44670546,3.013015460548401,-2.908984589996338,8.93501527267456,-0.7309846166992187,6.757015299377441,5176425.0,21.75333333333333,25.0,-3.2466666666666697,Optimal
5176426,"Wang, Junjie",San Francisco,0.129886,0.6623133,0.7921992824897766,-5.129800470031738,6.71419939263916,-2.9518007351531983,4.536199419342041,5176426.0,21.675,15.0,6.674999999999997,Overutilized
5176444,"Trouet, Santiago",Arizona St.,2.82364,1.0177349,3.84137488521576,-2.0806249269104,9.7633749357605,0.0973750463867189,7.585374962463379,5176444.0,17.14516129032258,25.0,-7.85483870967742,Underutilized
5176447,David Simon,Vermont,-2.84339,-0.91322935,-3.7566193462753295,-9.678619396820068,2.16538046585083,-7.500619423522949,-0.0126195074462889,5176447.0,13.6875,5.0,8.6875,Overutilized
5176449,"Chammaa, Joey",Arkansas St.,1.63374,-0.52771986,1.1060201446914673,-4.815979905853272,7.0280199568176265,-2.6379799325561524,4.850019983520507,5176449.0,26.035000000000004,15.0,11.035000000000004,Overutilized
5176451,"Kensie Jr., Keyon",Portland St.,0.0612967,0.6551348,0.7164314970962524,-5.205568553448487,6.638431309222412,-3.027568580151367,4.460431335925293,5176451.0,17.97692307692308,25.0,-7.023076923076921,Underutilized
5176465,"Brockhoff, Kilian",William & Mary,-1.24806,1.2050602,-0.0429997563934325,-5.964999926147461,5.878999936523438,-3.7869997144317615,3.701000440063477,5176465.0,24.37,25.0,-0.629999999999999,Optimal
5176481,"McKeever, Andrew",Saint Mary's (CA),6.7213,1.2870145,8.008314484405517,2.0863145530700686,13.930314415740966,4.264314526367188,11.752314442443849,5176481.0,23.565625,15.0,8.565625,Overutilized
5176494,"Delano, Vincent",Northern Colo.,-4.55275,1.1805332,-3.3722168292999264,-9.294216522216797,2.549783340454102,-7.1162167873382565,0.3717828903198246,5176494.0,16.80344827586207,25.0,-8.19655172413793,Underutilized
5176497,"Harris, Tyler",Vanderbilt,0.502601,1.1509048,1.6535057746658324,-4.268494275878906,7.575505586791992,-2.090494302581788,5.397505613494873,5176497.0,19.4,25.0,-5.600000000000001,Underutilized
5176517,"Ajayi, Michael",Butler,5.26661,1.4110916,6.677701566085815,0.7557018731689453,12.599701735839844,2.9337016080474854,10.421701285705566,5176517.0,27.375,25.0,2.375,Optimal
5176518,"Cooper, Nils",UC Davis,3.3639,-0.7214786,2.6424214185714723,-3.2795783935546874,8.564421469116212,-1.1015784202575682,6.386421495819092,5176518.0,22.14,25.0,-2.8599999999999994,Optimal
5176520,"Squire, John",New Hampshire,-1.39725,-0.9056171,-2.302867117881775,-8.224867168426513,3.6191326942443847,-6.046867195129394,1.4411327209472655,5176520.0,12.864285714285716,15.0,-2.1357142857142843,Optimal
5176529,"Garcia Adsten, Villiam",Drexel,-3.11661,1.2085534,-1.9080565665817264,-7.830056617126464,4.013943245544434,-5.652056643829345,1.8359432722473144,5176529.0,17.075,5.0,12.075,Overutilized
5176530,"Yildizoglu, Tan",VMI,-6.10869,1.4189831,-4.689706898155213,-10.61170694869995,1.232292913970947,-8.433706975402831,-0.945707059326172,5176530.0,22.882758620689653,25.0,-2.1172413793103466,Optimal
5176553,"Fields, London",East Texas A&M,-5.68745,1.0031269,-4.684323140335083,-10.606322833251951,1.2376770294189452,-8.428323098373413,-0.940323420715332,5176553.0,11.904347826086957,15.0,-3.095652173913045,Optimal
5176556,"Hardy, Brandon",Southern U.,-2.14214,0.1960486,-1.946091397538185,-7.868091194763183,3.975908667907715,-5.690091459884643,1.797908456192017,5176556.0,11.566666666666668,5.0,6.566666666666668,Overutilized
5176571,"Pounds, Dani",Tennessee Tech,-2.45584,1.0932038,-1.3626362169647217,-7.28463638671875,4.559363475952148,-5.106636175003052,2.381363979492188,5176571.0,31.87307692307693,25.0,6.87307692307693,Overutilized
5176572,Leeroy Odiahi,Western Kentucky,-1.43982,-1.3355793,-2.7753992760849,-8.69739932662964,3.14660053604126,-6.51939935333252,0.9686005627441404,5176572.0,8.85,15.0,-6.15,Underutilized
5176577,"Hammons, Josiah",UIC,0.224239,-1.7449834,-1.520744434677124,-7.442744604431152,4.401255258239746,-5.264744154296875,2.223255523361206,5176577.0,16.578125,15.0,1.578125,Optimal
5176580,"Glover, Marcus",UIW,-0.141069,-1.3871634,-1.5282324006500243,-7.450232093566894,4.393767769104004,-5.2722325971069335,2.2157675573883058,5176580.0,12.448148148148148,25.0,-12.551851851851852,Underutilized
5176581,Josh Akpovwa,Texas Southern,-7.38157,2.5755816,-4.805988449401855,-10.727988380737305,1.1160114819335938,-8.549988407440186,-1.0619884913635254,5176581.0,16.19090909090909,15.0,1.1909090909090914,Optimal
5176632,"Holcombe, Jackson",Utah Valley,6.54174,-1.0230322,5.5187078115844725,-0.4032921197509767,11.440707742919924,1.7747078535461425,9.262707769622804,5176632.0,27.00322580645161,35.0,-7.99677419354839,Underutilized
5176637,"White, Errol",Lamar University,-1.1871,0.4340275,-0.7530725069999695,-6.675072259521484,5.168927603149414,-4.497072524642944,2.990927629852295,5176637.0,15.83793103448276,15.0,0.8379310344827609,Optimal
5176643,"Mann, Nasir",Queens (NC),0.394759,-0.0593688,0.3353901996281147,-5.58660954171753,6.257390320953369,-3.408609806838989,4.079390109237671,5176643.0,21.40000000000001,25.0,-3.5999999999999943,Optimal
5176646,"Searles, Jaylen",Nicholls,-0.832151,0.5202179,-0.3119331044921875,-6.233933035827636,5.610066826843262,-4.055933062530517,3.4320668535461425,5176646.0,24.351612903225803,25.0,-0.6483870967741971,Optimal
5176648,"Olayinka, Hamed",FIU,1.47713,0.14737868,1.62450868309021,-4.29749100982666,7.546508852844238,-2.1194912749481203,5.36850864112854,5176648.0,20.989655172413794,15.0,5.989655172413794,Overutilized
5176649,"Rainwater, Tennessee",Le Moyne,-1.95643,-0.049884144,-2.006314144216776,-7.928314250640869,3.915685612030029,-5.750314038925171,1.7376858771514894,5176649.0,19.48387096774193,15.0,4.483870967741932,Optimal
5176654,"Hart, Carlos",Eastern Mich.,0.146804,0.4098244,0.556628401140213,-5.365371559997558,6.47862830267334,-3.1873715867004395,4.300628329376221,5176654.0,23.564705882352943,25.0,-1.4352941176470573,Optimal
5176658,"Booker, C.J.",Southeastern La.,-5.15805,0.547454,-4.610596000480652,-10.53259605102539,1.3114038116455076,-8.35459607772827,-0.8665961616516116,5176658.0,13.9,5.0,8.899999999999999,Overutilized
5176660,Hasan Abdul Hakim,Memphis,-0.994921,1.712975,0.7180540251770019,-5.203945906158447,6.6400539565124514,-3.0259459328613283,4.462053983215332,5176660.0,20.33846153846154,15.0,5.338461538461541,Overutilized
5176662,"Williams, Makaih",Grand Canyon,3.75271,-0.56952924,3.1831807646369934,-2.738818987884521,9.105180874786376,-0.5608190145874024,6.927180663070679,5176662.0,25.721875,35.0,-9.278125000000005,Underutilized
5176664,"Douglas, Kade",Tarleton St.,-4.51533,0.6903865,-3.824943525867462,-9.746943636016844,2.097056226654053,-7.568943424301147,-0.080943746643066,5176664.0,19.582142857142856,25.0,-5.4178571428571445,Underutilized
5176665,"West Jr., Jamal",UTEP,1.42587,0.58101124,2.0068812357139585,-3.915118636016846,7.928881226654052,-1.7371186627197266,5.750881253356933,5176665.0,23.964285714285715,35.0,-11.035714285714285,Underutilized
5176669,"Davis, Cliff",James Madison,1.51251,0.019003939,1.531513938883543,-4.390486063232422,7.453513799438476,-2.212486089935303,5.275513826141357,5176669.0,21.959375,15.0,6.959375000000001,Overutilized
5176670,Jae Slack,North Carolina Central,-7.75375,0.22464211,-7.529107887148857,-13.451107654571532,-1.607107791900635,-11.273107919692992,-3.785108003616333,5176670.0,18.742857142857144,25.0,-6.257142857142856,Underutilized
5176672,"Mubiru, Chris",Northwestern St.,0.697025,-0.27760616,0.4194188405513763,-5.502580941772461,6.3414189208984375,-3.324580968475342,4.163418709182739,5176672.0,14.39,5.0,9.39,Overutilized
5176673,J.C. Riley Jr.,Northwestern State,-0.218768,-0.69389766,-0.9126656645469664,-6.83466565548706,5.009334207183838,-4.656665682189941,2.831334233886719,5176673.0,17.18,25.0,-7.82,Underutilized
5176674,Kam Burton,Stephen F. Austin,0.416002,-1.2355237,-0.8195217007141113,-6.741521632049561,5.102478230621338,-4.563521658752442,2.9244782573242185,5176674.0,16.440625,15.0,1.4406250000000007,Optimal
5176681,"Millender, Marcus",Georgia,3.79505,-0.5053544,3.289695595550537,-2.6323043357849123,9.211695526885986,-0.4543043624877931,7.033695553588867,5176681.0,21.563636363636363,25.0,-3.4363636363636374,Optimal
5176682,"Broom, John",South Alabama,-0.276933,-1.1430284,-1.4199613784866334,-7.341961190612793,4.502038672058106,-5.1639612173156735,2.3240386987609862,5176682.0,8.76896551724138,5.0,3.76896551724138,Optimal
5176683,"Kizer, Ethan",South Dakota,-3.52919,-0.310725,-3.839915003480911,-9.761915143432615,2.082084719238281,-7.583915170135498,-0.0959150156402586,5176683.0,11.717241379310344,15.0,-3.2827586206896573,Optimal
5176685,Kwo Agwa,UT Rio Grande Valley,3.78573,-2.224091,1.5616389469909668,-4.360361461181641,7.483638878326416,-2.1823610110473632,5.305638905029297,5176685.0,15.462068965517243,25.0,-9.537931034482757,Underutilized
5176686,"Ugwuakazi, KC",Merrimack,5.54442,-1.1778935,4.366526480598449,-1.5554735699462894,10.288526292724608,0.6225264033508298,8.110526319427489,5176686.0,17.049999999999997,15.0,2.049999999999997,Optimal
5176688,"Phelps, Evan",East Texas A&M,-8.16146,2.393783,-5.767676907501221,-11.68967683883667,0.1543225469970703,-9.51167686553955,-2.0236769494628906,5176688.0,11.968965517241378,5.0,6.968965517241378,Overutilized
5176708,"Wright-Forde, Dian",Norfolk St.,-4.67096,0.08304679,-4.5879132135128975,-10.509913018188476,1.334086844482422,-8.331913283309937,-0.8439133672332764,5176708.0,22.66428571428571,25.0,-2.335714285714289,Optimal
5176710,"Parker, Kam",A&M-Corpus Christi,-2.18709,0.91966677,-1.2674232328796389,-7.189423164215087,4.654576698455811,-5.011423190917968,2.4765767251586914,5176710.0,14.999999999999998,25.0,-10.000000000000002,Underutilized
5176712,Teddy Washington Jr.,Chattanooga,-5.19437,0.99056315,-4.203806845779419,-10.125806538696288,1.7181933239746092,-7.947806803817749,-0.4598071261596681,5176712.0,23.64285714285714,25.0,-1.3571428571428612,Optimal
5176713,"Jackson, Shilo",Le Moyne,2.17993,-1.4301708,0.7497592255401613,-5.172240944213867,6.671758918457032,-2.9942404940795897,4.493759183578492,5176713.0,24.35,25.0,-0.6499999999999986,Optimal
5176727,"Horne, Dontae",Prairie View,0.86474,0.007668073,0.872408072823435,-5.0495919129943845,6.794407949676514,-2.871591939697266,4.616407976379395,5176727.0,31.300000000000004,35.0,-3.699999999999996,Optimal
5176728,"Gumbs, Kaden",Texas St.,-1.30607,-0.19566979,-1.501739785141945,-7.423739582366943,4.420260280303955,-5.245739847488403,2.2422600685882568,5176728.0,17.793333333333337,25.0,-7.206666666666663,Underutilized
5176731,"Kiel, Kerrington",Troy,0.279813,0.15705167,0.4368646675710678,-5.48513536807251,6.3588644945983885,-3.3071353947753908,4.180864521301269,5176731.0,15.425,25.0,-9.575,Underutilized
5176732,"Dowd, Thomas",Troy,4.72478,-0.18569684,4.539083159713745,-1.382916533203125,10.461083329467773,0.795083201675415,8.283083117752074,5176732.0,19.834375,15.0,4.834375000000001,Optimal
5176733,"Rigsby Jr., Marcus",UT Arlington,-1.986,0.1715654,-1.8144346014261248,-7.736434398651123,4.107565464019776,-5.558434663772583,1.9295652523040767,5176733.0,15.120689655172416,15.0,0.1206896551724145,Optimal
5176734,"Rigsby, Myles",Tulsa,3.7593,-0.42853048,3.3307695155620576,-2.5912306243896484,9.25276923828125,-0.4132306510925292,7.07476950340271,5176734.0,15.1,25.0,-9.9,Underutilized
5176735,"Bellamy, Jerrell",Troy,-0.0369021,-0.849198,-0.8861000837417603,-6.80809989586792,5.035899966802979,-4.630099922570801,2.8578999935058595,5176735.0,20.521875,25.0,-4.478124999999999,Optimal
5176736,"Valdes, Victor",Troy,-0.398761,0.68256164,0.2838006359710693,-5.638199056945801,6.205800805725097,-3.4601993220672607,4.02780035559082,5176736.0,31.4625,25.0,6.462499999999999,Overutilized
5176737,"Conerway, Tayton",Indiana,6.73409,-0.87811244,5.855977564659119,-0.0660222474670408,11.777977615203858,2.1119777258300783,9.599977641906738,5176737.0,23.50344827586207,25.0,-1.4965517241379305,Optimal
5176741,Randarius Jones,Grambling,-6.48912,1.1903766,-5.29874336063385,-11.22074317276001,0.6232566899108889,-9.04274319946289,-1.5547432833862302,5176741.0,18.147368421052636,15.0,3.147368421052633,Optimal
5176751,"Leaks, Jordan",Norfolk St.,-4.21205,0.5349273,-3.677122691440582,-9.599122563171386,2.244877299499512,-7.421122589874267,0.0668773262023929,5176751.0,14.989285714285714,15.0,-0.0107142857142861,Optimal
5176752,"Fields Jr., Chris",Campbell,-1.66643,1.2262509,-0.4401791130828858,-6.362179282836914,5.481820579833984,-4.184179071121216,3.303821083374024,5176752.0,29.188,25.0,4.187999999999999,Optimal
5176754,"Wilson, Luke",App State,2.37517,-0.03721514,2.337954860283136,-3.5840451641845705,8.259954698486329,-1.4060451908874514,6.081954725189209,5176754.0,19.0,15.0,3.999999999999997,Optimal
5176755,"Marsh, Jordan",Southern California,0.829238,0.051185697,0.8804236973171234,-5.041576323425293,6.802423539245606,-2.8635763501281737,4.624423565948487,5176755.0,20.18518518518519,15.0,5.1851851851851904,Overutilized
5176756,"Strothers, Etienne",Hampton,-2.59377,0.68922156,-1.9045484390449523,-7.826548549194336,4.017451313476562,-5.648548337478638,1.8394513401794432,5176756.0,19.816666666666663,35.0,-15.183333333333334,Underutilized
5176757,"Hayes, Josh",Utah,2.46623,-3.1009958,-0.6347657790374757,-6.556765948791504,5.287234152297973,-4.378765498657227,3.1092341790008544,5176757.0,10.246875,5.0,5.246874999999999,Overutilized
5176758,"Spillers, Tre'Von",Wake Forest,6.69431,-0.7168341,5.977475872097015,0.0554760003662107,11.89947586303711,2.23347597366333,9.72147588973999,5176758.0,17.928571428571427,25.0,-7.071428571428573,Underutilized
5176763,"Alston, Torey",Middle Tenn.,0.490517,1.275046,1.7655629909439088,-4.15643705960083,7.687562803070068,-1.9784370863037108,5.509562829772949,5176763.0,22.779310344827586,25.0,-2.2206896551724142,Optimal
5176765,"Loofe, Chris",Middle Tenn.,-1.53137,1.4802867,-0.0510832825851439,-5.973083333129883,5.870916529541016,-3.795083359832764,3.6929165562438966,5176765.0,17.59310344827586,15.0,2.5931034482758584,Optimal
5176770,"Harris, Jaden",Kennesaw St.,-1.45516,-0.24208854,-1.6972485413885117,-7.619248249206543,4.224751613464355,-5.441248514328003,2.046751401748657,5176770.0,14.699999999999998,15.0,-0.3000000000000025,Optimal
5176771,"Yaak, Yaak",Oregon St.,-1.92159,0.9118056,-1.0097843702697753,-6.931784301605225,4.912215561065674,-4.753784328308106,2.7342155877685546,5176771.0,22.476000000000003,15.0,7.476000000000003,Overutilized
5176773,CJ Beaumont,Sam Houston,-0.642079,-0.2959342,-0.9380132002868652,-6.860013131622314,4.983986731048584,-4.682013158325195,2.805986757751465,5176773.0,12.922222222222224,15.0,-2.077777777777776,Optimal
5176778,Jack Edelen,Western Kentucky,-6.22964,2.6514843,-3.578155748977661,-9.50015568031311,2.343844420776368,-7.322155707015991,0.16584397064209,5176778.0,14.400000000000002,5.0,9.400000000000002,Overutilized
5176780,"Moore, Teagan",Western Ky.,5.05424,-0.73506767,4.319172334423065,-1.6028277757263183,10.24117208694458,0.5751721975708008,8.06317235206604,5176780.0,26.188,35.0,-8.811999999999998,Underutilized
5176781,"Miles, Izzy",Northwestern St.,-3.76221,0.6819808,-3.080229211292267,-9.00222932144165,2.841770541229248,-6.824229109725952,0.6637705679321289,5176781.0,23.633333333333333,35.0,-11.366666666666667,Underutilized
5176783,"Jackson, Traivar",Northern Ariz.,-0.219154,-0.66178656,-0.8809405562438964,-6.802940487579345,5.041059375091553,-4.624940514282226,2.863059401794433,5176783.0,16.696551724137933,25.0,-8.303448275862067,Underutilized
5176784,"Perkins II, Quinton",Mercer,-2.87096,-0.20032537,-3.0712853698349,-8.993285420379639,2.85071444229126,-6.81528544708252,0.6727144689941404,5176784.0,17.184,15.0,2.184000000000001,Optimal
5176787,"Innocenti, Emmanuel",Gonzaga,7.02332,-1.2650301,5.758289854354858,-0.1637098385620117,11.680290024108889,2.014289657897949,9.502289812393188,5176787.0,12.728571428571428,5.0,7.728571428571428,Overutilized
5176788,"Benjamin, Bubu",George Washington,1.53252,-0.3956464,1.136873606700897,-4.7851265034484864,7.058873359222412,-2.607126530151368,4.880873624343872,5176788.0,13.858620689655172,5.0,8.858620689655172,Overutilized
5176789,"Barnes, Devon",Ball St.,-2.68533,-0.28187814,-2.967208143548965,-8.889207925872803,2.954791936798096,-6.711207952575684,0.7767917250823975,5176789.0,24.127586206896552,35.0,-10.872413793103448,Underutilized
5176792,Braeden MacVicar,Coastal Carolina,-6.90912,2.5986512,-4.310468829269409,-10.232468760604858,1.6115308636474612,-8.054468787307739,-0.5664686328124997,5176792.0,19.79565217391304,25.0,-5.204347826086959,Underutilized
5176794,"Sanders, Jon",Eastern Mich.,-4.55003,0.83061206,-3.7194179365921016,-9.64141774871826,2.202582113952637,-7.463417775421142,0.024582140655518,5176794.0,21.32592592592593,35.0,-13.67407407407407,Underutilized
5176795,"Meyer, Jacob",UAB,-2.85881,1.0799636,-1.7788464351272584,-7.700846247253418,4.14315361541748,-5.522846273956299,1.9651536421203613,5176795.0,20.45185185185185,25.0,-4.548148148148151,Optimal
5176798,"Banks, Eren",App State,-2.82942,0.77325326,-2.056166737957001,-7.9781664904785154,3.865833372192383,-5.800166755599975,1.6878333988952638,5176798.0,15.603571428571428,15.0,0.6035714285714278,Optimal
5176799,"Kuhl, Collin",Stetson,-1.14791,1.1241835,-0.0237264644241332,-5.9457262765502925,5.898273586120606,-3.767726303253174,3.7202736128234863,5176799.0,22.67,25.0,-2.330000000000002,Optimal
5176801,"Parker, Avantae",Queens (NC),3.17822,0.18781511,3.3660351148557663,-2.555964741973877,9.28803512069702,-0.3779647686767577,7.110035147399902,5176801.0,22.3,15.0,7.300000000000001,Overutilized
5176803,"Ferguson, Malik",Tennessee Tech,-5.91553,1.177844,-4.737685952453614,-10.659685883789065,1.1843139788818355,-8.481685910491944,-0.9936859944152836,5176803.0,20.53333333333334,15.0,5.5333333333333385,Overutilized
5176811,"Jones, Elijah",Longwood,-0.70544,-0.89867693,-1.6041169318580626,-7.5261168035888675,4.317883059082031,-5.348116830291748,2.1398830857849123,5176811.0,12.208000000000002,5.0,7.208000000000002,Overutilized
5176812,Mac Wrecke,Green Bay,-2.99082,0.23327485,-2.7575451527309416,-8.679544994659423,3.164454868011475,-6.501545021362304,0.9864548947143555,5176812.0,12.547619047619047,15.0,-2.452380952380953,Optimal
5176814,"Hall, Marcus",Green Bay,1.16664,0.6404664,1.8071063920402528,-4.114893718109131,7.729106144561768,-1.9368935063934327,5.551106171264649,5176814.0,19.46551724137931,15.0,4.46551724137931,Optimal
5176815,"Douglas Jr., David",Fresno St.,-0.485634,-0.46518475,-0.95081874817276,-6.872818619903565,4.971181242767334,-4.694818646606445,2.7931812694702147,5176815.0,16.394444444444442,15.0,1.3944444444444422,Optimal
5176835,"Franklin, Aaron",Milwaukee,0.392038,0.1783816,0.5704196069364548,-5.351580488311767,6.492419374359131,-3.173580276596069,4.314419639480591,5176835.0,13.129032258064516,25.0,-11.870967741935484,Underutilized
5176836,"Duffy, Darius",Purdue Fort Wayne,1.32922,-1.3284781,0.0007419020843506,-5.921257790832519,5.922742071838379,-3.7432582943725583,3.744741860122681,5176836.0,11.137931034482758,15.0,-3.862068965517242,Optimal
5176937,"Craig, DeAndre",Purdue Fort Wayne,-2.60583,0.2958777,-2.309952304916382,-8.231952474670411,3.612047388000488,-6.053952262954712,1.4340478915405273,5176937.0,24.779310344827586,15.0,9.779310344827586,Overutilized
5176939,Josh Lee,Denver,-4.26051,0.2693961,-3.991113903532028,-9.91311362625122,1.9308862364196773,-7.735113891372681,-0.2471137368774414,5176939.0,15.523809523809524,5.0,10.523809523809524,Overutilized
5176946,"Kraft, Zach",North Dakota,-0.908441,-1.0560669,-1.964507870689392,-7.886507921234131,3.957491941436768,-5.708507947937012,1.7794919681396484,5176946.0,12.587096774193547,15.0,-2.4129032258064527,Optimal
5176950,"Mara, Mambourou",Houston Christian,0.153656,0.33195695,0.4856129528102875,-5.436387067932129,6.407612794738769,-3.25838709463501,4.22961282144165,5176950.0,17.375862068965517,25.0,-7.624137931034483,Underutilized
5176954,"Burke, Jeremiah",Denver,-3.3401,1.7164744,-1.623625586128235,-7.545625398254394,4.298374464416504,-5.367625424957275,2.1203744911193847,5176954.0,21.84137931034483,25.0,-3.1586206896551694,Optimal
5177015,"Stubblefield, Grant",Omaha,1.36184,-0.2676329,1.0942070983314514,-4.827792892608643,7.016206970062256,-2.6497929193115235,4.838206996765137,5177015.0,17.75384615384615,15.0,2.753846153846151,Optimal
5177021,"Johnson, Biko",Idaho,0.575869,0.28043115,0.8563001513900756,-5.065699660736084,6.778300201934814,-2.887699687438965,4.600300228637695,5177021.0,24.790909090909093,35.0,-10.209090909090907,Underutilized
5177038,"Jones, Josh",North Dakota,-3.30928,0.77735233,-2.531927666931153,-8.453927598266603,3.3900722644042967,-6.275927624969483,1.2120722911071775,5177038.0,13.796153846153848,5.0,8.796153846153848,Overutilized
5177040,"Bedford, Jailen",Virginia Tech,0.393649,1.0216365,1.4152854860534667,-4.506714445281983,7.337285417388916,-2.328714471984864,5.159285444091797,5177040.0,21.819354838709685,25.0,-3.1806451612903146,Optimal
5177041,Shey Eberwein,South Dakota,-4.79632,1.047954,-3.748366036720276,-9.670365848846435,2.173634013824463,-7.492365875549316,-0.0043659594726559,5177041.0,21.081818181818186,15.0,6.081818181818182,Overutilized
5177042,"Bruns, Isaac",South Dakota,-3.3886,1.1141545,-2.2744455419540404,-8.19644559249878,3.6475542701721193,-6.01844561920166,1.4695542968750002,5177042.0,29.5,35.0,-5.5,Underutilized
5177043,"Brack, Jake",South Dakota,-1.86231,-1.2340299,-3.0963398891067504,-9.018339701232913,2.8256601614379884,-6.840339727935791,0.6476601881408692,5177043.0,9.434782608695652,5.0,4.434782608695652,Optimal
5177047,William Whorton,Memphis,-0.428788,-0.45568147,-0.8844694730167388,-6.806469255340576,5.037530607330322,-4.628469282043457,2.859530395614624,5177047.0,12.963157894736842,5.0,7.963157894736842,Overutilized
5177048,"Sayler, Joe",South Dakota St.,-3.3128,1.2202111,-2.0925888517379763,-8.014588902282714,3.829410960388184,-5.836588928985596,1.6514109870910645,5177048.0,21.93103448275862,25.0,-3.068965517241381,Optimal
5177049,Bubz Alvarez,South Dakota State,-3.7114,0.26136303,-3.45003697052002,-9.372036901855468,2.47196296081543,-7.194036928558349,0.2939629875183107,5177049.0,16.572222222222226,15.0,1.5722222222222264,Optimal
5177051,"Wilkinson, Damon",South Dakota St.,0.434433,1.1751065,1.6095395254211426,-4.312460405914306,7.531539456756592,-2.134460432617188,5.353539483459473,5177051.0,27.217241379310344,25.0,2.2172413793103445,Optimal
5177052,Hayden Tibbits,St. Thomas-Minnesota,-2.08393,-1.0281271,-3.1120570742416382,-9.034057124786376,2.809942737884521,-6.856057151489258,0.6319427645874023,5177052.0,16.047826086956526,15.0,1.047826086956526,Optimal
5177054,"Oosterbaan, Ben",St. Thomas (MN),1.97325,-1.4432229,0.5300271196365356,-5.391972930908203,6.452026931762696,-3.213972957611084,4.274026958465576,5177054.0,13.958064516129031,25.0,-11.041935483870969,Underutilized
5177096,"Gordon, Greg",LIU,1.19352,-0.2766976,0.9168223941516876,-5.0051775669860845,6.838822295684814,-2.827177593688965,4.660822322387695,5177096.0,21.640000000000004,25.0,-3.359999999999996,Optimal
5177097,"Quigley, Jeremiah",Binghamton,-3.72873,0.8882972,-2.840432799797058,-8.762432850341797,3.081567012329101,-6.584432877044678,0.9035670390319824,5177097.0,27.053571428571427,35.0,-7.946428571428573,Underutilized
5177098,"Aranguren, Jean",George Washington,3.76283,-0.39723068,3.3655993152427675,-2.556400556488037,9.287599306182862,-0.3784005831909178,7.109599332885742,5177098.0,19.4235294117647,25.0,-5.576470588235299,Underutilized
5177104,"Floyd, Jasper",West Virginia,4.65464,-0.5430967,4.111543278827667,-1.810456473693848,10.033543388977051,0.3675434996032711,7.855543177261352,5177104.0,16.54857142857143,25.0,-8.451428571428568,Underutilized
5177114,"Traore, Seydou",Utah,0.802457,0.7969808,1.5994377982444763,-4.322562073486328,7.521437789184571,-2.144562100189209,5.343437815887452,5177114.0,19.26129032258064,25.0,-5.738709677419358,Underutilized
5177115,"Bender, Shaquil",Long Beach St.,-6.31452,1.8859273,-4.428592680473328,-10.350592731018066,1.493407131652832,-8.172592638511658,-0.684592841644287,5177115.0,27.551724137931032,35.0,-7.448275862068968,Underutilized
5177116,"Winston, Jaden",Manhattan,-0.632144,0.4382741,-0.193869914478302,-6.115870024627686,5.728129838043213,-3.937869812911988,3.550129864746093,5177116.0,23.116129032258065,25.0,-1.883870967741938,Optimal
5177120,"Schofield, Jason",Marist,2.9205,-1.0944989,1.826001127243042,-4.095998565673828,7.748001296997071,-1.917999069213867,5.570001085281373,5177120.0,24.264,25.0,-0.7360000000000007,Optimal
5177121,"Pascarelli, Josh",Colorado St.,2.51022,-0.5691979,1.9410221068573,-3.9809775860595695,7.863022276611328,-1.8029780895996093,5.68502206489563,5177121.0,17.092307692307692,5.0,12.092307692307692,Overutilized
5177122,"Montgomery, De'Shayne",Dayton,5.48963,-0.88681895,4.602811054592133,-1.319188817138672,10.524811045532228,0.8588111561584473,8.346811072235107,5177122.0,21.774999999999995,25.0,-3.225000000000005,Optimal
5177124,Patrick Haigh,Mount St. Mary's,-4.94502,0.5984797,-4.346540311832428,-10.268540183563232,1.5754596791076656,-8.090540210266113,-0.6025402941894535,5177124.0,12.85,5.0,7.850000000000001,Overutilized
5177126,"Henderson II, Ahmad",UIC,-2.04277,-0.058129754,-2.100899753917456,-8.022899718780518,3.821100143890381,-5.844899745483398,1.6431001705932615,5177126.0,29.34242424242424,35.0,-5.65757575757576,Underutilized
5177137,"Bennett, Khaden",Wyoming,5.27954,-0.7183504,4.561189589538574,-1.360810341796875,10.483189520874024,0.817189631500244,8.305189547576905,5177137.0,19.15625,25.0,-5.84375,Underutilized
5177139,"Vavers, Rihards",Washington St.,2.03539,-0.23276348,1.802626515879631,-4.119373221740723,7.724626640930175,-1.9413734868621824,5.546626429214477,5177139.0,17.067857142857147,25.0,-7.932142857142853,Underutilized
5177140,"Kelly, Daemar",NIU,-6.05776,1.7152977,-4.342462301025391,-10.26446223236084,1.5795376303100586,-8.08646225906372,-0.5984623429870606,5177140.0,17.725925925925925,25.0,-7.2740740740740755,Underutilized
5177148,"Zeigler, Armoni",Ball St.,-2.09416,0.44812775,-1.6460322534179688,-7.568032184753418,4.27596767791748,-5.390032211456299,2.0979677046203613,5177148.0,24.90689655172413,35.0,-10.093103448275867,Underutilized
5177149,"Houge, Michael",Oakland,-3.8069,1.1918579,-2.6150420660018923,-8.537042116546631,3.3069577461242674,-6.359042143249512,1.1289577728271485,5177149.0,22.19259259259259,15.0,7.1925925925925895,Overutilized
5177167,"Evbagharu, Mike",Canisius,-1.21393,1.6167508,0.4028208363723755,-5.519179214172363,6.324820648498536,-3.341179240875244,4.1468206752014165,5177167.0,19.155172413793107,25.0,-5.844827586206893,Underutilized
5177169,"Frazier, Max",Central Conn. St.,1.49155,-0.06924689,1.4223031118392944,-4.499696700286865,7.344303162384033,-2.321696726989746,5.166303189086914,5177169.0,19.70714285714286,35.0,-15.29285714285714,Underutilized
5177173,"Huggins, Jacob",Princeton,-0.647712,0.41259545,-0.2351165491218566,-6.1571166592712405,5.686883203399658,-3.979116447555542,3.508883230102539,5177173.0,17.339285714285715,25.0,-7.660714285714285,Underutilized
5177174,"Hicke, Jackson",Princeton,1.45887,0.5688578,2.027727789039612,-3.894272261505127,7.949727601165772,-1.716272288208008,5.7717276278686525,5177174.0,24.16071428571429,35.0,-10.839285714285712,Underutilized
5177175,"Davis, Dalen",Princeton,-5.368,1.7380887,-3.629911273002625,-9.551911323547364,2.292088539123535,-7.373911350250244,0.1140885658264156,5177175.0,29.878947368421063,35.0,-5.121052631578937,Underutilized
5177185,"Mullin, Trevor",Yale,0.231993,-0.05395249,0.1780405109517574,-5.743959625274658,6.10004023739624,-3.56595941355896,3.9220405025177,5177185.0,20.227586206896557,25.0,-4.772413793103446,Optimal
5177187,"Aletan, Samson",Yale,4.43398,-0.58683187,3.847148132305145,-2.0748519778442382,9.76914788482666,0.1031479954528808,7.59114814994812,5177187.0,16.0,15.0,1.0,Optimal
5177188,"Sabol, Ryan",Buffalo,-1.06521,1.7258731,0.6606631126785278,-5.261336937866211,6.582662924804687,-3.083336964569092,4.404662951507568,5177188.0,24.56,35.0,-10.439999999999998,Underutilized
5177189,"Boldin Jr., Anquan",Florida A&M,-3.91066,1.0037417,-2.90691825881958,-8.82891819015503,3.015081672515869,-6.65091821685791,0.83708169921875,5177189.0,16.86,15.0,1.8599999999999997,Optimal
5177193,"Pettus II, Randall",Elon,-2.9502,0.3214101,-2.628789910268784,-8.550789752197266,3.2932101104736327,-6.372789778900147,1.1152101371765135,5177193.0,21.716666666666672,15.0,6.716666666666672,Overutilized
5177207,"Naivalurua, Tuburu",Oakland,2.03546,-0.9279933,1.1074667024230958,-4.814533228912353,7.029466633758545,-2.6365332556152343,4.851466660461426,5177207.0,20.090322580645164,25.0,-4.909677419354836,Optimal
5177211,"Folgueiras, Alvaro",Iowa,8.43833,-1.1189718,7.319358175354004,1.3973582440185552,13.241358106689454,3.5753582173156744,11.063358133392336,5177211.0,22.335135135135133,35.0,-12.664864864864867,Underutilized
5177215,"Callaghan, Solomon",Wright St.,0.00919893,-0.7012612,-0.6920622923625183,-6.614062044884033,5.229937817786865,-4.436062071586914,3.051937606071167,5177215.0,14.621875,15.0,-0.3781250000000007,Optimal
5177217,"Schwieger, Carson",Queens (NC),-0.553706,0.870893,0.3171870015563964,-5.604812929779053,6.239186932891846,-3.4268129564819336,4.061186959594727,5177217.0,16.045454545454547,15.0,1.0454545454545467,Optimal
5177218,"Anderson, Dayjaun",UAB,-1.79005,0.44634292,-1.3437070847034454,-7.265706986236572,4.578292876434326,-5.087707012939453,2.400292903137207,5177218.0,14.70689655172414,15.0,-0.2931034482758594,Optimal
5177219,"Brown, Kaden",Southern Ind.,-4.75019,1.3966786,-3.3535114330673217,-9.27551148361206,2.568488379058838,-7.097511510314941,0.3904884057617188,5177219.0,21.527272727272727,25.0,-3.4727272727272727,Optimal
5177227,"Dynes, Gabe",Southern California,4.93915,-2.6616573,2.2774926666259763,-3.644507264709473,8.199492597961425,-1.4665072914123538,6.021492624664306,5177227.0,12.748275862068963,5.0,7.748275862068965,Overutilized
5177229,"Smith, Jr., Darin",Central Conn. St.,-3.32452,1.9975584,-1.3269616446685792,-7.248961576004028,4.5950385250854495,-5.070961602706909,2.417038074951172,5177229.0,29.682142857142857,25.0,4.682142857142857,Optimal
5177232,"Morris, Jameel",Alcorn,-2.20212,0.06752328,-2.134596721704006,-8.05659645187378,3.7874034107971193,-5.878596716995239,1.609403199081421,5177232.0,21.80333333333333,15.0,6.803333333333335,Overutilized
5177233,"Brown, Terrence",Utah,1.12525,0.30447358,1.4297235789299012,-4.492276531219482,7.351723331451416,-2.314276319503784,5.173723358154297,5177233.0,32.69375,35.0,-2.3062499999999986,Optimal
5177247,"Dancler, AJ",Coastal Carolina,0.111612,0.94124573,1.05285773469162,-4.869142375457764,6.974857487213135,-2.6911421637420654,4.796857513916016,5177247.0,23.745161290322574,25.0,-1.254838709677422,Optimal
5177248,"Garang, Deng",Le Moyne,-2.50538,0.3361408,-2.169239188556672,-8.091239298706055,3.752760563964844,-5.913239086990357,1.5747605906677244,5177248.0,17.635483870967743,25.0,-7.364516129032257,Underutilized
5177250,"Mosquera, Trent",Le Moyne,-0.385929,0.79701227,0.4110832694969177,-5.510916602233887,6.333083260437012,-3.3329166289367675,4.155083287139893,5177250.0,22.648387096774197,15.0,7.648387096774194,Overutilized
5177252,"Owens, Ocypher",Tarleton St.,-1.65246,0.79356956,-0.8588904351806641,-6.780890366516113,5.063109496154786,-4.602890393218994,2.885109522857666,5177252.0,18.700000000000003,15.0,3.700000000000003,Optimal
5177260,"Acker, Eric",La Salle,-3.67717,0.9249555,-2.752214512748718,-8.674214563293457,3.1697852993774416,-6.496214589996338,0.9917853260803224,5177260.0,19.332,5.0,14.332,Overutilized
5177262,Tre'shawn Sheppard,Long Island University,-1.59545,-0.94067526,-2.536125258636474,-8.458125189971923,3.3858746726989746,-6.280125216674804,1.2078746994018554,5177262.0,11.534615384615384,15.0,-3.4653846153846164,Optimal
5177264,Nikola Djapa,Colorado State,0.4967,0.16910516,0.6658051572561263,-5.256194878387452,6.587804984283447,-3.078194905090332,4.409805010986328,5177264.0,20.45555555555556,5.0,15.455555555555556,Overutilized
5177275,"Clark, Adam",Seton Hall,1.97985,0.57744503,2.5572950302124022,-3.364704901123047,8.479294961547852,-1.1867049278259276,6.301294988250732,5177275.0,26.1,15.0,11.1,Overutilized
5177284,"Talbert, Ace",Gardner-Webb,-5.55841,1.8749579,-3.683452080879212,-9.605451893005371,2.238547969665527,-7.427452038917542,0.0605479963684079,5177284.0,15.87241379310345,15.0,0.8724137931034495,Optimal
5177286,Eli Wilborn,James Madison,0.7409,-0.45578375,0.2851162454128265,-5.63688377532959,6.2071160873413085,-3.458883802032471,4.029116114044189,5177286.0,18.386666666666663,25.0,-6.613333333333337,Underutilized
5177298,"Brogna, Todd",Merrimack,1.32945,-0.047801502,1.2816484979510308,-4.640351425933838,7.20364843673706,-2.4623514526367187,5.025648463439941,5177298.0,14.570588235294116,5.0,9.570588235294116,Overutilized
5177301,"Council Jr., Melvin",Kansas,4.43076,1.0086588,5.439418766746521,-0.4825810453796384,11.36141881729126,1.6954189279174807,9.18341884399414,5177301.0,22.982857142857146,25.0,-2.017142857142858,Optimal
5177341,Nakyel Shelton,Loyola Marymount,-3.35679,0.4757415,-2.8810484943771364,-8.803048544921875,3.040951317749024,-6.625048571624756,0.8629513444519041,5177341.0,12.91851851851852,15.0,-2.081481481481479,Optimal
5177352,"Douglas, Bradley",James Madison,-3.16807,1.1048932,-2.063176792449952,-7.9851767237854,3.858823138885498,-5.807176750488281,1.6808231655883787,5177352.0,25.13225806451613,15.0,10.132258064516126,Overutilized
5177355,"Downing, Cougar",UMBC,-2.87676,-0.041518595,-2.918278595069647,-8.840278619537354,3.003721243133545,-6.662278646240234,0.8257212698364258,5177355.0,13.410344827586204,5.0,8.410344827586204,Overutilized
5177358,"Morton, Jerone",Washington St.,0.885198,-0.058772493,0.8264255068461895,-5.095574495269776,6.748425367401123,-2.9175745219726563,4.570425394104004,5177358.0,16.935483870967747,15.0,1.9354838709677475,Optimal
5177359,"Ricks III, Eddie",James Madison,1.99354,-0.8313939,1.1621461024665831,-4.759853650054931,7.084146212615967,-2.581853676757812,4.906146000900269,5177359.0,14.00967741935484,5.0,9.00967741935484,Overutilized
5177360,"Marshall, George",Morehead St.,0.486302,0.0026966205,0.4889986205332428,-5.43300141720581,6.410998445465088,-3.255001443908691,4.232998472167969,5177360.0,21.953333333333333,25.0,-3.046666666666667,Optimal
5177364,"Pickett, Jordan",SIUE,-4.99167,0.9551759,-4.036494123382568,-9.958494054718017,1.8855058079528808,-7.780494081420898,-0.2924941653442383,5177364.0,16.507142857142856,15.0,1.5071428571428562,Optimal
5177367,"Ward, BJ",Southeast Mo. St.,-3.63846,1.0220219,-2.616438110313416,-8.538438160858155,3.3055617018127443,-6.360438187561035,1.1275617285156252,5177367.0,22.030000000000005,35.0,-12.969999999999995,Underutilized
5177368,"Biel, TJ",Maine,-2.42952,0.56402427,-1.865495730419159,-7.787495482940674,4.0565043797302245,-5.609495748062134,1.878504406433105,5177368.0,20.13793103448276,25.0,-4.862068965517242,Optimal
5177370,"Bell, Marqueas",Southeast Mo. St.,-1.79645,0.18621106,-1.6102389355421067,-7.532238822174072,4.311761040496826,-5.354238848876953,2.133761067199707,5177370.0,20.69333333333333,25.0,-4.306666666666668,Optimal
5177516,"Christmas, Chrishawn",SFA,3.36153,-0.16831164,3.1932183593797685,-2.728781527252197,9.1152183354187,-0.550781553955078,6.937218362121582,5177516.0,12.76875,15.0,-2.2312499999999997,Optimal
5177520,"Abdur-Rahman, Bilal",Alabama A&M,-0.330734,-1.9064864,-2.23722039202118,-8.159220442565918,3.684779420104981,-5.981220469268799,1.5067795660171508,5177520.0,18.748148148148147,15.0,3.7481481481481462,Optimal
5177521,"Bryant, AC",Jacksonville St.,1.54267,-0.5599643,0.9827057007980348,-4.939294111328125,6.904705751342774,-2.7612941380310057,4.726705778045655,5177521.0,19.05,25.0,-5.949999999999999,Underutilized
5177526,"Moodie, Chad",App State,-3.25554,-0.30078083,-3.5563208327674865,-9.478320704498293,2.3656791581726075,-7.300320731201172,0.1876791848754884,5177526.0,10.83,5.0,5.83,Overutilized
5177530,"Octave, Micah",Florida A&M,4.65536,-0.47467694,4.180683063135147,-1.741317017211914,10.102682845458984,0.436682956085205,7.924683110580444,5177530.0,16.045454545454547,15.0,1.0454545454545467,Optimal
5177533,"Smith, Sean",Middle Tenn.,2.1792,-0.060506657,2.118693343234062,-3.80330675201416,8.040693110656738,-1.625306540298462,5.862693375778198,5177533.0,23.01034482758621,35.0,-11.98965517241379,Underutilized
5177534,Stephen Byard,Chicago State,-3.23402,0.24562521,-2.9883947872114183,-8.910394912261964,2.9336049504089354,-6.732394700546265,0.7556052155303954,5177534.0,24.01818181818181,25.0,-0.9818181818181876,Optimal
5177538,"Gaines-Wyatt, Jalyke",Hampton,-5.37134,1.00302,-4.3683199518585205,-10.29031964477539,1.5536802178955078,-8.11231990989685,-0.6243202322387695,5177538.0,25.31111111111112,35.0,-9.688888888888885,Underutilized
5177539,"Binet, Djahi",Southern Miss.,3.30676,-0.26579434,3.0409656632041933,-2.881034208526611,8.962965654144288,-0.703034235229492,6.784965680847169,5177539.0,19.42121212121212,25.0,-5.578787878787878,Underutilized
5177557,"Coffee III, Roderick",Grambling,0.605838,-0.06798879,0.5378492094283104,-5.384150803863525,6.459849058807373,-3.2061508305664064,4.281849085510254,5177557.0,19.80689655172414,25.0,-5.19310344827586,Underutilized
5177558,"Parker, K'Jei",Massachusetts,0.330026,-0.10003424,0.229991763092041,-5.692008168243408,6.15199169442749,-3.514008194946289,3.9739917211303712,5177558.0,22.259375,25.0,-2.7406250000000014,Optimal
5177572,"Dozier, Kintavious",Alabama A&M,-1.47882,0.3494561,-1.12936389834404,-7.051363621063232,4.792636241607666,-4.873363886184692,2.614636268310547,5177572.0,23.183333333333334,15.0,8.183333333333334,Overutilized
5177573,"Stevenson, Mikale",Purdue Fort Wayne,-2.80416,0.2624541,-2.541705907497406,-8.4637058984375,3.3802939642333985,-6.28570592514038,1.2022939909362793,5177573.0,26.027586206896547,35.0,-8.972413793103453,Underutilized
5177575,"Newton, Chilaydrien",Abilene Christian,-1.70355,0.02065613,-1.682893870654702,-7.604893822479248,4.2391060401916505,-5.426893849182129,2.061106066894532,5177575.0,19.26071428571429,15.0,4.26071428571429,Optimal
5177579,"Williams, Delyle",Jackson St.,-5.47727,1.270642,-4.206627957839966,-10.128627650756837,1.7153722119140626,-7.950627915878296,-0.4626282382202147,5177579.0,12.861290322580643,5.0,7.861290322580645,Overutilized
5177605,"Johnson, Jordan",Bethune-Cookman,-5.73228,1.0301858,-4.70209418132782,-10.624094231872558,1.2199056307983396,-8.446094258575439,-0.9580943424987796,5177605.0,14.712903225806452,5.0,9.712903225806452,Overutilized
5177606,"Dioumassi, Tidjiane",Western Caro.,-2.08323,0.9255427,-1.157687287788391,-7.079687099914551,4.764312762756347,-4.901687126617432,2.5863127894592286,5177606.0,21.525,15.0,6.525000000000002,Overutilized
5177608,"Wysinger, Jaylen",Texas Southern,-1.47417,0.11677349,-1.3573965064120292,-7.2793963259887695,4.564603536682129,-5.10139635269165,2.38660356338501,5177608.0,24.885185185185183,25.0,-0.1148148148148173,Optimal
5177651,James Dent Jr.,Middle Tennessee,-3.59419,1.7006166,-1.893573401870728,-7.815573094787598,4.028426767883301,-5.637573359909058,1.8504263177490232,5177651.0,12.144444444444446,25.0,-12.855555555555554,Underutilized
5177655,"Knox, Tay",Texas St.,-0.331032,-0.89733183,-1.2283638338394165,-7.150363645965577,4.693636216705322,-4.9723636726684575,2.515636243408203,5177655.0,12.48333333333333,15.0,-2.5166666666666693,Optimal
5177677,"Doyle, Alex",Stetson,-3.0144,0.42443457,-2.589965427541733,-8.511965269470215,3.3320345932006834,-6.333965296173096,1.1540346199035645,5177677.0,15.09032258064516,15.0,0.0903225806451608,Optimal
5177678,"Sheridan, Finley",Stetson,-1.54666,-0.29662564,-1.843285643968582,-7.765285545501709,4.078714317169189,-5.58728557220459,1.9007143438720704,5177678.0,17.91851851851852,15.0,2.918518518518521,Optimal
5177685,"Okeke, Okechukwu",UAlbany,1.15159,0.5290949,1.680684874858856,-4.241315235290528,7.602684627380371,-2.063315023574829,5.424684654083252,5177685.0,17.53793103448276,15.0,2.53793103448276,Optimal
5177686,"Lipscomb, Jaidon",Cleveland St.,0.431415,1.7480953,2.179510273971557,-3.7424894189453126,8.101510443725585,-1.5644896840667726,5.923509993591309,5177686.0,21.15333333333333,25.0,-3.846666666666668,Optimal
5177687,Travis Gray,Wagner,-2.44095,0.11898315,-2.3219668504714965,-8.243966662597657,3.6000332000732422,-6.065966689300537,1.422033226776123,5177687.0,19.11578947368421,25.0,-5.8842105263157904,Underutilized
5177690,"Camper Jr., Corey",Nevada,6.03116,-0.16320017,5.867959830198288,-0.0540403097534181,11.78995955291748,2.12395990196228,9.61195981803894,5177690.0,23.44242424242424,25.0,-1.5575757575757585,Optimal
5177691,"Terrell Jr., David",North Texas,2.00641,-0.09667007,1.9097399311995504,-4.012260082092285,7.831739780578613,-1.8342601087951664,5.653739807281494,5177691.0,25.151612903225804,35.0,-9.848387096774196,Underutilized
5177692,"Horton, Trey",UTEP,-4.42003,0.83420813,-3.585821869163513,-9.507821919708253,2.336177942962647,-7.3298219464111325,0.1581779696655276,5177692.0,15.1,25.0,-9.9,Underutilized
5177694,"Williams, Money",Montana,2.23268,0.79245925,3.02513924949646,-2.89686044342041,8.947139419250489,-0.7188607085418699,6.769138969116211,5177694.0,35.18333333333333,35.0,0.18333333333333,Optimal
5177696,"Davidson, Zack",Northern Ariz.,-5.19715,1.4379553,-3.759194739723205,-9.681194551849366,2.162805310821533,-7.503194578552246,-0.0151946624755856,5177696.0,27.15,25.0,2.150000000000002,Optimal
5177698,Connor Dick,Montana,-1.33392,0.18371843,-1.150201571984291,-7.072201726837158,4.77179813583374,-4.89420151512146,2.5937984009552,5177698.0,10.64090909090909,15.0,-4.359090909090909,Optimal
5177699,"Rice, Jalin",Nicholls,-5.81092,1.5628728,-4.248047232551575,-10.170047044677734,1.6739528179931638,-7.992047071380615,-0.5040471553039554,5177699.0,19.093333333333337,25.0,-5.906666666666663,Underutilized
5177701,"Debrick, KJ",N.C. A&T,1.29413,-0.40539527,0.8887347306060791,-5.033265439147949,6.810734423522949,-2.855264989013672,4.632734688644409,5177701.0,19.251851851851853,25.0,-5.748148148148147,Underutilized
5177702,"Rivera, Yaniel",Abilene Christian,-1.82155,-0.36394012,-2.1854901197433474,-8.107490170288086,3.736509692382812,-5.929490196990967,1.5585097190856934,5177702.0,16.933333333333334,15.0,1.9333333333333336,Optimal
5177703,"McClain, Kavion",Monmouth,0.330988,-1.0107404,-0.6797523993606567,-6.601752211486817,5.242247651184082,-4.423752238189698,3.064247677886963,5177703.0,26.109090909090916,35.0,-8.890909090909087,Underutilized
5177705,Ma'Shy Hill,Abilene Christian,-6.96594,2.668751,-4.297188998641968,-10.219188929977417,1.6248106942749023,-8.041188956680298,-0.5531888021850584,5177705.0,12.513333333333332,5.0,7.513333333333332,Overutilized
5177707,"Hadnot II, Corey",Purdue Fort Wayne,1.23614,0.36666015,1.6028001479053495,-4.319199813232422,7.524800049438476,-2.141199839935303,5.346800076141357,5177707.0,28.73448275862069,35.0,-6.26551724137931,Underutilized
5177708,"Coleman, Jermaine",St. Thomas (MN),-3.66631,0.71616566,-2.950144338188172,-8.87214438873291,2.971855473937988,-6.694144415435791,0.793855500640869,5177708.0,13.870967741935486,15.0,-1.1290322580645142,Optimal
5177716,"Heimbrodt, Will",Seattle U,3.54128,0.78288704,4.3241670415687565,-1.597832949371338,10.24616691329956,0.5801670239257812,8.068166940002442,5177716.0,25.696875,25.0,0.6968749999999986,Optimal
5177717,"Gomma, Malek",Weber St.,-0.460747,0.3563845,-0.1043625140399933,-6.026362653991699,5.8176372086792,-3.848362442276001,3.63963723538208,5177717.0,17.953333333333333,25.0,-7.046666666666667,Underutilized
5177719,Harrison Reede,Incarnate Word,-2.33327,0.03528385,-2.2979861513566973,-8.219985888977051,3.624013973693848,-6.041986154098511,1.4460137619781492,5177719.0,8.63913043478261,5.0,3.6391304347826097,Optimal
5177722,"Johnson, Prophet",Sacramento St.,3.90569,0.17523272,4.080922723355293,-1.841077044067383,10.002922818603516,0.3369226908111571,7.824922606887817,5177722.0,25.170370370370367,35.0,-9.829629629629633,Underutilized
5177724,"Dyachok, Nestor",North Florida,-4.96434,-0.6039499,-5.5682899044418335,-11.490289954986572,0.3537099076843262,-9.312289981689451,-1.824290065612793,5177724.0,15.056666666666668,5.0,10.056666666666668,Overutilized
5177725,Brock Felder,Seattle U,-3.19986,-0.42966095,-3.6295209461307527,-9.55152072845459,2.2924791342163084,-7.373520755157471,0.1144789225006102,5177725.0,14.553846153846154,25.0,-10.446153846153846,Underutilized
5177732,"Bailey III, Chuck",Nevada,-0.0918839,0.28380793,0.1919240333305358,-5.730076076818848,6.113923785852051,-3.552075865103149,3.935923812554932,5177732.0,18.115151515151517,15.0,3.115151515151513,Optimal
5177734,"Hughes, Joshua",Evansville,-1.14879,-0.21120536,-1.3599953632736206,-7.281995413818359,4.562004448852539,-5.10399544052124,2.38400447555542,5177734.0,15.626666666666669,15.0,0.6266666666666687,Optimal
5177736,"Humrichous, Ben",Illinois,8.79765,-1.8505591,6.94709088459015,1.025090834045411,12.86909069671631,3.20309080734253,10.69109084262848,5177736.0,10.97837837837838,15.0,-4.021621621621621,Optimal
5177741,"Petty, Jayson",Kansas City,-2.87406,1.0437459,-1.8303141246414183,-7.752313936767578,4.09168592590332,-5.574313963470459,1.913685952606201,5177741.0,19.160714285714285,25.0,-5.839285714285715,Underutilized
5177742,Malik Olafioye,Eastern Illinois,-9.34048,2.8796284,-6.460851580123901,-12.38285151145935,-0.5388518872070307,-10.204851538162233,-2.716851383666992,5177742.0,17.505555555555556,5.0,12.505555555555556,Overutilized
5177743,"Brown, Jamar",UCLA,5.15867,-0.90704954,4.251620463294983,-1.670379587249756,10.173620275421143,0.5076203860473631,7.995620302124023,5177743.0,11.233333333333333,5.0,6.2333333333333325,Overutilized
5177744,"Faas, Cameron",Fresno St.,0.262309,-0.8836515,-0.6213424949798584,-6.543342664733887,5.300657197937012,-4.365342214599609,3.122657463058472,5177744.0,12.493548387096771,15.0,-2.506451612903227,Optimal
5178199,"Heady, Jakobi",Bethune-Cookman,2.1379,-0.065897636,2.072002363884449,-3.8499973960876464,7.994002466583252,-1.6719976612091063,5.816002254867554,5178199.0,21.345161290322583,25.0,-3.654838709677417,Optimal
5178200,"Willoughby, Seneca",Bethune-Cookman,-2.44963,0.16003934,-2.289590664510727,-8.211590506439208,3.6324093562316895,-6.03359053314209,1.4544093829345703,5178200.0,11.97857142857143,15.0,-3.0214285714285705,Optimal
5178207,"Daniels Jr., Dominique",California Baptist,3.72251,0.028774958,3.751284958103896,-2.170715193023681,9.673284669647217,0.0072850186920168,7.495284934768676,5178207.0,31.08787878787879,35.0,-3.9121212121212094,Optimal
5178210,"Riley, Tylen",Tulsa,1.52652,0.5927495,2.1192694764328004,-3.8027303356933593,8.041269526977539,-1.62473036239624,5.86326955368042,5178210.0,28.85555555555556,25.0,3.8555555555555614,Optimal
5178211,"Griman, Jonathan",California Baptist,2.7729,-0.35087925,2.42202074804306,-3.499979123687744,8.344020738983154,-1.321979150390625,6.166020765686035,5178211.0,16.01290322580645,5.0,11.01290322580645,Overutilized
5178891,"Ellis, Devon",Norfolk St.,-1.82559,-0.31032327,-2.135913268175125,-8.057913169708252,3.7860866929626464,-5.879913196411133,1.6080867196655273,5178891.0,18.27857142857143,25.0,-6.721428571428572,Underutilized
5178892,"Mack, Tyler",Alabama St.,-2.892,0.31206682,-2.579933176755905,-8.501932899475097,3.342066963195801,-6.323933164596557,1.1640669898986815,5178892.0,15.55,25.0,-9.45,Underutilized
5178893,"Wilson, Antwan",Rider,-8.22804,2.184953,-6.043087025680542,-11.965086957015991,-0.1210873327636719,-9.787086983718872,-2.299086829223633,5178893.0,17.548000000000002,15.0,2.548000000000002,Optimal
5179085,"Buckner, Ace",Clemson,4.52312,-0.5738608,3.949259175891876,-1.972740576629639,9.871259286041258,0.20525939666748,7.693259074325561,5179085.0,23.180000000000003,25.0,-1.8199999999999967,Optimal
5179092,"Dubinsky, Wilson",Marshall,-0.928735,-1.2459276,-2.1746625722503663,-8.096662742004394,3.747337120666504,-5.918662291870117,1.5693373857879638,5179092.0,13.119354838709675,15.0,-1.8806451612903228,Optimal
5179094,"Morrow, James",South Carolina St.,-1.39135,-0.43526682,-1.826616822576523,-7.748616902923584,4.095382959747314,-5.570616929626465,1.9173832248687743,5179094.0,18.94782608695652,15.0,3.947826086956521,Optimal
5179096,"Teal, Michael",UMES,-6.53647,0.46831587,-6.068154130430221,-11.990153853149414,-0.1461539904785151,-9.812154118270874,-2.3241539637756343,5179096.0,17.959999999999997,15.0,2.9599999999999973,Optimal
5179286,"Griffith, Jalen",Western Mich.,-1.73837,1.0092611,-0.7291088687133789,-6.651108800048828,5.192891062622071,-4.473108826751709,3.0148910893249514,5179286.0,25.016,35.0,-9.984000000000002,Underutilized
5179287,"Rivers, Donovan",Jacksonville,-5.2762,1.1471151,-4.129084888648987,-10.051084700775146,1.7929151618957515,-7.873084727478028,-0.3850848114013674,5179287.0,23.616666666666667,15.0,8.616666666666667,Overutilized
5179291,"Smith, Josh",West Ga.,-4.57212,0.60803765,-3.9640823494148254,-9.886082459564207,1.9579174031066893,-7.708082247848511,-0.2200825701904296,5179291.0,29.15862068965517,35.0,-5.841379310344831,Underutilized
5179294,"King, Po'Boigh",Sam Houston,0.835835,0.025284264,0.8611192642366886,-5.060880641021728,6.78311922164917,-2.882880667724609,4.605119248352051,5179294.0,19.839285714285715,25.0,-5.160714285714285,Underutilized
5180677,"Enoh, Anhtony",Georgia St.,-3.03278,0.9904292,-2.042350777416229,-7.964350529937744,3.8796493327331545,-5.786350795059204,1.7016493594360351,5180677.0,14.578571428571433,25.0,-10.421428571428567,Underutilized
5180714,"Daniel-Dalton, Jailen",UC Riverside,-1.14167,-0.3134385,-1.4551085049343109,-7.377108346862792,4.466891515808106,-5.199108373565673,2.2888915425109864,5180714.0,12.583333333333334,5.0,7.583333333333334,Overutilized
5180743,"Terrell, Chris",New Mexico St.,-1.14827,-0.45302132,-1.601291317720413,-7.523291457672119,4.320708404998779,-5.345291484375,2.142708670120239,5180743.0,20.08928571428572,35.0,-14.91071428571428,Underutilized
5180772,Joseph Owens,Chicago State,-2.35576,-0.65073484,-3.006494841823578,-8.928494832763672,2.9155050299072265,-6.750494859466553,0.7375050566101073,5180772.0,14.352,5.0,9.352,Overutilized
5180818,"Brumfield, Dylan",Southern Miss.,-0.932234,0.6263945,-0.3058394897308349,-6.227839659484864,5.616160203186035,-4.049839447769165,3.438160706726074,5180818.0,16.79090909090909,15.0,1.7909090909090892,Optimal
5180837,"Ward, Josh",Cal St. Fullerton,1.64966,0.50887364,2.158533641490936,-3.763466468658448,8.080533394012452,-1.5854662569427491,5.902533420715332,5180837.0,23.025,25.0,-1.9750000000000012,Optimal
5180868,"Tupuola, Shon",Valparaiso,2.97665,-0.69664794,2.280002057933807,-3.641998052215576,8.202001810455322,-1.4639980789184572,6.024002075576782,5180868.0,13.76875,25.0,-11.23125,Underutilized
5180944,"Peterson, NaVuan",Gardner-Webb,-3.83588,0.60281265,-3.233067352180481,-9.15506716430664,2.688932698364258,-6.977067191009521,0.5109327250671387,5180944.0,13.752,25.0,-11.248,Underutilized
5180962,Mikhail Pocknett,Buffalo,-3.78008,0.06981197,-3.710268030004501,-9.632268110351562,2.211731752319336,-7.454267898635864,0.033732017440796,5180962.0,18.666666666666664,15.0,3.666666666666664,Optimal
5181250,"Battie, Dillon",Wichita St.,3.47144,-0.6705012,2.800938827457428,-3.121061163482666,8.722938699188232,-0.943061190185547,6.544938725891113,5181250.0,20.066666666666663,15.0,5.066666666666666,Overutilized
5181503,"Henderson, Andrew",UC Riverside,-0.645846,1.1607497,0.5149036738433838,-5.407096495910644,6.436903366760254,-3.2290962841949464,4.258903870300293,5181503.0,27.226666666666667,35.0,-7.773333333333333,Underutilized
5181934,"Compas, Matt",IU Indy,-5.01702,0.28851712,-4.728502882499694,-10.650502933044432,1.1934969296264653,-8.472502959747313,-0.984503043670654,5181934.0,23.5448275862069,15.0,8.5448275862069,Overutilized
5182077,"Celichowski, Wesley",Air Force,-5.03722,1.6725945,-3.364625452728271,-9.28662538406372,2.557374478607178,-7.108625410766601,0.379374505310059,5182077.0,16.209375,5.0,11.209375,Overutilized
5182079,"Gilles, Kolby",Air Force,-10.1509,3.6532958,-6.497604244613648,-12.419604175949097,-0.5756045516967774,-10.241604202651978,-2.7536040481567383,5182079.0,20.090625000000003,5.0,15.090625000000005,Overutilized
5182084,"Walker, Caleb",Air Force,-2.96675,2.097813,-0.8689371089935305,-6.79093704032898,5.05306258392334,-4.612937067031861,2.8750630874633787,5182084.0,26.041666666666668,25.0,1.041666666666668,Optimal
5182412,"Perkins, Tyler",Villanova,6.31922,-0.64745057,5.671769433708191,-0.2502303784179691,11.59376948425293,1.92776959487915,9.41576951095581,5182412.0,20.73030303030303,25.0,-4.2696969696969695,Optimal
5182413,"Brown, Sam",Davidson,-2.98816,1.7715127,-1.216647253189087,-7.138646946105958,4.705352916564941,-4.960647211227418,2.527352466430664,5182413.0,21.42,35.0,-13.580000000000002,Underutilized
5182415,"Gerhart, Augustus",Penn,2.09676,-0.39259928,1.704160715351105,-4.21783903717041,7.626160825500488,-2.039839063873291,5.44816061378479,5182415.0,14.513793103448274,5.0,9.513793103448274,Overutilized
5182416,Niklas Polonowski,Pennsylvania,-4.9231,1.8177456,-3.105354433631897,-9.027354245758056,2.816645616912842,-6.849354391670227,0.6386456436157228,5182416.0,11.45,5.0,6.449999999999999,Overutilized
5182573,"Nkrumah, Aaron",Tennessee St.,3.19841,-0.20711361,2.9912963912820816,-2.9307036741638184,8.91329618850708,-0.7527034624481201,6.73529645362854,5182573.0,27.380000000000003,25.0,2.3800000000000026,Optimal
5182581,Jose Roberto Tanchyn,UMBC,2.0997,-0.679174,1.42052599401474,-4.501473877716064,7.342525984954834,-2.3234739044189454,5.164526011657715,5182581.0,18.42333333333333,5.0,13.423333333333332,Overutilized
5182601,"Beard, Tre",Cleveland St.,0.361229,-0.007924996,0.353304003683567,-5.568695964904785,6.275303897766113,-3.390695991607666,4.097303924468994,5182601.0,17.946428571428573,25.0,-7.053571428571427,Underutilized
5182713,"Valrie, Jo",SIUE,-3.1697,0.2844647,-2.8852353128910067,-8.807235095214844,3.0367647674560545,-6.629235360336304,0.8587647941589354,5182713.0,15.568965517241375,15.0,0.5689655172413772,Optimal
5183116,"Hall, CJ",SIUE,-6.65052,1.6149315,-5.035588535804749,-10.957588347930908,0.88641151473999,-8.77958837463379,-1.2915884585571291,5183116.0,24.446153846153848,35.0,-10.553846153846152,Underutilized
5183293,"Chavis, Casmir",UT Arlington,-2.05132,0.7873892,-1.2639307811927796,-7.1859306529235845,4.658069209747314,-5.007930679626465,2.480069236450196,5183293.0,24.80333333333333,25.0,-0.1966666666666654,Optimal
5183294,"Adkins, Carmelo",USC Upstate,-2.88209,1.5648466,-1.3172433651351927,-7.2392434156799315,4.604756446990967,-5.061243442382812,2.426756473693848,5183294.0,23.127586206896552,35.0,-11.872413793103448,Underutilized
5183379,"Roberts, Bryce",Texas Southern,-1.32444,-0.22710538,-1.5515453791046143,-7.473545072021484,4.370454790649414,-5.295545337142944,2.192454578933716,5183379.0,17.734782608695653,25.0,-7.265217391304347,Underutilized
5183809,"Sharma, Ishan",Saint Louis,4.38153,-1.6137571,2.767772866516113,-3.154227064819336,8.689772797851562,-0.9762270915222172,6.511772824554443,5183809.0,14.694117647058825,15.0,-0.3058823529411771,Optimal
5183875,"Dent, Joshua",Saint Mary's (CA),5.26009,-0.6730926,4.586997396316528,-1.3350027734375,10.508997089233398,0.8429976766967773,8.330997354354858,5183875.0,19.01875,25.0,-5.981249999999999,Underutilized
5183925,"Brown, CJ",South Fla.,0.0348087,-0.12978016,-0.0949714584005355,-6.016971523846435,5.827028338824463,-3.838971312130737,3.649028603945923,5183925.0,23.342424242424244,35.0,-11.657575757575756,Underutilized
5183975,Abdullah Ahmed,BYU,5.2815,-0.70684826,4.574651736259461,-1.347348075866699,10.4966517868042,0.8306518974304202,8.318651813507081,5183975.0,8.584999999999999,5.0,3.584999999999999,Optimal
5184709,"Peat, Nadjrick",Coastal Carolina,-0.141023,-0.57062674,-0.7116497356872559,-6.633649667022705,5.210350195648194,-4.455649693725586,3.032350222351074,5184709.0,10.12258064516129,15.0,-4.877419354838709,Optimal
5184903,"Haywood, Evan",Butler,2.00523,-0.69477236,1.3104576372909549,-4.611542174835205,7.232457687835693,-2.433542201538086,5.054457714538574,5184903.0,16.144827586206898,25.0,-8.855172413793102,Underutilized
5185239,"Fitzpatrick, Jabri",New Haven,-1.45153,0.42098752,-1.0305424833583832,-6.952542325286865,4.891457537384033,-4.774542351989746,2.713457564086914,5185239.0,25.278571428571432,15.0,10.278571428571432,Overutilized
5185444,"Ahrens, Spencer",Boise St.,2.42161,0.8234292,3.245039226875305,-2.6769608236694338,9.167039039001464,-0.4989608503723146,6.989039065704345,5185444.0,20.300000000000004,5.0,15.300000000000004,Overutilized
5185563,"McIntyre, Adrian",San Diego,2.12517,-0.0394094,2.085760600967407,-3.836239568786621,8.007760293884278,-1.658239357070923,5.829760559005737,5185563.0,21.090322580645168,15.0,6.090322580645168,Overutilized
5185598,"Payton, Trevon",Ark.-Pine Bluff,-1.32032,-0.49664125,-1.8169612484645845,-7.738961090393066,4.105038772277832,-5.560961117095947,1.927038798980713,5185598.0,12.813333333333334,15.0,-2.1866666666666656,Optimal
5185673,"Hayes, Zaire",Texas Southern,-3.14215,0.53190804,-2.61024196472168,-8.53224189605713,3.311757966613769,-6.35424192276001,1.1337579933166504,5185673.0,17.376923076923074,25.0,-7.623076923076926,Underutilized
5186456,"Aristode, Dwayne",Arizona,8.21119,-2.2291365,5.98205353302002,0.0600536016845705,11.904053464355467,2.2380535749816897,9.72605349105835,5186456.0,9.794285714285715,5.0,4.794285714285715,Optimal
5186601,"Federiko, Okku",Drake,0.916383,-0.40486732,0.5115156787471771,-5.41048410357666,6.433515759094238,-3.2324841302795413,4.25551554737854,5186601.0,19.73125,35.0,-15.26875,Underutilized
5187519,"Harakow, Adam",Wyoming,1.94258,-0.47831106,1.4642689381408691,-4.4577309931945805,7.386268869476318,-2.279731019897461,5.208268896179199,5187519.0,14.346875,25.0,-10.653125,Underutilized
5187600,"Tanner, Tyler",Vanderbilt,10.2242,-1.2218354,9.002364625167846,3.0803649322509763,14.924364794921877,5.258364428710937,12.746364583206176,5187600.0,26.225,35.0,-8.775000000000002,Underutilized
5188026,"Haupt, Luke",New Mexico,4.53905,-0.113448344,4.425601655828952,-1.4963980743408207,10.347601788330078,0.6816016605377193,8.16960157661438,5188026.0,15.958333333333336,15.0,0.9583333333333356,Optimal
5189001,"Harris, Chaze",South Alabama,3.11595,-1.2453583,1.870591652107239,-4.0514083984375,7.792591464233398,-1.8734084251403809,5.614591490936279,5189001.0,36.10322580645161,35.0,1.1032258064516114,Optimal
5189254,"Mzein, Mussa",Mississippi Val.,-10.1344,2.1504362,-7.983963837051391,-13.90596376838684,-2.0619636672973627,-11.72796379508972,-4.23996411743164,5189254.0,16.396875,25.0,-8.603124999999999,Underutilized
5189257,"Johnson, Anthony",Arizona St.,2.24083,0.043407638,2.284237637625933,-3.637762491149904,8.206237371520995,-1.4597622794342042,6.028237636642456,5189257.0,26.87575757575758,25.0,1.8757575757575784,Optimal
5189814,"Dent-Smith, Jeremy",Stanford,0.0434542,0.011778308,0.0552325080786466,-5.866767376690674,5.977232485980225,-3.6887674033935545,3.7992325126831057,5189814.0,21.07575757575757,25.0,-3.9242424242424256,Optimal
5190922,Hassane Diallo,Prairie View A&M,-3.11935,0.48457476,-2.634775235033035,-8.556775136566163,3.2872247261047365,-6.378775163269043,1.1092247528076171,5190922.0,16.21153846153846,25.0,-8.78846153846154,Underutilized
5190926,"Williams, Kobi",Missouri St.,-0.52914,0.23082015,-0.2983198508167267,-6.2203197523498535,5.623680110321045,-4.042319779052734,3.445680137023926,5190926.0,18.283333333333328,25.0,-6.716666666666672,Underutilized
5190937,"Hall, Xavier",Indiana St.,-3.14042,0.88202614,-2.258393864078522,-8.180393735809327,3.663606126861572,-6.002393762512208,1.485606153564453,5190937.0,17.94,15.0,2.9400000000000013,Optimal
5191345,Jared Lary,Detroit Mercy,-5.85295,2.4211497,-3.431800269317627,-9.353800200653076,2.490199185180664,-7.175800227355957,0.3121996887207032,5191345.0,17.9875,15.0,2.9875000000000007,Optimal
5191584,"Sams, Lamont",Mississippi Val.,-4.86952,1.1627116,-3.706808379669189,-9.628808311004638,2.21519155166626,-7.450808337707519,0.037191578369141,5191584.0,16.516666666666666,15.0,1.5166666666666655,Optimal
5191591,"Sands, Corey",Chicago St.,-6.00073,2.1494908,-3.851239166717529,-9.77323909805298,2.0707612414550782,-7.595239124755859,-0.1072392086791991,5191591.0,12.389655172413796,15.0,-2.6103448275862053,Optimal
5192142,"Taylor III, Cedric",Howard,2.60154,-0.74753857,1.8540014334106445,-4.067998497924805,7.776001364746094,-1.8899985246276856,5.598001391448975,5192142.0,26.87826086956522,25.0,1.8782608695652208,Optimal
5194058,"Daniel, JaVar",West Ga.,2.64654,-0.89356345,1.752976550617218,-4.169023201904297,7.6749766607666015,-1.9910232286071776,5.496976449050903,5194058.0,17.83448275862069,25.0,-7.165517241379309,Underutilized
5195079,"Elamin, Adlan",Utah St.,3.8163,-0.6157646,3.200535382080078,-2.721464549255371,9.122535313415527,-0.5434645759582519,6.944535340118408,5195079.0,15.782352941176468,5.0,10.782352941176468,Overutilized
5195304,"Ugbo, Emmanuel",Washington St.,-2.34389,0.91035855,-1.4335314518356324,-7.355531502380371,4.488468360290527,-5.177531529083252,2.310468386993408,5195304.0,19.14090909090909,25.0,-5.859090909090906,Underutilized
5196370,"Pippen, Justin",California,5.35999,-0.42056075,4.939429252614975,-0.9825707681274416,10.861429094543457,1.1954292051696775,8.683429121246338,5196370.0,27.32903225806452,25.0,2.329032258064519,Optimal
5196671,"Zentner, Corbin",Cornell,-2.49215,-1.3288271,-3.820977142715454,-9.742976835632325,2.101023027038574,-7.564977339172364,-0.0769771846771241,5196671.0,11.977272727272728,5.0,6.977272727272727,Overutilized
5196866,"Diggs, Caden",UMBC,-1.7087,-0.24910404,-1.9578040378808976,-7.879803954315186,3.964195908355713,-5.701803981018067,1.7861959350585936,5196866.0,22.57,25.0,-2.4300000000000037,Optimal
5196867,"Hill, Josh",Robert Morris,-7.39358,2.4450033,-4.948576728897095,-10.870576660232544,0.9734234408569336,-8.692576686935425,-1.2045770092773438,5196867.0,22.87,25.0,-2.1300000000000026,Optimal
5196876,"Tillery, Keyshuan",Cincinnati,-0.30292,1.3710618,1.0681418019104003,-4.853858129425049,6.990141733245849,-2.675858156127929,4.81214175994873,5196876.0,20.687096774193552,15.0,5.687096774193552,Overutilized
5196877,"Able, Matt",NC State,3.70858,-0.8421367,2.8664433189201355,-3.055556791229248,8.78844307144165,-0.8775568179321289,6.61044333656311,5196877.0,19.47647058823529,15.0,4.476470588235294,Optimal
5196879,"Cochran, KJ",Santa Clara,1.23315,-1.0427245,0.1904255098342895,-5.731574540710449,6.112425321960449,-3.55357456741333,3.9344253486633294,5196879.0,16.397058823529417,5.0,11.397058823529417,Overutilized
5196913,"Fogle, Davis",Gonzaga,7.03319,-1.6835122,5.349677789154053,-0.5723221421813962,11.271677720489503,1.605677831115723,9.093677747192384,5196913.0,22.946666666666665,35.0,-12.053333333333338,Underutilized
5196914,"Evans, Amari",Tennessee,6.66567,-0.23266073,6.433009274287224,0.5110092982482914,12.35500916091919,2.6890092715454106,10.17700918762207,5196914.0,14.071428571428571,15.0,-0.9285714285714288,Optimal
5196916,"Mullins, Braylon",UConn,6.05107,-0.5546135,5.496456528968811,-0.4255435215759275,11.41845634109497,1.7524564517211916,9.24045636779785,5196916.0,20.4,15.0,5.400000000000002,Overutilized
5196919,"Steger, Caleb",Boston College,-3.62094,1.9147317,-1.706208259048462,-7.628207951965332,4.215791910705566,-5.450208217086792,2.037791460571289,5196919.0,15.812903225806451,25.0,-9.187096774193549,Underutilized
5196920,"Stevens, Adrien",Marquette,4.16103,-0.42860228,3.7324277217674258,-2.1895721499633787,9.65442771270752,-0.0115721766662595,7.476427739410401,5196920.0,14.0375,15.0,-0.9625000000000004,Optimal
5196921,"Sykes, Gavin",Long Beach St.,-0.930442,1.4088043,0.4783622974472046,-5.443637514678955,6.400362347991943,-3.265637541381836,4.222362374694824,5196921.0,24.33846153846154,35.0,-10.66153846153846,Underutilized
5196931,"Scott, Jordan",Michigan St.,8.20929,-1.2663769,6.9429131470108025,1.0209130964660638,12.864912959136962,3.198913069763183,10.686912985839845,5196931.0,14.97714285714286,15.0,-0.0228571428571413,Optimal
5196932,Isaiah Henry,Queens University,-7.38437,1.0488614,-6.335508615608215,-12.257508427734376,-0.4135085650634762,-10.079508454437256,-2.591508538360596,5196932.0,16.476000000000003,5.0,11.476000000000004,Overutilized
5196935,"Reed, Amari",UT Arlington,0.455092,-0.048238285,0.4068537151141166,-5.515146208770752,6.328853653900146,-3.3371462354736328,4.150853680603027,5196935.0,16.028571428571432,25.0,-8.971428571428568,Underutilized
5196946,"Bynum, Amare",Ohio St.,5.52863,0.14012964,5.668759640698433,-0.2532403651428225,11.590759497528076,1.9247596081542968,9.412759524230957,5196946.0,17.173529411764704,15.0,2.1735294117647044,Optimal
5196954,"Kanga, Emmanuel",George Mason,5.04039,-0.4256614,4.614728585138321,-1.30727149520874,10.53672836746216,0.8707284780883793,8.358728632583619,5196954.0,19.919354838709676,5.0,14.919354838709673,Overutilized
5196962,Chase Thompson,Clemson,2.72028,-2.2699625,0.4503174507904051,-5.471682242126465,6.372317382125854,-3.293682745666504,4.194317408828735,5196962.0,11.957142857142856,5.0,6.957142857142857,Overutilized
5197113,Drew McKenna,Old Dominion,-3.51294,1.2765996,-2.236340354385376,-8.158340047302246,3.685659815368653,-5.9803403124237065,1.507659365234375,5197113.0,19.988000000000003,25.0,-5.011999999999997,Underutilized
5205881,Babacar Mbengue,Kansas City,-6.23054,1.8077407,-4.422799311676026,-10.344799243011476,1.4992006196594234,-8.166799269714357,-0.6787993536376957,5205881.0,11.830434782608696,5.0,6.830434782608696,Overutilized
5210965,Benjamin Ahmed,Oklahoma State,-0.380612,0.57876754,0.1981555380706787,-5.723844154846192,6.120155707824707,-3.5458444199676515,3.9421552576904295,5210965.0,20.48095238095238,15.0,5.480952380952381,Overutilized
5214641,"Cason, L.J.",Michigan,6.09547,-1.1869588,4.90851121017456,-1.013488721160889,10.830511141510009,1.1645112521362302,8.65251116821289,5214641.0,21.725,35.0,-13.275000000000002,Underutilized
5214642,"Ivisic, Tomislav",Illinois,7.85617,-0.63434243,7.221827567977905,1.2998278750610348,13.143827737731932,3.477827371520996,10.965827526016234,5214642.0,20.038235294117644,25.0,-4.961764705882356,Optimal
5214643,"Kossaras, Felix",Colorado,2.30114,-1.3931873,0.9079527155303956,-5.014047454223633,6.829952408447266,-2.836047004089356,4.651952673568726,5214643.0,12.467857142857142,15.0,-2.5321428571428584,Optimal
5214644,Donavin Young,Stanford,3.63651,-1.3365303,2.299979672203064,-3.622020139923096,8.221979722747802,-1.4440201666259769,6.043979749450683,5214644.0,10.785714285714285,15.0,-4.214285714285715,Optimal
5215268,Ryan Crotty,Oklahoma State,-0.3296,0.26192018,-0.0676798161029815,-5.989679956054688,5.854319906616211,-3.811679744338989,3.676319933319092,5215268.0,12.439285714285717,5.0,7.439285714285715,Overutilized
5215269,"Stone, Lance",Detroit Mercy,-5.51549,2.216756,-3.298733894577026,-9.220733825912475,2.623265798339844,-7.042733852615356,0.445266301879883,5215269.0,19.206666666666667,15.0,4.206666666666667,Optimal
5215270,Will Garlock,Wisconsin,2.61791,-1.9152789,0.702631088409424,-5.219368842926025,6.624631019744873,-3.041368869628906,4.446631046447754,5215270.0,9.99,5.0,4.99,Optimal
5215271,"Shaw, CJ",UC Santa Barbara,0.715881,-0.7557503,-0.039869298500061,-5.961869110626221,5.882130752044677,-3.7838691373291016,3.704130778747559,5215271.0,18.7,15.0,3.6999999999999993,Optimal
5215425,Sash Gavalyugov,Santa Clara,0.938373,-0.19281693,0.7455560719709396,-5.176443665649414,6.667556197021485,-2.998443930770874,4.4895559853057865,5215425.0,22.711764705882352,35.0,-12.288235294117648,Underutilized
5217196,"Batemon, Jamarion",Iowa St.,1.9613,-0.63249516,1.3288048351287842,-4.593194857788086,7.250805004882812,-2.415195361328125,5.072804793167114,5217196.0,16.456756756756757,25.0,-8.543243243243243,Underutilized
5220874,"Davis-Fleming, Jamarion",Mississippi St.,5.30521,-0.57188463,4.733325367889404,-1.1886745634460452,10.655325299224852,0.989325409851074,8.477325325927733,5220874.0,9.621875,5.0,4.621874999999999,Optimal
5221320,Courtland Muldrew,Washington,1.13746,0.13834372,1.275803721628189,-4.646196120300293,7.197803742370605,-2.468196147003174,5.019803769073486,5221320.0,24.32,15.0,9.32,Overutilized
5221321,"Petty, Jaylen",Texas Tech,4.83824,0.0968828,4.935122797777653,-0.9868771112060548,10.857122751464845,1.1911228620910643,8.679122778167724,5221321.0,15.454545454545457,25.0,-9.545454545454543,Underutilized
5221322,"West, Jake",Northwestern,-0.992524,0.7299266,-0.2625974138488769,-6.184597345184326,5.659402517486573,-4.006597371887207,3.481402544189453,5221322.0,15.384848484848485,5.0,10.384848484848485,Overutilized
5221325,"Hayes, Dorian",UTSA,-4.97565,1.1311253,-3.844524669075012,-9.766524481201172,2.0774753814697267,-7.588524507904053,-0.1005245918273924,5221325.0,15.695833333333333,5.0,10.695833333333333,Overutilized
5221328,"Clark, Landon",Princeton,0.202065,-0.30147493,-0.099409928855896,-6.021409979400635,5.822589883270264,-3.843410006103516,3.6445899099731447,5221328.0,12.835714285714287,15.0,-2.164285714285713,Optimal
5221332,Chris Jeffrey,Villanova,6.25036,-3.2543826,2.9959773896789548,-2.926022064819336,8.917977321014405,-0.7480225683593753,6.739977347717285,5221332.0,14.668181818181823,5.0,9.668181818181823,Overutilized
5226071,"Singleton, Tre",Northwestern,3.53092,0.6676163,4.198536307735443,-1.7234635639953613,10.120536298675535,0.4545364093017578,7.942536325378418,5226071.0,16.885294117647057,25.0,-8.114705882352943,Underutilized
5234300,Oleksandr Kobzystyi,Oregon,-0.229325,-1.4679227,-1.6972476875305176,-7.619247618865967,4.224752243804931,-5.441247645568848,2.0467522705078123,5234300.0,14.21578947368421,15.0,-0.7842105263157908,Optimal
5234749,"Mark, Angelino",Rutgers,0.167969,0.6926957,0.8606646772804261,-5.061335313659668,6.782664549011231,-2.883335340362549,4.604664575714112,5234749.0,20.92121212121212,25.0,-4.078787878787878,Optimal
5236221,"Ellerbee, Jordan",FGCU,-1.55498,0.14078645,-1.4141935459184647,-7.336193283538819,4.50780657913208,-5.158193548660279,2.329806367416382,5236221.0,23.878125,35.0,-11.121875,Underutilized
5236222,"Edmead, Preston",Hofstra,2.8775,0.49348733,3.37098732829094,-2.551012573242188,9.29298728942871,-0.3730125999450684,7.114987316131591,5236222.0,24.821212121212124,25.0,-0.178787878787876,Optimal
5236223,"Jones, Tyrin",UNLV,5.56951,-0.23665793,5.332852067599297,-0.5891480276489256,11.254851835021974,1.5888521840667726,9.076852100143434,5236223.0,20.580645161290327,15.0,5.580645161290327,Overutilized
5236224,Jacob Hammond,Princeton,-8.92374,4.4927697,-4.430970281829834,-10.352970213165284,1.491030126342773,-8.174970239868165,-0.6869703237915044,5236224.0,18.645454545454548,25.0,-6.354545454545452,Underutilized
5236333,"Williford, Austin",Saint Joseph's,1.83292,0.08172359,1.914643593175412,-4.007356241302491,7.836643621368408,-1.829356268005371,5.658643648071289,5236333.0,17.008823529411764,25.0,-7.991176470588236,Underutilized
5237299,Zac Foster,Clemson,1.02517,2.1680577,3.193227680130005,-2.728772251205444,9.115227373046874,-0.5507722779083253,6.937227876586914,5237299.0,28.45,25.0,3.4499999999999997,Optimal
5237300,"Witherspoon, Omari",Pittsburgh,-2.20449,1.6808852,-0.5236048042678831,-6.445604616394043,5.398395246276856,-4.267604643096924,3.2203952729797365,5237300.0,20.521212121212123,15.0,5.521212121212123,Overutilized
5237434,Ian Inman,Colorado,-0.0948469,-0.23019911,-0.3250460134881973,-6.247046168341065,5.596953694329834,-4.069045956625367,3.418953959451294,5237434.0,19.06363636363637,15.0,4.063636363636366,Optimal
5237435,Isaac Carr,Wake Forest,-1.24596,0.16302414,-1.0829358576154708,-7.004935982666016,4.839063880004883,-4.826935770950318,2.6610641451263426,5237435.0,12.653846153846152,5.0,7.653846153846151,Overutilized
5237444,"Sanders, Josiah",Colorado,-0.0707356,0.40374425,0.3330086505359649,-5.588991310601807,6.255008552069092,-3.4109913373046874,4.077008578771973,5237444.0,16.915151515151518,15.0,1.9151515151515175,Optimal
5237588,"Rasmussen, Jackson",Idaho,-1.46805,0.85113215,-0.6169178455352784,-6.538917538452148,5.30508232421875,-4.360917803573608,3.127081874084473,5237588.0,21.996875,25.0,-3.0031250000000007,Optimal
5238163,"Rozakeas, Anastasios",Mount St. Mary's,-4.68293,0.7974654,-3.8854646159935,-9.807464606933593,2.036535255737305,-7.629464633636474,-0.1414647175598142,5238163.0,12.7,5.0,7.699999999999999,Overutilized
5238166,Alier Maluk,Florida State,1.17626,0.30607814,1.4823381359672547,-4.439661974182129,7.40433788848877,-2.2616617624664306,5.2263379151916505,5238166.0,16.154545454545456,35.0,-18.845454545454544,Underutilized
5238169,Xander Alarie,Northeastern,-3.28817,1.4309257,-1.857244273109436,-7.779244085235596,4.064755777435303,-5.601244111938477,1.886755804138184,5238169.0,21.55454545454545,25.0,-3.4454545454545453,Optimal
5238170,"Parker, Trey",Seton Hall,1.40215,1.0997669,2.5019168504714964,-3.4200832000732424,8.423916662597657,-1.242083226776123,6.245916689300537,5238170.0,18.809375,5.0,13.809375,Overutilized
5238171,Ismael Diouf,Northern Iowa,-1.85671,1.5513397,-0.3053702544784547,-6.227370305023193,5.616629557647705,-4.049370331726074,3.438629584350586,5238171.0,21.311764705882357,35.0,-13.688235294117646,Underutilized
5238182,Mitchell Holmes,SMU,1.47421,-2.228257,-0.7540469408416748,-6.676047110595703,5.167952990493775,-4.4980466604614255,2.9899530171966555,5238182.0,11.51923076923077,15.0,-3.48076923076923,Optimal
5238187,"Majstorovic, Petar",Long Beach St.,2.34047,0.58312005,2.923590048046112,-2.998410062103272,8.845589800567627,-0.8204098503875734,6.667589827270508,5238187.0,22.44333333333333,35.0,-12.556666666666665,Underutilized
5238195,"Fland, Boogie",Florida,7.12966,-0.11701753,7.012642470095158,1.0906423226928714,12.93464218536377,3.2686425344085697,10.75664245048523,5238195.0,18.765714285714285,15.0,3.765714285714285,Optimal
5238200,"Klavzar, Urban",Florida,5.94886,-1.264637,4.684223006591797,-1.2377769247436523,10.606222937927246,0.9402230485534666,8.428222964630127,5238200.0,16.18,15.0,1.1799999999999995,Optimal
5238203,"Cyril, Somto",Georgia,9.44098,-2.1842349,7.256745142440796,1.3347454495239257,13.178745073776245,3.5127449459838864,11.000745100479126,5238203.0,17.58787878787879,15.0,2.5878787878787897,Optimal
5238204,"Abson, Justin",Georgia,9.56767,-1.7124077,7.85526229183197,1.9332624797058104,13.777262342376709,4.111262453002929,11.59926236907959,5238204.0,12.94516129032258,15.0,-2.054838709677419,Optimal
5238207,"Chandler, Collin",Kentucky,5.79472,-0.5719136,5.222806400032043,-0.6991936505126954,11.144806212158205,1.4788063227844237,8.966806238861084,5238207.0,15.85833333333334,15.0,0.8583333333333396,Optimal
5238208,"Miller, Vyctorius",Oklahoma St.,2.9674,-0.0043013743,2.96309862568751,-2.9589014793396,8.885098383331298,-0.7809012676239013,6.707098648452758,5238208.0,19.059375,25.0,-5.940625000000001,Underutilized
5238209,Noah Boyde,Western Kentucky,-3.24328,1.6503444,-1.5929356282043456,-7.514935559539795,4.329064303131103,-5.336935586242676,2.1510643298339844,5238209.0,12.359090909090908,5.0,7.359090909090908,Overutilized
5238218,Annor Boateng,Missouri,-4.81811,3.394253,-1.4238569844818114,-7.345856915817261,4.498142708435059,-5.1678569425201415,2.3201432119750978,5238218.0,19.91333333333333,15.0,4.913333333333334,Optimal
5238220,Jeff Nwankwo,Oklahoma,-0.877644,1.9396986,1.062054576927185,-4.859945235198975,6.984054627471924,-2.681945381111145,4.806054654174805,5238220.0,15.3125,25.0,-9.6875,Underutilized
5238221,"Forsythe, Dayton",Oklahoma,-0.875528,0.89429265,0.0187646526069641,-5.903235099914551,5.940764762756348,-3.725235365036011,3.762764789459229,5238221.0,19.24285714285714,5.0,14.24285714285714,Overutilized
5238222,"Fredson-Cole, Jacolb",McNeese,2.43338,0.472333,2.905713014011383,-3.016286976928711,8.827712885742187,-0.8382870036315917,6.649712912445068,5238222.0,17.43125,25.0,-7.568750000000001,Underutilized
5238224,Zach Day,Ole Miss,0.780228,0.57039374,1.350621741130829,-4.5713783690185545,7.272621493652344,-2.3933781573028563,5.094621520355225,5238224.0,12.905,5.0,7.905000000000001,Overutilized
5238231,Janusz Ratowski,Stetson,-2.49227,-0.53189945,-3.0241694522094726,-8.946169383544921,2.897830479125977,-6.768169410247802,0.7198305058288574,5238231.0,14.72608695652174,5.0,9.72608695652174,Overutilized
5239489,Jason Asemota,Boston College,-1.11252,1.5589181,0.4463981184768677,-5.475601932067871,6.368397930603027,-3.297601958770752,4.190397957305908,5239489.0,17.314285714285717,25.0,-7.685714285714283,Underutilized
5239519,Manie Joses,Davidson,5.32333,-1.7632453,3.560084655838013,-2.361915513916016,9.482084348754883,-0.1839150637817379,7.304084613876343,5239519.0,9.986206896551725,5.0,4.986206896551723,Optimal
5239520,"Coval, Nick",Davidson,-0.867694,0.003391626,-0.8643023739418536,-6.786302188629151,5.057697674041748,-4.608302215332031,2.8796977007446287,5239520.0,16.906451612903226,25.0,-8.093548387096774,Underutilized
5239523,"Blums, Roberts",Davidson,1.84204,0.2910802,2.133120206632614,-3.788879933319092,8.055119929351807,-1.6108797216033937,5.877119956054687,5239523.0,24.593333333333327,35.0,-10.406666666666672,Underutilized
5239525,"Mousa, Hamad",Cal Poly,1.00368,1.204244,2.2079240176010133,-3.7140757945251455,8.129924068145751,-1.5360758212280274,5.951924094848633,5239525.0,27.043333333333337,35.0,-7.956666666666663,Underutilized
5239526,"L'Etang, Amael",Dayton,3.94361,-0.13975705,3.803852947936058,-2.1181470877075195,9.72585277496338,0.0598528855895996,7.547852801666259,5239526.0,25.39090909090909,25.0,0.3909090909090906,Optimal
5239529,"Hall, Brandon",Duquesne,-2.57292,0.31144208,-2.2614779228401183,-8.183478032989502,3.6605218296813966,-6.005477821273804,1.4825218563842777,5239529.0,11.896153846153847,5.0,6.896153846153847,Overutilized
5239545,Kingston Price,Fordham,-4.37372,-0.5728016,-4.94652158996582,-10.868521521301268,0.9754783413696292,-8.690521548004149,-1.2025216319274898,5239545.0,10.421052631578949,5.0,5.421052631578949,Overutilized
5239546,"Pachucki, Aleksander",Bucknell,-4.06827,0.2580648,-3.810205193538666,-9.73220518447876,2.1117946781921386,-7.554205211181641,-0.0662052951049805,5239546.0,13.878787878787875,15.0,-1.1212121212121229,Optimal
5239554,"Palmer, Malachi",Villanova,3.37028,-0.8714997,2.498780282764435,-3.42321946975708,8.42078039291382,-1.2452194964599608,6.24278018119812,5239554.0,10.651515151515152,5.0,5.651515151515152,Overutilized
5239560,"Phat Brooks, Phat",Central Mich.,-3.57555,0.75542504,-2.820124964046478,-8.742124954986572,3.1018749076843264,-6.564124981689453,0.9238749343872072,5239560.0,24.97241379310345,15.0,9.972413793103446,Overutilized
5239562,Jesse McCulloch,Michigan State,7.6309,-2.5800025,5.050897453689575,-0.8711027160644536,10.972897385025025,1.3068977340698238,8.794897411727906,5239562.0,10.51428571428571,5.0,5.514285714285711,Overutilized
5239570,"Grove, Grayson",Minnesota,5.71457,-1.4386387,4.275931312866211,-1.646068618469238,10.19793124420166,0.531931354827881,8.019931270904541,5239570.0,11.29375,5.0,6.293749999999999,Overutilized
5239571,"Frager, Braden",Nebraska,4.7508,-0.7047694,4.046030627059936,-1.8759690658569337,9.968030796813965,0.3020304306030272,7.790030585098266,5239571.0,20.684848484848484,15.0,5.684848484848484,Overutilized
5239575,"Ciaravino, Angelo",Northwestern,4.03165,-0.5001338,3.531516187572479,-2.3904839225769043,9.453515940093991,-0.2124839492797852,7.275516205215454,5239575.0,14.26969696969697,25.0,-10.73030303030303,Underutilized
5239578,"Conners, Dior",Ohio,-5.07233,1.8697579,-3.202572109298706,-9.124572279052735,2.719427583618164,-6.946572067337036,0.5414280871582031,5239578.0,21.796551724137927,5.0,16.796551724137927,Overutilized
5239579,Jason Clarke Jr.,App State,-3.03655,0.32898024,-2.7075697627544404,-8.629569485473633,3.214430377197265,-6.451569750595093,1.0364304039001464,5239579.0,15.213636363636365,15.0,0.2136363636363629,Optimal
5239582,"Muttilib, Jamil",Grambling,-0.470208,-0.38949427,-0.8597022700862884,-6.78170235043335,5.062297512237548,-4.603702377136231,2.884297777359009,5239582.0,19.94516129032258,25.0,-5.054838709677419,Underutilized
5239586,Andrin Njock,App State,-0.894376,-0.23318115,-1.1275571487674712,-7.049556931091309,4.79444293157959,-4.871557196212769,2.616442719863892,5239586.0,11.133333333333336,15.0,-3.866666666666666,Optimal
5239587,"Marcus Jr., Michael",App State,0.1535,0.18716861,0.34066861307621,-5.5813313331604,6.262668529510498,-3.403331359863281,4.084668556213379,5239587.0,15.793333333333331,15.0,0.793333333333333,Optimal
5239588,"Johnson, Justin",Western Caro.,-4.01705,1.3587532,-2.658296795654297,-8.580296726989747,3.263703135681152,-6.402296753692627,1.085703162384033,5239588.0,23.235714285714288,25.0,-1.7642857142857125,Optimal
5239594,"Cokley, Bryson",Elon,-1.77975,-0.5964366,-2.376186619758606,-8.298186431884766,3.545813430786133,-6.120186458587646,1.3678134574890135,5239594.0,19.743333333333325,15.0,4.743333333333325,Optimal
5239595,Stas Sivka,George Mason,-1.82341,0.4519367,-1.3714733080005646,-7.293473209533691,4.550526653137207,-5.115473236236572,2.372526679840088,5239595.0,11.339285714285715,5.0,6.339285714285717,Overutilized
5239599,Ivan Njegovan,Ohio State,4.9119,-0.7734402,4.138459817790985,-1.7835402923583985,10.0604595703125,0.3944596809387208,7.88245983543396,5239599.0,14.88,5.0,9.88,Overutilized
5239600,"Lindsay, Dezdrick",Oregon,1.39678,0.29680407,1.6935840704727172,-4.228415980072022,7.615583882598877,-2.0504160067749027,5.4375839093017575,5239600.0,15.8375,25.0,-9.1625,Underutilized
5239603,Hudson Ward,Western Michigan,0.782163,-2.012324,-1.2301610947723387,-7.152161264526368,4.69183883656311,-4.97416081439209,2.513838863265992,5239603.0,11.31818181818182,15.0,-3.68181818181818,Optimal
5239604,"Nessah, Dayan",Cleveland St.,-0.668995,0.08925958,-0.5797354202222824,-6.501735306854248,5.342264555816651,-4.323735333557129,3.1642645825195315,5239604.0,28.30434782608696,35.0,-6.695652173913043,Underutilized
5239617,Izaiah Pasha,Virginia Tech,-3.8141,2.7466376,-1.0674624172210692,-6.989462348556518,4.854537275695801,-4.811462375259399,2.67653777923584,5239617.0,18.83333333333333,25.0,-6.166666666666668,Underutilized
5239618,"Emory, Macon",Delaware,-2.52276,1.4964286,-1.0263313911056515,-6.948331441650391,4.895668421020508,-4.770331468353271,2.717668447723389,5239618.0,18.51333333333333,25.0,-6.486666666666668,Underutilized
5239623,"Reed, Josh",Drexel,-5.80725,1.6297008,-4.177549220085144,-10.099549270629884,1.7444505920410158,-7.9215492973327635,-0.4335493812561033,5239623.0,25.784375,25.0,0.7843749999999972,Optimal
5239624,"Vanderhorst, Kevon",Drexel,-0.926068,0.022313273,-0.9037547274194956,-6.825754813354492,5.018245049316406,-4.647754601638794,2.8402453144378663,5239624.0,18.115625,15.0,3.1156250000000014,Optimal
5239626,Ralph Akuta,Drexel,-5.05215,2.1900246,-2.8621253856658937,-8.784125317001344,3.0598743072509764,-6.606125343704224,0.8818748107910155,5239626.0,19.860714285714284,25.0,-5.139285714285716,Underutilized
5239627,"Glazkov, Daniil",Loyola Chicago,-3.64594,-0.023816438,-3.6697564383918047,-9.59175651687622,2.2522433457946778,-7.413756305160522,0.0742436109161377,5239627.0,12.503846153846156,5.0,7.503846153846155,Overutilized
5239628,"Hendawy, Seifeldin",Winthrop,-2.96208,1.4853173,-1.476762650566101,-7.39876270111084,4.445237161560058,-5.220762727813721,2.26723718826294,5239628.0,19.93870967741936,25.0,-5.061290322580643,Underutilized
5239629,"Turner, Jack",Oral Roberts,-7.33165,2.024379,-5.307270985031128,-11.229270916366575,0.6147287078857424,-9.051270943069458,-1.5632707885742183,5239629.0,16.590476190476192,25.0,-8.409523809523808,Underutilized
5239632,"DeCady, Joshua",Hofstra,0.69845,-0.252115,0.44633498878479,-5.475665180969238,6.36833468170166,-3.29766496925354,4.19033494682312,5239632.0,15.4258064516129,25.0,-9.5741935483871,Underutilized
5239637,"Simpkins, TJ",Seton Hall,2.52776,-0.94839257,1.5793674299812317,-4.342632322540283,7.501367540130615,-2.1646323492431643,5.323367328414917,5239637.0,18.85151515151515,25.0,-6.148484848484848,Underutilized
5239643,"Goods, Richard",Stony Brook,0.807288,-0.5314949,0.2757930845146179,-5.646207025634766,6.197792837036133,-3.4682070523376467,4.019793102157593,5239643.0,19.726666666666667,15.0,4.726666666666667,Optimal
5239644,"Johnson, Daniel",Hampton,-2.33248,0.22420599,-2.1082740143346785,-8.03027396057129,3.8137259020996095,-5.85227398727417,1.6357259288024903,5239644.0,21.303333333333335,25.0,-3.696666666666662,Optimal
5239645,"Rink, Eunique",Hampton,-1.04999,-2.6431131,-3.693103136291504,-9.615103067626952,2.228896795043945,-7.437103094329834,0.0508968217468261,5239645.0,13.614285714285712,5.0,8.614285714285712,Overutilized
5239648,"Guerengomba, Nate",Quinnipiac,-3.82613,0.14937863,-3.676751372461319,-9.598751154785155,2.245248707885742,-7.420751419906616,0.0672484961700439,5239648.0,12.917857142857146,15.0,-2.0821428571428537,Optimal
5239649,"Walker, Lewis",N.C. A&T,-0.946862,0.06599865,-0.8808633489127159,-6.802863377105713,5.041136485565185,-4.624863403808594,2.8631365122680665,5239649.0,23.185714285714287,25.0,-1.8142857142857127,Optimal
5239651,Luka Damjanac,Massachusetts,0.821235,-0.61499965,0.2062353480911255,-5.715764702453614,6.128235160217285,-3.537764729156494,3.950235186920166,5239651.0,16.841379310344827,15.0,1.841379310344827,Optimal
5239652,"Doumbia, Amadou",N.C. A&T,0.511949,-0.48437402,0.0275749834766387,-5.894424977661133,5.949574885009765,-3.7164250043640137,3.771574911712648,5239652.0,13.28,5.0,8.28,Overutilized
5239657,Damone King,Rhode Island,-2.96444,-0.1756694,-3.140109401884079,-9.062109124603271,2.7818907380676268,-6.884109389724731,0.6038905263519285,5239657.0,14.104545454545452,5.0,9.104545454545452,Overutilized
5239660,"Farrell, Tyonne",Morehead St.,-4.17963,0.3783381,-3.801291901474,-9.723292071228029,2.1207077914428707,-7.5452918595123295,-0.0572917050170902,5239660.0,18.008,15.0,3.007999999999999,Optimal
5239673,Jaylen Robinson,Richmond,-0.137305,-0.8839219,-1.0212269212532044,-6.943227031402588,4.900772831268311,-4.765227058105468,2.7227730963897705,5239673.0,14.653333333333332,15.0,-0.3466666666666675,Optimal
5239676,"Myers, Khaafiq",Saint Joseph's,-1.14197,1.0213981,-0.1205719325256347,-6.042571863861084,5.801427998809815,-3.864571890563965,3.623428025512696,5239676.0,21.225,15.0,6.224999999999998,Overutilized
5239707,"McCottry, Amari",Saint Louis,3.3495,0.12037096,3.469870961725712,-2.452129066467285,9.391870796203612,-0.2741290931701661,7.213870822906494,5239707.0,25.61764705882353,35.0,-9.382352941176473,Underutilized
5239709,Max Pikaar,Southern Illinois,1.53189,0.13095473,1.6628447275304794,-4.259155188903809,7.58484467376709,-2.0811552156066897,5.4068447004699705,5239709.0,10.41153846153846,5.0,5.411538461538461,Overutilized
5239710,Ebrahim Kaba,Purdue Fort Wayne,-8.11915,2.9252908,-5.193859177017211,-11.11585910835266,0.728140992736817,-8.937859135055541,-1.4498594573974604,5239710.0,16.794117647058822,15.0,1.7941176470588225,Optimal
5239711,"Hinton, Jonah",Rhode Island,-1.58149,1.0016359,-0.5798540909194947,-6.501853903045655,5.342145959625244,-4.323853929748536,3.164145986328125,5239711.0,21.344827586206897,15.0,6.344827586206897,Overutilized
5239713,"Jennings, Brandon",VCU,6.16881,-1.2022942,4.966515769538879,-0.9554842810058596,10.88851558166504,1.2225156922912594,8.71051560836792,5239713.0,17.85833333333333,25.0,-7.141666666666669,Underutilized
5239715,Khalil Williams,Bryant,-13.2307,5.3988914,-7.831808551025391,-13.75380848236084,-1.909808619689942,-11.57580850906372,-4.087809069824219,5239715.0,19.50952380952381,25.0,-5.490476190476191,Underutilized
5239745,"Crawford, Caleb",Maine,-7.18758,0.27665445,-6.910925547914505,-12.832925687866211,-0.988925825195312,-10.654925476150511,-3.166925798492432,5239745.0,17.264516129032256,25.0,-7.735483870967744,Underutilized
5239747,"Allen, Amare",Maine,-10.2849,2.936956,-7.34794407119751,-13.26994400253296,-1.4259446166992191,-11.09194402923584,-3.60394411315918,5239747.0,18.1,15.0,3.099999999999998,Optimal
5239748,"McCubbin, Tate",Austin Peay,0.0862121,-0.11169142,-0.0254793227604866,-5.94747930625,5.8965205564208985,-3.769479332952881,3.7185205831237793,5239748.0,14.820689655172416,25.0,-10.179310344827584,Underutilized
5239749,"Carpenter, Tekao",N.C. Central,-7.52083,0.94893897,-6.571891034202576,-12.493891084747316,-0.6498912220764161,-10.315891111450195,-2.827891195373536,5239749.0,14.615384615384611,5.0,9.615384615384611,Overutilized
5239757,"Duncan, Quentin",NJIT,-3.80457,0.4164685,-3.3881014989089966,-9.310101311035156,2.533898551635742,-7.132101337738037,0.355898578338623,5239757.0,17.775,15.0,2.7749999999999986,Optimal
5239758,"Fulton, Ari",NJIT,-2.21457,1.3098204,-0.9047495864105226,-6.826749756164551,5.017250106506348,-4.648749544448853,2.8392506100463866,5239758.0,20.2375,25.0,-4.762500000000003,Optimal
5239759,"Kelly, John",NJIT,-4.59052,0.65970886,-3.930811142463684,-9.852810954589843,1.991188908081055,-7.674810981292724,-0.1868110652160641,5239759.0,15.534375,15.0,0.5343749999999989,Optimal
5239760,"Moore, Tim",San Diego,-2.69496,0.2777908,-2.417169185361862,-8.339168908081055,3.504830954589844,-6.161169173202515,1.3268309812927246,5239760.0,22.320689655172416,5.0,17.320689655172416,Overutilized
5239761,"Arrington, Malachi",NJIT,-6.68865,3.1303084,-3.558341610336304,-9.480341541671752,2.3636580825805664,-7.302341568374634,0.1856585861206054,5239761.0,14.485714285714286,5.0,9.485714285714286,Overutilized
5239762,"Rogers, Jordan",NJIT,-0.148509,-0.033868965,-0.1823779647614956,-6.104377721008301,5.739622141662598,-3.926377986129761,3.5616219299469,5239762.0,14.159375,25.0,-10.840625,Underutilized
5239763,"Doyle, Tyler",Bellarmine,-4.72619,1.4195005,-3.306689529838562,-9.2286895803833,2.6153102822875978,-7.0506896070861815,0.4373103089904786,5239763.0,20.132,15.0,5.131999999999998,Overutilized
5239765,Myles Watkins,Bellarmine,-5.9042,-0.537733,-6.441933018398285,-12.363933009338378,-0.5199331466674808,-10.18593303604126,-2.6979331199646,5239765.0,23.928571428571438,25.0,-1.0714285714285658,Optimal
5239768,Khalil Badru,Iona,-6.56811,3.203387,-3.364722977981568,-9.286722909317016,2.557277191772461,-7.108722936019897,0.3792767416381837,5239768.0,21.4,25.0,-3.599999999999998,Optimal
5239775,"Fagbemi, Brayden",UC Davis,1.37195,-0.40519944,0.9667505616664888,-4.955249459075928,6.888750403594971,-2.7772494857788086,4.710750430297852,5239775.0,19.27,25.0,-5.730000000000004,Underutilized
5239777,Tyler Lee,Central Arkansas,-2.3533,-0.21616344,-2.5694634415388107,-8.491463566589356,3.352536296081543,-6.313463354873657,1.174536561203003,5239777.0,15.50625,5.0,10.50625,Overutilized
5239780,"Robinson, Ty",Central Ark.,5.67687,-0.9801206,4.696749400730133,-1.2252505902099609,10.618749272460938,0.9527493830871584,8.44074929916382,5239780.0,22.6,35.0,-12.4,Underutilized
5239782,"McCormick, Cole",Central Ark.,1.18887,-0.4590296,0.729840414876938,-5.192159605865479,6.65184025680542,-3.01415963256836,4.4738402835083,5239782.0,18.6,25.0,-6.400000000000002,Underutilized
5239783,"Taylor, Layne",Murray St.,1.52376,-0.061712548,1.4620474518632889,-4.459952673187256,7.384047189483643,-2.2819524614715574,5.206047454605103,5239783.0,16.203225806451613,15.0,1.2032258064516128,Optimal
5239785,"Davis, Micah",IU Indy,-3.85478,0.55284464,-3.3019353564071654,-9.223935406951904,2.6200644557189943,-7.045935433654785,0.4420644824218751,5239785.0,19.46,25.0,-5.539999999999999,Underutilized
5239786,Jayden Harris,Eastern Kentucky,-5.3975,0.50545466,-4.892045340538025,-10.814045391082765,1.0299544715881348,-8.636045417785645,-1.1480455017089843,5239786.0,23.196296296296296,15.0,8.196296296296296,Overutilized
5239788,"Paul, Yvens",Eastern Ky.,-3.05787,0.70450413,-2.353365867729187,-8.275365918273925,3.568633944396973,-6.097365944976806,1.3906339710998536,5239788.0,14.800000000000002,15.0,-0.1999999999999975,Optimal
5239790,Jack Reddick,Florida Gulf Coast,-5.09094,0.8653224,-4.2256175889396665,-10.14761734146118,1.696382521209717,-7.969617606582641,-0.4816174520874021,5239790.0,15.393333333333334,5.0,10.393333333333334,Overutilized
5239791,"Williams, Darren",FGCU,-3.56148,0.15550359,-3.405976414065361,-9.327976181488037,2.5160236811828613,-7.149976446609497,0.3380234694671631,5239791.0,15.609375,15.0,0.609375,Optimal
5239793,Tristen Guillouette,Florida Gulf Coast,2.4367,-1.493031,0.9436689750671388,-4.978330956268311,6.865668906402588,-2.800330982971192,4.687668933105469,5239793.0,15.229629629629631,15.0,0.2296296296296311,Optimal
5239797,"Bacchus, Donte",North Ala.,-3.51272,0.6758737,-2.836846303195953,-8.758846174926758,3.085153687744141,-6.580846201629639,0.9071537144470216,5239797.0,22.246428571428574,25.0,-2.7535714285714263,Optimal
5239798,"de Kovachich, Kevin",North Ala.,-4.29945,0.27739742,-4.02205257601738,-9.944052298736572,1.899947563934326,-7.766052563858032,-0.2780524093627932,5239798.0,21.017857142857142,25.0,-3.982142857142854,Optimal
5239803,DarKaun King,North Alabama,-5.07718,-0.12889929,-5.206079291157723,-11.128079028778076,0.715920833892822,-8.950079293899536,-1.4620793778228762,5239803.0,14.293333333333331,15.0,-0.706666666666667,Optimal
5239811,Damon Strand,La Salle,-2.04855,0.45643082,-1.592119177389145,-7.5141190193176275,4.329880843353271,-5.336119046020508,2.1518808700561523,5239811.0,14.53333333333333,15.0,-0.4666666666666703,Optimal
5239812,"Lindsey, Amir",UAlbany,-1.94968,1.3744671,-0.5752128655242921,-6.49721303527832,5.346786827392578,-4.319212823562622,3.1687873309326173,5239812.0,25.117241379310343,35.0,-9.882758620689655,Underutilized
5239814,"Taylor, Ma'Kye",UAlbany,-6.98141,0.99885607,-5.98255393234253,-11.90455386367798,-0.0605540010070804,-9.72655389038086,-2.2385539743042,5239814.0,14.046428571428573,25.0,-10.953571428571427,Underutilized
5239816,Daylon Dickerson,UMBC,-0.707136,-0.6868409,-1.3939768918380735,-7.315976942382813,4.528022920288086,-5.137976969085694,2.3500229469909666,5239816.0,19.07368421052632,25.0,-5.92631578947368,Underutilized
5239821,"Somerville, Martin",Florida St.,4.12558,-0.12158042,4.003999578075409,-1.9180005320739744,9.925999330596923,0.2599996796417239,7.747999595718384,5239821.0,16.46363636363636,25.0,-8.536363636363639,Underutilized
5239825,"Blake, Sean",Vermont,-3.19343,0.5734876,-2.61994242017746,-8.541942172698974,3.302057689971924,-6.363942437820435,1.1240577166748045,5239825.0,23.459375,15.0,8.459375000000001,Overutilized
5239828,"Bradford, Ben",Charlotte,-1.34293,0.53158385,-0.811346154384613,-6.733346145324707,5.110653717346192,-4.555346172027588,2.9326537440490723,5239828.0,25.08484848484848,15.0,10.084848484848482,Overutilized
5239829,"Thomas, Jaehshon",Drake,-4.22517,0.92486477,-3.3003052310180667,-9.222305162353516,2.6216947003173825,-7.044305189056397,0.4436947270202633,5239829.0,22.27096774193549,25.0,-2.729032258064514,Optimal
5239833,"Bailey, Tybo",East Carolina,-5.21843,1.1468437,-4.071586328201294,-9.993586021118164,1.8504138415527347,-7.815586286239624,-0.3275866085815426,5239833.0,18.926315789473687,15.0,3.926315789473687,Optimal
5239834,"Cason, Reid",East Carolina,0.862831,-0.33886296,0.5239680444297791,-5.3980318273010255,6.445968035369873,-3.2200318540039063,4.267968062072754,5239834.0,12.82,15.0,-2.18,Optimal
5239836,Amar Amkou,Florida Atlantic,0.355819,-0.054077063,0.3017419372441768,-5.620258079772949,6.2237417828979495,-3.44225810647583,4.04574180960083,5239836.0,22.5375,15.0,7.537499999999998,Overutilized
5239838,"Vokietaitis, Matas",Texas,2.01255,2.6940527,4.706602696228027,-1.2153972351074218,10.628602627563478,0.9626027381896972,8.450602654266358,5239838.0,27.734285714285708,25.0,2.734285714285708,Optimal
5239840,Mantas Kocanas,California,-4.08045,1.171703,-2.9087470190048217,-8.83074706954956,3.013252793121338,-6.652747096252441,0.8352528198242188,5239840.0,16.428571428571427,5.0,11.428571428571429,Overutilized
5239866,"Meo, Josh",Winthrop,-4.18279,0.8113321,-3.371457893409729,-9.29345770553589,2.55054215713501,-7.115457732238769,0.3725421838378908,5239866.0,16.248387096774195,5.0,11.248387096774197,Overutilized
5239885,"White, Nakavieon",Ga. Southern,-2.11556,-0.4547058,-2.5702658045864104,-8.492265646514893,3.351734216156006,-6.314265673217774,1.1737342428588868,5239885.0,27.45428571428572,25.0,2.4542857142857173,Optimal
5239902,"Scott III, Trey",Georgia St.,-4.00682,-0.13907155,-4.145891553945542,-10.067891395874025,1.7761084667968747,-7.889891422576905,-0.4018915065002444,5239902.0,14.015999999999998,25.0,-10.984000000000002,Underutilized
5239995,"Oliver, Dante",North Florida,-5.72763,-1.456733,-7.184362988357544,-13.106362681274415,-1.262362818603516,-10.928363184814454,-3.4403630303192143,5239995.0,9.572413793103449,5.0,4.572413793103449,Optimal
5240005,"Jabriel, Maban",Queens (NC),0.538805,-1.5064318,-0.9676268180084228,-6.889626510925293,4.954373351745605,-4.711627014465332,2.776373140029907,5240005.0,16.26470588235294,25.0,-8.735294117647062,Underutilized
5240006,"Berman, Yoav",Queens (NC),-0.701538,1.3043078,0.6027698184127808,-5.319229993713379,6.524769868957519,-3.14123002041626,4.3467698956604,5240006.0,22.232352941176472,25.0,-2.767647058823528,Optimal
5240016,"Phillips Jr., Jamie",Stetson,-2.9897,1.2833652,-1.706334750366211,-7.62833468170166,4.215665180969238,-5.450334708404541,2.037665207672119,5240016.0,26.05333333333333,25.0,1.0533333333333346,Optimal
5240017,"Ellison, Mehki",Eastern Mich.,-4.47237,0.7895415,-3.6828285170745847,-9.604828686828611,2.2391711758422854,-7.426828475112915,0.0611716793823244,5240017.0,18.10833333333333,25.0,-6.891666666666666,Underutilized
5240018,"Macgregor, Daniel",Stetson,-5.37621,0.5642644,-4.811945583305359,-10.733945633850098,1.1100542288208004,-8.555945660552979,-1.0679457444763187,5240018.0,21.64,25.0,-3.3599999999999994,Optimal
5240019,Blaize Sagna,Southeast Missouri State,-2.1357,-0.9270358,-3.0627358085632324,-8.984735739898682,2.859264122772217,-6.806735766601562,0.6812641494750977,5240019.0,8.770833333333334,15.0,-6.229166666666666,Underutilized
5240023,"Davis, Kyric",N.C. Central,-4.89574,0.5043291,-4.391410914649963,-10.313410726776125,1.5305891358947754,-8.135410753479004,-0.6474108374023437,5240023.0,19.659259259259255,25.0,-5.340740740740742,Underutilized
5240024,"Hardewig, Brady",West Ga.,-3.84208,0.17495541,-3.667124587254525,-9.589124563293456,2.254875299377441,-7.411124589996338,0.0768753260803221,5240024.0,9.69310344827586,15.0,-5.30689655172414,Underutilized
5240026,Xavier Shegog,West Georgia,-7.99706,2.6758986,-5.321161448059082,-11.243161379394532,0.6008384832763669,-9.065161406097412,-1.5771614900207522,5240026.0,17.286206896551725,5.0,12.286206896551723,Overutilized
5240027,"Williams-Dryden, Shelton",West Ga.,-1.77572,1.8556259,0.0799058678436279,-5.842093825073242,6.0019060375976565,-3.664094090194702,3.823905587463379,5240027.0,27.856666666666666,25.0,2.8566666666666656,Optimal
5240029,"Griffin, Kolten",West Ga.,-0.997352,0.62734383,-0.3700081665534973,-6.292008276702881,5.551991585968017,-4.114008064987183,3.373991612670898,5240029.0,13.526666666666667,15.0,-1.4733333333333327,Optimal
5240033,"Chime, Kenneth",West Ga.,1.03706,-0.799422,0.2376379743194581,-5.68436219543457,6.159637667236328,-3.5063617453002927,3.981637932357789,5240033.0,13.523333333333335,5.0,8.523333333333335,Overutilized
5240034,"Releford, Tamaury",Morehead St.,-1.8607,0.16374393,-1.6969560719251633,-7.618955958557128,4.22504390411377,-5.440955985260009,2.0470439308166504,5240034.0,17.743333333333332,25.0,-7.256666666666668,Underutilized
5240082,"El Moutaouakkil, Mostapha",Jacksonville St.,-3.90307,1.977688,-1.9253820450973511,-7.847382095642089,3.996617767028809,-5.669382003135681,1.8186177937316887,5240082.0,35.36551724137931,35.0,0.3655172413793082,Optimal
5240256,Halvine Dzellat,Cincinnati,1.11231,-0.49416533,0.6181446688747405,-5.303855351867676,6.540144510803223,-3.1258553785705567,4.362144537506103,5240256.0,14.565384615384612,5.0,9.565384615384612,Overutilized
5240264,"Vukovic, Andrija",Oklahoma St.,4.52004,-0.6936061,3.8264339213752745,-2.0955658311462404,9.748434031524658,0.0824341421508787,7.57043381980896,5240264.0,15.096296296296297,15.0,0.0962962962962947,Optimal
5240271,Leon Horner,Texas Tech,2.10677,-0.84564126,1.2611287446212769,-4.660871067504883,7.183128795166016,-2.482871094207764,5.0051288218688965,5240271.0,19.054166666666667,35.0,-15.945833333333333,Underutilized
5240272,Augustine Ekwe,New Mexico State,-0.129866,-0.9727845,-1.102650519195557,-7.024650450531006,4.819349412139893,-4.846650477233887,2.6413494388427736,5240272.0,13.044999999999998,15.0,-1.9550000000000016,Optimal
5240279,Damarien Yates,Alabama State,-0.0439019,-0.6142702,-0.6581721102661133,-6.580172041601562,5.263827821069336,-4.402172068304443,3.085827847772217,5240279.0,18.82258064516129,15.0,3.822580645161292,Optimal
5240285,"Mason, Tyran",UT Arlington,-1.51328,-0.10448255,-1.6177625464487075,-7.539762582092285,4.304237280578613,-5.361762608795166,2.126237307281494,5240285.0,17.810000000000002,25.0,-7.189999999999998,Underutilized
5240286,Baron Smith Jr.,Oral Roberts,-7.30292,2.5337276,-4.769192354125977,-10.691192285461426,1.1528075772094724,-8.513192312164307,-1.0251923960876468,5240286.0,16.714285714285715,25.0,-8.285714285714285,Underutilized
5240353,"Williams, Jimmie",Duquesne,3.34697,0.34681636,3.6937863609504697,-2.228213391571045,9.615786471099852,-0.0502136566925051,7.437786497802734,5240353.0,23.358064516129023,35.0,-11.641935483870974,Underutilized
5240355,Jaylen Wharton,Northern Illinois,-10.7847,2.8095188,-7.975181185913087,-13.897181117248536,-2.0531812545776376,-11.719181143951417,-4.231181227874757,5240355.0,12.272222222222222,5.0,7.272222222222222,Overutilized
5240356,Taj Glover,Sacramento State,-4.16628,-0.28340906,-4.449689059047699,-10.371689049987792,1.472310812683105,-8.193689076690674,-0.7056891606140141,5240356.0,17.442307692307693,25.0,-7.557692307692307,Underutilized
5240368,"Durodola, Babatunde",Temple,0.282937,-0.13749726,0.1454397388334274,-5.7765603564147945,6.067439506256104,-3.5985601446990967,3.889439771377564,5240368.0,16.76774193548387,15.0,1.767741935483869,Optimal
5240369,"Tobiason, Aiden",Temple,2.02811,-0.24007364,1.788036363825798,-4.133963612213135,7.7100362504577635,-1.955963638916016,5.532036277160644,5240369.0,20.016129032258064,25.0,-4.983870967741936,Optimal
5240370,"Pierre-Louis, Holden",Cleveland St.,-4.6539,0.70505226,-3.9488477434158327,-9.870847555541992,1.973152307128906,-7.692847582244873,-0.204847666168213,5240370.0,15.271428571428572,15.0,0.2714285714285722,Optimal
5240378,"Greene, KJ",Tulane,-5.00184,0.356705,-4.645134990062713,-10.567134742584228,1.2768651200866703,-8.389135007705688,-0.9011348532104488,5240378.0,20.7,5.0,15.699999999999996,Overutilized
5240380,"Cicic, Stefan",Pepperdine,-2.05292,0.2854024,-1.7675176126194,-7.689517633361817,4.154482229309082,-5.511517660064698,1.976482256011963,5240380.0,18.45333333333333,25.0,-6.54666666666667,Underutilized
5240387,"Behrend, Tyler",Tulsa,5.00036,-0.8383948,4.161965179309845,-1.7600345732116702,10.083965289459227,0.4179654000854489,7.90596507774353,5240387.0,16.575,25.0,-8.425,Underutilized
5240392,"McGhee, Ja'Borri",Mississippi St.,-1.18066,1.1193767,-0.0612833406066894,-5.983283271942138,5.86071659072876,-3.80528329864502,3.6827166174316406,5240392.0,20.7125,25.0,-4.287500000000001,Optimal
5240393,"Myles, Makhi",Southeastern La.,1.47572,-0.78735214,0.6883678552818298,-5.233632016448975,6.610367846221924,-3.0556320431518555,4.432367872924805,5240393.0,18.65,15.0,3.650000000000002,Optimal
5240394,"Kennedy, R.J.",New Hampshire,-7.66536,1.6021912,-6.063168790206909,-11.985168959960935,-0.1411690972900388,-9.80716874824524,-2.31916859375,5240394.0,15.525,25.0,-9.475,Underutilized
5240407,"Njie, Baboucarr",UTSA,-3.24949,2.5196228,-0.7298671972656252,-6.651867128601074,5.1921327340698245,-4.473867155303955,3.014132760772705,5240407.0,23.27407407407408,25.0,-1.725925925925921,Optimal
5240416,Pharrell Boyogueno,Winthrop,1.55235,-1.7767266,-0.2243766035079957,-6.146376654052735,5.697623208618164,-3.968376680755616,3.519623354530334,5240416.0,12.648,15.0,-2.3520000000000003,Optimal
5240417,"Hudson, Jacob",Gardner-Webb,-3.30675,0.91279954,-2.393950462818146,-8.31595057296753,3.528049289703369,-6.137950361251831,1.35004931640625,5240417.0,22.407692307692308,25.0,-2.592307692307692,Optimal
5240419,"Hawkins, Colin",Gardner-Webb,-8.55561,2.0213494,-6.534260569915771,-12.45626050125122,-0.612260638580322,-10.2782605279541,-2.790260611877441,5240419.0,19.910714285714285,15.0,4.910714285714285,Optimal
5240511,"Tenner, KJ",Murray St.,-0.840112,-0.97846746,-1.8185794644470208,-7.74057939578247,4.103420466888428,-5.562579422485351,1.9254204935913088,5240511.0,17.60909090909091,5.0,12.60909090909091,Overutilized
5240514,Haris Elezovic,Northeastern,-7.3239,1.5432785,-5.780621544265747,-11.702621237182615,0.1413786254882811,-9.524621502304075,-2.036621824645996,5240514.0,12.141176470588237,5.0,7.141176470588235,Overutilized
5240519,"Konneh, Sekou",Milwaukee,-0.269828,1.1658645,0.8960364676208497,-5.0259634637146,6.818036398956298,-2.8479634904174804,4.640036425659179,5240519.0,22.84333333333333,15.0,7.84333333333333,Overutilized
5240520,"Pierre-Justin, Theo",DePaul,1.80369,-1.0190663,0.7846236662292481,-5.137376265106202,6.706623597564697,-2.959376291809082,4.528623624267578,5240520.0,13.106666666666673,5.0,8.106666666666671,Overutilized
5240521,"Fort, Jayden",Georgetown,2.35522,-0.50092435,1.854295651168824,-4.067704041748047,7.776295820922852,-1.8897045452880856,5.598295609207153,5240521.0,14.505882352941176,15.0,-0.4941176470588235,Optimal
5240524,"Halaifonua, Julius",Georgetown,6.66241,-1.3008823,5.361527660522461,-0.5604722708129879,11.283527591857911,1.6175277024841312,9.105527618560792,5240524.0,20.240625,25.0,-4.759374999999999,Optimal
5240529,"Bonke, Anton",Charlotte,3.70347,1.0566088,4.760078796119689,-1.161921254425049,10.682078608245847,1.01607871887207,8.50407863494873,5240529.0,21.224242424242423,25.0,-3.775757575757577,Optimal
5240530,Nilavan Daniels,Providence,3.86274,-1.7160746,2.146665414085388,-3.7753343980407714,8.068665464630127,-1.5973344247436525,5.890665491333008,5240530.0,7.164999999999999,5.0,2.164999999999999,Optimal
5240539,"Prey, Ruben",St. John's (NY),9.49318,-1.4697809,8.023399078063965,2.101399146728516,13.945399009399416,4.279399120025635,11.767399036102296,5240539.0,18.278378378378378,15.0,3.278378378378377,Optimal
5240545,"Mingo, Dezayne",Charlotte,2.53792,0.3458852,2.8838051873874666,-3.0381946545410154,8.805805208129883,-0.8601946812438963,6.627805234832763,5240545.0,26.321875,35.0,-8.678125000000001,Underutilized
5240547,"Harding, Erich",Marshall,-1.61538,-0.84751046,-2.4628904570388794,-8.384890269165039,3.45910959350586,-6.20689029586792,1.2811096202087402,5240547.0,15.141935483870965,5.0,10.141935483870965,Overutilized
5240587,Ismaila Diagne,Gonzaga,3.08393,-0.78604174,2.297888263397217,-3.624111667938232,8.219888194732667,-1.4461116946411132,6.041888221435547,5240587.0,8.217857142857143,5.0,3.2178571428571434,Optimal
5240615,"Hubbard, Scottie",Old Dominion,-1.96437,0.14080682,-1.8235631760311128,-7.745563256378173,4.098436606292725,-5.567563044662475,1.9204368714141848,5240615.0,11.296774193548387,5.0,6.296774193548387,Overutilized
5240616,"Johnson, Jaden",La Salle,-3.17657,0.9235902,-2.252979816741944,-8.174979748077392,3.669020114593506,-5.996979774780273,1.4910201412963868,5240616.0,16.942105263157895,15.0,1.9421052631578952,Optimal
5240641,"Cooper, Jayden",South Alabama,-3.08397,0.45153067,-2.6324393348407744,-8.554439474792481,3.289560387878418,-6.376439263076782,1.111560414581299,5240641.0,19.39354838709677,25.0,-5.6064516129032285,Underutilized
5240643,"Wheat, JJ",South Alabama,-2.77083,-1.018721,-3.789550984458924,-9.711551035003662,2.132448827667236,-7.533551061706543,-0.0455511456298829,5240643.0,17.20967741935484,15.0,2.20967741935484,Optimal
5240664,"Worrell Jr., Alfred",Morgan St.,-3.87435,2.184348,-1.6900018936157228,-7.612001824951172,4.231998037719727,-5.4340018516540525,2.0539980644226072,5240664.0,26.56296296296296,15.0,11.56296296296296,Overutilized
5240665,Brewer Carruth,Southern Miss,-4.50377,0.7010726,-3.802697426338196,-9.724697238464357,2.1193026242065427,-7.546697265167237,-0.0586973490905764,5240665.0,9.796428571428573,25.0,-15.203571428571427,Underutilized
5240668,Dalyn Brandon,Southern Miss,-0.370364,-1.3179979,-1.688361932434082,-7.610361863769532,4.233637998901367,-5.4323618904724125,2.055638025604248,5240668.0,8.278947368421052,5.0,3.2789473684210524,Optimal
5240685,"Drone, Mark",Texas St.,-3.99989,1.4135964,-2.586293608322144,-8.508293778076172,3.3357060845947264,-6.330293566360474,1.1577065881347657,5240685.0,27.12758620689655,35.0,-7.872413793103451,Underutilized
5240686,"Green, Austin",UMass Lowell,-2.63134,0.23432624,-2.397013756599426,-8.319013568725586,3.5249862939453127,-6.141013595428467,1.3469863206481936,5240686.0,22.575,15.0,7.574999999999999,Overutilized
5240745,"Campbell, Cooper",Troy,1.43596,-0.50296783,0.9329921655273437,-4.989007765808106,6.854992096862793,-2.811007792510986,4.6769921235656735,5240745.0,18.990625,25.0,-6.009374999999999,Underutilized
5240746,"Campbell, Cobi",Troy,-0.877171,-0.5716971,-1.4488681158981325,-7.370868166442871,4.473131696228028,-5.192868193145752,2.295131722930908,5240746.0,14.319354838709677,25.0,-10.680645161290323,Underutilized
5240749,"Cross, Austin",Troy,-5.07442,0.7601171,-4.31430288640976,-10.236302877349852,1.607696985321045,-8.058302904052734,-0.5703029879760741,5240749.0,11.128125,5.0,6.128125000000001,Overutilized
5240756,Ta'Zir Smith,Robert Morris,-1.43771,-0.20714289,-1.6448528894996644,-7.566852761230469,4.27714710144043,-5.38885278793335,2.0991471281433105,5240756.0,18.12758620689655,25.0,-6.872413793103451,Underutilized
5240757,"Caster, Micah",ULM,-9.54719,1.1807512,-8.366438795509339,-14.2884386076355,-2.4444387449646,-12.11043863433838,-4.622438718261719,5240757.0,16.5,5.0,11.5,Overutilized
5240758,"Sondors, Renars",ULM,-5.99987,0.81774867,-5.182121334190368,-11.104121384735109,0.7398784779357914,-8.926121411437988,-1.4381214953613275,5240758.0,17.500000000000004,25.0,-7.4999999999999964,Underutilized
5240882,"Kingz, Nate",Syracuse,5.2756,-0.6428078,4.63279221830368,-1.2892078918457033,10.554791970825196,0.8887920814514159,8.376792235946656,5240882.0,16.178125,25.0,-8.821874999999999,Underutilized
5240883,"Sy, Isaiah",Oregon St.,0.444768,1.0668675,1.511635470741272,-4.410364579803467,7.433635282867431,-2.232364606506348,5.255635309570312,5240883.0,20.23333333333333,25.0,-4.766666666666666,Optimal
5240884,"Munch, Johan",Oregon St.,0.989119,0.20747793,1.1965969272079469,-4.725402884918213,7.118596977752685,-2.5474029116210937,4.940597004455566,5240884.0,21.703225806451616,35.0,-13.296774193548384,Underutilized
5240885,Maxim Logue,Florida Atlantic,1.58566,0.012569092,1.5982290922141076,-4.323770980682373,7.520228881988525,-2.145770768966675,5.342229147109985,5240885.0,18.22307692307692,25.0,-6.77692307692308,Underutilized
5240903,"Ralph, Elias",Pacific,4.56158,0.0640506,4.625630599932671,-1.2963692568969725,10.547630605773923,0.8816307164001467,8.369630632476806,5240903.0,23.73870967741936,35.0,-11.261290322580642,Underutilized
5240934,"Olvera, Jaxon",Louisiana,-4.66043,2.207579,-2.452851102523804,-8.374851033859253,3.4691485903930666,-6.196851060562134,1.2911490939331056,5240934.0,30.03333333333333,35.0,-4.966666666666665,Optimal
5240935,"Butka, Dovydas",Campbell,0.395809,0.5205831,0.9163920931663514,-5.005607778564453,6.838392084106445,-2.827607805267334,4.660392110809326,5240935.0,24.034482758620687,25.0,-0.9655172413793132,Optimal
5240937,"Dozic, Danilo",Pepperdine,-2.62859,1.062521,-1.566069019165039,-7.488068950500488,4.35593091217041,-5.310068977203369,2.177930938873291,5240937.0,17.38,15.0,2.379999999999999,Optimal
5240970,NaVaughn Long,Portland,-4.7611,1.0160223,-3.745077675437927,-9.667077725982663,2.1769221366882325,-7.489077752685547,-0.0010778366088866,5240970.0,12.808333333333335,5.0,7.808333333333335,Overutilized
5240971,"Rapp, Austin",Wisconsin,6.47542,-0.038579725,6.436840275270939,0.5148401278686521,12.35883999053955,2.6928403395843503,10.18084025566101,5240971.0,19.00333333333333,25.0,-5.996666666666666,Underutilized
5240972,"Jones Jr., Todd",Louisiana,1.04415,-0.81711817,0.2270318321228026,-5.694968099212646,6.149031763458252,-3.516968125915527,3.971031790161133,5240972.0,11.712121212121213,5.0,6.712121212121213,Overutilized
5240973,"Ballew, Mikah",Portland,-4.0545,1.1508943,-2.903605715751648,-8.825605766296388,3.018394096374512,-6.647605792999268,0.8403941230773926,5240973.0,19.089655172413792,15.0,4.089655172413792,Optimal
5240980,"Lewis, Mikey",Saint Mary's (CA),2.59592,0.16992758,2.765847582144737,-3.1561523342895508,8.687847528381347,-0.9781523609924316,6.509847555084228,5240980.0,24.89375,35.0,-10.10625,Underutilized
5241001,Tony Duckett,Saint Mary's,0.658863,-1.9201646,-1.2613015851135254,-7.183301516448974,4.660698346221924,-5.005301543151855,2.482698372924805,5241001.0,19.409523809523808,25.0,-5.590476190476192,Underutilized
5241002,"Ripp, Gavin",San Diego,-3.45654,0.59432626,-2.8622137422943115,-8.78421391204834,3.059785950622558,-6.606213700332642,0.8817864541625977,5241002.0,15.284,25.0,-9.716,Underutilized
5241061,"O'Donnell, James",Portland,-1.06596,0.63229305,-0.4336669544792175,-6.355666707000733,5.4883331556701656,-4.177666972122193,3.310333182373047,5241061.0,20.9125,15.0,5.912500000000001,Overutilized
5241062,"Abosi, Veniamin",San Francisco,0.156901,0.4693815,0.6262825112113952,-5.295717598937988,6.548282263732911,-3.11771738722229,4.370282290435791,5241062.0,16.786956521739132,5.0,11.786956521739132,Overutilized
5241069,"Mahi, Elijah",Santa Clara,4.43366,0.09590973,4.529569729599952,-1.3924303358459476,10.45156952682495,0.7855698758697507,8.27356979194641,5241069.0,22.894117647058824,25.0,-2.105882352941176,Optimal
5241070,"Wilson, Marcus",UC Davis,-0.393061,0.6085915,0.2155304969444275,-5.706469374786377,6.137530487884521,-3.5284694014892577,3.9595305145874025,5241070.0,25.825806451612905,35.0,-9.174193548387096,Underutilized
5241071,"Thrastarson, Tomas",Washington St.,-0.827863,0.8062526,-0.0216104012374878,-5.943610451782226,5.900389410888672,-3.765610478485107,3.722389437591553,5241071.0,20.90555555555555,25.0,-4.0944444444444485,Optimal
5241073,Dimitrije Vukicevic,UC San Diego,-0.243268,-1.0020757,-1.2453436721496582,-7.167343603485107,4.676656259185791,-4.989343630187988,2.498656285888672,5241073.0,19.89130434782609,15.0,4.891304347826086,Optimal
5241164,Elijah Thomas,Eastern Washington,-0.883381,0.5151623,-0.3682187108573913,-6.290218463378906,5.553781399291992,-4.112218728500366,3.375781425994873,5241164.0,10.503448275862068,5.0,5.503448275862068,Overutilized
5241230,"Buchanan, Javan",Boise St.,5.14745,0.25728005,5.4047300517082215,-0.517270058441162,11.326729804229736,1.6607301532745362,9.148729830932616,5241230.0,22.39655172413793,25.0,-2.603448275862068,Optimal
5241231,Darnez Slater,Colorado State,-6.29027,2.8326676,-3.457602410812377,-9.379602342147829,2.4643972821044926,-7.201602368850708,0.2863977856445316,5241231.0,9.45,5.0,4.450000000000001,Optimal
5241234,"Jorgensen, Kyle",Colorado St.,5.21515,-0.04418577,5.170964231187106,-0.7510355697631832,11.092964292907716,1.4269641651153568,8.914964081192018,5241234.0,21.089285714285715,15.0,6.089285714285715,Overutilized
5241239,"Collins, Zaon",Fresno St.,1.94904,-0.5046574,1.4443826122665406,-4.477617199859619,7.366382662811279,-2.2996172265625,5.18838268951416,5241239.0,23.296,25.0,-1.7040000000000006,Optimal
5241241,Brian Amuneke,Wichita State,-0.769892,0.2523743,-0.5175177085800171,-6.439517759124756,5.404482103546142,-4.261517785827637,3.2264821302490234,5241241.0,14.6,15.0,-0.3999999999999986,Optimal
5241246,"Dotson, Kayde",Loyola Chicago,-1.80429,0.95679516,-0.8474948439979553,-6.76949471572876,5.074505146942139,-4.591494742431641,2.89650517364502,5241246.0,21.110714285714284,15.0,6.110714285714284,Overutilized
5241247,"Thomas, Daniel",UNC Asheville,-3.38403,0.9517531,-2.432276920108796,-8.354276791839599,3.4897230708312987,-6.176276818542481,1.3117230975341796,5241247.0,13.192592592592597,15.0,-1.807407407407405,Optimal
5241251,"Washington, Jermaine",San Jose St.,-1.96331,0.96985644,-0.9934535589790344,-6.915453669128418,4.928546193542481,-4.73745345741272,2.750546220245361,5241251.0,18.633333333333333,25.0,-6.366666666666667,Underutilized
5241269,"Anderson, Jojo",Eastern Wash.,-2.01375,0.41935572,-1.594394279718399,-7.516394062042236,4.327605800628662,-5.338394327163696,2.149605827331543,5241269.0,18.115625,25.0,-6.884374999999999,Underutilized
5241273,"Agbim, Obi",Baylor,2.84003,0.15709107,2.9971210662412644,-2.924878790588379,8.91912107208252,-0.7468788172912597,6.741121098785401,5241273.0,15.845454545454544,25.0,-9.154545454545456,Underutilized
5241282,"Sow, Cheikh",Idaho St.,-2.73047,0.40195683,-2.3285131735515594,-8.250512896270752,3.5934869664001465,-6.072513161392212,1.4154869931030274,5241282.0,18.45,15.0,3.449999999999996,Optimal
5241283,"Hollenbeck, Caleb",Marshall,-0.534927,0.30774376,-0.2271832420368195,-6.149183381988525,5.694816480682373,-3.9711831702728273,3.5168165073852538,5241283.0,22.55666666666667,25.0,-2.443333333333332,Optimal
5241286,Blake Daberkow,Idaho State,-4.17881,1.3995275,-2.779282450256348,-8.701282381591797,3.142717481079101,-6.523282408294678,0.964717507781982,5241286.0,20.09310344827586,15.0,5.093103448275858,Overutilized
5241290,"Davis, Jeremiah",Montana St.,2.30432,-0.87492484,1.429395161457062,-4.4926045910644525,7.351395271606446,-2.314604617767334,5.173395059890748,5241290.0,17.360714285714288,15.0,2.3607142857142875,Optimal
5241291,"Kolly, BJ",UC Riverside,-0.842916,1.4407642,0.5978481887664795,-5.32415150415039,6.519848358520508,-3.1461517692718504,4.341847908386231,5241291.0,21.49655172413793,15.0,6.49655172413793,Overutilized
5241292,Trap Johnson,UC San Diego,-4.09043,0.48512927,-3.6053007330226894,-9.527300574951171,2.316699287719727,-7.349300601654052,0.1386993144226078,5241292.0,12.640909090909092,5.0,7.640909090909092,Overutilized
5241299,Ariik Mawien,Northern Colorado,-6.86635,3.4702764,-3.3960736442565915,-9.318073575592042,2.525926763916016,-7.140073602294922,0.3479263137817385,5241299.0,19.228571428571428,5.0,14.228571428571428,Overutilized
5241303,"Tidor, Sebastian",Portland St.,-3.61826,-0.11403481,-3.732294809172153,-9.65429458404541,2.1897052786254885,-7.476294849166869,0.0117050669097902,5241303.0,12.975,25.0,-12.025,Underutilized
5241305,"Dupre, Alex",Portland St.,-4.02814,1.0964259,-2.931714109077453,-8.853713921203614,2.990285941467285,-6.675713947906494,0.8122859681701664,5241305.0,12.00357142857143,15.0,-2.99642857142857,Optimal
5241308,"Brewer, Lachlan",Idaho St.,-1.93071,0.15408689,-1.7766231121635436,-7.698622864685058,4.14537699798584,-5.520623129806518,1.9673767862701417,5241308.0,14.1,15.0,-0.9000000000000004,Optimal
5241310,"Smith, Rich",Abilene Christian,1.85822,-0.86701375,0.9912062475395202,-4.930793862609863,6.913206000061035,-2.752793889312744,4.735206265182495,5241310.0,21.21333333333333,25.0,-3.786666666666669,Optimal
5241311,"Williams, Dontrez",Lindenwood,-0.294957,0.539728,0.2447709858589172,-5.677228766662598,6.166771096008301,-3.4992290317840578,3.9887711227111815,5241311.0,24.87142857142857,25.0,-0.1285714285714299,Optimal
5241312,"Alston, Christian",Abilene Christian,-6.97937,2.365208,-4.614162089462281,-10.536162020797727,1.3078376034545895,-8.35816204750061,-0.8701618930053714,5241312.0,26.482142857142858,25.0,1.4821428571428577,Optimal
5241314,"Hubbard, Bradyn",Abilene Christian,-2.09964,0.80230343,-1.297336566581726,-7.219336617126465,4.624663245544434,-5.041336643829346,2.4466632722473145,5241314.0,30.50344827586207,25.0,5.50344827586207,Overutilized
5241316,"Hennig, Trevor",Weber St.,-3.80488,0.95996416,-2.844915843849182,-8.766915655975343,3.077084206695557,-6.588915682678223,0.8990842333984377,5241316.0,19.125,25.0,-5.875000000000004,Underutilized
5241318,Declan Cutler,Weber State,-0.978417,-0.7093065,-1.687723478500366,-7.609723648254395,4.234276214416504,-5.4317231981201175,2.056276479537964,5241318.0,10.416,5.0,5.415999999999999,Overutilized
5241323,"Malcolm, Devon",California Baptist,5.08451,-0.45942917,4.625080825338364,-1.2969191954040529,10.547080667266846,0.8810807778930663,8.369080693969726,5241323.0,23.73030303030303,15.0,8.73030303030303,Overutilized
5241326,"Henige, Bradey",California Baptist,1.52917,-0.030545346,1.4986246535611152,-4.423375166015625,7.420624696655273,-2.245375192718506,5.242624723358154,5241326.0,14.71818181818182,5.0,9.71818181818182,Overutilized
5241333,"Dillon, Eoin",Belmont,4.50281,-1.8560408,2.646769164619446,-3.2752308859252928,8.568768976745606,-1.0972309126281736,6.390769122657776,5241333.0,18.951612903225808,15.0,3.951612903225808,Optimal
5241334,"Jenkins, Jabez",Belmont,0.789278,-0.13529725,0.6539807462720871,-5.268019229766845,6.575980632904053,-3.090019256469726,4.397980659606934,5241334.0,20.203225806451616,25.0,-4.796774193548384,Optimal
5241336,"Phipps, Styles",Pepperdine,1.69183,0.31746057,2.009290566759109,-3.912709394378662,7.931290468292236,-1.734709421081543,5.753290494995117,5241336.0,24.92666666666667,35.0,-10.07333333333333,Underutilized
5241338,"Maurer, Austin",Seattle U,3.19425,-0.099757545,3.094492455303669,-2.8275076026916506,9.016492259979248,-0.6495073909759523,6.838492525100708,5241338.0,18.97272727272727,25.0,-6.027272727272731,Underutilized
5241342,"Maldonado, Brayden",Seattle U,4.35808,-0.46245044,3.8956295553016655,-2.026370435638428,9.817629427032472,0.1516295376586915,7.639629453735352,5241342.0,23.716666666666665,25.0,-1.283333333333335,Optimal
5241344,"Dan, Houran",Seattle U,-1.61182,0.14498375,-1.4668362464380265,-7.388836162872314,4.455163699798584,-5.210836189575195,2.277163726501465,5241344.0,18.97878787878788,35.0,-16.02121212121212,Underutilized
5241350,"Abellar, Lorenzo",Southern Utah,-7.97505,1.4351932,-6.539856818962098,-12.461856869506835,-0.6178570068359379,-10.283856896209716,-2.795856980133057,5241350.0,15.77142857142857,25.0,-9.22857142857143,Underutilized
5241352,"Burdick, Kai",Southern Utah,-2.12861,0.023825886,-2.1047841142719985,-8.026783809051514,3.8172160536193847,-5.848784074172974,1.6392158419036864,5241352.0,15.417241379310344,15.0,0.4172413793103438,Optimal
5241358,"Thomas, Corey",Bradley,2.32545,-1.2749104,1.0505395500183106,-4.871460381317139,6.97253948135376,-2.6934604080200195,4.794539508056641,5241358.0,15.099999999999998,25.0,-9.900000000000002,Underutilized
5241359,"van der Knaap, Timoty",Bradley,-2.7342,0.8484063,-1.8857936851501464,-7.807793616485595,4.036206246185303,-5.629793643188476,1.858206272888184,5241359.0,16.372727272727275,25.0,-8.627272727272725,Underutilized
5241360,"Johnson, Jaquan",Bradley,5.90351,-0.90612006,4.99738993812561,-0.9246102316284182,10.91938963104248,1.2533902185058592,8.741389896163941,5241360.0,27.984848484848484,35.0,-7.015151515151516,Underutilized
5241363,"Banks, Tavion",Iowa,4.88774,-0.9065739,3.9811661083602905,-1.9408337037658687,9.90316615890503,0.2371662695312499,7.72516618560791,5241363.0,22.99189189189189,25.0,-2.008108108108111,Optimal
5241364,"Stirtz, Bennett",Iowa,7.35854,0.27139053,7.629930527486801,1.7079305067443844,13.551930369415285,3.885930480041504,11.373930396118164,5241364.0,26.289189189189187,15.0,11.289189189189187,Overutilized
5241366,"Howard, Isaia",Iowa,6.07717,-0.63467157,5.442498431129455,-0.4795016194152834,11.364498243255614,1.6984983538818357,9.186498269958497,5241366.0,16.132432432432434,15.0,1.1324324324324344,Optimal
5241370,Kaia Berridge,Evansville,-6.36911,1.4697661,-4.899343860015869,-10.821343791351318,1.02265607131958,-8.643343818054198,-1.1553439019775391,5241370.0,10.180769230769233,15.0,-4.819230769230767,Optimal
5241371,Ramondo Battle II,North Carolina Central,-10.0616,2.7342303,-7.327369720077515,-13.249369651412964,-1.4053700271606449,-11.071369678115843,-3.583369523620606,5241371.0,23.629411764705885,5.0,18.629411764705885,Overutilized
5241372,"Hundley, Trent",Evansville,-2.82428,0.3619033,-2.4623766901779174,-8.384376740722656,3.4596231219482423,-6.206376767425537,1.2816231486511231,5241372.0,13.72,15.0,-1.2800000000000011,Optimal
5241373,Jack Daugherty,Illinois State,-5.85846,2.9175622,-2.940897753677368,-8.862897685012818,2.98110241607666,-6.684897711715698,0.8031019659423828,5241373.0,18.403571428571432,15.0,3.403571428571432,Optimal
5241374,"Norris, Cade",Samford,-0.196214,-0.36667782,-0.5628918206825256,-6.48489169241333,5.359108170257568,-4.306891719116211,3.1811081969604493,5241374.0,13.976666666666665,5.0,8.976666666666665,Overutilized
5241376,"Green, Kylin",Houston Christian,-5.0754,1.3401631,-3.7352368883132936,-9.657236700439451,2.186763162231445,-7.479236727142334,0.008763188934326,5241376.0,24.096666666666668,15.0,9.096666666666668,Overutilized
5241380,Dominick Nelson,Iowa State,-2.68744,1.1107872,-1.5766528467559815,-7.498652539672852,4.345347322998046,-5.320652804794312,2.167346872863769,5241380.0,25.258333333333336,35.0,-9.741666666666664,Underutilized
5241382,Tyler Weaver,Utah Valley,-1.85954,-1.2364639,-3.0960039043807983,-9.018003954925536,2.8259959077453614,-6.840003981628418,0.6479959344482422,5241382.0,14.18888888888889,5.0,9.18888888888889,Overutilized
5241383,"LeGree, Josiah",Morehead St.,-3.8334,0.43315756,-3.4002424367904664,-9.322242487335206,2.521757375335693,-7.144242514038086,0.3437574020385741,5241383.0,25.51333333333333,25.0,0.5133333333333319,Optimal
5241384,"Summers, Jahni",Sacramento St.,-2.88581,0.41015345,-2.4756565514183047,-8.397656542358398,3.4463433203125,-6.21965656906128,1.2683433470153809,5241384.0,16.2,15.0,1.1999999999999993,Optimal
5241387,"Alocen, Bruno",Indiana St.,-0.81236,0.26854125,-0.5438187533473968,-6.465818595275879,5.37818126739502,-4.28781862197876,3.2001812940979004,5241387.0,16.57,15.0,1.5700000000000005,Optimal
5241388,Merritt Alderink,Eastern Michigan,-6.65426,2.4604433,-4.193816741714477,-10.115816673049927,1.728183428039551,-7.937816699752807,-0.4498170220947264,5241388.0,19.6375,25.0,-5.362500000000001,Underutilized
5241390,"Valentine, Makhai",NIU,-0.314678,0.18081304,-0.1338649556903839,-6.05586509564209,5.788134767028809,-3.877864883926392,3.6101350321502688,5241390.0,18.45925925925926,25.0,-6.540740740740741,Underutilized
5241391,Logan Epes,Missouri State,-1.77844,-1.3363377,-3.1147776855850218,-9.03677749771118,2.807222364959717,-6.858777524414062,0.6292223916625976,5241391.0,8.85,15.0,-6.15,Underutilized
5241394,"Hampton, Jalen",Arkansas St.,2.67129,-0.25762224,2.413667758026123,-3.5083321733093262,8.335667689361571,-1.330332200012207,6.157667716064453,5241394.0,15.227586206896552,25.0,-9.772413793103448,Underutilized
5241395,"King, Zaxton",Missouri St.,-2.12151,-0.5507848,-2.6722948262786863,-8.594294996032716,3.249704866638184,-6.416294545898437,1.0717051317596438,5241395.0,12.687096774193549,25.0,-12.312903225806451,Underutilized
5241397,"Osei-Bonsu, Michael",Missouri St.,2.81582,0.9598019,3.7756219123077392,-2.146378257446289,9.69762160522461,0.0316219542694091,7.519622108764649,5241397.0,30.35714285714286,35.0,-4.642857142857139,Optimal
5241399,"Owona, Madiba",Utah Tech,-2.86487,0.18881424,-2.676055762286186,-8.598055768127441,3.245944094543457,-6.420055794830322,1.067944121246338,5241399.0,21.49166666666667,15.0,6.491666666666671,Overutilized
5241402,"Berrett, Britton",Utah Tech,-1.31814,-0.881897,-2.20003697265625,-8.122036903991699,3.721962958679199,-5.94403693069458,1.54396298538208,5241402.0,10.129032258064514,15.0,-4.870967741935486,Optimal
5241408,"Weisbrod, Max",UNI,1.59259,-0.6273886,0.965201403465271,-4.956798408660889,6.887201454010009,-2.7787984353637696,4.70920148071289,5241408.0,12.738709677419354,5.0,7.738709677419354,Overutilized
5241409,"Hornseth, Will",UNI,3.50469,-1.1714926,2.333197423400879,-3.5888025079345702,8.255197354736328,-1.410802534637451,6.077197381439209,5241409.0,23.68529411764706,35.0,-11.31470588235294,Underutilized
5241411,"Barnstable, Miles",Tulsa,4.87429,-1.2614945,3.612795482673645,-2.309204567871093,9.534795294799803,-0.1312045945739743,7.356795321502686,5241411.0,18.33055555555556,25.0,-6.669444444444444,Underutilized
5241414,Ryan Lafferty,St. Thomas-Minnesota,-4.54525,1.6315345,-2.913715542793274,-8.835715354919433,3.0082845077514646,-6.657715381622315,0.8302845344543455,5241414.0,12.27,5.0,7.27,Overutilized
5241415,"Minessale, Nolan",St. Thomas (MN),3.77935,-0.4458783,3.3334717029094696,-2.5885284370422363,9.255471425628665,-0.4105284637451172,7.077471690750122,5241415.0,31.67096774193549,35.0,-3.329032258064512,Optimal
5241417,"Aligbe, Rolyns",Southern Ill.,1.70786,0.4477045,2.1555644939994814,-3.766435616149902,8.077564246520996,-1.5884354044342042,5.899564273223877,5241417.0,19.619354838709675,15.0,4.6193548387096754,Optimal
5241419,Jorge Moreno,Southern Illinois,-0.102119,0.07596059,-0.0261584085645675,-5.948158295196533,5.895841567474365,-3.770158321899414,3.717841594177246,5241419.0,16.204166666666666,5.0,11.204166666666666,Overutilized
5241420,"Massey, Antwaun",Western Ill.,-6.78869,1.330171,-5.45851901096344,-11.3805188230896,0.4634810395812989,-9.20251884979248,-1.7145189337158202,5241420.0,23.291304347826088,25.0,-1.7086956521739118,Optimal
5241424,"Seamster, Raysean",UT Arlington,2.86733,0.4972017,3.364531710939408,-2.557468011779785,9.286531850891112,-0.3794682769012452,7.108531877593994,5241424.0,23.280000000000005,25.0,-1.7199999999999953,Optimal
5241428,"Jackson, Cameron",UT Arlington,0.422629,-0.7401581,-0.3175290810546875,-6.239529012390137,5.604470850280761,-4.061529039093018,3.4264708769836427,5241428.0,13.39310344827586,15.0,-1.6068965517241391,Optimal
5241429,"McNair, Justus",Valparaiso,-1.82306,0.459159,-1.3639010131931304,-7.285901033935547,4.558098828735352,-5.107901060638428,2.3800988554382325,5241429.0,22.661290322580644,25.0,-2.338709677419356,Optimal
5241430,"Wright, All",Xavier,0.119851,-0.58802235,-0.4681713512649536,-6.390171163391114,5.453828699279785,-4.212171190093994,3.275828725982666,5241430.0,14.424242424242426,5.0,9.424242424242426,Overutilized
5241435,"Harrison, Ronnie",East Texas A&M,-1.46959,1.5882263,0.118636318359375,-5.803363612976074,6.040636249694824,-3.6253636396789553,3.862636276397705,5241435.0,26.23928571428571,35.0,-8.76071428571429,Underutilized
5241436,"Mizell, Jordan",Tarleton St.,-0.277429,0.103712045,-0.1737169553437232,-6.095716849426269,5.748283013244629,-3.917716876129151,3.5702830399475096,5241436.0,13.185714285714283,5.0,8.185714285714285,Overutilized
5241442,"Mpaka, Chris",Tarleton St.,-3.14985,2.9732838,-0.1765662322998045,-6.098566163635254,5.745433699035645,-3.920566190338135,3.5674337257385256,5241442.0,24.74782608695652,25.0,-0.2521739130434817,Optimal
5241444,"Sigiscar, Andy",Tarleton St.,1.64479,-1.0243214,0.6204685631179809,-5.301531487426757,6.542468375244141,-3.1235315141296387,4.364468401947022,5241444.0,17.963636363636365,5.0,12.963636363636365,Overutilized
5241452,"Larson, Owen",Drake,-2.87889,1.1165045,-1.7623854500198366,-7.684385262145996,4.159614600524902,-5.506385288848877,1.981614627227783,5241452.0,19.736,25.0,-5.263999999999999,Underutilized
5241454,"Jackson, Jaden",South Dakota St.,0.10756,0.38228428,0.4898442836380005,-5.432155766906738,6.4118440957641605,-3.25415579360962,4.233844122467041,5241454.0,20.76551724137931,25.0,-4.23448275862069,Optimal
5241457,"Squires, Alec",South Dakota St.,-2.93702,0.3126259,-2.624394085187912,-8.546394046325684,3.297605816345215,-6.368394073028565,1.1196058430480955,5241457.0,17.06206896551724,15.0,2.0620689655172413,Optimal
5241460,Dylan Godfrey,UC Riverside,-6.90162,2.0705333,-4.831086724395752,-10.753086655731202,1.090913206939697,-8.575086682434083,-1.0870867663574222,5241460.0,21.03043478260869,5.0,16.030434782608694,Overutilized
5241462,Evan van der Plas,Canisius,-6.8559,1.188863,-5.6670369609832765,-11.589037130737305,0.2549627319335936,-9.411036919021608,-1.9230367645263675,5241462.0,15.02608695652174,15.0,0.0260869565217394,Optimal
5241470,"Young, Sharron",Akron,2.83654,-1.1520386,1.6845014257812498,-4.2374985055542,7.606501357116699,-2.05949853225708,5.42850138381958,5241470.0,17.03125,5.0,12.03125,Overutilized
5241471,"Mahaffey, Eric",Akron,4.68037,-1.5058162,3.1745537787628173,-2.747446390991211,9.096553471679687,-0.5694459408569337,6.918553736801147,5241471.0,16.578125,15.0,1.578125,Optimal
5241480,"Hill, Fatt",George Mason,-0.495018,0.050865117,-0.4441528825395107,-6.366152757995605,5.477847104675293,-4.188152784698486,3.299847131378174,5241480.0,24.813043478260862,35.0,-10.186956521739134,Underutilized
5241483,"Burch, TJ",Wright St.,3.86438,0.06496508,3.929345076744557,-1.992654683227539,9.85134517944336,0.1853450516510011,7.673344967727662,5241483.0,28.824242424242424,15.0,13.824242424242424,Overutilized
5241486,Isaac Munkadi,Fairfield,-2.3351,0.17678477,-2.1583152312994005,-8.080314939117432,3.7636849235534666,-5.902315204238892,1.5856847118377684,5241486.0,15.727272727272728,15.0,0.7272727272727266,Optimal
5241489,"Hogarth, Jacob",Gardner-Webb,-4.18704,1.3366868,-2.8503531504058834,-8.772352843322754,3.071647019348145,-6.5943531084442135,0.8936465692138675,5241489.0,24.65333333333333,25.0,-0.3466666666666675,Optimal
5241491,"Menard, Justin",Marist,0.420119,-0.36743522,0.0526837830963135,-5.869316386657715,5.974683476013183,-3.691315936523437,3.796683741134644,5241491.0,23.0,25.0,-2.000000000000004,Optimal
5241493,"Moundi, Yaphet",San Jose St.,1.35962,-0.33299994,1.0266200553131104,-4.895380114440918,6.94861974822998,-2.717379664306641,4.77062001335144,5241493.0,24.45,15.0,9.45,Overutilized
5241495,"Patterson, Biggie",Hofstra,-2.63511,1.5635767,-1.0715333016967774,-6.993533233032227,4.850466629638672,-4.815533259735108,2.6724666563415527,5241495.0,22.213793103448275,25.0,-2.7862068965517253,Optimal
5241536,"Gilyard, Masiah",Temple,-0.708719,0.37024936,-0.3384696392002105,-6.260469659942627,5.583530202728271,-4.082469686645508,3.4055302294311525,5241536.0,16.62,25.0,-8.379999999999999,Underutilized
5241537,"Roxburgh, Fraser",Manhattan,-5.51042,0.86556756,-4.644852435035705,-10.566852247161863,1.277147615509033,-8.388852273864746,-0.9008523577880858,5241537.0,18.68387096774193,15.0,3.6838709677419352,Optimal
5241590,"Anderson, Terry",High Point,4.73577,-1.1649958,3.5707742104721065,-2.351225601654053,9.492774261016844,-0.173225628356934,7.314774287719726,5241590.0,25.196969696969692,25.0,0.1969696969696954,Optimal
5241592,"Hausen, Braden",High Point,2.09876,-1.0931796,1.0055804164505004,-4.916419634094238,6.927580228576661,-2.738419660797119,4.749580255279541,5241592.0,14.33030303030303,15.0,-0.6696969696969699,Optimal
5241593,"Hildebrandt, Simon",Washington St.,0.0660431,-0.08985823,-0.0238151264780998,-5.945814886450195,5.898184976220703,-3.767815151571656,3.720184764505005,5241593.0,14.648387096774192,25.0,-10.351612903225808,Underutilized
5241602,"King, Iverson",Presbyterian,-5.55591,1.5406648,-4.015245207939148,-9.937245258483888,1.906754604187012,-7.759245285186767,-0.2712453691101073,5241602.0,14.9,15.0,-0.1000000000000014,Optimal
5241604,Khalon Hudson,Presbyterian,-1.97502,-0.48129782,-2.456317820806503,-8.378317901153565,3.465681961517334,-6.200317927856445,1.287682226638794,5241604.0,13.810344827586206,25.0,-11.189655172413794,Underutilized
5241605,"Chiakwelu, Chidi",Presbyterian,1.54839,-0.81880116,0.7295888353729247,-5.192410857543946,6.651589005126953,-3.0144113610839844,4.473588793411254,5241605.0,14.346666666666664,15.0,-0.653333333333336,Optimal
5241606,"Wilson, Triston",Presbyterian,-1.76583,0.49007908,-1.2757509249019623,-7.197751005249024,4.646248857421875,-5.019750793533325,2.468248884124756,5241606.0,22.063333333333333,35.0,-12.936666666666667,Underutilized
5241607,"Spratt, Tyler",Detroit Mercy,2.11024,-0.25159702,1.858642982950211,-4.063356858978271,7.780643003692627,-1.885356885681152,5.602643030395508,5241607.0,18.54,15.0,3.539999999999999,Optimal
5241608,"Stevenson, Je'Shawn",North Texas,2.44404,-0.27365303,2.1703869696044924,-3.751612961730957,8.092386900939943,-1.5736129884338377,5.914386927642823,5241608.0,26.54516129032257,35.0,-8.454838709677425,Underutilized
5241610,"Robinson, Reece",North Texas,1.50416,-0.5184298,0.9857301842308044,-4.9362696875,6.907730175170898,-2.758269714202881,4.729730201873779,5241610.0,17.245161290322585,15.0,2.245161290322585,Optimal
5241611,"Franklin, Cole",North Texas,1.44107,-0.34088984,1.1001801586818696,-4.821819862060547,7.022180000610351,-2.643819888763428,4.844180027313232,5241611.0,14.674193548387098,5.0,9.674193548387098,Overutilized
5241614,Nate Johnson,Detroit Mercy,-6.11307,2.3031616,-3.8099083789062496,-9.7319083102417,2.1120915524292,-7.55390833694458,-0.0659084208679194,5241614.0,16.375,15.0,1.375,Optimal
5241617,"Kalambay, Ryan",Detroit Mercy,5.86899,-1.119046,4.749944027175904,-1.1720561425781248,10.671943720092774,1.0059443075561525,8.493943985214234,5241617.0,10.636666666666668,5.0,5.636666666666667,Overutilized
5241618,"Nadeau, TJ",Detroit Mercy,1.32516,-0.7640878,0.5610722037887572,-5.360927608337402,6.483072254333496,-3.182927635040284,4.305072281036377,5241618.0,19.20344827586207,25.0,-5.796551724137931,Underutilized
5241620,"Anderson, Evan",South Dakota,-1.96477,-1.1120148,-3.076784770507812,-8.998784701843261,2.845215160827637,-6.820784728546142,0.6672151875305177,5241620.0,8.052,5.0,3.052,Optimal
5241622,"Moore, Josiah",Tulane,-2.02455,-0.34542271,-2.3699727149486542,-8.291972676086425,3.5520271865844726,-6.113972702789306,1.3740272132873534,5241622.0,17.093548387096778,15.0,2.093548387096778,Optimal
5241623,Darius Robinson Jr.,SIU Edwardsville,-10.3725,4.1667204,-6.205779609680176,-12.127779541015624,-0.283779678344727,-9.949779567718506,-2.461779651641846,5241623.0,18.5,15.0,3.5,Optimal
5241624,"Gray, Luke",Oral Roberts,-2.2304,0.9179592,-1.312440786743164,-7.234440718078613,4.609559144592286,-5.056440744781494,2.431559171295166,5241624.0,20.136666666666667,15.0,5.136666666666667,Overutilized
5241628,"Simon, Valentino",Omaha,-1.43145,-0.72443706,-2.1558870579719542,-8.077887168121338,3.7661126945495607,-5.899887194824219,1.5881129596710206,5241628.0,16.423076923076923,25.0,-8.576923076923077,Underutilized
5241629,"Thomas, Kamryn",Omaha,-5.11458,1.6774337,-3.437146270828247,-9.359145963745116,2.484853898925781,-7.181146228866577,0.3068534487915038,5241629.0,13.804,5.0,8.804,Overutilized
5241630,"Cooper, Khamani",Omaha,-6.39318,1.2130933,-5.180086719207764,-11.102086650543214,0.7419132121276855,-8.924086677246095,-1.4360867611694337,5241630.0,28.104347826086958,15.0,13.104347826086954,Overutilized
5241633,"Tweedy, Ben",Colgate,-2.71338,0.09282574,-2.620554259424209,-8.542554041748048,3.301445820922852,-6.364554306869507,1.1234456092071534,5241633.0,16.106451612903225,25.0,-8.893548387096775,Underutilized
5241635,"O'Hara, C.J.",Green Bay,0.399207,0.7413262,1.1405332128829957,-4.781466599243164,7.062533263427734,-2.603466625946045,4.884533290130615,5241635.0,20.74838709677419,25.0,-4.2516129032258085,Optimal
5241637,"Wilkins, Caden",Green Bay,-1.16015,0.03434786,-1.1258021417200563,-7.047801920318603,4.796197942352295,-4.869802185440063,2.618197730636597,5241637.0,14.806451612903226,5.0,9.806451612903226,Overutilized
5241640,"Stefonowicz, Andy",North Dakota St.,1.16852,-0.46133038,0.707189615983963,-5.214810345153809,6.62918951751709,-3.036810371856689,4.451189544219971,5241640.0,16.715625000000003,15.0,1.7156250000000028,Optimal
5241641,Carson Smith,North Dakota State,-6.12199,1.6690377,-4.452952300300598,-10.374952112426758,1.4690477502441404,-8.196952139129639,-0.7089522230529788,5241641.0,15.0,15.0,0.0,Optimal
5241642,"Anderson, Treyson",North Dakota St.,2.53677,-0.30109307,2.2356769283008577,-3.686323032836914,8.157676829833985,-1.5083230595397947,5.979676856536866,5241642.0,26.953125,25.0,1.953125,Optimal
5241645,"Woodson, Dariyus",Louisiana,-2.77167,0.16995077,-2.601719231648445,-8.5237189692688,3.3202808934021,-6.345719234390259,1.1422806816864015,5241645.0,14.751515151515152,15.0,-0.2484848484848481,Optimal
5241646,"Thomas, Reggie",North Dakota,-0.308432,-1.2849007,-1.5933326652832032,-7.515332596618652,4.328667266052246,-5.337332623321533,2.150667292755127,5241646.0,18.348275862068967,25.0,-6.6517241379310335,Underutilized
5241647,George Natsvlishvili,North Dakota,-2.70708,0.8533844,-1.853695624427796,-7.775695436553955,4.068304426116944,-5.597695463256835,1.8903044528198245,5241647.0,22.6,15.0,7.600000000000001,Overutilized
5241648,"Uelmen, Greyson",North Dakota,-1.64264,-0.2503499,-1.892989909067154,-7.81498992980957,4.029009932861328,-5.636989956512451,1.8510099595642089,5241648.0,29.359375,25.0,4.359375,Optimal
5241652,"Grady II, Kasheem",Kansas City,-4.77954,1.511796,-3.267744002380371,-9.18974393371582,2.6542559289550782,-7.011743960418701,0.4762559556579591,5241652.0,19.700000000000003,25.0,-5.299999999999997,Underutilized
5241653,"Nyeri, Ring",Northern Colo.,0.143238,-0.5384423,-0.3952043136711121,-6.317204066192627,5.526795796478272,-4.139204092895508,3.348795584762573,5241653.0,15.762068965517242,15.0,0.7620689655172423,Optimal
5241658,"Goode, DeSean",Robert Morris,5.21024,-1.3545505,3.8556895191574094,-2.0663102929687502,9.777689569702147,0.1116896803283689,7.599689596405029,5241658.0,19.63870967741936,25.0,-5.36129032258064,Underutilized
5241663,"Garner, Keenan",Central Mich.,-0.609662,-0.24888332,-0.8585453218812943,-6.780545178710938,5.063454683959961,-4.6025452054138185,2.8854547106628416,5241663.0,18.962068965517243,25.0,-6.037931034482757,Underutilized
5241667,"Stillwell, Jamichael",UCF,6.65631,0.47564468,7.1319546778774265,1.2099546571350102,13.05395451980591,3.3879546304321293,10.87595454650879,5241667.0,21.33870967741936,15.0,6.338709677419356,Overutilized
5241668,"Pippa-White, Esyah",Milwaukee,-6.56857,2.3615222,-4.207047802276612,-10.129047733612062,1.7149516522216794,-7.951047760314942,-0.4630478442382815,5241668.0,17.383870967741938,25.0,-7.616129032258062,Underutilized
5241674,"Gherezgher, Dan",Northern Ky.,-2.70879,1.5208253,-1.1879647331619263,-7.109964545288086,4.734035317382812,-4.931964571990967,2.5560353440856933,5241674.0,25.093548387096774,15.0,10.093548387096778,Overutilized
5241676,"Rakotonanahary, Donovan",Northern Ky.,1.56691,-2.948925,-1.3820150183105468,-7.304014949645996,4.539984913024902,-5.126014976348877,2.3619849397277832,5241676.0,9.262068965517242,15.0,-5.737931034482758,Underutilized
5241683,Malcolm Christie,Oregon State,-2.17612,0.0597468,-2.11637319814682,-8.038373189086915,3.805626673583984,-5.860373215789795,1.6276267002868652,5241683.0,19.779999999999998,5.0,14.779999999999994,Overutilized
5241684,"Marshall IV, Warren",Oakland,-0.561119,-2.5845118,-3.145630756896973,-9.067630688232422,2.7763691744384764,-6.889630714935302,0.5983692011413574,5241684.0,12.264285714285718,5.0,7.264285714285718,Overutilized
5241686,"Lavergne, De'Vion",Louisiana,-2.67305,1.1987528,-1.474297239112854,-7.396297051239014,4.447702811431885,-5.218297077941895,2.2697028381347657,5241686.0,21.839393939393936,35.0,-13.160606060606064,Underutilized
5241690,"Omojafo, Josh",South Fla.,3.20804,-0.49881285,2.7092271457099915,-3.2127726068115234,8.631227255859375,-1.0347726335144043,6.453227044143677,5241690.0,17.254545454545454,25.0,-7.745454545454546,Underutilized
5241693,Maurio Hanson Jr.,Maryland Eastern Shore,-5.34327,0.8849159,-4.458354111690522,-10.380354102630616,1.4636457600402828,-8.202354129333497,-0.7143542132568363,5241693.0,17.73333333333333,15.0,2.7333333333333307,Optimal
5241694,Devin Haid,South Florida,2.99811,-1.1914353,1.8066746629333497,-4.115325268402099,7.728674594268799,-1.9373252951049804,5.55067462097168,5241694.0,13.827272727272724,5.0,8.827272727272724,Overutilized
5241697,Roddy Jones,Central Connecticut,-4.57283,-0.8979189,-5.470748879985809,-11.392748632507324,0.4512512301635745,-9.214748659210205,-1.7267489815521238,5241697.0,15.671428571428573,5.0,10.671428571428573,Overutilized
5241698,"Jones, James",Central Conn. St.,-2.11993,0.5512859,-1.5686440774726869,-7.49064418762207,4.353355675048828,-5.312643975906372,2.175355701751709,5241698.0,11.0875,5.0,6.0875,Overutilized
5241700,"Holden, Andrea",Wright St.,1.88445,-0.33102614,1.5534238631248474,-4.368576008605957,7.475423854064942,-2.1905760353088377,5.2974238807678224,5241700.0,21.021212121212123,25.0,-3.9787878787878768,Optimal
5241705,"Maxey, Juwan",Ball St.,-6.98639,2.5263302,-4.460059767379761,-10.38205969871521,1.4619399255371093,-8.204059725418091,-0.7160595709228517,5241705.0,21.543478260869566,15.0,6.543478260869566,Overutilized
5241706,"Carroll, Cris",Youngstown St.,0.708871,0.29684845,1.0057194461307526,-4.916280634216308,6.92771922845459,-2.73828042250061,4.749719255157471,5241706.0,26.841379310344827,25.0,1.841379310344827,Optimal
5241708,"Cox, Dailliss",Chicago St.,-7.44077,0.38792023,-7.05284976937294,-12.974849551696778,-1.1308496890258786,-10.796849816818238,-3.3088496623229977,5241708.0,11.716129032258063,5.0,6.716129032258063,Overutilized
5241711,"Rochester, David",Brown,-3.29942,0.71779686,-2.581623137874604,-8.503623128814697,3.340376733856201,-6.325623155517578,1.162376760559082,5241711.0,15.995,15.0,0.9949999999999992,Optimal
5241712,"O'Keefe, Gerard",Columbia,-2.54819,-0.46008962,-3.00827962392807,-8.930279614868164,2.9137202478027344,-6.752279641571045,0.7357202745056153,5241712.0,15.012,25.0,-9.988,Underutilized
5241714,"Cobb, Gianni",NIU,-3.83495,0.9471149,-2.887835115146637,-8.80983498687744,3.034164875793457,-6.631835013580322,0.8561649024963378,5241714.0,22.275,15.0,7.275000000000002,Overutilized
5241715,"Ritter, Mason",Columbia,-1.69658,0.46313444,-1.2334455622005462,-7.155445642547607,4.688554220123291,-4.977445430831909,2.510554246826172,5241715.0,17.50769230769231,15.0,2.507692307692309,Optimal
5241716,Gioacchino Panzini,Cornell,-0.118361,-1.1699029,-1.2882639207229614,-7.210263732849121,4.633736129821777,-5.032263759552002,2.455736156524658,5241716.0,11.216,15.0,-3.7840000000000007,Optimal
5241717,Mateen Rafiq,Cornell,1.14478,-0.8897378,0.2550422151374816,-5.666957537384033,6.177042325286865,-3.488957564086914,3.999042113571167,5241717.0,20.41764705882353,15.0,5.41764705882353,Overutilized
5241718,"Nimani, Anthony",Cornell,-1.30147,0.9526787,-0.348791319580078,-6.270791250915528,5.573208611755371,-4.092791277618408,3.395208638458252,5241718.0,14.83333333333333,15.0,-0.1666666666666696,Optimal
5241721,Kareem Thomas,Dartmouth,-4.29494,1.289705,-3.0052349619293217,-8.927234654846192,2.9167652078247066,-6.749234919967652,0.7387647576904293,5241721.0,26.649999999999995,25.0,1.649999999999995,Optimal
5241722,"McNamee, Cameron",Dartmouth,-1.59645,-0.24480005,-1.841250046086312,-7.763250022125244,4.080749840545654,-5.585250048828125,1.9027498672485352,5241722.0,14.212,15.0,-0.7880000000000003,Optimal
5241724,"Coleman, Jacobe",Sam Houston,-0.145459,-0.25543845,-0.4008974469985962,-6.322897259124756,5.521102603546143,-4.1448972858276365,3.343102630249024,5241724.0,17.006666666666668,15.0,2.006666666666668,Optimal
5241725,"Eisendrath, Ben",Harvard,-1.92442,-0.17818467,-2.102604673190117,-8.024604440612793,3.8193954220581054,-5.8466047057342525,1.6413952103424072,5241725.0,15.614285714285714,15.0,0.6142857142857139,Optimal
5241727,"Hunt, Austin",Harvard,-0.981635,-1.1275411,-2.1091760652160643,-8.031175996551514,3.812823866119385,-5.853176023254394,1.6348238928222656,5241727.0,16.192307692307693,15.0,1.1923076923076934,Optimal
5241728,"Barbour, Tey",Harvard,1.24672,-0.40347043,0.8432495732021332,-5.078750447540283,6.765249415130615,-2.900750474243164,4.587249441833496,5241728.0,18.239285714285717,25.0,-6.760714285714286,Underutilized
5241732,"Levine, AJ",Penn,1.52995,-0.1635169,1.3664331060171129,-4.555566929626465,7.288432933044433,-2.377566956329346,5.110432959747314,5241732.0,22.47241379310345,25.0,-2.5275862068965544,Optimal
5241737,"Maclin, Brandon",DePaul,3.35798,-0.27080262,3.087177382926941,-2.834822429199219,9.00917743347168,-0.6568224559020996,6.83117746017456,5241737.0,21.955172413793104,35.0,-13.044827586206896,Underutilized
5241740,Peyton Seals,Princeton,-5.14763,0.9437733,-4.203856670742035,-10.125856661682128,1.7181432009887692,-7.94785668838501,-0.45985677230835,5241740.0,15.117647058823527,5.0,10.117647058823527,Overutilized
5241741,"Happy, CJ",Princeton,-3.69535,1.4138786,-2.2814714399337768,-8.203471490478515,3.640528372192383,-6.025471517181396,1.4625283988952638,5241741.0,23.175,15.0,8.175,Overutilized
5241743,"Stanton, Jack",Princeton,1.3469,-0.5558602,0.7910397786140442,-5.130959973907471,6.713039888763428,-2.952960000610352,4.535039677047729,5241743.0,16.58636363636364,15.0,1.5863636363636395,Optimal
5241744,"Skinner, Isaiah",USC Upstate,-0.245365,-0.54895276,-0.7943177583122254,-6.71631751083374,5.127682351837159,-4.538317537536621,2.94968214012146,5241744.0,13.13103448275862,25.0,-11.86896551724138,Underutilized
5241745,"Harris, Brit",FIU,-0.457308,0.02192185,-0.4353861492590904,-6.357386296661377,5.486613566009521,-4.179386084945679,3.3086138311309816,5241745.0,13.686206896551724,25.0,-11.313793103448276,Underutilized
5241748,"Gregory, Karmani",USC Upstate,-2.44326,0.84728074,-1.595979259262085,-7.517979429016114,4.326020433654785,-5.339979217300416,2.148020937194824,5241748.0,26.978571428571428,35.0,-8.021428571428572,Underutilized
5241749,Breylin Garcia,South Carolina Upstate,1.26661,-1.1376343,0.12897572265625,-5.793024208679199,6.050975653991699,-3.61502423538208,3.87297568069458,5241749.0,21.785,15.0,6.785,Overutilized
5241753,"Brathwaite, Jordan",Yale,0.200821,-1.0549996,-0.8541785899200439,-6.776178282836914,5.067821579833985,-4.598178786376953,2.889821368118286,5241753.0,16.106896551724137,25.0,-8.893103448275863,Underutilized
5241754,"Celiscar, Isaac",Yale,5.06749,-1.3519077,3.715582269897461,-2.206417661437988,9.63758220123291,-0.0284176881408688,7.459582227935791,5241754.0,19.47586206896552,25.0,-5.524137931034481,Underutilized
5241755,"Fox, Riley",Yale,-1.90978,-0.14002898,-2.0498089833545685,-7.971808884887695,3.872190977783203,-5.793808911590576,1.694191004486084,5241755.0,22.179310344827588,25.0,-2.820689655172412,Optimal
5241756,"Taylor, Kameron",UNC Asheville,-0.532707,1.1334153,0.6007083413772583,-5.321291709167481,6.522708153503418,-3.1432917358703616,4.344708180206299,5241756.0,29.73793103448276,35.0,-5.262068965517241,Underutilized
5241757,Julian Clarke,UNC Asheville,-4.4421,0.44488096,-3.9972190376281738,-9.919218968963625,1.924780893707276,-7.741218995666504,-0.2532190795898437,5241757.0,7.02608695652174,5.0,2.0260869565217403,Optimal
5241759,Paul Jones III,James Madison,-5.64009,1.2697604,-4.370329629745483,-10.292329799499512,1.551670063171387,-8.114329587783814,-0.626329433288574,5241759.0,14.784210526315787,5.0,9.784210526315787,Overutilized
5241760,"Kamarad, Tommy",Winthrop,0.841137,-0.4237596,0.4173773905391693,-5.504622391784668,6.33937747088623,-3.326622418487549,4.161377259170532,5241760.0,17.293333333333337,25.0,-7.706666666666663,Underutilized
5241772,"Johnson, Raysean",FDU,-5.827,0.50718546,-5.319814540863037,-11.241814472198486,0.6021853904724122,-9.063814498901367,-1.575814582824707,5241772.0,15.960714285714287,15.0,0.960714285714289,Optimal
5241777,"Jones, Dylan",Southern Utah,-2.67994,0.30415434,-2.375785663547516,-8.29778553527832,3.546214327392578,-6.119785561981201,1.3682143540954588,5241777.0,12.52962962962963,15.0,-2.47037037037037,Optimal
5241779,"Blakley, Jakob",Le Moyne,-7.03887,0.8332909,-6.205579125041962,-12.127578877563476,-0.2835790148925783,-9.949579142684936,-2.461578988189697,5241779.0,13.964516129032251,15.0,-1.035483870967747,Optimal
5241781,Isaac Nyakundi,Le Moyne,-4.46015,0.40084606,-4.059303935909271,-9.981303926849364,1.8626959358215336,-7.803303953552246,-0.3153040374755855,5241781.0,15.208333333333334,5.0,10.208333333333334,Overutilized
5241841,"Hardy, CJ",CSU Bakersfield,-1.7791,0.38493654,-1.3941634586811065,-7.316163598632812,4.527836264038086,-5.138163386917114,2.349836290740967,5241841.0,21.845,25.0,-3.1549999999999976,Optimal
5241842,"Price, Mike",CSU Bakersfield,-8.44493,1.9556941,-6.4892359206008905,-12.41123573272705,-0.5672358700561517,-10.23323587863922,-2.745235843353271,5241842.0,18.534482758620687,25.0,-6.465517241379313,Underutilized
5241843,"McGhee IV, Marvin",UC Santa Barbara,3.28771,-0.8183046,2.4694054016685487,-3.452594470062256,8.391405392608643,-1.2745944967651366,6.213405419311524,5241843.0,14.555555555555555,5.0,9.555555555555555,Overutilized
5241844,Bentley Waller,Cal State Bakersfield,-8.7139,2.072897,-6.64100304260254,-12.563002973937987,-0.7190031112670905,-10.38500300064087,-2.8970030845642096,5241844.0,16.61904761904762,15.0,1.6190476190476204,Optimal
5241846,"Jones, Jemel",New Mexico St.,4.00043,0.19207579,4.192505788974762,-1.7294942019653323,10.114505660705566,0.4485057713317868,7.936505687408447,5241846.0,29.87241379310345,35.0,-5.127586206896549,Underutilized
5241847,Cameron Clark,South Carolina State,-6.63811,2.4699957,-4.1681142629241945,-10.090114194259645,1.7538854299926756,-7.912114220962525,-0.4241140664672853,5241847.0,23.59166666666667,15.0,8.591666666666669,Overutilized
5241869,"Bynum, Davis",Rider,-6.54364,1.4711529,-5.072487098350525,-10.994487148895264,0.8495127137756349,-8.816487175598144,-1.3284872595214845,5241869.0,19.1,15.0,4.100000000000001,Optimal
5241898,"Hunkin-Claytor, Aaron",Hawaii,-1.50399,-0.03333135,-1.537321349492073,-7.459321325531006,4.384678537139893,-5.281321352233887,2.206678563842773,5241898.0,14.2,15.0,-0.8000000000000007,Optimal
5241906,"Martin, Kam",Samford,-3.92377,-0.3500094,-4.27377941157341,-10.195779372711185,1.6482204899597166,-8.017779399414064,-0.5297794833374025,5241906.0,17.1,25.0,-7.899999999999999,Underutilized
5241909,"Richardson, Christian",Omaha,-4.01758,1.5548984,-2.4626816187667844,-8.384681669311522,3.459318193359376,-6.206681696014404,1.2813182200622562,5241909.0,18.343478260869563,15.0,3.3434782608695635,Optimal
5241913,"Akins, Sebastian",Wake Forest,-1.80668,0.5548298,-1.2518502237129212,-7.173850333862305,4.670149528808594,-4.995850122146607,2.4921495555114745,5241913.0,22.668571428571425,25.0,-2.3314285714285745,Optimal
5241914,"Shogbonyo, Nicholas",A&M-Corpus Christi,0.638934,-0.7981188,-0.1591848297271728,-6.081184522644043,5.762815340026855,-3.903185026184082,3.584815128311157,5241914.0,21.36,25.0,-3.640000000000001,Optimal
5241915,"Pickett, Josh",Presbyterian,-5.13736,1.1467979,-3.9905621045684816,-9.912561797485353,1.9314380651855467,-7.734562062606812,-0.2465623849487306,5241915.0,13.38,5.0,8.38,Overutilized
5241916,"Fanta Kabba, Abdulai",Western Caro.,1.01603,-0.1602392,0.8557907952356338,-5.066209151000977,6.777790711669922,-2.8882091777038577,4.5997907383728025,5241916.0,14.151851851851852,5.0,9.151851851851852,Overutilized
5241920,"Chappell, Isaiah",UC Davis,-1.27394,0.43029818,-0.8436418206119538,-6.765641602935791,5.078358259735108,-4.587641868057251,2.900358286437988,5241920.0,16.496774193548383,25.0,-8.503225806451617,Underutilized
5241931,"Jester Jr., Jovan",UC Irvine,1.92054,1.1843796,3.1049195776367187,-2.8170803536987306,9.026919508972169,-0.6390803804016114,6.848919535675049,5241931.0,25.53030303030303,25.0,0.5303030303030312,Optimal
5241955,"Jones, Tyler",UC Riverside,-3.15916,0.2538734,-2.905286592159271,-8.827286583099365,3.016713279571533,-6.649286609802246,0.8387133062744141,5241955.0,11.40357142857143,15.0,-3.5964285714285698,Optimal
5241956,"Bodija, Abass",Fordham,-1.27225,0.16199134,-1.1102586570978166,-7.032258811950683,4.811741050720215,-4.854258600234985,2.6337413158416747,5241956.0,19.729166666666668,25.0,-5.270833333333332,Underutilized
5241957,Jack Whitbourn,Fordham,-2.32064,0.64519,-1.6754499994659424,-7.5974496923828125,4.246550170288086,-5.4194499575042725,2.068549720153809,5241957.0,20.92727272727273,15.0,5.9272727272727295,Overutilized
5242115,"Jones, Asim",Quinnipiac,-1.9566,-0.1312395,-2.087839503622055,-8.009839345550537,3.8341605171203614,-5.831839372253418,1.6561605438232423,5242115.0,23.68064516129032,25.0,-1.3193548387096818,Optimal
5242116,"Williamson, Ashton",FIU,-4.39834,1.0621954,-3.3361445797348024,-9.258144630279542,2.5858552323913573,-7.080144656982422,0.4078552590942381,5242116.0,19.865217391304352,15.0,4.865217391304352,Optimal
5242119,"Olajuwon, Ibrahim",FIU,-1.64446,-0.8138459,-2.4583058728790284,-8.380305565795899,3.463694296875,-6.202306069335938,1.2856940851593015,5242119.0,13.658620689655171,15.0,-1.341379310344827,Optimal
5242121,"House, Quel'Ron",Southern Ill.,0.687743,-0.37472603,0.3130169727497101,-5.608982749969482,6.235017112701416,-3.430982776672363,4.057016900985718,5242121.0,26.97241379310345,35.0,-8.027586206896554,Underutilized
5242123,Mekhi Turner,Tennessee Tech,0.193953,-0.5922195,-0.3982664719314575,-6.320266284057618,5.523733578613281,-4.142266310760498,3.345733605316162,5242123.0,18.87272727272727,25.0,-6.127272727272729,Underutilized
5242126,"Lue, Braedan",Kennesaw St.,1.39265,0.49820828,1.890858284378052,-4.031141885375977,7.812857977294922,-1.8531416736602784,5.634858480834961,5242126.0,20.728125,25.0,-4.271875000000001,Optimal
5242127,"Wooley, Adrian",Louisville,4.9373,-0.6961624,4.241137597370147,-1.6808621551513676,10.163137707519532,0.4971378181457515,7.985137495803833,5242127.0,18.374285714285715,15.0,3.3742857142857154,Optimal
5242130,"Decker Jr., Brett",Liberty,-0.421225,-0.08873784,-0.5099628379702568,-6.431962895965576,5.4120369667053225,-4.253962684249878,3.234037231826782,5242130.0,20.14838709677419,15.0,5.14838709677419,Overutilized
5242131,"Aquino, Owen",High Point,5.79047,-0.9125432,4.877926822395325,-1.044073228149414,10.799926634521483,1.133926745147705,8.621926661224364,5242131.0,18.369696969696967,15.0,3.3696969696969674,Optimal
5242133,"Green, Al",UNLV,-0.460816,-0.6093675,-1.0701834898147582,-6.992183301940918,4.85181656072998,-4.814183328643799,2.673816587432861,5242133.0,14.914285714285716,25.0,-10.085714285714284,Underutilized
5242134,"Blocker, Landren",Southeast Mo. St.,0.714711,-0.35420528,0.3605057194576263,-5.561494062866211,6.282505799804688,-3.383494089569092,4.10450558808899,5242134.0,15.873333333333331,25.0,-9.126666666666669,Underutilized
5242262,"Sensley, Zion",UC Santa Barbara,-1.21428,0.44067496,-0.7736050393867493,-6.695605149536133,5.148394713134765,-4.517604937820435,2.9703947398376465,5242262.0,20.006666666666668,25.0,-4.993333333333332,Optimal
5242264,Zachiah Clark,UC Santa Barbara,-2.7166,-0.5260972,-3.242697178459168,-9.164697229003906,2.679302633666992,-6.986697255706787,0.5013026603698729,5242264.0,16.157142857142855,15.0,1.1571428571428548,Optimal
5242266,Kieran Elliott,Cal Poly,-1.31743,-0.47079006,-1.788220058374405,-7.710219840698242,4.133780021972656,-5.532219867401123,1.955779810256958,5242266.0,12.158823529411766,15.0,-2.841176470588234,Optimal
5242267,"Vasilic, Guzman",Cal Poly,-0.904385,-0.63648754,-1.5408725435829165,-7.46287241531372,4.381127447357178,-5.284872442016601,2.2031274740600586,5242267.0,13.596428571428572,15.0,-1.4035714285714285,Optimal
5242268,"Bandelj, Peter",Cal Poly,0.371832,0.13073355,0.5025655495948791,-5.419434441345215,6.424565421325684,-3.241434468048096,4.246565448028565,5242268.0,20.61,25.0,-4.390000000000001,Optimal
5242269,"Ward, Cayden",Cal Poly,-1.39649,1.4289367,0.0324467198944091,-5.889552973022461,5.9544468896484375,-3.711553238143921,3.77644643951416,5242269.0,23.916129032258063,35.0,-11.083870967741936,Underutilized
5242272,"Ogletree, Bryson",N.C. A&T,-3.51463,0.16797988,-3.346650118832588,-9.268650214080813,2.575349648590088,-7.090650002365113,0.3973499137115479,5242272.0,9.988461538461538,15.0,-5.011538461538462,Underutilized
5242276,"Williams, Ryan",Northeastern,0.917778,-2.4226315,-1.5048535021514893,-7.426853195068359,4.41714642918396,-5.248853698608398,2.239146455886841,5242276.0,19.7551724137931,35.0,-15.2448275862069,Underutilized
5242277,"Soroa Schaller, Luca",Northeastern,-3.8489,1.0135361,-2.8353639043807983,-8.757363954925538,3.0866359077453613,-6.579363981628418,0.9086359344482422,5242277.0,21.251724137931028,35.0,-13.748275862068972,Underutilized
5242279,"Woodard, Nick",Alcorn,-5.11954,1.2873613,-3.832178735771179,-9.75417878631592,2.0898210763549807,-7.576178813018799,-0.0881788969421384,5242279.0,18.0375,15.0,3.0375000000000014,Optimal
5242282,"Gorman, Quin",Stony Brook,1.22978,-0.2642422,0.9655377979564668,-4.95646210357666,6.887537759094238,-2.778462130279541,4.709537785797119,5242282.0,12.458620689655174,5.0,7.458620689655174,Overutilized
5242400,"Cranford, Jr., Juan",Eastern Ky.,-4.00477,0.030454565,-3.974315435160398,-9.896315295715333,1.947684566955567,-7.718315322418213,-0.2303154063415524,5242400.0,21.200000000000003,25.0,-3.799999999999997,Optimal
5242401,Jeremy Clayville,NJIT,-8.54118,3.2538984,-5.287281617813111,-11.20928154914856,0.6347185519409173,-9.03128157585144,-1.54328189819336,5242401.0,22.313333333333336,25.0,-2.686666666666664,Optimal
5242403,"Payne, Victor",Saint Francis,-2.72863,-0.63180876,-3.3604387577819823,-9.28243868911743,2.561561173553467,-7.104438715820312,0.3835612002563477,5242403.0,12.941379310344828,5.0,7.941379310344827,Overutilized
5242407,"Koffi, Hermann",Stonehill,-3.66689,1.0522705,-2.614619468345642,-8.536619518890381,3.3073803437805176,-6.358619545593262,1.1293803704833985,5242407.0,17.40333333333333,25.0,-7.596666666666671,Underutilized
5242410,Pearse McGuinn,Stonehill,-9.997,3.4792619,-6.517738124847412,-12.43973805618286,-0.5957377166748046,-10.261738082885742,-2.773738166809082,5242410.0,15.47826086956522,15.0,0.4782608695652204,Optimal
5242414,"Fitch, Zavier",Wagner,-1.03299,-0.20208529,-1.2350752863788603,-7.157075426330566,4.686924436340332,-4.979075214614868,2.508924701461792,5242414.0,15.06,15.0,0.0600000000000005,Optimal
5242415,Makhai Anderson,Wagner,-4.29666,0.36824217,-3.928417825613022,-9.850417667541503,1.9935821951293944,-7.672417694244385,-0.1844177781677247,5242415.0,17.242105263157892,35.0,-17.757894736842108,Underutilized
5242420,"Fruster, Zion",Eastern Ill.,-4.24686,0.69128054,-3.555579456195831,-9.477579566345216,2.366420296325684,-7.2995793546295165,0.1884203230285646,5242420.0,25.925,25.0,0.9250000000000008,Optimal
5242423,"McMorris, Terry",Eastern Ill.,-1.2765,0.49686328,-0.7796367242336273,-6.70163656616211,5.142363296508789,-4.523636592864991,2.96436332321167,5242423.0,17.553333333333335,25.0,-7.446666666666665,Underutilized
5242437,"Futrell, Anias",Lindenwood,1.37817,0.25007313,1.6282431348991393,-4.293756975250244,7.550242887420654,-2.115756763534546,5.372243152542114,5242437.0,24.96551724137931,35.0,-10.03448275862069,Underutilized
5242438,"Tounkara, Aly",Arkansas St.,1.29603,0.29693183,1.5929618330287934,-4.329038187713623,7.514961674957275,-2.151038214416504,5.336961701660156,5242438.0,12.449999999999998,5.0,7.449999999999997,Overutilized
5242439,"Jackson, Clayton",Lindenwood,-6.81418,1.6804458,-5.133734209709168,-11.055734260253908,0.7882656024169918,-8.877734286956787,-1.3897343708801273,5242439.0,15.706666666666669,25.0,-9.293333333333331,Underutilized
5242545,Joseph Thomas,Little Rock,-7.56345,0.3015764,-7.261873594236373,-13.183873316955566,-1.3398734542846675,-11.005873582077026,-3.5178734275817867,5242545.0,9.733333333333334,25.0,-15.266666666666666,Underutilized
5242546,"Lewis, Isaiah",Long Beach St.,-3.81127,1.0514336,-2.759836436767578,-8.681836368103028,3.162163494567871,-6.503836394805909,0.984163521270752,5242546.0,18.65333333333333,5.0,13.653333333333332,Overutilized
5242548,"Pennyfeather, Caleb",Little Rock,-3.53834,-1.503458,-5.041798023071289,-10.963797954406738,0.8802019082641603,-8.785797981109619,-1.2977980650329588,5242548.0,10.796428571428573,15.0,-4.203571428571427,Optimal
5242551,"Carvey, Khouri",N.C. Central,-2.3267,0.18239103,-2.1443089674234392,-8.066308764648438,3.7776910980224607,-5.888309029769898,1.5996908863067625,5242551.0,25.272222222222226,35.0,-9.727777777777778,Underutilized
5242553,"Williams, Jayden",Bucknell,-4.25221,1.2550248,-2.997185209236145,-8.919185021362305,2.924814841308594,-6.741185048065185,0.7468148680114748,5242553.0,16.96060606060606,25.0,-8.039393939393939,Underutilized
5242555,"Spadone, Achile",Bucknell,-0.826507,1.4791873,0.6526802501373291,-5.2693199196167,6.574679943054199,-3.091319707901001,4.396680446594238,5242555.0,20.645454545454548,25.0,-4.354545454545452,Optimal
5242556,"Samuels, D'Aundre",Houston Christian,-2.92358,0.89118737,-2.032392630176544,-7.954392740325927,3.889607122344971,-5.776392528610229,1.7116071490478515,5242556.0,23.633333333333333,25.0,-1.3666666666666671,Optimal
5242560,"Campbell, Javontae",Bowling Green,4.91143,-0.6047627,4.3066673266220095,-1.6153324855041502,10.228667377166747,0.5626674877929689,8.050667403869628,5242560.0,28.279310344827586,25.0,3.2793103448275858,Optimal
5242568,"Pyke, Jordan",UIW,-0.261027,0.09610963,-0.1649173713226318,-6.0869175410766605,5.757082321594238,-3.908917329360962,3.5790825867156983,5242568.0,21.816666666666663,25.0,-3.1833333333333336,Optimal
5242571,Alexis Marmolejos,Pacific,-1.68888,0.48216262,-1.2067173754024505,-7.128717455749512,4.715282406921387,-4.950717244033814,2.5372824336242674,5242571.0,18.94782608695652,25.0,-6.052173913043479,Underutilized
5242573,"East, Braden",Lamar University,-1.40285,1.7952636,0.3924136480331421,-5.5295861640930175,6.314413698577881,-3.351586310005188,4.136413725280762,5242573.0,26.075,35.0,-8.925,Underutilized
5242574,Jayden Gambrell,Lamar,-6.33869,0.8289616,-5.509728389205932,-11.43172855895996,0.4122713037109378,-9.253728347244262,-1.7657281927490232,5242574.0,16.996428571428574,25.0,-8.003571428571426,Underutilized
5242583,"Ndefo, Chike",Towson,-4.51801,1.7126694,-2.8053406274414066,-8.727340558776856,3.1166593038940427,-6.549340585479737,0.9386593305969236,5242583.0,15.943333333333332,5.0,10.943333333333332,Overutilized
5242587,"Embeya, Caleb",Towson,2.39672,-0.29061636,2.106103636713028,-3.815896443634033,8.028103419036865,-1.637896470336914,5.850103684158325,5242587.0,12.090625,5.0,7.090624999999999,Overutilized
5242590,Makoi Mabor Makoi,UNC Wilmington,-4.93037,0.9561702,-3.974199798698425,-9.896199849243164,1.9478000134277345,-7.718199875946045,-0.2301999598693846,5242590.0,13.580645161290322,5.0,8.580645161290322,Overutilized
5242592,"Mbeng, Isaiah",East Carolina,-4.19575,1.108944,-3.0868059415817264,-9.008805992126463,2.8351938705444333,-6.830806018829346,0.6571938972473141,5242592.0,15.026666666666667,25.0,-9.973333333333333,Underutilized
5242594,"Pulliam, Kyle",William & Mary,0.98082,-0.36411282,0.6167071757984162,-5.305292785339356,6.538707077331543,-3.1272928120422363,4.360707104034423,5242594.0,19.15,15.0,4.149999999999999,Optimal
5242596,"Jackson, Jr., Ryan",William & Mary,0.027774,-1.0320116,-1.00423762815094,-6.9262374402771,4.917762422393799,-4.7482374669799805,2.73976244909668,5242596.0,14.582758620689658,5.0,9.582758620689658,Overutilized
5242597,Finn Lally,William & Mary,1.71368,-1.1533973,0.5602826782989503,-5.361717491455078,6.48228237121582,-3.1837170413208007,4.30428263633728,5242597.0,20.129166666666663,25.0,-4.870833333333334,Optimal
5242598,"Ray, Justin",Monmouth,0.593981,-0.78104216,-0.1870611586036682,-6.109061030334472,5.734938832336426,-3.9310610570373536,3.5569388590393065,5242598.0,16.245454545454546,25.0,-8.754545454545454,Underutilized
5242601,"Pickens, Gabe",New Mexico St.,-4.80648,0.72352755,-4.082952449302673,-10.004952499847413,1.839047362823487,-7.826952526550293,-0.3389526104736324,5242601.0,17.89642857142857,5.0,12.896428571428569,Overutilized
5242602,"Jackson, Zawdie",FIU,0.471495,-0.4113908,0.0601041887950897,-5.861895712738037,5.982104149932861,-3.683895739440918,3.804104176635742,5242602.0,18.46896551724138,25.0,-6.531034482758621,Underutilized
5242603,"Osborne, Jae'Coby",New Mexico St.,0.948373,-0.25792325,0.6904497545700073,-5.231550057556152,6.612449805114746,-3.053550084259033,4.434449831817627,5242603.0,14.010344827586207,25.0,-10.989655172413793,Underutilized
5242606,Jaxson Ford,Sam Houston,-2.69371,0.71502006,-1.9786899394607544,-7.9006897515869134,3.943310111083985,-5.722689778289794,1.7653101377868654,5242606.0,16.653333333333332,15.0,1.6533333333333324,Optimal
5242612,"Thomas, KJ",UTEP,-3.24888,0.71143675,-2.537443251495361,-8.45944318283081,3.384556679840088,-6.281443209533691,1.2065567065429683,5242612.0,14.275,15.0,-0.7249999999999996,Optimal
5242615,Kade Unseld,Western Kentucky,-4.18214,2.1153812,-2.066758759155274,-7.988758690490723,3.855241172180176,-5.810758717193604,1.6772411988830562,5242615.0,13.875,5.0,8.875,Overutilized
5242617,"Thedford, Julius",Memphis,3.31143,-0.7032994,2.608130596809388,-3.3138694537353515,8.530130408935547,-1.1358694804382323,6.352130435638427,5242617.0,18.800000000000004,25.0,-6.199999999999996,Underutilized
5242619,"Collins-Roberts, Jadin",Marist,-1.33422,0.123095885,-1.2111241150808334,-7.1331239421081545,4.710875920562744,-4.955123968811035,2.532875947265625,5242619.0,16.759999999999998,25.0,-8.240000000000002,Underutilized
5242621,"Lewis, Elijah",Marist,-0.00807629,-0.4347561,-0.4428323901777649,-6.364832500327148,5.47916736234375,-4.186832527030029,3.30116762746521,5242621.0,20.647826086956524,15.0,5.647826086956524,Overutilized
5242622,"Kabamba, Parby",Marist,-0.882186,-0.05627691,-0.938462910007,-6.86046272958374,4.983537133087158,-4.682462756286621,2.805537159790039,5242622.0,18.093333333333337,35.0,-16.906666666666663,Underutilized
5242629,"Dorset, Tye",Merrimack,0.0662136,-0.16442241,-0.098208807746315,-6.020208843389892,5.823791019281006,-3.842208870092773,3.645791045983887,5242629.0,17.71470588235294,15.0,2.7147058823529413,Optimal
5242634,"Pacheco, Carmelo",UCF,2.59608,-1.7887396,0.8073404379653932,-5.114659612579345,6.729340250091553,-2.9366596392822264,4.551340396003724,5242634.0,9.651612903225807,15.0,-5.348387096774193,Underutilized
5242635,"Keyes, Arlandus",Mount St. Mary's,2.03191,-0.5443707,1.487539289150238,-4.434460582580567,7.409539280090332,-2.2564606092834474,5.231539306793213,5242635.0,23.17241379310345,15.0,8.172413793103448,Overutilized
5242638,"Khadre Kebe, Abdou",Mount St. Mary's,-1.33613,1.1347482,-0.2013817795562744,-6.123381472473144,5.720618390197754,-3.945381737594604,3.5426179400634767,5242638.0,19.561904761904763,15.0,4.561904761904764,Optimal
5242642,"Williams, Landon",Niagara,-4.39314,0.31919292,-4.073947083845138,-9.995947044982907,1.8480528176879885,-7.817947071685791,-0.3299471556091307,5242642.0,14.62307692307692,15.0,-0.3769230769230791,Optimal
5242643,"Shortt, Will",Niagara,-1.74213,0.39924592,-1.3428840822029111,-7.264884192352294,4.579115670318604,-5.086883980636596,2.4011156970214844,5242643.0,19.16551724137931,15.0,4.165517241379309,Optimal
5242758,"Nausadis, Wyatt",American,-4.47852,0.27482498,-4.203695023078918,-10.125694835205078,1.7183050274658207,-7.947694861907959,-0.4596949458312984,5242758.0,19.01,15.0,4.009999999999998,Optimal
5242761,"Iturbe, Julen",American,-0.699248,0.5739863,-0.125261708114624,-6.047261877868652,5.796737984802246,-3.869261666152954,3.618738488342285,5242761.0,21.74,25.0,-3.2600000000000016,Optimal
5242764,"Abdullah, Azmar",Boston U.,-3.03419,0.6711878,-2.363002181949616,-8.28500205368042,3.5589978089904784,-6.107002080383301,1.3809978356933592,5242764.0,15.93939393939394,15.0,0.9393939393939394,Optimal
5242765,"Defty, Ben",Boston U.,2.00172,1.5053641,3.5070840604019167,-2.414915990142822,9.429083872528077,-0.2369160168457029,7.251083899230958,5242765.0,24.903030303030302,25.0,-0.0969696969696976,Optimal
5242775,"Ahayere, Josh",Colgate,-2.12242,0.08860414,-2.033815862698555,-7.955815957946777,3.888183904724121,-5.777815746231079,1.710184169845581,5242775.0,15.090000000000002,25.0,-9.909999999999998,Underutilized
5242807,"Simpson, Micah",Alabama St.,-2.88896,1.5872457,-1.3017142972564697,-7.22371399017334,4.620285872497559,-5.0457142552948,2.4422854223632813,5242807.0,24.151612903225804,35.0,-10.848387096774196,Underutilized
5242808,Mario Andrews,Alabama State,-7.0095,2.7200425,-4.2894575328826905,-10.21145746421814,1.6325421600341796,-8.03345749092102,-0.5454573364257813,5242808.0,12.07,5.0,7.07,Overutilized
5242812,"Stanback, Jerquarius",Alabama St.,1.32444,-0.0676495,1.2567905014181138,-4.665209295806885,7.178790566864014,-2.4872095609283447,5.000790355148316,5242812.0,18.43870967741935,25.0,-6.56129032258065,Underutilized
5242905,"Randall, Grant",Quinnipiac,1.62017,-0.5742482,1.045921805305481,-4.876078245239258,6.9679216174316405,-2.698078271942139,4.789921644134521,5242905.0,15.406451612903224,25.0,-9.593548387096776,Underutilized
5242906,Samson Reilly,Quinnipiac,-3.1058,-1.7091116,-4.814911571311951,-10.73691162185669,1.107088240814209,-8.55891164855957,-1.07091173248291,5242906.0,15.844444444444443,35.0,-19.15555555555556,Underutilized
5242907,"Wewe, Spence",Quinnipiac,-0.9148,0.84981257,-0.0649874327659606,-5.986987423706054,5.857012438964844,-3.808987450408936,3.679012465667725,5242907.0,10.977419354838712,15.0,-4.022580645161288,Optimal
5242908,"Zimmerman, Jaden",Quinnipiac,-4.57991,1.9485326,-2.6313774186706542,-8.553377350006103,3.290622512664795,-6.375377376708984,1.112622539367676,5242908.0,25.992000000000004,25.0,0.9920000000000044,Optimal
5242911,"Burton, Flash",Rider,-3.74343,1.5210937,-2.222336273841858,-8.144336085968018,3.699663776702881,-5.9663361126708985,1.5216638034057617,5242911.0,27.485714285714288,25.0,2.4857142857142875,Optimal
5242913,"McCabe, Cole",Rider,-6.54452,1.0186796,-5.525840381164551,-11.4478403125,0.3961595501708981,-9.26984033920288,-1.781840423126221,5242913.0,12.24074074074074,5.0,7.24074074074074,Overutilized
5242916,"Sanders, Jakai",Le Moyne,-4.47027,0.87002784,-3.6002421598625185,-9.522241912384033,2.321757950286865,-7.344242177505493,0.1437579769897459,5242916.0,22.52857142857144,15.0,7.528571428571436,Overutilized
5242922,"Shoats, Justice",Siena,-2.52882,0.66904986,-1.859770140953064,-7.781770191497802,4.062229671173096,-5.603770218200683,1.8842296978759765,5242922.0,23.782857142857143,15.0,8.782857142857143,Overutilized
5242924,"Freeman, Major",Charlotte,-1.84283,0.36663464,-1.476195362882614,-7.398195085601807,4.445804777069092,-5.220195350723267,2.2678048037719725,5242924.0,20.25357142857143,15.0,5.25357142857143,Overutilized
5242926,"Doty, Gavin",Siena,3.02418,-0.27053893,2.753641073875427,-3.168358738250733,8.675641124420165,-0.9903587649536134,6.497641151123046,5242926.0,23.28857142857143,35.0,-11.71142857142857,Underutilized
5242935,"Nwabude, Godslove",Eastern Mich.,2.46237,-0.044034492,2.418335507775545,-3.5036644123840333,8.340335450286865,-1.325664439086914,6.162335476989746,5242935.0,12.43793103448276,5.0,7.437931034482759,Overutilized
5242936,"Henry, Christian",Fordham,-1.48731,0.8740305,-0.6132795291519164,-6.535279341278076,5.308720521392822,-4.357279367980957,3.130720548095703,5242936.0,28.20370370370371,35.0,-6.7962962962962905,Underutilized
5242937,"Habhab, Mohammad",Eastern Mich.,-0.048113,1.9745988,1.92648576537323,-3.9955140467529295,7.848485815917969,-1.8175141926651,5.67048584262085,5242937.0,25.106666666666666,25.0,0.1066666666666655,Optimal
5242938,"Heady, Quentin",Bethune-Cookman,-1.06947,-0.24280803,-1.312278029055595,-7.234277796478271,4.609722066192627,-5.056278061599731,2.431721854476929,5242938.0,20.2,35.0,-14.8,Underutilized
5242942,"Boston, Tyler",Holy Cross,-1.6608,1.1035668,-0.5572332342147828,-6.4792332847595215,5.364766577911377,-4.301233311462402,3.1867666046142578,5242942.0,24.82,35.0,-10.180000000000003,Underutilized
5242943,"Green, Max",Northwestern,2.11313,-0.22998519,1.8831448075819013,-4.038855168457031,7.805144694213867,-1.860855195159912,5.627144720916748,5242943.0,14.991304347826087,15.0,-0.0086956521739125,Optimal
5242944,Chuck Hare,Holy Cross,-10.2851,1.8811717,-8.403928296661377,-14.325928227996826,-2.481928365325928,-12.147928254699709,-4.659928338623047,5242944.0,14.481818181818182,5.0,9.481818181818182,Overutilized
5242945,"Richard, Aidan",Holy Cross,-4.93332,1.3617315,-3.5715884707641603,-9.49358840209961,2.350411460571289,-7.31558842880249,0.1724114872741697,5242945.0,14.178571428571429,5.0,9.178571428571429,Overutilized
5242946,"Feroah, Jaiden",Southern Utah,3.96329,0.12030998,4.083599978723527,-1.838400101623535,10.005599761047364,0.3396001100921633,7.827600026168824,5242946.0,20.500000000000004,25.0,-4.4999999999999964,Optimal
5242964,"Speed, Braeden",Loyola Maryland,-0.89073,0.49893877,-0.3917912308979034,-6.313791370849609,5.5302084918212895,-4.135791159133911,3.35220851852417,5242964.0,23.78333333333334,35.0,-11.21666666666666,Underutilized
5242967,"Malith, Ring",SIUE,0.606356,-0.68509954,-0.0787435421409606,-6.000743533081055,5.843256329589844,-3.822743559783936,3.665256356292725,5242967.0,25.9,25.0,0.9000000000000021,Optimal
5242973,"Cole Jr., Troy",Southeast Mo. St.,-5.24441,1.8983008,-3.346109233055115,-9.268109283599854,2.5758905790710447,-7.090109191093445,0.3978906057739255,5242973.0,18.473333333333336,15.0,3.4733333333333363,Optimal
5242974,"Terry, Brendan",Southeast Mo. St.,0.954736,-0.7530545,0.2016815003738403,-5.720318550170898,6.1236813125000005,-3.54231857687378,3.945681339202881,5242974.0,23.98,35.0,-11.020000000000003,Underutilized
5242977,Elliot Lowndes,Southeast Missouri State,1.79587,-2.7486823,-0.9528122605133056,-6.874811953430176,4.969187670822143,-4.696812456970215,2.7911876975250243,5242977.0,14.789655172413797,35.0,-20.210344827586205,Underutilized
5242980,"Harrison, Damoni",Charlotte,-0.0449887,-0.4360916,-0.4810803018486023,-6.403080054370117,5.440919808300781,-4.225080081072998,3.262919596585083,5242980.0,19.97241379310345,25.0,-5.027586206896551,Underutilized
5242982,"Dunham, Josiah",Southern Ind.,-3.91734,-0.51772106,-4.435061056938171,-10.35706110748291,1.4869387551879885,-8.17906113418579,-0.6910612181091307,5242982.0,11.965,15.0,-3.035,Optimal
5242985,"Harper II, Travis",Tennessee St.,0.383079,-0.10481615,0.2782628463544845,-5.643736891265869,6.20026297140503,-3.465737156387329,4.0222627596893314,5242985.0,21.24333333333333,25.0,-3.756666666666668,Optimal
5242989,"Lorick III, Antoine",Tennessee St.,3.05446,-1.0255132,2.028946827850342,-3.8930531034851072,7.950946759185792,-1.715053130187988,5.7729467858886725,5242989.0,22.34666666666667,25.0,-2.653333333333329,Optimal
5242991,Kavien Jones,Tennessee State,-3.75294,-0.20193706,-3.9548770645284654,-9.876877129974366,1.967122732696533,-7.698876918258668,-0.210877002182007,5242991.0,11.192592592592591,15.0,-3.8074074074074087,Optimal
5242992,"Johnson, Jaylon",Radford,0.141426,-0.32779276,-0.1863667637100219,-6.108366575836182,5.735633286834717,-3.9303666025390624,3.5576333135375977,5242992.0,20.61923076923077,25.0,-4.3807692307692285,Optimal
5242994,"Nicholls, JaJuan",Tennessee Tech,-0.604388,2.177485,1.5730969891662596,-4.34890294216919,7.495097397338867,-2.1709029688720705,5.31709694720459,5242994.0,25.90357142857143,15.0,10.903571428571428,Overutilized
5242999,"Bukumirovic, Andrija",UT Martin,2.03633,-0.75498176,1.2813482437896728,-4.640651925964356,7.203347936706543,-2.462651475830078,5.0253482018280025,5242999.0,20.746666666666663,15.0,5.746666666666666,Overutilized
5243000,"Guinyard, Tarence",Duquesne,2.51922,0.35741633,2.876636331768036,-3.045363778381348,8.798636084289551,-0.8673635666656496,6.620636110992431,5243000.0,24.780000000000005,35.0,-10.219999999999995,Underutilized
5243002,"Trnka, Afan",UT Martin,-3.61451,0.22089104,-3.3936189564561845,-9.315618932495116,2.528380930175781,-7.137618959197998,0.350380956878662,5243002.0,19.21538461538461,25.0,-5.784615384615385,Underutilized
5243003,"Zuzic, Matija",West Ga.,-6.44422,2.1349504,-4.309269600601196,-10.231269531936643,1.6127305691528324,-8.053269558639526,-0.5652698809814449,5243003.0,14.85,5.0,9.85,Overutilized
5243004,"Santos, Pedro",UT Martin,-1.17202,-0.7314787,-1.9034986911010745,-7.825498622436523,4.018501240234375,-5.647498649139404,1.840501266937256,5243004.0,20.721428571428568,25.0,-4.278571428571432,Optimal
5243006,AJ Hopkins,UT Martin,-2.10507,-0.99188447,-3.096954469985962,-9.018954162902832,2.8250456997680664,-6.840954666442871,0.6470454880523682,5243006.0,12.903703703703703,15.0,-2.0962962962962948,Optimal
5243011,"Faloppa, Stefano",New Haven,-3.13585,0.43113768,-2.7047123189926148,-8.626712369537353,3.217287493133545,-6.448712396240234,1.0392875198364258,5243011.0,13.721428571428572,5.0,8.721428571428572,Overutilized
5243012,"Radakovic, Filip",UT Martin,-4.47208,0.9207021,-3.55137790019989,-9.473377950744627,2.370621911926269,-7.29537797744751,0.1926219386291503,5243012.0,23.26,25.0,-1.7399999999999984,Optimal
5243013,"Deveaux, Trey",Mount St. Mary's,-2.27398,0.7936953,-1.4802847289848329,-7.4022844815063475,4.441715381164551,-5.224284746627808,2.263715407867432,5243013.0,22.44444444444444,25.0,-2.5555555555555607,Optimal
5243015,Ifiok Peter,Western Illinois,-12.8349,4.6307306,-8.204169371032714,-14.126169302368163,-2.282169439697265,-11.948169329071044,-4.460168936157226,5243015.0,18.819047619047616,25.0,-6.180952380952384,Underutilized
5243018,"Ralph-Beyer, Nyle",Sacred Heart,-2.43773,-0.15889902,-2.596629024128914,-8.518628761749268,3.3253711009216307,-6.340629026870728,1.1473708892059324,5243018.0,18.81,15.0,3.809999999999999,Optimal
5243019,"Conner, Mekhi",Sacred Heart,-4.19524,1.2848423,-2.910397747268677,-8.832397440185547,3.0116024224853515,-6.654397705307007,0.8336019723510741,5243019.0,20.74666666666667,25.0,-4.25333333333333,Optimal
5243020,"Slaughter, Jaden",Sacred Heart,-4.17462,0.49425054,-3.680369464035034,-9.602369633789063,2.241630228881836,-7.424369422073364,0.063630732421875,5243020.0,14.18387096774194,5.0,9.18387096774194,Overutilized
5243021,Taj Bryant,Sacred Heart,-7.45481,2.7524283,-4.702381706771851,-10.6243816381073,1.2196179861450194,-8.44638166481018,-0.9583815103149416,5243021.0,16.863157894736844,5.0,11.863157894736844,Overutilized
5243023,"Gueye, Fallou",Sacred Heart,-5.30419,0.81976825,-4.484421750011444,-10.40642150253296,1.4375783601379393,-8.22842176765442,-0.7404216131591799,5243023.0,17.548148148148147,5.0,12.548148148148147,Overutilized
5243028,"Michaels, Ben",Vermont,-4.45706,0.27259296,-4.184467038211823,-10.106466909942627,1.7375329527282712,-7.928466936645508,-0.4404670205688479,5243028.0,11.272413793103448,5.0,6.272413793103448,Overutilized
5243033,"Bradford, Kavon",Northern Ariz.,-8.00626,1.1009727,-6.9052873475646965,-12.827287278900146,-0.9832874162292472,-10.649287305603028,-3.1612873895263665,5243033.0,22.4962962962963,35.0,-12.5037037037037,Underutilized
5243034,"Oboh, Tim",Buffalo,-2.56861,1.0150886,-1.5535214418029786,-7.475521373138427,4.368478489532471,-5.297521399841308,2.1904785162353515,5243034.0,21.876666666666665,25.0,-3.123333333333335,Optimal
5243035,"Williams, Caleb",Lafayette,-2.742,1.4904963,-1.251503722190857,-7.173503772735596,4.670496089935303,-4.9955037994384766,2.492496116638184,5243035.0,25.72903225806452,25.0,0.729032258064521,Optimal
5243038,"Chaikin, Alex",UC San Diego,-0.709118,0.08610888,-0.6230091217451096,-6.545009246795654,5.298990615875244,-4.367009035079956,3.120990880996704,5243038.0,17.478125,15.0,2.4781249999999986,Optimal
5243039,"Benoit, Edouard",Lehigh,-5.5659,1.7484356,-3.817464383506775,-9.739464434051513,2.1045354286193847,-7.561464341545105,-0.0734645446777344,5243039.0,20.98260869565217,25.0,-4.017391304347829,Optimal
5243040,Alfredo Addesa,Lehigh,-8.16724,3.2548096,-4.912430382003784,-10.834430313339231,1.0095693109130863,-8.656430340042114,-1.1684301855468746,5243040.0,19.990322580645167,5.0,14.990322580645168,Overutilized
5243041,"Kramer, Peter",Lehigh,-2.36968,-0.074063145,-2.443743144624233,-8.365743232421874,3.478256630249024,-6.1877430207061765,1.3002568953704836,5243041.0,9.93030303030303,5.0,4.93030303030303,Optimal
5243042,"Alvey, Hank",Lehigh,3.62655,-1.2192087,2.4073412826538085,-3.5146586486816407,8.329341213989258,-1.3366586753845215,6.151341240692139,5243042.0,23.76969696969697,35.0,-11.230303030303034,Underutilized
5243043,"Holloway, Jacen",Army West Point,-4.75859,0.46682367,-4.291766332712173,-10.21376635345459,1.6302335092163087,-8.03576638015747,-0.5477664640808104,5243043.0,20.665517241379312,25.0,-4.334482758620688,Optimal
5243044,"Eli, Joshua",Army West Point,-2.28258,-0.9616217,-3.2442017017173765,-9.16620169265747,2.677798170013428,-6.988201719360351,0.4997981967163087,5243044.0,14.84074074074074,25.0,-10.15925925925926,Underutilized
5243045,"McCarthy, Kevin",Army West Point,-5.22602,0.9549354,-4.271084628124237,-10.193084380645752,1.6509154820251464,-8.015084645767212,-0.5270844912719728,5243045.0,15.921428571428573,25.0,-9.078571428571427,Underutilized
5243047,Alex Engro,Army,-8.29621,1.8977063,-6.398503729782105,-12.320503899536131,-0.4765040368652347,-10.142503687820437,-2.654503533325196,5243047.0,13.126086956521736,5.0,8.126086956521736,Overutilized
5243049,"Bell, Jaxson",Army West Point,-2.54928,0.14653109,-2.4027489098596573,-8.324748826293945,3.519251036376953,-6.146748852996826,1.341251063079834,5243049.0,25.02758620689656,35.0,-9.972413793103442,Underutilized
5243053,"Byers, Brant",Miami (OH),0.813514,-0.23382375,0.5796902535572052,-5.342309707580567,6.501690155090332,-3.164309734283447,4.3236901817932125,5243053.0,18.35483870967742,25.0,-6.64516129032258,Underutilized
5243062,Luke Davis,East Carolina,-1.215,-0.11938132,-1.3343813234567643,-7.256381359100342,4.587618503570557,-5.078381385803223,2.4096185302734376,5243062.0,15.23076923076923,5.0,10.23076923076923,Overutilized
5243080,Elijah Elliott,Ohio,-6.15113,2.607142,-3.543988028411865,-9.465987959747316,2.378012379760742,-7.2879879864501955,0.2000119296264646,5243080.0,15.672727272727274,15.0,0.6727272727272737,Optimal
5243081,Kiir Kuany,Ohio,-2.70747,-0.12884554,-2.836315542669296,-8.758315623016358,3.085684239654541,-6.580315411300659,0.9076845047760012,5243081.0,13.29655172413793,5.0,8.29655172413793,Overutilized
5243083,Jesse Burris,Ohio,-8.12595,2.9652915,-5.160658499908447,-11.082658431243896,0.7613409545898442,-8.904658457946777,-1.4166585418701167,5243083.0,16.1,25.0,-8.899999999999999,Underutilized
5243086,"Ouwinga, Jaylan",Toledo,-0.865245,-0.17893533,-1.0441803340864182,-6.966180459136963,4.877819403533936,-4.7881802474212645,2.699819668655396,5243086.0,16.678124999999998,25.0,-8.321875000000002,Underutilized
5243088,Jerald Colonel,Stephen F. Austin,8.07716,-2.769743,5.307417034301757,-0.6145828970336922,11.229416965637206,1.563417076263427,9.051416992340087,5243088.0,12.4375,5.0,7.4375,Overutilized
5243089,"Jumawan, Landyn",Northwestern St.,-3.68629,0.71278596,-2.9735040407562257,-8.895504210510254,2.9484956521606445,-6.717503998794555,0.7704961557006835,5243089.0,14.551724137931034,25.0,-10.448275862068966,Underutilized
5243093,"Redmond, Justin",Northwestern St.,-5.36406,1.5736469,-3.790413096961976,-9.712412909088137,2.1315869535827634,-7.534412935791016,-0.0464130197143557,5243093.0,21.661904761904765,15.0,6.661904761904765,Overutilized
5243094,"Williams, Willie",Northwestern St.,1.81004,-0.18826225,1.62177774600029,-4.300222393951416,7.543777468719482,-2.122222182235718,5.365777733840942,5243094.0,18.22,25.0,-6.780000000000001,Underutilized
5243096,"Ryans, EJ",Western Mich.,-3.03619,0.47969282,-2.556497183265686,-8.478496995391845,3.365502867279053,-6.300497022094726,1.1875028939819336,5243096.0,14.913793103448276,15.0,-0.0862068965517242,Optimal
5243100,Isaiah Brown,Howard,-7.74614,1.0867193,-6.659420725479126,-12.581420418395997,-0.7374205557250972,-10.403420683517457,-2.9154210058593746,5243100.0,19.54,35.0,-15.46,Underutilized
5243101,"Harper, Blake",Creighton,0.525468,1.233943,1.759410985534668,-4.162588945800781,7.681410916870117,-1.984588972503662,5.503410943572998,5243101.0,21.50294117647059,25.0,-3.497058823529411,Optimal
5243102,"Elyzee, Jeremy",Southeastern La.,-0.093268,0.53018785,0.4369198452301025,-5.485080324523926,6.3589195381469725,-3.307080112808228,4.180920041687012,5243102.0,22.163333333333338,15.0,7.1633333333333375,Overutilized
5243104,Kyle Edison,SE Louisiana,-1.37657,0.50895655,-0.8676134484481812,-6.78961349899292,5.054386363677978,-4.611613525695801,2.87638639038086,5243104.0,21.829166666666666,15.0,6.829166666666666,Overutilized
5243105,"Lawrence, Jaiden",Southeastern La.,-2.58049,0.2542651,-2.32622490023613,-8.248224622955323,3.595775239715576,-6.070224888076782,1.4177750279998778,5243105.0,12.296666666666669,25.0,-12.703333333333331,Underutilized
5243109,"Pangonis, Dominic",Wright St.,0.421201,-0.38915268,0.0320483241329193,-5.889951458190918,5.95404840447998,-3.711951484893799,3.776048192764282,5243109.0,14.806060606060608,15.0,-0.1939393939393934,Optimal
5243111,Marland Harris,Morgan State,-4.31671,1.0909938,-3.225716237983703,-9.147716050109864,2.696283812561036,-6.969716076812744,0.5182838392639164,5243111.0,15.394444444444442,5.0,10.394444444444442,Overutilized
5243118,"Williams Jr., Scooter",Louisiana Tech,0.348869,0.25331748,0.6021864753189087,-5.31981357522583,6.524186287445068,-3.141813601928711,4.346186314147949,5243118.0,23.030769230769238,15.0,8.030769230769234,Overutilized
5243123,"Bethea, Demarco",Houston Christian,-2.93345,0.24682967,-2.68662032635212,-8.608620421600342,3.2353794410705565,-6.430620209884644,1.0573797061920165,5243123.0,21.336666666666662,15.0,6.336666666666666,Overutilized
5243127,"Dennis, Damarion",Wyoming,4.88457,-1.6449066,3.2396633599472047,-2.682336452178955,9.161663410491943,-0.5043364788818359,6.983663437194824,5243127.0,18.467741935483872,25.0,-6.532258064516128,Underutilized
5243128,"Williams, Sheldon",A&M-Corpus Christi,1.0593,0.04338245,1.1026824509382247,-4.8193172866821286,7.02468257598877,-2.641317551803589,4.846682364273072,5243128.0,22.92413793103448,25.0,-2.0758620689655203,Optimal
5243130,"Williams, Isaac",Baylor,2.97072,-0.9413596,2.029360420436859,-3.892639451293945,7.951360411376953,-1.714639477996826,5.773360438079834,5243130.0,19.442424242424245,15.0,4.442424242424245,Optimal
5243136,"Washington, Jaylen",UTRGV,1.92097,-0.19882534,1.7221446555566788,-4.199855290679931,7.644144571990967,-2.0218553173828124,5.466144598693848,5243136.0,20.370967741935484,15.0,5.370967741935484,Overutilized
5243157,Angok Anyang,Alabama A&M,-4.11258,-0.9241065,-5.036686478691101,-10.95868652923584,0.8853133334350582,-8.780686555938722,-1.292686639862061,5243157.0,10.365217391304348,5.0,5.365217391304347,Overutilized
5243188,"Williams, Davian",Alcorn,-4.57501,0.68585193,-3.8891580684280393,-9.811157880554198,2.0328419821166994,-7.63315790725708,-0.1451579911804197,5243188.0,18.2375,5.0,13.237499999999995,Overutilized
5243189,"McDaniels, Tycen",Alcorn,-1.96445,0.6519115,-1.3125385028839112,-7.234538195800781,4.609461666870117,-5.0565384609222415,2.43146121673584,5243189.0,24.36875,25.0,-0.6312500000000014,Optimal
5243190,"Hamilton, Omari",Alcorn,-6.80309,1.4518583,-5.351231717910767,-11.273231410827638,0.5707684518432616,-9.095231675949098,-1.6072319982910157,5243190.0,20.609375,15.0,5.609375,Overutilized
5243198,Dennis Asoro,Arkansas-Pine Bluff,-6.08795,1.7894843,-4.2984657375335695,-10.220465907287595,1.6235339553833006,-8.042465695571899,-0.5544655410766604,5243198.0,14.875,5.0,9.875,Overutilized
5243199,Kyle Brown,Arkansas-Pine Bluff,-3.89811,0.80792624,-3.09018376241684,-9.012183753356933,2.831816109313965,-6.834183780059814,0.6538161360168457,5243199.0,10.742857142857142,5.0,5.742857142857142,Overutilized
5243204,"Arias, Chris",Jacksonville,-3.22944,0.21994321,-3.0094967895174025,-8.931496884765625,2.9125029779052736,-6.753496673049927,0.7345032430267335,5243204.0,17.714285714285715,25.0,-7.285714285714285,Underutilized
5243208,"Jackson, Kent",North Florida,-3.69777,0.9773134,-2.7204566006851194,-8.64245641281128,3.20154344985962,-6.46445643951416,1.0235434765625002,5243208.0,22.49000000000001,15.0,7.490000000000005,Overutilized
5243210,Enrico Borio,Jacksonville,-5.1014,1.4762338,-3.625166160011291,-9.547165972137453,2.296833890533448,-7.369165998840332,0.1188339172363281,5243210.0,12.257894736842106,5.0,7.257894736842106,Overutilized
5243211,"Boskovic, Mihailo",BYU,1.42421,-0.23357643,1.1906335681295397,-4.731366229095459,7.11263363357544,-2.553366494216919,4.934633421859742,5243211.0,12.31470588235294,5.0,7.314705882352941,Overutilized
5243212,"Catchings, Kanon",Georgia,2.91687,0.8116727,3.728542687530517,-2.193457243804932,9.650542618865966,-0.0154572705078126,7.472542645568847,5243212.0,21.790625,25.0,-3.2093750000000014,Optimal
5243217,Houston Holland,Chattanooga,-3.28119,-0.62638205,-3.907572052898407,-9.829571805419922,2.0144280572509765,-7.651571832122803,-0.1635721544647217,5243217.0,9.04,15.0,-5.960000000000001,Underutilized
5243222,Parker Robison,Chattanooga,-4.95533,-0.38156116,-5.3368911600875855,-11.258891210632324,0.5851086520385742,-9.080891237335203,-1.592891321258545,5243222.0,7.829166666666667,5.0,2.8291666666666666,Optimal
5243230,"Johnston, Charles",Furman,2.52187,0.34495163,2.866821629638672,-3.055178301696777,8.788821560974121,-0.8771783283996584,6.610821587677002,5243230.0,18.015625,15.0,3.015625,Optimal
5243236,"Shoulders, Brady",Mercer,1.18952,0.30390748,1.4934274838161468,-4.42857253692627,7.415427325744629,-2.2505725636291505,5.23742735244751,5243236.0,15.87037037037037,15.0,0.8703703703703702,Optimal
5243238,Marcus Overstreet,San José State,-0.851807,-0.19025393,-1.0420609283037183,-6.964060665924072,4.879939196746826,-4.786060931045532,2.701938985031128,5243238.0,14.424,15.0,-0.5760000000000005,Optimal
5243241,"Brownell, Jaden",Southern California,0.00744941,1.0005052,1.0079546189691162,-4.9140450739477535,6.929954788723145,-2.736045339069214,4.751954338588868,5243241.0,19.093103448275865,15.0,4.093103448275862,Optimal
5243243,"Wali, Eze",The Citadel,-5.37062,0.7121744,-4.658445584411621,-10.58044551574707,1.2635543469238284,-8.40244554244995,-0.9144456263732909,5243243.0,16.113333333333333,25.0,-8.886666666666667,Underutilized
5243245,Dante Kearse,The Citadel,-5.14207,0.30655587,-4.835514132804871,-10.75751418334961,1.0864856793212887,-8.57951421005249,-1.0915142939758304,5243245.0,14.949999999999998,25.0,-10.050000000000002,Underutilized
5243252,"Efinda, Clinton",UNC Greensboro,-4.39833,0.13430934,-4.264020663456916,-10.18602063949585,1.6579792231750492,-8.00802066619873,-0.5200207501220699,5243252.0,14.570967741935483,25.0,-10.429032258064517,Underutilized
5243262,"Liston, Cal",VMI,-6.83005,-0.0103117395,-6.840361739519238,-12.762361534881592,-0.9183616722106932,-10.584361800003052,-3.096361883926392,5243262.0,11.879310344827584,5.0,6.879310344827585,Overutilized
5243263,"Holmstrom, Linus",VMI,-5.30475,1.0262569,-4.278493081092835,-10.200492893218994,1.643506969451904,-8.022492919921875,-0.5344930038452151,5243263.0,18.707142857142856,25.0,-6.2928571428571445,Underutilized
5243264,"Stuckey, Kaden",VMI,-8.71223,2.8558967,-5.856333288650513,-11.778333219985962,0.0656668811035157,-9.600333246688844,-2.1123335690307616,5243264.0,18.27692307692308,5.0,13.276923076923076,Overutilized
5243265,Jaylen Pazon,VMI,-14.9154,3.7445445,-11.170855493927002,-17.09285542526245,-5.248856039428711,-14.914855451965332,-7.426855535888672,5243265.0,27.47058823529412,25.0,2.4705882352941195,Optimal
5243266,CJ Hyland,Western Carolina,-6.36851,2.1229248,-4.2455851953125,-10.16758512664795,1.6764147360229495,-7.98958515335083,-0.5015852372741696,5243266.0,20.46111111111112,15.0,5.461111111111116,Overutilized
5243271,"Lee, Jalen",Southern Utah,-5.67497,0.97064996,-4.70432004234314,-10.626320212097168,1.2176796505737304,-8.44832000038147,-0.9603198458862304,5243271.0,14.861904761904762,25.0,-10.138095238095238,Underutilized
5243273,"Lasu, Shadrak",LIU,-1.19786,-0.30021948,-1.498079476222992,-7.420079467163086,4.423920395507812,-5.242079493865967,2.245920422210693,5243273.0,12.693939393939392,15.0,-2.3060606060606066,Optimal
5243276,"Flynn, Luke",Wofford,-2.84388,-0.4552937,-3.29917368519783,-9.221173586730956,2.622826275939941,-7.043173613433838,0.4448263026428223,5243276.0,9.726315789473684,15.0,-5.273684210526316,Underutilized
5243278,"Holmes, Kahmare",Wofford,1.23812,-0.3120921,0.9260279043865204,-4.995972235565185,6.848027627105713,-2.817972262268066,4.670027892227173,5243278.0,29.096000000000004,25.0,4.096000000000004,Optimal
5243337,Lenard Taylor Jr.,Florida A&M,-13.383,4.2743955,-9.108604534149167,-15.030604465484618,-3.1866041259765616,-12.8526044921875,-5.364604576110839,5243337.0,16.96666666666667,15.0,1.9666666666666688,Optimal
5243339,"Eason, P.J.",Alabama A&M,0.627235,0.7215352,1.3487702058410644,-4.573229725494385,7.270770137176513,-2.395229752197266,5.092770163879394,5243339.0,17.586206896551726,15.0,2.586206896551726,Optimal
5243342,James Flippin,Alabama A&M,-7.7854,4.0823874,-3.7030125526428224,-9.62501248397827,2.2189869018554687,-7.447012510681152,0.0409874053955077,5243342.0,20.79583333333333,35.0,-14.204166666666666,Underutilized
5243343,"Hoover, Tamarion",Jackson St.,-4.04497,-0.48087078,-4.52584078332901,-10.447840655059814,1.3961592076110838,-8.269840681762695,-0.7818407656860353,5243343.0,13.013333333333334,25.0,-11.986666666666666,Underutilized
5243344,"McMillian, Dorian",Jackson St.,-4.51488,1.4889392,-3.025940833930969,-8.947940646057129,2.8960592166137697,-6.7699406727600095,0.7180592433166506,5243344.0,21.889285714285712,25.0,-3.1107142857142875,Optimal
5243345,Jalen Tatum,Jackson State,-5.65173,1.4941237,-4.157606302719116,-10.079606472473143,1.7643933901977542,-7.901606260757446,-0.4136061062622067,5243345.0,20.5,15.0,5.5,Overutilized
5243346,Ebo Wilson,Jackson State,-9.72611,2.4681816,-7.257928389892578,-13.179928321228028,-1.3359284585571292,-11.001928347930908,-3.5139284318542483,5243346.0,7.027777777777778,5.0,2.0277777777777777,Optimal
5243364,"Anderson, Nick",Rice,3.35945,-0.056318853,3.303131146949529,-2.6188686912536623,9.225131171417235,-0.4408687179565431,7.047131198120117,5243364.0,22.05517241379311,35.0,-12.944827586206891,Underutilized
5243366,"Jacobs, Michael",Southern U.,-1.85925,0.9252549,-0.9339951186180117,-6.855995109558106,4.988004753112793,-4.677995136260987,2.810004779815673,5243366.0,30.382758620689657,35.0,-4.617241379310343,Optimal
5243368,"Manning, Joe",Southern U.,-5.95129,1.2188632,-4.732426751174927,-10.654426444091795,1.1895734185791014,-8.476426709213257,-0.988427031555176,5243368.0,16.559259259259257,35.0,-18.440740740740743,Underutilized
5243369,"Barnes, AJ",Southern U.,1.70982,-0.12596855,1.5838514543247222,-4.33814838760376,7.505851475067138,-2.160148414306641,5.327851501770019,5243369.0,19.44074074074074,25.0,-5.55925925925926,Underutilized
5243371,Puoch Dobuol,Southern,-4.12225,0.4833821,-3.6388678941726686,-9.56086770629883,2.28313215637207,-7.382867733001709,0.1051321830749509,5243371.0,12.626315789473685,15.0,-2.3736842105263154,Optimal
5243378,"Jackson Jr., Deshaun",Mercyhurst,-3.52762,0.46795967,-3.0596603277873995,-8.981660050506592,2.8623398121643064,-6.803660315628052,0.6843398388671873,5243378.0,19.609375,15.0,4.609375,Optimal
5243379,"Ivanauskas, Mykolaus",Mercyhurst,-4.46978,0.686318,-3.783462019710541,-9.705462010650637,2.138537852020264,-7.527462037353516,-0.0394621212768555,5243379.0,19.676666666666662,15.0,4.676666666666666,Optimal
5243380,"Gamble, Christian",Mercyhurst,-4.43621,0.13134834,-4.304861658296585,-10.22686179824829,1.6171380644226074,-8.048861586532592,-0.5608616704559326,5243380.0,12.11875,15.0,-2.8812500000000014,Optimal
5243381,"Lemelman, Jake",Mercyhurst,-2.24499,0.33504966,-1.909940340986252,-7.831940302124023,4.012059560546875,-5.653940328826904,1.834059587249756,5243381.0,26.16875,15.0,11.16875,Overutilized
5243382,"Hafemeister, Jesse",Charleston So.,-2.28264,0.14049387,-2.1421461302185056,-8.064146061553956,3.779853801116944,-5.886146088256836,1.6018538278198244,5243382.0,19.97241379310345,25.0,-5.027586206896554,Underutilized
5243383,Max Jusianiec,Canisius,-4.36696,-0.23928794,-4.606247942647934,-10.528247784576417,1.3157520780944827,-8.350247811279296,-0.8622478952026364,5243383.0,12.246153846153844,5.0,7.246153846153845,Overutilized
5243386,James Thomas,Mercyhurst,-4.55,0.09023452,-4.459765481948852,-10.381765174865723,1.462234687805176,-8.203765439987183,-0.7157655239105223,5243386.0,11.05483870967742,5.0,6.054838709677421,Overutilized
5243387,"Shaw, Ketron",Old Dominion,-5.43427,2.0003214,-3.433948611755371,-9.35594854309082,2.4880513195800784,-7.177948569793701,0.3100513462829593,5243387.0,28.76785714285714,25.0,3.767857142857139,Optimal
5243388,"Martino Jr., Ralph",Saint Francis,-1.66746,-1.0539057,-2.721365725479126,-8.643365418395996,3.200634444274902,-6.465365921936035,1.0226342325592042,5243388.0,11.617647058823527,5.0,6.617647058823527,Overutilized
5243390,"Bailey, Cardell",Southern Ind.,-3.8531,0.3370807,-3.5160193127155304,-9.438019452667236,2.405980410003662,-7.260019240951538,0.227980436706543,5243390.0,27.085714285714285,25.0,2.0857142857142854,Optimal
5243393,"Flippin, Christopher",UMES,-5.15305,2.13895,-3.014099890518189,-8.936099821853638,2.9079002792358395,-6.758099848556519,0.7298998291015621,5243393.0,26.22857142857143,25.0,1.228571428571431,Optimal
5243394,"Jenkins, My'kel",Norfolk St.,-3.04836,0.19795226,-2.850407744393349,-8.772407660827637,3.071592201843261,-6.594407687530518,0.8935922285461424,5243394.0,16.176000000000002,25.0,-8.823999999999998,Underutilized
5243395,Melo Baines,Norfolk State,-9.10777,1.7614632,-7.346306834716797,-13.268306766052246,-1.424306903381348,-11.090306792755127,-3.602306876678467,5243395.0,11.344,5.0,6.344000000000001,Overutilized
5243397,John Clemmons,Delaware State,-13.5021,4.411869,-9.090230950927737,-15.012230882263184,-3.1682310195922856,-12.834230908966065,-5.346231469726563,5243397.0,30.70952380952381,35.0,-4.290476190476191,Optimal
5243399,"James, Ponce",Delaware St.,-1.81988,0.3616506,-1.458229413871765,-7.380229464416503,4.463770398254395,-5.202229491119384,2.2857704249572754,5243399.0,25.87391304347826,25.0,0.8739130434782609,Optimal
5243404,"Tenebay, Florian",South Carolina St.,-5.33926,1.2751602,-4.064099806556702,-9.98609961868286,1.8579002439880368,-7.8080996453857425,-0.3200997293090823,5243404.0,20.4,15.0,5.400000000000002,Overutilized
5243405,"Johnson, Jayden",South Carolina St.,-2.14717,-0.13492413,-2.282094128651619,-8.204093866271972,3.6399059963989258,-6.026094131393433,1.4619057846832275,5243405.0,27.030000000000005,25.0,2.0300000000000047,Optimal
5243407,Jamal Miles,South Carolina State,-10.0255,3.4690402,-6.556459844589233,-12.478459775924682,-0.6344601516723625,-10.300459802627564,-2.8124596481323234,5243407.0,17.749999999999996,15.0,2.7499999999999964,Optimal
5243409,D'Shay Knights Wright,South Carolina State,-6.9658,1.7846116,-5.181188417243957,-11.103188229370115,0.7408116333007815,-8.925188375282287,-1.4371883399963377,5243409.0,14.727272727272725,5.0,9.727272727272725,Overutilized
5245624,"Lelevicius, Liutauras",TCU,2.91155,-1.0035627,1.9079873111724848,-4.014012858581543,7.8299870040893556,-1.836012408447265,5.651987269210816,5245624.0,13.011764705882351,15.0,-1.9882352941176489,Optimal
5245765,"Bolanga, Noah",Utah Tech,-0.973001,1.1777275,0.204726460861206,-5.717273232055664,6.126726630615234,-3.539273497177124,3.948726180480957,5245765.0,20.470967741935485,15.0,5.470967741935485,Overutilized
5246878,"Ljubicic, Marko",Manhattan,-5.05569,0.62635666,-4.429333338680268,-10.351333329620362,1.4926665330505369,-8.173333356323242,-0.6853334402465823,5246878.0,15.938709677419356,15.0,0.9387096774193556,Optimal
5247158,"Dawson, Chase",Morehead St.,-5.07427,0.7152733,-4.358996679325104,-10.280996551055908,1.56300331161499,-8.10299657775879,-0.6149966616821292,5247158.0,17.959999999999997,15.0,2.9599999999999973,Optimal
5247200,"Harrison, Ahmad",Saint Francis,-7.04791,1.5749052,-5.473004842910767,-11.395004535827637,0.4489953268432618,-9.217004800949097,-1.7290051232910155,5247200.0,20.617241379310347,25.0,-4.382758620689653,Optimal
5247441,Manok Lual,Morgan State,-11.3883,3.9964893,-7.39181071357727,-13.31381064491272,-1.4698105438232414,-11.1358106716156,-3.647810993957519,5247441.0,10.558823529411764,5.0,5.5588235294117645,Overutilized
5247448,"Baker, Jaden",Wagner,-4.62938,1.1202174,-3.509162557487488,-9.431162608032228,2.412837254638672,-7.253162634735108,0.2348372813415524,5247448.0,19.480952380952377,15.0,4.4809523809523775,Optimal
5247621,"Mason, Keeshawn",Prairie View,-4.12502,-0.12065171,-4.245671707053185,-10.167671653289794,1.6763282093811034,-7.989671679992676,-0.5016717639160158,5247621.0,13.668,5.0,8.668,Overutilized
5247636,Christian Green,Stephen F. Austin,-1.61194,-0.27771154,-1.8896515404605865,-7.811651322784423,4.032348539886475,-5.633651349487304,1.8543483281707764,5247636.0,11.265384615384615,5.0,6.265384615384615,Overutilized
5247705,"Cockrill III, Doyel",Chicago St.,-1.17057,0.3330972,-0.8374728103351594,-6.759472950286865,5.0845269123840335,-4.581472738571167,2.906526939086914,5247705.0,23.98148148148148,35.0,-11.018518518518524,Underutilized
5247744,Silas Bennion,South Dakota,-3.70022,0.7054571,-2.994762908668518,-8.916762720794678,2.927237141876221,-6.738762747497558,0.7492371685791017,,,,,Unknown
5247860,"Patterson, AJ",Air Force,-7.27252,2.529454,-4.743066007156372,-10.66506593849182,1.1789341625976562,-8.487065965194702,-0.9990662875366212,5247860.0,17.693103448275863,5.0,12.693103448275863,Overutilized
5247862,"Springer, Sam",Loyola Maryland,-7.46903,1.0554292,-6.413600779800415,-12.335600472717283,-0.4916006100463868,-10.157600737838743,-2.669601060180664,5247862.0,15.003333333333336,25.0,-9.996666666666664,Underutilized
5247864,"Robinson, Eli",Air Force,-1.61445,0.88328874,-0.7311612588882446,-6.653161071014404,5.190838791656494,-4.475161097717285,3.012838818359376,5247864.0,17.4741935483871,15.0,2.474193548387099,Optimal
5247933,Judson Bjornstad,Samford,-6.78793,2.1185925,-4.669337499313355,-10.591337430648805,1.2526621936035154,-8.413337457351684,-0.9253373028564456,5247933.0,13.03181818181818,5.0,8.031818181818181,Overutilized
5247935,Parker Applegate,Central Arkansas,-7.80096,1.8452995,-5.955660517654419,-11.877660210571287,-0.0336603479003905,-9.699660475692747,-2.211660798034668,5247935.0,15.711111111111112,5.0,10.711111111111112,Overutilized
5248277,"Poom, Karl",Northern Ariz.,-6.61969,1.683151,-4.936538993301392,-10.858538686218262,0.9854611764526364,-8.680538951339722,-1.192539273681641,5248277.0,26.12758620689655,25.0,1.1275862068965488,Optimal
5248295,Douglas Langford,San José State,-0.34702,0.12906119,-0.2179588077259063,-6.139958709259033,5.704041153411866,-3.961958735961914,3.526041180114746,5248295.0,11.784615384615384,15.0,-3.2153846153846164,Optimal
5248298,Eric Chatfield Jr.,Georgia Tech,-4.33167,1.5368421,-2.7948278922271728,-8.716827585144042,3.127172277526856,-6.538827850265503,0.9491718273925782,5248298.0,13.935714285714289,5.0,8.935714285714287,Overutilized
5248300,Michael Phillips II,Marquette,-0.325541,0.2974333,-0.0281077130947113,-5.950107555023194,5.893892307647705,-3.772107581726074,3.715892334350586,5248300.0,16.660714285714285,35.0,-18.339285714285715,Underutilized
5248301,"Powers, Kaden",Rutgers,-1.79882,1.4909909,-0.3078291228485108,-6.229829292602539,5.614170570068359,-4.051829080886841,3.4361710736083984,5248301.0,26.610344827586207,25.0,1.6103448275862071,Optimal
5248302,"Toure, Killyan",Iowa St.,5.8072,-0.36834997,5.4388500306129455,-0.4831499603271485,11.36084990234375,1.6948500129699706,9.18284992904663,5248302.0,18.63243243243243,25.0,-6.367567567567569,Underutilized
5250600,Calvin Robins Jr.,Howard,-5.99689,1.2581365,-4.738753489151001,-10.660753182067872,1.1832466806030275,-8.482753447189332,-0.9947537695312496,5250600.0,10.413793103448274,15.0,-4.586206896551726,Optimal
5250755,"Garcia, Damian",East Texas A&M,-1.82116,0.8326057,-0.9885542804336548,-6.910554092559814,4.933445770111084,-4.732554119262695,2.755445796813965,5250755.0,23.33333333333333,25.0,-1.666666666666668,Optimal
5252053,Demitri Gardner,East Carolina,-1.83551,-0.046689887,-1.882199886599779,-7.804199918518067,4.039799944152832,-5.626199945220948,1.861799970855713,,,,,Unknown
5252055,"St. Germain III, John",Holy Cross,-5.98095,0.33242518,-5.648524822902679,-11.570524813842772,0.273475048828125,-9.392524840545654,-1.904524924468994,5252055.0,16.62333333333333,25.0,-8.376666666666669,Underutilized
5252076,"Fuhrmann, Kaden",Mercyhurst,-4.55963,0.14303948,-4.416590520148278,-10.338590227966309,1.5054096347045895,-8.160590493087769,-0.6725905770111087,5252076.0,15.4741935483871,25.0,-9.5258064516129,Underutilized
5252116,Tyrique Brooks,Missouri State,-6.00334,1.7441789,-4.259161108818054,-10.181161159362793,1.6628387033081058,-8.003161066856384,-0.5151612699890133,5252116.0,21.325,25.0,-3.675000000000004,Optimal
5252289,Kose Egbule,James Madison,-4.3311,0.9736719,-3.3574280868530275,-9.279428018188476,2.5645718444824217,-7.101428044891358,0.3865718711853025,,,,,Unknown
5252323,"Hall, Demariontay",Coppin St.,-6.15135,1.914418,-4.236932017898559,-10.15893171081543,1.6850681518554689,-7.9809319759368895,-0.4929322982788084,5252323.0,26.03333333333333,25.0,1.033333333333335,Optimal
5252503,"Adeleye, Maison",New Haven,-5.63539,1.085075,-4.5503149792099,-10.47231502975464,1.3716848329162596,-8.29431505645752,-0.8063151403808595,5252503.0,17.782142857142855,5.0,12.782142857142857,Overutilized
5252505,"Armstrong, DJ",UMBC,2.90935,-1.0041645,1.9051855426788329,-4.016814627075195,7.827185235595703,-1.838814176940918,5.649185500717163,5252505.0,17.693548387096776,25.0,-7.306451612903224,Underutilized
5252600,Hayden Jones,Wisconsin,0.899535,0.08079109,0.9803260934090614,-4.941673934783935,6.902325927886963,-2.763673961486816,4.724325954589844,5252600.0,11.674074074074074,5.0,6.674074074074074,Overutilized
5252606,"Anderson, Nicolus",Loyola Chicago,-4.89585,1.0895394,-3.806310591316224,-9.728310403442382,2.115689459228516,-7.550310430145264,-0.0623105140686037,5252606.0,17.733333333333334,5.0,12.733333333333334,Overutilized
5254159,"Johnson, Isaiah",Colorado,5.31951,-0.8365278,4.482982175598145,-1.4390177557373045,10.404982106933597,0.7389822175598146,8.226982133636476,5254159.0,23.646875,35.0,-11.353125,Underutilized
5254161,"McClure, Kruz",DePaul,-1.89786,0.6645814,-1.2332785819625856,-7.155278632507324,4.688721230163575,-4.977278659210205,2.510721256866455,5254161.0,18.52142857142857,25.0,-6.478571428571428,Underutilized
5254164,"Shinholster, Kai",Minnesota,-0.519945,0.3091618,-0.2107831879329681,-6.132783268280029,5.711216594390869,-3.954783056564331,3.53321662109375,5254164.0,11.90322580645161,15.0,-3.0967741935483897,Optimal
5254165,"Wagler, Keaton",Illinois,11.1599,-1.6961603,9.463739683532715,3.541739752197266,15.385739614868164,5.719739725494385,13.207739641571044,5254165.0,25.97027027027027,35.0,-9.02972972972973,Underutilized
5254171,"Lawal, Jaylen",Tulsa,1.08066,0.04790471,1.128564711216688,-4.793435439910889,7.05056442276001,-2.6154352281951905,4.87256468788147,5254171.0,25.422222222222224,35.0,-9.577777777777776,Underutilized
5254173,Bodey Howell,Rice,-5.71843,0.6713456,-5.047084408454895,-10.969084220581054,0.8749156420898441,-8.791084247283935,-1.303084331207275,5254173.0,12.408695652173911,25.0,-12.591304347826089,Underutilized
5254174,KJ Martin Jr.,Tulsa,1.20724,-1.1664035,0.0408364679718018,-5.881163701782226,5.962836160888672,-3.703163251647949,3.784836426010132,5254174.0,11.941666666666668,5.0,6.941666666666668,Overutilized
5254178,"Polk, Grant",South Carolina,-0.731135,-0.3772808,-1.1084158015346528,-7.030415643463135,4.813584219207764,-4.852415670166016,2.6355842459106444,5254178.0,13.626666666666663,5.0,8.626666666666665,Overutilized
5254207,"Wilson Jr., Michael",Bellarmine,-7.86865,0.82702464,-7.041625361347198,-12.96362547149658,-1.1196256088256833,-10.785625259780884,-3.2976255821228024,5254207.0,17.271428571428576,5.0,12.271428571428576,Overutilized
5254316,"Argabright, Aiden",Richmond,1.23846,0.01885805,1.2573180509275197,-4.664681975402832,7.179317887268066,-2.486682002105713,5.001317913970947,5254316.0,21.570000000000004,25.0,-3.429999999999996,Optimal
5254317,Devin Booker,George Mason,-4.74597,2.810336,-1.9356338870239256,-7.857633818359375,3.986366044311524,-5.679633845062256,1.8083660710144045,5254317.0,16.287499999999998,5.0,11.287499999999998,Overutilized
5254321,Will Harper III,Richmond,-3.21165,-0.7822009,-3.993850872898102,-9.915850744628909,1.928149118041992,-7.737850771331788,-0.249850855255127,5254321.0,35.9923076923077,15.0,20.992307692307698,Overutilized
5254322,Michael Simcoe,UC Santa Barbara,-0.0533877,-0.330508,-0.3838956936981201,-6.3058958634521485,5.53810399921875,-4.127895413317871,3.36010426434021,5254322.0,16.21034482758621,5.0,11.210344827586209,Overutilized
5254329,Nes Emeneke,UC Irvine,-0.128931,0.19265701,0.063726008767128,-5.858273937469482,5.985725925201416,-3.6802739641723634,3.8077259519042967,5254329.0,9.848484848484848,5.0,4.848484848484848,Optimal
5254332,"Carter, Zander",Liberty,-0.0572116,-1.7166519,-1.7738635165039065,-7.695863447839355,4.148136414831543,-5.517863474542236,1.970136441534424,5254332.0,12.235483870967746,15.0,-2.7645161290322537,Optimal
5254333,"Fenner, Jaylen",Louisiana Tech,-0.928173,0.27325836,-0.6549146417598725,-6.576914722106934,5.267085140563965,-4.398914510391236,3.0890851672668456,5254333.0,14.882758620689655,25.0,-10.117241379310345,Underutilized
5254338,"Hall, Jake",New Mexico,4.27944,-0.7920128,3.487427189292908,-2.434572622833252,9.409427239837648,-0.2565726495361327,7.231427266540527,5254338.0,19.61111111111111,25.0,-5.388888888888889,Underutilized
5254339,"Stokes, Jalen",UC Davis,-1.7263,0.023397582,-1.7029024183481931,-7.624902485656738,4.21909737701416,-5.44690227394104,2.04109764213562,5254339.0,15.1,15.0,0.0999999999999996,Optimal
5254340,"Tenette, Uriah",New Mexico,4.21827,-1.0484502,3.1698197684478764,-2.752180401306152,9.091819461364748,-0.5741799511718746,6.913819726486207,5254340.0,19.07142857142857,25.0,-5.928571428571431,Underutilized
5254840,"Thomas, Raevon",Jackson St.,-4.74225,-0.4917823,-5.234032307624817,-11.156032119750977,0.6879677429199216,-8.978032146453858,-1.4900322303771976,5254840.0,9.768000000000002,15.0,-5.2319999999999975,Underutilized
5254986,Trent Coleman,Charleston Southern,-1.86566,-1.1427029,-3.00836293712616,-8.930362987670899,2.913636875,-6.752363014373779,0.7356369017028808,5254986.0,15.104761904761906,15.0,0.1047619047619061,Optimal
5255092,"Smiley, Jack",Belmont,0.99545,-0.52416587,0.4712841312408447,-5.450716038513184,6.393283824157715,-3.2727155883789063,4.215284089279175,5255092.0,22.70967741935484,15.0,7.70967741935484,Overutilized
5255260,"Perryman, Elijah",Utah St.,1.55833,-0.11837273,1.439957269089222,-4.482042848510742,7.361957014160156,-2.304042636795044,5.183957279281616,5255260.0,21.83142857142857,5.0,16.83142857142857,Overutilized
5257916,"Gayman, Dalton",North Florida,-3.05411,1.0033253,-2.050784656867981,-7.97278446899414,3.8712153936767577,-5.794784495697021,1.6932154203796386,5257916.0,21.88,35.0,-13.12,Underutilized
5257917,Will Ashford,Central Michigan,-7.73679,2.3804169,-5.356373129882813,-11.27837306121826,0.5656268014526367,-9.100373087921142,-1.6123731718444825,5257917.0,14.96,5.0,9.96,Overutilized
5258414,King Ijeoma,Canisius,-5.04507,0.866916,-4.178153999156952,-10.100153751678466,1.7438461109924317,-7.922154016799927,-0.4341538623046874,5258414.0,13.650000000000002,5.0,8.650000000000002,Overutilized
5258459,"Okorie, Ebuka",Stanford,6.86813,-0.39088532,6.477244676713943,0.5552447155761717,12.399244578247073,2.733244688873291,10.221244604949952,5258459.0,30.41612903225806,35.0,-4.583870967741941,Optimal
5258494,"Sylla, Mouhamed",Georgia Tech,0.712737,0.76422024,1.4769572377319335,-4.445042693603516,7.3989571690673825,-2.2670427203063968,5.220957195770263,5258494.0,22.200000000000003,15.0,7.200000000000003,Overutilized
5259011,"Franklin, Devyn",Grambling,-4.68373,1.2700858,-3.413644188385009,-9.33564411972046,2.50835574295044,-7.15764414642334,0.3303557696533206,5259011.0,17.43548387096774,5.0,12.43548387096774,Overutilized
5259802,"Mirhosseini, Alex",Ark.-Pine Bluff,-2.72785,0.52713287,-2.2007171312332154,-8.122716943359375,3.7212829193115233,-5.944716970062256,1.5432829460144042,5259802.0,19.32758620689655,25.0,-5.672413793103448,Underutilized
5260535,"Wright, Zy",Abilene Christian,-3.7368,0.57372975,-3.163070246505737,-9.085070416259766,2.7589294464111327,-6.907070204544068,0.5809299499511718,5260535.0,17.03,5.0,12.03,Overutilized
5262456,"Levy, Yonatan",Pepperdine,-1.76458,0.99588025,-0.7686997538375855,-6.690699804382325,5.153300058288574,-4.512699831085206,2.975300084991455,5262456.0,15.81,15.0,0.8100000000000005,Optimal
5262601,"Mboup, Khadim",BYU,1.68145,1.3490897,3.030539741706848,-2.8914603088378907,8.952539553833008,-0.7134603355407716,6.774539580535889,5262601.0,11.011764705882356,15.0,-3.988235294117645,Optimal
5262996,Dominique Diomande,BYU,4.72391,-2.8312013,1.8927086850738528,-4.029291484680176,7.814708616409302,-1.8512910345458984,5.636708643112183,5262996.0,10.15,15.0,-4.85,Optimal
5263816,"Davis, Elijah",Morgan St.,-5.22051,1.2513038,-3.969206208000183,-9.891206258544925,1.9527936041259768,-7.713206285247803,-0.2252063691711425,5263816.0,23.68695652173913,25.0,-1.313043478260866,Optimal
5264730,"Zrno, Harun",Rutgers,-0.83351,0.9188569,0.0853469188117981,-5.836652833709717,6.007347028961181,-3.6586530988311767,3.829347055664064,5264730.0,18.91764705882353,15.0,3.917647058823526,Optimal
5279252,"Parker, Myles",Marist,1.85913,-1.5791872,0.2799428452301025,-5.642057324523925,6.201942538146973,-3.4640568743896485,4.023942803268433,5279252.0,16.553333333333335,15.0,1.5533333333333346,Optimal
5281347,"Jelavic, Andrija",Kentucky,3.3417,-0.38788685,2.953813147974014,-2.968186932373047,8.875812930297851,-0.7901869590759278,6.697813195419311,5281347.0,17.690624999999997,15.0,2.690624999999997,Optimal
5281366,"Malovec, Timotej",Miami (FL),1.11163,-0.43089736,0.680732644920349,-5.241267167205811,6.602732695465088,-3.0632671939086915,4.424732722167969,5281366.0,12.26969696969697,5.0,7.2696969696969695,Overutilized
5281369,"Pleta, Dominykas",Iowa St.,6.08909,-1.126614,4.962476025428772,-0.9595240251159672,10.88447583755493,1.218475948181152,8.706475864257811,5281369.0,18.314285714285717,15.0,3.314285714285713,Optimal
5281370,"Steinbach, Hannes",Washington,8.65431,0.70417005,9.358480048236848,3.4364802957153326,15.280480158386233,5.614480030593873,13.102480185089112,5281370.0,24.773333333333333,25.0,-0.2266666666666665,Optimal
5287474,"Sarr, Dame",Duke,5.86094,-0.2774037,5.583536287727356,-0.3384637628173825,11.505536099853517,1.8395362104797368,9.327536126556396,5287474.0,15.621052631578944,5.0,10.621052631578944,Overutilized
5291864,Kohl Rosario,Kansas,3.87258,-1.4750766,2.3975034437942506,-3.524496606750488,8.31950325592041,-1.346496633453369,6.141503282623291,5291864.0,13.834482758620693,15.0,-1.165517241379309,Optimal
5292602,"Hines, Najai",Seton Hall,10.6104,-1.1069154,9.503484645271302,3.5814845947265628,15.42548445739746,5.759484568023682,13.247484484100342,5292602.0,17.425806451612903,15.0,2.425806451612903,Optimal
5293246,"Jenkins, Amir",West Virginia,-0.523368,0.18619983,-0.3371681710176468,-6.259168266265869,5.58483159640503,-4.0811680545501705,3.406831861526489,5293246.0,17.46875,25.0,-7.53125,Underutilized
5309819,Marko Radunovic,Boston College,-9.0511,4.868631,-4.182469113922119,-10.104469045257568,1.739530340576172,-7.926469071960449,-0.438469155883789,5309819.0,19.194444444444443,15.0,4.194444444444443,Optimal
5311502,"Freeman, Elyjah",Auburn,5.25872,0.090765126,5.349485126049519,-0.5725149319458005,11.271484930725098,1.6054852797698975,9.093485195846558,5311502.0,17.473684210526315,25.0,-7.526315789473685,Underutilized
5311506,"Jovic, Filip",Auburn,4.16205,-0.13354357,4.0285064341306684,-1.8934934226989748,9.950506439971925,0.2845065505981443,7.772506466674804,5311506.0,15.478378378378377,25.0,-9.521621621621623,Underutilized
5311523,"Kamardine, Ilias",Ole Miss,3.01992,0.92081475,3.9407347525787353,-1.981265417175293,9.862734445495605,0.1967347945404052,7.6847349490356445,5311523.0,21.55142857142857,25.0,-3.44857142857143,Optimal
5311526,Troy Henderson,Tennessee,3.03099,-3.6989694,-0.6679793641662597,-6.589979772338867,5.2540205671691895,-4.41197932220459,3.0760205938720704,5311526.0,14.742857142857146,15.0,-0.2571428571428544,Optimal
5311527,Ethan Burg,Tennessee,1.24062,-0.6951277,0.5454922743988038,-5.376507418518067,6.467492444152832,-3.1985079220581056,4.289492232437134,5311527.0,13.890322580645162,5.0,8.890322580645162,Overutilized
5311530,"Dominguez, Ruben",Texas A&M,4.51904,-0.993567,3.5254730101013187,-2.3965269212341305,9.447472941436768,-0.2185269479370113,7.269472968139649,5311530.0,15.667647058823531,15.0,0.6676470588235315,Optimal
5311579,"Blackwell, Markus",Eastern Ill.,-8.68763,1.7944851,-6.8931449078369145,-12.815144839172364,-0.9711449765014653,-10.637144865875245,-3.1491449497985844,5311579.0,15.755,25.0,-9.245,Underutilized
5311580,"White, Meechie",Eastern Ill.,-0.00916995,-0.69388586,-0.703055812827301,-6.625055684558106,5.2189441781127925,-4.447055711260987,3.040944204815674,5311580.0,19.76333333333333,15.0,4.763333333333328,Optimal
5311581,Prince Johnson,Eastern Illinois,-4.95455,0.7622704,-4.192279609012604,-10.11427948074341,1.72972038192749,-7.936279507446289,-0.4482795913696291,5311581.0,8.457142857142857,15.0,-6.542857142857143,Underutilized
5311582,"Turner, Preston",Eastern Ill.,-4.81707,0.14876685,-4.668303154535294,-10.590302936859132,1.2536969258117674,-8.412303201980592,-0.9243032859039308,5311582.0,17.12857142857143,25.0,-7.87142857142857,Underutilized
5311583,Andrew Austin,Eastern Illinois,-8.5103,2.165478,-6.344822008895875,-12.266821940231324,-0.4228223159790047,-10.088821966934203,-2.6008218124389657,5311583.0,15.523809523809524,15.0,0.5238095238095237,Optimal
5311607,"Turnage, Tai",Quinnipiac,-3.49041,-0.08870973,-3.5791197269296644,-9.501119762573245,2.3428801000976565,-7.323119789276123,0.1648801268005373,5311607.0,17.372413793103448,25.0,-7.627586206896552,Underutilized
5311609,"McKnight, Keith",Quinnipiac,1.72374,-0.5825678,1.141172188987732,-4.780827623138428,7.063172239532471,-2.6028276498413083,4.885172266235352,,,,,Unknown
5311610,Sam Nosakhare,Quinnipiac,1.83207,-2.765334,-0.9332638909149168,-6.8552640606689454,4.988736040420532,-4.677263610534668,2.810736067123413,5311610.0,5.861111111111111,15.0,-9.13888888888889,Underutilized
5311725,"Kumu, Chris",Canisius,-8.84813,2.751822,-6.096308005218505,-12.018307936553954,-0.1743075970458978,-9.840307963256835,-2.352308047180175,5311725.0,18.03076923076923,15.0,3.0307692307692307,Optimal
5311726,"Edwards, Javante",Canisius,-7.48872,1.4314958,-6.057224214286804,-11.979224264831544,-0.1352244021606443,-9.801224291534425,-2.3132243754577635,5311726.0,21.46923076923077,15.0,6.469230769230769,Overutilized
5311728,Brendan Oliver,Canisius,-8.63161,2.090775,-6.5408349870300295,-12.46283491836548,-0.6188345788574221,-10.28483494506836,-2.7968350289916994,5311728.0,18.00344827586207,15.0,3.0034482758620697,Optimal
5311730,"Mejia, Eric",Fairfield,-3.78464,0.32161656,-3.4630234397792816,-9.385023281707763,2.4589765809631348,-7.207023308410644,0.2809766076660156,5311730.0,16.245454545454546,15.0,1.245454545454546,Optimal
5311731,Nasir Rodriguez,Fairfield,-9.57542,4.153754,-5.4216657656860345,-11.343665697021484,0.5003341656494147,-9.165665723724365,-1.6776658076477045,5311731.0,23.21428571428571,35.0,-11.785714285714288,Underutilized
5311732,"Williams, Tony",Fairfield,-2.81379,-0.4623086,-3.2760985856437683,-9.198098338165284,2.645901524505615,-7.020098364868164,0.467901312789917,5311732.0,17.9125,25.0,-7.087499999999999,Underutilized
5311733,"Rawlins, Halon",Fairfield,-1.91069,0.21914889,-1.691541110816002,-7.613540818634033,4.2304590440368655,-5.435541083755493,2.052458832321167,5311733.0,16.328125,5.0,11.328125,Overutilized
5311734,"Benjamin, Brandon",Fairfield,2.36096,1.5325297,3.893489711723328,-2.028510100402832,9.815489762268069,0.149489872894287,7.637489788970948,5311734.0,22.60625,25.0,-2.3937500000000007,Optimal
5311735,"Wucherpfennig, Declan",Fairfield,1.08351,0.5770859,1.6605959122276306,-4.261403959503173,7.582595903167725,-2.0834039862060547,5.404595929870606,5311735.0,18.36969696969697,15.0,3.369696969696971,Optimal
5311740,"Macura, Sergej",Mississippi St.,1.88923,-0.3579548,1.5312751998710632,-4.390724910278321,7.453274952392578,-2.212724936981201,5.275275217514038,5311740.0,13.167857142857144,5.0,8.167857142857143,Overutilized
5311752,Alliou Fall,Iona,-0.177973,0.31225684,0.1342838428516388,-5.7877161182861325,6.056283744384766,-3.609716144989014,3.8782837710876463,5311752.0,12.538709677419355,15.0,-2.461290322580643,Optimal
5311759,"Bing, Chandler",Vanderbilt,1.95524,-0.6056234,1.349616575946808,-4.572383176574707,7.271616686096191,-2.394383203277588,5.093616474380493,5311759.0,14.572222222222225,5.0,9.572222222222225,Overutilized
5311760,"Isaac, Anthony",Manhattan,-3.02284,0.97615063,-2.046689368095398,-7.968689418640137,3.8753104440307617,-5.790689445343018,1.6973104707336426,5311760.0,22.412903225806453,35.0,-12.587096774193547,Underutilized
5311761,"Oliver-Bush, Erik",Manhattan,-4.2475,0.1615379,-4.085962099432945,-10.007961807250975,1.8360380554199225,-7.829962072372436,-0.341962156295776,5311761.0,11.691999999999998,5.0,6.691999999999998,Overutilized
5311763,"Elliott, Quron",Manhattan,-8.76356,0.93018186,-7.833378139076233,-13.755377951202393,-1.9113780885314944,-11.577377977905272,-4.089378061828613,5311763.0,14.531034482758624,25.0,-10.468965517241376,Underutilized
5311829,"Avdalas, Neoklis",Virginia Tech,0.869969,0.9819708,1.85193978704834,-4.070060144287109,7.773939718383789,-1.8920601709899905,5.59593974508667,5311829.0,23.451612903225808,35.0,-11.548387096774192,Underutilized
5311831,Antonio Dorn,Virginia Tech,2.59913,-1.6284287,0.9707013024139406,-4.951298390502929,6.892701472167969,-2.7732988940429686,4.714701260452271,5311831.0,15.054166666666667,5.0,10.054166666666667,Overutilized
5311832,"Mirkovic, David",Illinois,8.85105,-0.39397922,8.457070778417588,2.5350709960937508,14.37907085876465,4.71307096939087,12.201070647048953,5311832.0,23.389189189189192,35.0,-11.610810810810808,Underutilized
5311842,"Sage, Tate",Iowa,4.16143,-0.6192583,3.5421717154312136,-2.379828335113525,9.464171527557372,-0.201828361816406,7.286171554260254,5311842.0,18.272972972972976,15.0,3.272972972972976,Optimal
5311844,"Gruenloh, Johann",Virginia,10.0058,-0.49170646,9.51409353928566,3.5920936973571784,15.436093560028077,5.770093670654298,13.258093586730958,5311844.0,16.202777777777776,15.0,1.2027777777777755,Optimal
5311846,"De Ridder, Thijs",Virginia,5.69729,-0.7481517,4.94913828042984,-0.9728617105102542,10.871138152160643,1.205138262786865,8.693138178863524,5311846.0,26.086111111111112,25.0,1.086111111111112,Optimal
5311849,"Brown, Devin",Davidson,-0.0505769,0.3421948,0.2916178956085205,-5.630382274145508,6.21361758852539,-3.4523820624298094,4.035618092065429,5311849.0,16.778125,5.0,11.778125,Overutilized
5311851,"Platteeuw, Ian",Davidson,1.66933,0.21852802,1.8878580174016952,-4.034142137451172,7.809857725219727,-1.8561419257354737,5.631857990341187,5311851.0,20.536666666666672,5.0,15.536666666666672,Overutilized
5311858,"Necas, Jakub",Duquesne,1.88899,-0.89578164,0.9932083637619018,-4.928791448364258,6.91520841430664,-2.750791475067139,4.737208441009521,,,,,Unknown
5311861,"Akhuar, Roor",Fordham,0.756008,-0.9073239,-0.1513158968849182,-6.073315768615723,5.770684094055175,-3.895315795318604,3.5926841207580567,5311861.0,15.095454545454546,5.0,10.095454545454546,Overutilized
5311862,"Walker, Ashton",La Salle,0.132593,0.62984526,0.7624382615737915,-5.159561788970947,6.684438073699951,-2.981561815673828,4.506438100402832,5311862.0,18.72258064516129,15.0,3.7225806451612895,Optimal
5311863,Nas Hart,La Salle,-8.74619,5.632692,-3.1134981398010257,-9.035498071136477,2.8085013146972653,-6.857498097839356,0.6305018182373043,5311863.0,14.04736842105263,15.0,-0.9526315789473704,Optimal
5311865,"Daniel, Edwin",La Salle,2.40682,1.5501361,3.956956089324952,-1.9650438420104976,9.8789560206604,0.2129561312866212,7.700956047363281,5311865.0,15.796666666666669,15.0,0.7966666666666686,Optimal
5311867,"Richardson, Alexander",Loyola Chicago,-0.274408,-0.1615543,-0.4359623067455291,-6.357962267883301,5.486037594787597,-4.179962294586182,3.3080376214904783,5311867.0,15.283333333333331,5.0,10.283333333333331,Overutilized
5311868,Jalen Harper,Rhode Island,-5.6631,1.9922495,-3.6708505111694336,-9.592850442504885,2.251149420166016,-7.414850469207764,0.0731494468688964,5311868.0,13.707692307692309,5.0,8.707692307692309,Overutilized
5311886,Achille Lonati,St. Bonaventure,-3.518,0.31028652,-3.2077134780883787,-9.129713409423829,2.7142864532470705,-6.951713436126709,0.5362864799499514,5311886.0,14.546428571428574,5.0,9.546428571428574,Overutilized
5311887,"Charles, Cayden",St. Bonaventure,1.36303,0.35622832,1.7192583217906952,-4.202741579742432,7.641258282928467,-2.0247416064453123,5.463258309631348,5311887.0,20.166666666666664,25.0,-4.833333333333336,Optimal
5311888,"Grahovac, Joseph",St. Bonaventure,2.75616,-0.9980682,1.7580917865371704,-4.163908264007569,7.68009159866333,-1.9859082907104493,5.50209162536621,5311888.0,11.466666666666669,15.0,-3.533333333333333,Optimal
5311889,"Osasuyi, Andrew",St. Bonaventure,6.79617,-2.2520359,4.544134143753052,-1.3778660260009763,10.4661340750885,0.8001344241333008,8.288134101791382,5311889.0,16.2125,15.0,1.2124999999999986,Optimal
5311890,"Lewis, Nyk",VCU,5.01657,-1.0573555,3.959214476890564,-1.962785335235596,9.881214527435302,0.2152146380615232,7.703214554138183,5311890.0,17.348571428571425,25.0,-7.651428571428575,Underutilized
5311896,"Kharchenkov, Ivan",Arizona,8.89592,0.022609737,8.918529736770392,2.9965297793579104,14.840529642028809,5.17452975265503,12.66252966873169,5311896.0,17.317948717948717,25.0,-7.682051282051283,Underutilized
5311900,"Grbovic, Andrija",Arizona St.,0.970177,0.62946105,1.5996380500335694,-4.322361642883301,7.521638219787597,-2.1443619080047607,5.34363776965332,5311900.0,15.318181818181818,5.0,10.318181818181818,Overutilized
5311901,"Meeusen, Noah",Arizona St.,4.24673,-0.7184307,3.528299302082062,-2.393700450439453,9.450299412231445,-0.2157004771423336,7.272299200515747,5311901.0,12.556666666666668,5.0,7.556666666666668,Overutilized
5311903,"Diop, Massamba",Arizona St.,5.53845,1.3671758,6.905625817489624,0.983626124572754,12.827625987243652,3.161625859451294,10.649625537109376,5311903.0,21.366666666666664,15.0,6.366666666666664,Overutilized
5311908,Aleksej Kostić,BYU,-1.17683,0.27571163,-0.9011183741855622,-6.823118394927978,5.02088146774292,-4.645118421630859,2.842881494445801,5311908.0,15.77037037037037,25.0,-9.22962962962963,Underutilized
5311912,"Michaeli, Alon",Colorado,-0.993393,1.5388055,0.5454124847717285,-5.376587446563721,6.4674124161071775,-3.1985874732666018,4.289412442810058,5311912.0,22.651612903225804,25.0,-2.3483870967741964,Optimal
5311913,Fawaz Ifaola,Colorado,3.2295,-1.4047456,1.824754421234131,-4.097245510101319,7.74675435256958,-1.9192455368042,5.568754379272461,5311913.0,8.12,5.0,3.119999999999999,Optimal
5311919,Elias Rapieque,Kansas State,2.89327,-1.3290379,1.56423209526062,-4.357767597656251,7.486232265014648,-2.1797681011962893,5.3082320532989495,5311919.0,14.2,15.0,-0.8000000000000007,Optimal
5311921,"Buca, Dorin",Kansas St.,1.71838,1.2183182,2.936698223953247,-2.985301945800781,8.858697916870117,-0.807301734085083,6.680698420410156,5311921.0,18.177777777777777,15.0,3.177777777777777,Optimal
5311923,"Kostic, Andrej",Kansas St.,-1.07781,0.5634533,-0.5143566833114623,-6.436356733856201,5.407643128814698,-4.2583567605590815,3.229643155517578,5311923.0,22.465217391304343,15.0,7.465217391304346,Overutilized
5311926,Lefteris Mantzoukas,Oklahoma State,-2.1601,2.4766142,0.3165142368316651,-5.605485694503784,6.238513929748535,-3.427485721206665,4.060514433288574,5311926.0,14.58333333333333,15.0,-0.4166666666666696,Optimal
5311928,"Edmonds, Xavier",TCU,7.82149,-0.35235745,7.4691325528526304,1.547132681121826,13.391132543792724,3.725132654418945,11.213132570495606,5311928.0,25.67428571428572,35.0,-9.325714285714284,Underutilized
5311934,Jacob Patrick,Utah,2.2656,-1.2330768,1.032523189163208,-4.88947698059082,6.954522882080078,-2.711476530456543,4.776523147201538,5311934.0,12.409999999999998,15.0,-2.5900000000000016,Optimal
5311935,"Sanders, Kendyl",Utah,0.812271,-0.40593028,0.4063407193145751,-5.515659450439453,6.328340412231445,-3.337659000305176,4.150340677352905,5311935.0,13.190625,5.0,8.190625,Overutilized
5311937,"Abbey, Obomate",Utah,-5.52432,1.9888067,-3.5355132754516605,-9.457513206787109,2.3864866558837887,-7.279513233489991,0.2084866825866695,5311937.0,16.04516129032258,5.0,11.04516129032258,Overutilized
5311938,"Thomas, DJ",West Virginia,1.22673,0.16852733,1.395257334928513,-4.5267428050231935,7.317257057647705,-2.3487425933074952,5.139257322769165,5311938.0,19.96,25.0,-5.039999999999999,Underutilized
5311946,"Oliogu-Elabor, Efeosa",Butler,-0.218883,1.5076381,1.2887550968093873,-4.633244953735352,7.210754908935547,-2.4552449804382324,5.032754935638428,5311946.0,22.376000000000005,15.0,7.376000000000005,Overutilized
5311955,Kerem Konan,Creighton,1.86654,-0.65407723,1.2124627681159974,-4.709536984405517,7.134462878265381,-2.5315370111083983,4.956462666549683,5311955.0,20.40333333333333,25.0,-4.596666666666671,Optimal
5311967,"Fru, Sananda",Louisville,10.7356,-3.3095353,7.426064735031128,1.5040650421142576,13.348064666366575,3.6820645385742186,11.170064693069458,5311967.0,17.334285714285713,25.0,-7.665714285714287,Underutilized
5311969,Vangelis Zougris,Louisville,4.37628,-1.3027023,3.0735776922988896,-2.848422358245849,8.99557750442505,-0.6704223849487301,6.81757753112793,5311969.0,17.740740740740744,15.0,2.740740740740744,Optimal
5311972,"Adams, Darius",Maryland,-1.74509,1.3834503,-0.3616397303009033,-6.283639423217774,5.560360439453125,-4.105639688339234,3.3823599893188474,5311972.0,26.83030303030303,15.0,11.830303030303028,Overutilized
5311974,Guillermo Del Pino,Maryland,-2.79393,1.837449,-0.9564810454177856,-6.878480857543945,4.9655190051269535,-4.700481003456115,2.787519031829834,5311974.0,16.295833333333334,5.0,11.295833333333334,Overutilized
5311975,Aleks Alston,Maryland,-0.398904,1.8100193,1.4111152546844483,-4.510884438232422,7.333115424438477,-2.3328847033538818,5.155114974304199,5311975.0,9.163999999999998,5.0,4.163999999999998,Optimal
5311984,Salih Altuntas,Miami,2.42923,0.100277826,2.529507826189995,-3.3924920306396484,8.45150783203125,-1.2144920573425293,6.273507858734131,5311984.0,7.768750000000001,5.0,2.7687500000000007,Optimal
5311986,Noam Dovrat,Miami,2.9597,-2.6100929,0.3496071216583254,-5.572393048095703,6.271607052993774,-3.3943925979614256,4.093607079696655,5311986.0,15.18148148148148,15.0,0.1814814814814802,Optimal
5311991,"Vaaks, Stefan",Providence,2.81137,0.8461,3.657469972724914,-2.264530077819824,9.579469784851074,-0.0865301045227049,7.401469811553955,5311991.0,23.35483870967742,15.0,8.35483870967742,Overutilized
5311995,"Sagnia, Musa",NC State,4.5562,-0.9509389,3.6052611195564266,-2.3167386329650883,9.527261229705813,-0.1387386596679691,7.349261017990112,5311995.0,10.273529411764706,15.0,-4.726470588235294,Optimal
5312009,"Davis, Jake",Cal Poly,-0.823736,0.3146266,-0.5091093956813812,-6.431109237609864,5.412890625061035,-4.253109264312744,3.234890651763916,5312009.0,15.443333333333332,5.0,10.443333333333332,Overutilized
5312010,"Assran, Ali",Cal Poly,-1.76965,1.9930289,0.2233788791656494,-5.6986210521698,6.145378572082519,-3.5206210788726806,3.967379075622559,5312010.0,17.148275862068967,5.0,12.148275862068967,Overutilized
5312011,"Goode, Austin",Cal Poly,-1.41245,-0.055125434,-1.4675754339516165,-7.389575167846679,4.454424694824219,-5.211575432968139,2.2764244831085207,5312011.0,15.266666666666667,25.0,-9.733333333333333,Underutilized
5312012,"Plumtree, Troy",Cal Poly,-1.90973,-0.0710904,-1.980820400218964,-7.902820152740478,3.94117970993042,-5.724820417861938,1.7631794982147218,5312012.0,17.435714285714287,5.0,12.435714285714289,Overutilized
5312014,"Bogavac, Luka",North Carolina,1.96404,0.45198226,2.416022259750366,-3.505977433166504,8.338022429504395,-1.327977698287964,6.160021979370117,5312014.0,20.9939393939394,25.0,-4.006060606060604,Optimal
5312018,Ege Demir,Oregon,-0.283004,2.992687,2.7096829869232177,-3.2123169444122315,8.631683156677246,-1.0343169711151123,6.453682706542969,5312018.0,15.073684210526316,5.0,10.073684210526316,Overutilized
5312019,"Lin, Wei",Oregon,-4.10709,1.4714348,-2.6356551683807377,-8.557655338134765,3.2863445245361325,-6.379655126419068,1.1083450280761715,5312019.0,22.76666666666667,15.0,7.766666666666669,Overutilized
5312025,"Juric, Ivan",Penn St.,-0.915219,0.5200549,-0.3951641231956482,-6.317164114135743,5.526835748535156,-4.139164140838624,3.348835775238037,5312025.0,19.80333333333333,35.0,-15.196666666666664,Underutilized
5312026,"Tunca, Melih",Penn St.,-0.813181,2.3025515,1.489370507949829,-4.43262942338562,7.411370200866699,-2.254629450088501,5.233370704406738,5312026.0,19.645161290322577,15.0,4.6451612903225765,Optimal
5312028,Tibor Mirtic,Penn State,-0.657024,0.0043814373,-0.6526425626797379,-6.5746422746887205,5.269357587982178,-4.3966425398101805,3.09135737626648,5312028.0,16.92666666666667,15.0,1.9266666666666692,Optimal
5312035,"Mayer, Omer",Purdue,0.683934,0.8822924,1.56622638986969,-4.355773660675049,7.488226201995849,-2.17777368737793,5.31022622869873,5312035.0,19.887179487179488,15.0,4.887179487179488,Optimal
5312037,Denis Badalau,Rutgers,-1.75922,2.1632273,0.4040073197174072,-5.517992611618042,6.326007012634277,-3.339992638320923,4.148007516174316,5312037.0,16.4875,25.0,-8.5125,Underutilized
5312041,"Elouna Eyenga, Jarne",Charlotte,-2.19861,0.25340044,-1.945209555015564,-7.867209605560303,3.976790257110596,-5.689209632263184,1.7987902838134766,5312041.0,12.895833333333334,5.0,7.895833333333334,Overutilized
5312042,"Villar, Raul",Charlotte,0.829247,-0.7660812,0.0631657860488891,-5.85883426449585,5.9851655981750485,-3.6808342911987295,3.8071656248779298,5312042.0,22.409375,5.0,17.409375,Overutilized
5312048,"Bieliauskas, Aleksas",Wisconsin,4.1125,0.063089825,4.175589825212955,-1.746410083770752,10.097589778900147,0.431589889526367,7.919589805603027,5312048.0,13.4,5.0,8.4,Overutilized
5312050,"Caulker, Corey",East Carolina,-3.87722,1.3575791,-2.5196408879470824,-8.441640700073242,3.4023591625976564,-6.2636407267761225,1.2243591893005372,5312050.0,16.496666666666666,25.0,-8.503333333333334,Underutilized
5312051,Paddy D'Arcy,East Carolina,-3.17845,0.53078103,-2.647668969345093,-8.56966913909912,3.274330723571777,-6.391668927383423,1.0963312271118162,5312051.0,14.295000000000002,5.0,9.295000000000002,Overutilized
5312057,Yohann Sissoko,Florida Atlantic,-3.54893,1.5272578,-2.021672199897766,-7.943672012023926,3.9003278506469727,-5.765672038726807,1.7223278773498536,5312057.0,16.836,25.0,-8.164000000000001,Underutilized
5312060,"Parker, Josiah",Fla. Atlantic,-0.541967,0.7481709,0.2062039122657776,-5.715796078674316,6.128203783996582,-3.5377961053771974,3.950203810699463,5312060.0,22.966666666666665,25.0,-2.033333333333335,Optimal
5312061,"Pintelon, Xander",Fla. Atlantic,1.79702,-0.47329718,1.3237228212547305,-4.598277050476074,7.245722812194824,-2.4202770771789552,5.067722838897705,5312061.0,15.567741935483872,5.0,10.567741935483872,Overutilized
5312069,"Eguagie, Eternity",Rice,-4.14751,0.96443045,-3.183079548606872,-9.105079599151612,2.7389202635192875,-6.927079625854492,0.5609202902221684,5312069.0,17.400000000000002,25.0,-7.599999999999998,Underutilized
5312078,Ari Gooch,UAB,0.664156,-0.32336238,0.3407936197338104,-5.581206281799316,6.262793580871582,-3.403206308502197,4.084793607574463,5312078.0,16.3,15.0,1.3000000000000007,Optimal
5312079,"Chatman, Evan",UAB,2.66125,-0.46337807,2.1978719282150267,-3.724127883911133,8.119871978759765,-1.5461279106140138,5.941872005462646,5312079.0,15.274193548387096,25.0,-9.725806451612904,Underutilized
5312144,"Beard, Eli",Drexel,0.30605,-0.43946305,-0.1334130491733551,-6.055413069915772,5.788586792755127,-3.877413096618653,3.610586819458008,5312144.0,16.81875,15.0,1.8187500000000012,Optimal
5312145,"de Laporterie, Martin",Drexel,-3.58075,0.627672,-2.953077983379364,-8.875077735900879,2.9689221267700194,-6.697078001022339,0.7909221534729003,,,,,Unknown
5312155,Aidan Haskins,Hampton,-4.37289,0.7423967,-3.6304932876968383,-9.552493099822998,2.2915067628479004,-7.374493126525879,0.1135067895507813,5312155.0,9.489285714285714,5.0,4.489285714285714,Optimal
5312156,Quintin Cooper,Hampton,-11.9736,4.6853895,-7.288210481262206,-13.210210412597656,-1.3662105499267572,-11.032210439300536,-3.544210046386718,5312156.0,25.108,25.0,0.1080000000000005,Optimal
5312163,"Onuetu, Victory",Hofstra,2.69032,0.31761006,3.007930055208206,-2.9140696675109865,8.929930195159912,-0.7360699326324465,6.751930221862793,5312163.0,17.260606060606058,5.0,12.260606060606058,Overutilized
5312164,Jaeden Roberts,Hofstra,2.55274,-2.180906,0.3718339426422119,-5.550166227111816,6.293833873977661,-3.372165776977539,4.115833900680542,5312164.0,19.052380952380958,15.0,4.052380952380954,Optimal
5312166,Anthony Martinez,Monmouth,-9.63356,2.937309,-6.69625097328186,-12.618250904617309,-0.7742508035278313,-10.44025093132019,-2.9522512536621086,5312166.0,8.637500000000001,5.0,3.637500000000001,Optimal
5312171,"Burton, Mujahiid",N.C. A&T,-4.95465,0.5020663,-4.452583685779572,-10.374583795928956,1.4694160667419434,-8.196583584213258,-0.7085839065551758,5312171.0,20.70555555555556,5.0,15.70555555555556,Overutilized
5312172,"Vick, Brooklyn",N.C. A&T,-6.72158,1.5360197,-5.185560317115784,-11.107560129241945,0.7364397334289547,-8.929560155944824,-1.4415602398681644,5312172.0,16.147058823529413,25.0,-8.852941176470587,Underutilized
5312174,"Pierce, Dwayne",N.C. A&T,-7.20099,2.2085185,-4.9924714949035645,-10.914471426239016,0.9295279595947266,-8.736471452941895,-1.2484715368652344,5312174.0,21.54782608695652,15.0,6.547826086956519,Overutilized
5312176,"Abreu, Xavier",Northeastern,-4.33795,0.7399632,-3.597986826133728,-9.519986876678466,2.3240129859924314,-7.341986903381348,0.1460130126953123,5312176.0,27.693103448275863,35.0,-7.306896551724137,Underutilized
5312177,"Francis, Ty",Northeastern,-4.61968,0.58806765,-4.031612349205017,-9.953612399749757,1.8903874629211428,-7.7756124264526365,-0.2876125103759763,5312177.0,14.156,15.0,-0.8439999999999994,Optimal
5312179,Liam Koelsch,Northeastern,-3.16263,0.30579373,-2.856836267595291,-8.778836169128418,3.0651636935424804,-6.600836195831299,0.8871637202453613,5312179.0,10.623076923076924,5.0,5.623076923076924,Overutilized
5312180,"Pinter, Petar",Northeastern,-5.57081,-0.20188937,-5.772699365911484,-11.694699446258545,0.1493004164123537,-9.516699234542846,-2.0286993184661863,5312180.0,11.792307692307691,5.0,6.792307692307693,Overutilized
5312182,"Butler, Jonah",Stony Brook,0.833533,-1.2107899,-0.3772569188995361,-6.299256611816406,5.544743250854492,-4.121257115356445,3.366743039138794,5312182.0,13.93214285714286,25.0,-11.06785714285714,Underutilized
5312184,"Simmon, Ethan",Stony Brook,-1.9746,-1.2924442,-3.2670442291259763,-9.189044160461426,2.654955702209473,-7.011044187164306,0.4769557289123536,5312184.0,15.542307692307691,35.0,-19.45769230769231,Underutilized
5312187,"Valentiny, Tomas",Stony Brook,-3.19844,0.8554996,-2.3429403747940065,-8.264940186920166,3.5790596757507323,-6.086940213623047,1.401059702453613,5312187.0,14.676666666666666,15.0,-0.3233333333333341,Optimal
5312188,"Shoshkikj, Andrej",Stony Brook,0.385447,-0.036694676,0.3487523243160247,-5.573247458007812,6.270752404663086,-3.3952477231292724,4.092752192947388,5312188.0,19.68,25.0,-5.32,Underutilized
5312256,"Koehler, Brady",Notre Dame,3.07668,-0.3604823,2.7161976947116853,-3.205802147216797,8.638197715454101,-1.0278021739196777,6.460197742156982,5312256.0,17.506666666666668,25.0,-7.493333333333332,Underutilized
5312257,Ryder Frost,Notre Dame,0.206184,-1.3925734,-1.186389356628418,-7.108389287963867,4.735610574707032,-4.930389314666748,2.557610601409912,5312257.0,17.661538461538463,15.0,2.6615384615384627,Optimal
5312258,"Haralson, Jalen",Notre Dame,1.14207,1.4414448,2.583514754600525,-3.338485057525635,8.505514805145264,-1.1604850842285157,6.327514831848145,5312258.0,34.385185185185186,25.0,9.385185185185186,Overutilized
5312288,"Siulepa, Roman",Pittsburgh,3.62749,0.2670108,3.894500807991028,-2.027499242553711,9.816500620117187,0.150500730743408,7.638500646820068,5312288.0,21.10909090909091,25.0,-3.89090909090909,Optimal
5312289,"O'Neal, Jr., Jermaine",SMU,0.843475,-0.9935967,-0.1501216730117798,-6.07212148513794,5.771878377532959,-3.894121511840821,3.59387840423584,5312289.0,12.526470588235291,15.0,-2.473529411764707,Optimal
5312290,"Yigitoglu, Samet",SMU,5.27043,0.6719719,5.942401917152405,0.0204018666076661,11.864401729278566,2.1984018399047853,9.686401755981446,,,,,Unknown
5312293,"Giltay, Oskar",Stanford,6.6872,-0.65725887,6.029941131782532,0.1079410812377927,11.951940943908692,2.285941054534912,9.773940970611571,5312293.0,12.059375,15.0,-2.940624999999999,Optimal
5312300,Fabián Flores,DePaul,4.54093,-1.4081024,3.1328276068496708,-2.789172443695068,9.05482741897583,-0.6111724703979489,6.876827445678711,5312300.0,11.85357142857143,5.0,6.8535714285714295,Overutilized
5312311,"White, Davis",Cal St. Fullerton,-4.90539,0.9782107,-3.927179312362671,-9.8491794821167,1.9948203805541995,-7.671179270401001,-0.1831791159057614,5312311.0,10.676923076923078,5.0,5.676923076923078,Overutilized
5312312,"Garris Jr, Kiwane",Cal St. Fullerton,-0.74268,-0.8406886,-1.5833685862350464,-7.505368636779785,4.338631225891113,-5.327368663482666,2.160631252593994,5312312.0,18.057142857142857,25.0,-6.942857142857143,Underutilized
5312315,"Williams, Christian",Cal St. Fullerton,1.39947,-0.6066245,0.7928455159378052,-5.129154534606934,6.714845328063965,-2.9511545613098145,4.536845354766846,5312315.0,16.5875,15.0,1.5874999999999986,Optimal
5312322,"Womack, Jaquan",Towson,-0.84537,0.38235462,-0.4630153828811645,-6.385015195007324,5.458984667663574,-4.207015221710205,3.280984694366455,5312322.0,21.77,35.0,-13.23,Underutilized
5312326,"Miller, Reese",William & Mary,-2.41794,0.84869707,-1.5692429336929323,-7.4912427458190916,4.352757116851807,-5.313242772521972,2.174757143554688,5312326.0,23.432142857142857,15.0,8.432142857142857,Overutilized
5312328,"Jones, Jhei-R",William & Mary,-1.44219,-0.6405342,-2.082724222126007,-8.00472433227539,3.839275530395508,-5.826724358978272,1.6612757955169677,5312328.0,15.727272727272732,5.0,10.727272727272732,Overutilized
5312332,"Taylor, Jayden",Delaware,-4.39466,-1.4496144,-5.844274405632019,-11.766274456176758,0.0777254064941406,-9.58827448287964,-2.1002745668029785,5312332.0,9.423333333333334,5.0,4.423333333333334,Optimal
5312333,"Kazanecki, Alex",Delaware,-3.40656,0.60361415,-2.802945848522186,-8.7249456010437,3.119054261627197,-6.546945866165161,0.9410542883300784,5312333.0,8.620000000000001,15.0,-6.379999999999999,Underutilized
5312336,"Sucatzky, Thiago",FIU,-6.34681,0.34530118,-6.0015088189220425,-11.923508780059814,-0.0795089173889156,-9.745508806762697,-2.2575088906860348,5312336.0,18.49310344827586,15.0,3.4931034482758605,Optimal
5312338,"Dibami, Eric",FIU,3.5262,0.40532076,3.931520763587952,-1.990479286956788,9.85352057571411,0.1875206863403318,7.675520602416991,5312338.0,17.825,15.0,2.8249999999999997,Optimal
5312340,"Hill, Jacoby",Jacksonville St.,1.14608,-0.42481244,0.7212675638961792,-5.200732248229981,6.6432676144409175,-3.0227322749328613,4.465267641143798,5312340.0,17.10344827586207,25.0,-7.896551724137929,Underutilized
5312342,"Erkins-Ford, Emondrek",Jacksonville St.,1.56822,-0.6329326,0.9352873966407776,-4.986712594299316,6.857287268371582,-2.808712621002197,4.679287295074463,5312342.0,19.4,25.0,-5.599999999999998,Underutilized
5312344,Darius Washington III,Kennesaw State,-3.57007,0.6357585,-2.9343114808273314,-8.85631153137207,2.9876883312988283,-6.678311558074951,0.8096883580017091,5312344.0,16.095238095238095,15.0,1.095238095238095,Optimal
5312345,"Rickard, Kaden",Kennesaw St.,-1.13725,0.25281805,-0.8844319519996644,-6.806431823730469,5.03756803894043,-4.6284318504333495,2.8595680656433107,5312345.0,19.203125,25.0,-5.796875,Underutilized
5312348,"Taylor, Amir",Kennesaw St.,0.993993,-0.59315157,0.4008414306335449,-5.521158500701905,6.322841361968994,-3.343158527404785,4.144841388671875,5312348.0,17.259999999999998,25.0,-7.740000000000002,Underutilized
5312350,"Simpson, Trey",Kennesaw St.,1.17092,0.111939505,1.2828595047426223,-4.639140501098633,7.204859361572265,-2.461140527801514,5.026859388275146,5312350.0,15.0375,15.0,0.0375000000000014,Optimal
5312355,"Tot, Jalen",App State,-1.26001,0.067536645,-1.1924733553624154,-7.11447310043335,4.7295267622375485,-4.93647336555481,2.5515265505218503,5312355.0,19.04827586206897,25.0,-5.951724137931034,Underutilized
5312387,"Harmon, Christian",Arkansas St.,1.33327,0.33447334,1.6677433417034149,-4.254256798248291,7.589743064422607,-2.076256586532593,5.411743091125488,5312387.0,21.62333333333333,25.0,-3.376666666666665,Optimal
5312390,"Blue Smith, Royal",Arkansas St.,-2.08209,-0.4446557,-2.5267456866168976,-8.448745826568604,3.395254036102295,-6.270745853271484,1.2172543012237549,5312390.0,20.396,5.0,15.396,Overutilized
5312391,Fredy-Salam Sylla,Arkansas State,-4.70034,0.7249382,-3.975401786174774,-9.89740153869629,1.9465983239746096,-7.719401803817749,-0.2314016493225095,5312391.0,17.75625,15.0,2.7562500000000014,Optimal
5312425,"Thompson, Tristan",Coastal Carolina,-3.18618,1.0999091,-2.086270932846069,-8.008271102600098,3.835728760070801,-5.8302708908844,1.65772926361084,5312425.0,14.264516129032256,25.0,-10.735483870967744,Underutilized
5312427,Derrick Green,Coastal Carolina,-2.33696,0.09559745,-2.241362546584606,-8.16336266418457,3.680637198486328,-5.985362452468872,1.5026374636077882,5312427.0,14.073333333333332,5.0,9.073333333333332,Overutilized
5312429,"Loury, Davius",CSUN,-2.79379,0.8068151,-1.9869749122047424,-7.908974783935546,3.935025078735352,-5.730974810638427,1.7570251054382324,5312429.0,17.29032258064516,15.0,2.29032258064516,Optimal
5312430,"Evans Jr., James",CSUN,-2.46566,0.6650518,-1.8006081821060185,-7.7226079942321775,4.121391868438721,-5.544608020935058,1.9433918951416007,,,,,Unknown
5312433,Jai Chisolm,Cal State Northridge,-2.91431,0.13853212,-2.775777882990837,-8.697777769622803,3.146222093048096,-6.519777796325684,0.9682221197509766,5312433.0,13.587096774193547,5.0,8.587096774193547,Overutilized
5312445,"Richardson, Ryan",Binghamton,-10.0396,1.5179311,-8.52166889629364,-14.44366894683838,-2.5996690841674805,-12.26566897354126,-4.7776690574646,5312445.0,14.852631578947369,5.0,9.852631578947369,Overutilized
5312446,"Beverly, Zyier",Binghamton,-6.31326,1.8318012,-4.481458823928833,-10.403458516845705,1.4405413458251957,-8.225458781967163,-0.7374591043090817,5312446.0,23.780769230769238,25.0,-1.2192307692307658,Optimal
5312447,Jake Blackburn,Binghamton,-7.53633,0.9462004,-6.590129629211426,-12.512129560546876,-0.668129697875977,-10.334129587249755,-2.846129671173096,5312447.0,14.584615384615386,5.0,9.584615384615386,Overutilized
5312449,"Williams Jr., Dwayne",Ga. Southern,-5.30759,0.53904253,-4.768547467556,-10.690547458496097,1.1534524041748044,-8.512547485198976,-1.0245475691223147,5312449.0,16.19375,5.0,11.19375,Overutilized
5312451,"Dunn, Khayri",Ga. Southern,-7.96564,1.7341473,-6.231492689743042,-12.15349285949707,-0.3094929968261715,-9.975492647781373,-2.4874924932861324,5312451.0,22.261764705882356,35.0,-12.738235294117649,Underutilized
5312456,"Carter, Shainen",Ga. Southern,-1.3965,-0.4846213,-1.881121286392212,-7.803120979309082,4.040878883361817,-5.625121482849121,1.862878671646118,5312456.0,11.3375,15.0,-3.6625,Optimal
5312457,"Webb, Tavarus",Ga. Southern,2.41262,0.26576233,2.6783823291015625,-3.2436176022338867,8.600382260437012,-1.0656176289367676,6.422382287139893,5312457.0,21.58857142857143,25.0,-3.4114285714285693,Optimal
5312599,"Langham, Isaiah",Brown,-6.272,1.7699807,-4.502019330978394,-10.424019500732422,1.4199803619384763,-8.246019289016724,-0.7580191345214846,5312599.0,22.624,15.0,7.624000000000002,Overutilized
5312601,Brady Loughlin,Brown,-4.57581,0.39820963,-4.177600368556976,-10.099600359497073,1.7443995031738284,-7.921600386199951,-0.4336004701232907,5312601.0,14.418181818181818,25.0,-10.581818181818182,Underutilized
5312602,Charlie O'Sullivan,Brown,-3.02446,0.17335303,-2.851106968722344,-8.773106736145019,3.070893126525879,-6.595107001266479,0.8928929148101807,5312602.0,14.750000000000004,15.0,-0.2499999999999964,Optimal
5312654,"Etiosa James, Daniel",Central Conn. St.,-3.69603,-0.21554217,-3.911572167425156,-9.833572247772215,2.0104276148986817,-7.655572036056519,-0.1675721199798583,5312654.0,13.607692307692306,25.0,-11.392307692307694,Underutilized
5312655,"Parker, Elijah",Central Conn. St.,-4.9779,0.63308156,-4.344818444633484,-10.266818495178224,1.5771813674926758,-8.088818521881104,-0.6008186058044434,5312655.0,12.95925925925926,15.0,-2.0407407407407394,Optimal
5312656,Ashton Reynolds,Central Connecticut,-2.34478,-0.44745043,-2.792230429201126,-8.714230569152832,3.1297692935180663,-6.536230595855713,0.9517695586395264,5312656.0,21.08571428571428,5.0,16.085714285714282,Overutilized
5312885,"Collins, Zyree",Austin Peay,0.596934,-0.5649563,0.0319776925888061,-5.890022119537353,5.953977743133545,-3.7120221462402334,3.775977769836426,5312885.0,27.29310344827586,35.0,-7.706896551724139,Underutilized
5312886,Tyler Wagner,Austin Peay,-8.40259,2.768069,-5.63452097114563,-11.55652090248108,0.2874791986083984,-9.37852092918396,-1.890521251525879,5312886.0,7.252380952380951,5.0,2.2523809523809515,Optimal
5312887,"Enright, Matt",Austin Peay,-1.50402,-1.7661657,-3.270185733337402,-9.192185664672852,2.651814197998047,-7.014185691375732,0.4738142247009278,5312887.0,10.456521739130434,5.0,5.456521739130434,Overutilized
5312888,Creighton Morisch,Austin Peay,-5.16727,1.6247817,-3.542488272209168,-9.464488322753908,2.379511539916992,-7.286488349456787,0.2015115666198728,5312888.0,9.813793103448274,15.0,-5.186206896551726,Underutilized
5312889,Travis Torain,Austin Peay,-4.91116,0.21478854,-4.696371458802223,-10.6183714944458,1.225628368225098,-8.44037152114868,-0.9523716050720212,5312889.0,6.15,15.0,-8.85,Underutilized
5312890,"Robinson, Ja'Corey",Austin Peay,-0.603048,-0.6557385,-1.2587864729385376,-7.1807862850646975,4.663213577606201,-5.002786311767578,2.485213604309082,5312890.0,20.59285714285715,35.0,-14.407142857142851,Underutilized
5312891,"Parker, Collin",Austin Peay,2.77511,0.7573156,3.532425576076508,-2.3895742956542967,9.4544255670166,-0.2115743223571775,7.276425593719482,5312891.0,25.927586206896542,35.0,-9.072413793103454,Underutilized
5312901,Darrius Bolden,Bellarmine,-7.0907,0.5168155,-6.573884516429901,-12.495884268951416,-0.6518844062805176,-10.317884534072876,-2.8298843795776367,5312901.0,13.23076923076923,5.0,8.23076923076923,Overutilized
5312902,"Donald, Sam",Bellarmine,-1.07766,0.29716825,-0.7804917451477051,-6.702491676483154,5.141508186187744,-4.524491703186035,2.963508212890625,5312902.0,12.472413793103447,15.0,-2.5275862068965527,Optimal
5312903,Jacob Wassler,Bellarmine,-3.91008,-0.04128777,-3.951367768632173,-9.873367830352784,1.970632032318116,-7.695367618637085,-0.2073677025604245,5312903.0,15.454999999999998,5.0,10.454999999999998,Overutilized
5312913,"Copeland, Preston",Ball St.,-1.97352,-0.11804318,-2.091563176829814,-8.013562877197266,3.830436985473633,-5.835563142318725,1.6524367737579346,5312913.0,12.314285714285717,15.0,-2.685714285714285,Optimal
5312919,"Byrne, Truman",Central Ark.,-2.46482,0.05883928,-2.4059807198417187,-8.327980610198974,3.516019252471924,-6.149980636901855,1.338019279174805,5312919.0,14.725,15.0,-0.2749999999999986,Optimal
5312922,"Beauchamp, Harrison",Central Ark.,-3.14258,-0.5495938,-3.692173806266785,-9.614173856811524,2.229826005859375,-7.436173883514405,0.0518260325622557,5312922.0,11.978125,15.0,-3.021875,Optimal
5312925,"Marable, Malchiah",Central Ark.,0.243238,-0.385507,-0.1422689875717163,-6.064269038116455,5.779730824554443,-3.886269064819336,3.601730851257324,5312925.0,13.612903225806454,5.0,8.612903225806454,Overutilized
5312926,"Moore, Luke",Central Ark.,-1.15039,-0.075855345,-1.2262453445339203,-7.148245186462402,4.695754676208496,-4.970245213165283,2.517754702911377,5312926.0,19.384375,25.0,-5.615625000000001,Underutilized
5312968,Makhi Leach,Bowling Green,-6.17402,1.5941087,-4.579911299247741,-10.50191134979248,1.3420885128784183,-8.32391137649536,-0.8359114604187008,5312968.0,19.45217391304348,25.0,-5.547826086956523,Underutilized
5312969,"Shackelford, Josiah",Bowling Green,-2.15127,-0.51075673,-2.662026731033325,-8.584026423950196,3.259973438720704,-6.406026927490235,1.081973227005005,5312969.0,22.124137931034483,25.0,-2.875862068965517,Optimal
5312972,Aiden Goins,Bowling Green,-9.49189,3.2052596,-6.286630438461303,-12.208630369796753,-0.3646307455444333,-10.030630396499634,-2.5426302420043942,5312972.0,23.277272727272727,35.0,-11.722727272727273,Underutilized
5312976,"Diaz, Rob",Long Beach St.,1.69414,-0.10810201,1.5860379912996292,-4.335961776123047,7.5080380865478515,-2.157962041244507,5.330037874832153,5312976.0,19.08,25.0,-5.919999999999998,Underutilized
5312977,"Levillain, Leopold",Long Beach St.,-1.69448,0.8336181,-0.8608618955421448,-6.78286176727295,5.061138095397949,-4.604861793975831,2.88313812210083,5312977.0,14.428571428571429,5.0,9.428571428571429,Overutilized
5312979,Christian Jones,Long Beach State,2.02255,-1.6090219,0.4135280979156492,-5.508472071838379,6.335527790832519,-3.3304716217041017,4.157528055953979,5312979.0,15.417647058823531,15.0,0.4176470588235315,Optimal
5312996,"Talton Jr, Derrick",Buffalo,-3.42536,-0.0827142,-3.5080742000198364,-9.430074012145996,2.4139258505249024,-7.2520740388488765,0.2359258772277832,5312996.0,15.40333333333333,25.0,-9.59666666666667,Underutilized
5312997,Kyle Jones,Buffalo,0.57806,-2.6338205,-2.0557605337524416,-7.977760465087891,3.866239397583008,-5.799760491790772,1.6882394242858887,5312997.0,12.055555555555555,15.0,-2.9444444444444446,Optimal
5313005,"Suljanovic, Omer",UC Davis,-6.34847,2.6602278,-3.688242224426269,-9.610242155761718,2.23375770690918,-7.432242182464599,0.0557577336120607,5313005.0,21.66333333333333,35.0,-13.336666666666666,Underutilized
5313007,"Isaac, Tama",UC Irvine,-2.2578,0.48960733,-1.7681926658630371,-7.690192597198486,4.1538072654724125,-5.512192623901367,1.975807292175293,5313007.0,16.21818181818182,5.0,11.21818181818182,Overutilized
5313012,"Saint-Supery, Mario",Gonzaga,5.80415,-0.7674906,5.03665937461853,-0.8853403182983399,10.95865954437256,1.292659178161621,8.78065933265686,5313012.0,19.854285714285712,15.0,4.854285714285712,Optimal
5313030,Mantas Juzenas,Saint Mary's,3.92594,-1.8870997,2.038840257110596,-3.883159674224853,7.960840188446046,-1.7051597009277342,5.782840215148926,5313030.0,14.595999999999998,25.0,-10.404000000000002,Underutilized
5313031,"Shaw, Dillan",Saint Mary's (CA),6.59454,-1.322537,5.272003054656983,-0.6499968766784665,11.194002985992432,1.5280030966186526,9.016003012695313,5313031.0,14.875,15.0,-0.125,Optimal
5313033,"Perteete, De'Undrae",UC Riverside,0.0798848,-0.7858049,-0.7059201273490906,-6.627919879870605,5.216079982800293,-4.449919906573486,3.0380797710845946,5313033.0,11.836,5.0,6.835999999999999,Overutilized
5313035,"Waller, Ben",UC Riverside,-1.6634,-0.81092906,-2.4743290599823,-8.396329229736327,3.44767063293457,-6.218328779602051,1.2696708980560305,5313035.0,18.66538461538461,15.0,3.665384615384614,Optimal
5313048,"Mayes, Hudson",UC San Diego,2.71621,-0.97122407,1.7449859304046629,-4.177013762512207,7.666986100158692,-1.9990142660522463,5.488985888442993,5313048.0,20.409375,25.0,-4.590625000000003,Optimal
5313049,"Prospere II, Emanuel",UC San Diego,2.20214,0.19265018,2.394790184035301,-3.5272096131896973,8.316790249481201,-1.3492098783111572,6.138790037765503,5313049.0,23.56153846153847,25.0,-1.4384615384615316,Optimal
5313050,Jaden Vance,UC San Diego,-0.546295,-0.40067145,-0.9469664522838592,-6.868966413421631,4.975033449249268,-4.690966440124512,2.7970334759521487,5313050.0,17.250000000000004,15.0,2.250000000000004,Optimal
5313053,"Rodriguez, Adria",Washington St.,-0.473868,0.6760998,0.2022317772216796,-5.71976815411377,6.1242317085571285,-3.5417681808166503,3.94623173526001,5313053.0,17.303225806451614,25.0,-7.696774193548386,Underutilized
5313054,"Glass lll, Ace",Washington St.,0.367927,1.2035888,1.571515843345642,-4.350483968780518,7.493515893890381,-2.1724839954833985,5.315515920593262,5313054.0,26.983870967741936,35.0,-8.016129032258064,Underutilized
5313068,"Tucker, Micah",Georgia St.,-3.43253,1.0372138,-2.3953161976623534,-8.317316128997803,3.526683733673096,-6.139316155700684,1.3486837603759767,5313068.0,22.26896551724138,15.0,7.26896551724138,Overutilized
5313069,"Chappelle, Joah",Georgia St.,-2.21837,0.46708974,-1.7512802575778963,-7.673280278320313,4.170719584350586,-5.4952803050231935,1.9927196110534664,5313069.0,15.673076923076923,25.0,-9.326923076923077,Underutilized
5313070,"Berthe, Ayouba",Georgia St.,-6.82222,1.7817744,-5.040445598335266,-10.962445410461426,0.8815544522094729,-8.784445556373596,-1.2964455210876462,5313070.0,15.623333333333331,25.0,-9.376666666666669,Underutilized
5313071,"Beam, Christian",Georgia St.,-4.88277,1.8423065,-3.0404635052871702,-8.96246331741333,2.8815365452575685,-6.7844634633255,0.7035365719604494,5313071.0,13.316666666666668,15.0,-1.6833333333333318,Optimal
5313072,Chris Jones,Georgia State,-5.66344,0.90607977,-4.757360230865478,-10.679360162200927,1.1646397004699711,-8.501360188903808,-1.013360272827148,5313072.0,12.529411764705882,5.0,7.529411764705882,Overutilized
5313075,"Sims, II, Ashley",Bryant,-4.55523,0.10549059,-4.44973941234827,-10.371739246826172,1.472260615844727,-8.193739273529053,-0.7057393574523925,5313075.0,14.36206896551724,15.0,-0.6379310344827598,Optimal
5313076,"Tabales, Ty",Bryant,-7.1414,1.3132077,-5.828192254447937,-11.750192304992677,0.0938075576782226,-9.572192331695556,-2.0841924156188965,5313076.0,25.457142857142856,35.0,-9.542857142857144,Underutilized
5313079,Lennart Weber,Bryant,-7.33146,0.32669494,-7.004765064439773,-12.9267649659729,-1.0827651033020018,-10.74876499267578,-3.260765076599121,5313079.0,12.015789473684212,15.0,-2.9842105263157883,Optimal
5313080,Gio Sanford,Bryant,-9.23907,2.0093758,-7.229694189376831,-13.15169412071228,-1.3076944964599608,-10.97369414741516,-3.4856939929199218,5313080.0,9.9875,15.0,-5.012499999999999,Underutilized
5313081,Daniel Akoue,Bryant,-5.66613,1.6118369,-4.054293089752197,-9.976293021087644,1.867706841583252,-7.798293047790527,-0.3102931317138671,5313081.0,15.533333333333331,15.0,0.5333333333333314,Optimal
5313082,Ethane Bourgade,Bryant,-9.28727,1.5677384,-7.719531586189269,-13.64153139831543,-1.7975315356445307,-11.46353142501831,-3.97553150894165,5313082.0,9.644444444444446,15.0,-5.355555555555554,Underutilized
5313085,"Rudovskii, Timofei",Bryant,-3.16835,1.3596491,-1.808700937843323,-7.730700749969483,4.113299112701416,-5.552700776672364,1.9352991394042969,5313085.0,23.013793103448275,25.0,-1.9862068965517248,Optimal
5313086,"Ekissi, Keziah",Oregon St.,-3.46489,0.8286114,-2.636278626098633,-8.558278557434083,3.2857213052368164,-6.380278584136963,1.1077213319396972,5313086.0,18.77777777777778,25.0,-6.222222222222221,Underutilized
5313087,"Samar, Matija",Oregon St.,-3.41349,1.6251359,-1.788354101409912,-7.710354032745361,4.133645829925538,-5.532354059448242,1.955645856628418,5313087.0,20.067857142857143,15.0,5.067857142857143,Overutilized
5313088,"Suutela, Olavi",Oregon St.,-0.215545,-0.20507589,-0.4206208898258209,-6.342620672149658,5.501379190521241,-4.164620937271118,3.323378978805542,5313088.0,15.327272727272728,25.0,-9.672727272727272,Underutilized
5313093,"Brown, Christian",James Madison,2.15135,0.23183526,2.3831852609872817,-3.538814566040039,8.30518529663086,-1.36081459274292,6.12718532333374,5313093.0,14.6875,15.0,-0.3125,Optimal
5313096,"Fowler, Preston",James Madison,0.23761,0.05197936,0.2895893592393398,-5.632410389556885,6.211589473114014,-3.4544106546783446,4.033589261398316,5313096.0,13.728125,25.0,-11.271875,Underutilized
5313098,"Newhof, Gabe",James Madison,-2.5258,0.86661196,-1.659188042449951,-7.581187973785401,4.262811888885498,-5.4031880004882815,2.084811915588379,5313098.0,19.496875,25.0,-5.503125000000001,Underutilized
5313109,Bashir N'Galang,Maine,-10.6581,3.0156302,-7.642469754791259,-13.564469686126708,-1.720470300292968,-11.386469712829587,-3.898469796752929,5313109.0,24.675,35.0,-10.325,Underutilized
5313110,Cole Scherer,Eastern Washington,-3.48423,0.553215,-2.9310149731445314,-8.85301490447998,2.990984958190918,-6.6750149311828615,0.8129849848937987,5313110.0,14.42857142857143,15.0,-0.5714285714285694,Optimal
5313111,"Rogers, Straton",Eastern Wash.,2.4736,-1.0993643,1.3742357192993162,-4.5477642120361335,7.296235650634765,-2.369764238739014,5.118235677337646,5313111.0,12.225,15.0,-2.7749999999999986,Optimal
5313112,"Hamilton IV, Alton",Eastern Wash.,4.12964,-0.46655986,3.6630801428699495,-2.258919818267822,9.585080044403076,-0.0809198449707029,7.407080071105957,5313112.0,23.534375,25.0,-1.4656249999999993,Optimal
5313119,"Bike, Tyler",New Hampshire,-3.3499,0.10108806,-3.248811938071251,-9.17081188430786,2.673187978363037,-6.992811911010742,0.4951880050659181,5313119.0,16.84642857142857,15.0,1.8464285714285715,Optimal
5313121,Giannos Xanthopoulos,New Hampshire,-11.0218,4.3161726,-6.70562740020752,-12.62762733154297,-0.783627468872071,-10.44962735824585,-2.961626965332032,5313121.0,11.37037037037037,15.0,-3.6296296296296298,Optimal
5313126,"Lewis, Joshua",Louisiana,-1.65239,-0.7407991,-2.393189129009247,-8.315188881530762,3.5288109811401367,-6.137188908233643,1.3508107694244385,5313126.0,15.861111111111114,15.0,0.8611111111111143,Optimal
5313127,Mike Collins,Louisiana,-6.66264,1.7326497,-4.929990316047668,-10.851990128173828,0.9920097344970706,-8.673990154876709,-1.1859902388000485,5313127.0,16.387096774193548,15.0,1.387096774193548,Optimal
5313128,"Bilal, Karris",Louisiana,-4.28444,-1.0704765,-5.354916531982422,-11.276916463317871,0.5670833993530273,-9.098916490020752,-1.6109165739440918,5313128.0,16.495238095238097,25.0,-8.504761904761903,Underutilized
5313131,"Bolden, David",NJIT,-1.45056,0.78270483,-0.6678551698303223,-6.589855101165772,5.254144761505127,-4.411855127868653,3.0761447882080075,5313131.0,25.096875,15.0,10.096874999999995,Overutilized
5313134,"Awad, Rocco",NJIT,-5.98551,2.226055,-3.759455093154907,-9.681455024490356,2.162545076599121,-7.503455051193237,-0.0154553735351559,5313134.0,14.628125,5.0,9.628125,Overutilized
5313138,Miles Amos,Seattle U,-2.50685,0.4798732,-2.0269767898082733,-7.948976750946045,3.8950231117248535,-5.770976777648926,1.7170231384277344,5313138.0,11.451724137931036,5.0,6.451724137931036,Overutilized
5313139,"Murphy, Jojo",Seattle U,0.948194,-0.71235806,0.2358359425010681,-5.686163929229736,6.157835933441162,-3.508163955932617,3.979835960144043,5313139.0,19.80606060606061,25.0,-5.193939393939392,Underutilized
5313144,"Kempson, Jaden",UAlbany,-4.40105,1.2418284,-3.159221558380126,-9.081221489715576,2.7627783729553226,-6.903221516418457,0.5847783996582034,5313144.0,21.08095238095238,15.0,6.080952380952379,Overutilized
5313146,Drew Fuquay,Marshall,-0.194971,-1.8615955,-2.056566511436462,-7.978566561981201,3.8654333006896975,-5.800566588684082,1.6874334466018677,5313146.0,13.3,5.0,8.3,Overutilized
5313147,"Otshudi, Noah",Marshall,-5.15488,1.2318993,-3.922980738525391,-9.84498066986084,1.9990191928100585,-7.666980696563721,-0.1789807804870609,5313147.0,25.30666666666667,25.0,0.3066666666666684,Optimal
5313148,"Joseph, Landen",Marshall,1.80707,-0.76288044,1.0441895554733276,-4.8778102566528325,6.966189606018066,-2.699810283355713,4.788189632720947,5313148.0,21.88666666666667,35.0,-13.11333333333333,Underutilized
5313149,Bryce Slay,Marshall,-3.35918,-0.016539494,-3.375719493575692,-9.297719505004885,2.546280357666016,-7.119719531707764,0.3682803843688966,5313149.0,12.847826086956522,5.0,7.8478260869565215,Overutilized
5313150,"Hugie, Shamarrie",Marshall,-4.13169,-0.09053955,-4.222229552271366,-10.144229386749268,1.699770475921631,-7.966229413452148,-0.4782294973754881,5313150.0,15.86,5.0,10.86,Overutilized
5313151,"Yepdo, Darrel",UMass Lowell,-4.07018,1.2145807,-2.8555993449020383,-8.777599395446778,3.0664004672241214,-6.599599422149658,0.8884004939270023,5313151.0,19.59333333333333,25.0,-5.40666666666667,Underutilized
5313152,"Spencer, Xavier",UMass Lowell,-0.575879,0.033779185,-0.5420998147346974,-6.46409978704834,5.379900075622558,-4.286099813751221,3.2019001023254394,5313152.0,18.62333333333333,25.0,-6.376666666666669,Underutilized
5313153,"Okojie, Victor",UMass Lowell,-4.13679,1.3380003,-2.7987897024536137,-8.720789633789064,3.1232102288818355,-6.542789660491944,0.9452102555847164,5313153.0,15.307407407407409,25.0,-9.692592592592591,Underutilized
5313154,"Massaquoi, JJ",UMass Lowell,-8.28864,1.9579941,-6.3306458965682975,-12.252645947113036,-0.4086460844421378,-10.074645854606628,-2.586646057739257,5313154.0,25.11851851851852,25.0,0.1185185185185204,Optimal
5313155,D'Arrae Goodwin,San Diego,-2.53082,0.029172003,-2.5016479967308043,-8.423647987670899,3.420351875,-6.24564801437378,1.242351901702881,5313155.0,15.476923076923075,15.0,0.4769230769230752,Optimal
5313159,"Boskovic, Vuk",San Diego,-1.99437,0.69412625,-1.3002437516403198,-7.222243802185059,4.62175606048584,-5.044243828887939,2.4437560871887207,5313159.0,18.21935483870968,5.0,13.219354838709677,Overutilized
5313163,"Hackman, LJ",Western Ky.,0.598073,0.32896623,0.9270392301540374,-4.994960790588379,6.84903907208252,-2.81696081729126,4.671039098785401,5313163.0,19.566666666666663,25.0,-5.433333333333334,Underutilized
5313164,"Boone, Armelo",Western Ky.,0.171702,1.7258165,1.8975184882659912,-4.024481204650879,7.819518658020019,-1.8464814697723388,5.641518207885742,5313164.0,26.25555555555556,25.0,1.2555555555555564,Optimal
5313166,"Guerra, Jamison",Idaho St.,-2.94889,1.3061872,-1.6427028471374512,-7.564702778472901,4.279297084197998,-5.386702805175782,2.101297110900879,5313166.0,20.520000000000003,35.0,-14.479999999999997,Underutilized
5313169,"Hollenbeck, Connor",Idaho St.,-3.55512,-0.3484352,-3.9035551933002473,-9.825555333251954,2.0184445294189453,-7.647555359954834,-0.1595552054595947,5313169.0,12.609677419354837,5.0,7.609677419354837,Overutilized
5313170,"Kheil, Martin",Idaho St.,-2.53664,0.9275222,-1.6091178175354002,-7.53111774887085,4.312882113800049,-5.353117775573731,2.13488214050293,5313170.0,13.78965517241379,15.0,-1.2103448275862103,Optimal
5313171,"Bond, Louis",Idaho St.,-4.37254,-0.028441217,-4.4009812167966365,-10.322981360473634,1.5210185021972658,-8.144981148757935,-0.6569812326812743,5313171.0,21.04782608695652,35.0,-13.95217391304348,Underutilized
5313173,"Van De Griend, Caleb",Idaho St.,-1.32424,2.0181289,0.6938888719177245,-5.228111059417724,6.615888803253174,-3.0501110861206056,4.437888829956055,5313173.0,29.616666666666664,25.0,4.616666666666664,Optimal
5313174,David Giddens,Cleveland State,-8.201,-4.698932,-12.89993217086792,-18.82193162536621,-6.977932239532471,-16.64393212890625,-9.15593221282959,5313174.0,14.83684210526316,15.0,-0.163157894736841,Optimal
5313179,"Wiggins, Zacch",Old Dominion,-1.20004,-0.23824279,-1.438282790102959,-7.360282557525634,4.483717305145264,-5.182282822647094,2.305717093429565,5313179.0,15.525,25.0,-9.475,Underutilized
5313181,Je'kel Cotton,Detroit Mercy,-5.23153,2.0737941,-3.15773587348938,-9.079735804824828,2.764264296264648,-6.90173583152771,0.5862638461303709,5313181.0,15.053846153846155,15.0,0.0538461538461554,Optimal
5313182,Keshawn Fisher,Detroit Mercy,-3.20274,2.0702617,-1.1324782831573486,-7.054478214492798,4.789521886596679,-4.876478241195679,2.6115214364624024,5313182.0,26.783333333333328,25.0,1.783333333333328,Optimal
5313183,Xavier Istomin-Monroe,Detroit Mercy,-5.94795,2.6496768,-3.2982732002258297,-9.220273131561278,2.6237262542724613,-7.04227315826416,0.4457267578125004,5313183.0,13.129411764705882,5.0,8.129411764705882,Overutilized
5313186,"King, Jah'Likai",UMBC,-2.50697,0.7884496,-1.7185204145622253,-7.64052016708374,4.203479695587158,-5.4625204322052,2.025479722290039,5313186.0,23.093333333333337,35.0,-11.906666666666665,Underutilized
5313187,Paul Greene,UMBC,-4.58975,1.8207657,-2.7689842662811284,-8.690984436035157,3.1530154266357417,-6.512984224319458,0.9750159301757808,5313187.0,15.779999999999998,35.0,-19.22,Underutilized
5313189,"Jacobs, Riley",UMBC,-2.40672,0.57209057,-1.8346294338417053,-7.75662930557251,4.087370557098389,-5.578629332275391,1.9093705838012696,5313189.0,18.47333333333334,15.0,3.47333333333334,Optimal
5313191,"Nkugwa, Momo",Vermont,-1.99938,-0.7620691,-2.7614491061019897,-8.683449156646729,3.16055070602417,-6.50544918334961,0.9825507327270508,5313191.0,12.971428571428572,25.0,-12.028571428571428,Underutilized
5313192,"Mari, Lucas",Vermont,-4.52775,1.8543648,-2.67338524723053,-8.59538505935669,3.248614803314209,-6.41738520526886,1.0706148300170897,5313192.0,17.03214285714286,25.0,-7.967857142857142,Underutilized
5313193,"Bethea, Ramel",Green Bay,5.6327,-2.8167045,2.815995488357544,-3.106004681396485,8.737995419692993,-0.9280042312622072,6.559995446395874,5313193.0,11.392857142857142,25.0,-13.607142857142858,Underutilized
5313194,Keegan Van Kauwenberg,Green Bay,-1.63476,-0.34833607,-1.9830960707759857,-7.905096151123047,3.938903711547852,-5.727096177825928,1.7609039766693115,5313194.0,10.72222222222222,5.0,5.722222222222221,Overutilized
5313195,Vukasin Todorovic,Green Bay,-4.69469,1.6109525,-3.083737503471374,-9.005737554016113,2.8382623086547856,-6.827737580718994,0.6602623353576664,5313195.0,21.227777777777774,15.0,6.227777777777778,Overutilized
5313196,"Allen, Justin",Green Bay,-1.47792,1.3097583,-0.1681616944503783,-6.090161744995117,5.753838117675781,-3.912161771697998,3.575838144378662,5313196.0,26.689999999999998,35.0,-8.310000000000006,Underutilized
5313199,Maruan Cicic,Green Bay,-6.21031,2.2989001,-3.911409872589111,-9.83340980392456,2.01058958190918,-7.655409830627441,-0.167409914550781,5313199.0,14.494736842105262,5.0,9.494736842105262,Overutilized
5313200,"Thomas, LeBron",Green Bay,-4.54042,1.4239174,-3.1165025872421266,-9.038502637786866,2.805497224884033,-6.860502664489746,0.6274972515869139,5313200.0,21.17666666666667,25.0,-3.8233333333333306,Optimal
5313202,"Williams, Stephen",South Alabama,1.5644,-1.1256479,0.4387520975112915,-5.483247953033447,6.360751909637451,-3.305247979736328,4.182751936340332,5313202.0,14.46774193548387,15.0,-0.5322580645161299,Optimal
5313203,Brian Hawthorne,South Alabama,-9.98281,3.6436477,-6.339162329254151,-12.2611622605896,-0.41716287475586,-10.08316228729248,-2.595162371215821,5313203.0,19.188888888888886,5.0,14.188888888888886,Overutilized
5313206,"Olsen, Adam",South Alabama,-0.970625,0.8921505,-0.0784744787216186,-6.0004745292663575,5.843525333404541,-3.8224745559692384,3.665525360107422,5313206.0,21.436666666666675,35.0,-13.563333333333324,Underutilized
5313207,Reece Hagy,IU Indianapolis,-3.78847,0.5648582,-3.2236118018341062,-9.145611494750977,2.698388367919922,-6.967611759872437,0.5203879177856447,5313207.0,11.444827586206896,5.0,6.444827586206895,Overutilized
5313209,JP Dragas,IU Indianapolis,-3.31787,0.4713475,-2.8465224891853333,-8.768522599334716,3.075477263336181,-6.590522387619019,0.8974772900390624,5313209.0,14.515384615384615,15.0,-0.4846153846153829,Optimal
5313210,"Woodward, Finley",IU Indy,-2.51948,1.0087342,-1.5107457737731935,-7.432745705108642,4.411254157562256,-5.254745731811523,2.233254184265137,5313210.0,18.730000000000004,25.0,-6.269999999999996,Underutilized
5313212,"D'Augustino, Kyler",IU Indy,-1.19778,1.8059485,0.6081684958648681,-5.31383167388916,6.530168188781738,-3.1358314621734618,4.3521686923217775,5313212.0,23.89642857142857,25.0,-1.1035714285714278,Optimal
5313213,"Mitchell, Maguire",IU Indy,-0.944872,-0.36906543,-1.313937433740616,-7.235937216064453,4.608062646606445,-5.057937242767334,2.430062434890747,5313213.0,17.203333333333333,15.0,2.203333333333333,Optimal
5313214,"Tinsley, Kameron",IU Indy,-2.81539,0.10993909,-2.705450909092426,-8.627450832977296,3.216549029693604,-6.449450859680176,1.0385490563964843,5313214.0,19.45925925925925,25.0,-5.540740740740745,Underutilized
5313215,"Miller, Aiden",IU Indy,-3.02482,0.46754947,-2.557270526952744,-8.479270607299805,3.3647292553710937,-6.3012703955841065,1.1867292820739743,5313215.0,16.848148148148148,25.0,-8.151851851851852,Underutilized
5313221,"Brown, Davian",Montana St.,1.911,-0.675465,1.2355350122451785,-4.686465038299561,7.1575348243713375,-2.5084650650024414,4.979534851074218,5313221.0,23.25555555555556,25.0,-1.74444444444444,Optimal
5313222,Howie Keene,Montana State,-0.976104,0.7108513,-0.2652526883163452,-6.187252738861084,5.656747123809814,-4.009252765563965,3.4787471505126955,5313222.0,15.454545454545457,5.0,10.454545454545457,Overutilized
5313225,"King, Christian",Montana St.,-3.02369,1.786066,-1.2376239447021486,-7.159623876037598,4.684375986633301,-4.981623902740479,2.506376013336181,5313225.0,24.468000000000004,15.0,9.468000000000004,Overutilized
5313226,"Amunrud, Seth",Montana St.,2.20442,-1.4891665,0.7152535018157957,-5.206746191101074,6.637253671569824,-3.028746694641113,4.459253459854126,5313226.0,13.91304347826087,15.0,-1.0869565217391308,Optimal
5313239,"Komin, Chris",Northern Ariz.,0.0728786,-0.7247242,-0.6518455735458374,-6.573845624090576,5.270154238580322,-4.395845650793457,3.092154265283204,5313239.0,15.19285714285714,15.0,0.1928571428571412,Optimal
5313240,"Peterson, Brennan",Northern Ariz.,-6.08719,-0.039321084,-6.126511083575487,-12.048510877075197,-0.2045110144042965,-9.870511142196657,-2.3825112261199948,5313240.0,15.379310344827587,5.0,10.379310344827587,Overutilized
5313242,"Dorceus, Isaiah",Milwaukee,-5.83244,0.89542556,-4.93701444190979,-10.85901413482666,0.9849857278442382,-8.68101439994812,-1.1930147222900391,5313242.0,17.113333333333333,15.0,2.1133333333333333,Optimal
5313243,"Elam, Stevie",Milwaukee,0.634796,-0.2193243,0.4154716943464279,-5.506528043273926,6.337471819396972,-3.3285283083953856,4.159471607681274,5313243.0,17.088,25.0,-7.911999999999999,Underutilized
5313245,"Jackson, Chandler",Milwaukee,0.806038,-0.670093,0.1359450000648498,-5.786054990875244,6.057944871795654,-3.608055017578125,3.879944898498535,5313245.0,17.28333333333333,25.0,-7.716666666666669,Underutilized
5313246,Tate Mackenzie,Milwaukee,-1.9178,0.61881715,-1.298982849407196,-7.220982601928711,4.623017260742188,-5.042982867050171,2.4450172874450686,,,,,Unknown
5313257,Jalen Kampen,Central Michigan,-5.88862,0.70139945,-5.187220554466248,-11.109220605010986,0.7347792576599117,-8.931220631713867,-1.4432207156372074,5313257.0,13.426315789473684,15.0,-1.5736842105263165,Optimal
5313258,"Whitaker, Jaxson",Central Mich.,-4.41017,-0.31501207,-4.725182067556381,-10.647181909484864,1.1968179531860352,-8.469181936187745,-0.981182020111084,5313258.0,14.66206896551724,15.0,-0.3379310344827591,Optimal
5313260,"Adley, Tamario",Central Mich.,1.1498,-0.21447633,0.9353236679315566,-4.986676039886475,6.857323822784424,-2.808676305007934,4.6793236110687255,5313260.0,24.224137931034484,25.0,-0.775862068965516,Optimal
5313263,"Claerbaut, Nathan",Central Mich.,1.12094,-0.28033227,0.8406077327156067,-5.081392019805908,6.76260784286499,-2.903392046508789,4.584607631149292,5313263.0,19.648275862068964,25.0,-5.351724137931036,Underutilized
5313265,"Williams, Isaiah",Portland St.,-0.42578,-0.7674614,-1.1932414191055298,-7.115241231231689,4.728758631439209,-4.93724125793457,2.55075865814209,5313265.0,11.426086956521742,25.0,-13.573913043478258,Underutilized
5313268,"Hart, Israel",Southern Miss.,-2.55107,0.6774862,-1.873583818740845,-7.795583511657715,4.048416351013183,-5.617583776779175,1.870415900878906,5313268.0,19.796875,15.0,4.796875,Optimal
5313269,"Tramble, Chiante",Southern Miss.,-3.7308,0.18952295,-3.541277048158645,-9.463277188110352,2.380722674560547,-7.285276976394654,0.2027229396820069,5313269.0,16.136363636363637,25.0,-8.863636363636363,Underutilized
5313270,"Weeks, Tylik",Southern Miss.,-1.4417,1.3862817,-0.0554182712554931,-5.977417964172363,5.866581898498535,-3.7994182292938232,3.688581448364258,5313270.0,29.660606060606057,35.0,-5.339393939393943,Underutilized
5313274,Romari Robinson,Sacramento State,-4.35146,1.4563279,-2.89513208480835,-8.817132016143798,3.0268678465271,-6.63913204284668,0.8488678732299801,5313274.0,10.33809523809524,5.0,5.338095238095239,Overutilized
5313277,"Lavrenov, Mark",Sacramento St.,-4.33289,0.8360742,-3.49681582654953,-9.418815579071044,2.4251842835998536,-7.240815844192505,0.2471843103027344,5313277.0,18.225,25.0,-6.774999999999999,Underutilized
5313280,Shawn Nelson,Northern Kentucky,-8.8765,2.5579433,-6.318556655883789,-12.240556587219238,-0.3965567245483399,-10.06255661392212,-2.574556697845459,5313280.0,18.28333333333333,25.0,-6.716666666666665,Underutilized
5313281,"Elliott, Ethan",Northern Ky.,-4.90718,0.30214813,-4.605031866483689,-10.52703158920288,1.3169682734680173,-8.349031854324341,-0.8610316998291019,5313281.0,14.53448275862069,5.0,9.53448275862069,Overutilized
5313291,"Suarez Jr., Edwin",Weber St.,-0.0737194,0.16999024,0.0962708415275573,-5.825729268621826,6.018270594049072,-3.647729056906128,3.840270859170532,5313291.0,25.183333333333334,25.0,0.1833333333333335,Optimal
5313292,"Saine Jr., Tijan",Weber St.,1.38879,0.25553164,1.6443216388607025,-4.277678143463135,7.566321719207764,-2.0996784085845945,5.388321507492066,5313292.0,24.66333333333333,25.0,-0.336666666666666,Optimal
5313294,"Paschal, Duce",Weber St.,-2.24826,0.45723277,-1.7910272266960146,-7.7130269792175294,4.130972883453369,-5.535027244338989,1.9529729101562496,5313294.0,15.67241379310345,25.0,-9.32758620689655,Underutilized
5313295,"Grayson, ArDarius",Weber St.,-5.1602,1.1841744,-3.976025581550598,-9.898025393676756,1.945974468994141,-7.720025420379638,-0.2320255043029782,5313295.0,19.200000000000003,5.0,14.200000000000005,Overutilized
5313308,"Lawson, Gregory",Eastern Mich.,-4.50397,0.61536866,-3.888601335735321,-9.810601088256837,2.0333987744140627,-7.632601353378296,-0.1446011988830564,5313308.0,21.62962962962963,25.0,-3.3703703703703702,Optimal
5313324,"Woidke, Quinn",Kent St.,1.35979,-0.7425596,0.6172303882026673,-5.304769364318847,6.539230498352051,-3.126769391021728,4.361230286636353,5313324.0,18.5125,25.0,-6.487500000000001,Underutilized
5313326,Dezmon Briscoe,Kent State,-0.247402,-0.44618335,-0.6935853536624909,-6.615585135986328,5.22841472668457,-4.437585162689209,3.050414514968872,5313326.0,13.889285714285716,5.0,8.889285714285716,Overutilized
5313328,Omer Hamama,Kent State,-6.76923,1.7471187,-5.022111288528443,-10.944110981445313,0.8998888812255856,-8.766111246566773,-1.2781115689086917,5313328.0,16.342857142857145,15.0,1.3428571428571452,Optimal
5313353,Isaiah Placide,Massachusetts,-1.78969,-0.92073613,-2.710426134052277,-8.63242624420166,3.211573618469238,-6.454426270904541,1.0335738835906982,5313353.0,18.003703703703703,35.0,-16.996296296296297,Underutilized
5313356,Dimitri Clerc,Massachusetts,-4.89806,2.046926,-2.8511339784240723,-8.773133909759522,3.070865952911377,-6.595133936462402,0.8928659796142577,5313356.0,18.64,5.0,13.64,Overutilized
5313358,"Hall, DJ",Texas St.,2.92775,-0.4374326,2.490317412853241,-3.4316826972961425,8.412317165374755,-1.2536827239990234,6.234317430496216,5313358.0,25.796666666666667,15.0,10.796666666666669,Overutilized
5313360,"Fields, Robert",Texas St.,-0.467997,-0.6567178,-1.1247147772521973,-7.046714708587647,4.797285154083252,-4.868714735290528,2.619285180786133,5313360.0,14.94285714285714,25.0,-10.05714285714286,Underutilized
5313368,"Perry, Trey",Miami (OH),-1.71266,-0.50321877,-2.2158787700271607,-8.13787858215332,3.706121280517578,-5.959878608856201,1.528121307220459,5313368.0,18.55517241379311,15.0,3.555172413793109,Optimal
5313370,"Kirby, Justin",Miami (OH),1.73268,-1.1058998,0.6267801892089844,-5.295219742126465,6.548780120544434,-3.117219768829345,4.370780147247315,5313370.0,15.404761904761902,25.0,-9.595238095238098,Underutilized
5313374,Simon Majok,Memphis,0.444773,-0.14207059,0.3027024085502624,-5.6192977015991215,6.224702161071777,-3.4412974898834228,4.046702426193237,5313374.0,14.028,15.0,-0.9720000000000012,Optimal
5313375,Cahmai Crosby,North Texas,-3.94448,0.7116727,-3.2328072767066955,-9.1548071484375,2.6891927142333985,-6.976807175140381,0.5111927409362793,5313375.0,13.729032258064516,5.0,8.729032258064516,Overutilized
5313376,EJ Horton,North Texas,-2.60306,-0.115450576,-2.7185105759477617,-8.640510313568114,3.203489549102783,-6.462510578689575,1.0254893373870848,5313376.0,14.342857142857142,15.0,-0.6571428571428584,Optimal
5313377,Curtis Stinson Jr.,North Texas,-7.29228,2.038849,-5.253430884628296,-11.175430815963743,0.6685688082885743,-8.997430842666626,-1.5094306881713866,5313377.0,14.713333333333336,25.0,-10.286666666666664,Underutilized
5313378,"Hammer Jr., Buddy",North Texas,1.69301,-1.2367327,0.4562772786712645,-5.465722414245605,6.378277448425293,-3.2877229177856444,4.200277236709595,5313378.0,14.95,25.0,-10.05,Underutilized
5313379,"Diaz, Dylan",ULM,-5.92614,0.70743185,-5.218708147182465,-11.14070813812256,0.7032917245483397,-8.96270816482544,-1.4747082487487797,5313379.0,13.657142857142858,5.0,8.657142857142858,Overutilized
5313380,Przemek Hartman,UL Monroe,-12.5324,4.163785,-8.368615019226075,-14.290614950561524,-2.446615087890626,-12.112614977264403,-4.624615061187745,5313380.0,15.18695652173913,5.0,10.18695652173913,Overutilized
5313381,"Lewis, Krystian",ULM,-4.33248,2.5939255,-1.7385545239257816,-7.660554455261231,4.183445407409668,-5.482554481964112,2.0054454341125485,5313381.0,28.07333333333333,25.0,3.0733333333333306,Optimal
5313382,"Molofeev, Alex",ULM,-6.76724,1.3009987,-5.46624131225586,-11.38824124359131,0.4557586190795897,-9.21024127029419,-1.7222413542175294,5313382.0,15.489285714285714,25.0,-9.510714285714286,Underutilized
5313383,Wiggy Ball,UL Monroe,-7.87581,1.0980481,-6.777761909065247,-12.699761721191408,-0.8557618585205082,-10.521761747894288,-3.033761831817628,5313383.0,8.326666666666666,5.0,3.326666666666666,Optimal
5313394,"Kincy, Gabe",Alabama A&M,-5.95467,0.84631133,-5.108358669204712,-11.030358362121582,0.8136415005493163,-8.852358627243042,-1.364358949584961,5313394.0,13.383333333333333,15.0,-1.6166666666666671,Optimal
5313399,Tyler Byrd,Alabama State,-0.678433,-0.56331533,-1.2417483319358826,-7.163748322875977,4.680251539794922,-4.9857483495788575,2.5022515664978027,5313399.0,19.986666666666665,25.0,-5.013333333333335,Underutilized
5313401,Tyler Mason,Alabama State,-6.63133,0.33824995,-6.293080048398972,-12.215079771118164,-0.3710799084472658,-10.037080036239624,-2.549079881744385,5313401.0,17.442857142857143,25.0,-7.557142857142857,Underutilized
5313402,R'Chaun King,Alabama State,-3.17044,0.18181284,-2.988627162280083,-8.910627168121337,2.9333726945495604,-6.732627194824219,0.7553727212524413,5313402.0,17.460714285714285,25.0,-7.539285714285715,Underutilized
5313432,Jeremy Ellis,Alcorn State,-4.60947,-0.8305824,-5.4400523802948,-11.362052550048828,0.4819473126220703,-9.18405209991455,-1.6960524222564697,5313432.0,7.559090909090909,5.0,2.5590909090909086,Optimal
5313433,"Calamese, Bryson",Alcorn,-9.17408,1.7828624,-7.391217575149536,-13.313217268066406,-1.4692174053955078,-11.135217533187866,-3.647217855529785,5313433.0,20.532258064516125,15.0,5.532258064516125,Overutilized
5313435,Mike Jones,Alcorn State,-5.06476,2.3828487,-2.6819112603759763,-8.603911191711425,3.240088670959473,-6.425911218414306,1.0620886976623538,5313435.0,20.307692307692317,15.0,5.307692307692314,Overutilized
5313440,"Charles, Milhan",Ark.-Pine Bluff,-3.0648,0.27331096,-2.791489040660858,-8.713488793182373,3.1305110694885254,-6.535489058303833,0.9525110961914064,5313440.0,16.81,25.0,-8.190000000000001,Underutilized
5313444,Anthony Knowles,Florida A&M,-12.937,4.332458,-8.604541980743408,-14.526541912078857,-2.682542526245117,-12.348541938781738,-4.8605420227050775,5313444.0,25.61111111111111,25.0,0.6111111111111107,Optimal
5313446,"Ndalama, Miles",Florida A&M,-3.61617,1.0582634,-2.557906578941345,-8.479906629486084,3.3640932331848146,-6.301906656188965,1.1860932598876954,5313446.0,18.14782608695652,25.0,-6.85217391304348,Underutilized
5313447,"Carraway, Armari",Charleston So.,-6.57227,2.0794175,-4.49285253288269,-10.41485246421814,1.42914716003418,-8.23685249092102,-0.7488523364257809,5313447.0,15.604761904761904,25.0,-9.395238095238096,Underutilized
5313448,"Franklin, Jaquias",Charleston So.,-6.53605,0.8935605,-5.642489471244812,-11.56448952178955,0.2795103408813473,-9.386489548492431,-1.898489632415772,5313448.0,16.514285714285712,25.0,-8.485714285714288,Underutilized
5313449,"Taylor, Jacob",Charleston So.,-3.22722,-0.21274489,-3.439964891643524,-9.361964644165038,2.4820352185058594,-7.183964909286499,0.3040350067901611,5313449.0,12.00357142857143,15.0,-2.99642857142857,Optimal
5313450,"Williams, Luke",Charleston So.,-1.54742,-0.66946983,-2.2168898333740232,-8.138889764709473,3.705110097961426,-5.960889791412353,1.5271101246643066,5313450.0,15.547058823529412,15.0,0.5470588235294116,Optimal
5313453,"Ferere, Jamias",Gardner-Webb,-8.34059,1.1291741,-7.21141588672638,-13.13341569885254,-1.2894158361816412,-10.95541572555542,-3.4674158094787604,5313453.0,23.156666666666663,25.0,-1.8433333333333373,Optimal
5313454,"Sims, Spence",Gardner-Webb,-5.94969,1.123191,-4.8264990009689335,-10.748499051513672,1.0955008111572262,-8.570499078216553,-1.082499162139893,5313454.0,18.70344827586207,15.0,3.703448275862069,Optimal
5313456,Riek Riek,Gardner-Webb,-7.96771,1.9804275,-5.987282496414185,-11.909282427749634,-0.0652823266601565,-9.731282454452517,-2.243282776794434,5313456.0,11.766666666666667,5.0,6.766666666666668,Overutilized
5313458,"Williams, Curtis",Gardner-Webb,-6.69835,1.6527545,-5.045595454788208,-10.967595147705078,0.8764047149658207,-8.789595412826538,-1.3015957351684566,5313458.0,16.747826086956525,25.0,-8.252173913043475,Underutilized
5313493,"Pagotto, Noah",East Texas A&M,1.21561,-0.4406749,0.7749350989913941,-5.147064713134766,6.696935149536133,-2.969064739837646,4.5189351762390135,5313493.0,17.363333333333333,25.0,-7.636666666666667,Underutilized
5313495,Alex McCray,East Texas A&M,-9.12253,3.464368,-5.658161895065307,-11.580161826400756,0.2638377978515631,-9.402161853103635,-1.9141616986083976,5313495.0,15.28421052631579,5.0,10.28421052631579,Overutilized
5313498,"Bartley, Ryan",Houston Christian,-2.88558,0.15621153,-2.7293684747982025,-8.651368555145265,3.1926313075256347,-6.4733683434295655,1.0146315726470947,5313498.0,16.503333333333334,15.0,1.503333333333334,Optimal
5313500,Nehikhare Igiehon,Houston Christian,-7.78753,1.4010006,-6.386529381065369,-12.308529431610108,-0.4645295689392092,-10.130529458312989,-2.6425295422363284,5313500.0,18.00588235294118,5.0,13.005882352941178,Overutilized
5313503,Caden Miller,High Point,2.08545,-1.372914,0.7125360433578489,-5.209463768768311,6.634536093902588,-3.031463795471192,4.4565361206054686,5313503.0,12.291304347826088,15.0,-2.708695652173912,Optimal
5313506,Esteban Mann,Incarnate Word,-13.557,5.119111,-8.437888938903809,-14.359888870239258,-2.51588900756836,-12.18188889694214,-4.693888504028321,5313506.0,16.815,15.0,1.8150000000000013,Optimal
5313507,Mihael Tomic,Incarnate Word,-3.03908,-1.3895881,-4.428668117599488,-10.350668287353516,1.493331575317383,-8.172667837219239,-0.684668159561157,5313507.0,12.36,15.0,-2.639999999999999,Optimal
5313508,Elijah Kelly,Longwood,-0.977244,-1.2515503,-2.228794316810608,-8.150794128936768,3.693205733734131,-5.972794155639648,1.5152057604370115,5313508.0,9.675,5.0,4.675000000000001,Optimal
5313511,Jaylin Payne,Longwood,-5.98545,0.66200864,-5.323441356849671,-11.24544116897583,0.5985586936950682,-9.067441195678713,-1.579441279602051,5313511.0,11.426923076923078,15.0,-3.573076923076922,Optimal
5313514,JD Bowden,Presbyterian,-8.79464,1.7703476,-7.024292404785156,-12.946292336120605,-1.1022924734497064,-10.768292362823486,-3.280292446746825,5313514.0,17.387999999999998,25.0,-7.612000000000002,Underutilized
5313521,"Erichsen, Frederik",Radford,-4.28471,0.7547501,-3.5299599270439144,-9.45195967956543,2.392040183105469,-7.273959944686889,0.21404020980835,5313521.0,19.858620689655176,15.0,4.858620689655176,Optimal
5313527,"Smith, Tyler",USC Upstate,-4.25464,0.40758932,-3.847050683631897,-9.769050495758057,2.0749493669128416,-7.591050522460938,-0.1030506063842775,5313527.0,15.642857142857142,25.0,-9.357142857142858,Underutilized
5313529,"Collier, Coen",USC Upstate,-0.665351,0.5520418,-0.1133091713676452,-6.03530892388916,5.808690938781738,-3.857309189010621,3.630690965484619,5313529.0,10.233333333333334,15.0,-4.766666666666666,Optimal
5313530,"Bendinger, Mason",USC Upstate,-7.0182,2.4544249,-4.5637751419067385,-10.485775073242188,1.3582247894287107,-8.307775099945069,-0.8197751838684084,5313530.0,26.055172413793105,35.0,-8.944827586206895,Underutilized
5313531,"Martinez, Jafeth",USC Upstate,0.765915,-0.46588346,0.3000315363788605,-5.621968186340332,6.222031676330566,-3.4439682130432128,4.044031464614868,5313531.0,11.985714285714284,25.0,-13.014285714285716,Underutilized
5313542,"Mayfield, Myles",UNC Asheville,-3.74338,-0.056728076,-3.800108076189757,-9.7221078175354,2.121892045135498,-7.5441080826568605,-0.0561081665802003,5313542.0,11.324137931034484,5.0,6.324137931034485,Overutilized
5313546,"Traylor, Chadlyn",Col. of Charleston,-3.13813,-0.85734355,-3.995473554496765,-9.917473605041504,1.926526257629395,-7.739473631744385,-0.2514737156677245,5313546.0,11.9258064516129,25.0,-13.0741935483871,Underutilized
5313547,"Kalu, Martin",Col. of Charleston,-1.55759,0.65348953,-0.9041004699134828,-6.826100341644287,5.017899521026611,-4.648100368347168,2.839899547729492,5313547.0,16.499999999999996,15.0,1.4999999999999964,Optimal
5313548,"Davis Jr, Chris",Col. of Charleston,-1.74835,-0.08389111,-1.832241108632088,-7.754240846252442,4.089759016418457,-5.576241111373902,1.9117588047027587,5313548.0,20.48333333333333,35.0,-14.516666666666666,Underutilized
5313550,"Machot, Chol",Col. of Charleston,2.88976,0.4462621,3.336022091398239,-2.585978048553467,9.25802181411743,-0.4079778368377686,7.080021840820312,5313550.0,21.083870967741937,15.0,6.083870967741937,Overutilized
5313554,"Wilhite, King-Njhsanni",Lamar University,-6.56235,0.91483057,-5.647519434547425,-11.569519246673584,0.2744806159973141,-9.391519273376463,-1.903519357299805,5313554.0,17.144444444444442,25.0,-7.855555555555558,Underutilized
5313555,"Lowe, Eian",Lamar University,-3.17151,-0.42010042,-3.5916104207134247,-9.513610143432617,2.330389719238281,-7.335610170135498,0.1523895075225829,5313555.0,17.396551724137932,15.0,2.3965517241379324,Optimal
5313558,"Lee, Jr., Rob",Lamar University,-1.58834,1.3177047,-0.270635322418213,-6.192635253753663,5.651364608917236,-4.014635280456544,3.473364635620117,5313558.0,25.741379310344826,35.0,-9.258620689655178,Underutilized
5313560,"Enis, Wes",South Fla.,2.19143,0.2512448,2.442674813203812,-3.479324909515381,8.364674953155518,-1.3013251746368408,6.18667474143982,5313560.0,20.1625,25.0,-4.837499999999999,Optimal
5313562,Tristan Beckford,South Florida,1.78495,-1.47153,0.3134200393676758,-5.608579891967773,6.235419970703125,-3.430579918670654,4.057419997406006,5313562.0,11.375000000000002,15.0,-3.6249999999999982,Optimal
5313563,Adriel Nyorha,South Florida,-1.38077,0.48238662,-0.8983833811473847,-6.820383342285156,5.023616520385742,-4.642383368988037,2.845616547088623,5313563.0,23.248,15.0,8.248000000000001,Overutilized
5313565,Ayuba Bryant Jr.,Temple,-2.19136,-1.0049142,-3.196274164543152,-9.11827421508789,2.725725647583008,-6.940274241790771,0.5477256742858887,5313565.0,13.23076923076923,15.0,-1.76923076923077,Optimal
5313566,"Popoola, Ade",Tulsa,4.17015,-0.8757186,3.2944314064025875,-2.6275685249328617,9.216431337738037,-0.4495685516357426,7.0384313644409175,5313566.0,16.577777777777776,25.0,-8.422222222222224,Underutilized
5313569,"Machar, Peitok",McNeese,3.18898,-2.174956,1.0140239167022704,-4.907976253051758,6.93602384803772,-2.7299758029174805,4.7580238747406005,5313569.0,10.59375,15.0,-4.40625,Optimal
5313574,Irish Coquia,New Orleans,-5.00226,0.68054277,-4.321717232952118,-10.243716985473633,1.600282877197266,-8.065717250595092,-0.5777170960998532,5313574.0,18.24,25.0,-6.760000000000002,Underutilized
5313575,"Cope, Tavaj",New Orleans,-1.35177,0.2580042,-1.0937658114624025,-7.015765742797852,4.828234119873047,-4.837765769500733,2.650234146575928,5313575.0,17.565625,25.0,-7.434374999999999,Underutilized
5313579,"Osby, Kedrick",New Orleans,-2.65284,-0.389325,-3.042164992895126,-8.964165073242187,2.879834789428711,-6.786165099945068,0.701835054550171,5313579.0,13.265625,15.0,-1.734375,Optimal
5313580,"Boudouma, Enzo",New Orleans,-1.00206,0.4398575,-0.5622024872875213,-6.484202448425293,5.359797414245605,-4.306202475128174,3.181797440948486,5313580.0,14.853125,5.0,9.853125,Overutilized
5313581,"Pagonis, Panagiotis",New Orleans,-1.99561,0.777843,-1.2177670014953614,-7.139766932830811,4.704232929840088,-4.961766959533692,2.5262329565429686,5313581.0,13.716666666666669,15.0,-1.2833333333333332,Optimal
5313591,Zaiden Cross,Nicholls,-6.69939,2.740725,-3.958664959564209,-9.88066489089966,1.9633354486083985,-7.702664917602539,-0.214665001525879,5313591.0,17.96,25.0,-7.039999999999999,Underutilized
5313592,"Dunkley, Jalik",Nicholls,-0.810214,0.43386152,-0.3763524761333465,-6.298352198852539,5.545647663818359,-4.120352463973999,3.36764769052124,5313592.0,21.886206896551723,35.0,-13.113793103448277,Underutilized
5313633,Tyler Jackson,Eastern Kentucky,-3.34439,-0.593912,-3.9383020054245,-9.86030205596924,1.98369780670166,-7.68230208267212,-0.1943021665954591,5313633.0,25.829411764705885,25.0,0.8294117647058847,Optimal
5313634,"Williams, MJ",Eastern Ky.,-0.48506,0.3600823,-0.1249777014827728,-6.046977781829834,5.797022080841065,-3.868977570114136,3.6190221075439455,5313634.0,25.843333333333337,25.0,0.8433333333333373,Optimal
5313654,"Moss, Brent",UTSA,-2.28571,0.61558455,-1.6701254477119445,-7.592125557861328,4.25187430480957,-5.41412534614563,2.073874331512452,5313654.0,18.274074074074072,25.0,-6.725925925925928,Underutilized
5313655,"Coffi, Matheo",UTSA,-2.07221,-0.35129026,-2.4235002557849885,-8.345500157318115,3.498499705352783,-6.167500184020996,1.320499732055664,5313655.0,11.342857142857143,5.0,6.342857142857143,Overutilized
5313656,"Kindell, Dre",Wichita St.,1.31435,-1.0709361,0.2434139162063597,-5.678586134338379,6.16541372833252,-3.50058616104126,3.987413755035401,5313656.0,18.33142857142857,35.0,-16.66857142857143,Underutilized
5313662,"Malone, Isaiah",FGCU,1.48344,0.69815457,2.18159456867218,-3.740405481872559,8.10359438079834,-1.5624055085754394,5.925594407501221,5313662.0,19.75625,15.0,4.756250000000001,Optimal
5313667,"Dudley, DJ",Louisiana Tech,-2.10889,1.291976,-0.8169140249633791,-6.738913956298829,5.10508590637207,-4.56091398300171,2.927085933074951,5313667.0,25.306451612903228,25.0,0.3064516129032277,Optimal
5313669,"Thomas II, Avery",Louisiana Tech,1.15426,0.09944274,1.25370274276495,-4.668296972503662,7.175702890167236,-2.4902972376251222,4.997702678451538,5313669.0,18.82,15.0,3.82,Optimal
5313671,Kylan Howze,Louisiana Tech,-2.60591,0.1556632,-2.4502467928266527,-8.372246917877197,3.471752944793701,-6.194246706161499,1.293753209915161,5313671.0,10.768181818181818,5.0,5.768181818181818,Overutilized
5313672,"Martinez, Melian",Louisiana Tech,5.01078,-2.0083852,3.0023948185729976,-2.919605112762452,8.924394749908448,-0.7416051394653325,6.746394776611328,5313672.0,12.364285714285714,25.0,-12.635714285714286,Underutilized
5313674,"Wood, Hayden",Jacksonville,0.000193262,-0.79851925,-0.7983259917307739,-6.720325803856934,5.123674058813965,-4.542325830559815,2.945674085516845,5313674.0,19.89,25.0,-5.110000000000003,Underutilized
5313677,Charles Caporaso,Jacksonville,-1.36127,-0.82136655,-2.182636548538208,-8.104636241455077,3.73936362121582,-5.926636744995117,1.561363409500122,5313677.0,18.492,5.0,13.492,Overutilized
5313678,"Sterck, Evan",Jacksonville,-2.84228,0.33484656,-2.507433443813324,-8.429433434753419,3.4145664279174803,-6.251433461456299,1.2365664546203612,5313678.0,17.38,25.0,-7.620000000000001,Underutilized
5313679,"Jovanovic, Luka",Middle Tenn.,1.63393,-1.2098838,0.4240461909103394,-5.49795362121582,6.346046241455079,-3.319953647918701,4.168046268157959,5313679.0,7.321428571428571,5.0,2.321428571428571,Optimal
5313685,"Sanders, Hampton",Columbia,-2.89368,-0.4093271,-3.3030070897865293,-9.225006961517334,2.6189929011535646,-7.047006988220215,0.4409929278564455,5313685.0,17.765384615384615,25.0,-7.234615384615385,Underutilized
5313686,"Igoe, Connor",Columbia,2.43834,-0.95788497,1.4804550326728825,-4.441544719848633,7.402455142822266,-2.263544746551513,5.224454931106568,5313686.0,24.53846153846154,25.0,-0.4615384615384599,Optimal
5313687,"Franklin, Miles",Columbia,-1.77946,0.50419563,-1.2752643694496155,-7.19726424118042,4.646735621490478,-5.019264267883301,2.468735648193359,5313687.0,20.05416666666667,15.0,5.054166666666671,Overutilized
5313688,DaMaryon Fishburn,Cornell,1.11557,-3.2679825,-2.1524124829101563,-8.074412414245606,3.769587448425293,-5.896412440948486,1.5915874751281738,5313688.0,13.121052631578948,15.0,-1.878947368421052,Optimal
5313693,"Williams Jr, Trey",Missouri St.,-1.89805,0.47951254,-1.4185374575138092,-7.340537239837646,4.503462622833252,-5.162537504959106,2.325462649536133,5313693.0,16.87741935483871,15.0,1.877419354838711,Optimal
5313695,Melakih Cunningham,Missouri State,-1.45255,-0.6170801,-2.0696300924301148,-7.991630142974854,3.852369719696045,-5.813630169677735,1.6743697463989258,5313695.0,11.685714285714283,15.0,-3.3142857142857167,Optimal
5313696,"Palek III, Keith",Missouri St.,-0.558228,1.1965555,0.638327495262146,-5.283672316864013,6.560327545806885,-3.1056723435668943,4.382327572509766,5313696.0,30.3,35.0,-4.700000000000003,Optimal
5313697,Cameron Boone,Missouri State,-0.16509,-2.119368,-2.284458076324463,-8.20645848449707,3.637541855010986,-6.028458034362793,1.4595418817138672,5313697.0,6.725,15.0,-8.275,Underutilized
5313700,Cam Hiatt,Dartmouth,-4.14388,0.55230355,-3.5915764473724368,-9.513576617126464,2.3304232455444334,-7.335576405410767,0.1524237490844724,5313700.0,12.495238095238095,15.0,-2.504761904761903,Optimal
5313705,"Okpara, Kennedy",Lipscomb,-4.99664,1.1116936,-3.8849463793182375,-9.806946549072263,2.0370533135986326,-7.628946337356568,-0.1409461828613283,5313705.0,22.225,15.0,7.224999999999998,Overutilized
5313706,"Ashkenazi, Or",Lipscomb,-1.91842,0.123702876,-1.7947171237301829,-7.716716928405762,4.1272829342651365,-5.538717193527222,1.9492827225494385,5313706.0,9.048275862068962,5.0,4.048275862068962,Optimal
5313712,"White, Brett",Oakland,-0.474615,-0.13136995,-0.605984948387146,-6.527984998931885,5.316014863739014,-4.349985025634766,3.1380148904418945,5313712.0,14.45806451612903,15.0,-0.5419354838709705,Optimal
5313713,"Thurmon, Khoi",Oakland,-7.55563,1.3825268,-6.173103244667053,-12.095103056793214,-0.2511031941223143,-9.917103083496094,-2.429103167419433,5313713.0,17.293548387096774,15.0,2.2935483870967737,Optimal
5313714,"Garrett, Isaac",Oakland,2.48093,-2.2621095,0.2188204819488524,-5.703179687805176,6.140820413284302,-3.5251792376708986,3.962820439987184,5313714.0,22.52222222222222,15.0,7.522222222222219,Overutilized
5313716,Frankie Mannino,Harvard,0.597045,-2.9816535,-2.384608451919556,-8.306608144836426,3.5373914794158936,-6.128608648376465,1.3593915061187745,5313716.0,11.48148148148148,5.0,6.481481481481481,Overutilized
5313718,Ryan Sullivan,Harvard,3.3322,-3.2851803,0.0470196697235105,-5.874980023193359,5.96901960105896,-3.696980526733399,3.7910196277618406,5313718.0,7.075,5.0,2.075,Optimal
5313721,"Mosley, EJ",Purdue Fort Wayne,-7.04007,0.770311,-6.269759002037048,-12.191759052581787,-0.3477591899108887,-10.013759079284668,-2.525759163208008,5313721.0,13.072413793103443,5.0,8.072413793103445,Overutilized
5313722,Yuval Levin,Purdue Fort Wayne,-2.53609,0.05174898,-2.484341020163298,-8.406341178741455,3.437658683929443,-6.228340967025757,1.2596589490509031,5313722.0,18.189655172413797,15.0,3.1896551724137936,Optimal
5313726,"Spartalis, Stefanos",Monmouth,-3.69432,1.3453256,-2.348994410820007,-8.270994461364745,3.5730054013061525,-6.092994488067626,1.3950054280090334,5313726.0,24.73870967741936,15.0,9.738709677419358,Overutilized
5313730,Cam Wilds,Robert Morris,-2.88374,-0.13236198,-3.016101978292465,-8.938101820220947,2.905898042449951,-6.760101846923828,0.7278980691528321,5313730.0,13.222727272727274,15.0,-1.7772727272727256,Optimal
5313731,"Livingston, Darius",Robert Morris,-3.03861,0.59182787,-2.4467821305847166,-8.368782061920166,3.4752178007507326,-6.190782088623047,1.2972178274536137,5313731.0,21.976,15.0,6.975999999999999,Overutilized
5313732,Samuel Obenjo,Robert Morris,-1.94278,-1.4334596,-3.376239639549256,-9.298239690093991,2.5457601725769043,-7.120239716796875,0.3677601992797852,5313732.0,11.890476190476187,5.0,6.890476190476189,Overutilized
5313733,"Vargas, Albert",Robert Morris,-2.43177,0.112338945,-2.319431054730416,-8.241430911560059,3.60256895111084,-6.06343093826294,1.4245689778137205,5313733.0,18.29230769230769,15.0,3.292307692307695,Optimal
5313751,"Rojas, Uriyah",Wyoming,-0.398514,0.06969187,-0.3288221333637237,-6.250822273315429,5.593177589355469,-4.072822061599731,3.4151778544769287,5313751.0,18.7875,25.0,-6.212499999999999,Underutilized
5313752,"Meyer, Nasir",Wyoming,2.96002,0.17216803,3.132188031334877,-2.789811676483154,9.054188186187744,-0.6118119416046142,6.876187974472046,5313752.0,22.69,15.0,7.689999999999998,Overutilized
5313753,"Saxon, Kiani",Wyoming,0.647096,-0.4038279,0.2432680943450927,-5.678731598571777,6.165268264099121,-3.5007321021118165,3.987268052383423,5313753.0,10.946875,5.0,5.946875,Overutilized
5313754,"Gores, Gavin",Wyoming,0.00621822,0.061071362,0.0672895823464107,-5.854710315461426,5.989289547209473,-3.6767103421643066,3.8112895739123536,5313754.0,18.55185185185185,15.0,3.551851851851854,Optimal
5313756,Simm-Marten Saadi,Wyoming,-2.31491,0.8298261,-1.4850838834381102,-7.40708357635498,4.436916286315919,-5.22908384147644,2.258915836181641,5313756.0,20.43870967741935,15.0,5.43870967741935,Overutilized
5313836,"Goodbary, Griffen",Drake,0.343785,-1.3539908,-1.0102057932281494,-6.932205486145019,4.911794376525879,-4.754205989685058,2.7337941648101807,5313836.0,13.743333333333332,15.0,-1.2566666666666677,Optimal
5313845,"Quinet, Bryce",Evansville,-5.3453,2.2851646,-3.0601354053497314,-8.98213533668518,2.861864764404297,-6.8041353633880615,0.6838643142700196,5313845.0,20.59666666666667,25.0,-4.403333333333329,Optimal
5313846,James Dyson-Merwe,Evansville,-5.50431,2.888398,-2.615912067947388,-8.537911999282837,3.3060881018066404,-6.359912025985718,1.128087651672363,5313846.0,15.626315789473686,15.0,0.6263157894736864,Optimal
5313847,"Moeller, Leif",Evansville,-3.10862,1.9223589,-1.1862611294937135,-7.108260941619873,4.735738921051025,-4.930261087532044,2.557738947753906,5313847.0,22.18333333333333,25.0,-2.81666666666667,Optimal
5313852,"Klabo, Mason",Illinois St.,1.40289,-0.588746,0.8141439887428283,-5.107856002197265,6.736143860473633,-2.9298560289001463,4.558143887176514,5313852.0,15.224242424242425,5.0,10.224242424242425,Overutilized
5313853,"Coleman, Ty'Reek",Illinois St.,1.72708,-0.9719898,0.7550901895332336,-5.166909562988281,6.677090299682617,-2.988909589691162,4.499090087966919,5313853.0,22.25294117647059,35.0,-12.74705882352941,Underutilized
5313859,"Van Buggenhout, Jo",Indiana St.,-2.85257,0.8313095,-2.0212605026435853,-7.943260612792969,3.9007392498779296,-5.765260401077271,1.7227392765808105,5313859.0,20.524,15.0,5.523999999999997,Overutilized
5313861,"St. Bernard, Enel",Indiana St.,3.76371,-0.12220435,3.6415056515550615,-2.280494235076904,9.563505627593994,-0.102494261779785,7.385505654296875,5313861.0,15.231034482758618,15.0,0.2310344827586181,Optimal
5313868,"Courbon, Mathis",Murray St.,-0.915727,-0.142204,-1.057931001545906,-6.97993073916626,4.864069123504638,-4.80193100428772,2.6860689117889405,5313868.0,14.359375,25.0,-10.640625,Underutilized
5313872,"Shorter, Brayden",Murray St.,-2.68934,0.56451905,-2.1248209522628785,-8.046821002807617,3.797178859863281,-5.868821029510498,1.619178886566162,5313872.0,17.803030303030305,5.0,12.803030303030305,Overutilized
5313873,"Domon, Roman",Murray St.,2.3748,-0.7926836,1.5821163986206055,-4.339883532714843,7.504116329956055,-2.1618835594177246,5.326116356658936,5313873.0,24.793939393939397,15.0,9.793939393939391,Overutilized
5313875,Jalen Haynes,Southern Illinois,0.954229,-0.18695198,0.7672770200052261,-5.154723045440674,6.689276817230224,-2.976722833724976,4.511277082351684,5313875.0,21.00967741935484,25.0,-3.99032258064516,Optimal
5313879,"Washington Jr, Rashund",UIC,1.08156,-0.41046506,0.6710949383354188,-5.250905171813965,6.593094690856933,-3.0729051985168456,4.415094955978393,5313879.0,17.106060606060602,25.0,-7.893939393939398,Underutilized
5313880,"Johnson, Andy",UIC,-0.322376,0.39085087,0.0684748718013763,-5.853524910522461,5.990474952148437,-3.675525175643921,3.812474978851318,5313880.0,18.869696969696967,25.0,-6.130303030303033,Underutilized
5313883,"Chaney, Rakim",Valparaiso,2.43399,-0.54962045,1.8843695504570008,-4.037630559692383,7.806369302978515,-1.859630586395264,5.628369568099975,5313883.0,20.3,25.0,-4.700000000000003,Optimal
5313884,"Whitaker, Brody",Valparaiso,0.30391,-0.09786278,0.2060472199058532,-5.715952651824951,6.128047210845947,-3.537952678527832,3.950047237548828,5313884.0,16.160000000000004,25.0,-8.839999999999996,Underutilized
5313886,"Pettigrew, JT",Valparaiso,0.590601,1.7049264,2.295527371574402,-3.626472440551758,8.21752742211914,-1.4484724672546387,6.039527448822022,5313886.0,26.75,35.0,-8.25,Underutilized
5313887,Mark Brown Jr.,Valparaiso,-3.81981,2.1376278,-1.6821821599578857,-7.604182091293335,4.239817532958984,-5.426182117996216,2.0618180364990235,5313887.0,17.41904761904762,5.0,12.41904761904762,Overutilized
5313888,"Hopoi, Carter",Valparaiso,-0.392457,0.17796434,-0.2144926553792953,-6.136492720825196,5.707507141845703,-3.958492509109497,3.529507406967164,5313888.0,16.58125,15.0,1.5812500000000007,Optimal
5313891,Tucker Tornatta,Valparaiso,-5.16811,2.937706,-2.2304040063476567,-8.152403937683106,3.691595924987793,-5.974403964385987,1.5135959516906734,5313891.0,22.548,15.0,7.548000000000002,Overutilized
5313892,Sader Servilus,Valparaiso,3.54135,-2.004659,1.5366910625457764,-4.385308630371094,7.458690993881225,-2.207309133911133,5.280691020584106,5313892.0,16.120833333333334,25.0,-8.879166666666666,Underutilized
5313893,"Sanders, Kam",Air Force,-1.37121,2.135586,0.7643760233306884,-5.15762390800476,6.686375716247559,-2.9796239347076416,4.508376219787598,5313893.0,26.534375,35.0,-8.465625000000003,Underutilized
5313894,Riley Dering,Air Force,-5.02212,2.1236403,-2.8984797011566164,-8.820479632492066,3.0235199917602538,-6.642479659194946,0.8455204953002928,5313894.0,15.385714285714286,25.0,-9.614285714285714,Underutilized
5313897,"Hinds, Justin",Air Force,-7.68724,2.8727374,-4.814502592315674,-10.736502523651122,1.1074968621826171,-8.558502550354003,-1.0705026342773438,5313897.0,14.593103448275862,15.0,-0.4068965517241381,Optimal
5313898,"Greenberg, Ethan",Air Force,-3.38218,0.6944763,-2.687703693561554,-8.609703803710937,3.234296058959961,-6.431703591995239,1.0562960856628418,5313898.0,14.4875,5.0,9.4875,Overutilized
5313899,"Hobin, Lucas",Air Force,-5.14491,1.7737399,-3.37117006603241,-9.293170116577148,2.5508297460937497,-7.11517002407074,0.3728297727966305,5313899.0,20.796875,25.0,-4.203125,Optimal
5313902,"Neto, Aginaldo",Boise St.,-2.3351,1.3003048,-1.0347952295303346,-6.956795041656495,4.887204821014404,-4.778795068359376,2.709204847717285,5313902.0,16.47666666666667,25.0,-8.52333333333333,Underutilized
5313905,"McIver, Jojo",Colorado St.,-3.05518,1.7074798,-1.3477001654434204,-7.26969997756958,4.574299885101318,-5.091700004272461,2.396299911804199,5313905.0,17.175,5.0,12.175,Overutilized
5313911,"Demirel, Efe",Grand Canyon,3.80913,-0.2776895,3.5314405132579805,-2.3905593882751464,9.453440474395752,-0.2125594149780272,7.275440501098632,5313911.0,18.025,15.0,3.0249999999999986,Optimal
5313913,Myles Walker,Nevada,-0.961426,-1.829233,-2.7906590503463744,-8.712659100891113,3.1313407617797853,-6.5346591275939945,0.9533409076919556,5313913.0,11.878125,5.0,6.878125000000001,Overutilized
5313914,"Weems, Vaughn",Nevada,4.73431,-0.6856198,4.04869022851944,-1.8733097624206545,9.970690100250245,0.3046902108764646,7.792690126953125,5313914.0,17.811764705882354,25.0,-7.188235294117646,Underutilized
5313915,"White, Peyton",Nevada,-0.939969,-0.31798726,-1.2579562632026673,-7.17995637335205,4.664043489318848,-5.001956400054931,2.486043754440308,5313915.0,15.591666666666669,15.0,0.5916666666666686,Optimal
5313918,Daniel Zatsepin,Chicago State,-6.0147,-1.9510418,-7.9657418176651005,-13.88774162979126,-2.0437417671203617,-11.709741656494142,-4.22174185962677,5313918.0,6.789285714285716,15.0,-8.210714285714285,Underutilized
5313920,"Robinson, Malek",Chicago St.,-1.65492,-2.1889987,-3.843918699188232,-9.765918153686524,2.078081232147217,-7.587918657226562,-0.0999187411499022,5313920.0,13.896774193548389,25.0,-11.103225806451611,Underutilized
5313921,Lionel Larvadain III,Chicago State,-9.38449,4.0903387,-5.294151293029785,-11.216151224365234,0.6278486383056645,-9.038151251068117,-1.5501513349914546,5313921.0,18.83,35.0,-16.169999999999998,Underutilized
5313922,"Ray, CJ",Chicago St.,-2.53593,0.8647162,-1.6712138277816773,-7.593213878326416,4.250785984344482,-5.415213905029297,2.072786011047364,5313922.0,23.577419354838717,25.0,-1.422580645161286,Optimal
5313924,"Harrington, Elzie",San Diego St.,-0.0822987,0.5956268,0.5133280714500428,-5.408671800280762,6.435328062390137,-3.2306718269836425,4.257328089093018,5313924.0,20.954545454545453,25.0,-4.045454545454547,Optimal
5313925,"Simmons, Tae",San Diego St.,2.56063,-1.7352991,0.8253308895874025,-5.096669041748047,6.747330820922851,-2.918669068450928,4.569330847625732,5313925.0,16.36774193548387,15.0,1.3677419354838705,Optimal
5313927,"Dixon-Waters, Reese",San Diego St.,2.06053,0.113232814,2.17376281377554,-3.748237318725586,8.095762543945312,-1.5702371070098875,5.917762809066772,5313927.0,20.5741935483871,25.0,-4.4258064516129,Optimal
5313931,Japhet Moupadele,San José State,-4.14781,1.5813345,-2.566475528297424,-8.488475340423584,3.3555245222473147,-6.310475367126465,1.1775245489501955,5313931.0,16.804545454545455,5.0,11.804545454545456,Overutilized
5313932,"Niesman, Joey",FDU,-1.88684,0.31872016,-1.5681198380851746,-7.49011959060669,4.353880272064209,-5.31211985572815,2.175880298767089,5313932.0,21.05172413793104,25.0,-3.948275862068961,Optimal
5313936,"Elijah Godbolt, Ras",FDU,-7.16752,0.8247393,-6.342780722637176,-12.264780475158693,-0.4207806124877926,-10.086780740280153,-2.598780585784912,5313936.0,9.233333333333334,5.0,4.233333333333334,Optimal
5313937,"Jevtic, David",FDU,-5.29128,1.2101365,-4.081143467216492,-10.003143517761233,1.8408563449096675,-7.825143544464112,-0.3371436283874516,5313937.0,19.303571428571427,25.0,-5.696428571428573,Underutilized
5313938,"Cox, Arthur",FDU,-3.35477,0.5261111,-2.828658874053955,-8.750658805389405,3.0933410572814943,-6.572658832092285,0.9153410839843752,5313938.0,25.85185185185185,35.0,-9.148148148148149,Underutilized
5313939,"Williamson, Issac",UNLV,-2.79385,1.517643,-1.2762070251464843,-7.1982069564819335,4.645792906188965,-5.020206983184814,2.4677929328918458,5313939.0,19.478125,25.0,-5.521875000000001,Underutilized
5313941,"Brown, Walter",UNLV,0.218818,-0.3550924,-0.1362744062728881,-6.058274456817627,5.785725405853271,-3.880274483520508,3.607725432556153,5313941.0,10.63939393939394,5.0,5.639393939393939,Overutilized
5313944,"Saunders, Baasil",Coppin St.,-7.49706,1.3425816,-6.154478370246888,-12.076478182373048,-0.2324783197021487,-9.898478209075927,-2.410478292999268,5313944.0,15.057692307692308,5.0,10.057692307692308,Overutilized
5313946,"Williams, Hussain",Coppin St.,-5.14326,1.8171334,-3.32612657333374,-9.24812650466919,2.5958733580017093,-7.07012653137207,0.4178733847045901,5313946.0,22.72666666666667,25.0,-2.27333333333333,Optimal
5313947,"Andrews, Torrin",Coppin St.,-8.77048,1.6116037,-7.158876263122558,-13.080876194458009,-1.2368763317871083,-10.902876221160888,-3.414876305084228,5313947.0,16.186666666666664,15.0,1.186666666666664,Optimal
5313948,"Piercy, Jamari",Coppin St.,-6.92359,1.293917,-5.629673059310913,-11.551673229064942,0.2923266336059571,-9.373673017349244,-1.885672862854004,5313948.0,21.989999999999995,25.0,-3.010000000000005,Optimal
5313949,"Lamizana, Nelson",Coppin St.,-7.75717,2.2884007,-5.468769349975586,-11.390769281311035,0.4532305813598629,-9.212769308013916,-1.7247693919372562,5313949.0,20.394117647058824,25.0,-4.605882352941176,Optimal
5313950,Daveyon Lydner,Coppin State,-11.782,3.2223039,-8.559696132659912,-14.48169606399536,-2.6376957244873047,-12.303696090698242,-4.815696174621582,5313950.0,15.327272727272726,25.0,-9.672727272727274,Underutilized
5313951,"Koenig, Tyler",Coppin St.,-5.82381,1.0688123,-4.7549977489089965,-10.676997561035156,1.1670023016357425,-8.498997587738037,-1.0109976716613769,5313951.0,18.003703703703703,15.0,3.003703703703703,Optimal
5313953,"Greenberg, Eli",Le Moyne,-7.75766,1.2144703,-6.543189732704162,-12.465189544830322,-0.6211896821594234,-10.287189571533204,-2.7991896554565425,5313953.0,13.856666666666667,25.0,-11.143333333333333,Underutilized
5313955,"Hincapie, Samuel",Le Moyne,-7.27606,1.0074879,-6.268572106895447,-12.190572157440188,-0.3465722947692873,-10.012572184143067,-2.5245722680664064,5313955.0,17.3,5.0,12.3,Overutilized
5314163,"Goings, Jomo",LIU,-2.30097,0.28094235,-2.020027649374008,-7.94202749130249,3.901972371368408,-5.764027518005371,1.723972398071289,5314163.0,18.21714285714286,15.0,3.2171428571428606,Optimal
5314165,"Porter-Brown, Mason",LIU,-1.2473,-0.946083,-2.1933830092430115,-8.115383000183105,3.728616862487793,-5.937383026885986,1.5506168891906738,5314165.0,17.817142857142855,25.0,-7.182857142857145,Underutilized
5314168,"Robinson, TJ",Saint Peter's,-5.59362,0.83167136,-4.761948642845153,-10.683948693389892,1.1600511692810065,-8.505948720092773,-1.0179488040161129,5314168.0,31.41538461538461,35.0,-3.584615384615386,Optimal
5314169,"Gupton, Jahki",Saint Peter's,-3.19785,0.8050602,-2.39278979215622,-8.314789544677733,3.529210317993164,-6.136789809799194,1.351210344696045,5314169.0,19.928571428571423,25.0,-5.0714285714285765,Underutilized
5314170,Bol Agu,Saint Peter's,0.990017,-2.0511658,-1.061148819168091,-6.983148512084961,4.860851112167358,-4.805149015625,2.682851138870239,5314170.0,14.285,15.0,-0.7149999999999999,Optimal
5314171,"Obanla, Zion",UMES,-0.197483,-0.32901725,-0.5265002517299652,-6.448500093658447,5.395499769012451,-4.270500120361328,3.217499795715332,5314171.0,23.829999999999995,25.0,-1.1700000000000053,Optimal
5314172,Jaden Johnson,Maryland Eastern Shore,-13.9816,4.9306436,-9.050956441497805,-14.972956372833252,-3.128956033325196,-12.794956399536131,-5.306956483459473,5314172.0,16.92857142857143,5.0,11.92857142857143,Overutilized
5314173,"Brown, Trey",UMES,-7.77813,2.5076416,-5.270488446121216,-11.192488377456666,0.6515117236328125,-9.014488404159549,-1.5264887265014648,5314173.0,20.21538461538461,15.0,5.215384615384615,Overutilized
5314175,"Monden, Justin",UMES,-7.95013,1.4149026,-6.535227432136535,-12.457227244262697,-0.6132273815917966,-10.279227270965576,-2.791227354888916,5314175.0,18.64333333333333,25.0,-6.356666666666669,Underutilized
5314176,"Locandro, Joseph",UMES,-6.33889,1.5309381,-4.807951851501465,-10.729951782836912,1.1140480798339842,-8.551951809539794,-1.063951893463135,5314176.0,23.606666666666666,25.0,-1.3933333333333344,Optimal
5314177,"Beckwith, Levi",UMES,-6.35207,1.208811,-5.143258955307007,-11.065259125061036,0.778740737609863,-8.887258913345338,-1.399258758850098,5314177.0,13.0875,5.0,8.0875,Overutilized
5314179,"Meeks, Christian",Morgan St.,-3.42694,-0.75587046,-4.182810461463928,-10.104810273590088,1.7391895890808104,-7.926810300292969,-0.4388103842163087,5314179.0,11.044444444444446,5.0,6.044444444444446,Overutilized
5314180,David Bumpass,Morgan State,-10.613,3.1119564,-7.501043642044067,-13.423043573379516,-1.5790434722900386,-11.245043600082395,-3.757043922424316,5314180.0,16.489473684210527,15.0,1.4894736842105267,Optimal
5314182,"Alvin, Eugene",Morgan St.,-3.53061,0.26240313,-3.2682068694686888,-9.190206920013429,2.653792942657471,-7.012206946716308,0.4757929693603517,5314182.0,17.646153846153847,25.0,-7.353846153846153,Underutilized
5314183,"Newton, Adrean",Norfolk St.,-6.86022,0.41976997,-6.44045002743721,-12.362450167388916,-0.5184503047180176,-10.184449955673218,-2.6964502780151367,5314183.0,19.654166666666665,25.0,-5.345833333333335,Underutilized
5314190,"Lattimore, Gage",N.C. Central,-4.19238,1.3774934,-2.814886618499756,-8.736886549835205,3.1071133128356934,-6.558886576538086,0.9291133395385742,5314190.0,22.16666666666667,35.0,-12.833333333333329,Underutilized
5314191,"Henderson, Isaiah",Siena,-4.0935,0.7945966,-3.298903387546539,-9.220903259277344,2.623096603393555,-7.042903285980224,0.4450966300964358,5314191.0,13.467857142857143,5.0,8.467857142857143,Overutilized
5314192,"Chandler, Antonio",Siena,1.65617,-1.0280337,0.62813626663208,-5.29386366470337,6.550136197967529,-3.11586369140625,4.37213622467041,5314192.0,14.820689655172412,15.0,-0.1793103448275879,Optimal
5314193,"Jones, Christian",Siena,-4.64047,0.67463845,-3.965831549854278,-9.887831660003664,1.956168202667237,-7.7098314482879635,-0.2218317706298824,5314193.0,14.945714285714288,25.0,-10.054285714285712,Underutilized
5314195,"Folefac, Francis",Siena,2.79692,-0.20632757,2.590592427535057,-3.3314073696899413,8.512592492980957,-1.1534076348114013,6.334592281265259,5314195.0,23.01428571428572,25.0,-1.985714285714284,Optimal
5314202,Carlos Coronado,Northern Illinois,-11.0878,3.222079,-7.865720961380003,-13.787720892715454,-1.943720791625976,-11.609720919418336,-4.121721241760254,5314202.0,25.11111111111111,15.0,10.11111111111111,Overutilized
5314203,"Walters, Taj",NIU,-3.02644,0.9035987,-2.122841274204254,-8.04484114593506,3.79915871673584,-5.86684117263794,1.621158743438721,5314203.0,15.22962962962963,5.0,10.22962962962963,Overutilized
5314204,"Washington, Hassan",NIU,-8.02956,3.51732,-4.512240082321167,-10.434240013656616,1.409759610595703,-8.256240040359497,-0.7682398858642578,5314204.0,19.096428571428568,5.0,14.096428571428568,Overutilized
5314205,Ladji Kante,Northern Illinois,-8.47976,2.106155,-6.373605081329346,-12.295605012664796,-0.4516056268310553,-10.117605039367676,-2.6296051232910163,5314205.0,19.006666666666668,15.0,4.006666666666668,Optimal
5314208,"Ducommun, Dylan",NIU,-5.77239,1.3204362,-4.451953760757446,-10.373953453674316,1.4700464089965823,-8.195953718795776,-0.707954041137695,5314208.0,24.219999999999995,35.0,-10.780000000000005,Underutilized
5314209,"Winther, Gustav",NIU,-1.81641,-1.1991469,-3.015556866798401,-8.93755667892456,2.9064431837463376,-6.759556705627442,0.7284432104492187,5314209.0,17.992857142857144,25.0,-7.007142857142856,Underutilized
5314210,"Kelly, JJ",Ohio,0.296233,-2.386715,-2.0904819353027344,-8.012481866638183,3.831517996032715,-5.8344818933410645,1.6535180227355957,5314210.0,13.40344827586207,25.0,-11.59655172413793,Underutilized
5314225,"Blyden Jr., Leroy",Toledo,3.76442,0.14620373,3.910623726530075,-2.011376413421631,9.832623449249269,0.1666237982940672,7.654623714370727,5314225.0,23.85,25.0,-1.1499999999999986,Optimal
5314226,"Strong, Mynor",Toledo,-0.928723,-0.5323041,-1.4610271081428527,-7.383027218292236,4.460972644378662,-5.205027244995117,2.2829729095001223,5314226.0,14.351612903225808,15.0,-0.6483870967741918,Optimal
5314227,Will James Jr.,Toledo,-0.957372,-0.6311726,-1.5885445974082946,-7.510544588348389,4.333455274322509,-5.33254461505127,2.1554553010253907,5314227.0,13.64375,25.0,-11.35625,Underutilized
5314283,"Barnes, Sharod",Western Mich.,-6.53016,1.761218,-4.768942048225403,-10.690941860351565,1.1530580023193355,-8.512942006263733,-1.0249419709777836,5314283.0,23.107692307692307,15.0,8.107692307692307,Overutilized
5314284,"Swartz, Brady",Western Mich.,-3.13394,0.51137936,-2.622560638847351,-8.544560689392089,3.2994391732788086,-6.366560716094971,1.1214391999816895,5314284.0,16.55217391304348,25.0,-8.447826086956521,Underutilized
5314285,"Vis, Carson",Western Mich.,-2.67561,0.25565693,-2.4199530721759794,-8.341953212127684,3.502046650543213,-6.163953000411987,1.324046915664673,5314285.0,19.53103448275862,35.0,-15.46896551724138,Underutilized
5314286,Declan Peterson,Western Michigan,-2.38206,0.66075975,-1.7213002529716492,-7.643300005493164,4.200699857177734,-5.465300270614624,2.022699883880615,5314286.0,15.296,5.0,10.296,Overutilized
5314295,Dylan Veillette,Merrimack,-3.13794,0.032699168,-3.105240832271576,-9.02724082321167,2.816759039459229,-6.849240849914551,0.6387590661621094,5314295.0,12.445454545454544,15.0,-2.5545454545454547,Optimal
5314297,"Shelton, Ernest",Merrimack,-0.014545,0.002725831,-0.0118191689998656,-5.93381933013916,5.910180532531738,-3.755819118423462,3.732180797653198,5314297.0,20.855882352941173,25.0,-4.144117647058828,Optimal
5314298,"Kennedy, Kevair",Merrimack,0.628762,-0.24878345,0.3799785457010269,-5.542021519744873,6.301978342926025,-3.3640213080291748,4.123978608047485,5314298.0,30.35588235294118,25.0,5.35588235294118,Overutilized
5314308,"Claytor IV, Truman",Little Rock,-8.80464,1.211894,-7.592745964660644,-13.514745895996093,-1.6707460333251944,-11.336745922698974,-3.8487460066223136,5314308.0,24.444444444444443,25.0,-0.5555555555555571,Optimal
5314309,"Wallace, Cameron",Little Rock,-4.0512,0.44943947,-3.6017605340003964,-9.5237604057312,2.3202394569396976,-7.345760432434082,0.1422394836425784,5314309.0,25.11666666666667,15.0,10.11666666666667,Overutilized
5314310,Aidan Losiewicz,New Haven,-5.56059,0.80530953,-4.755280465927124,-10.677280635681154,1.1667192269897455,-8.499280423965455,-1.0112802694702152,5314310.0,23.335,25.0,-1.6649999999999991,Optimal
5314315,Vere Anthony,New Haven,-8.01187,2.6507828,-5.361087176437378,-11.283087107772827,0.5609125164794921,-9.105087134475708,-1.6170869799804688,5314315.0,15.827272727272726,15.0,0.8272727272727263,Optimal
5314319,"Steele, Teshaun",New Haven,-2.08781,-0.08379094,-2.171600943026543,-8.09360071044922,3.75039915222168,-5.915600975570679,1.5723989405059813,5314319.0,18.460714285714285,25.0,-6.539285714285715,Underutilized
5314320,"Pasha, Andre",New Haven,-1.89673,0.46662268,-1.430107319574356,-7.352107101898193,4.491892760772705,-5.174107367019653,2.313892787475586,5314320.0,19.835714285714285,25.0,-5.164285714285715,Underutilized
5314322,Zoumana Traore,New Haven,-10.2121,4.763475,-5.448625058746337,-11.370624990081788,0.4733743957519536,-9.192625016784667,-1.704625100708007,5314322.0,21.25,35.0,-13.75,Underutilized
5314323,"George, Najimi",New Haven,-4.88225,1.5675377,-3.314712334632873,-9.236712146759032,2.6072877159118653,-7.058712173461914,0.4292877426147461,5314323.0,21.310714285714287,25.0,-3.689285714285713,Optimal
5314324,Kyle Kearson,New Haven,-7.08368,1.7906653,-5.29301473110199,-11.21501478164673,0.6289850810241697,-9.03701468914032,-1.5490148922729494,5314324.0,11.82222222222222,15.0,-3.177777777777779,Optimal
5314326,"Carroll, Jon",Morehead St.,-0.247825,1.357897,1.1100720432281497,-4.811928126525879,7.03207173614502,-2.633927914810181,4.854072239685059,5314326.0,20.543333333333333,25.0,-4.456666666666667,Optimal
5314327,"Dawson III, Vince",Morehead St.,-3.39844,-0.78415066,-4.182590660037994,-10.1045905317688,1.7394093309020997,-7.92659055847168,-0.4385906423950194,5314327.0,9.393333333333334,5.0,4.393333333333334,Optimal
5314330,Clayton Parker,Morehead State,-5.29685,1.4216912,-3.875158820724488,-9.797158990478517,2.0468408721923828,-7.619158778762817,-0.1311586242675781,5314330.0,13.316666666666668,15.0,-1.6833333333333318,Optimal
5314331,"King, Tyler",SIUE,-1.45908,-0.79377884,-2.2528588367271425,-8.174858827667236,3.669141035003662,-5.996858854370117,1.491141061706543,5314331.0,18.892592592592592,25.0,-6.107407407407408,Underutilized
5314333,Corentin Efono,SIU Edwardsville,-7.65953,2.1952243,-5.464305714874268,-11.386305646209715,0.4576937396240232,-9.208305672912598,-1.7203057568359377,5314333.0,9.9125,5.0,4.9125,Optimal
5314337,Yakhya Diop,Mount St. Mary's,-4.3152,0.98207176,-3.3331282426834106,-9.255128054809571,2.588871807861328,-7.077128081512451,0.410871834564209,5314337.0,14.558064516129033,15.0,-0.441935483870969,Optimal
5314338,PJ Farmer,Southeast Missouri State,-4.44837,1.0377976,-3.410572429771423,-9.332572480316164,2.5114273823547366,-7.154572507019043,0.3334274090576175,5314338.0,13.86896551724138,5.0,8.868965517241381,Overutilized
5314339,"Almodovar, Luke",Southeast Mo. St.,-1.11676,-0.292258,-1.4090179944133758,-7.331017717132569,4.51298214553833,-5.153017743835449,2.334981933822632,5314339.0,22.74,25.0,-2.2600000000000016,Optimal
5314340,"Samuels, Tolu",Southern Ind.,-2.68764,0.4306013,-2.2570387011909485,-8.179038811340332,3.6649610513305664,-6.001038599624634,1.4869610780334472,5314340.0,14.462962962962964,25.0,-10.537037037037036,Underutilized
5314342,"Brown, Amaree",Southern Ind.,-7.76363,1.8542258,-5.909404245262146,-11.831404295806884,0.0125955668640136,-9.653404203300475,-2.165404406433105,5314342.0,28.6,35.0,-6.399999999999999,Underutilized
5314349,"Patton, Braylon",North Ala.,-9.2233,0.8205232,-8.402776797580719,-14.324776669311523,-2.480776806640625,-12.146776696014404,-4.658776779937744,5314349.0,29.22,25.0,4.219999999999999,Optimal
5314351,"Graham-Howard, Cortez",North Ala.,-6.72216,1.7143451,-5.007814902458191,-10.929814953002928,0.9141849096679692,-8.75181497970581,-1.26381506362915,5314351.0,21.14,15.0,6.140000000000001,Overutilized
5314352,Damon Howard Jr.,Tennessee State,-8.10508,1.5183052,-6.586774817543029,-12.508774629669189,-0.6647747669982902,-10.33077465637207,-2.8427747402954093,5314352.0,16.6,25.0,-8.399999999999999,Underutilized
5314353,Jabrion Spikes,Tennessee State,-3.23592,-1.1799135,-4.415833520812988,-10.337833452148438,1.5061664105224608,-8.159833478851318,-0.6718335627746583,5314353.0,13.153571428571428,15.0,-1.8464285714285733,Optimal
5314356,"Hawkins, Justin",Niagara,-4.12542,0.97649217,-3.148927833480835,-9.070928003234863,2.773071859436035,-6.892927791519165,0.5950723629760741,5314356.0,20.79655172413793,35.0,-14.203448275862067,Underutilized
5314357,"Prudhomme, Reggie",Niagara,-4.42556,0.49209344,-3.933466556129456,-9.855466368255616,1.988533494415284,-7.677466394958496,-0.1894664788818358,5314357.0,15.475862068965515,25.0,-9.524137931034485,Underutilized
5314358,Kabeya Tshibangu,Niagara,-2.11466,-1.382289,-3.4969490520095827,-9.418948864135745,2.425050998535156,-7.240948890838624,0.2470510252380369,5314358.0,9.221739130434784,15.0,-5.778260869565216,Underutilized
5314360,"Griffith, Brian",Niagara,-9.88131,2.0905542,-7.790755762634276,-13.712755693969726,-1.8687558312988275,-11.534755720672608,-4.046755804595946,5314360.0,30.03333333333333,25.0,5.033333333333331,Overutilized
5314361,Drew Larson,Niagara,-1.35647,-0.58816564,-1.9446356408309933,-7.866635691375732,3.977364171295166,-5.688635718078613,1.7993641979980468,5314361.0,17.428571428571427,15.0,2.428571428571427,Optimal
5314362,"Whitted, Jacobe",Tennessee Tech,-2.78633,1.371464,-1.4148659859466552,-7.336866155700683,4.507133706970215,-5.158865943984985,2.329134210510254,5314362.0,16.11363636363636,15.0,1.1136363636363598,Optimal
5314363,Jah'Kim Payne,Tennessee Tech,-7.33422,2.240583,-5.093637057037354,-11.015636988372805,0.8283623974609373,-8.837637015075684,-1.3496370989990236,5314363.0,16.361904761904764,15.0,1.3619047619047642,Optimal
5314364,"Owens, Ty",Tennessee Tech,-4.78552,0.8843076,-3.901212377090454,-9.823212070007324,2.0207877926635742,-7.645212335128784,-0.1572126574707031,5314364.0,18.064285714285717,25.0,-6.935714285714287,Underutilized
5314366,C.J. McPherson,Tennessee Tech,-3.40047,-0.3425718,-3.7430417949867247,-9.66504166671753,2.1789581959533693,-7.48704169342041,0.0009582226562501,5314366.0,15.969565217391304,25.0,-9.030434782608696,Underutilized
5314372,"King, Damien",UT Martin,1.06372,-1.0572755,0.0064444663238525,-5.915555703430176,5.928444159240723,-3.7375552532958976,3.750444424362183,5314372.0,15.93846153846154,25.0,-9.06153846153846,Underutilized
5314375,"Khryapa, Vladimir",UT Martin,-1.87085,0.13562076,-1.7352292420625686,-7.657229337310791,4.186770525360108,-5.479229125595093,2.0087707904815675,5314375.0,14.266666666666666,15.0,-0.7333333333333343,Optimal
5314376,"Petkovski, Filip",UT Martin,-4.95899,0.08205541,-4.876934587767124,-10.79893436264038,1.0450655000305176,-8.62093462776184,-1.132934711685181,5314376.0,14.43214285714286,5.0,9.43214285714286,Overutilized
5314377,Matas Deniusas,UT Martin,-0.148489,-0.7735357,-0.9220247284545898,-6.844024659790039,4.99997520288086,-4.66602468649292,2.82197522958374,5314377.0,23.94,25.0,-1.0600000000000025,Optimal
5314440,"Lorenzen, Lucas",Western Ill.,-5.39804,1.3869567,-4.011083308258057,-9.933083239593506,1.9109166230773929,-7.755083266296387,-0.2670833502197265,5314440.0,23.35,35.0,-11.65,Underutilized
5314441,"Dixon, Karyiek",Western Ill.,-4.99186,1.0112714,-3.980588642463684,-9.902588454589845,1.9414114080810547,-7.724588481292725,-0.2365885652160644,5314441.0,15.805882352941175,15.0,0.8058823529411754,Optimal
5314443,"Kvamme, Makai",Western Ill.,-6.2642,0.82589215,-5.438307849597931,-11.360307959747312,0.4836919029235842,-9.182307748031617,-1.694308070373535,5314443.0,16.321428571428573,5.0,11.321428571428571,Overutilized
5314444,"Collins, Madden",American,3.28749,-0.77049744,2.516992558708191,-3.4050072534179687,8.43899260925293,-1.2270072801208496,6.260992635955811,5314444.0,31.90333333333333,35.0,-3.096666666666671,Optimal
5314445,Dean Hogans,American University,-7.07874,1.360117,-5.718623041381836,-11.640622972717283,0.2033768899536134,-9.462622999420166,-1.9746230833435057,5314445.0,11.495238095238092,15.0,-3.5047619047619065,Optimal
5314446,"Sebastian, Kade",American,0.399863,-1.0347228,-0.6348598050231933,-6.556859736358643,5.287140126312256,-4.378859763061524,3.109140153015137,5314446.0,13.193333333333332,25.0,-11.806666666666668,Underutilized
5314451,"Eagan, Chris",American,-12.5392,3.448842,-9.09035795135498,-15.012357882690427,-3.1683580200195305,-12.83435790939331,-5.34635799331665,5314451.0,20.29,25.0,-4.710000000000001,Optimal
5314453,"Plummer, BJ",North Florida,-4.56889,0.35314333,-4.215746665611267,-10.137746716156006,1.706253146514893,-7.959746742858886,-0.4717468267822262,5314453.0,14.806666666666668,25.0,-10.193333333333332,Underutilized
5314454,"Cady, Trey",North Florida,-8.90985,1.5700336,-7.339816449737549,-13.261816381073,-1.4178165184021,-11.08381640777588,-3.5958164916992192,5314454.0,23.28148148148148,5.0,18.28148148148148,Overutilized
5314456,"Furman, Jackson",Army West Point,-7.07681,1.5849433,-5.491866705474854,-11.413866636810305,0.4301332258605956,-9.235866663513184,-1.7478667474365237,5314456.0,21.743333333333336,35.0,-13.256666666666664,Underutilized
5314460,Chance Gladden,Boston University,-3.39442,0.7574954,-2.6369245967102053,-8.558924528045655,3.285075334625244,-6.380924554748535,1.1070753613281248,5314460.0,26.03125,35.0,-8.96875,Underutilized
5314461,"Hughes, Sam",Boston U.,-3.05973,0.44150108,-2.6182289190101624,-8.540228790740967,3.303771071929932,-6.362228817443848,1.1257710986328124,5314461.0,16.65151515151515,15.0,1.6515151515151487,Optimal
5314463,"Tisinger, Donte",Boston U.,-2.81979,-0.009772878,-2.829562878140211,-8.751562708892822,3.0924371537780764,-6.573562735595703,0.9144371804809572,5314463.0,18.64074074074074,15.0,3.640740740740739,Optimal
5314464,"Smith, Caleb",Rider,-3.37151,1.065272,-2.3062380263900755,-8.228238076934815,3.615761785736084,-6.050238103637695,1.437761812438965,5314464.0,15.492857142857144,25.0,-9.507142857142856,Underutilized
5314465,Jamir McNeil,Rider,-7.98067,0.72431886,-7.256351138038635,-13.178350950164797,-1.3343510874938964,-11.000350976867676,-3.512351060791016,5314465.0,11.185714285714283,25.0,-13.814285714285717,Underutilized
5314466,"Coulibaly, AB",Rider,-6.99302,0.98730916,-6.005710842151641,-11.927710952301023,-0.0837110896301265,-9.749710740585328,-2.2617110629272457,5314466.0,15.960714285714284,25.0,-9.039285714285716,Underutilized
5314468,Kristupas Kepežinskas,Rider,-12.2629,4.0049596,-8.25794041671753,-14.17994034805298,-2.335940008544922,-12.00194037475586,-4.513940458679199,5314468.0,14.782352941176471,5.0,9.782352941176471,Overutilized
5314470,"Darner, Tate",Chattanooga,-2.27387,0.10257549,-2.1712945116114617,-8.093294629211426,3.7507052334594726,-5.915294417495728,1.5727054985809326,5314470.0,18.21111111111111,25.0,-6.788888888888891,Underutilized
5314472,"Frison, Jordan",Chattanooga,-0.122503,-0.7758701,-0.8983730847625733,-6.820373254516602,5.023626608154297,-4.642372804382324,2.845626873275757,5314472.0,25.686206896551724,25.0,0.6862068965517238,Optimal
5314474,Josh Bowman,Chattanooga,-2.02113,0.031982288,-1.9891477122354504,-7.911147509460449,3.932852353210449,-5.733147774581909,1.754852141494751,5314474.0,18.38181818181818,5.0,13.38181818181818,Overutilized
5314475,Jacob Meachem,Bucknell,-13.6696,3.0523314,-10.617268552398684,-16.539268483734133,-4.695269097900392,-14.361268510437013,-6.873268594360352,5314475.0,15.17333333333333,5.0,10.17333333333333,Overutilized
5314476,"Curtin, Pat",Bucknell,-1.81286,0.2508516,-1.5620083986377715,-7.484008300170898,4.3599915625,-5.306008326873779,2.181991589202881,5314476.0,28.3,25.0,3.299999999999997,Optimal
5314477,"Dorries, Amon",Bucknell,-2.53834,0.9385981,-1.5997419036293028,-7.521741775360107,4.322258087310791,-5.343741802062988,2.144258114013672,5314477.0,24.784848484848485,35.0,-10.215151515151517,Underutilized
5314480,Ayomi Odetoyinbo,Colgate,0.73844,-0.3550875,0.3833525111103057,-5.538647211608887,6.305352651062012,-3.360647238311768,4.127352439346313,5314480.0,10.332258064516129,5.0,5.332258064516129,Overutilized
5314481,"Alekseyenko, Andrew",Colgate,-0.970771,1.2229086,0.2521376160659789,-5.66986243447876,6.174137428192139,-3.4918624611816407,3.99613745489502,5314481.0,26.661290322580648,25.0,1.6612903225806477,Optimal
5314482,Will Aljancic,Holy Cross,-10.5907,3.4261785,-7.164521544647217,-13.086521475982666,-1.2425211364746094,-10.908521502685549,-3.4205215866088867,5314482.0,13.366666666666667,15.0,-1.6333333333333329,Optimal
5314484,"Disu, Aiden",Holy Cross,-4.15795,1.2085471,-2.949402884674072,-8.871402816009521,2.9725970466613774,-6.693402842712402,0.7945970733642582,5314484.0,22.657142857142865,25.0,-2.342857142857138,Optimal
5314491,Kam Clark,Queens University,-6.5431,1.6097598,-4.93334019241333,-10.855340123748778,0.9886597389221192,-8.67734015045166,-1.189340234375,5314491.0,17.192307692307693,35.0,-17.807692307692307,Underutilized
5314499,Isaiah Sutherland,East Tennessee State,-4.27896,-0.6642081,-4.943168114147186,-10.8651678666687,0.9788319960021976,-8.687167893371582,-1.1991682157135006,5314499.0,14.531818181818185,5.0,9.531818181818185,Overutilized
5314503,"Urosevic, Andrew",Lehigh,-6.64084,1.015459,-5.625381058540344,-11.547380870666505,0.2966189920043947,-9.369380897369386,-1.8813809812927245,5314503.0,18.681481481481484,25.0,-6.318518518518516,Underutilized
5314505,"Thomas, Caleb",Lehigh,-9.66984,1.6424326,-8.027407429542542,-13.949407241668702,-2.1054073789978034,-11.771407268371584,-4.2834073522949225,5314505.0,15.709523809523809,15.0,0.7095238095238088,Optimal
5314506,"Vazquez, Jalen",Lehigh,-3.90074,0.36455485,-3.5361851477527617,-9.458185049285888,2.38581481338501,-7.280185075988769,0.2078148400878907,5314506.0,13.683333333333334,5.0,8.683333333333334,Overutilized
5314508,Abijah Franklin,Furman,-2.93049,0.26988852,-2.660601479759216,-8.582601530303954,3.2613983323669435,-6.404601557006836,1.0833983590698244,5314508.0,25.35714285714285,25.0,0.3571428571428505,Optimal
5314509,"Bowser, Cole",Furman,-0.449014,-0.53076077,-0.9797747650756836,-6.901774696411133,4.942225166259766,-4.723774723114014,2.7642251929626465,5314509.0,12.485,15.0,-2.514999999999999,Optimal
5314510,Collin O'Neal,Furman,-3.65696,0.3592572,-3.2977028085803988,-9.219702710113523,2.624297152557373,-7.041702736816406,0.4462971792602537,5314510.0,18.246666666666663,15.0,3.246666666666666,Optimal
5314511,"Wilkins, Alex",Furman,-3.10936,1.5651224,-1.544237634048462,-7.466237326965333,4.377762535705566,-5.288237592086793,2.199762085571289,5314511.0,34.41250000000001,35.0,-0.5874999999999915,Optimal
5314513,"Berg-McLean, Carter",Loyola Maryland,-7.0917,1.3444699,-5.747230095100403,-11.669229907226562,0.1747699554443356,-9.491229933929445,-2.0032300178527835,5314513.0,16.424999999999997,15.0,1.4249999999999972,Optimal
5314515,Everett Barnes,Loyola Maryland,-7.25318,0.53235316,-6.7208268372344975,-12.642826530151368,-0.7988266674804692,-10.464826795272828,-2.9768271176147465,5314515.0,9.991304347826087,5.0,4.991304347826088,Optimal
5314516,"Adair, Emmett",Loyola Maryland,-3.94263,1.6791483,-2.263481683616638,-8.185481734161376,3.6585181285095216,-6.007481760864257,1.4805181552124025,5314516.0,27.673076923076927,35.0,-7.326923076923073,Underutilized
5314517,"Emenalo, Sebastien",Loyola Maryland,-5.98473,1.1542214,-4.8305085844802855,-10.752508396606444,1.0914914660644532,-8.574508423309325,-1.086508507232666,5314517.0,13.830000000000004,15.0,-1.1699999999999964,Optimal
5314534,Matt Dann,Sam Houston,4.80004,-1.5345674,3.265472643890381,-2.6565272874450683,9.18747257522583,-0.4785273141479491,7.009472601928711,5314534.0,9.839285714285714,5.0,4.8392857142857135,Optimal
5314535,"Walker, Jacob",Sam Houston,-0.879686,0.5362177,-0.3434683104858398,-6.265468241821289,5.57853162084961,-4.0874682685241694,3.4005316475524903,5314535.0,21.1,25.0,-3.899999999999999,Optimal
5314536,"Larry, CJ",Northwestern St.,-7.87206,1.5802547,-6.291805326042176,-12.213805376586915,-0.3698055139160159,-10.035805403289796,-2.547805487213135,5314536.0,14.254166666666668,15.0,-0.7458333333333318,Optimal
5314537,Moustapha Loum,Northwestern State,-2.24163,-0.57768583,-2.8193158329772947,-8.741315764312745,3.1026840983581545,-6.563315791015625,0.9246841250610354,5314537.0,15.421052631578949,5.0,10.421052631578949,Overutilized
5314538,"Turner, Kordrick",Northwestern St.,-4.82333,0.3231632,-4.500166788654328,-10.422166898803711,1.4218329638671872,-8.244166687088013,-0.756167009429932,5314538.0,17.633333333333333,15.0,2.633333333333333,Optimal
5314540,"Brooks, Cassius",UTEP,-5.22352,0.9666158,-4.256904203910827,-10.178904254455569,1.6650956082153323,-8.000904281158448,-0.5129043650817868,5314540.0,13.18148148148148,5.0,8.18148148148148,Overutilized
5314541,Mouhamed Mbaye,UTEP,-5.4969,2.1746514,-3.3222486156463624,-9.244248546981812,2.599751077270508,-7.0662485736846925,0.4217515808105467,5314541.0,6.142857142857143,5.0,1.1428571428571432,Optimal
5314550,"Gonzales, Marcos",The Citadel,-10.2811,1.9920166,-8.289083446121216,-14.211083377456664,-2.367083276367188,-12.033083404159546,-4.545083726501465,5314550.0,22.192307692307693,25.0,-2.8076923076923066,Optimal
5314551,"Applegate, Logan",The Citadel,-3.24815,0.9582109,-2.28993911447525,-8.211938986206054,3.632060876464844,-6.033939012908935,1.4540609031677247,5314551.0,19.42,25.0,-5.579999999999998,Underutilized
5314553,"Williams, Braxton",The Citadel,-4.18266,1.2405766,-2.9420833751297,-8.86408318725586,2.979916675415039,-6.6860832139587405,0.8019167021179197,5314553.0,27.279999999999998,35.0,-7.720000000000006,Underutilized
5314555,Simeon German,The Citadel,-8.55253,2.2021894,-6.350340554504395,-12.272340485839845,-0.4283406231689461,-10.094340512542724,-2.6063405964660653,5314555.0,13.555555555555555,15.0,-1.4444444444444446,Optimal
5314558,"Copeland, Ethan",Stetson,0.892943,0.3105129,1.203455900352478,-4.718543911773682,7.125455950897217,-2.5405439384765627,4.9474559776000975,5314558.0,20.719354838709684,25.0,-4.280645161290316,Optimal
5314559,"Sirmans III, Calvin",Stetson,-5.18184,0.62182295,-4.560017046775818,-10.482017097320558,1.3619827653503416,-8.304017124023439,-0.8160172079467776,5314559.0,19.953333333333333,15.0,4.953333333333333,Optimal
5314561,J.R. Leonard,Stetson,-11.0365,3.9640706,-7.072429441452027,-12.994429372787476,-1.1504297485351564,-10.816429399490357,-3.3284292449951174,5314561.0,14.914285714285716,5.0,9.914285714285716,Overutilized
5314562,"Johnson, Jake",Stetson,-3.20535,0.6316726,-2.5736773792266847,-8.495677072143554,3.348322790527344,-6.317677337265015,1.1703223403930665,5314562.0,16.82903225806452,15.0,1.8290322580645189,Optimal
5314563,Sean Morgan,Stetson,-9.9998,2.8921149,-7.107685122299195,-13.029685053634644,-1.185685429382325,-10.851685080337525,-3.3636849258422856,5314563.0,17.62,15.0,2.620000000000001,Optimal
5314564,"Hemschemeier, Peter",Southeastern La.,-6.56325,1.9701216,-4.593128377914429,-10.515128309249878,1.3288713150024414,-8.337128335952759,-0.8491281814575196,5314564.0,22.37037037037037,25.0,-2.6296296296296298,Optimal
5314567,Garrett Shoemaker,SE Louisiana,-6.49547,1.3418368,-5.153633189888001,-11.07563300201416,0.7683668606567382,-8.897633028717042,-1.409633112640381,5314567.0,15.900000000000002,5.0,10.900000000000002,Overutilized
5314569,Assane Mandian,UNC Greensboro,-3.08727,-1.1721627,-4.259432652015686,-10.181432464141846,1.6625673985290526,-8.003432490844727,-0.5154325747680666,5314569.0,17.19090909090909,15.0,2.190909090909092,Optimal
5314570,"Norgaard, Noah",UNC Greensboro,-4.55652,0.48930204,-4.067217960853577,-9.989217772979735,1.8547820896911624,-7.811217799682617,-0.3232178836059569,5314570.0,16.7625,15.0,1.7624999999999993,Optimal
5314573,"Whitehead, Jr., Donald",UNC Greensboro,-5.15273,0.8847204,-4.2680096149253846,-10.19000960586548,1.65399025680542,-8.01200963256836,-0.5240097164916993,5314573.0,21.478125,25.0,-3.5218750000000014,Optimal
5314574,"Younger, KJ",UNC Greensboro,-1.84018,0.54902637,-1.291153629951477,-7.213153442077637,4.630846420593262,-5.035153468780518,2.4528464472961424,5314574.0,24.671875,25.0,-0.328125,Optimal
5314575,Landon King,UNC Greensboro,-7.05974,2.274544,-4.785195999374389,-10.70719593070984,1.1368036935424808,-8.52919595741272,-1.0411958029174802,5314575.0,16.794444444444444,5.0,11.794444444444444,Overutilized
5314576,"Marville, Lilian",UNC Greensboro,-3.36716,1.6201434,-1.747016586456299,-7.669016517791748,4.17498334487915,-5.491016544494629,1.996983371582031,5314576.0,17.31,25.0,-7.690000000000001,Underutilized
5314580,"Tatum, Jr., Mario",VMI,-8.05961,0.4883597,-7.571250310287475,-13.493250480041503,-1.6492506173706047,-11.315250268325803,-3.8272501138305657,5314580.0,17.603448275862068,5.0,12.603448275862068,Overutilized
5314586,Marcus Scurry,Stephen F. Austin,-5.82312,1.3121785,-4.510941507453919,-10.432941319580078,1.41105854309082,-8.254941346282958,-0.7669414302062991,5314586.0,16.95,5.0,11.95,Overutilized
5314587,Narit Chotikavanic,Stephen F. Austin,2.38323,-1.1454228,1.23780718372345,-4.684192866821289,7.15980699584961,-2.5061928935241697,4.98180702255249,5314587.0,16.728125,15.0,1.7281249999999986,Optimal
5314591,Lateef Patrick,Stephen F. Austin,0.799925,-0.7111585,0.0887664859771728,-5.833233683776856,6.010766178894043,-3.655233233642578,3.832766444015503,5314591.0,26.80625,35.0,-8.193750000000001,Underutilized
5314593,Gediminas Alisas,Stephen F. Austin,0.138295,-0.80652636,-0.6682313628959655,-6.59023111541748,5.253768747253418,-4.412231142120361,3.07576853553772,5314593.0,16.896875,15.0,1.8968750000000012,Optimal
5314594,Ahamed Mohammed,Stephen F. Austin,-1.98186,-0.41386187,-2.395721870765686,-8.317721682891845,3.526278179779053,-6.139721709594727,1.3482782064819336,5314594.0,17.315625,15.0,2.3156250000000007,Optimal
5314611,"Sumpter, Brian",Wofford,-1.84058,-0.13092592,-1.971505923585892,-7.893506063537598,3.9504937991333007,-5.7155058518219,1.7724940642547606,5314611.0,14.49655172413793,25.0,-10.50344827586207,Underutilized
5314612,"Watley, Chace",Wofford,-5.83911,0.91885465,-4.920255346164703,-10.842255217895508,1.0017446447753908,-8.664255244598388,-1.1762553285217283,5314612.0,20.516666666666666,15.0,5.516666666666662,Overutilized
5314613,"Tyler, Jayden",Wofford,-4.10061,-0.88732696,-4.987936955795288,-10.909937125549316,0.9340627371215824,-8.731936675415039,-1.2439369977569577,5314613.0,15.104347826086952,15.0,0.1043478260869523,Optimal
5314615,Maximo Ortega,Wofford,-6.5355,-0.45716998,-6.992669979810715,-12.914669940948484,-1.0706700782775878,-10.736669967651366,-3.248670051574707,5314615.0,14.680952380952382,5.0,9.680952380952382,Overutilized
5314618,"Stirling, Rex",Wofford,-3.72399,0.0268496,-3.697140400444866,-9.619140184631348,2.22485967803955,-7.441140449752808,0.0468594663238524,5314618.0,19.760714285714283,25.0,-5.239285714285717,Underutilized
5314620,"Polak, Cam",Youngstown St.,-4.06416,0.97728,-3.086879979286194,-9.008879791412356,2.8351200712585447,-6.830879818115235,0.6571200979614256,5314620.0,16.214814814814815,25.0,-8.785185185185185,Underutilized
5314622,"Haynes, Jaiden",Youngstown St.,-2.81547,0.4727451,-2.342724909276962,-8.264724989624023,3.579274873046875,-6.086724777908325,1.401274899749756,5314622.0,13.436842105263157,5.0,8.436842105263157,Overutilized
5314625,"Blackshear, Rontavious",Youngstown St.,-3.22176,1.297608,-1.9241519820785524,-7.846152032623291,3.9978478300476072,-5.668152059326172,1.819847856750488,5314625.0,21.00740740740741,15.0,6.007407407407406,Overutilized
5314627,"Pickett, Kellen",Wright St.,2.31814,-0.18529974,2.1328402607584,-3.7891598046875,8.054840057983398,-1.6111595929718017,5.876840323104858,5314627.0,15.406060606060606,5.0,10.406060606060606,Overutilized
5314630,"Cooper, Michael",Wright St.,-0.60763,0.7782888,0.1706587816429138,-5.751341090087891,6.092658772583008,-3.573341116790772,3.914658799285889,5314630.0,23.93448275862069,35.0,-11.065517241379313,Underutilized
5314634,"Wysocki, Shaun",Denver,-2.61637,0.18744962,-2.4289203808259963,-8.350920476074219,3.49307938659668,-6.17292026435852,1.3150796517181398,5314634.0,15.796296296296294,15.0,0.7962962962962941,Optimal
5314636,"Kinsey, Logan",Denver,-0.41908,1.3179262,0.8988461684417725,-5.023153524475098,6.820846338195801,-2.8451537895965577,4.642845888061523,5314636.0,17.113793103448277,25.0,-7.886206896551723,Underutilized
5314638,"Nelson, Zane",Denver,0.345337,1.1480683,1.4934053088302612,-4.428594503295899,7.415405359375,-2.2505945299987795,5.237405386077881,5314638.0,27.3896551724138,15.0,12.389655172413796,Overutilized
5314641,"Johnson, Carson",Denver,-2.12682,1.3956138,-0.7312062104415893,-6.6532062609863285,5.19079360168457,-4.475206287689209,3.0127936283874512,5314641.0,24.56206896551725,25.0,-0.4379310344827516,Optimal
5314642,Didier Maleng,Denver,-6.49394,1.7920846,-4.701855425300598,-10.623855237426758,1.2201446252441404,-8.445855383338928,-0.9578553480529788,5314642.0,9.995833333333332,15.0,-5.004166666666668,Underutilized
5314643,"Oldham, Gabe",Denver,1.89731,-0.51906294,1.3782470636940003,-4.543752927246094,7.300246935424805,-2.3657529539489746,5.122246962127686,5314643.0,11.751724137931031,15.0,-3.248275862068967,Optimal
5314644,"Jones, Jay",Penn,-1.88287,-0.22305852,-2.105928521747589,-8.027928631896973,3.8160712307739257,-5.849928420181275,1.6380714958953857,5314644.0,17.0,15.0,2.0,Optimal
5314646,"Scantlebury, Dalton",Penn,1.61193,-0.45983344,1.1520965568351746,-4.769903553314209,7.0740963093566895,-2.5919035800170898,4.8960965744781495,5314646.0,18.246428571428574,25.0,-6.753571428571426,Underutilized
5314648,"Lueth, Lucas-Allan",Penn,0.281364,-0.15908352,0.1222804845943451,-5.799719297729492,6.044280564941406,-3.621719562850952,3.866280353225708,5314648.0,12.292857142857144,25.0,-12.707142857142856,Underutilized
5314674,"Branch, Karmello",Kansas City,-6.34886,1.816598,-4.532261942253113,-10.454261992797852,1.3897378698730467,-8.276261900291443,-0.7882621034240724,5314674.0,20.380000000000003,25.0,-4.619999999999997,Optimal
5314675,"Evans, U'Riyah",Kansas City,-7.08288,1.5019786,-5.580901364212036,-11.502901057128906,0.3410988055419919,-9.324901322250366,-1.8369016445922848,5314675.0,24.81111111111111,35.0,-10.18888888888889,Underutilized
5314676,"Clark, Jamaria",Kansas City,-8.98772,1.4622009,-7.52551911994934,-13.44751881286621,-1.603518950195312,-11.26951907798767,-3.781519400329589,5314676.0,16.736,35.0,-18.264,Underutilized
5314677,Trey Booker-Lowery,Kansas City,-10.7482,3.566439,-7.181761086654664,-13.103761017990111,-1.2597613937377936,-10.925761044692994,-3.4377608901977545,5314677.0,23.19583333333333,15.0,8.19583333333333,Overutilized
5314682,"Whitfield, Sebastian",Princeton,-7.12598,2.3931808,-4.732799152832032,-10.65479908416748,1.1892007785034178,-8.476799110870362,-0.9887991947937014,5314682.0,17.228571428571428,25.0,-7.771428571428572,Underutilized
5314703,Kobi Pearson,Texas A&M-Corpus Christi,-3.02255,0.6468878,-2.37566222076416,-8.297662152099608,3.546337710571289,-6.11966217880249,1.36833773727417,5314703.0,19.589285714285715,25.0,-5.410714285714285,Underutilized
5314704,Bryson Wheatfall,Texas A&M-Corpus Christi,-1.83792,1.3608993,-0.4770206708145141,-6.399020482940674,5.444979379730224,-4.221020509643555,3.266979406433105,5314704.0,20.616666666666664,15.0,5.616666666666664,Overutilized
5314705,"Michelini-Jackson, Daniel",A&M-Corpus Christi,-1.02,0.67839533,-0.3416046690940857,-6.263604660034179,5.580395202636719,-4.08560468673706,3.4023952293396,5314705.0,16.934615384615384,25.0,-8.065384615384616,Underutilized
5314706,Jaden Haire,Texas A&M-Corpus Christi,-7.19506,3.2049181,-3.990141853866577,-9.912141785202026,1.9318578390502927,-7.734141811904907,-0.2461416574096677,5314706.0,19.236363636363635,15.0,4.2363636363636346,Optimal
5314709,"Evran, Cenker",A&M-Corpus Christi,2.02618,-0.5290817,1.4970982977676393,-4.4249017527771,7.419098109893799,-2.2469017794799804,5.24109813659668,5314709.0,15.091304347826084,15.0,0.0913043478260853,Optimal
5314717,Timo George,Portland,5.33714,-0.99641454,4.340725457801819,-1.58127459274292,10.262725269927978,0.596725380554199,8.08472529663086,5314717.0,24.192307692307693,25.0,-0.8076923076923066,Optimal
5314718,"Censori-Hercules, Dante",Portland,2.37778,-0.7313,1.6464800036239624,-4.275519808502198,7.568480054168701,-2.097519835205078,5.390480080871582,5314718.0,8.438709677419356,15.0,-6.5612903225806445,Underutilized
5314720,"Nuckolls, Garrett",Portland,-2.41411,1.5477558,-0.8663541625595093,-6.788354213104248,5.05564564956665,-4.610354239807129,2.877645676269532,5314720.0,18.440625,15.0,3.4406250000000007,Optimal
5314722,"Foxwell, Joel",Portland,1.22476,1.2341359,2.458895866165161,-3.463104303588868,8.380895559082031,-1.2851040918731689,6.20289606262207,5314722.0,26.80625,25.0,1.806250000000002,Optimal
5314723,"Williams, Cameron",Portland,-2.22522,0.9411891,-1.284030889720917,-7.206030642242432,4.637969220428467,-5.028030907363892,2.4599692471313475,5314723.0,20.162068965517243,15.0,5.162068965517243,Overutilized
5314724,Caleb Delzell,South Dakota State,-4.96004,1.2960727,-3.663967278518677,-9.585966971435546,2.258032891235352,-7.407967236557007,0.0800324411010739,5314724.0,12.580769230769231,5.0,7.580769230769231,Overutilized
5314733,"Christensen, Dane",UTRGV,-2.36088,0.34174526,-2.019134742622376,-7.941134554748535,3.9028653079223634,-5.763134581451416,1.7248653346252445,5314733.0,14.6,25.0,-10.4,Underutilized
5314734,"Gomez, Julien",UTRGV,2.5016,-1.1600828,1.341517182922363,-4.580482748413086,7.263517114257812,-2.402482775115967,5.085517140960693,5314734.0,15.893548387096772,15.0,0.8935483870967715,Optimal
5314736,"Brankovic, Filip",UTRGV,3.30519,0.25959697,3.564786973657608,-2.357213106689453,9.486786755981443,-0.1792128949737548,7.308786782684326,5314736.0,26.31290322580646,35.0,-8.687096774193542,Underutilized
5314742,"Vudragovic, Luka",Pepperdine,-7.56223,2.4790323,-5.083197721939087,-11.005197653274536,0.8388024478149418,-8.827197679977417,-1.3391980023193355,5314742.0,17.20689655172414,15.0,2.206896551724139,Optimal
5314746,"Munoz, Antonio",Grambling,-5.17821,1.2367191,-3.9414908685302734,-9.863490799865724,1.980509062805176,-7.6854908265686035,-0.1974909104919433,5314746.0,29.146153846153847,25.0,4.146153846153847,Optimal
5314748,Mekhi Fitts,Grambling,-5.67013,0.6253487,-5.044781312828064,-10.966781363372805,0.8772184992980954,-8.788781390075684,-1.3007814739990238,5314748.0,13.986363636363636,5.0,8.986363636363636,Overutilized
5314750,"Buntyn, Uzziah",South Dakota,-1.5826,0.5099301,-1.0726699257850647,-6.994669797515869,4.849330065155029,-4.81666982421875,2.67133009185791,5314750.0,22.225,15.0,7.225000000000001,Overutilized
5314751,"Buzelis, Vince",South Dakota,-1.2049,0.21903811,-0.985861886048317,-6.907861921691895,4.936137940979004,-4.729861948394776,2.7581379676818845,5314751.0,15.581818181818182,25.0,-9.418181818181818,Underutilized
5314753,"Mcintosh, Jesse",South Dakota,-2.21246,0.6861913,-1.5262686795806886,-7.448268372497559,4.39573149017334,-5.270268637619019,2.2177310400390624,,,,,Unknown
5314755,"Curtis, Marley",North Dakota,-8.99227,2.8742104,-6.118059642333984,-12.040059573669431,-0.1960597109985347,-9.862059600372314,-2.374059684295654,5314755.0,19.451851851851853,15.0,4.451851851851853,Optimal
5314757,"Smith lll, Anthony",North Dakota,-3.29201,0.16580471,-3.1262052860355376,-9.048205068359374,2.795794794311524,-6.870205333480834,0.6177945825958253,5314757.0,23.21935483870968,35.0,-11.780645161290323,Underutilized
5314760,"Anderson, Garrett",North Dakota,-3.24334,1.1593245,-2.084015473213196,-8.006015285339355,3.837984577331543,-5.828015312042236,1.659984604034424,5314760.0,18.872413793103448,35.0,-16.127586206896552,Underutilized
5314761,Wylee Delorme,North Dakota,-3.62629,-2.0319414,-5.6582314138793945,-11.580231345214845,0.2637685174560547,-9.402231371917726,-1.9142314558410645,5314761.0,9.226315789473682,5.0,4.2263157894736825,Optimal
5314766,Kobe Butler,Jackson State,-7.43501,0.9018163,-6.5331936915016176,-12.455193563232422,-0.6111937005615236,-10.277193589935305,-2.7891936738586427,5314766.0,10.48148148148148,15.0,-4.518518518518519,Optimal
5314771,"Punch, Patrick",Mississippi Val.,-7.32924,1.9659896,-5.363250410308838,-11.285250341644288,0.5587495210266109,-9.107250368347168,-1.6192504522705082,5314771.0,18.53448275862069,15.0,3.5344827586206904,Optimal
5314772,Chance Sutton,Mississippi Valley State,-9.90803,2.159846,-7.748183932571411,-13.67018386390686,-1.826183762817383,-11.49218389060974,-4.00418421295166,5314772.0,9.43214285714286,5.0,4.432142857142859,Optimal
5314773,"James, Michael",Mississippi Val.,-2.86445,0.3713395,-2.4931105000495912,-8.415110610198974,3.428889252471924,-6.237110398483276,1.2508892791748043,5314773.0,28.74516129032258,35.0,-6.2548387096774185,Underutilized
5314774,Tyrone Iroghama,Mississippi Valley State,-11.5535,3.5665882,-7.986911836624145,-13.908911767959594,-2.064911666870117,-11.730911794662475,-4.242912117004394,5314774.0,16.54285714285714,5.0,11.54285714285714,Overutilized
5314775,"Mayfield, Daniel",Mississippi Val.,-5.79197,1.7349939,-4.056976065368652,-9.9789759967041,1.8650238659667968,-7.8009760234069825,-0.3129761073303223,5314775.0,25.314814814814813,35.0,-9.685185185185189,Underutilized
5314777,"Barnett, X’Zaevion",Mississippi Val.,-6.89563,1.2467247,-5.648905275230407,-11.570905325775149,0.2730945368957522,-9.392905352478028,-1.904905436401367,5314777.0,14.040740740740745,5.0,9.040740740740745,Overutilized
5314778,"Carson, Trevian",North Dakota St.,5.10443,-0.46594408,4.638485918455124,-1.2835142214965822,10.560485641174315,0.8944857518005369,8.382485906295777,5314778.0,19.44375,15.0,4.443750000000001,Optimal
5314779,Riley Massey,North Dakota State,-1.78899,0.009786051,-1.7792039492332936,-7.701203802337647,4.142796060333252,-5.523203829040527,1.9647960870361327,5314779.0,8.176666666666666,5.0,3.176666666666666,Optimal
5314795,"Thomas, AJ",LMU (CA),-2.97918,0.8965575,-2.0826224901008605,-8.004622600250244,3.8393772624206544,-5.826622388534545,1.6613772891235352,5314795.0,24.512903225806447,25.0,-0.487096774193553,Optimal
5314796,"Dalton, Joshua",LMU (CA),-1.23274,-0.59604675,-1.82878674577713,-7.750786855926513,4.093213006744385,-5.572786882629394,1.9152132718658448,5314796.0,13.37857142857143,5.0,8.37857142857143,Overutilized
5314798,"Furnish, Cal",Oral Roberts,-2.78207,-0.5057538,-3.287823815174103,-9.209823925323487,2.634175937347412,-7.031823952026367,0.456176202468872,5314798.0,11.13,5.0,6.130000000000001,Overutilized
5314799,"Kilups, Martins",Oral Roberts,-2.12393,-0.48028684,-2.6042168366241456,-8.526216529541015,3.3177833331298827,-6.348217033081054,1.1397831214141845,5314799.0,10.66896551724138,15.0,-4.33103448275862,Optimal
5314804,Jannoy Thomas,Prairie View A&M,-3.0508,-0.3887896,-3.439589594173432,-9.361589585113526,2.482410277557373,-7.183589611816407,0.3044103042602537,5314804.0,9.507407407407406,15.0,-5.492592592592594,Underutilized
5314805,Elijah Mitchell,Prairie View A&M,-4.14291,-0.7067517,-4.849661704216003,-10.771661754760745,1.0723381079101566,-8.593661781463624,-1.1056618653869623,5314805.0,10.579166666666667,5.0,5.579166666666668,Overutilized
5314813,"Hawkins, Isaac",Utah Valley,7.5737,-1.3449697,6.228730250549316,0.3067303192138668,12.150730181884764,2.484730292510986,9.972730208587643,5314813.0,19.55483870967742,25.0,-5.445161290322581,Underutilized
5314815,"Scholl, Brock",Omaha,-2.91629,0.6708369,-2.2454530744934083,-8.167453005828857,3.676546856842041,-5.989453032531738,1.4985468835449218,5314815.0,17.806896551724137,25.0,-7.193103448275863,Underutilized
5314818,Joseph Scott,Abilene Christian,-4.54512,1.4567652,-3.088354825134277,-9.010354756469727,2.833645106201172,-6.832354783172607,0.6556451329040529,5314818.0,25.899999999999995,25.0,0.899999999999995,Optimal
5314820,Isaac Dye,Abilene Christian,-5.62732,1.2162598,-4.411060162849426,-10.333059974975589,1.5109398876953124,-8.155060001678468,-0.6670600856018067,5314820.0,14.177272727272726,5.0,9.177272727272726,Overutilized
5314822,"Davis, Tanner",Utah Tech,0.928346,-0.67017186,0.258174143119812,-5.663825669006347,6.180174193664551,-3.4858256957092286,4.002174220367432,5314822.0,15.020000000000003,15.0,0.0200000000000031,Optimal
5314830,Miles Daniels,California Baptist,-2.49018,1.0960474,-1.3941325985717774,-7.316132529907227,4.527867332763671,-5.138132556610108,2.3498673594665527,5314830.0,13.004545454545452,15.0,-1.995454545454548,Optimal
5314831,Rene D'Amelio,California Baptist,1.62533,0.8522198,2.477549820022583,-3.4444503497314454,8.399549512939453,-1.2664501380157471,6.221550016479492,5314831.0,17.15,15.0,2.1499999999999986,Optimal
5314832,"Muller, Jordan",California Baptist,-2.32251,0.6296423,-1.6928676922416686,-7.614867444763183,4.229132417907715,-5.436867709884643,2.051132444610596,5314832.0,14.88529411764706,5.0,9.88529411764706,Overutilized
5314838,"Oshodi, Fazl",Southern U.,-1.03612,-1.1870419,-2.2231618787002563,-8.145161690826416,3.6988381718444825,-5.967161717529297,1.5208381985473634,5314838.0,16.04516129032258,5.0,11.04516129032258,Overutilized
5314849,"Duval, Elijah",Southern Utah,-1.73617,1.3426443,-0.3935256661605835,-6.315525716705322,5.528474145965577,-4.137525743408203,3.350474172668457,5314849.0,35.06206896551724,35.0,0.0620689655172412,Optimal
5314853,"Barclay, Cale",Southern Utah,-4.72461,1.5331573,-3.191452651367188,-9.113452582702635,2.730547279968261,-6.935452609405518,0.5525473066711424,5314853.0,18.178571428571427,25.0,-6.821428571428573,Underutilized
5314854,Jordan Gabriel,Marist,-2.51779,0.8206531,-1.6971369190597536,-7.619136969604492,4.224862893066407,-5.441136996307373,2.046862919769287,5314854.0,21.04583333333333,5.0,16.045833333333334,Overutilized
5314858,"Dormu, DJ",Tarleton St.,-6.14421,1.8453894,-4.298820633850098,-10.220820565185548,1.6231792974853514,-8.042820591888429,-0.5548206758117677,5314858.0,20.565,15.0,5.565000000000001,Overutilized
5314859,"Isaac, Kaia",Tarleton St.,-2.16203,0.09105058,-2.070979419856072,-7.992979306488037,3.851020556182861,-5.814979333190918,1.673020582885742,5314859.0,12.74642857142857,15.0,-2.25357142857143,Optimal
5314870,"Laster, Bahsil",UT Arlington,-2.93523,1.3039702,-1.6312597822952268,-7.553259594421386,4.290740268249512,-5.375259621124267,2.112740294952393,5314870.0,22.183333333333334,15.0,7.183333333333334,Overutilized
5314871,Jayden Smoot,UT Arlington,-2.18957,0.73560226,-1.4539677403640745,-7.375967552490234,4.468032310180664,-5.197967579193115,2.290032336883545,5314871.0,13.385714285714286,25.0,-11.614285714285714,Underutilized
5315062,Brandon Russell,St. Francis (PA),-11.4033,3.6697845,-7.733515454101562,-13.655515385437011,-1.811515522766113,-11.477515412139892,-3.989515496063232,5315062.0,15.562962962962963,15.0,0.5629629629629633,Optimal
5315063,Paris Papadatos,St. Francis (PA),-12.4495,3.0991564,-9.350343620300292,-15.272343551635744,-3.428343688964844,-13.094343578338624,-5.606343662261963,5315063.0,20.35238095238095,25.0,-4.647619047619049,Optimal
5315083,"Ruth, Trenton",Stonehill,-9.99819,2.7815478,-7.216642215194701,-13.13864214653015,-1.2946425222778313,-10.960642173233031,-3.472642018737792,5315083.0,21.6,5.0,16.6,Overutilized
5315084,"Hackett, Davante",Stonehill,-0.856058,0.21421064,-0.641847355635643,-6.563847421081543,5.280152441589356,-4.385847209365845,3.1021527067108154,5315084.0,24.625806451612902,35.0,-10.374193548387098,Underutilized
5315088,Anthony Holden,Stonehill,-4.02983,-1.9338846,-5.963714620666504,-11.885714552001954,-0.0417146893310542,-9.707714578704834,-2.2197146626281734,5315088.0,9.0,15.0,-6.0,Underutilized
5315124,"Wells, Ziare",Oakland,-0.00417102,-0.32894716,-0.3331181766677094,-6.255118018596192,5.588881844074707,-4.0771180452990725,3.410881870777588,5315124.0,17.43548387096774,25.0,-7.56451612903226,Underutilized
5315245,"Pettway, Tahlan",Western Caro.,0.617332,-0.45400852,0.1633234803504943,-5.758676510589599,6.085323352081299,-3.5806765372924803,3.90732337878418,5315245.0,18.26071428571429,15.0,3.260714285714286,Optimal
5315246,"Dada, Samuel",Western Caro.,4.11953,-1.4149176,2.7046124117660524,-3.217387400360108,8.626612462310792,-1.039387427062988,6.448612489013672,5315246.0,14.651724137931032,25.0,-10.348275862068968,Underutilized
5315247,Tayeshaun Smith,Western Carolina,-1.1697,0.7534715,-0.4162285062789916,-6.33822855682373,5.505771305847168,-4.160228583526611,3.327771332550049,5315247.0,8.157142857142857,5.0,3.1571428571428566,Optimal
5315573,DJ Stickman,Fresno State,2.34189,-0.6727343,1.669155679836273,-4.252844191894532,7.5911556707763665,-2.0748442185974123,5.413155697479247,5315573.0,13.449999999999998,15.0,-1.5500000000000025,Optimal
5315574,Aram Soqui Urbano,Fresno State,-4.65382,2.0497327,-2.6040873149108883,-8.526087246246338,3.317912616424561,-6.348087272949218,1.1399126431274418,5315574.0,17.864285714285717,5.0,12.864285714285716,Overutilized
5315575,"Kocevar, Gasper",Fresno St.,1.95681,-1.9855981,-0.028788087310791,-5.95078801864624,5.893211844024658,-3.772788045349121,3.715211870727539,5315575.0,12.892,5.0,7.892000000000001,Overutilized
5315576,"Jacques, Wilson",Fresno St.,2.15273,0.8994864,3.0522164225387574,-2.8697833895874023,8.974216473083496,-0.6917834162902832,6.796216499786377,5315576.0,18.745161290322574,15.0,3.745161290322578,Optimal
5315578,"Rieber, Bastien",Fresno St.,-3.54983,0.84574854,-2.704081456260681,-8.62608150680542,3.2179183558654785,-6.448081533508301,1.0399183825683591,5315578.0,15.454838709677418,5.0,10.454838709677418,Overutilized
5315579,"Gory, DeShawn",Fresno St.,1.92462,0.67958856,2.604208556289673,-3.3177916134643555,8.526208249206544,-1.1397914017486572,6.348208752746582,5315579.0,23.18387096774193,35.0,-11.816129032258065,Underutilized
5315585,"Buljan, Tomislav",New Mexico,5.21788,0.56646293,5.7843429340171815,-0.1376569377136229,11.706342924957276,2.040343035583496,9.528342951660155,5315585.0,26.15142857142857,35.0,-8.848571428571425,Underutilized
5315592,"Johnson, Cameron",Mercyhurst,-6.54796,0.8919577,-5.656002299747467,-11.578002171478271,0.2659976911926272,-9.400002198181152,-1.912002282104492,5315592.0,16.574193548387097,5.0,11.574193548387097,Overutilized
5315595,Trae Taylor,Montana,-1.96417,-0.8864025,-2.850572487754822,-8.77257253829956,3.0714273243713377,-6.594572565002442,0.8934273510742188,5315595.0,12.515384615384612,5.0,7.515384615384612,Overutilized
5315596,"Kepley, Grant",Montana,-3.58101,1.0542202,-2.526789800415039,-8.448789731750487,3.39521013092041,-6.270789758453369,1.217210157623291,5315596.0,20.66,15.0,5.66,Overutilized
5315598,"Aguino, Kenyon",Montana,0.802706,-0.102365814,0.7003401858506203,-5.221659901947022,6.622339960723877,-3.043659690231323,4.444340225845337,5315598.0,17.566666666666666,15.0,2.5666666666666664,Optimal
5315804,Geon Hutchins,Northern Iowa,-2.60723,0.30712608,-2.3001039249706268,-8.222103886108398,3.6218959765625,-6.044103912811279,1.443896003265381,5315804.0,12.876470588235296,5.0,7.876470588235295,Overutilized
5315806,"Smith, Tristan",UNI,5.8144,-0.85203516,4.962364835166931,-0.9596349769592284,10.884364885711667,1.2183649963378906,8.70636491241455,5315806.0,24.77777777777777,25.0,-0.2222222222222249,Optimal
5316046,"Miles, Cam",Florida St.,-1.44331,0.5570065,-0.8863035216903687,-6.808303572235108,5.035696290435791,-4.630303598937989,2.857696317138672,5316046.0,22.916,35.0,-12.084,Underutilized
5316047,"Bassong, Thomas",Florida St.,0.327017,0.5853655,0.9123824742240906,-5.009617635925293,6.834382226745605,-2.8316174242095946,4.656382253448486,5316047.0,16.815151515151516,15.0,1.8151515151515163,Optimal
5316049,"Steen, Alex",Florida St.,6.78071,-2.1700778,4.610632199249268,-1.3113672552490234,10.532632130584716,0.8666322412109375,8.354632157287597,5316049.0,16.565625,5.0,11.565625,Overutilized
5316219,"Kazakevicius, Danas",Howard,-4.5734,0.6400461,-3.933353880310059,-9.855353811645507,1.9886460510253905,-7.677353838348389,-0.1893539222717288,5316219.0,14.863333333333337,15.0,-0.1366666666666649,Optimal
5316220,"Bryson, Travelle",Howard,-2.17345,-0.09265987,-2.266109868299961,-8.188109881591796,3.6558899810791017,-6.010109908294678,1.4778900077819823,5316220.0,21.75714285714286,25.0,-3.24285714285714,Optimal
5317273,"StClair, Jalen",Delaware St.,-7.8006,2.0463238,-5.754276223754883,-11.676276155090331,0.1677237075805662,-9.498276181793212,-2.010276265716553,,,,,Unknown
5317274,"Obasogie, Cyril",Delaware St.,-7.03735,1.6114422,-5.4259077917099,-11.34790784225464,0.4960920204162597,-9.16990786895752,-1.6819079528808594,5317274.0,15.55,5.0,10.55,Overutilized
5317275,"Adamu, Muazibini",Delaware St.,-7.67336,1.8510787,-5.822281251296997,-11.744280944213866,0.0997189184570315,-9.566281209335326,-2.078281531677246,5317275.0,12.91818181818182,5.0,7.91818181818182,Overutilized
5317276,"Santos, Ademar",Delaware St.,-7.18943,2.300106,-4.889323951416015,-10.811323882751465,1.0326759799194338,-8.633323909454345,-1.145323993377685,5317276.0,19.116666666666667,25.0,-5.883333333333333,Underutilized
5317314,"Jones, Nick",Wagner,-1.15736,-0.24179418,-1.3991541838502883,-7.321154040679931,4.522845821990967,-5.143154067382812,2.344845848693848,5317314.0,26.435714285714283,25.0,1.4357142857142833,Optimal
5317316,"Awoke, John",Wagner,-4.26815,0.38920814,-3.878941862010956,-9.800941614532473,2.0430582481384274,-7.622941879653931,-0.1349417251586917,5317316.0,15.646153846153847,25.0,-9.353846153846153,Underutilized
5317317,"Cooper, Michael",Wagner,-2.85177,0.16344328,-2.6883267177534105,-8.610326842803955,3.233673019866943,-6.432326631088257,1.0556732849884032,5317317.0,20.31785714285714,25.0,-4.6821428571428605,Optimal
5317318,Bryan Akanmu,Wagner,-4.34683,0.73589396,-3.610936035232544,-9.532935728149416,2.3110641345214846,-7.354935993270874,0.1330636843872072,5317318.0,20.55,35.0,-14.45,Underutilized
5317320,"Basil, Binael",Wagner,-1.38602,0.5511268,-0.8348932218742371,-6.756892974395752,5.087106888275146,-4.578893239517212,2.909106914978027,5317320.0,21.389285714285712,25.0,-3.610714285714288,Optimal
5317332,"Treadwell, Noah",South Carolina St.,-6.15123,1.0621877,-5.089042328338623,-11.011042259674072,0.8329576029968262,-8.833042286376953,-1.345042370300293,5317332.0,19.48,15.0,4.48,Optimal
5317333,"Hodge, Derwin",South Carolina St.,-4.32927,0.6201886,-3.7090814061355593,-9.63108121826172,2.2129186444091795,-7.4530812449646,0.0349186711120603,5317333.0,12.568,5.0,7.568,Overutilized
5317334,Tim Okojie,South Carolina State,-2.14936,0.14963223,-1.999727769598961,-7.921727477416992,3.922272385253906,-5.743727742538452,1.7442721735382078,5317334.0,7.586666666666668,5.0,2.586666666666668,Optimal
5317336,Teon Tindal,South Carolina State,-7.168,1.3405865,-5.827413456916809,-11.749413269042968,0.0945865936279295,-9.571413295745849,-2.0834133796691896,5317336.0,15.344,5.0,10.344,Overutilized
5317337,"Parker, Christopher",South Carolina St.,-5.84829,1.3923506,-4.455939445533753,-10.377939257659913,1.466060605010986,-8.199939284362793,-0.7119393682861332,5317337.0,19.0,5.0,14.0,Overutilized
5323978,Kai Murdock,Lafayette,-4.47856,0.42515633,-4.053403674898148,-9.975403814849852,1.868596047821045,-7.797403603134155,-0.3094039254760741,5323978.0,13.370833333333332,15.0,-1.6291666666666682,Optimal
5323979,Christian Humphrey-Rembert,Lafayette,-3.36277,1.0699484,-2.292821565170288,-8.214821734924316,3.629178127746582,-6.0368215232086175,1.4511786312866213,5323979.0,12.606451612903228,15.0,-2.3935483870967733,Optimal
5323981,Shareef Jackson,Lafayette,-1.68846,0.7063996,-0.9820603804206848,-6.904060490570068,4.93993937210083,-4.72606027885437,2.761939398803711,5323981.0,26.7448275862069,15.0,11.7448275862069,Overutilized
5323987,Owen Bronston Jr.,South Carolina State,-4.21203,0.0745675,-4.13746250322342,-10.059462613372803,1.784537249298095,-7.881462401657105,-0.3934624855804447,5323987.0,22.344,15.0,7.344000000000001,Overutilized
5323988,Rayniel Wright,South Carolina State,-9.12424,1.3378263,-7.786413748016358,-13.708413679351809,-1.8644138166809088,-11.530413706054688,-4.042413789978028,5323988.0,21.223333333333336,15.0,6.223333333333336,Overutilized
5323989,Jordan Gorecki,Texas Southern,-0.280938,-0.86924255,-1.1501805489425658,-7.072180599487305,4.771819263183594,-4.8941806261901855,2.5938192898864747,5323989.0,10.364,5.0,5.364000000000001,Overutilized
5323990,Ahmed Nedal Abdelrahman,Texas Southern,-5.12233,0.6384694,-4.483860601978302,-10.405860712127684,1.438139150543213,-8.227860500411987,-0.7398608227539061,5323990.0,19.90909090909091,15.0,4.90909090909091,Optimal
5323991,Anthony Andrews,Texas Southern,-5.48746,0.81824493,-4.669215065917968,-10.591214997253417,1.252784865417481,-8.413215023956298,-0.9252151078796382,5323991.0,10.743478260869566,15.0,-4.256521739130434,Optimal
5325879,Antonio Baker Jr.,Florida A&M,-3.6967,0.7521505,-2.944549524021149,-8.866549395751953,2.977450466918945,-6.688549422454834,0.7994504936218263,5325879.0,20.72592592592592,15.0,5.725925925925921,Overutilized
5328456,Nikola Dzepina,Washington,3.42366,-1.10417,2.319490035209656,-3.602509776916504,8.241490085754394,-1.4245098036193848,6.063490112457275,5328456.0,17.9,15.0,2.8999999999999986,Optimal
5329888,Kirill Elatontsev,Oklahoma,6.5791,-1.5220397,5.057060348129273,-0.8649393447875973,10.9790605178833,1.3130601516723637,8.801060306167603,,,,,Unknown
5332491,Xzayvion Childress,Mississippi Valley State,-9.18478,0.88861394,-8.296166060714722,-14.21816623046875,-2.3741663677978515,-12.040166018753052,-4.5521658642578124,,,,,Unknown
