Name,Team,cluster,BPM,Height,Usage,AthleteSourceId
Josh Warren,Cornell,15,-0.816036,80.0,20.1,4066813.0
Andre Adams,Southern Utah,13,3.12812,81.0,20.2,3948149.0
David Bell,Jacksonville,0,4.21863,82.0,24.8,3136778.0
Jake Toolson,BYU,11,7.0102,77.0,22.6,3135098.0
Emmitt Holt,Providence,3,4.01703,79.0,15.3,3147674.0
Torry Johnson,Wake Forest,5,-0.289105,75.0,13.8,3155501.0
Josh Gantz,UMass Lowell,12,-0.353085,79.0,13.3,3130753.0
Dwayne Morgan,Southern Utah,7,-4.55187,80.0,25.8,3137731.0
Dalton Nixon,BYU,12,4.93229,79.0,17.4,3135097.0
Tashombe Riley,South Carolina St.,3,-3.97989,79.0,24.1,3155580.0
Tulio Da Silva,Missouri St.,8,0.312592,80.0,21.8,3947072.0
Reilly Walsh,NJIT,10,-4.49977,75.0,14.9,3947202.0
Prentiss Nixon,Iowa St.,1,-0.101235,74.0,20.0,3919437.0
Isaiah Maurice,Memphis,16,-1.9539,82.0,20.4,3912845.0
Tyler Hamilton,William & Mary,4,-2.5798,76.0,12.6,3906969.0
Elijah Mitrou-Long,UNLV,11,4.42501,73.0,20.9,3947671.0
Vincent Eze,Fairfield,8,-2.41818,80.0,20.8,3941313.0
Nate Grimes,Fresno St.,2,4.52395,80.0,22.5,3917350.0
C.J. Bobbitt,New Mexico St.,17,-1.05412,79.0,16.2,3915208.0
Nick Rutherford,St. John's,5,1.73295,75.0,16.9,3946977.0
Kimar Williams,Rider,5,-4.16308,73.0,16.6,3946983.0
Eric Hamilton,Pittsburgh,8,-0.824191,81.0,17.8,3914046.0
Dwayne Sutton,Louisville,2,10.8695,77.0,14.6,3913239.0
Dylan Smith,Arizona,10,3.86958,77.0,17.7,3913238.0
Dexter McClanahan,Nicholls St.,1,-0.874524,76.0,22.2,3948622.0
Trevor Stumpe,Wofford,12,3.99273,77.0,14.9,3918761.0
Brevin Pritzl,Wisconsin,14,4.71124,75.0,15.8,3908320.0
Mike Watkins,Penn St.,0,7.17135,81.0,22.2,3912279.0
Tres Tinkle,Oregon St.,9,6.12944,79.0,28.3,3914289.0
Kendal Manuel,Montana,14,0.289557,76.0,21.6,3914286.0
Marcus Sheffield II,Elon,1,0.565378,77.0,30.2,3922051.0
Spencer Haldeman,Northern Iowa,14,2.27105,73.0,15.1,3913789.0
Louie Pillari,Monmouth,10,-6.08376,78.0,19.5,3948713.0
Scott Meredith,Saint Francis,10,-6.43188,74.0,15.0,3924890.0
Josh Nebo,Texas A&M,0,6.81236,81.0,21.2,3924895.0
Isaiah Blackmon,Saint Francis,11,3.71521,73.0,24.6,3924894.0
Stone Gettings,Arizona,15,4.35555,81.0,17.0,3906956.0
Matej Kavas,Nebraska,14,-1.79677,80.0,16.8,3947715.0
Antonio Green,Middle Tennessee,1,-2.86086,74.0,21.1,3936173.0
Kareem South,California,10,0.925824,75.0,18.2,3951584.0
Delante Jones,Seattle,14,-3.13015,77.0,18.0,3907473.0
Joshua Patton,Sacramento St.,8,2.97735,80.0,22.8,3913196.0
Alonzo Walker,Portland St.,3,-1.16173,78.0,20.9,3948766.0
Rosel Hurley,St. Francis NY,4,-11.9661,77.0,23.0,3913229.0
Noah Blackwell,Fresno St.,11,1.93347,75.0,16.5,3946947.0
Ty Taylor,Eastern Kentucky,10,-2.88604,75.0,20.8,3914043.0
Mickey Mitchell,Arizona St.,7,2.09614,79.0,10.2,3912272.0
Bakari Evelyn,Iowa,5,-0.458408,74.0,14.4,3911894.0
Michael Jacobson,Iowa St.,3,0.744399,81.0,17.9,3911895.0
Aaron Falzon,Quinnipiac,12,-1.44519,80.0,15.3,3913248.0
Jordan Ash,Wright St.,6,0.954303,75.0,14.1,3913247.0
Alex Olesinski,UCLA,17,3.84923,82.0,9.3,3922229.0
Prince Ali,UCLA,6,1.55419,76.0,21.7,3922231.0
Ethan Stair,Mercer,12,4.01795,76.0,19.5,3924906.0
Sam Miller,Charleston,15,1.44554,81.0,18.8,4397383.0
Ike Smith,Georgia Southern,3,0.406602,76.0,23.8,3906661.0
Nate Sestina,Kentucky,12,6.77777,81.0,14.9,3914279.0
Max Hazzard,Arizona,12,4.85783,72.0,16.3,3946957.0
Joe Mooney,UC Davis,11,1.4454,75.0,23.0,3919349.0
Rogers Printup,UC Davis,14,0.650464,76.0,10.8,3919348.0
Ahmad Frost,Maryland Eastern Shore,10,-5.90554,72.0,21.7,3947051.0
Wendell Mitchell,Texas A&M,1,1.58629,75.0,22.5,3920137.0
Nathan Bain,Stephen F. Austin,6,5.90497,78.0,15.0,3907340.0
TJ Holyfield,Texas Tech,0,7.4636,80.0,19.5,3907339.0
Jonah Radebaugh,Northern Colorado,9,7.84158,75.0,25.7,3912836.0
Derrick Woods,Saint Peter's,15,-4.63974,80.0,22.8,3919424.0
Jeantal Cylla,Arkansas,7,-5.87175,79.0,13.8,3946975.0
Kyle Ahrens,Michigan St.,14,2.65338,78.0,14.3,3937100.0
Raiquan Clark,LIU,3,-2.88543,78.0,28.6,3948799.0
Jared Savage,Western Kentucky,12,6.00478,77.0,15.4,3921425.0
Jaylen Shead,Washington St.,4,-2.49731,73.0,15.2,3948024.0
Roland Griffin,Jackson St.,7,-2.0819,78.0,29.2,3907611.0
Bronson Kessinger,Indiana St.,12,0.310617,79.0,14.4,3907599.0
Matt Hein,Siena,17,-2.68948,76.0,10.1,3907608.0
Derryck Thornton,Boston College,5,-2.71871,75.0,26.5,3913175.0
Kipper Nichols,Illinois,7,0.145254,78.0,17.6,3913549.0
Von Julien,Southeastern Louisiana,5,-4.20356,73.0,18.0,3913548.0
Chase Jeter,Arizona,8,3.27109,82.0,19.3,3913173.0
Ty Hudson,Jacksonville St.,5,-3.77727,73.0,19.0,3917986.0
Corey Brown,Canisius,8,-2.23354,80.0,17.8,3912824.0
Marcus DeBerry,Purdue Fort Wayne,17,-0.985049,77.0,15.2,3912825.0
Xavier Hill-Mais,Oakland,2,4.15665,79.0,27.3,3913700.0
Matt Neufeld,UC Davis,8,-8.00887,83.0,22.2,3913185.0
Jermaine Bishop,Norfolk St.,1,0.145895,73.0,22.0,3913184.0
Samir Doughty,Auburn,11,4.18847,76.0,24.2,3913188.0
Jalen Coleman-Lands,DePaul,14,-0.111678,76.0,18.2,3911842.0
Brandon Austin,Samford,14,-3.8727,77.0,18.3,3907407.0
Nick Blair,UNLV,13,3.12646,77.0,12.2,3912821.0
Grant Riller,Charleston,9,5.86233,75.0,33.9,3912295.0
Ryan Fazekas,Valparaiso,14,0.176032,80.0,13.9,3913218.0
Michael Benkert,Belmont,17,-0.498493,76.0,11.5,3906782.0
Seth Adelsperger,Belmont,13,0.154811,83.0,12.0,3906781.0
Jamal Smith,Cal Poly,5,-4.04209,75.0,18.9,3946038.0
Ronnie Suggs,Southern Illinois,10,-1.50728,78.0,14.3,3907108.0
Bill Wampler,Wright St.,14,1.55056,78.0,21.9,3948776.0
Eddie Davis III,The Citadel,7,-6.19186,79.0,25.3,4599984.0
DeAndre Abram,Milwaukee,7,-3.12066,80.0,21.1,3908865.0
Jordan Roland,Northeastern,11,3.6075,73.0,27.5,3913553.0
Christian Williams,Indiana St.,11,2.58124,78.0,17.5,3935019.0
Jordan Dallas,Seattle,14,-3.29868,82.0,12.1,3917310.0
Dazon Ingram,UCF,6,4.28414,78.0,19.8,3907406.0
Chad Lott,South Alabama,8,0.507485,76.0,21.8,3920205.0
Lamonte Turner,Tennessee,9,0.737019,74.0,29.5,3948642.0
Robin Jorch,Boise St.,13,0.565793,83.0,13.5,3948781.0
Marcus Wallace,Arkansas Pine Bluff,4,-5.9132,73.0,18.6,3949238.0
Hayden Howell,Abilene Christian,7,-5.77325,79.0,20.9,3922060.0
Kerry Blackshear Jr.,Florida,2,6.30356,82.0,25.6,3945564.0
Chris Clarke,Texas Tech,6,5.22075,78.0,19.5,3945567.0
Emmanuel Nzekwesi,Oral Roberts,2,1.65674,80.0,25.0,4067707.0
Trhae Mitchell,South Alabama,3,2.62236,78.0,19.9,3936277.0
Eric McGill,Southern Illinois,1,2.21886,74.0,21.4,3907561.0
Collin Goss,Delaware,13,-0.848733,83.0,14.9,3913552.0
Keith Stone,Miami FL,6,3.24135,80.0,15.0,3924900.0
Tahjai Teague,Ball St.,2,6.63766,80.0,28.2,3907022.0
Dainan Swoope,Sam Houston St.,1,-1.28497,72.0,16.5,3948126.0
Andre Fox,South Alabama,1,-0.839443,76.0,22.9,3913171.0
Elijah Burns,Siena,2,2.47229,80.0,23.6,3908337.0
Matt Hauser,Portland St.,14,2.96623,74.0,20.1,3936175.0
KJ Feagin,San Diego St.,1,2.36777,73.0,18.1,3936174.0
Venjie Wallis,Jackson St.,6,0.587287,78.0,20.0,3915648.0
Desure Buie,Hofstra,9,5.16721,71.0,26.4,3911567.0
Isaiah Moss,Kansas,14,3.24163,77.0,15.0,3935015.0
Nakye Sanders,Towson,2,2.65685,80.0,24.3,3908862.0
Carlton Bragg Jr.,New Mexico,2,3.32877,82.0,21.5,3919336.0
John Crosby,Delaware St.,1,-4.35643,75.0,29.7,3908855.0
Josh Williams,Robert Morris,11,2.94706,74.0,19.8,3907021.0
Andrew Robinson,Coppin St.,14,-3.37122,79.0,17.5,3947026.0
Aaron Robinson,Coppin St.,17,-4.694,78.0,14.2,3947024.0
C.J. Bryce,N.C. State,3,2.98359,77.0,21.7,3946973.0
Brad Brechting,Oakland,8,0.053099,83.0,21.3,3913699.0
Chris McNeal,Cincinnati,4,-2.04525,73.0,15.6,4278698.0
Justin Jenkins,Gardner Webb,17,-4.76189,74.0,15.9,3922037.0
Eric Jamison Jr.,Gardner Webb,3,-5.31971,78.0,22.4,3922038.0
Cody Kelley,South Dakota,14,0.985216,71.0,15.2,3914059.0
Marcus Evans,VCU,9,0.876906,74.0,26.2,3920203.0
Malik Ellison,Hartford,8,-0.516107,78.0,29.7,3938916.0
Sylvester Ogbonda,Ohio,15,0.162611,82.0,15.9,3904627.0
Christion Thompson,Tulane,6,4.27089,76.0,22.8,3924873.0
Luwane Pipkins,Providence,9,4.54353,71.0,21.5,3947221.0
Jaire Grayer,TCU,17,2.30627,77.0,16.2,3947214.0
Steven Enoch,Louisville,2,2.57965,82.0,23.3,3934623.0
Laquincy Rideau,South Florida,9,5.41297,73.0,28.0,3922039.0
Josh Ajayi,South Alabama,2,0.997585,78.0,22.1,3936278.0
New Williams,Fresno St.,1,1.36988,73.0,21.4,3908524.0
JaQuan Lyle,New Mexico,9,-0.0204507,77.0,24.9,3134899.0
Gary Chivichyan,Pacific,14,-0.997834,76.0,20.2,3946030.0
Brandon Boyd,Cal Baptist,1,-2.65018,73.0,20.7,3946031.0
Terrell Allen,Georgetown,9,0.901196,75.0,18.4,3912281.0
Quinton Adlesh,USC,10,0.0911763,73.0,11.3,3948606.0
Djery Baptiste,Massachusetts,16,0.793243,82.0,12.7,3911624.0
Camron Justice,Western Kentucky,1,-2.88324,75.0,20.6,3911625.0
James Bolden,Alabama,10,-0.7316,72.0,20.3,3913554.0
Lamont West,Missouri St.,12,1.14428,80.0,21.8,3913555.0
Deondre Burns,Oral Roberts,1,0.822705,75.0,24.6,3949224.0
David N'Diaye,Southern Utah,16,-1.64419,84.0,7.9,3907607.0
Josh Thompson,Ball St.,5,-1.27499,72.0,15.3,3948760.0
Jonathan Laurent,Oklahoma St.,3,0.820949,78.0,17.8,3946036.0
Simeon Carter,Georgia Southern,0,0.894339,80.0,18.1,3947238.0
Quinton Forrest,Idaho,7,-3.36576,76.0,16.1,3921514.0
Caleb Homesley,Liberty,2,4.91168,78.0,27.9,3947736.0
Anthony Mathis,Oregon,14,4.75552,76.0,14.4,3906578.0
Austin Vereen,Pacific,10,1.97134,76.0,12.3,3948857.0
Jared Samuelson,Montana,12,0.525167,79.0,20.2,3917344.0
Malik Maitland,Bethune Cookman,5,-2.5144,69.0,23.2,3914072.0
Pierre Sarr,Binghamton,3,-4.09554,80.0,22.2,3948710.0
Nisre Zouzoua,Nevada,14,0.885057,75.0,18.7,3947120.0
Nico Carvacho,Colorado St.,8,1.54067,83.0,26.5,3919435.0
Jordan Andrews,Texas Southern,10,-3.65576,77.0,13.5,3907620.0
Jimmy Whitt Jr.,Arkansas,6,2.38453,75.0,20.1,3936293.0
Devin Haygood,North Carolina A&T,7,-2.99931,80.0,20.6,3907617.0
Deng Riak,Akron,16,1.00577,82.0,11.1,3923213.0
K.J. Lawson,Tulane,3,0.214414,79.0,20.6,3907786.0
Andrien White,Wake Forest,1,1.81684,75.0,19.9,3906682.0
Malek Harwell,Cal Poly,10,-3.51318,77.0,18.4,3936080.0
Jaevin Cumberland,Cincinnati,14,0.674287,75.0,19.7,3913701.0
Lamarr Kimble,Louisville,5,1.60795,72.0,17.6,3911628.0
Myles Carter,Seattle,16,-4.65515,81.0,18.1,3906549.0
Cody Schwartz,Green Bay,12,0.721218,81.0,15.6,3906667.0
Armel Potter,George Washington,9,-0.808459,73.0,30.4,3913163.0
Luke Knapke,Toledo,2,3.12205,83.0,22.9,3907090.0
Cody John,Weber St.,1,-2.89237,75.0,22.6,3917311.0
Bryce Moore,Xavier,10,1.39364,75.0,10.2,3907098.0
James Dickey,UNC Greensboro,0,5.86178,82.0,18.2,3948855.0
Kameron Edwards,Pepperdine,3,-2.40346,78.0,26.1,3920287.0
Drew Edwards,Charlotte,6,0.547637,76.0,19.0,3913217.0
Tre Scott,Cincinnati,2,6.93251,80.0,19.5,3934620.0
Jared Hamilton,Boston College,17,0.278536,76.0,16.8,3936313.0
Tay Weaver,Saint Louis,12,2.47517,70.0,12.7,3948863.0
Xeyrius Williams,Akron,3,2.78718,81.0,23.2,3908856.0
Haanif Cheatham,Nebraska,11,1.56597,77.0,19.4,3906521.0
Sacar Anim,Marquette,14,2.83539,77.0,19.7,3906519.0
Traci Carter,Hartford,5,1.36815,73.0,22.1,3906520.0
Erten Gazi,Fordham,17,0.745877,75.0,19.4,3922034.0
Ryan Mikesell,Dayton,12,6.62091,79.0,16.6,3908857.0
Justin Dahl,Northern Iowa,0,3.85973,84.0,20.1,3913787.0
Aaron Carver,Old Dominion,8,0.816221,79.0,9.8,3913676.0
Damon Wilson,Georgia St.,5,-1.11357,77.0,21.5,4280165.0
Nic Thomas,Tulane,10,-5.30493,73.0,20.3,3948866.0
Lindsey Drew,Nevada,11,6.242,76.0,20.3,3906564.0
James Claar,Western Illinois,8,-4.89549,80.0,14.9,3906730.0
Cole Gentry,Wright St.,11,2.25748,70.0,14.6,3906763.0
Tyler Hagedorn,South Dakota,2,3.3745,82.0,25.4,3906774.0
Hunter Seacat,Appalachian St.,13,-0.276024,81.0,13.2,3912282.0
Dennis Tunstall,Towson,0,7.15786,81.0,10.9,3912284.0
Guilien Smith,Northeastern,14,-1.00377,73.0,14.6,3906965.0
Lacey James,Northern Illinois,7,-2.25586,81.0,21.0,3913717.0
Cameron Jones,Saint Peter's,10,-1.02764,75.0,15.3,3922043.0
Akwasi Yeboah,Rutgers,3,5.45843,78.0,20.1,3913169.0
Everett Duncan,Vermont,12,4.28903,78.0,14.1,3915081.0
Andrew Fleming,Lipscomb,14,-1.97256,77.0,20.3,3935012.0
Tanner Krebs,Saint Mary's,14,3.81312,78.0,16.0,3936192.0
Curran Scott,Clemson,1,0.425161,76.0,18.2,3906684.0
Daniel Utomi,USC,12,1.25213,78.0,16.7,3907020.0
Zach Pirog,Cal Baptist,0,4.61401,83.0,13.8,3924911.0
Karl Harris,Northern Kentucky,17,-2.37859,77.0,15.8,4278642.0
Mamadi Diakite,Virginia,2,3.59478,81.0,24.9,3947156.0
Jibri Blount,North Carolina Central,2,0.619314,79.0,26.0,3914638.0
Javan White,UMKC,2,0.632997,82.0,28.4,3913224.0
Johncarlos Reyes,Nevada,16,1.0662,82.0,14.1,3943609.0
Deng Geu,North Texas,13,2.38823,80.0,20.3,3906789.0
Khyber Kabellis,UC Riverside,5,-0.747897,76.0,18.4,3906788.0
Curtis Cobb III,Wagner,1,-5.59671,76.0,25.9,3947017.0
DJ Draper,North Texas,12,3.99662,72.0,10.1,3920183.0
A.J. Turner,Northwestern,17,0.386718,79.0,13.3,3943608.0
Kris Martin,Colorado St.,17,-0.334422,76.0,19.3,3913221.0
Stefan Gonzalez,UC Davis,12,1.89737,74.0,17.4,3936191.0
Rob Edwards,Arizona St.,14,1.27934,77.0,20.2,3914639.0
Donnell Gresham Jr.,Georgia,12,6.06033,75.0,12.9,3948134.0
Brandon Kamga,Cal St. Fullerton,1,-3.33114,77.0,25.9,3948131.0
Matt Holba,Purdue Fort Wayne,12,-0.581087,79.0,16.3,3908515.0
Jaylen Key,New Orleans,7,-8.82379,80.0,21.1,3923228.0
Admon Gilder,Gonzaga,11,5.49561,76.0,19.0,3947074.0
Antwon Portley,Fordham,1,-1.33279,76.0,22.5,3922045.0
Ryan McMahon,Louisville,14,6.40273,72.0,15.5,3908808.0
Zac Seljaas,BYU,3,4.05776,79.0,17.0,3947128.0
Jayce Johnson,Marquette,13,3.06488,84.0,15.3,3958145.0
Sean McDermott,Butler,12,7.83918,78.0,15.4,3908903.0
Jordan Jackson,UT Rio Grande Valley,1,-2.23244,75.0,28.4,3906508.0
Jaycee Hillsman,Illinois St.,15,0.979381,78.0,18.4,3906666.0
Evan Boudreaux,Purdue,3,3.82115,80.0,18.3,3906964.0
Emmanuel Olojakpoke,Utah Valley,0,4.49372,80.0,13.2,3907019.0
Chier Maker,Idaho St.,3,-1.88486,80.0,18.9,3924917.0
Jazz Johnson,Nevada,1,0.944455,70.0,22.3,3924916.0
Rex Pflueger,Notre Dame,5,3.26689,78.0,14.4,3908335.0
Matt Ryan,Chattanooga,3,1.61657,79.0,24.2,3908336.0
Dennis Ashley,Saint Joseph's,14,-5.14148,73.0,11.9,3941310.0
JT Gibson,Nebraska Omaha,1,-1.33103,75.0,21.3,3924908.0
Derric Jean,Louisiana Tech,11,5.41223,74.0,19.0,3906692.0
Jy'lan Washington,Tennessee St.,2,4.37977,81.0,19.5,3906694.0
Alex Floresca,San Diego,7,-1.59031,80.0,17.3,3906544.0
Andy Van Vliet,William & Mary,3,0.619411,84.0,23.4,3919167.0
Jordan Dartis,Ohio,14,1.73561,75.0,18.3,3907084.0
Joshua Howard,Brown,17,-1.12401,78.0,15.7,4066802.0
Isiah Brown,Grand Canyon,14,-2.29885,74.0,17.5,4066394.0
Rapolas Ivanauskas,Colgate,3,-2.59858,82.0,27.4,4066395.0
Jordy Tshimanga,Dayton,13,3.26544,83.0,18.6,4066393.0
Jeriah Horne,Tulsa,3,4.88938,79.0,19.9,4066390.0
Michael Hurt,Minnesota,17,-1.00255,79.0,11.1,4066389.0
Austin Davis,Michigan,13,0.614596,82.0,20.5,4066380.0
Kai Edwards,Northern Colorado,13,2.88639,81.0,19.8,4066929.0
James Butler,Drexel,2,3.07771,80.0,21.8,4067138.0
Quinn Taylor,Saint Peter's,15,3.85455,77.0,15.1,4067357.0
Mark French,Texas A&M,4,-5.22579,68.0,13.5,4066207.0
JJ Caldwell,New Mexico,9,2.24885,73.0,13.4,4066206.0
Eric Vila,UTEP,7,-1.40201,83.0,13.7,4020938.0
Tobias Sjoberg,Marist,13,-0.560238,81.0,13.1,4067328.0
Nijal Pearson,Texas St.,9,4.02704,77.0,28.5,4067807.0
Marlin Davis,Texas St.,5,2.05347,74.0,16.3,4067808.0
Nedeljko Prijovic,Maine,3,-0.74537,80.0,19.7,4067811.0
Eric Terry,Texas St.,8,3.70817,80.0,18.2,4067810.0
Izayah Mauriohooho-le'afa,Sacramento St.,6,1.59591,74.0,18.2,4066946.0
Decardo Day,Alabama St.,4,-11.1352,77.0,23.6,4066952.0
Jerrick Harding,Weber St.,11,-1.00834,73.0,32.7,4066965.0
Jailyn Ingram,Florida Atlantic,3,1.18114,79.0,25.4,4066981.0
Ryan Murphy,Pittsburgh,1,-0.306891,74.0,17.8,4592364.0
DaQuan Bracey,Louisiana Tech,11,1.97403,71.0,24.0,4066997.0
Lucas Siewert,Colorado,3,3.50493,82.0,18.6,4066352.0
D'Mitrik Trice,Wisconsin,9,5.37918,72.0,20.3,4066413.0
Aleem Ford,Wisconsin,3,5.51112,80.0,19.4,4066414.0
Charlie Moore,DePaul,9,1.25961,71.0,26.5,4066345.0
De'Ron Davis,Indiana,16,2.05121,82.0,19.4,4066362.0
Eric Monroe,Yale,11,1.9072,74.0,15.4,4066848.0
David DiLeo,Central Michigan,12,1.24389,80.0,18.2,4067377.0
Kevin McKay,Central Michigan,2,4.33296,77.0,20.6,4067379.0
Malik Johnson,Canisius,9,0.252292,70.0,21.6,4067275.0
Trey Landers,Dayton,2,8.76266,77.0,18.9,4066489.0
Jon Axel Gudmundsson,Davidson,9,5.55665,77.0,23.7,4070687.0
Anthony Lamb,Vermont,2,5.29649,78.0,30.3,4066790.0
Ben Shungu,Vermont,6,1.67276,74.0,21.7,4066789.0
Nate Garvey,Howard,14,-3.57978,75.0,18.4,4067896.0
Scottie James,Liberty,2,6.03572,80.0,27.8,3907110.0
Dominik Olejniczak,Florida St.,13,2.25353,84.0,19.9,3948775.0
Chris Barnes,Eastern Michigan,5,-8.59801,76.0,22.2,4067070.0
Keon Clergeot,Massachusetts,5,-2.38528,73.0,15.7,4066460.0
Lesley Varner II,UT Rio Grande Valley,3,2.08328,79.0,25.9,4067568.0
Mattia Da Campo,Seattle,3,-0.537375,79.0,13.8,4067561.0
Morgan Means,Seattle,1,1.40275,75.0,20.6,4067559.0
Jermaine Haley,West Virginia,6,8.37089,79.0,19.1,4397097.0
Chris Lewis,Harvard,0,4.15412,81.0,21.5,4066825.0
Christian Juzang,Harvard,1,-0.692387,74.0,17.1,4066828.0
Ian Sistare,Dartmouth,10,-2.26937,75.0,16.7,4066821.0
James Foye,Dartmouth,14,1.45963,76.0,16.6,4066822.0
Ian Carter,Dartmouth,7,-4.32741,79.0,19.2,4066820.0
Justin Bassey,Harvard,6,1.28672,77.0,15.1,4066827.0
Robert Baker,Harvard,2,4.30528,83.0,16.5,4066830.0
Arinze Chidom,UC Riverside,2,2.92143,81.0,26.9,4066669.0
Jermaine Marrow,Hampton,9,-0.0957125,72.0,34.6,4070762.0
Cassius Winston,Michigan St.,9,5.59229,73.0,29.1,4066382.0
Nate Darling,Delaware,11,0.996558,77.0,26.7,4067069.0
Byron Frohnen,UTSA,7,0.773103,78.0,10.9,4067078.0
George Willborn II,UC Riverside,7,-3.82895,75.0,22.3,4397620.0
Kevin Marfo,Quinnipiac,2,2.86793,80.0,22.6,4066877.0
Jair Bolden,South Carolina,14,2.66407,75.0,17.5,4066872.0
Colin Slater,Long Beach St.,1,-3.54408,73.0,20.4,4066475.0
Antwain Johnson,Buffalo,1,-2.00747,74.0,19.1,4067010.0
Brandon Anderson,Brown,1,-0.782822,73.0,29.1,4066800.0
Maliek White,Providence,5,0.141004,75.0,19.1,4065812.0
Joey Brunk,Indiana,8,0.948562,83.0,19.4,4065763.0
Jagan Mosely,Georgetown,11,4.67789,75.0,12.7,4065792.0
Markus Howard,Marquette,9,6.77263,71.0,37.3,4065805.0
Blake Francis,Richmond,1,0.521529,72.0,27.5,4067970.0
Mark Vital,Baylor,6,9.23302,77.0,17.1,4066292.0
Tyson Jolly,SMU,11,3.77847,76.0,21.4,4066291.0
Toliver Freeman,Saint Joseph's,12,-2.48319,75.0,16.5,4066511.0
AJ Wilson,George Mason,0,4.02383,79.0,25.4,4066866.0
Braxton Key,Virginia,6,5.5049,80.0,20.9,4066240.0
Adrio Bailey,Arkansas,6,4.41668,78.0,15.8,4066242.0
Milan Acquaah,Cal Baptist,9,-0.339226,75.0,33.3,4066664.0
Jeff Pollard,Washington St.,12,2.28064,81.0,15.1,4066667.0
Malachi Flynn,San Diego St.,9,10.4193,73.0,27.1,4066668.0
Brandon Jackson,SIU Edwardsville,7,-6.33562,79.0,23.1,4067237.0
Jared Stutzman,Idaho St.,14,-1.06049,78.0,16.2,4067590.0
Danny Pippen,Kent St.,3,1.87904,81.0,25.9,4067385.0
Davion Thomas,Troy,7,-7.13252,81.0,16.6,4067011.0
LeSean Brown,Air Force,4,-7.09845,74.0,10.1,4066599.0
Baylee Steele,Duquesne,3,1.33958,83.0,19.9,4067383.0
Xavier Green,Old Dominion,1,-1.96815,78.0,23.4,4067031.0
Corey Douglas,VCU,0,4.93803,80.0,17.1,4397226.0
Kwe Parker,North Carolina A&T,15,-1.96686,72.0,16.9,4066217.0
Tareq Coburn,Hofstra,14,1.52462,77.0,16.6,4066515.0
Amadi Ikpeze,St. Bonaventure,8,-4.88132,82.0,17.8,4066517.0
De'Riante Jenkins,VCU,6,6.08035,77.0,21.0,4066500.0
Malik Crowfield,VCU,10,-0.346935,76.0,11.0,4066501.0
Marquell Fraser,Idaho,7,-2.78617,75.0,24.5,4066502.0
Jimbo Lull,San Francisco,2,3.49234,84.0,20.7,4066748.0
Charles Minlend,San Francisco,3,2.43074,76.0,26.8,4066751.0
Jordan Ratinho,San Francisco,14,0.0973463,77.0,16.9,4066752.0
Remu Raitanen,San Francisco,12,5.25238,81.0,14.0,4066749.0
Mitchell Smith,Missouri,3,2.62184,82.0,13.5,4066235.0
Justin Turner,Bowling Green,1,1.64569,76.0,28.5,4067366.0
Dylan Frye,Bowling Green,1,0.729241,74.0,25.8,4067365.0
Caleb Morris,Air Force,14,0.505176,76.0,15.9,4066595.0
Kyle Mallers,Ball St.,12,2.82174,79.0,14.8,4067362.0
Michael Hughes,Duquesne,0,11.197,80.0,21.3,4067360.0
Tavian Dunn-Martin,Duquesne,1,0.491432,68.0,22.4,4067358.0
Devonnte Holland,Radford,8,-3.0747,79.0,16.0,4067738.0
Solomon Young,Iowa St.,2,2.87884,80.0,22.1,4066296.0
Jakolby Long,Southern Utah,7,-2.97339,77.0,16.5,4066295.0
Jay Huff,Virginia,0,10.8521,85.0,18.6,4065731.0
Udoka Azubuike,Kansas,0,11.5045,84.0,23.5,4066299.0
Evan Wiley,Alabama A&M,17,-2.89051,78.0,14.3,4070750.0
Patrick Szpir,Wagner,8,-5.45992,81.0,11.9,4066816.0
Taze Moore,Cal St. Bakersfield,6,3.21952,77.0,24.9,4066808.0
Justin Edler-Davis,Cal St. Bakersfield,17,0.646943,76.0,16.9,4396025.0
Greg Lee,Cal St. Bakersfield,3,-2.52989,81.0,21.8,4066811.0
Myo Baxter-Bell,Liberty,6,1.49547,77.0,27.1,4067576.0
Georgie Pacheco-Ortiz,Liberty,11,2.0254,73.0,18.2,4067579.0
Jamal Wright,High Point,1,-2.93555,71.0,22.0,4067464.0
Cliff Thomas Jr.,High Point,16,-4.98537,80.0,23.3,4067467.0
KJ Robinson,Nebraska Omaha,1,-0.932927,72.0,23.1,4067683.0
Elyjah Goss,IU Indy,8,-3.89457,79.0,16.7,4067670.0
Reggie Jones,Tulsa,10,-0.403177,79.0,19.3,4067408.0
Brandon Johnson,Western Michigan,3,-0.845404,80.0,26.4,4067410.0
Nick Robinson,Valparaiso,6,-0.375686,77.0,18.5,4066509.0
Lorenzo Edwards,Saint Joseph's,17,-1.58562,80.0,18.4,4066512.0
Grant Golden,Richmond,2,5.92521,82.0,28.3,4066836.0
De'Monte Buckingham,Cal St. Bakersfield,7,-2.31061,76.0,19.1,4066833.0
Nick Sherod,Richmond,12,4.43902,76.0,19.2,4066832.0
Jalen Johnson,Louisiana,3,-0.864013,79.0,22.1,4066817.0
Danjel Purifoy,Auburn,12,4.58978,79.0,15.9,4066249.0
Houston Smith,Bethune Cookman,5,-3.15033,76.0,17.0,4067873.0
Chance Garvin,Idaho,17,-3.67106,76.0,13.5,4066892.0
Anfernee McLemore,Auburn,15,4.71277,79.0,16.5,4066253.0
Elijah Schmidt,Texas A&M Corpus Chris,8,0.613777,80.0,16.8,4067865.0
Perry Francois,Texas A&M Corpus Chris,8,-3.11943,80.0,22.1,4067864.0
Kinnon LaRose,Sacred Heart,12,2.49353,75.0,14.5,3913234.0
Markell Johnson,N.C. State,9,4.41991,73.0,25.4,4065699.0
Anthony Gaston,Grambling St.,5,-5.46796,76.0,18.3,4072622.0
Ivy Smith Jr.,Grambling St.,9,0.0309155,72.0,24.1,4072626.0
JC Younger,Presbyterian,14,-4.49668,76.0,13.9,4067734.0
Jo'Vontae Millner,Middle Tennessee,3,-4.0842,78.0,21.8,4067733.0
Jaiveon Eaves,Murray St.,14,-1.1327,74.0,18.1,4066991.0
Jonah Antonio,UNLV,10,0.895373,77.0,16.0,4067910.0
Ashtyn Bradley,LIU,14,-5.93679,76.0,20.8,4067902.0
Ryan Gomes,Houston Christian,16,-5.57757,82.0,15.2,4067915.0
Kaleb Bishop,Fairleigh Dickinson,3,-2.80516,80.0,22.0,4067893.0
Julian Batts,LIU,14,-0.299454,72.0,14.5,4067901.0
Jashaun Agosto,LIU,11,-2.85492,72.0,16.4,4067900.0
Erik Johansson,Loyola Marymount,12,-1.05001,78.0,12.8,4066672.0
Craig LeCesne,San Jose St.,7,-6.88669,81.0,22.7,4066710.0
Nolan Taylor,Cal Poly,7,-6.63661,79.0,29.3,4066711.0
Malcolm Porter,Portland,1,-2.60319,76.0,19.3,4066721.0
Knox Hellums,UTSA,14,-3.50886,77.0,13.6,4066709.0
Kolton Kohl,Abilene Christian,8,0.120452,84.0,24.8,4067625.0
Trey Lenox,Abilene Christian,4,-1.53635,75.0,10.7,4067622.0
Payten Ricks,Abilene Christian,11,4.26747,74.0,21.0,4067621.0
Clay Mounce,Furman,2,6.57813,79.0,21.3,4067608.0
Scott Spencer,La Salle,14,2.25789,78.0,15.4,4065646.0
Levi Cook,Coastal Carolina,16,-4.85248,82.0,15.9,4593886.0
Algevon Eichelberger,Cleveland St.,7,-2.56825,80.0,30.9,4065777.0
Eron Gordon,Valparaiso,14,-1.19768,75.0,14.9,4065815.0
Myles Powell,Seton Hall,9,5.34327,74.0,33.6,4065816.0
Daniel Giddens,Vermont,16,-1.00198,83.0,14.0,3912274.0
Cartier Diarra,Kansas St.,9,5.04505,76.0,27.0,4066301.0
Christian Turner,Gardner Webb,5,-4.59346,70.0,12.5,4067336.0
Nate Johnson,Gardner Webb,11,2.39734,75.0,20.0,4067338.0
Devearl Ramsey,UC Santa Barbara,5,-1.06158,72.0,16.2,4066700.0
Drew Buggs,Hawaii,5,-1.33695,75.0,20.8,4066911.0
Saul Phiri,La Salle,10,1.82816,76.0,15.8,4066852.0
Deivydas Kuzavas,Saint Francis,8,-1.39403,82.0,12.3,4067960.0
Keith Braxton,Saint Francis,3,2.37969,77.0,25.0,4067957.0
Randall Gaskins Jr.,Saint Francis,11,-1.35877,75.0,12.3,4067956.0
Yoeli Childs,BYU,2,7.07014,80.0,35.6,4066656.0
Nathan Hoover,Wofford,14,-2.19704,76.0,23.6,4067656.0
Onno Steger,Western Carolina,14,1.27455,77.0,19.3,4067645.0
Donovan Theme-Love,Wofford,4,-3.26594,73.0,12.9,4067655.0
T.J. Atwood,Lamar,3,-0.349592,78.0,24.5,4067667.0
Sayeed Pridgett,Montana,9,3.70942,77.0,31.7,4066574.0
Trevon Allen,Idaho,9,0.153521,74.0,32.4,4066893.0
Mason Peatling,Eastern Washington,2,6.69434,80.0,25.9,4066880.0
DJ Jones,Florida A&M,7,-2.40604,81.0,18.7,4066476.0
Harald Frey,Montana St.,9,4.26346,74.0,25.8,4066610.0
Devin Kirby,Montana St.,16,-1.44742,83.0,12.8,4066614.0
Zion Morgan,Valparaiso,7,-4.7174,77.0,19.4,4066783.0
Keith Fisher III,Illinois St.,7,-2.31768,80.0,24.8,4066740.0
Ben Coupet Jr,Little Rock,3,-0.442726,79.0,18.7,4066780.0
Michael Buckland,Lipscomb,12,1.10004,77.0,14.4,4067177.0
Monty Scott,Temple,1,-1.92883,77.0,20.9,4067159.0
Shyquan Gibbs,NJIT,10,-3.14468,73.0,15.9,4067192.0
Lachlan Anderson,Eastern Kentucky,12,0.702477,81.0,15.5,4067167.0
Nick Hopkins,Belmont,1,-0.985805,72.0,23.5,4067151.0
Marlon Adams,Maryland Eastern Shore,4,-7.89307,78.0,17.7,4067163.0
Asante Gist,Iona,1,-5.11854,71.0,20.1,4067164.0
Osinachi Smart,Charleston,8,1.38798,80.0,13.0,4067221.0
Jaylen McManus,Charleston,3,-5.33423,79.0,18.7,4067220.0
Ryan Daly,Saint Joseph's,9,4.38635,77.0,32.0,4067224.0
Corey Allen,Georgia St.,1,-1.23471,74.0,23.5,4067418.0
Justin Hopkins,Texas Southern,15,-0.854955,77.0,17.7,4067629.0
Josh Sharkey,Samford,9,-0.56874,70.0,32.2,4067626.0
Kyrin Galloway,UNC Greensboro,12,5.29301,80.0,15.5,4067611.0
Malik Massey,UNC Greensboro,10,-1.54383,75.0,14.2,4067610.0
Garrett Sams,North Florida,11,0.209039,79.0,23.5,4067210.0
Garrett Gilkeson,VMI,1,1.40499,76.0,18.3,4067632.0
Keith Smith,Cal Poly,5,-0.0241342,72.0,13.8,4067631.0
Damien Sears,St. John's,16,-0.267577,79.0,14.3,4067150.0
Thomas Booker,USC Upstate,7,-3.36836,74.0,20.5,4067212.0
Ross Owens,Missouri St.,17,2.67042,76.0,12.0,4067044.0
Jordan Bell,Loyola Marymount,6,3.4413,80.0,20.7,4067766.0
Chibueze Jacobs,Sacramento St.,7,0.853832,76.0,18.1,4066943.0
Mustapha Heron,St. John's,1,0.55668,77.0,25.6,4066250.0
Brachen Hazen,Ball St.,7,0.225065,80.0,17.7,4066246.0
C.J. Jones,Middle Tennessee,14,-2.04515,77.0,21.3,4066247.0
Djimon Henson,Morehead St.,14,-2.92794,75.0,20.6,4067184.0
Jalen Dupree,Samford,3,-2.2109,80.0,20.5,4067190.0
Dondre Griffin,Hampton,17,-5.00442,75.0,13.2,4067187.0
Tyson Carter,Mississippi St.,11,2.50621,76.0,24.8,4066287.0
Abdul Ado,Mississippi St.,13,6.48141,83.0,12.2,4066288.0
Kaelon Harris,The Citadel,3,-2.81538,75.0,26.2,4067287.0
Quinton Rose,Temple,9,4.19834,80.0,28.4,4066471.0
Alani Moore II,Temple,14,2.6719,70.0,13.9,4066469.0
V.J. Holmes,Lamar,9,1.10218,76.0,20.8,4067265.0
Eli Pemberton,Hofstra,11,2.77672,77.0,23.6,4067241.0
Stafford Trueheart,Hofstra,7,-2.47525,80.0,13.7,4067243.0
Dejuan Clayton,Coppin St.,5,-2.79758,74.0,20.7,4067878.0
Evan Wieck,Navy,8,-0.767019,80.0,20.2,4067140.0
Bryce Barnes,William & Mary,5,-0.870979,71.0,21.1,4067435.0
Trevor Anderson,Wisconsin,5,1.07574,74.0,11.9,4067425.0
Dejan Vasiljevic,Miami FL,14,2.5563,75.0,18.1,4065669.0
Rodney Miller Jr.,Miami FL,8,3.26461,84.0,15.2,4065671.0
Darius Hicks,Eastern Kentucky,16,-5.44064,80.0,17.1,4065698.0
Bruce Moore,Bucknell,7,-3.64462,80.0,23.0,4067103.0
Avi Toomer,Bucknell,1,0.508987,75.0,21.8,4067102.0
Destin Barnes,Jacksonville,14,-2.97052,79.0,21.9,4067100.0
Tyler Scanlon,Belmont,12,3.27229,79.0,18.3,4067099.0
Max Mahoney,Boston University,2,7.61524,80.0,29.9,4067101.0
Mark Gasperini,American,8,-3.11585,82.0,23.3,4067088.0
Sa'eed Nelson,American,9,3.08355,74.0,30.1,4067086.0
Marcus Dickinson,Boise St.,10,0.427538,73.0,9.5,4066629.0
Dachon Burke Jr.,Nebraska,6,0.626972,76.0,24.2,4067926.0
Alex Hobbs,Boise St.,17,-0.567612,76.0,17.9,4066630.0
Maik Kotsar,South Carolina,8,6.66745,83.0,19.1,4066224.0
Reed Nikko,Missouri,13,4.25004,82.0,16.2,4066237.0
Pat Andree,N.C. State,10,-0.562424,80.0,16.4,4067122.0
Kyle Stout,Lafayette,17,-4.38341,78.0,12.1,4067118.0
Myles Cherry,Lafayette,2,1.1884,80.0,22.9,4067119.0
Jordan Cohen,Lehigh,9,0.986728,74.0,24.9,4067120.0
Lukas Jarrett,Lafayette,2,2.14803,80.0,21.5,4067117.0
Brevin Galloway,Charleston,11,4.77868,74.0,19.9,4067219.0
Chevez Goodwin,Wofford,13,3.8072,81.0,27.0,4067218.0
Jackson Rowe,Cal St. Fullerton,2,3.4472,79.0,26.6,4066889.0
Artavious McDyess,Arkansas Pine Bluff,16,-4.17976,82.0,16.5,4067687.0
Tarkus Ferguson,Illinois Chicago,9,3.45676,76.0,23.5,4067429.0
Micah Bradford,Southern,1,-0.563981,73.0,22.0,4067452.0
Wajid Aminu,North Florida,2,3.64807,79.0,23.3,4067207.0
Jahaad Proctor,Purdue,1,3.49644,75.0,19.0,3948700.0
Ty Graves,North Carolina Central,10,-5.22032,70.0,16.3,4065636.0
Jarron Cumberland,Cincinnati,9,3.80493,77.0,29.0,4066486.0
Shawn Williams,New Mexico St.,14,-3.61263,73.0,20.6,4066449.0
Nik Popovic,Boston College,3,0.501988,83.0,24.6,4065637.0
Dylan Carl,Purdue Fort Wayne,15,1.56783,83.0,16.8,4067661.0
Ty Groce,Eastern Michigan,6,3.52211,80.0,21.9,4067382.0
Chris Lester,New Hampshire,17,-0.379687,78.0,15.3,4066728.0
Cyril Langevine,Rhode Island,2,4.26732,80.0,21.5,4066785.0
Tyere Marshall,Rider,8,1.03901,81.0,22.9,4067348.0
Dimencio Vaughn,Rider,6,4.45378,77.0,22.8,4067347.0
Ashante Shivers,Southern,1,-1.98697,75.0,20.7,4067352.0
Andre Jones,Nicholls St.,9,-0.362386,76.0,25.4,4067818.0
Lindy Waters III,Oklahoma St.,11,3.53042,78.0,19.1,4066317.0
Desmond Bane,TCU,11,7.88603,78.0,23.5,4066320.0
Josh Parrish,Rice,13,2.87459,76.0,17.8,4066322.0
Brandon Averette,Utah Valley,1,-2.60884,71.0,21.1,4066313.0
Thomas Dziagwa,Oklahoma St.,12,3.01303,76.0,16.3,4066314.0
Cameron McGriff,Oklahoma St.,3,3.0451,79.0,21.6,4066315.0
Michael Bibby,Appalachian St.,10,-4.84827,75.0,12.2,4066466.0
Ceasar DeJesus,UCF,11,-2.56561,74.0,20.9,4066487.0
Jordan Blount,Illinois Chicago,8,-2.22175,80.0,21.8,4067430.0
Godwin Boahen,Illinois Chicago,5,-1.24019,71.0,21.6,4067431.0
Tyler Stewart,Saint Francis,3,-3.86221,80.0,22.3,4066690.0
Curtis Jones Jr.,Penn St.,17,1.20297,76.0,19.2,4066359.0
Devonte Green,Indiana,1,2.97568,75.0,26.8,4066361.0
Evan Hinson,Austin Peay,17,-3.54547,76.0,18.8,4038827.0
Austin Reaves,Oklahoma,9,3.82948,77.0,25.6,4066457.0
Isaiah Brown,Northern Iowa,11,3.46354,79.0,16.6,4067050.0
C.J. Keyser,North Carolina Central,11,-1.65707,75.0,22.2,4066455.0
Jordan Jones,Marist,8,-2.84922,80.0,26.7,4067302.0
Sergio El Darwich,Maine,9,0.872518,76.0,27.6,4067724.0
Tyler Peterson,South Dakota,11,1.26131,76.0,17.4,4067716.0
Brandon Armstrong,South Dakota,17,-4.25691,77.0,13.2,4067715.0
Triston Simpson,South Dakota,11,-1.03363,74.0,19.5,4067712.0
Loudon Love,Wright St.,8,1.2041,80.0,32.5,4067458.0
Ryan Swan,Air Force,2,3.74508,80.0,23.4,4066604.0
Cavit Ege Havsa,Utah Valley,17,-4.98168,76.0,13.7,4066859.0
Cameron Oluyitan,Southern Utah,11,0.96817,79.0,18.9,4066633.0
Precious Ayah,Miami OH,13,0.420501,78.0,12.3,4067388.0
Noah McCarty,Northern Illinois,7,-1.31299,80.0,16.1,4067396.0
Eugene German,Northern Illinois,9,2.2387,72.0,33.3,4067395.0
Andrew Garcia,Stony Brook,6,1.53618,77.0,24.9,4066768.0
Andrew Fleming,Maine,6,0.722429,79.0,23.4,4066695.0
E.J. Crawford,Iona,3,-1.89818,78.0,25.7,4067295.0
Darian Adams,Troy,1,-1.7578,75.0,23.3,4067814.0
Tommy Funk,Army,9,0.50693,71.0,28.1,4067089.0
Matt Wilson,Army,8,-3.73169,81.0,24.8,4067091.0
Kelvin Jones,Creighton,8,4.46524,83.0,19.0,4067073.0
Marcus Burk,IU Indy,1,-2.57948,75.0,27.9,4067274.0
Tyrik Dixon,Missouri St.,5,0.355193,73.0,19.0,4067008.0
Oliver Powell,Louisiana Tech,16,1.46675,80.0,10.5,4067000.0
Jannson Williams,Marshall,17,2.34312,81.0,16.2,4067001.0
Jalen Harris,Nevada,9,5.64841,77.0,31.8,4066998.0
JaColby Pemberton,Louisiana Tech,15,1.60925,77.0,18.0,4066999.0
Devon Daniels,N.C. State,6,4.26049,77.0,21.5,4066428.0
Henry Baddley,Butler,12,5.66925,76.0,10.1,4065762.0
Kamar Baldwin,Butler,9,5.77758,73.0,29.9,4065761.0
Mustapha Traore,Monmouth,7,-2.26089,80.0,21.7,3975762.0
Ibi Watson,Dayton,12,4.56072,77.0,19.5,4066379.0
Jon Teske,Michigan,2,6.95431,85.0,22.6,4066378.0
Zavier Simpson,Michigan,9,5.77831,72.0,25.9,4066377.0
Anthony Cowan Jr.,Maryland,9,6.48381,72.0,25.1,4066371.0
Josh Peterson,Coastal Carolina,4,-2.59593,70.0,14.4,4067317.0
Jared Chatham,Central Arkansas,7,-4.56986,80.0,21.1,4067640.0
Aaron Weidenaar,Central Arkansas,10,-3.70046,79.0,13.5,4067639.0
Jacob Young,Rutgers,5,0.172904,74.0,26.0,4066326.0
Andrew Jones,Texas,1,1.8688,76.0,24.5,4066325.0
James Banks III,Georgia Tech,0,7.0278,82.0,18.2,4066327.0
Ryan Betley,Penn,14,0.933386,77.0,17.5,4066837.0
AJ Brodeur,Penn,2,7.444,80.0,28.3,4066838.0
Devon Goodman,Penn,11,0.515407,72.0,20.9,4066839.0
Ray Jerome,Penn,17,-2.22506,74.0,11.9,4066840.0
Jordan Bruner,Yale,2,7.19488,81.0,21.6,4066850.0
Mikey Dixon,Grand Canyon,1,-2.98402,74.0,20.7,4070682.0
Divonte Lumpkin,Texas Southern,4,-5.25891,73.0,10.9,4070745.0
Cainan McClelland,Jackson St.,17,-1.20884,76.0,11.6,4070742.0
Herb McGee,South Alabama,5,-0.333659,73.0,15.1,4067798.0
Maxwell Starwood,Southeastern Louisiana,7,-6.08536,81.0,25.0,4067806.0
John Pettway,South Alabama,6,-0.0639452,75.0,17.2,4067800.0
Spencer Littleson,Toledo,14,2.42245,76.0,14.2,4066492.0
Isiaha Mike,SMU,2,6.62179,80.0,22.0,4066494.0
Chuba Ohams,Fordham,8,1.55177,81.0,29.7,4066856.0
Stanley Davis,Morgan St.,7,-3.00217,77.0,25.1,4067916.0
David Syfax Jr.,Morgan St.,7,-2.34851,79.0,20.2,4067921.0
Andre Wesson,Ohio St.,12,6.21493,78.0,15.4,4066402.0
Micah Potter,Wisconsin,2,5.75046,82.0,28.6,4066399.0
Barret Benson,Southern Illinois,15,0.257186,82.0,23.6,4066397.0
Elijah Hughes,Syracuse,11,5.75544,78.0,25.5,4066446.0
Kasheem Thomas,Cleveland St.,10,-3.72678,72.0,11.3,4067414.0
Evan Clayborne,North Carolina Central,13,-0.717736,78.0,13.8,4067415.0
Mike Smith,Columbia,9,2.26351,71.0,33.9,4066806.0
Jake Killingsworth,Columbia,17,-1.36753,77.0,12.8,4066807.0
Ty Flowers,LIU,3,2.54978,81.0,21.3,4066795.0
Brison Gresham,Houston,0,9.08697,80.0,10.9,4066799.0
Arnaldo Toro,George Washington,8,-3.39866,80.0,23.2,4066875.0
Collin Smith,UCF,8,1.72862,83.0,28.8,4278481.0
Unique McLean,St. Francis NY,3,-0.0907796,74.0,20.6,4066797.0
Chris Baldwin,Texas Southern,7,-2.13873,81.0,19.2,4066798.0
Dejon Jarreau,Houston,9,2.07889,77.0,27.5,4066796.0
Chancellor Ellis,Prairie View A&M,14,-3.01797,76.0,16.7,4067468.0
Brendon Myles,Florida A&M,1,-4.89615,76.0,21.1,4067889.0
Nasir Core,Florida A&M,5,-3.04046,75.0,19.2,4067887.0
Charles Williams,Howard,1,-6.33756,78.0,26.8,4067895.0
Payton Pritchard,Oregon,9,8.38475,74.0,28.4,4066354.0
Jaquori McLaughlin,UC Santa Barbara,11,1.48564,76.0,21.1,4066496.0
Ben Kone,Tennessee St.,8,-0.924346,81.0,16.6,4610174.0
Jordan Giles,UMKC,3,-0.25287,79.0,23.1,4067583.0
Isaiah Ross,Iona,12,-0.713695,76.0,16.0,4067582.0
Dylan Painter,Delaware,2,1.40524,82.0,24.2,4065840.0
Donald Hicks,Radford,10,-1.86019,75.0,15.7,4067737.0
Carlik Jones,Radford,9,6.62705,73.0,31.4,4067735.0
Dru Smith,Missouri,9,6.08128,75.0,23.5,4066993.0
John Hall,Evansville,17,-5.88299,79.0,17.3,4066996.0
Robert Martin,Rice,3,-0.226515,78.0,22.5,4067053.0
Troy Baxter,Morgan St.,7,-1.4467,81.0,20.0,4066777.0
J.T. Escobar,North Florida,14,-1.2923,74.0,17.3,3919455.0
Quentin Goodin,Xavier,5,-0.207109,76.0,17.0,4065847.0
Tyrique Jones,Xavier,8,8.53895,81.0,25.5,4065846.0
Kalif Young,Providence,15,6.25608,81.0,13.4,4065814.0
Alpha Diallo,Providence,6,6.43052,79.0,25.9,4065813.0
Sam Timmins,Washington,15,2.68241,83.0,13.1,3960595.0
Nick Rakocevic,USC,2,5.29131,83.0,22.6,4066437.0
Jonah Mathews,USC,1,3.5965,75.0,20.5,4066435.0
Harrison Henderson,Milwaukee,7,-10.6972,82.0,22.4,4066434.0
Carlos Johnson,Grand Canyon,3,-2.00559,76.0,24.8,4066637.0
Bitumba Baruti,East Carolina,7,-3.93466,79.0,15.6,4066634.0
Ade Murkey,Denver,3,2.43486,77.0,29.0,4067603.0
Jax Levitch,UNC Asheville,7,-4.51483,79.0,8.9,4067663.0
Kevion Stewart,Alabama St.,4,-5.58208,75.0,19.3,4067233.0
Sammy Friday IV,Siena,8,-6.03554,81.0,23.0,4067353.0
Xzavier Malone-Key,Fairleigh Dickinson,11,-3.16613,76.0,21.8,4067346.0
Jordan Barnes,Indiana St.,9,3.44732,70.0,22.5,4067012.0
Jeff Dowtin,Rhode Island,11,3.53227,75.0,18.8,4066786.0
Khadim Sy,Mississippi,15,1.56203,82.0,20.6,4065740.0
Jerry Johnson Jr.,Arkansas St.,1,-1.77446,74.0,20.7,3947014.0
Braun Hartfield,San Diego,3,0.584907,78.0,23.9,4067460.0
Jordan Griffin,Long Beach St.,14,-2.80723,75.0,16.4,4066920.0
Loren Cristian Jackson,Akron,11,6.23856,68.0,26.8,4066919.0
Max Heidegger,UC Santa Barbara,11,1.68334,75.0,24.1,4066958.0
Diogo Brito,Utah St.,6,4.38282,78.0,18.0,4066761.0
Abel Porter,Utah St.,5,-0.0557287,75.0,14.8,4066763.0
Sam Merrill,Utah St.,11,7.38131,77.0,24.1,4066757.0
Koby McEwen,Marquette,5,0.972905,76.0,21.3,4066755.0
Juwan Durham,Notre Dame,0,7.61325,83.0,22.0,4066440.0
Jared Printy,Western Michigan,14,-3.20876,76.0,12.3,4067405.0
Justin Roberts,Niagara,14,-2.90125,70.0,16.8,4067403.0
Jason Carter,Xavier,7,3.30056,80.0,14.9,4067398.0
Christian Vital,Connecticut,9,8.14943,74.0,25.9,4066443.0
Deniz Celen,St. Francis NY,2,2.6993,80.0,21.9,4067291.0
Richmond Aririguzoh,Princeton,8,1.87384,81.0,24.9,4066847.0
Jose Morales,Princeton,11,0.599037,69.0,15.1,4066845.0
Tre Clark,Furman,16,1.9931,77.0,13.3,4067606.0
Jordan Lyons,Furman,11,0.938482,71.0,23.7,4067607.0
Steven Whitley,Norfolk St.,6,0.321279,75.0,24.3,3938909.0
Kristian Doolittle,Oklahoma,3,5.43668,79.0,27.0,4066307.0
Xavier Sneed,Kansas St.,6,4.50631,77.0,24.1,4066303.0
Kameron McGusty,Miami FL,3,-0.177698,77.0,23.8,4066310.0
Matt Freeman,UC Santa Barbara,3,-0.514562,82.0,20.0,3960812.0
Brian Patrick,Purdue Fort Wayne,3,-4.23787,77.0,24.5,4066302.0
Jordan Shepherd,Charlotte,9,-2.25876,76.0,27.5,4066308.0
Marlon Stewart,North Dakota,9,1.61569,75.0,29.8,3912333.0
Frederick Scott,Rider,3,-0.266388,80.0,21.7,3922033.0
Isiah Deas,La Salle,1,-2.27329,78.0,24.6,4072630.0
Zach Sellers,South Carolina St.,5,-3.33606,73.0,17.2,4067946.0
Johnny McCants,New Mexico St.,2,8.23356,79.0,17.9,4067472.0
Nate Kennell,Bradley,14,5.14751,78.0,17.4,4066976.0
JaShaun Smith,Longwood,3,-4.0844,77.0,24.5,4067595.0
Darrell Brown,Bradley,1,0.0185577,70.0,26.8,4066973.0
Koch Bar,Bradley,8,2.94051,83.0,17.2,4066974.0
Matt Milon,UCF,17,1.34371,76.0,14.3,3943610.0
Tyson Ward,North Dakota St.,2,5.6564,78.0,27.6,4067700.0
Cameron Hunter,North Dakota St.,10,-0.682288,75.0,16.6,4067699.0
Jared Samuelson,North Dakota St.,14,1.27372,75.0,10.5,4067698.0
Rasheem Dunn,St. John's,1,0.591888,74.0,23.3,4067955.0
Derrick Alston,Boise St.,3,1.2149,81.0,29.1,4066628.0
Justinian Jessup,Boise St.,11,6.47328,79.0,20.1,4066632.0
Davonta Jordan,Buffalo,9,3.49233,74.0,21.3,4067370.0
Sid Tomes,Air Force,14,0.243825,76.0,16.0,4066596.0
Ian Kinard,South Carolina St.,3,-3.02156,80.0,15.5,4067966.0
Ozante Fields,South Carolina St.,8,-4.54867,79.0,18.7,4067962.0
Tommy Kuhse,Saint Mary's,5,1.62367,74.0,18.5,4066735.0
Joseph Smoyer,Columbia,16,-2.39949,83.0,15.9,4066724.0
Jordan Ford,Saint Mary's,11,5.72926,73.0,27.0,4066736.0
Mark Carbone,New Hampshire,11,-0.665185,74.0,18.2,4066743.0
Juwan Gray,Towson,3,-0.27528,80.0,17.1,4066744.0
John Edgar Jr.,UC Irvine,17,-0.81326,77.0,16.7,4066932.0
Evan Leonard,UC Irvine,11,2.82687,73.0,23.0,4066933.0
Eyassu Worku,UC Irvine,1,1.33637,74.0,23.3,4066934.0
Tommy Rutherford,UC Irvine,15,2.64282,80.0,21.2,4066936.0
Brad Greene,UC Irvine,2,4.50202,83.0,20.8,4066937.0
Corey Manigault,New Mexico,15,0.077124,81.0,23.5,4065714.0
John Mooney,Notre Dame,2,5.70062,81.0,26.1,4065705.0
T.J. Gibbs,Notre Dame,11,3.62466,75.0,18.2,4065703.0
Omer Yurtseven,Georgetown,2,5.03259,84.0,27.6,66768.0
Devine Eke,Radford,13,0.0197735,80.0,17.7,3941312.0
Issac Vann,VCU,6,1.27981,78.0,17.7,3941317.0
Ikenna Ndugba,Bryant,5,-1.76401,72.0,18.0,4067522.0
Adam Grant,Bryant,1,-1.47805,73.0,24.1,4067524.0
Cory Gensler,Campbell,12,3.34408,76.0,16.2,4067271.0
Artur Labinowicz,Evansville,7,-3.95425,76.0,22.7,4067315.0
Amidou Bamba,Charlotte,13,0.371768,81.0,18.9,4067318.0
Zigmars Raimo,Hawaii,6,2.42406,81.0,20.5,4066914.0
Killian Tillie,Gonzaga,2,9.53443,82.0,21.6,4066651.0
TJ Haws,BYU,9,4.17825,76.0,25.5,4066657.0
Bryson Robinson,New Orleans,1,-0.752892,76.0,25.0,4067760.0
A.J. Cheeseman,Maryland Eastern Shore,7,-6.0408,79.0,26.9,4287948.0
Kalob Ledoux,Louisiana Tech,11,1.09729,76.0,23.1,4067749.0
Jalon Gates,Houston Christian,14,-2.32344,72.0,20.2,4067650.0
Justin Moore,Pacific,5,-1.59722,76.0,24.4,4065662.0
Javin DeLaurier,Duke,0,7.02116,82.0,14.2,4065650.0
Jack White,Duke,6,6.709,79.0,11.4,4065653.0
Trent Forrest,Florida St.,6,5.61592,76.0,23.0,4065656.0
CJ Walker,Ohio St.,9,5.44367,73.0,18.3,4065655.0
Ako Adams,Rice,14,-0.614195,75.0,19.9,4067051.0
Ed Morrow,Marquette,16,0.505317,79.0,19.2,3911896.0
Terrell Brown,New Mexico St.,14,0.242851,73.0,16.1,4396007.0
Damien Jefferson,Creighton,12,4.8392,77.0,17.8,4066720.0
Josh Hall,Missouri St.,6,1.2231,79.0,16.2,4066703.0
Aher Uguak,Loyola Chicago,8,-0.8599,79.0,17.2,4066717.0
Jalen Harris,Arkansas,5,0.450824,74.0,12.7,4066718.0
Jordan Walker,Morehead St.,1,-2.66793,72.0,24.3,4067181.0
Bryson Williams,UTEP,3,1.25724,80.0,27.1,4066678.0
Jacara Cross,Jacksonville St.,8,-1.00482,80.0,25.9,4067175.0
Malik Fitts,Saint Mary's,3,4.06439,80.0,24.4,4066467.0
Jacob Davison,Eastern Washington,9,0.160838,76.0,28.7,4066878.0
Tyler Creammer,VMI,8,-2.6776,82.0,17.4,4067636.0
Tyler Hooker,Kennesaw St.,5,-7.43838,70.0,28.3,4067156.0
Sam Ibiezugbe,Monmouth,16,-2.27551,83.0,11.5,4067330.0
Brandon Gonzalez,Southeastern Louisiana,1,-3.67815,78.0,23.8,4067855.0
Kevon Harris,Stephen F. Austin,6,2.69152,78.0,26.8,4067858.0
Isaiah Fontaine,UT Rio Grande Valley,8,-1.79301,81.0,11.4,4067982.0
Everett Winchester,Florida Atlantic,4,-3.73689,79.0,18.4,4067456.0
Austin Wiley,Auburn,0,5.71927,83.0,24.5,4078506.0
MaCio Teague,Baylor,11,7.09383,75.0,20.0,4067696.0
Tahj Eaddy,Santa Clara,1,-0.655974,74.0,19.9,4067197.0
Denzel Mahoney,Creighton,11,2.42191,77.0,26.0,4067205.0
Karlis Silins,Florida Atlantic,15,-1.11338,83.0,19.5,4066277.0
Breein Tyree,Mississippi,9,2.68194,74.0,28.5,4066276.0
"Travis Fields, Jr.",Radford,11,0.0147703,70.0,22.0,4067030.0
A.J. Lawson,McNeese St.,9,-5.90402,77.0,30.4,4067017.0
Lavelle Scottie,Air Force,3,-2.18086,79.0,28.6,4066598.0
Darius Roy,Milwaukee,1,0.568579,74.0,24.8,4067719.0
Zane Martin,New Mexico,9,-0.669861,76.0,24.7,4067320.0
Maxime Boursiquot,Northeastern,6,2.10528,77.0,21.3,4067308.0
Bolden Brace,Northeastern,12,4.96918,78.0,17.0,4067307.0
Nathan Knight,William & Mary,2,5.53129,82.0,34.4,4067325.0
Justin Gorham,Houston,10,1.39995,79.0,13.3,4067322.0
Justin Pierce,North Carolina,17,1.75138,79.0,16.9,4067326.0
Jamar Brown,Morgan St.,16,-6.21834,81.0,26.5,4067971.0
Lucas N'Guessan,East Tennessee St.,13,2.56496,84.0,20.0,4066316.0
Kienan Walter,North Dakota,14,-0.260622,81.0,20.2,4066646.0
Billy Brown,North Dakota,17,-0.812571,75.0,9.0,4066643.0
Christian Keeling,North Carolina,17,-0.907965,75.0,17.9,4067301.0
Clayton Le Sann,Holy Cross,4,-7.51848,76.0,12.1,4067110.0
Will Rayman,Colgate,3,3.2032,81.0,19.4,4067106.0
Skylar Mays,LSU,11,6.67675,76.0,21.7,4066269.0
Tyree Crump,Georgia,14,0.897649,73.0,17.4,4066266.0
Jordan Harris,Georgia,6,4.1301,77.0,18.4,4066265.0
Sam Cunliffe,Evansville,3,-5.31244,80.0,25.9,4066340.0
Vitaliy Shibel,UNLV,15,0.0589773,81.0,12.8,4066341.0
Ramon Vila,Chattanooga,2,4.6013,80.0,23.4,4066343.0
Romello White,Arizona St.,8,3.98869,80.0,18.7,4066342.0
Jethro Tshisumpa,Texas Southern,16,-5.43917,82.0,14.1,4066344.0
Willie Jackson,Toledo,8,-0.923481,78.0,22.2,4066232.0
Devin Morgan,Youngstown St.,10,-3.8097,70.0,18.0,3948728.0
David Jean-Baptiste,Chattanooga,1,0.0707113,73.0,23.6,4067255.0
KaVaughn Scott,Loyola MD,8,-3.31271,79.0,21.0,4067129.0
Rodney Chatman,Dayton,5,3.88978,73.0,18.7,4067250.0
Makale Foreman,Stony Brook,1,-2.27563,73.0,22.8,4067252.0
Andrew Kostecka,Loyola MD,11,3.75562,76.0,28.1,4067130.0
Jeremy Peck,UNC Asheville,8,-6.37638,81.0,13.7,4067230.0
Sam Green,Drexel,17,-2.73968,78.0,15.8,4067227.0
Jacob Cushing,Delaware,12,-1.53614,80.0,14.0,4067223.0
Maurice Howard,Alcorn St.,1,-3.84503,73.0,22.1,4067679.0
Kobe Wilson,Alcorn St.,7,-0.0219687,81.0,10.2,4067680.0
Austin Rogers,Alabama St.,17,0.0479002,76.0,15.3,4067675.0
Damani Applewhite,South Carolina St.,15,-1.18813,80.0,21.0,4067967.0
Ray Salnave,Monmouth,9,2.68796,75.0,27.7,4067329.0
Lawson Korita,Tulsa,14,2.45367,77.0,14.6,4066479.0
Payton Willis,Minnesota,14,5.12377,76.0,14.4,4066230.0
Martins Igbanu,Tulsa,2,0.942909,80.0,25.8,4066477.0
John Fulkerson,Tennessee,2,5.85554,81.0,21.1,4066215.0
Jordan Bowden,Tennessee,1,2.6833,77.0,21.8,4066213.0
Jalen Johnson,Tennessee,14,3.04682,78.0,12.2,4066216.0
John Kiser,Valparaiso,12,2.56321,77.0,13.5,4067455.0
Devin Gage,DePaul,5,0.367966,74.0,16.7,4065774.0
Brandon Cyrus,UC Santa Barbara,17,-0.356722,77.0,15.4,4065775.0
Osasumwen Osaghae,FIU,0,7.45433,81.0,19.3,4073466.0
Austen Awosika,Cal St. Fullerton,5,-1.86786,75.0,23.3,4066883.0
Davon Clare,Cal St. Fullerton,3,0.0183578,78.0,16.2,4066882.0
Mark Crowe,Cal Poly,17,-1.44353,77.0,13.6,4066868.0
P.J. Hardy,Louisiana,14,-2.2676,73.0,19.1,4067789.0
Justin Miller,Detroit Mercy,7,-4.21749,78.0,28.7,4067788.0
Quan Jackson,Georgia Southern,6,1.62295,76.0,21.8,4067781.0
Roydell Brown,McNeese St.,7,-1.58043,78.0,19.4,4067791.0
Bryce Nze,Butler,2,6.66737,79.0,18.7,4067439.0
Carson Williams,Western Kentucky,2,5.04471,77.0,19.2,4067445.0
Mason Faulkner,Western Carolina,9,3.37705,73.0,30.2,4067444.0
Jalen Tate,Northern Kentucky,9,3.32984,78.0,27.0,4067442.0
Dantez Walton,Northern Kentucky,2,5.72257,78.0,26.7,4067446.0
Lorenzo Jenkins,Grand Canyon,3,-4.11085,79.0,17.5,3936292.0
Brandon Childress,Wake Forest,9,3.31028,72.0,24.4,4065750.0
DJ Mitchell,Santa Clara,3,0.317862,80.0,22.7,4065751.0
Samuel Japhet-Mathias,San Jose St.,7,-14.4165,83.0,22.9,4065752.0
Richard Washington,San Jose St.,14,-0.213925,78.0,22.1,4593097.0
Brandon Robinson,North Carolina,11,5.49475,77.0,18.0,4065675.0
Alterique Gilbert,Connecticut,5,0.154934,72.0,21.6,4066441.0
Matthew Moyer,Vanderbilt,7,-2.8773,80.0,12.3,4065719.0
Tyson Batiste,The Citadel,5,-4.0449,75.0,18.7,4067530.0
Kashaun Hicks,Norfolk St.,17,-5.83353,78.0,17.4,4067529.0
Tyler Sharpe,Northern Kentucky,1,0.27221,72.0,22.1,4065667.0
C.J. Duff,Western Illinois,10,-4.26171,73.0,17.6,4067729.0
Patrick Good,East Tennessee St.,14,3.00915,72.0,16.0,4067769.0
Isaac Johnson,Appalachian St.,6,3.00409,81.0,19.1,4067770.0
Christian Willis,Arkansas St.,11,-2.97234,73.0,14.4,4067775.0
Cordell Pemsl,Iowa,8,2.8328,81.0,15.3,4066370.0
Te'Jon Lucas,Milwaukee,9,1.80304,74.0,25.2,4066357.0
Chase Harler,West Virginia,17,4.19519,75.0,14.0,4066331.0
Maciej Bender,Mercer,16,-2.25971,83.0,24.0,4066332.0
Ryan Kriener,Iowa,2,4.6452,82.0,19.8,4066368.0
Jordan Bohannon,Iowa,10,1.13601,73.0,19.3,4066366.0
Justin Thomas,Morehead St.,5,-2.16169,71.0,18.6,4067394.0
Milos Jovic,Miami OH,17,-1.23324,76.0,15.4,4067389.0
Shane Gatling,Colorado,10,0.499271,74.0,17.2,4067340.0
Josh Ferguson,Winthrop,3,1.05495,80.0,18.5,4067741.0
Brooks DeBisschop,Northern Arizona,2,3.97788,81.0,21.1,4066906.0
Mitch Peterson,Kent St.,17,-0.259474,77.0,9.9,4067386.0
Chris Bowling,Northern Arizona,17,-5.07371,79.0,13.9,4066909.0
Matt Chastain,Illinois St.,15,1.11745,78.0,12.4,4279139.0
Dikymbe Martin,UC Riverside,14,1.57361,73.0,20.1,4066949.0
Lamar Stevens,Penn St.,3,4.41867,80.0,30.2,4066405.0
Marcus Ottey,Illinois Chicago,1,-3.39629,74.0,22.2,4067433.0
Stevie Jordan,Rider,5,-1.37305,72.0,23.6,4067349.0
James Towns,Niagara,1,-5.26534,70.0,29.7,4067341.0
Cameron Satterwhite,Northern Arizona,1,-2.07569,76.0,20.7,4067023.0
Ryan Woolridge,Gonzaga,11,6.2726,75.0,16.3,3906547.0
Alessandro Lever,Grand Canyon,3,1.03586,82.0,24.0,4280173.0
Isaiah Washington,Iona,9,0.874235,73.0,21.3,4277967.0
Makhtar Gueye,UAB,7,-1.5193,82.0,17.8,4279106.0
LaDavius Draine,Southern Miss,1,0.782334,76.0,21.4,4279101.0
Trey Wade,Wichita St.,3,5.24904,78.0,17.3,4279111.0
Kyle Young,Ohio St.,13,7.58548,80.0,15.7,4277974.0
Anthony Gaines,Northwestern,6,3.22594,76.0,14.8,4277972.0
David Maynard,Colgate,17,-2.33374,76.0,9.6,4280049.0
Pauly Paulicap,Manhattan,0,-3.06891,80.0,28.9,4279706.0
Andrew Platek,North Carolina,17,0.327752,76.0,13.3,4277906.0
Jason Strong,Northeastern,3,-2.06266,80.0,17.4,4279220.0
Derrick Cook,Jacksonville St.,5,-2.25967,77.0,15.4,4279219.0
Myles Franklin,Northeastern,5,-3.94206,76.0,17.7,4279221.0
Kamar McKnight,Coppin St.,1,-4.08821,76.0,27.2,4279905.0
Brandon McKissic,UMKC,9,-0.617557,75.0,22.3,4280190.0
Cade Crosland,Tennessee Tech,14,-3.38672,72.0,14.2,4279904.0
Jack Perry,Eastern Washington,12,1.81279,74.0,9.1,4278600.0
Bailey Patella,Vermont,15,3.51202,77.0,11.8,4278246.0
Alex Barcello,BYU,11,5.31758,74.0,13.9,4278130.0
Maxwell Evans,Vanderbilt,14,0.460639,74.0,15.6,4278123.0
Grant Anticevich,California,3,0.636509,80.0,18.1,4278145.0
Austin McCullough,Campbell,12,-2.44688,77.0,16.5,4278142.0
Brad Davison,Wisconsin,14,5.96259,76.0,17.3,4277993.0
Kobe King,Wisconsin,3,2.21375,76.0,21.9,4277992.0
Nate Reuvers,Wisconsin,2,4.31952,83.0,27.3,4277994.0
Ira Lee,Arizona,8,3.75526,79.0,15.3,4278128.0
Josh Pitts,Cal St. Fullerton,16,-10.7972,81.0,17.8,4278727.0
Taj Benning,Fairfield,7,-2.41773,76.0,19.5,4279483.0
Johnny Wang,Cal St. Fullerton,15,-6.08322,81.0,13.8,4278728.0
Aidas Kavaliauskas,Fairfield,5,-3.80105,73.0,15.1,4080375.0
Wassef Methnani,Fairfield,16,-2.86437,80.0,23.5,4279486.0
Kevin Senghore-Peterson,Fairfield,7,-7.29892,79.0,15.2,4279485.0
Parker Stewart,Tennessee Martin,1,-2.90551,77.0,28.5,4278013.0
Khameron Davis,Weber St.,17,-2.14962,76.0,15.3,4278016.0
Marcus Carr,Minnesota,9,5.61231,74.0,25.9,4278014.0
Lavar Batts Jr.,UNC Asheville,9,-1.83252,75.0,24.6,4278006.0
Terrell Brown,Pittsburgh,0,2.25165,82.0,14.4,4278018.0
Jeff Gary,Mercer,14,-0.247158,76.0,16.0,4279215.0
Gairges Daow,Northern Illinois,17,-2.72119,76.0,14.3,4279439.0
Jacob Wiley,Illinois Chicago,15,-1.80517,79.0,17.5,4279246.0
Jalen Crutcher,Dayton,11,6.9421,73.0,22.4,4278352.0
Vance Jackson,New Mexico,3,0.168324,81.0,21.4,4066442.0
Terrence Lewis,Iowa St.,12,0.672684,78.0,21.0,4277888.0
Luka Vasic,Charlotte,15,-6.96948,80.0,21.2,4278934.0
Milos Supica,Charlotte,13,-0.636956,81.0,21.8,4278932.0
Nike Sibande,Miami OH,3,-1.49928,76.0,27.2,4279430.0
Donovan Sims,Middle Tennessee,5,-2.54377,73.0,20.6,4279080.0
Jalen Gibbs,Mount St. Mary's,10,-3.38436,75.0,18.9,4278993.0
Tydus Verhoeven,UTEP,13,3.77649,81.0,8.2,4278488.0
Nicholas Kratholm,Niagara,7,-6.06475,81.0,17.0,4278489.0
Goanar Mar,George Mason,4,-3.46016,79.0,12.9,4278356.0
Bryan Knapp,Cornell,14,-3.14415,73.0,15.0,4279473.0
Terrance McBride,Cornell,11,-0.243669,74.0,21.8,4279474.0
Riley Voss,Cornell,4,-2.90488,78.0,14.4,4279475.0
Chris Knight,Dartmouth,2,4.66777,79.0,33.4,4279553.0
Aaryn Rai,Dartmouth,2,1.7588,78.0,23.9,4279554.0
Rio Haskett,Harvard,11,0.115158,75.0,18.7,4279556.0
Scott Blakney,Idaho,8,-2.71894,80.0,19.8,4278609.0
Timmy Falls,Montana,5,-0.362441,74.0,15.4,4278621.0
Isaiah Livers,Michigan,12,5.51577,79.0,18.0,4277957.0
Eli Brooks,Michigan,14,4.26134,73.0,17.7,4277960.0
Isaiah Gable,Southeast Missouri St.,17,-5.5292,79.0,14.3,4279894.0
Jahvon Blair,Georgetown,1,1.55712,76.0,20.7,4278565.0
Jose Alvarado,Georgia Tech,9,6.28719,72.0,22.7,4277869.0
Jamaree Bouyea,San Francisco,6,5.38621,74.0,20.3,4280245.0
Melo Eggleston,Arkansas St.,7,-7.04593,80.0,27.1,4278044.0
Chaundee Brown,Wake Forest,3,3.27195,77.0,21.3,4278045.0
Olivier Sarr,Wake Forest,2,4.93839,84.0,24.2,4278046.0
RJ Nembhard,TCU,1,-0.141549,77.0,24.5,4277916.0
Izaiah Brockington,Penn St.,6,1.73646,76.0,21.0,4278412.0
Tirus Smith,Louisiana,8,-0.604306,80.0,20.1,4279110.0
Alex O'Connell,Duke,6,3.27933,78.0,20.0,4277846.0
Jalen Ray,Hofstra,1,0.65111,74.0,18.7,4279206.0
Evan Gilyard,New Mexico St.,1,-0.874777,70.0,20.0,4279109.0
John Jones,Texas Southern,10,-4.59818,72.0,18.5,4278696.0
Jayvon Graves,Buffalo,1,1.97015,75.0,23.5,4279325.0
Daeqwon Plowden,Bowling Green,3,2.71892,78.0,19.3,4279318.0
Nelly Cummings,Colgate,14,-0.819251,72.0,17.6,4279317.0
James Reese,North Texas,12,3.34401,76.0,14.9,4279322.0
Fatts Russell,Rhode Island,9,6.9987,70.0,26.9,4278371.0
Maceo Jack,George Washington,14,0.275278,77.0,16.4,4278495.0
Greg Calixte,George Mason,16,-1.10302,80.0,14.6,4278362.0
Elyjah Williams,Fairleigh Dickinson,15,0.306267,79.0,21.0,4279627.0
K.J. Riley,Evansville,9,-1.46516,77.0,24.1,4279134.0
Noah Morgan,Eastern Michigan,5,-2.6422,77.0,23.9,4279626.0
Josh Nicholas,Louisiana Monroe,3,-1.6355,75.0,18.5,4279652.0
Jimmy Boeheim,Cornell,3,-1.60795,80.0,30.7,4279472.0
Tai Bibbs,Columbia,10,-3.2465,75.0,14.9,4279470.0
Randy Brumant,Columbia,7,0.11347,79.0,16.3,4279466.0
Matt DeWolf,Brown,7,-1.55833,81.0,18.7,4279464.0
Tamenang Choh,Brown,7,-0.870291,77.0,28.4,4279463.0
Isaac Bonton,Washington St.,9,-0.269438,75.0,30.6,4278628.0
Kaleb Wesson,Ohio St.,2,8.18957,81.0,26.4,4277975.0
Lenell Henry,Prairie View A&M,7,-5.64155,80.0,19.9,4278645.0
John Harrar,Penn St.,13,7.24447,81.0,13.9,4277980.0
Jamari Wheeler,Penn St.,6,4.59412,73.0,11.5,4277978.0
Garrison Brooks,North Carolina,2,4.49069,81.0,23.4,4277908.0
Wabissa Bede,Virginia Tech,5,0.199172,72.0,16.6,4278038.0
P.J. Horne,Virginia Tech,12,1.12224,78.0,14.0,4278040.0
Corey Tillery,Alcorn St.,10,-3.47488,75.0,18.7,4279900.0
Ejike Obinna,Vanderbilt,8,-5.44634,82.0,12.5,4278125.0
Trae Berhow,Northern Iowa,12,3.91175,77.0,16.3,4280203.0
Saben Lee,Vanderbilt,9,4.17965,74.0,29.7,4278124.0
Mikail Simmons,Bryant,17,-2.78955,81.0,18.1,4280162.0
Cameron Allen,Cal St. Bakersfield,1,-2.67156,72.0,23.0,4280160.0
Levi Stockard III,Kansas St.,16,-1.09396,80.0,14.7,4277897.0
Mike McGuirl,Kansas St.,11,3.21253,74.0,15.0,4277895.0
Marcus Garrett,Kansas,6,7.33624,77.0,18.4,4277892.0
Simon Wright,Elon,3,-0.403688,79.0,15.1,4279202.0
Jacob Rigoni,Quinnipiac,14,-2.50041,78.0,15.1,4279743.0
Rich Kelly,Quinnipiac,1,-1.1335,73.0,25.8,4279741.0
TJ Parham,Alabama A&M,4,-8.22864,79.0,21.8,3948824.0
Jamorko Pickett,Georgetown,3,1.53892,80.0,18.7,4278566.0
Quade Green,Washington,11,4.10764,72.0,19.7,4278074.0
Davide Moretti,Texas Tech,11,2.95099,75.0,18.7,4277930.0
Stef Smith,Vermont,11,2.69549,74.0,24.5,4278244.0
Bryce Moragne,Florida A&M,8,-1.42601,77.0,14.9,4279780.0
Javon Levi,UT Rio Grande Valley,9,0.576689,71.0,24.8,4280187.0
Josip Vrankic,Santa Clara,2,5.26205,81.0,23.5,4280250.0
Shaquille Walters,Northeastern,3,-0.376116,78.0,17.5,4280251.0
Makol Mawien,Kansas St.,7,-0.616129,81.0,22.5,3907507.0
Jalen King,Eastern Michigan,16,-0.535543,82.0,7.5,4279334.0
Justin McCall,Cal St. Bakersfield,7,-4.55222,78.0,16.2,4278732.0
Christian David,Butler,12,3.80164,78.0,12.4,4278554.0
Cooper Neese,Indiana St.,10,-1.03262,76.0,18.4,4288068.0
Aaron Thompson,Butler,5,2.71588,74.0,16.9,4278552.0
Sandro Mamukelashvili,Seton Hall,2,6.38022,83.0,20.2,4278580.0
Holland Woods,Portland St.,9,0.213821,73.0,27.8,4278657.0
M.J. Walker,Florida St.,1,0.932354,77.0,21.5,4277854.0
Wyatt Wilkes,Florida St.,12,2.94012,80.0,18.2,4277855.0
Ike Obiagu,Seton Hall,0,2.62873,86.0,14.2,4277851.0
Anthony Polite,Florida St.,6,5.18306,78.0,16.1,4277852.0
Steffon Mitchell,Boston College,6,8.51281,80.0,15.7,4277832.0
Deontaye Buskey,Charleston Southern,11,-1.16318,73.0,19.3,4278684.0
Ty Jones,Charleston Southern,3,-4.46585,78.0,19.4,4278685.0
Ja'Cor Nelson,Campbell,5,-3.77113,75.0,25.8,4278680.0
Jordan Whitfield,Campbell,1,-3.77313,73.0,18.7,4278681.0
Phlandrous Fleming Jr.,Charleston Southern,9,2.69655,76.0,30.0,4278688.0
Jaheam Cornwall,Gardner Webb,11,0.899188,72.0,22.1,4278690.0
Dajour Dickens,Old Dominion,16,-4.72255,84.0,17.8,4278576.0
Paul Scruggs,Xavier,11,4.39187,76.0,20.8,4278591.0
Greg Elliott,Marquette,11,3.54649,75.0,14.0,4278570.0
Theo John,Marquette,0,6.93208,81.0,13.8,4278569.0
Jamal Cain,Marquette,15,4.75285,79.0,14.4,4278572.0
Nate Watson,Providence,8,3.57893,82.0,24.6,4278573.0
Jack Ballantyne,LIU,15,-4.47031,81.0,15.4,4279232.0
Jermaine Jackson Jr.,LIU,1,-2.56623,70.0,21.2,4279230.0
Jordan Nwora,Louisville,3,5.90938,79.0,26.0,4277883.0
Marek Dolezaj,Syracuse,2,5.74825,82.0,18.0,4278032.0
Bourama Sidibe,Syracuse,13,6.96883,82.0,12.5,4278033.0
Javante McCoy,Boston University,1,-2.05029,77.0,24.0,4280041.0
Sukhmail Mathon,Boston University,8,-0.102519,82.0,16.7,4280042.0
Walter Whyte,Boston University,3,-0.341075,78.0,22.6,4280039.0
Paul Newman,Bucknell,16,-3.35418,81.0,21.3,4280043.0
Jimmy Sotos,Bucknell,9,0.150571,75.0,22.0,4280044.0
Connor McCaffery,Iowa,10,5.53077,77.0,12.3,4277950.0
Jase Febres,Texas,14,3.47806,77.0,15.9,4277921.0
Marquis Godwin,Old Dominion,10,-6.12835,77.0,18.0,4279093.0
Zach Jacobs,James Madison,3,-2.55146,80.0,18.5,4279212.0
Zach Cooks,NJIT,1,0.0517317,69.0,29.4,4278449.0
Isaiah Banks,FIU,12,2.30113,77.0,13.5,4278975.0
"Willy Nunez, Jr.",Rider,14,-1.19876,78.0,12.8,4278979.0
Amorie Archibald,Louisiana Tech,11,3.44569,75.0,20.1,4279005.0
Rayshawn Neal,South Carolina St.,9,-3.12196,70.0,25.7,4279846.0
Trent Frazier,Illinois,10,3.84694,74.0,15.7,4277936.0
Michal Kozak,Weber St.,3,-0.268722,80.0,16.0,4278674.0
Trevon Ary-Turner,Dartmouth,17,-4.11877,75.0,18.1,4278675.0
Anthony Smith,Murray St.,8,1.45588,79.0,18.6,4279891.0
Cedrick Alley Jr.,Houston,17,1.88077,78.0,10.2,4278259.0
Gabe Grant,Buffalo,17,-4.1836,78.0,17.6,4278258.0
Ethan Chargois,SMU,7,1.31737,81.0,21.4,4278297.0
Fabian White Jr.,Houston,8,3.03462,79.0,21.0,4278263.0
Elijah Cuffee,Liberty,17,1.32661,76.0,14.7,4278881.0
Justyn Mutts,Delaware,2,2.67795,79.0,21.9,4278693.0
Denny Slay II,High Point,1,-5.56976,71.0,18.8,4278694.0
Shunn Buchanan,New Mexico St.,5,-0.797096,72.0,14.5,4280175.0
Naji Marshall,Xavier,9,5.51921,79.0,26.6,4278594.0
Elias Harden,Jacksonville St.,10,-4.49994,77.0,17.3,4278592.0
Jamal Johnson,Auburn,10,2.08676,76.0,14.4,4278281.0
Daniel Akin,UMBC,16,-4.55248,81.0,16.6,4279163.0
Brandon Horvath,UMBC,15,-0.455391,82.0,18.2,4279162.0
Asbjorn Midtgaard,Wichita St.,16,2.62082,84.0,14.4,4278485.0
Jon Brown,Tennessee St.,7,-7.23974,80.0,18.8,4277873.0
Jacob Gilyard,Richmond,9,8.39209,69.0,18.8,4278378.0
Stacy Beckton Jr.,American,6,-0.015576,76.0,17.4,4280025.0
Ahmad Clark,Albany,9,0.437391,73.0,32.6,4278199.0
Bryson Lockley,Kennesaw St.,7,-4.5922,80.0,19.8,3936178.0
Rocky Kreuser,North Dakota St.,3,1.65652,82.0,21.1,4279518.0
Noah Frederking,Evansville,14,-3.58351,76.0,14.4,4279133.0
Jahlil Tripp,Pacific,2,6.63085,77.0,28.6,4285659.0
Hunter Maldonado,Wyoming,9,2.03574,79.0,29.7,4280267.0
Rylan Bergersen,Central Arkansas,3,-1.47539,78.0,23.9,4280143.0
Brock Miller,Utah St.,14,-0.760683,77.0,16.4,4278721.0
Dwight Wilson,James Madison,8,-5.01121,80.0,23.2,4279213.0
Mark Flagg,Saint Francis,8,0.692159,81.0,18.6,4280256.0
Chase Freeman,Wagner,10,-3.57305,71.0,11.2,4279884.0
Chauncey Hawkins,St. Francis NY,9,-1.0883,68.0,25.7,4279649.0
Yaradyah Evans,St. Francis NY,4,-5.34658,78.0,12.9,4279650.0
Milija Cosic,St. Francis NY,17,-7.11456,78.0,15.9,4279653.0
Nate Pierre-Louis,Temple,6,4.4965,76.0,20.8,4278333.0
Justyn Hamilton,Temple,7,-3.88286,82.0,19.0,4278334.0
De'Vondre Perry,Temple,12,2.87298,79.0,16.0,4278335.0
David Collins,South Florida,6,1.40512,76.0,26.8,4278306.0
Justin Brown,South Florida,12,2.54079,78.0,16.2,4278307.0
J.P. Moorman II,Temple,17,0.700976,79.0,13.9,4278332.0
Cameron Benford,Purdue Fort Wayne,16,-0.770812,80.0,11.2,4279505.0
Chris Quayle,North Dakota St.,17,-2.61433,77.0,10.4,4279516.0
Jordan McKenzie,Stony Brook,4,-3.52459,73.0,9.7,4278242.0
Wyatt Yess,Yale,15,4.36446,80.0,11.3,4279700.0
Scott Hitchon,Canisius,3,-2.23739,80.0,24.5,4279482.0
Jaylen Butz,DePaul,8,1.46633,81.0,19.8,4278559.0
Paul Reed,DePaul,0,10.0563,81.0,23.6,4278562.0
Justin Roberts,Georgia St.,1,1.98449,71.0,21.7,4397535.0
Nathan Cayo,Richmond,8,1.90783,79.0,17.4,4278380.0
Braxton Beverly,N.C. State,14,1.66982,72.0,13.8,4278007.0
E.J. Stephens,Lafayette,1,-2.41564,73.0,21.2,4280074.0
Ed Porter,Lehigh,16,-5.74719,79.0,11.8,4280079.0
James Karnik,Lehigh,8,0.408334,81.0,22.3,4280080.0
Marques Wilson,Lehigh,1,-2.55652,76.0,21.1,4280081.0
Isaiah Hart,Loyola MD,5,-5.54897,71.0,19.6,4280083.0
Brent Holcombe,Loyola MD,7,-4.93853,80.0,17.7,4280087.0
Devin Gilmore,Murray St.,15,4.91253,78.0,13.7,4279889.0
Jacoby Ross,Alabama St.,1,-4.86441,69.0,19.5,4280626.0
Myles Douglas,Saint Joseph's,10,-5.62198,79.0,20.5,4278479.0
Tristan Jarrett,Jackson St.,1,-2.27872,76.0,34.4,4278443.0
Andrew Petcash,Boston University,12,-0.0527979,76.0,12.2,4280040.0
David Beatty,La Salle,11,0.960507,74.0,20.4,4278107.0
Hasahn French,Saint Louis,0,8.34131,79.0,23.8,4278403.0
Dwayne Rose Jr.,Detroit Mercy,1,-7.1292,76.0,23.0,4279450.0
Mitch Ballock,Creighton,14,8.42761,77.0,14.8,4278556.0
JoJo Walker,Portland,1,-1.96753,73.0,21.8,4280207.0
Ty-Shon Alexander,Creighton,11,7.32301,76.0,21.9,4278555.0
Tahirou Diabate,Portland,15,-2.36347,81.0,26.3,4280209.0
James Baker,Morehead St.,7,-3.00208,78.0,20.2,4279875.0
Caleb Hollander,Belmont,3,-1.34757,80.0,25.8,4279921.0
Grayson Murphy,Belmont,6,8.93167,74.0,19.2,4279920.0
Nigel Jackson,Wagner,3,-2.86653,79.0,22.0,4279882.0
JacQuess Hobbs,Eastern Kentucky,5,0.176247,74.0,16.9,4279851.0
Greg Jones,Lipscomb,14,-2.40137,75.0,14.5,4278444.0
Parker Hazen,Lipscomb,7,-5.62932,79.0,16.1,4279172.0
Marten Linssen,UNC Wilmington,8,0.307971,80.0,23.0,4279174.0
Mileek McMillan,Valparaiso,3,-1.27304,80.0,26.2,4279176.0
Brian Thomas,Florida Gulf Coast,0,5.08931,81.0,9.4,4278389.0
Taavi Jurkatamm,San Francisco,4,-1.12305,81.0,10.7,4280248.0
Clyde Trapp,Clemson,17,-0.0012278,76.0,17.8,4277833.0
Darien Jackson,Tulsa,6,6.39791,75.0,16.8,4278408.0
Elijah Joiner,Tulsa,5,1.93862,75.0,18.6,4278407.0
A.J. Oliver II,Old Dominion,14,0.717504,77.0,18.4,4592878.0
Jordan Tucker,Butler,14,0.771704,79.0,22.2,4277844.0
Sam Kearns,Oral Roberts,17,-0.193151,73.0,12.8,4279521.0
Stanley Umude,South Dakota,3,0.145473,78.0,28.4,4279532.0
Brandon Key,South Dakota St.,5,-3.27775,70.0,20.7,4279525.0
Jordan Schakel,San Diego St.,12,5.56409,78.0,15.1,4278707.0
Isaac White,Stanford,14,3.91012,74.0,13.2,4278523.0
Justin Smith,Indiana,15,3.94967,79.0,18.2,4277943.0
Al Durham,Indiana,11,3.0308,76.0,19.1,4277942.0
Brandon Rachal,Tulsa,6,4.15309,78.0,24.2,4278079.0
Justin Jaworski,Lafayette,11,-2.4396,74.0,27.3,4280075.0
Connor Niego,Holy Cross,3,-2.86079,80.0,16.3,4280071.0
Matt Faw,Holy Cross,3,-2.96532,81.0,25.1,4280072.0
Austin Butler,Holy Cross,3,-4.02365,77.0,21.7,4280070.0
John Meeks,Bucknell,3,-2.38215,78.0,21.8,4280046.0
Jermaine Samuels,Villanova,12,6.92052,79.0,18.6,4278588.0
Cameron Christon,Grambling St.,3,-1.77817,78.0,20.1,4278638.0
Matt Halvorsen,Western Carolina,14,1.49146,73.0,11.7,4280115.0
Jordan Burns,Colgate,9,1.98871,72.0,26.9,4280047.0
Michael Diggins,Illinois Chicago,15,2.23045,80.0,17.1,4279245.0
Deion Hammond,Monmouth,14,-0.323516,76.0,24.0,4279734.0
Marcus McClary,Monmouth,7,-1.68483,75.0,13.8,4279736.0
Manny Camper,Siena,2,2.33266,79.0,22.0,4279751.0
Greg Kuakumensah,Niagara,3,-2.48093,78.0,23.6,4279739.0
Christian Bentley,Youngstown St.,5,-8.88317,75.0,18.9,4279750.0
Roman Penn,Drake,9,3.56606,71.0,24.0,4279754.0
Lewis Djonkam,Radford,16,-6.37608,81.0,16.2,4278422.0
Jarrod West,Marshall,1,2.04064,71.0,20.3,4279077.0
Darius George,Marshall,15,1.57863,79.0,16.7,4279078.0
Alihan Demir,Minnesota,3,3.40284,81.0,16.9,4279197.0
Bo Hodges,East Tennessee St.,6,3.38231,77.0,23.5,4280018.0
Alex Reed,The Citadel,7,-5.13043,75.0,18.5,4280012.0
Derek Webster Jr.,The Citadel,16,-1.85537,76.0,17.7,4280013.0
D'Angelo Hunter,Nicholls St.,10,-3.12076,79.0,19.1,4277934.0
Tristan Clark,Baylor,16,-0.707169,82.0,19.9,4277885.0
Dre Marin,Southern Utah,14,-0.383859,72.0,15.9,4278670.0
Jordan Lyons,Mississippi Valley St.,16,-9.87314,79.0,16.3,4278671.0
Isaiah Williams,IU Indy,7,-7.99601,80.0,23.8,4278882.0
Tyler Polley,Connecticut,14,4.88111,81.0,15.1,4278230.0
Lance Thomas,Memphis,15,4.05977,81.0,15.9,4277877.0
Darius Perry,Louisville,5,1.55511,74.0,17.7,4277878.0
Mike'L Simms,VCU,14,1.48404,77.0,15.1,4278417.0
Greg Parham,VMI,1,-3.50319,76.0,22.1,4280099.0
Bubba Parham,Georgia Tech,5,1.78767,70.0,12.5,4280103.0
Corey Kispert,Gonzaga,12,6.57201,79.0,17.2,4280151.0
Avery Diggs,UCF,15,-0.0291142,83.0,16.7,4278461.0
Jordan Goodwin,Saint Louis,6,6.18773,75.0,25.5,4278402.0
Jaizec Lottie,Little Rock,5,-1.34943,73.0,16.8,4280284.0
Avery Sullivan,Lamar,8,-0.264565,80.0,20.4,4278290.0
Shelby Adams,Texas St.,10,-0.607089,75.0,14.3,4280276.0
Reggie Miller,Abilene Christian,4,-1.85942,72.0,14.7,4593747.0
Augustine Ene,Incarnate Word,17,-5.41454,76.0,20.3,4278277.0
Elijah Childs,Bradley,2,2.49818,79.0,25.6,4278982.0
Matt Mitchell,San Diego St.,2,6.56109,78.0,23.8,4278706.0
Greg Heckstall,Hampton,3,-3.03085,80.0,15.4,4279786.0
PJ Pipes,Green Bay,11,0.829184,74.0,14.7,4279237.0
Devontae Shuler,Mississippi,6,4.21151,74.0,20.6,4278085.0
Matt Haarms,Purdue,0,9.26857,87.0,22.1,4080105.0
Geo Baker,Rutgers,9,5.43946,76.0,22.3,4277986.0
Jahlil Jenkins,Fairleigh Dickinson,1,-0.98663,72.0,23.0,4279625.0
Nojel Eastern,Purdue,7,3.06074,79.0,16.1,4277984.0
Colbey Ross,Pepperdine,9,2.83291,73.0,31.5,4280201.0
Iziah James,SIU Edwardsville,10,-6.12264,72.0,17.1,4278708.0
Cedric Russell,Louisiana,1,-0.85994,74.0,21.4,4280257.0
Malik Osborne,Florida St.,2,5.14937,81.0,15.9,4279098.0
Samuta Avea,Hawaii,3,-0.952483,78.0,18.4,4278746.0
Remy Martin,Arizona St.,9,4.27724,72.0,29.0,4278133.0
Tyler Maye,North Carolina A&T,5,-2.74229,74.0,18.9,4278423.0
Justin Whatley,North Carolina Central,15,-1.73863,80.0,15.0,4278249.0
Kaiden Rice,The Citadel,14,-4.71485,78.0,20.8,4280011.0
Umoja Gibson,North Texas,11,1.68292,73.0,25.8,4279087.0
Tariq Simmons,South Carolina St.,10,-6.44439,75.0,19.3,4280009.0
Leondre Washington,McNeese St.,5,-4.57448,72.0,21.7,4279636.0
Ivan Raut,Fordham,17,-2.10493,79.0,17.1,4278492.0
Koby Thomas,Coppin St.,8,-3.26527,78.0,25.6,4279639.0
Eden Ewing,Texas Southern,15,-1.46471,80.0,21.8,4277983.0
Myles Lewis,VMI,7,-6.98583,77.0,23.5,4280102.0
Yves Pons,Tennessee,15,5.05378,78.0,16.7,4278116.0
Justin Minaya,South Carolina,3,5.76433,78.0,14.0,4278111.0
Charles Bain,Robert Morris,7,-4.4756,80.0,21.1,4279641.0
Keaton Van Soelen,Air Force,15,-0.348816,79.0,13.9,4278620.0
Keaton Wallace,UTSA,1,0.817076,75.0,27.0,4279118.0
Souley Boum,UTEP,1,0.560631,75.0,22.4,4280244.0
Bates Jones,Davidson,17,1.16311,80.0,13.9,4278348.0
Kellan Grady,Davidson,11,2.28797,77.0,25.4,4278349.0
Jeremiah Tilmon,Missouri,0,3.26283,82.0,23.0,4278105.0
Tyrei Randall,Rider,17,-2.50333,78.0,20.5,4279745.0
Paul Atkinson,Yale,2,5.62963,82.0,24.5,4279699.0
Dylan Alderson,Toledo,17,-2.21442,77.0,11.3,4279453.0
Eddie Scott,Penn,12,0.226188,78.0,13.2,4279560.0
Shaquillo Fritz,Pacific,13,4.72276,80.0,13.3,3904634.0
Omar Habwe,Mount St. Mary's,3,-3.3038,78.0,21.3,4279868.0
Charles Falden,Winthrop,12,-1.3254,75.0,20.5,4279060.0
Kyle Zunic,Winthrop,17,-0.954814,74.0,15.9,4279061.0
Ryan Schwieger,Princeton,11,-0.537413,79.0,24.3,4279565.0
DeAndre Jones,Central Arkansas,9,-1.98102,71.0,25.8,4278267.0
Ian DuBose,Houston Christian,9,-0.0309983,76.0,28.4,4278268.0
Philip McKenzie,Houston Christian,7,-5.18416,77.0,13.2,4278269.0
Hayden Koval,Central Arkansas,0,2.81113,84.0,18.5,4278265.0
David Caraher,St. John's,17,0.979694,78.0,15.7,4278271.0
Teshaun Hightower,Tulane,9,-0.402559,77.0,27.2,4278064.0
Mike Okauru,UNC Wilmington,5,-0.586149,75.0,21.6,4278057.0
Rayshaun Hammonds,Georgia,3,3.20334,81.0,23.1,4278065.0
Isaac Kante,Hofstra,13,1.26322,79.0,18.2,4278066.0
Jay Jay Chandler,Texas A&M,5,-2.16582,76.0,20.0,4278117.0
Mack Smith,Eastern Illinois,12,0.00432676,74.0,18.5,4279836.0
Antwan Walker,Rhode Island,15,1.92971,79.0,16.7,4278567.0
Peyton Smith,Texas A&M Corpus Chris,5,-4.02412,74.0,12.9,4278342.0
Jon Williams,Robert Morris,5,-2.65209,73.0,15.1,4279635.0
Jerome Desrosiers,Princeton,12,2.41981,79.0,17.4,4279566.0
Jaylon Hall,Wright St.,5,-0.0702727,77.0,17.4,4279497.0
A.J. Caldwell,Chattanooga,12,3.25186,76.0,12.0,4280264.0
Keith Williams,Cincinnati,6,4.74965,77.0,22.8,4278217.0
Hunter Crist,Green Bay,5,-4.53781,75.0,11.6,4279242.0
Chris Joyce,Air Force,17,-2.68624,77.0,17.9,4278615.0
Trevian Bell,Green Bay,3,-4.1868,79.0,20.0,4279240.0
Mamoudou Diarra,Cincinnati,15,2.75841,81.0,16.3,4278219.0
Anthony Longpre,Saint Joseph's,3,-2.70301,82.0,17.4,4278393.0
Markus Golder,Portland St.,3,-1.34782,78.0,18.3,4279173.0
Chris Harris Jr.,Houston,0,11.2442,82.0,12.2,3907779.0
Malik Williams,Louisville,2,5.92093,83.0,22.5,4277880.0
Jericho Sims,Texas,13,6.30446,81.0,18.1,4277922.0
Daryl Edwards,UTEP,14,-0.344164,75.0,18.8,4278081.0
Gavin Kensmil,Stephen F. Austin,8,3.63898,79.0,21.5,4279493.0
Isaiah Coleman-Lands,Miami OH,14,0.970631,72.0,16.4,4279432.0
Dedric Boyd,Illinois St.,1,-3.94631,76.0,24.2,4279854.0
Brandon Davis,Sacramento St.,5,-1.90082,74.0,19.2,4284625.0
Donald Carey,Siena,1,-0.42515,77.0,20.6,4402802.0
Bobby Planutis,St. Bonaventure,7,0.524921,80.0,17.8,4279863.0
Cameron Corcoran,FIU,10,-4.45733,73.0,16.2,4280283.0
Ace Stallings,George Washington,16,-1.73055,82.0,12.4,4279866.0
Leroy Butts IV,Radford,17,-2.70857,79.0,15.6,4279056.0
Jordan Cintron,Longwood,6,1.04621,80.0,14.4,4278891.0
Aamir Simms,Clemson,2,7.47325,80.0,24.0,4277835.0
Isaiah Miller,UNC Greensboro,9,4.83396,72.0,37.3,4280037.0
Storm Murphy,Wofford,11,0.109602,72.0,21.4,4280118.0
Marcus Thomas,Western Carolina,17,-4.54298,75.0,17.9,4280116.0
Nick Weatherspoon,Mississippi St.,9,0.867205,74.0,23.4,4278094.0
Tray Hollowell,Wofford,1,-1.76082,74.0,22.3,4280119.0
Gabe Osabuohien,West Virginia,16,6.15804,79.0,15.8,4278051.0
Darious Hall,DePaul,7,-3.12464,79.0,17.5,4278050.0
Alex Reese,Alabama,3,2.25231,81.0,19.4,4277812.0
John Petty Jr.,Alabama,11,5.80301,77.0,19.3,4277814.0
Galin Smith,Alabama,16,0.241636,81.0,13.8,4277815.0
Jack Ferguson,Colgate,12,-1.76171,75.0,16.8,4280048.0
Davion Mitchell,Baylor,9,4.65648,74.0,19.1,4278053.0
Isiah Jasey,SMU,16,-1.31888,82.0,13.6,4278120.0
Savion Flagg,Texas A&M,3,2.31621,79.0,21.1,4278119.0
Alex Hunter,Furman,11,3.08095,71.0,14.6,4280016.0
Royce Hamm Jr.,Texas,16,-2.19824,80.0,18.0,4277920.0
Obadiah Noel,UMass Lowell,11,-0.463797,76.0,26.5,4278235.0
Matt Coleman III,Texas,11,4.27124,74.0,22.4,4277918.0
Isaiah Whaley,Connecticut,0,7.10465,80.0,16.5,4278231.0
Casdon Jardine,Utah Valley,14,-1.67738,79.0,16.6,4278640.0
Zach Reichle,Oregon St.,11,1.86504,77.0,15.5,4278517.0
Ayo Akinwole,Nebraska Omaha,11,-0.483818,72.0,14.4,4279508.0
Matt Pile,Nebraska Omaha,8,1.35245,80.0,21.6,4279512.0
Jordan Roberts,Long Beach St.,7,-4.24305,81.0,19.4,4278751.0
Troymain Crosby,Alcorn St.,3,-4.84651,76.0,28.4,4280061.0
Miks Antoms,Maine,4,-5.3876,80.0,17.3,4278224.0
Makuach Maluach,New Mexico,12,0.587656,79.0,16.9,4278699.0
Josh Hopkins,New Hampshire,10,-3.81286,77.0,16.6,4278238.0
Czar Perry,Cal St. Bakersfield,5,-1.39186,74.0,18.4,4278312.0
Dimitrije Spasojevic,UMBC,8,-2.3028,80.0,21.1,4278250.0
Trejon Jacob,FIU,11,2.80052,77.0,19.6,4278977.0
Josh Linder,Georgia St.,8,0.766549,80.0,15.4,4280168.0
Austin Phyfe,Northern Iowa,13,9.12027,81.0,21.8,4279169.0
Cameron Krutwig,Loyola Chicago,2,8.09299,81.0,28.4,4279150.0
Mustafa Lawrence,Fresno St.,5,-3.87235,73.0,23.0,4279155.0
Tobi Ewuosho,Alabama St.,3,-1.53954,77.0,23.7,4280620.0
Tywhon Pickford,Northern Iowa,7,0.904108,76.0,15.5,4279167.0
Moses Wright,Georgia Tech,15,1.86053,81.0,22.8,4277871.0
Kobe Webster,Western Illinois,1,-2.93938,72.0,28.4,4279535.0
Dylan Hastings,Lafayette,15,0.556251,80.0,8.0,4280077.0
Jalon Pipkins,Loyola Chicago,17,-3.48846,76.0,16.0,4278735.0
Terrell Gomez,Cal St. Northridge,11,-0.13257,68.0,22.4,4278736.0
Brady Manek,Oklahoma,12,6.36743,81.0,21.0,4277902.0
Hannes Polla,Tennessee Martin,8,-8.83812,83.0,19.6,4277903.0
Ty Lazenby,Oral Roberts,4,-6.25158,77.0,15.4,4277901.0
Ezacuras Dawson III,South Florida,17,-0.927294,75.0,16.4,4593114.0
Naz Bohannon,Youngstown St.,8,0.635087,78.0,21.0,4285366.0
Michael Akuchie,Youngstown St.,3,1.2855,80.0,17.1,4279695.0
Zach Hunsaker,Brown,14,0.55602,74.0,19.1,4279461.0
Chris Lykes,Miami FL,1,2.46943,67.0,26.8,4277889.0
Lemmie Howard,Jackson St.,7,-3.58938,79.0,14.4,4283592.0
Reggie Scurry,Middle Tennessee,13,0.756499,78.0,17.3,4279156.0
Aaron Nettles,Seattle,14,-1.21792,72.0,12.8,4280184.0
Jordan Usher,Georgia Tech,7,-0.781758,79.0,20.6,4278532.0
Kenny Aninye,Stetson,5,-3.89604,73.0,15.9,4278473.0
Christiaan Jones,Stetson,17,-1.50071,77.0,19.8,4278470.0
Ivan Gandia-Rosa,North Florida,11,3.04527,73.0,23.2,4278458.0
Ryan Burkhardt,North Florida,12,-1.27925,76.0,11.7,4278456.0
John Comeaux,Stephen F. Austin,6,3.10641,71.0,18.5,4278338.0
Tervell Beck,Kent St.,15,0.539321,79.0,15.6,4278950.0
Chyree Walker,Radford,15,-2.35996,77.0,15.0,4279192.0
Terry Taylor,Austin Peay,2,5.42244,77.0,26.8,4279815.0
Myles Smith,Texas A&M Corpus Chris,9,-0.184977,72.0,23.8,4278341.0
Sean Rhea,UT Rio Grande Valley,13,-0.539468,80.0,15.2,4284142.0
Joe Hugley,East Tennessee St.,3,-3.48859,79.0,28.6,3938913.0
Kamron Reaves,Florida A&M,4,-7.44834,74.0,18.1,4279781.0
Garrett Covington,Youngstown St.,17,-3.45968,77.0,17.8,4285365.0
Brandon Leftwich,Mount St. Mary's,5,-3.9962,75.0,20.4,4279870.0
Kane Williams,Georgia St.,9,3.38408,75.0,26.2,4280167.0
Antonio Pilipovic,Drake,17,-2.16056,79.0,16.3,4278994.0
Evan Kuhlman,Evansville,3,0.425484,80.0,16.8,4279131.0
Da'Monte Williams,Illinois,17,5.16814,75.0,8.1,4277940.0
Mark Smith,Missouri,14,2.02426,77.0,17.8,4277939.0
Luka Garza,Iowa,2,8.53431,83.0,31.1,4277951.0
Kyson Rawls,Morgan St.,5,-6.04964,73.0,15.7,4279805.0
Kevin Johnson,Nicholls St.,5,0.242638,72.0,17.5,4278304.0
Ryghe Lyons,Nicholls St.,0,1.41455,82.0,14.2,4278303.0
Quatarrius Wilson,Southeast Missouri St.,8,-2.73737,80.0,22.5,4278293.0
Chris Smith,UCLA,3,4.03643,81.0,25.0,4278527.0
Daejon Davis,Stanford,5,2.48614,75.0,19.6,4278522.0
Cheikh Mbacke Diong,UNLV,0,3.82778,83.0,17.6,4278951.0
Shakur Juiston,Oregon,6,4.25229,79.0,18.6,4278954.0
Amauri Hardy,UNLV,1,0.861249,74.0,23.3,4278953.0
Dajuan Jones,Sam Houston St.,5,-5.34478,70.0,14.0,4278320.0
Marvin Nesbitt Jr.,UMKC,15,-0.237274,76.0,17.2,4280195.0
Sam Waardenburg,Miami FL,7,3.88818,82.0,13.5,4079701.0
Nick Richards,Kentucky,13,5.49276,83.0,20.3,4278076.0
Jarrod Simmons,Penn,7,-5.38055,80.0,17.9,4279562.0
Xavier Tillman,Michigan St.,2,12.816,80.0,21.6,4277964.0
Carter Collins,Davidson,14,1.8735,75.0,17.7,4278347.0
Azar Swain,Yale,1,0.580132,72.0,24.0,4279697.0
McKinley Wright IV,Colorado,9,6.33419,72.0,24.8,4278507.0
Jesus Cruz,Fairfield,1,-3.07495,77.0,25.9,4279488.0
Jason Whitens,Western Michigan,17,0.0971101,76.0,12.4,4279457.0
Evan Cole,Georgia Tech,8,1.5941,82.0,20.0,4277868.0
Jordan Goldwire,Duke,6,6.70931,74.0,10.5,4277845.0
Danilo Djuricic,Harvard,12,3.15149,80.0,15.7,4279557.0
Taveion Hollingsworth,Western Kentucky,11,0.540764,74.0,25.3,4279121.0
Marquis Eaton,Arkansas St.,1,0.137243,74.0,21.9,4280139.0
Roosevelt Smart,North Texas,14,-0.855546,75.0,14.9,4279090.0
Lamont Berzat,New Orleans,5,-3.30595,66.0,14.0,4279180.0
Troy Green,New Orleans,9,-1.54013,75.0,24.5,4279181.0
Dontelius Ross,Jackson St.,5,-1.76561,69.0,8.4,4283586.0
Donnie Tillman,UNLV,3,-0.285534,79.0,24.3,4278536.0
Noah Thomas,Drake,5,-5.00464,74.0,21.8,4278995.0
Lucas Williamson,Loyola Chicago,6,2.07457,76.0,17.1,4279147.0
Josh Anderson,Western Kentucky,6,2.14894,78.0,19.4,4279119.0
DJ Heath,Alabama St.,5,-4.95745,72.0,14.5,4279479.0
Wesley Harris,Tennessee St.,15,0.608663,81.0,18.3,4277933.0
Greg Eboigbodin,Northeastern,8,-1.40214,81.0,14.4,4277938.0
Kevin Anderson,Delaware,11,1.10097,77.0,19.4,4279189.0
Chris Vogt,Cincinnati,13,5.48261,85.0,18.2,4279252.0
Jalanni White,Canisius,15,-1.93562,80.0,20.9,4279478.0
Abu Kigab,Boise St.,3,-0.328717,78.0,23.2,4278513.0
Bam Bowman,Miami OH,3,0.868611,80.0,17.8,4279434.0
Jahshire Hardnett,UMKC,1,-3.4874,71.0,21.5,4280144.0
Mike Adewunmi,SIU Edwardsville,3,-1.49566,77.0,21.7,4278256.0
Kyle Foster,Howard,1,-6.58459,77.0,21.1,4279792.0
Zion Cousins,Howard,8,-4.08546,80.0,14.5,4279791.0
Cam Bacote,Indiana St.,10,-4.3334,75.0,16.8,4279797.0
KeyShawn Feazell,Mississippi St.,7,-2.76665,80.0,11.6,4278099.0
Troy Simons,Kent St.,11,3.86167,75.0,16.6,4278702.0
Darius Banks,James Madison,1,0.321137,77.0,20.5,4279210.0
Matt Lewis,James Madison,1,1.85709,77.0,26.9,4279208.0
Dhamir Cosby-Roundtree,Villanova,13,4.44602,81.0,12.1,4278586.0
Collin Gillespie,Villanova,9,5.64052,75.0,24.4,4278585.0
Larry Owens,Northwestern St.,8,-1.96939,79.0,22.6,4278317.0
Ryan Allen,Delaware,1,-2.15927,74.0,20.2,4279190.0
Thorir Thorbjarnarson,Nebraska,12,2.13413,78.0,14.6,4277971.0
Darryl Morsell,Maryland,6,3.11086,77.0,19.6,4277954.0
Luke Bolster,Columbia,4,-8.14469,72.0,12.5,4279465.0
Herbert Jones,Alabama,8,4.54048,79.0,17.6,4277813.0
Quincy McKnight,Seton Hall,9,5.90437,76.0,21.9,3947674.0
Paris Austin,California,5,-0.0556688,72.0,23.4,3936079.0
San Antonio Brinson,NJIT,7,-3.62628,80.0,22.3,4278448.0
Philip Whittington,Kent St.,8,-0.323855,80.0,20.1,3923564.0
Virshon Cotton,LIU,5,-4.8292,74.0,19.0,4279307.0
Jhivvan Jackson,UTSA,9,2.88545,72.0,35.7,4279116.0
Torrey Patton,Cleveland St.,6,-0.140747,77.0,23.6,4279311.0
Ishmael El-Amin,Ball St.,11,1.92531,73.0,21.6,4279313.0
Tevin Mack,Clemson,3,4.4259,78.0,22.3,3947248.0
Charles Bohannon,New Orleans,10,-7.92944,72.0,12.3,4279182.0
Manny Patterson,Green Bay,8,-3.04096,80.0,17.5,4279241.0
Luke Loewe,William & Mary,12,0.482641,76.0,15.2,4279227.0
Oscar Da Silva,Stanford,2,6.3275,81.0,27.6,4278524.0
D'Shawn Schwartz,Colorado,14,3.75902,79.0,17.7,4278501.0
Tyler Bey,Colorado,2,7.72229,79.0,24.6,4278502.0
Ethan Thompson,Oregon St.,9,2.57625,77.0,24.2,4278516.0
Alfred Hollins,Oregon St.,17,-1.04422,78.0,17.3,4278515.0
Marcus Santos-Silva,VCU,8,4.41189,79.0,24.5,4278420.0
Jaylen Minnett,IU Indy,1,-3.14603,73.0,25.2,4279244.0
David Kachelries,Stephen F. Austin,11,-3.25519,73.0,19.0,4278450.0
Ferron Flavors Jr.,Cal Baptist,14,-1.2165,75.0,18.3,4279487.0
C.J. Jones,Northwestern St.,5,-4.75691,70.0,13.4,4278310.0
Michael Flowers,Western Michigan,1,0.0133295,73.0,27.8,4279455.0
Christian Lutete,UMass Lowell,3,-0.904478,77.0,25.4,3913243.0
Marreon Jackson,Toledo,9,3.37727,72.0,29.6,4279451.0
Kimani Lawrence,Arizona St.,17,1.77763,80.0,15.9,4278134.0
Marcus Weathers,Duquesne,2,6.27712,77.0,25.0,4067390.0
Eli Scott,Loyola Marymount,2,3.64762,78.0,28.2,4280158.0
Devante Jackson,Grambling St.,3,-2.66005,81.0,23.7,4280111.0
Quentin Scott,Texas St.,3,-0.569139,79.0,14.8,4280277.0
Cam Davis,Navy,1,-0.544536,72.0,25.1,4280091.0
Alec Loehr,Navy,7,-2.91126,79.0,13.6,4280092.0
Jordan Perkins,North Carolina Central,5,-4.9737,73.0,18.9,4284169.0
Terrance Banyard,Arkansas Pine Bluff,7,-4.96829,80.0,24.1,4283577.0
Cameron Posey,Arkansas Pine Bluff,4,-5.0924,74.0,11.2,4283580.0
Jordan McNair,Arkansas Pine Bluff,4,-10.0034,68.0,16.8,4283583.0
Tyreke Key,Indiana St.,11,2.12692,74.0,23.1,4279143.0
Ricky Council II,UMBC,10,-6.92461,77.0,16.8,3913216.0
Luke Loehr,Navy,17,-2.47162,79.0,14.3,4280094.0
Brandon Houston,Alabama A&M,8,-8.51011,79.0,19.6,4280059.0
Isaiah White,Portland,1,-0.150754,76.0,22.7,3913240.0
Daniel Venzant,Cal St. Fullerton,5,-1.12527,70.0,14.2,4278723.0
Javon Greene,George Mason,9,2.19789,74.0,24.4,4278360.0
Jamir Harris,American,14,-1.37649,74.0,17.5,4277966.0
Myles Cale,Seton Hall,17,2.78821,78.0,15.2,4278579.0
Elijah Olaniyi,Stony Brook,9,0.484373,77.0,29.2,4278240.0
Bryce Fowler,Sacramento St.,1,0.397913,78.0,21.9,4278663.0
Nehemiah Mack,Manhattan,10,-1.11217,73.0,10.2,4279703.0
R.J. Fuqua,Oral Roberts,1,1.74252,71.0,16.4,4279523.0
Zachary Simmons,North Texas,2,3.9989,82.0,21.2,4279089.0
James Lewis Jr,Appalachian St.,16,-6.04473,80.0,16.9,4280003.0
Dalonte Brown,Miami OH,3,-1.69492,79.0,23.4,4279435.0
Dominick Pickett,UC Riverside,14,1.68462,75.0,14.4,4081600.0
Michael Hueitt Jr.,UNC Greensboro,14,-1.11201,75.0,18.6,4279094.0
Justin Forrest,Appalachian St.,9,-2.22108,74.0,32.4,4280137.0
O'Showen Williams,Appalachian St.,11,1.91685,71.0,19.5,4280138.0
Josh Carlton,Connecticut,8,0.648625,83.0,23.4,4278229.0
Nahziah Carter,Washington,6,3.16994,78.0,22.2,4278542.0
Michael Carter III,Long Beach St.,9,-3.31155,77.0,30.1,4592941.0
Hameir Wright,Washington,17,3.78501,81.0,14.9,4278544.0
E.J. Anosike,Sacred Heart,2,2.22361,78.0,23.9,4279647.0
Myles Carter,Delaware St.,1,-6.35445,73.0,23.9,4284101.0
Johquin Wiley,Delaware St.,1,-5.01678,71.0,19.2,4283602.0
Ameer Bennett,Delaware St.,7,-5.68148,80.0,18.5,4283595.0
"Shavar Reynolds, Jr.",Seton Hall,14,4.49131,74.0,13.3,4278578.0
Isaiah Bailey,Bethune Cookman,9,-1.90059,78.0,28.6,3137699.0
Carl Pierre,Massachusetts,14,0.751706,76.0,18.1,4278368.0
Tyrell Gumbs-Frater,Coastal Carolina,1,-2.59672,75.0,22.2,4284123.0
Michael Ertel,Louisiana Monroe,1,0.0847697,74.0,23.6,4280260.0
Myles Hutchinson,McNeese St.,11,-3.51676,73.0,15.4,4278294.0
Tucker Blackwell,Army,14,-3.76044,74.0,16.6,4284076.0
Alex King,Army,15,-0.740951,80.0,15.6,4284080.0
Babacar Thiombane,Idaho,15,-0.177751,79.0,14.4,4284074.0
Melik Martin,Monmouth,6,0.942588,78.0,16.0,4279733.0
George Papas,Monmouth,9,3.45872,77.0,25.5,4279735.0
Kameron Langley,North Carolina A&T,9,0.229226,74.0,22.2,4279819.0
Yauhen Massalski,San Diego,0,2.46185,82.0,23.6,4285624.0
David-Lee Jones Jr.,Georgia Southern,5,-2.22401,72.0,15.9,4280155.0
Lonnie Grayson,Army,1,-1.97557,72.0,19.7,4284075.0
Darius Quisenberry,Youngstown St.,9,0.350808,73.0,28.4,4397790.0
Jelani Simmons,Youngstown St.,14,-0.865597,77.0,15.8,4397789.0
Caleb Fuller,UC Davis,11,-1.44596,77.0,20.3,4397580.0
Travis Anderson,Charleston Southern,1,-4.29915,72.0,20.9,4397407.0
Brandon Slater,Villanova,17,1.65165,79.0,11.3,4397133.0
Ladarius Knight,Campbell,17,-7.1747,77.0,25.2,4397337.0
Tim Fuller,Weber St.,13,1.87833,81.0,16.8,4397392.0
Damion Squire,UC Davis,5,-3.29762,72.0,18.1,4397579.0
Kihei Clark,Virginia,9,3.31422,69.0,24.1,4395677.0
William McNair,New Mexico St.,16,-1.4032,82.0,10.8,4396012.0
Nate Laszewski,Notre Dame,12,0.720057,82.0,16.9,4395665.0
Prentiss Hubb,Notre Dame,1,1.00618,75.0,21.5,4395664.0
Kevin Schutte,Hofstra,16,-0.256126,81.0,10.9,4279205.0
Kody Stattmann,Virginia,17,0.793703,79.0,13.6,4395680.0
Jordan Love,Southeast Missouri St.,4,-9.05077,77.0,20.2,4398352.0
Tanner Groves,Eastern Washington,15,1.6179,81.0,19.5,4278603.0
Kim Aiken Jr.,Eastern Washington,3,3.14992,79.0,19.3,4278602.0
Leaky Black,North Carolina,6,3.60531,80.0,15.4,4395650.0
Nana Opoku,Mount St. Mary's,15,0.388995,81.0,17.9,4279871.0
K.J. Jackson,UMBC,9,1.67112,74.0,26.1,4396589.0
Avery Benson,Texas Tech,12,6.02228,76.0,8.1,4277929.0
Mohammed Abdulsalam,UNC Greensboro,16,0.116217,81.0,13.9,4398232.0
Victor Bafutto,Mercer,16,-4.48086,82.0,24.1,4280036.0
Angelo Allegri,UNC Greensboro,14,-1.30783,79.0,18.9,4398233.0
Deandre Thomas,Samford,10,-3.90433,76.0,13.9,4398243.0
Robert Allen,Samford,7,-2.60008,80.0,23.4,4398245.0
Stevan Krtinic,St. Francis NY,5,-5.05207,77.0,16.6,4398008.0
Majur Majak,Saint Peter's,0,1.86099,85.0,10.2,4398387.0
Gabe Watson,Southern Miss,1,-3.42676,74.0,23.3,4397705.0
Hunter Tyson,Clemson,12,3.38995,80.0,19.7,4395620.0
Montez Mathis,Rutgers,6,2.66583,76.0,19.8,4397250.0
Caleb McConnell,Rutgers,6,3.47513,79.0,19.7,4397249.0
Eric Hunter Jr.,Purdue,11,4.30839,76.0,19.9,4397243.0
Obi Toppin,Dayton,2,10.1577,81.0,26.2,4278355.0
Shaq Carter,Rutgers,8,-2.73038,81.0,15.6,4397248.0
MJ Randolph,Florida A&M,6,0.190932,76.0,22.6,4398142.0
Cameron Healy,Albany,1,-1.29341,75.0,24.9,4278203.0
Jermaine Couisnard,South Carolina,9,0.95852,76.0,26.2,4396948.0
Colin Castleton,Michigan,0,4.59018,83.0,20.8,4397204.0
David DeJulius,Michigan,11,3.08353,72.0,17.3,4397202.0
Ricky Lindo Jr.,Maryland,15,5.47034,80.0,12.3,4397186.0
Jalen Smith,Maryland,2,9.73514,82.0,22.6,4397189.0
Thomas Kithier,Michigan St.,15,6.46433,80.0,12.1,4397211.0
Aaron Henry,Michigan St.,6,5.05433,78.0,19.7,4397209.0
Christian Bishop,Creighton,2,6.94929,79.0,21.9,4397037.0
Marcus Zegarowski,Creighton,11,6.46226,74.0,23.7,4397036.0
Bryce Golden,Butler,3,3.4862,81.0,22.0,4397026.0
Efe Odigie,UTEP,3,-5.66964,81.0,24.4,4397868.0
Paul Djoko,Northern Kentucky,15,-0.354207,76.0,10.9,4279251.0
Greg Williams Jr.,St. John's,6,3.46789,75.0,13.6,4397123.0
Marcellus Earlington,St. John's,6,3.08546,78.0,24.4,4397124.0
Adrian Rodriguez,UTSA,8,0.187622,79.0,10.8,4279117.0
Devon Baker,UNC Asheville,1,-3.33397,74.0,24.4,4397802.0
Coty Jude,UNC Asheville,12,-1.99009,81.0,17.6,4397803.0
Junior Ballard,Cal Poly,1,-2.15755,75.0,28.4,4397365.0
Filip Rebraca,North Dakota,8,0.287481,81.0,22.5,4398190.0
Deante Johnson,Cleveland St.,16,-5.02959,81.0,16.4,4399102.0
Mac McClung,Georgetown,9,3.17253,74.0,29.0,4397071.0
Onyi Eyisi,Fordham,16,-1.1514,81.0,17.4,4396816.0
Aljaz Kunc,Washington St.,17,0.768249,80.0,14.7,4397167.0
CJ Elleby,Washington St.,6,5.55067,78.0,27.9,4397166.0
Shandon Brown,Niagara,4,-7.42073,69.0,14.6,4396836.0
Riley Grigsby,Seattle,3,-1.71699,78.0,18.8,4396001.0
Quinton Johnson II,UT Rio Grande Valley,17,-3.7544,76.0,20.3,4395996.0
Uche Dibiamaka,UT Rio Grande Valley,4,-8.40377,76.0,16.2,4395994.0
Jermaine Harris,Rhode Island,7,-1.45644,80.0,17.7,4397178.0
David Azore,UT Arlington,9,3.33445,76.0,26.0,4280270.0
Jared Rodriguez,San Diego,7,-7.28474,79.0,20.2,4278606.0
Aaron Wheeler,Purdue,7,2.15977,81.0,16.8,4277982.0
James Bridges,Sacramento St.,10,-0.784188,77.0,8.6,4397328.0
Maurice Commander,Chattanooga,10,-1.68757,72.0,14.5,4398155.0
Kristers Zoriks,Saint Mary's,11,3.19645,76.0,14.6,4285346.0
Kyler Edwards,Texas Tech,11,3.83391,76.0,19.8,4397081.0
Josh Mballa,Buffalo,8,3.5166,79.0,20.1,4397084.0
Khavon Moore,Clemson,6,1.02413,80.0,17.8,4397083.0
Jose Perez,Gardner Webb,1,-2.14715,77.0,28.0,4397528.0
Zay Williams,Troy,8,0.0711893,80.0,27.8,4397711.0
Tavian Percy,New Mexico,12,-2.38418,78.0,7.3,4397357.0
Vincent Lee,Cal St. Fullerton,8,-3.01284,80.0,15.4,4397342.0
K.J. Hymes,Nevada,0,1.88354,82.0,18.1,4397343.0
Daylen Kountz,Colorado,4,-3.7475,76.0,18.8,4397060.0
Immanuel Quickley,Kentucky,11,5.63281,75.0,22.2,4395724.0
Devon Dotson,Kansas,9,8.91701,74.0,26.3,4397016.0
Quentin Grimes,Houston,11,3.83665,77.0,23.7,4397014.0
David McCormack,Kansas,8,4.62639,82.0,25.0,4397019.0
Jamal Bieniemy,Oklahoma,17,2.88265,77.0,12.6,4397027.0
Isaac Likekele,Oklahoma St.,9,5.98968,76.0,22.6,4397045.0
Kendric Davis,SMU,9,3.78447,71.0,23.9,4397066.0
Kaden Archie,UTEP,7,-3.38382,78.0,17.2,4397065.0
Arashma Parks,Temple,16,-5.27141,81.0,19.3,4396652.0
Adam Seiko,San Diego St.,12,2.66875,75.0,11.2,4278704.0
Iran Bennett,Marshall,8,-0.661166,81.0,23.2,4397538.0
Taevion Kinsey,Marshall,11,1.04116,77.0,24.0,4397537.0
Cory Hightower,Presbyterian,3,-2.20068,79.0,24.6,4397655.0
Chris Martin,Presbyterian,9,-1.86275,72.0,26.1,4397652.0
Cle'von Greene,Radford,14,-4.14199,73.0,17.4,4397818.0
Mitch Listau,Belmont,10,-4.57356,76.0,19.5,4398299.0
Robin Duncan,Vermont,6,0.283925,77.0,15.2,4396594.0
Ryan Davis,Vermont,2,2.66492,80.0,22.1,4396597.0
Benjamin Stanley,Hampton,3,-2.44671,78.0,26.6,4279788.0
Matiss Kulackovskis,Bowling Green,12,1.73088,81.0,15.8,4279319.0
Luke Avdalovic,Northern Arizona,14,-2.77619,77.0,14.1,4278644.0
Nik Mains,Northern Arizona,12,-3.79732,80.0,13.8,4278643.0
Nick Guadarrama,New Hampshire,3,0.909253,77.0,21.7,4396578.0
Jayden Martinez,New Hampshire,3,-0.274485,79.0,20.2,4396579.0
Ed Croswell,La Salle,8,1.28096,80.0,25.3,4397153.0
Jared Kimbrough,La Salle,16,0.786292,80.0,14.7,4397154.0
Hunter Vick,Tennessee Tech,14,-1.60894,76.0,16.0,4279902.0
Jalen Slawson,Furman,6,2.94313,79.0,18.5,4398207.0
Daivien Williamson,East Tennessee St.,11,-0.508724,74.0,19.6,4398180.0
Mike Bothwell,Furman,11,2.30952,75.0,20.0,4398203.0
Isaiah Poor Bear-Chandler,Wichita St.,16,2.46833,81.0,13.3,4396685.0
Dre Fuller Jr.,UCF,6,3.03129,77.0,20.9,4396670.0
Aiden Krause,UC Irvine,6,-0.250023,76.0,10.3,4397598.0
Chris Ford,Norfolk St.,16,-3.32748,80.0,11.7,4398209.0
Bryce Workman,Jacksonville,8,-4.05107,79.0,22.7,4396696.0
Mason Harrell,Texas St.,11,3.17743,69.0,17.2,4397702.0
Elias Valtonen,Arizona St.,10,0.460993,79.0,8.7,4397022.0
Andre Kelly,California,15,0.90672,80.0,19.1,4397051.0
Matt Bradley,California,11,3.33234,76.0,27.5,4397049.0
Rashun Williams,South Florida,17,-0.74962,78.0,15.4,4396643.0
CJ White,SMU,14,-0.395248,77.0,14.1,4396639.0
Feron Hunt,SMU,2,3.59382,80.0,18.9,4396638.0
Zion Griffin,Iowa St.,17,-0.589572,78.0,16.2,4396988.0
George Conditt IV,Iowa St.,0,4.75676,82.0,23.7,4396989.0
Tyrese Haliburton,Iowa St.,11,10.7958,77.0,21.5,4396993.0
Kevin Zhang,Tulane,17,-1.31935,82.0,15.8,nan
Jamarius Burton,Wichita St.,9,3.36391,76.0,22.5,4396677.0
Dexter Dennis,Wichita St.,10,3.52704,77.0,18.7,4396676.0
Tavin Lovan,UAB,11,4.00695,76.0,23.0,4397726.0
Payton Moore,Rice,6,-1.97439,76.0,19.7,4397687.0
Drew Peterson,Rice,3,1.68806,80.0,21.4,4397689.0
Trey Murphy III,Rice,12,2.11905,80.0,20.1,4397688.0
Chris Mullins,Rice,5,-5.54435,75.0,20.2,4397690.0
Andres Feliz,Illinois,11,5.69722,74.0,21.5,4397001.0
Antwuan Butler,Austin Peay,5,-1.50234,72.0,15.6,4398043.0
Rey Idowu,Illinois St.,8,-2.52367,81.0,17.2,4397373.0
Hunter Marks,Hartford,3,0.929925,81.0,16.8,4395886.0
Mason Forbes,Harvard,13,5.98551,80.0,17.1,4397970.0
Sekou Toure,UC Santa Barbara,7,-4.54751,77.0,17.5,4397642.0
Xavier Johnson,Pittsburgh,9,1.38995,75.0,24.8,4395669.0
Trevion Williams,Purdue,2,7.54681,81.0,31.1,4397246.0
Jordan Henderson,Canisius,14,-2.29884,77.0,15.7,4398046.0
Tyrone Nesby IV,Wagner,17,-4.55835,77.0,17.1,4398027.0
RJ Williams,Boise St.,13,4.46256,79.0,26.0,4397266.0
Jason Preston,Ohio,9,4.14638,76.0,26.2,4397916.0
Quinn Blair,William & Mary,12,-2.59272,78.0,16.1,4397603.0
L.J. Owens,UMBC,14,-2.83422,75.0,16.5,4397601.0
Thornton Scott,William & Mary,5,-2.14679,76.0,19.7,4397599.0
Jakigh Dottin,Towson,5,-1.90816,74.0,16.0,4397590.0
Allen Betrand,Towson,1,-2.17228,77.0,25.7,4397589.0
Darrin Person Jr.,Cal St. Bakersfield,16,-6.32613,79.0,17.2,4278733.0
Landers Nolley II,Virginia Tech,3,-0.30317,79.0,33.0,4395684.0
Isaiah Wilkins,Virginia Tech,6,2.83011,76.0,20.6,4395681.0
Marque Maultsby,New Hampshire,10,-2.00809,75.0,19.8,4396576.0
Raiquan Gray,Florida St.,6,3.2121,80.0,20.9,4277850.0
Dallas Watson,Saint Peter's,4,-5.87702,76.0,18.2,4398384.0
Francis Okoro,Oregon,8,2.2491,81.0,12.8,4397105.0
Bryce Hamilton,UNLV,3,0.688338,76.0,30.6,4397433.0
Collin Welp,UC Irvine,3,4.73423,81.0,26.1,4279073.0
Zach Chappell,San Jose St.,5,-5.73985,75.0,20.6,4397395.0
Kaison Hammonds,San Jose St.,14,-0.759098,76.0,18.8,4397397.0
Seneca Knight,San Jose St.,3,-0.158184,78.0,27.4,4397398.0
Brandon Knapper,West Virginia,4,-4.15603,72.0,23.2,4277935.0
Maizen Fausett,Southern Utah,3,1.65683,78.0,19.4,4397379.0
Malachi De Sousa,Albany,17,-2.76372,78.0,16.0,4395874.0
Israel Barnes,Weber St.,17,-5.2281,76.0,16.5,4397388.0
Dima Zdor,Weber St.,16,-4.0745,82.0,13.3,4397390.0
Antonio Rizzuto,Albany,14,-1.40203,75.0,16.3,4395873.0
Ricky Torres,Illinois St.,11,0.188374,74.0,15.6,4396678.0
Erik Stevenson,Wichita St.,6,6.59161,75.0,24.0,4396679.0
Morris Udeze,Wichita St.,13,1.92622,80.0,20.1,4396681.0
Jaime Echenique,Wichita St.,0,4.48796,83.0,23.7,4396682.0
Madiaw Niang,Florida Atlantic,7,0.481015,81.0,12.3,4397482.0
Pietro Agostini,Kennesaw St.,7,-8.84628,81.0,13.1,4396744.0
Jairus Hamilton,Boston College,3,-1.48536,80.0,20.4,4395617.0
Caleb Catto,Florida Gulf Coast,1,-0.929031,77.0,22.7,4396688.0
Zach Scott,Florida Gulf Coast,1,-1.88197,76.0,23.1,4396689.0
C.J. Washington,Kennesaw St.,10,-6.74557,76.0,17.2,4396740.0
Liam Robbins,Drake,0,4.53123,84.0,27.2,4397347.0
Jawaun Newton,Evansville,17,-3.4925,75.0,14.5,4397354.0
Shamar Givance,Evansville,5,-1.31921,70.0,14.3,4397353.0
Logan Dye,Samford,8,-6.17006,80.0,18.8,4398246.0
Jordan Lathon,UTEP,5,0.611693,76.0,16.6,4397863.0
D.J. Funderburk,N.C. State,2,3.60958,82.0,21.1,4066401.0
Coletrane Washington,Drexel,14,-2.6855,76.0,15.0,4397425.0
Matey Juric,Drexel,5,-1.43928,71.0,13.8,4397428.0
Camren Wynter,Drexel,9,-0.432513,74.0,26.5,4397427.0
Jay Nagle,UC Santa Barbara,14,-2.67223,80.0,12.2,4397643.0
Amadou Sow,UC Santa Barbara,2,-0.582457,81.0,26.8,4397644.0
Souleymane Diakite,NJIT,16,1.81876,81.0,17.1,4396754.0
Aleksa Matic,North Alabama,12,-2.5104,76.0,15.3,4396766.0
Ahsan Asadullah,Lipscomb,2,6.97756,80.0,36.1,4278445.0
Cameron Parker,Sacred Heart,9,-3.6975,74.0,24.1,4397999.0
Zach Pfaffenberger,Sacred Heart,8,-4.15674,80.0,14.2,4397998.0
Aaron Clarke,Sacred Heart,1,-3.5222,73.0,21.6,4397995.0
Koreem Ozier,Sacred Heart,1,-4.02389,73.0,25.9,4397996.0
Myles Thompson,Saint Francis,3,-3.40784,78.0,20.5,4398017.0
Marcus Bingham Jr.,Michigan St.,0,7.18863,83.0,18.5,4397212.0
Zac Watson,UC Riverside,8,-1.18279,79.0,16.3,4397617.0
DJ McDonald,UC Riverside,12,-0.133187,71.0,14.9,4397616.0
Callum McRae,UC Riverside,8,0.811165,85.0,24.9,4397619.0
Oddyst Walker,Stephen F. Austin,17,-1.70121,74.0,14.5,4398293.0
Caden Sanchez,High Point,15,-1.36074,80.0,18.7,4278695.0
Trey Woodbury,Utah Valley,3,-3.37323,76.0,18.5,4397434.0
Zach Copeland,Illinois St.,1,0.00257574,76.0,28.4,4301313.0
Austin Smellie,Idaho St.,12,-1.87953,77.0,16.3,4397289.0
Foster Loyer,Michigan St.,11,2.53672,72.0,17.4,4397208.0
Brandon Johns Jr.,Michigan,15,5.02683,80.0,15.3,4397206.0
Alperen Kurnaz,Denver,17,-3.98957,80.0,12.3,4398063.0
Adam Lulka,Albany,15,-3.42314,80.0,13.4,4278204.0
Ethan Wright,Princeton,14,0.426928,75.0,15.4,4398005.0
KeShawn Curry,VCU,7,-0.732802,76.0,18.3,4397228.0
Jaelin Llewellyn,Princeton,1,0.00834842,74.0,26.3,4398002.0
Drew Friberg,Princeton,12,4.35116,79.0,14.7,4398004.0
Cam Brooks-Harris,Marshall,6,1.76226,78.0,16.4,4397543.0
Milos Stajcic,Campbell,7,-7.92206,82.0,24.0,4397334.0
Michael Forrest,Florida Atlantic,14,1.64769,72.0,17.7,4397485.0
"Antonio Daye, Jr.",FIU,5,-3.12692,73.0,24.9,4397500.0
Isaiah Mucius,Wake Forest,7,0.821886,80.0,19.1,4395686.0
Jamal Bey,Washington,6,3.13225,78.0,14.2,4397155.0
Brent Hank,Albany,16,-4.01605,82.0,11.4,4278202.0
Trey Jemison,Clemson,16,-1.80147,84.0,16.9,4395623.0
John Newman III,Clemson,6,3.97782,77.0,17.1,4395622.0
Tre Jones,Duke,9,6.52834,75.0,24.6,4395626.0
Nathan Mensah,San Diego St.,0,6.77696,82.0,18.0,4397371.0
Will Richardson,Oregon,11,5.57999,77.0,18.6,4397101.0
Christian Anigwe,San Jose St.,15,-1.74265,81.0,13.0,4397396.0
Alonzo Sule,Texas St.,8,0.192588,79.0,23.4,4280279.0
Ja'Shon Henry,Bradley,15,1.38286,78.0,20.4,4397325.0
Darius McGhee,Liberty,11,2.24469,69.0,15.3,4396745.0
Rasir Bolton,Iowa St.,1,0.408466,75.0,25.6,4397242.0
Ari Boya,Bradley,0,7.59482,85.0,14.2,4397323.0
Eli Parquet,Colorado,17,0.461192,75.0,13.3,4397062.0
Samuel Chaput,Monmouth,5,-2.70292,72.0,15.0,4398409.0
Nikkei Rutty,Monmouth,16,-1.88447,80.0,13.8,4398408.0
Raheem Solomon,Niagara,1,-3.92426,75.0,21.3,4398403.0
Marcus Hammond,Niagara,11,1.03681,74.0,25.1,4398404.0
Steven Levnaic,Niagara,17,-1.47381,74.0,8.2,4398406.0
Jalen Pickett,Siena,9,6.21831,76.0,22.2,4398390.0
Glenn Morison,Cal Baptist,8,0.321302,82.0,16.1,4398420.0
Justin Bean,Utah St.,2,8.52819,79.0,20.6,4278720.0
Cole Swider,Villanova,12,2.35822,81.0,16.5,4397134.0
Saddiq Bey,Villanova,11,7.29618,80.0,22.0,4397136.0
Jake Forrester,Temple,8,-5.22045,80.0,23.8,4397009.0
Jerome Hunter,Indiana,17,0.511411,79.0,15.9,4397011.0
Rob Phinisee,Indiana,5,2.28275,73.0,21.1,4397010.0
Dragan Elkaz,UC Riverside,14,-1.9803,77.0,14.2,4397614.0
Damezi Anderson,Indiana,10,1.49443,79.0,16.3,4397012.0
Tuukka Jaakkola,Cal Poly,8,-2.01362,82.0,18.9,4397363.0
Kai Toews,UNC Wilmington,4,-10.9817,74.0,21.3,4397569.0
Deshon Parker,James Madison,5,-3.19451,76.0,20.3,4397548.0
Warren Williams,Manhattan,8,-1.73553,81.0,25.1,4279701.0
Taurus Samuels,Dartmouth,1,-1.72288,72.0,18.7,4397960.0
Robert Woodard II,Mississippi St.,15,5.09328,79.0,17.8,4396961.0
Markquis Nowell,Little Rock,9,2.70328,67.0,27.1,4397554.0
Kamani Johnson,Little Rock,8,2.80998,79.0,22.2,4397556.0
Adrian Delph,Appalachian St.,17,-3.75629,75.0,19.3,4397415.0
Ben Pyle,Western Illinois,14,-1.14633,79.0,17.6,4398343.0
Reggie Perry,Mississippi St.,2,7.17338,82.0,28.8,4396959.0
D.J. Stewart,Mississippi St.,17,1.9031,78.0,14.9,4396960.0
Sidney Wilson,Connecticut,7,0.774584,79.0,17.7,4278233.0
Tyler Harris,Memphis,1,-0.481518,69.0,20.4,4396632.0
Alex Lomax,Memphis,9,3.70617,72.0,19.3,4396633.0
Xavier Castaneda,South Florida,5,-0.625072,73.0,15.2,4396641.0
Michael Durr,South Florida,8,-0.021683,84.0,17.3,4396642.0
Race Thompson,Indiana,2,7.38482,80.0,14.9,4277947.0
Jabari Rice,New Mexico St.,11,5.61917,76.0,23.7,4280181.0
Kylor Kelley,Oregon St.,0,7.15513,84.0,17.7,3950760.0
Jaiden Delaire,Stanford,15,-0.469946,81.0,20.9,4397112.0
Lukas Kisunas,Stanford,16,0.0381448,82.0,19.1,4397116.0
DaQuan Smith,Murray St.,5,-1.60147,73.0,17.3,4398347.0
Jarron Coleman,Ball St.,6,0.715693,77.0,23.8,4397811.0
Tayler Mattos,Bowling Green,15,-0.793671,83.0,17.1,4397814.0
Caleb Fields,Bowling Green,14,1.25851,74.0,13.7,4397815.0
Trevon Taylor,Wyoming,15,-3.26655,78.0,17.6,4397446.0
Connor Harding,BYU,12,3.97128,78.0,12.1,4397648.0
AJ Green,Northern Iowa,1,0.439717,76.0,29.5,4397475.0
Jordan Phillips,UT Arlington,10,-2.7767,79.0,19.2,4395707.0
Matt Herasme,Marist,14,-0.0164665,75.0,14.9,4398413.0
Samir Stewart,Manhattan,1,-2.97484,72.0,19.5,4398104.0
Christian Hinckson,Manhattan,6,0.28503,79.0,18.0,4398106.0
Elijah Buchanan,Manhattan,5,-3.50568,77.0,24.6,4398103.0
Ochai Agbaji,Kansas,6,6.29074,77.0,16.8,4397018.0
Joey Calcaterra,San Diego,1,-0.800743,75.0,21.9,4280214.0
Takiula Fahrensohn,Portland,14,-1.50137,79.0,15.4,4280210.0
David Wingett,South Dakota St.,10,-0.30233,79.0,17.1,4396637.0
Jamari Blackmon,North Alabama,1,0.0785455,73.0,19.6,4396763.0
Juan Munoz,Longwood,9,0.861918,71.0,23.1,4067594.0
Jeenathan Williams,Buffalo,3,0.130018,77.0,21.4,4397821.0
Nevin Zink,USC Upstate,13,-1.63037,81.0,15.7,4397839.0
Ronaldo Segu,Buffalo,1,-1.96738,72.0,18.2,4397820.0
Brandon Martin,USC Upstate,7,-9.34892,77.0,24.4,4397834.0
Bryson Mozone,USC Upstate,14,-2.74254,78.0,17.6,4397835.0
Nick Muszynski,Belmont,2,3.34114,83.0,26.8,4279923.0
Tate Pierson,Belmont,12,-0.895187,78.0,12.2,4279922.0
D.J. Burns,Winthrop,8,-0.557083,81.0,32.4,4396933.0
Alanzo Frink,South Carolina,13,6.07711,79.0,18.1,4396950.0
Keyshawn Bryant,South Carolina,8,1.85457,77.0,23.6,4396951.0
Jaylen Sims,UNC Wilmington,3,-2.71779,78.0,20.4,4397570.0
Brian White,Northwestern St.,11,-2.6411,66.0,19.4,4398266.0
Joe Bryant Jr.,Norfolk St.,1,0.529226,73.0,21.8,4398206.0
Jahmel Myers,New Orleans,15,-1.90453,78.0,16.2,4398093.0
Deon Stroud,UTEP,7,-6.35881,77.0,27.2,4397866.0
Ty Brewer,Southeastern Louisiana,3,-0.887129,79.0,21.5,4594149.0
Francis Lacis,Oral Roberts,17,-2.08511,79.0,11.2,4398309.0
Malik LeGania,Coastal Carolina,17,-3.47675,77.0,13.9,4397507.0
Devante Jones,Coastal Carolina,9,4.71875,73.0,26.4,4397506.0
Lamine Diane,Cal St. Northridge,2,3.48663,79.0,35.7,4278738.0
EJ Montgomery,Kentucky,8,4.74863,82.0,14.4,4395727.0
Blake Hinson,Mississippi,17,0.268535,79.0,19.4,4396963.0
KJ Buffen,Mississippi,6,5.4846,79.0,19.5,4396968.0
Tykei Greene,Manhattan,7,-3.8934,76.0,21.9,4398108.0
Brendan Adams,Connecticut,17,0.64923,76.0,18.3,4396612.0
Aguir Agau,Fresno St.,7,-2.92106,79.0,15.5,4397275.0
Josh Alexander,American,8,0.583217,80.0,16.8,4397585.0
Demarius Jacobs,Saint Louis,11,3.20131,74.0,14.3,4397198.0
Antoine Vernon,Oregon St.,17,-3.117,72.0,7.7,4397091.0
Malik Riddle,Morehead St.,10,-5.51552,76.0,17.6,4398329.0
Javon Freeman-Liberty,Valparaiso,9,3.79617,75.0,31.0,4397511.0
De'Torrion Ware,Jacksonville St.,3,3.61516,76.0,25.4,4398326.0
Jahbril Price-Noel,Pacific,14,0.142193,79.0,18.3,4397675.0
Filip Petrusev,Gonzaga,2,3.82661,83.0,30.4,4397667.0
Darryl Polk Jr.,Pepperdine,11,2.37816,69.0,10.0,4397696.0
A.J. Reeves,Providence,6,2.90613,78.0,18.3,4397109.0
DeShaun Wade,Longwood,10,-4.0381,74.0,19.3,4396618.0
David Duke,Providence,6,5.37002,77.0,19.9,4397107.0
Ian Krishnan,Central Connecticut,14,-3.55756,74.0,19.8,4397951.0
Patrick Harding,Bryant,13,1.57351,81.0,15.2,4397946.0
Kani Acree,Ball St.,3,0.832403,78.0,18.4,4397812.0
Dibaji Walker,Massachusetts,3,-3.16711,81.0,20.3,4399103.0
Jayden Gardner,East Carolina,2,3.40881,79.0,28.6,4396614.0
Everette Hammond,USC Upstate,1,-1.8579,75.0,24.6,4397833.0
Ibn Williams,Coppin St.,10,-6.16855,71.0,17.3,4398109.0
Trevelin Queen,New Mexico St.,6,7.44656,78.0,24.1,4409222.0
Brendan Medley-Bacon,Coppin St.,16,-1.12289,85.0,18.8,4398113.0
Giir Ring,Coppin St.,4,-12.315,80.0,16.2,4398110.0
T.J. Moss,South Carolina,4,-6.61304,76.0,16.9,4396947.0
A.J. Lawson,South Carolina,11,2.82053,78.0,22.2,4067017.0
Xavier Pinson,Missouri,9,0.605876,74.0,28.6,4396953.0
Torrence Watson,Missouri,10,-4.34368,77.0,18.2,4396952.0
Danya Kingsby,Bradley,5,-1.58419,73.0,18.4,4396976.0
Emmitt Williams,LSU,2,5.8041,78.0,22.0,4396979.0
Darius Days,LSU,12,5.32339,78.0,20.9,4396978.0
Kamaka Hepa,Texas,17,3.22855,81.0,13.8,4397080.0
KJ Williams,Murray St.,2,4.53798,82.0,25.5,4398348.0
Diante Wood,Jacksonville,8,-0.914025,76.0,25.5,4395700.0
Kyle Greeley,Portland St.,12,0.228715,77.0,15.8,4397316.0
Jalen Hodge,Louisiana Monroe,11,-1.56311,73.0,17.5,4397575.0
Adili Kuerban,Kennesaw St.,10,-7.41496,74.0,13.4,4396739.0
Michael Dunne,Hartford,10,-2.23651,72.0,13.5,4395892.0
Kristian Lafayette,Louisiana,15,0.180567,82.0,12.4,4397663.0
JD Williams,Louisiana Monroe,3,-0.901297,77.0,23.5,4397572.0
Jacob Boonyasith,American,17,-3.70585,75.0,15.9,4397587.0
Ashton Hagans,Kentucky,9,4.66542,75.0,24.2,4395722.0
Tye Fagan,Georgia,12,3.57592,75.0,16.2,4395719.0
Noah Locke,Florida,14,3.85113,75.0,15.3,4395713.0
Keyontae Johnson,Florida,2,7.67223,77.0,21.5,4395714.0
Andrew Nembhard,Florida,9,2.75986,77.0,22.0,4395712.0
Tyrone Lyons,North Carolina A&T,15,-0.83343,78.0,16.2,4398221.0
Christian Agnew,North Alabama,6,-0.763137,74.0,23.1,4396762.0
Ryan Greer,Northwestern,10,-2.99944,74.0,9.9,4397230.0
Jarvis Omersa,Minnesota,16,5.517,78.0,12.2,4397213.0
Gabe Kalscheur,Minnesota,14,3.4088,76.0,18.3,4397214.0
Gabe Brown,Michigan St.,12,4.23168,79.0,13.4,4397210.0
Karrington Davis,Southern Illinois,7,-8.39507,78.0,17.9,4397218.0
Daniel Oturu,Minnesota,2,7.17214,82.0,28.3,4397215.0
Amir Harris,George Washington,7,-0.798389,77.0,19.4,4397216.0
Jared Butler,Baylor,9,7.35395,75.0,27.1,4395695.0
Osun Osunniyi,St. Bonaventure,0,8.18938,82.0,17.1,4397224.0
Vince Williams,VCU,6,1.56338,78.0,18.7,4397227.0
Darius Beane,Northern Illinois,1,0.454647,75.0,18.0,4397490.0
Cam Jones,Jacksonville St.,5,-3.66855,78.0,19.9,4398322.0
Jomaru Brown,Eastern Kentucky,9,-3.67112,74.0,36.8,4398318.0
Tre King,Eastern Kentucky,8,0.115437,80.0,21.6,4398319.0
Maros Zeliznak,Jacksonville St.,16,-6.27443,83.0,12.1,4398323.0
Victor Ohia Obioha,Pepperdine,13,2.57305,81.0,13.6,4397694.0
Ludovic Dufeal,Gardner Webb,0,4.87487,80.0,14.7,4397530.0
Curtis Holland III,High Point,1,-6.16481,74.0,21.9,4397625.0
Rob Peterson III,High Point,7,-7.2899,78.0,16.0,4397627.0
LJ Thorpe,UNC Asheville,3,-1.55914,77.0,27.4,4279050.0
Trevon Faulkner,Northern Kentucky,6,-0.806716,75.0,21.3,4397774.0
Adrian Nelson,Northern Kentucky,13,3.70462,79.0,13.2,4397772.0
Harrison Butler,Southern Utah,7,-0.902361,77.0,19.6,4397380.0
Serrel Smith Jr.,Maryland,4,-4.64413,76.0,17.9,4397185.0
Sasha Stefanovic,Purdue,14,5.26318,76.0,17.7,4277985.0
Jared Sherfield,Tennessee Tech,10,-5.31742,77.0,14.3,4398375.0
Richard Njoku,Navy,16,-2.25213,79.0,14.2,4398153.0
Marlon Taylor,LSU,3,2.23323,77.0,13.7,4396974.0
Jaylin Andrews,Loyola MD,17,-1.74955,76.0,14.6,4398132.0
Kenneth Jones,Loyola MD,1,-3.76699,72.0,14.8,4398136.0
Javonte Smart,LSU,11,2.47838,76.0,20.2,4396972.0
Tray Maddox Jr.,Oakland,1,-0.705486,77.0,19.4,4397779.0
Malik Martin,Charlotte,6,3.52031,78.0,15.0,4397470.0
Cooper Robb,Charlotte,6,1.62362,73.0,13.8,4397469.0
Jaylen Sebree,Florida Atlantic,17,-2.56819,79.0,17.4,4397481.0
Aaron Nesmith,Vanderbilt,11,6.21376,78.0,23.7,4396909.0
Zep Jasper,Charleston,14,-0.197649,73.0,13.7,4311618.0
Kavonte Ivery,Georgia St.,17,-1.39063,78.0,15.5,4397532.0
Calvin Wishart,Georgia Southern,11,0.606229,74.0,17.2,4397521.0
Elijah McCadden,Georgia Southern,6,0.113699,76.0,20.1,4397519.0
Nelson Phillips,Georgia St.,6,3.26974,76.0,16.9,4397533.0
Justin Hemsley,Hawaii,15,-2.08335,78.0,19.9,4278748.0
Jake Wojcik,Richmond,14,0.574327,76.0,13.2,4397191.0
Souleymane Koureissi,Richmond,15,0.755329,81.0,14.6,4397190.0
Andre Gustavson,Richmond,6,1.61235,76.0,13.4,4397193.0
Matt Grace,Richmond,7,-1.59129,81.0,12.5,4397192.0
Omar Silverio,Hofstra,10,-5.23194,75.0,18.4,4397181.0
Samba Diallo,Massachusetts,7,-0.988327,79.0,16.1,4397161.0
Michael Devoe,Georgia Tech,11,3.69968,77.0,23.6,4395631.0
Diego Willis,NJIT,17,-4.09425,76.0,16.2,4396753.0
Joey Baker,Duke,14,3.0871,79.0,17.8,4395624.0
Devin Vassell,Florida St.,2,9.171,79.0,18.9,4395630.0
Myles Dread,Penn St.,14,5.59981,76.0,17.1,4397239.0
Ryan Young,Northwestern,8,3.91747,82.0,20.0,4397232.0
Miller Kopp,Northwestern,14,1.86275,79.0,20.7,4397231.0
Luther Muhammad,Ohio St.,11,5.27937,75.0,15.0,4397234.0
Pete Nance,Northwestern,3,2.33074,82.0,20.7,4397233.0
Justin Ahrens,Ohio St.,12,2.5742,77.0,13.4,4397236.0
Duane Washington Jr.,Ohio St.,14,2.80485,75.0,23.0,4397235.0
Myreon Jones,Penn St.,11,6.32354,75.0,21.4,4397238.0
Jaedon LeDee,TCU,8,2.27608,81.0,13.6,4397237.0
John Knight III,Southern Utah,9,0.313373,75.0,29.4,4397421.0
Jules Bernard,UCLA,3,1.08664,78.0,19.8,4397127.0
Kyle Lofton,St. Bonaventure,9,0.84758,75.0,23.0,4397220.0
Kabir Mohammed,Missouri St.,8,2.80393,77.0,16.9,4397466.0
Jordan McCabe,West Virginia,5,-0.541155,72.0,18.0,4397100.0
Emmitt Matthews Jr.,West Virginia,17,2.17773,79.0,16.3,4397099.0
Trey Doomes,Chattanooga,8,0.913544,75.0,23.1,4397095.0
Derek Culver,West Virginia,8,5.71039,82.0,26.3,4397094.0
Carter Hendricksen,North Florida,3,1.11574,79.0,21.0,4396776.0
Dorian James,North Florida,7,-2.37006,79.0,13.5,4396774.0
Dan Fotu,Saint Mary's,13,4.3004,79.0,15.5,4397722.0
Matthias Tass,Saint Mary's,8,5.27248,82.0,17.2,4397724.0
Brendan Bailey,Marquette,12,5.6239,80.0,14.0,4397086.0
Ugo Obineke,Kennesaw St.,10,-8.05579,78.0,19.6,4396741.0
Antonio Spencer,Kennesaw St.,16,-4.64387,81.0,14.6,4396742.0
Dane Goodwin,Notre Dame,14,2.22876,78.0,19.4,4395667.0
Malik Jefferson,Mount St. Mary's,8,-2.34267,81.0,19.8,4397980.0
Collin Nnamene,Mount St. Mary's,7,-3.10086,81.0,13.9,4397977.0
Kris Wooten,Elon,14,-1.78866,75.0,11.7,4397455.0
Anthony Crump,Middle Tennessee,7,-3.61569,80.0,13.1,4397550.0
Kyle Colvin,Cal Poly,10,-4.99051,78.0,18.5,4397366.0
Wayne Arnold,Cal St. Fullerton,10,-5.18243,76.0,19.5,4397405.0
Elijah Harkless,Cal St. Northridge,6,-0.467006,76.0,21.1,4397449.0
Darius Brown II,Cal St. Northridge,11,0.72131,73.0,16.8,4397450.0
Brendan Harrick,Cal St. Northridge,17,-5.58576,77.0,14.9,4397454.0
James Manns,Wright St.,3,-2.10435,79.0,28.8,4279499.0
Jeameril Wilson,Lehigh,15,-0.0442886,79.0,19.3,4398116.0
Tyrone Perry,Lafayette,17,-2.61886,73.0,16.3,4398070.0
Sean Good,Lafayette,0,1.27388,82.0,10.5,4398073.0
DeAndre Williams,Evansville,2,9.58128,81.0,25.2,4397355.0
Nic Lynch,Lehigh,8,-6.03325,83.0,21.0,4398119.0
Trey McGowens,Pittsburgh,5,1.12985,76.0,23.0,4395670.0
Kameron Gibson,Western Carolina,14,-3.20098,75.0,16.3,4398273.0
Jake Stephens,VMI,3,2.7483,81.0,21.4,4398257.0
Carlos Dotson,Western Carolina,8,0.498261,79.0,28.6,4077382.0
Ryan Larson,Wofford,5,-0.243608,73.0,12.8,4398276.0
Isaiah Bigelow,Wofford,3,-1.14275,79.0,17.1,4398275.0
Messiah Jones,Wofford,13,5.67084,78.0,20.5,4398279.0
SK Shittu,Central Arkansas,7,-5.45472,81.0,15.2,4278264.0
Jericole Hellems,N.C. State,3,1.00192,79.0,19.9,4395661.0
Tyrese Martin,Rhode Island,3,1.76542,78.0,19.6,4397179.0
Jamal Hartwell II,George Mason,1,-2.92307,70.0,17.8,4396817.0
Jordan Miller,George Mason,3,1.0633,78.0,21.1,4396818.0
Elijah McNamara,Miami OH,7,-2.19748,81.0,17.5,4397853.0
Mekhi Lairy,Miami OH,9,1.16628,68.0,22.3,4397850.0
Myja White,Miami OH,10,-3.8988,73.0,10.1,4397851.0
Anthony Roberts,Kent St.,1,-0.573028,76.0,22.1,4397847.0
Malik Miller,Morgan St.,15,-0.115358,76.0,19.1,4398197.0
Tajion Jones,UNC Asheville,12,-0.992899,77.0,17.1,4279052.0
KJ Simon,Troy,7,-1.93739,75.0,15.8,4397710.0
Raymond Bethea Jr.,Howard,7,-8.76773,78.0,26.7,4398163.0
Alex Vilarino,Boston University,5,-5.11413,74.0,21.9,4277926.0
Au'Diese Toney,Pittsburgh,6,3.28737,78.0,16.6,4395671.0
Trey Wertz,Santa Clara,11,1.66233,76.0,21.8,4397753.0
Keshawn Justice,Santa Clara,14,2.746,79.0,15.8,4397751.0
Guglielmo Caruso,Santa Clara,2,2.45379,83.0,21.7,4397749.0
Karrington Wallace,Central Connecticut,16,-4.29324,79.0,16.6,4397955.0
Brandon Powell,Fairleigh Dickinson,1,-1.72468,74.0,20.3,4397964.0
Bassel Saliba Jr.,Fairleigh Dickinson,4,-7.3155,76.0,15.9,4397963.0
Vado Morse,Mount St. Mary's,1,-3.8586,72.0,23.1,4397972.0
Trajan Wesley,Louisiana,5,-3.86988,69.0,15.8,4397660.0
Lamar Norman Jr.,Duquesne,14,-1.00805,75.0,14.2,4396803.0
Reece Wilkinson,Tennessee Tech,8,-4.30243,81.0,19.7,4398379.0
Micheal Anumba,Winthrop,12,1.43087,76.0,13.0,4397840.0
Jaalam Hill,Cleveland St.,7,-7.57008,79.0,23.3,4399105.0
Rashad Williams,Oakland,1,-2.70228,74.0,26.7,4399106.0
Dawson Carper,Hawaii,13,-2.04053,84.0,19.2,4397464.0
Theo Akwuba,Portland,16,-2.50458,83.0,19.5,4397716.0
Elijah Weaver,USC,17,-1.36792,78.0,19.0,4397139.0
Walter Ellis,Bucknell,12,1.06612,77.0,15.0,4397649.0
Andrew Funk,Bucknell,17,-3.05513,77.0,19.1,4397650.0
Jack Hemphill,Boston University,7,-3.99249,81.0,24.6,4397633.0
Fletcher Tynen,Boston University,16,-3.57516,79.0,14.8,4397634.0
Tucker Richardson,Colgate,12,3.07643,77.0,15.2,4398040.0
Kahliel Spear,Bucknell,15,0.871068,79.0,18.7,4397651.0
Marlon Hargis,Holy Cross,17,-6.46287,79.0,18.8,4398054.0
Ben Vander Plas,Ohio,2,2.20559,80.0,25.8,4279448.0
LaQuill Hardnett,Buffalo,13,0.662757,80.0,12.5,4396610.0
Damien Daniels,Abilene Christian,5,0.48735,67.0,18.0,4397957.0
Joe Pleasant,Abilene Christian,3,-1.60012,80.0,22.7,4397958.0
Clay Gayman,Abilene Christian,2,3.87606,78.0,25.4,4397959.0
Yor Anei,Oklahoma St.,0,6.21937,82.0,21.8,4397046.0
Joe Reece,Old Dominion,7,0.319778,80.0,20.9,4397566.0
Jason Wade,Old Dominion,6,8.97557,77.0,20.9,4397567.0
Kalu Ezikpe,Old Dominion,8,1.87167,80.0,21.9,4397564.0
Nicolas Timberlake,Towson,17,0.0520447,76.0,18.4,4397595.0
Javon Pickett,Missouri,17,-0.314833,77.0,16.7,4396954.0
Tyger Campbell,UCLA,5,0.350097,71.0,19.7,4397128.0
Duncan LeXander,Charleston Southern,10,-3.32191,80.0,12.1,4397411.0
Dontrell Shuler,Charleston Southern,9,-5.19069,74.0,32.6,4397414.0
Sadarius Bowser,Charleston Southern,8,-6.98767,81.0,12.2,4397413.0
Dominick Welch,St. Bonaventure,3,3.93123,77.0,18.8,4397221.0
John Walker III,Texas Southern,7,-5.11324,81.0,21.5,4278121.0
Noah Gurley,Furman,3,-0.483891,80.0,26.0,4280015.0
Sherwyn Devonish,Morgan St.,5,-4.86095,73.0,18.8,4398196.0
Isaiah Burke,Morgan St.,1,-3.59116,73.0,17.7,4398199.0
Gerrale Gates,New Orleans,7,-3.37181,78.0,17.6,4398092.0
Ty Perry,Fordham,14,-2.06376,75.0,19.3,4396812.0
Chris Austin,Fordham,17,-4.50254,76.0,15.9,4396811.0
Jalen Cobb,Fordham,5,-0.596725,73.0,22.3,4396809.0
Sincere Carry,Duquesne,9,0.391256,73.0,21.6,4396807.0
Zach Thornhill,Nebraska Omaha,3,0.867717,76.0,16.1,4279507.0
Kessler Edwards,Pepperdine,2,6.23141,80.0,18.8,4397693.0
Khalid Moore,Georgia Tech,4,-0.599149,79.0,15.6,4395632.0
Zeke Quinlan,Montana St.,7,-6.51355,80.0,20.2,4397297.0
Alex Caldwell,Southeast Missouri St.,1,-3.51901,72.0,22.4,4398351.0
Ayo Dosunmu,Illinois,11,4.36539,77.0,25.5,4397002.0
Zion Young,Western Illinois,14,-2.91607,76.0,22.1,4398341.0
Jeremiah Saunders,Southeastern Louisiana,4,-4.60443,75.0,16.5,4398286.0
Kobe Dickson,Cornell,15,-2.30741,81.0,15.8,4397937.0
Jaylan Gainey,Brown,0,5.29583,81.0,12.5,4397913.0
David Mitchell,Brown,15,1.91318,78.0,9.4,4397914.0
Ike Nweke,Columbia,8,-2.40332,79.0,23.2,4397926.0
Matt Mims,South Dakota St.,14,-0.232882,72.0,10.1,4398338.0
Blake Verbeek,Holy Cross,7,-9.59844,83.0,20.2,4398058.0
Jayden Saddler,Southern,5,-2.50705,72.0,18.6,4402919.0
Patrick Emilien,Western Michigan,7,-2.98672,78.0,17.0,4397909.0
William Boyer-Richard,Western Michigan,5,-5.3016,73.0,19.8,4397910.0
Kody Shubert,Presbyterian,5,-7.8096,71.0,17.9,4397653.0
Alex Arians,South Dakota St.,3,0.339138,76.0,16.2,4279531.0
Elijah Hardy,Washington,5,-3.22366,74.0,17.9,4397156.0
Devin Hutchinson,Radford,14,-2.42275,77.0,17.6,4397817.0
Dalvin White,USC Upstate,1,-4.06697,70.0,15.7,4397832.0
Kur Kuath,Oklahoma,0,9.43091,82.0,14.3,4397028.0
Jaxson Baker,Central Arkansas,14,-1.92221,79.0,14.1,4397988.0
Calvin Whipple,Fairfield,17,-3.32135,76.0,11.4,4398077.0
Brandon Morley,Utah Valley,13,-0.798791,84.0,11.2,4397150.0
Adam Kunkel,Belmont,1,0.459751,75.0,25.8,4398300.0
Wanjang Tut,Nebraska Omaha,7,-2.85139,80.0,19.1,4279513.0
Dzmitry Ryuny,San Francisco,12,3.33007,81.0,17.7,4397744.0
Kevin Obanor,Oral Roberts,3,1.83289,80.0,22.7,4398304.0
Riley Battin,Utah,3,1.80409,81.0,16.2,4397149.0
Vinnie Shahid,North Dakota St.,11,2.17596,71.0,28.8,4398211.0
Finn Sullivan,San Diego,6,1.04851,76.0,18.8,4397759.0
Manny Bates,N.C. State,0,10.3512,83.0,12.8,4395662.0
Giorgi Bezhanishvili,Illinois,7,1.53413,81.0,20.2,4397003.0
Aaron Wiggins,Maryland,3,3.7935,78.0,20.6,4397183.0
Lahat Thioune,Utah,13,-1.22612,82.0,11.3,4397151.0
Eric Ayala,Maryland,1,1.6382,77.0,18.6,4397184.0
Jr. Clay,Tennessee Tech,9,-0.541548,72.0,28.0,4398376.0
Sage Tolbert,Southeast Missouri St.,8,-0.689075,80.0,19.8,4398355.0
Matt Dentlinger,South Dakota St.,2,4.82835,80.0,19.8,4279530.0
Joe Wieskamp,Iowa,3,5.18111,78.0,20.1,4397033.0
Matt Balanc,Quinnipiac,17,-6.24112,75.0,19.0,4398397.0
CJ Fredrick,Iowa,11,4.5405,75.0,15.5,4397032.0
Tyree Pickron,Quinnipiac,10,-6.24229,75.0,16.8,4398400.0
Tyrese Williams,Quinnipiac,1,-3.48646,75.0,23.0,4398399.0
Joel Ayayi,Gonzaga,11,8.34233,77.0,17.6,4280150.0
Deon Ejim,Illinois Chicago,7,-1.02994,78.0,17.7,4397766.0
Miles Latimer,Stony Brook,10,-1.91804,75.0,15.7,4396584.0
R.J. Eytle-Rock,UMBC,1,-0.0262039,75.0,22.2,4396591.0
Stephane Ingo,Maine,7,-0.603915,81.0,16.6,4395898.0
Hunter Thompson,Wyoming,3,-2.16646,82.0,18.8,4280268.0
Jared Pearre,Cal St. Northridge,16,-1.87578,81.0,11.2,4278743.0
Jhery Matos,Dayton,10,1.04027,77.0,16.6,4396790.0
Reggie Chaney,Arkansas,13,4.64675,80.0,15.8,4395708.0
Dwayne Cohill,Dayton,15,2.45914,74.0,12.4,4396791.0
Nygal Russell,Southeast Missouri St.,5,-3.86038,76.0,20.7,4398354.0
Cam Williams,SIU Edwardsville,5,-3.55128,74.0,23.5,4398362.0
Davids Atelbauers,North Dakota,4,-8.13418,73.0,11.4,4398187.0
Kevin Samuel,TCU,0,7.69934,83.0,17.7,4277915.0
Darius Williams,Southern,8,1.5316,81.0,15.4,4396027.0
Zach Nutall,Sam Houston St.,11,-0.972766,75.0,26.0,4398281.0
Ron Harper Jr.,Rutgers,3,6.1874,78.0,20.5,4397251.0
Eddy Kayouloud,Central Arkansas,3,-2.27737,79.0,24.0,4397987.0
Xavier Bryant,Sam Houston St.,5,-2.81927,72.0,21.8,4398282.0
Garrison Wade,Dartmouth,17,-5.04268,78.0,14.1,4397962.0
Nate Hinton,Houston,6,9.24493,77.0,18.2,4396629.0
Dean Noll,Cornell,6,-1.0486,74.0,22.5,4397941.0
Wes Slajchert,Dartmouth,17,-2.58596,77.0,10.3,4397961.0
Andre Toure,Howard,16,-9.59108,80.0,15.7,4398162.0
David Singleton,UCLA,10,2.56324,76.0,10.4,4397131.0
T.J. Smith,Toledo,17,-4.4577,80.0,11.2,4397877.0
Buddy Boeheim,Syracuse,14,2.22821,78.0,20.8,4395676.0
Both Gach,Utah,1,-1.70691,78.0,22.9,4397145.0
Tevin Brown,Murray St.,11,4.01418,77.0,23.5,4279886.0
Bryce Wills,Stanford,6,2.08451,78.0,17.4,4397111.0
Qon Murphy,Houston Christian,10,-7.04812,77.0,20.7,4398022.0
Benjamin Uloko,Houston Christian,8,-6.12937,79.0,21.5,4398025.0
Dwight Murray Jr.,Incarnate Word,1,-5.2615,72.0,22.2,4398029.0
Joseph Lanzi,Denver,10,-7.36112,77.0,17.7,4398062.0
Taelyr Gatlin,Denver,10,-4.04845,75.0,12.4,4398061.0
Jase Townsend,Denver,1,-1.17173,75.0,25.8,4398060.0
David Nzekwesi,Denver,7,-6.2887,81.0,20.3,4398059.0
Tionne Rollins,Purdue Fort Wayne,4,-9.61066,74.0,20.9,4398081.0
Jarred Godfrey,Purdue Fort Wayne,9,-2.07728,77.0,27.3,4398080.0
Jalen Hill,UCLA,8,5.40514,82.0,21.5,4278530.0
Cody Riley,UCLA,8,0.212543,81.0,24.7,4278525.0
Kolby Lee,BYU,15,3.12866,81.0,18.3,4294217.0
Sam Griesel,North Dakota St.,7,-2.27476,78.0,18.5,4398213.0
Gerald Liddell,Texas,7,0.462713,80.0,19.3,4397076.0
Courtney Ramey,Texas,1,2.44184,75.0,22.3,4334018.0
Kaleb Hunter,UNC Greensboro,15,1.0293,76.0,19.1,4280038.0
Allin Blunt,UMass Lowell,7,-7.81646,79.0,17.0,4396569.0
Sam Sessoms,Binghamton,9,-0.945815,72.0,32.1,4395880.0
Kira Lewis Jr.,Alabama,9,4.78994,75.0,24.7,4395698.0
Isaiah Joe,Arkansas,11,3.74544,77.0,22.9,4395702.0
Desi Sills,Arkansas,11,1.18269,73.0,17.7,4395701.0
Luka Brajkovic,Davidson,2,1.00587,82.0,24.8,4396787.0
Antoine Davis,Detroit Mercy,9,-0.27506,73.0,36.3,4397732.0
Chuck Hannah,Elon,15,0.730105,78.0,12.7,4397456.0
Angus McWilliam,UC Riverside,8,-5.01026,82.0,20.3,4293446.0
Jemarl Baker Jr.,Arizona,11,4.58237,76.0,16.7,4278072.0
Adam Thistlewood,Colorado St.,12,2.07261,78.0,16.0,4397271.0
Taeshon Cherry,Arizona St.,17,1.60169,80.0,14.9,4397024.0
Kendle Moore,Colorado St.,11,3.60342,70.0,13.7,4397269.0
Cameron Shelton,Northern Arizona,9,0.382521,74.0,26.6,4397305.0
Tre'Shon Smoots,Northern Colorado,10,-6.17246,73.0,18.4,4397308.0
Jared Rhoden,Seton Hall,6,5.74989,78.0,17.6,4397119.0
Anthony Nelson,Seton Hall,5,-3.56935,76.0,18.6,4397118.0
Nigel Hawkins,UTEP,5,-1.18912,76.0,16.1,4397862.0
Daniel Sackey,Valparaiso,5,-3.73317,69.0,18.5,4397512.0
Vante Hendrix,New Mexico,12,2.35927,77.0,18.3,4397146.0
Matthew Mayer,Baylor,6,4.40062,81.0,22.5,4395697.0
Grant Basile,Wright St.,8,-0.87395,81.0,24.4,4397787.0
Kenny Pittman Jr.,Oakland,17,-5.73323,75.0,10.3,4397781.0
Bodie Hume,Northern Colorado,3,1.8158,78.0,24.3,4397311.0
JayQuan McCloud,Green Bay,1,-0.0632824,74.0,27.0,3138514.0
Sam Masten,Northern Colorado,1,-1.28904,74.0,19.4,4397310.0
Nelson Boachie-Yiadom,Davidson,13,5.46533,80.0,12.3,4396786.0
Josh Roberts,St. John's,0,7.28477,81.0,13.8,4397122.0
Matthue Cotton,Yale,14,0.631788,77.0,20.1,4398012.0
Andy Pack,Elon,4,-8.83433,76.0,15.8,4397458.0
Aguek Arop,San Diego St.,8,2.52833,78.0,20.4,4397368.0
Darius Allen,Tennessee Tech,17,-1.50257,77.0,21.9,4395693.0
Tyree Eady,North Dakota St.,17,0.252456,77.0,13.6,4279514.0
Mack Anderson,Montana,13,-0.103373,81.0,16.4,4397295.0
Jalen Gabbidon,Yale,6,3.16783,77.0,14.4,4279696.0
Emanuel Littles,North Alabama,8,-2.61668,79.0,16.8,4396770.0
Evan Battey,Colorado,2,4.74251,80.0,19.2,4278506.0
Jaylen Richard,Charleston,7,-8.84152,76.0,21.4,4397382.0
Brandon Swaby,Incarnate Word,4,-6.65716,75.0,15.2,4398037.0
Daniel Love,Mercer,5,-2.21123,75.0,17.5,4398225.0
Andrew Taylor,Marshall,5,1.01503,75.0,18.0,4592859.0
Keshaun Saunders,Toledo,10,-5.09651,77.0,19.5,4397880.0
Ivan Alipiev,Loyola Marymount,3,-0.309275,80.0,20.4,4397668.0
Alan Griffin,Illinois,12,8.93683,77.0,20.7,4396998.0
Javian Davis,Alabama,13,2.14577,81.0,17.9,4592739.0
Davion Buster,Lamar,1,-1.01828,70.0,22.4,4398051.0
Timmy Allen,Utah,3,0.963218,78.0,29.1,4397148.0
Noah Kirkwood,Harvard,3,0.423194,79.0,23.9,4397968.0
Tamell Pearson,UAB,7,-2.72776,82.0,16.8,4397727.0
D'Andre Bernard,Louisiana Monroe,7,-4.05745,80.0,16.4,3908849.0
Antione Lister,Prairie View A&M,17,-1.96191,75.0,15.7,4397929.0
Donel Cathcart III,Youngstown St.,17,-2.88268,77.0,17.5,4397792.0
Ricky Clemons,Campbell,17,-5.05192,74.0,11.2,4397332.0
Matt Johnson,Northern Colorado,14,1.0413,74.0,11.6,4278649.0
Ivan Aurrecoechea,New Mexico St.,15,-0.402347,80.0,24.7,4396006.0
Mohamed Thiam,Iona,17,-2.9574,81.0,14.3,4396014.0
Ian Burke,Portland St.,17,-1.58514,77.0,11.0,4395998.0
Dallas Morgan,Central Michigan,1,-2.92004,74.0,24.0,4397829.0
Boubacar Toure,Eastern Michigan,0,3.80199,84.0,20.6,3130580.0
Christian Rohlehr,St. Francis NY,0,2.40271,81.0,14.5,4398010.0
Mykhailo Yagodin,Maine,14,-4.66635,77.0,17.5,4395901.0
Rod Melton,Florida A&M,1,-0.899973,73.0,20.6,4398141.0
Chris Brandon,Detroit Mercy,13,1.60655,79.0,11.5,4397737.0
Lamar Hamrick,Portland St.,11,1.05477,76.0,21.1,4397738.0
Boe Nguidjol,Detroit Mercy,15,-4.47664,80.0,14.2,4397736.0
Jonas Harper,Boston University,14,1.90647,74.0,12.1,4397631.0
Jervae Robinson,Washington St.,10,0.858598,74.0,13.4,4397165.0
Leonard Harper-Baker,Southern Miss,6,2.73981,77.0,18.2,4279102.0
Job Alexander,Cal Poly,5,-1.94134,76.0,18.2,4397361.0
Bernie Andre,Northern Arizona,3,-1.8451,78.0,22.1,4397303.0
Grant Weatherford,IU Indy,5,-2.32762,74.0,17.3,3906672.0
Rob Whitfield,UMKC,14,0.851594,75.0,17.1,4395992.0
Greg Summers,Navy,7,0.955414,75.0,19.8,4398149.0
John Carter Jr.,Navy,1,-3.3514,75.0,23.8,4398147.0
Rod Johnson,Chattanooga,3,-1.11817,79.0,19.9,4398157.0
Osi Nwachukwu,Sacramento St.,6,2.06556,77.0,18.3,4397329.0
Jayce Johnson,Middle Tennessee,7,-2.90431,77.0,21.7,4397552.0
Jabari Narcis,UT Arlington,2,4.83562,81.0,16.1,4397682.0
Josh Caldwell,Army,6,0.917085,74.0,16.0,4397607.0
Youry White,Louisiana Monroe,8,-1.40417,80.0,16.1,4397577.0
Mubarak Muhammed,Louisiana Tech,2,4.44883,79.0,18.0,4397516.0
Patrick Urey,Mercer,4,-4.13579,78.0,9.4,4398231.0
TJ Washington,Utah Valley,5,-3.39191,72.0,27.9,4395987.0
Eddy Egun,Montana,7,-6.00936,76.0,20.9,4397293.0
Darius Williams,Prairie View A&M,1,-3.74806,72.0,29.5,4397928.0
Tray Boyd III,East Tennessee St.,11,2.73354,76.0,24.7,4398179.0
Isaiah Tisdale,East Tennessee St.,6,6.58937,73.0,16.2,4398184.0
Frank Bertz,UCF,14,2.74737,77.0,14.1,4396673.0
Zo Tyson,IU Indy,8,-4.36402,81.0,12.5,4278647.0
Radshad Davis,UT Arlington,2,5.4715,74.0,21.0,4397680.0
Brian Warren,UT Arlington,1,-2.04382,69.0,27.0,4397678.0
Neemias Queta,Utah St.,2,5.86635,84.0,25.8,4397424.0
Antun Maricevic,South Florida,8,1.54453,82.0,16.0,4396649.0
Devon Andrews,FIU,6,0.547246,78.0,27.9,4397501.0
Tyreek Scott-Grayson,UAB,6,1.6032,77.0,22.9,4397725.0
Derek St. Hilaire,Jacksonville St.,5,-2.66638,71.0,21.9,4398325.0
Eli Abaev,Austin Peay,8,0.831349,80.0,16.9,4398044.0
Abdou Ndiaye,Illinois St.,16,2.51895,81.0,11.4,4397375.0
Robinson Idehen,UC Santa Barbara,13,2.53969,82.0,19.8,4397646.0
Romain Boxus,Hartford,14,-1.72436,78.0,10.3,4395888.0
De'jon Davis,Cal Baptist,3,-0.917724,79.0,20.9,4398425.0
Fahim Jenneto,Delaware St.,17,-7.482,79.0,16.6,4398121.0
Boban Jacdonmi,Southern Miss,8,-5.53039,81.0,21.4,4397706.0
Tyler Stevenson,Southern Miss,8,-1.07536,80.0,22.3,4397707.0
Brian Fobbs,Towson,3,0.324737,77.0,26.4,4397594.0
Tyrece Radford,Virginia Tech,2,6.44533,73.0,18.9,4395685.0
J'Von McCormick,Auburn,9,2.43223,72.0,23.0,4395709.0
DeAnthony McCallum,Jacksonville,5,-2.58988,76.0,18.6,4396693.0
Trey Smith,San Jose St.,10,-4.07013,75.0,12.0,4397400.0
Ethan Esposito,Sacramento St.,7,-7.07323,79.0,28.3,4397330.0
Jahlil Rawley,Stetson,6,1.62431,76.0,15.4,4396779.0
Jordan Gorman,Detroit Mercy,10,-8.67155,70.0,17.2,4397739.0
Willy Isiani,Detroit Mercy,17,-1.46169,80.0,17.8,4397740.0
Malik Hardy,Florida Gulf Coast,7,-2.39677,75.0,20.1,4396691.0
Garrett Sturtz,Drake,13,3.5697,75.0,14.1,4397348.0
Anthony Murphy,Drake,3,0.0906929,77.0,19.2,4397345.0
Zach Walton,Drexel,3,-3.01122,78.0,26.0,4397426.0
Tavon King,North Alabama,4,-8.26262,71.0,17.3,4396761.0
Nate Louis,Charleston Southern,10,-3.93096,71.0,10.4,4397408.0
Ramiir Dixon-Conover,Saint Francis,5,-1.48988,75.0,15.6,4398016.0
Quintin Dove,Tennessee Martin,3,-2.75796,80.0,26.5,4398366.0
Chad Bowie,Sam Houston St.,6,1.28357,74.0,19.2,4398280.0
Irshaad Hunte,Texas A&M Corpus Chris,8,-0.9677,80.0,22.8,4398297.0
Tony Lewis,Texas A&M Corpus Chris,15,-3.90413,82.0,21.4,3936177.0
Kai Mitchell,Sam Houston St.,2,3.62985,79.0,27.6,4398283.0
Devonte Bandoo,Baylor,17,3.08396,75.0,17.2,4395694.0
Ronald Lucas,Delaware St.,15,-8.23348,78.0,10.4,4398122.0
Vilgot Larsson,Maine,7,-5.96763,80.0,17.5,4395896.0
Trey Spencer,Campbell,17,-1.58722,76.0,16.8,4397331.0
Richardson Maitre,Florida Atlantic,11,3.27294,75.0,18.9,4397488.0
Aleksandar Zecevic,Florida Atlantic,15,0.362195,82.0,20.0,4397486.0
Silas Adheke,Northern Kentucky,8,-1.88752,80.0,14.4,4066995.0
D.J. Wilkins,Drake,1,-1.82908,74.0,19.0,4397350.0
Tracy Hector Jr.,Florida Gulf Coast,4,-3.68971,77.0,14.1,3923558.0
Phillip Jones,Howard,5,-13.8874,72.0,19.3,4293888.0
Marvin Cannon,Washington St.,3,0.730452,77.0,14.5,4397168.0
Bul Kuol,Cal Baptist,14,-1.92276,79.0,13.4,4398419.0
Nikola Maric,Little Rock,15,-1.85476,82.0,21.8,4397558.0
J.J. Matthews,Arkansas St.,8,-0.687725,81.0,21.2,4067321.0
Canberk Kus,Arkansas St.,3,-0.829271,78.0,21.8,4397479.0
Ty Gadsden,UNC Wilmington,1,-0.11785,73.0,23.1,4397568.0
Javae Lampkins,Texas A&M Corpus Chris,17,-8.52396,73.0,18.6,4398296.0
Jashawn Talton-Thomas,Texas A&M Corpus Chris,5,-2.25937,77.0,21.2,4398295.0
Terrell Brown,Seattle,9,3.16614,73.0,34.0,4395997.0
Malik Brevard,Arkansas St.,13,1.48108,80.0,16.3,4397478.0
A.J. Walker,Air Force,11,-0.940717,74.0,20.6,4397255.0
Brandon Mahan,UCF,12,2.21564,77.0,17.8,4396917.0
Marlon Sierra,Bowling Green,7,-2.94178,79.0,15.5,4397816.0
Michael Laster,Bowling Green,4,-1.7148,73.0,21.6,4397813.0
Jake Hendricks,Wyoming,10,-0.191302,77.0,18.1,4397443.0
Mason Jones,Arkansas,9,7.09246,77.0,31.6,4395704.0
Romaro Gill,Seton Hall,0,7.1082,86.0,14.2,4278582.0
Michael Cubbage,Marist,5,-2.79587,76.0,24.0,4398412.0
Tyler Reynolds,Manhattan,14,-3.40168,79.0,15.1,4398107.0
Keith McGee,New Mexico,12,-1.05869,75.0,16.4,4397356.0
Amari McCray,Pacific,8,1.1373,81.0,24.0,4397673.0
KC Ndefo,Saint Peter's,0,7.95609,79.0,23.3,4398386.0
Josh Aldrich,USC Upstate,17,-2.94229,79.0,11.3,4397838.0
J.J. Rhymes,Grand Canyon,7,-7.21975,76.0,17.4,4396018.0
RJ Smith,Sam Houston St.,3,-2.07405,77.0,16.1,4067710.0
Pape Diop,Southeastern Louisiana,8,-4.4699,81.0,23.3,4398287.0
Isaac Hippolyte,Coastal Carolina,17,-2.23165,79.0,11.9,4397509.0
Kyonze Chavis,Norfolk St.,5,-3.54148,76.0,16.6,4398210.0
Andre Jackson,North Carolina A&T,10,-4.92879,76.0,22.6,4398218.0
Ronald Jackson,North Carolina A&T,2,2.46803,80.0,19.6,4398219.0
Webster Filmore,North Carolina A&T,16,-8.54059,78.0,14.7,4398217.0
Max Rice,Boise St.,17,0.811369,77.0,14.6,4397263.0
Jeremiah Bailey,Pacific,17,-0.715765,78.0,14.8,4397671.0
Jaylon Wilson,Longwood,14,-4.92626,75.0,21.0,4397636.0
Juan Cardenas,Bryant,3,-1.24263,79.0,20.8,4397942.0
Shabooty Phillips,Longwood,1,-3.70877,73.0,23.7,4397635.0
Chudier Bile,Northwestern St.,2,0.471634,78.0,30.9,4398268.0
Josh McNair,Green Bay,8,0.397641,78.0,18.6,4397748.0
Chidi Udengwu,Idaho St.,8,-5.21982,79.0,22.0,4397290.0
Gerard Andrus,Prairie View A&M,2,2.91972,77.0,23.0,4397932.0
D.J. Mitchell,Hartford,14,-1.13008,72.0,14.2,4395893.0
Tyree White,Louisiana Monroe,3,-0.0717525,80.0,22.8,4397573.0
Jeromy Rodriguez,East Tennessee St.,13,3.65384,79.0,21.6,4280020.0
Freddie Gillespie,Baylor,0,10.7689,81.0,16.9,4277886.0
A.J. Banks,Wyoming,5,-2.24086,74.0,14.1,4397440.0
Payton Youngblood,North Alabama,17,-0.976996,77.0,17.2,4396768.0
Kashawn Charles,Eastern Illinois,14,-2.35738,73.0,19.2,4398310.0
Jacob Tryon,Portland,15,0.430553,83.0,15.4,4397718.0
Yilret Yiljep,American,13,-0.314684,79.0,19.2,67081.0
Sean Flood,Longwood,10,-7.01926,74.0,14.4,4397638.0
Wil Sessoms,Milwaukee,16,-4.44254,81.0,20.2,4359118.0
Amir Allen,Milwaukee,16,-0.968587,80.0,16.7,4397761.0
Cameron Diggs,North Alabama,16,-4.06154,80.0,13.4,4396769.0
Aundre Hyatt,LSU,17,1.15695,77.0,11.4,4396975.0
Jahmari Etienne,South Carolina St.,10,-5.90395,75.0,19.0,4398264.0
Trey Dawkins,Georgia Southern,15,-2.23505,81.0,13.0,4397520.0
Mark Tikhonenko,Sam Houston St.,10,-1.34485,82.0,14.3,4279091.0
Mike Jones,Davidson,12,3.29218,77.0,11.7,nan
Jonathan Scott,Chattanooga,14,-1.0687,76.0,14.4,4398154.0
Isaiah Crawley,Georgia Southern,2,3.80945,79.0,23.1,4397526.0
Josiah Wallace,Eastern Illinois,1,-3.83302,76.0,25.3,4398314.0
Keandre Cook,Missouri St.,3,1.53933,77.0,23.1,4397465.0
JaQualis Matlock,Eastern Illinois,15,1.66981,77.0,12.5,4398316.0
Casson Rouse,Eastern Washington,14,-1.27368,74.0,13.6,4397280.0
Andrew Gordon,Louisiana Tech,0,4.14684,82.0,19.8,4397096.0
Khalil Shabazz,San Francisco,6,6.16809,73.0,24.2,4397745.0
Damian Chong Qui,Mount St. Mary's,1,-0.129828,68.0,20.7,4397976.0
Sal Nuhu,Portland St.,8,-0.317992,80.0,20.0,4397322.0
Amel Kuljuhovic,Southern,15,-2.14752,82.0,20.4,4397406.0
Ladan Ricketts,Montana St.,14,-1.74301,77.0,11.3,4397298.0
Aamahne Santos,Jacksonville,10,-2.76322,70.0,16.9,4396694.0
Drew Romich,Kennesaw St.,4,-7.30745,81.0,7.5,4396743.0
Zaire Mateen,Northern Illinois,14,-0.730903,72.0,19.2,4397856.0
Trendon Hankerson,Northern Illinois,14,1.48264,74.0,12.7,4397854.0
Ben Perez,Iona,10,-3.79783,76.0,11.1,3948791.0
Tiandre Jackson-Young,UT Arlington,17,-0.669178,76.0,16.1,4397684.0
Leon Sneed,Prairie View A&M,5,-5.3984,74.0,13.3,4397931.0
Charles Norman,Troy,14,-2.9466,74.0,15.6,4397712.0
Ty Dalton,Houston Christian,5,-4.57496,76.0,14.1,4067361.0
Tate Hall,Loyola Chicago,11,2.89923,78.0,20.8,4289536.0
Devonte Patterson,Prairie View A&M,9,2.75048,79.0,28.7,4397935.0
Jare'l Spellman,Sacred Heart,0,2.66776,82.0,15.1,4279648.0
Jamir Coleman,Central Connecticut,7,-5.6987,79.0,26.7,4397954.0
Eddie Stansberry,Hawaii,14,1.71634,75.0,19.1,4397459.0
Chandler Vaudrin,Winthrop,9,0.824037,79.0,22.3,4397841.0
Brendon Brooks,Southern,1,-2.80301,69.0,18.7,4402918.0
Ben Drake,Presbyterian,15,-3.50922,80.0,22.6,4278903.0
Rashaad Goolsby,Portland St.,8,3.13651,79.0,15.5,4397320.0
Leon Redd,Bethune Cookman,5,-5.13347,72.0,19.3,4398097.0
Wali Parks,Bethune Cookman,10,-1.09323,78.0,13.8,4398096.0
Cletrell Pope,Bethune Cookman,8,0.374889,81.0,23.6,4398098.0
"Derek Hawthorne, Jr.",Tennessee Martin,1,-2.87035,75.0,21.7,4078950.0
Faite Williams,Prairie View A&M,5,0.201311,74.0,17.9,4397933.0
Tony Miller,Washington St.,13,2.64193,78.0,20.8,4397296.0
Isaiah Rollins,Southern,4,-3.29801,75.0,21.6,4398430.0
Tommy Burton,Coastal Carolina,8,1.6145,80.0,23.3,4397510.0
Tyrik Armstrong,Texas Southern,9,2.93526,70.0,24.3,4397949.0
Landon Taliaferro,Fairfield,10,-3.45724,77.0,22.1,4398078.0
Aidan Saunders,Oral Roberts,4,-5.84987,76.0,12.3,4398307.0
Dante Treacy,Robert Morris,9,-0.0323131,72.0,18.1,4397989.0
Shareef Smith,Eastern Illinois,5,-3.34371,70.0,15.9,4398311.0
Michael Littlejohn,Tennessee St.,1,-1.35571,70.0,20.2,4398369.0
Emmanuel Egbuta,Tennessee St.,8,-4.85753,79.0,24.9,4398370.0
Sayveon McEwen,Robert Morris,1,-5.40442,72.0,24.5,4397992.0
Atem Bior,UTSA,7,-4.09122,79.0,14.5,3952207.0
Romelo Burrell,Central Michigan,7,1.25175,79.0,12.2,4397830.0
Anselm Uzuegbunem,SIU Edwardsville,16,-3.36019,79.0,11.8,4398363.0
Oscar Kao,Southeast Missouri St.,4,-9.48951,72.0,19.5,4398353.0
LJ Figueroa,St. John's,6,5.54972,78.0,25.4,4397125.0
Brae Ivey,San Jose St.,1,-0.776315,74.0,17.7,4397394.0
Federico Poser,Elon,8,-4.3411,80.0,20.9,4397457.0
Tajuan Agee,Iona,2,-0.226914,81.0,28.8,4398087.0
Zachary Barnes,Mississippi Valley St.,17,-8.22593,73.0,16.5,4403412.0
Michael Green,Mississippi Valley St.,1,-6.63168,75.0,30.1,4403414.0
Yanni Wetzell,San Diego St.,2,5.40916,82.0,21.8,4077221.0
Thurston McCarty,Cornell,17,-3.90658,79.0,15.4,4397938.0
Yannis Mendy,Robert Morris,8,-0.881788,80.0,19.1,4397993.0
Ted McCree,Northern Arizona,1,-4.01471,77.0,20.2,4397306.0
Des Balentine,Incarnate Word,5,-4.03211,72.0,18.6,4398033.0
Jackson Stent,Houston Christian,12,-1.03574,80.0,13.7,4398021.0
Rob Montgomery,Central Michigan,7,-2.93435,79.0,23.1,4067951.0
Antonio Williams,Kent St.,9,1.48138,72.0,26.0,4397845.0
Marvin Coleman,UNLV,6,3.41539,74.0,15.8,4397437.0
Jeff Otchere,Stony Brook,16,-0.11099,83.0,13.7,4396585.0
Brandon Miller,Alabama A&M,17,-4.17649,72.0,13.2,4280058.0
Richard Caldwell Jr.,Binghamton,17,-5.74989,76.0,17.3,4395879.0
Kendall Lauderdale,Albany,8,-5.19831,80.0,16.3,4395878.0
Hyron Edwards,Colorado St.,5,-0.251347,72.0,15.2,4277925.0
Trent Harris,Northern Colorado,14,2.2645,73.0,17.8,4397307.0
Tyresse Williford,SIU Edwardsville,9,-1.60414,70.0,23.1,4398359.0
Drew Cobb,Long Beach St.,17,-2.67425,76.0,12.6,4397496.0
Mikel Beyers,Marshall,3,-0.355965,81.0,24.2,4397545.0
Djordje Dimitrijevic,Mercer,9,1.53673,74.0,25.3,4398223.0
CJ Williamson,Kent St.,6,1.88988,78.0,18.0,3906509.0
Marquis Moore,Detroit Mercy,3,-3.43722,78.0,15.2,4397733.0
Zavian Jackson,Arkansas Pine Bluff,5,-8.91201,75.0,25.7,4404510.0
Marquell Carter,Arkansas Pine Bluff,7,-4.06403,78.0,20.6,4403365.0
Isaiah White,Utah Valley,3,-2.13102,79.0,26.3,4395988.0
Skyler Hogan,Southeast Missouri St.,14,-4.39034,77.0,17.5,4279896.0
Jamie Ahale,Illinois Chicago,12,-0.10722,77.0,13.3,4397767.0
Ayoub Nouhi,UT Arlington,17,-2.07241,78.0,10.4,4397679.0
Kur Jockuch,Northern Colorado,13,-0.809909,81.0,19.9,4397312.0
Torico Simmons,Mississippi Valley St.,1,-5.6926,68.0,21.0,4403413.0
Will Butler,UAB,8,0.942135,80.0,19.8,4397728.0
Nolan Bertain,Texas A&M Corpus Chris,17,-2.96209,76.0,14.5,4397730.0
Nicolas Fennell,North Carolina Central,6,-1.34904,75.0,16.0,4398240.0
AJ Farrar,Alabama St.,15,-0.143968,77.0,18.0,4397892.0
Abdul Alatishe,Nicholls St.,2,4.80934,79.0,22.1,nan
Channel Banks,Akron,14,3.59825,76.0,15.3,4397807.0
Tyler Cheese,Akron,9,4.40131,77.0,27.9,4397805.0
Zeke Moore,SIU Edwardsville,3,-2.30441,79.0,21.6,4066818.0
Brandon Moore Jr.,Nicholls St.,14,-2.01685,77.0,13.0,4398130.0
Elvis Harvey,Nicholls St.,3,-1.69475,80.0,21.2,3907609.0
Romani Hansen,Albany,15,-1.95984,80.0,17.1,4398251.0
Kevin Holston,Alabama St.,5,-3.69406,73.0,23.0,4397890.0
Noah Bigirumwami,Chicago St.,7,-8.96427,82.0,12.7,4396020.0
Travon Bunch,Grambling St.,0,-3.25158,85.0,19.5,4280113.0
Jeremiah Buford,Nicholls St.,14,-2.34075,77.0,13.0,4398125.0
Canaan Bartley,Maryland Eastern Shore,10,-6.4763,73.0,20.3,4398176.0
Prince Moss,Grambling St.,17,-3.50603,79.0,18.6,4280109.0
Leon Daniels,Alabama St.,3,-0.467373,77.0,19.7,4397891.0
Alonzo Campbell,Alcorn St.,16,-7.84541,84.0,13.9,3913170.0
DeShaw Andrews,Alcorn St.,11,-0.269255,76.0,24.2,4397904.0
Bryan Urrutia,Maryland Eastern Shore,4,-9.7374,73.0,14.9,4398177.0
Gabriel Gyamfi,Maryland Eastern Shore,16,-3.59387,78.0,10.9,4398178.0
Trey Johnson,McNeese St.,5,-3.57778,74.0,12.2,4398067.0
Sha'markus Kennedy,McNeese St.,2,5.65557,80.0,23.2,4398068.0
Jayveous McKinnis,Jackson St.,13,2.1906,79.0,14.7,4403417.0
Myles Johnson,Rutgers,0,8.35484,82.0,19.3,4277987.0
Ajiri Ogemuno-Johnson,Rider,8,1.37294,80.0,13.7,4406151.0
Kevin McCullar,Texas Tech,6,4.72831,78.0,17.9,4411057.0
Tyler Rowe,Central Connecticut,4,-7.7199,69.0,18.8,4593251.0
Michael Johnson,Chicago St.,4,-14.201,80.0,16.4,3953974.0
Mekhi Long,Rhode Island,7,-1.79756,79.0,15.9,4431804.0
Moses Flowers,Hartford,1,-2.48604,75.0,21.2,4432982.0
Colby Rogers,Cal Poly,1,-4.60496,77.0,21.7,4592921.0
Jakob Alamudun,Lehigh,4,-10.5826,78.0,21.3,4432933.0
Alimamy Koroma,Cal Poly,8,-5.11769,80.0,19.5,4592922.0
Giovanni Santiago,Kent St.,11,-2.079,73.0,12.0,4593436.0
Tim Ceaser,Coastal Carolina,7,-1.91858,80.0,17.4,4593882.0
Miroslav Stafl,Hartford,7,-5.95045,82.0,22.1,4592903.0
Javion Hamlet,North Texas,9,3.84583,76.0,27.5,4592868.0
Thomas Bell,North Texas,15,3.61361,78.0,16.4,4592870.0
Calvin Temple,Louisiana,4,-6.96371,72.0,17.0,4433096.0
Jalen Williams,Santa Clara,6,2.80541,78.0,15.3,4593803.0
Damen Thacker,Idaho,5,-5.33348,71.0,17.8,4592588.0
Joshua Lusane,Campbell,6,1.22369,79.0,19.6,4592655.0
David Muoka,Lamar,16,0.480857,82.0,12.6,4593762.0
Borja Fernandez,Montana St.,3,-2.4395,79.0,17.9,4592619.0
Anderson Kopp,Lamar,14,-1.96731,77.0,18.3,4593765.0
Mychael Paulo,Montana St.,5,-2.52457,76.0,16.6,4592618.0
Jameer Nelson Jr.,George Washington,5,-1.3623,73.0,24.0,4592444.0
Jamison Battle,George Washington,12,-0.36234,79.0,15.9,4431893.0
Chase Paar,George Washington,13,-0.144607,81.0,16.2,4432076.0
Shawn Walker Jr.,George Washington,5,-5.47534,78.0,17.5,4592443.0
Dajuan Gordon,Kansas St.,6,2.74687,76.0,16.1,4432891.0
Preston Santos,Massachusetts,12,4.78247,78.0,11.8,4432104.0
Hunter Hale,Winthrop,11,0.132053,75.0,24.2,3954042.0
Xavier Wilson,Central Connecticut,7,-3.8452,79.0,18.3,4593245.0
Zach Newkirk,Central Connecticut,4,-7.32764,73.0,12.5,4593246.0
Stephane Ayangma,Central Connecticut,7,-4.69137,78.0,15.8,4593248.0
Jamir Reed,Central Connecticut,1,-3.35519,76.0,17.7,4593247.0
Gaige Prim,Missouri St.,2,3.93825,80.0,32.7,4592711.0
Emmanuel Ugboh,Tulsa,16,-5.46272,84.0,17.9,4593831.0
Elijah Ford,Wagner,8,-3.0996,77.0,22.2,4593036.0
Will Martinez,Wagner,5,-4.85325,77.0,24.8,4593037.0
Antwan Kimmons,Northern Iowa,5,-4.08933,72.0,21.8,4433020.0
Akok Akok,Connecticut,0,4.29057,81.0,12.1,4431706.0
Montese Blake,Southern,1,-7.92726,71.0,26.1,4594113.0
James Bouknight,Connecticut,11,2.8369,76.0,24.5,4431712.0
Deovaunta Williams,Loyola Marymount,5,-2.05896,73.0,18.1,4593771.0
Byron Smith,Southeastern Louisiana,17,-1.33174,73.0,15.8,4596451.0
Anthony Jones,Western Illinois,7,-7.5116,77.0,19.1,4593844.0
Jaden Bediako,Santa Clara,16,-5.28805,82.0,22.4,4431889.0
Jaeden King,Western Illinois,4,-9.54762,78.0,18.4,4433021.0
Daniss Jenkins,Pacific,10,-2.30619,75.0,18.7,4593787.0
James Hampshire,Pacific,0,4.51578,85.0,12.4,4593790.0
David Thompson,Santa Clara,4,-8.54896,72.0,17.4,4593802.0
Alvin Stredic Jr,Arkansas Pine Bluff,16,-10.1382,80.0,11.6,4594058.0
Roderick Smith,Western Illinois,8,-7.82505,80.0,17.4,4593846.0
Keion Brooks Jr.,Kentucky,15,0.455602,79.0,17.1,4431689.0
Cole Anthony,North Carolina,9,3.22163,75.0,29.0,4432809.0
Armando Bacot,North Carolina,8,3.35026,82.0,22.4,4431674.0
Emanuel Miller,Texas A&M,7,-0.197498,79.0,17.6,4432872.0
Quenton Jackson,Texas A&M,6,1.99614,77.0,22.3,4592829.0
Jonathan Aku,Texas A&M,16,0.856175,82.0,11.8,4592830.0
Andre Gordon,Texas A&M,5,-3.30822,74.0,19.5,4431779.0
Drew Lutz,Incarnate Word,1,-3.62913,73.0,22.1,4593757.0
Derek Van Vlerah,Incarnate Word,4,-4.56735,78.0,10.2,4593758.0
Messiah Thompson,Campbell,1,-3.48889,68.0,22.4,4432127.0
Brandon Stone,La Salle,7,-2.90917,83.0,19.4,4432906.0
Lance Jones,Southern Illinois,5,-2.2886,73.0,25.9,4432002.0
Amin Adamu,Montana St.,7,-3.91553,76.0,27.7,4592615.0
Josh Thomas,Milwaukee,17,-2.90171,76.0,18.7,4593291.0
Mahamadou Diawara,Stetson,8,-2.82255,82.0,28.7,4432875.0
De'Vion Harmon,Oklahoma,1,1.60686,73.0,16.0,4431703.0
Victor Iwuakor,Oklahoma,7,0.330518,79.0,19.4,4431724.0
Jalen Hill,Oklahoma,7,1.46494,79.0,12.8,4592214.0
Terry Ivery,Stetson,5,-6.29469,69.0,18.0,4592298.0
Ellis Jefferson,Lamar,5,-1.38004,72.0,15.2,4067375.0
Toumani Camara,Georgia,15,0.935049,80.0,15.7,4431736.0
Sahvir Wheeler,Georgia,9,-1.10177,70.0,21.6,4431725.0
Logan Padgett,Samford,17,-5.21209,78.0,9.4,4593698.0
Tyrese Jenkins,Norfolk St.,3,-0.475649,78.0,19.9,4595430.0
Donovan Gregory,Appalachian St.,16,-2.56847,77.0,11.3,4432904.0
Naim Miller,Mount St. Mary's,4,-9.49209,76.0,18.0,4433048.0
Doug Edert,Saint Peter's,14,-0.264538,74.0,19.0,4432977.0
Hassan Drame,Saint Peter's,7,-1.71887,79.0,19.8,4593387.0
Eric Rustin,Tennessee Martin,16,-3.82799,85.0,7.4,4593707.0
Ja'darius Harris,Tennessee Martin,5,-8.42584,74.0,11.7,4593705.0
Isaiah Lee,UC Irvine,5,-1.51258,74.0,14.0,4592958.0
Miles Thomas,Tennessee Martin,17,-3.62661,78.0,16.2,4067256.0
Matt Johnson,St. Bonaventure,4,-3.62992,76.0,15.6,4592487.0
Ja'Shonte Wright-Mcleish,Maine,17,-3.51776,76.0,12.8,4432151.0
Franz Wagner,Michigan,12,5.85703,81.0,18.6,4566434.0
Peter Stumer,Maine,17,-7.88548,78.0,15.5,4592910.0
Braelen Bridges,Illinois Chicago,8,-1.44053,82.0,21.7,4593259.0
Jaylin Hunter,Old Dominion,4,-4.28194,71.0,17.1,4592875.0
Jamaure Gregg,Northwestern St.,7,-3.06758,79.0,18.5,4594123.0
Gatdoar Kueth,Northwestern St.,7,-4.24591,78.0,13.8,4594124.0
Trenton Massner,Northwestern St.,12,2.85475,74.0,17.1,4594126.0
Jovan Zelenbaba,Northwestern St.,10,-3.72982,76.0,17.4,4594125.0
Nikos Chougkaz,Northwestern St.,7,-0.95256,81.0,21.8,4594127.0
Mika Adams-Woods,Cincinnati,11,2.28989,75.0,12.9,4431831.0
Robby Robinson,Nevada,8,1.29408,80.0,9.6,4593060.0
Kane Milling,Nevada,17,-2.78197,76.0,14.0,4593062.0
Zane Meeks,Nevada,3,1.26037,81.0,18.9,4593064.0
Ben Roderick,Ohio,14,-2.48502,77.0,15.9,4593447.0
David Johnson,Louisville,9,6.6167,77.0,27.7,4592204.0
Lunden McDay,Ohio,14,0.591169,75.0,14.5,4432052.0
Jaxon Brenchley,Utah,14,1.95034,77.0,11.7,4592431.0
Zeke Nnaji,Arizona,2,5.43738,83.0,24.1,4431690.0
Eli Lawrence,Middle Tennessee,3,-1.66103,77.0,19.6,4432029.0
Josh Kunen,San Francisco,7,-0.602273,80.0,15.4,4432026.0
Shamar Wright,SIU Edwardsville,7,-3.06479,79.0,19.8,4433129.0
Jimmy Bell Jr.,Saint Louis,8,0.667451,82.0,16.0,4592485.0
Yuri Collins,Saint Louis,5,-1.52665,72.0,16.9,4432957.0
Samuell Williamson,Louisville,15,2.12673,79.0,17.6,4431676.0
Javonte Perkins,Saint Louis,3,2.04771,78.0,24.1,4592482.0
Gibson Jimerson,Saint Louis,12,1.46319,77.0,16.1,4432008.0
Terrence Hargrove Jr.,Saint Louis,15,1.41578,76.0,17.5,4592484.0
Seth Pinkney,Quinnipiac,0,0.841452,85.0,12.5,4593362.0
Kendall Lewis,Appalachian St.,6,0.300598,79.0,19.7,4593851.0
Justin Webster,Hawaii,14,-1.12314,75.0,18.6,4432918.0
Darrius Hughes,Nebraska Omaha,7,-9.23982,79.0,21.0,4593782.0
Mysta Goodloe,USC Upstate,4,-10.0082,76.0,20.5,4592766.0
Marlon Ruffin,Nebraska Omaha,3,-1.26225,77.0,22.9,4593785.0
Jalyn McCreary,South Carolina,13,0.00107855,79.0,19.2,4432050.0
Jatayveous Watson,USC Upstate,16,-2.76626,80.0,13.4,4592770.0
Wildens Leveque,South Carolina,13,3.63563,83.0,14.2,4431805.0
Jaime Jaquez Jr.,UCLA,6,5.45555,78.0,17.8,4432848.0
De'Sean Allen-Eikens,North Dakota,3,-2.67688,78.0,23.9,4593738.0
Goran Miladinovic,Marshall,16,-5.98089,84.0,22.2,4592865.0
Taz Sherman,West Virginia,10,3.43378,76.0,20.6,4592307.0
Gertautas Urbonavicius,North Dakota,7,-8.3826,79.0,20.4,4593737.0
Brady Danielson,North Dakota,10,-3.55955,76.0,11.2,4593736.0
Myles Pierre,Houston Christian,5,-6.53882,74.0,22.8,4432072.0
Ty Gibson,Maryland Eastern Shore,5,-6.62963,76.0,22.5,4593379.0
Bruce Guy,Maryland Eastern Shore,7,-8.47422,78.0,26.6,4431847.0
Xander Rice,Bucknell,5,-6.84667,75.0,15.4,4593080.0
Edward Oliver-Hampton,Hampton,7,-6.37379,79.0,16.2,4592668.0
Roti Ware,Stephen F. Austin,11,0.402716,75.0,15.8,4594152.0
Trey Diggs,Bowling Green,14,0.583368,78.0,17.2,4593401.0
Davin Zeigler,Bowling Green,4,-4.81836,75.0,17.0,4432153.0
Chereef Knox,Saint Joseph's,4,-6.19617,77.0,19.0,4592475.0
Rahmir Moore,Saint Joseph's,1,-2.10581,75.0,15.2,4592477.0
Ryan Langborg,Princeton,12,0.0683517,76.0,13.8,4597863.0
Brady Spence,The Citadel,8,-4.39056,81.0,20.2,4593471.0
Trae Hannibal,South Carolina,6,1.14709,74.0,22.2,4593008.0
Robert Jones,Denver,8,-2.46682,82.0,21.6,4593702.0
Dreshawn Allen,Western Illinois,4,-9.36542,73.0,17.9,4593845.0
Jordan King,Siena,10,-2.15802,72.0,14.4,4593372.0
Rob Higgins,St. Francis NY,1,-4.81577,73.0,20.9,4593104.0
Rob McClain Jr,UT Rio Grande Valley,17,-0.474222,77.0,11.4,4593819.0
Connor Raines,UT Rio Grande Valley,14,0.662809,78.0,13.7,4593818.0
Chris Freeman,UT Rio Grande Valley,17,-3.77099,78.0,17.9,4593817.0
Ali Ali,Akron,4,-1.89518,80.0,9.8,4592700.0
Camron Reece,Akron,8,-2.4994,79.0,19.9,4592698.0
Greg Tribble,Akron,5,-2.56526,73.0,12.7,4592697.0
Trey Hutcheson,Albany,10,-2.2972,77.0,16.2,4433012.0
John Ojiako,Virginia Tech,0,-0.32725,82.0,16.4,4592425.0
Alex Ducas,Saint Mary's,12,3.25144,78.0,12.5,4432971.0
Kyle Bowen,Saint Mary's,15,2.61038,80.0,12.1,4431902.0
Nahiem Alleyne,Virginia Tech,14,-0.510174,75.0,18.5,4432934.0
Jalen Cone,Virginia Tech,14,-1.46268,70.0,20.8,4431698.0
Hunter Cattoor,Virginia Tech,14,3.92043,75.0,15.7,4432954.0
Keaston Willis,Incarnate Word,14,-4.00759,75.0,21.9,4593756.0
Demond Robinson,Murray St.,0,1.50224,80.0,23.1,4433069.0
Ismael Massoud,Wake Forest,14,1.46961,80.0,19.0,4431761.0
Ody Oguama,Wake Forest,8,1.80504,81.0,12.3,4432075.0
Courtney Brown Jr.,Milwaukee,10,-4.34723,79.0,12.4,4431912.0
Tre' Williams,Minnesota,10,-0.516074,77.0,14.3,4432873.0
Charles Pride,Bryant,3,-0.39308,76.0,19.0,4593263.0
Keyshaad Dixon,Idaho,4,-4.81971,73.0,15.7,4592589.0
Michael Green III,Bryant,5,-6.2521,71.0,24.4,4593261.0
Precious Achiuwa,Memphis,2,3.93534,81.0,27.2,4431679.0
Jake Laravia,Indiana St.,2,5.43955,80.0,23.3,4592691.0
Romeo Weems,DePaul,6,3.44298,79.0,15.4,4432826.0
Seikou Sisoho Jawara,Loyola Marymount,5,-2.74428,75.0,18.1,4593773.0
Armaan Franklin,Indiana,17,-0.486437,76.0,17.9,4431744.0
Jairus Roberson,Northwestern St.,14,-1.31011,74.0,19.8,4594122.0
Bryson Etienne,Texas Southern,5,-4.75684,75.0,24.5,4594120.0
Eric Lovett,FIU,14,-2.57844,77.0,20.0,4592851.0
Marion Humphrey,San Diego,5,-1.01358,74.0,16.0,4431994.0
Tyrell Terry,Stanford,11,5.17461,73.0,24.3,4431747.0
Jamon Battle,UNC Asheville,16,-1.68841,77.0,9.6,4592754.0
Trent Stephney,UNC Asheville,4,-5.4554,74.0,13.5,4592753.0
Tahj Small,Troy,17,-2.93283,76.0,17.2,4593929.0
Yahuza Rasas,Texas Southern,8,-2.64181,79.0,19.4,4594119.0
Jarred Hyder,Fresno St.,1,-3.2045,75.0,19.8,4593047.0
Evan Taylor,Lehigh,3,-3.1811,78.0,17.1,4432122.0
Kennedy Koehler,UC Davis,7,-1.67538,79.0,18.3,4592952.0
Ezra Manjon,UC Davis,1,-1.9542,71.0,24.2,4432033.0
Max Fiedler,Rice,16,0.0160961,82.0,13.1,4431964.0
Festus Ndumanya,Cal St. Northridge,13,-3.06996,79.0,12.2,4592928.0
Ade Adebayo,UC Davis,15,-5.57369,76.0,10.0,4592953.0
Zach Crisler,Rice,15,-2.44344,81.0,12.7,4431936.0
Braden Bell,Marist,3,-0.323292,79.0,21.3,4593334.0
Anthony Holland,Fresno St.,10,2.20735,77.0,9.3,4593051.0
Jacob Toppin,Rhode Island,3,1.28828,80.0,14.5,4592461.0
Jake Betlow,Lehigh,17,-5.62283,74.0,15.4,4593111.0
Darrious Agnew,Southeast Missouri St.,7,-7.21218,80.0,27.5,4593690.0
Reed Fenton,Lehigh,10,-2.64668,76.0,14.8,4431962.0
Noah Williams,Washington St.,5,0.349936,77.0,20.6,4432850.0
Nobal Days,Tulane,16,-0.204063,81.0,9.9,4432886.0
Al-Amir Dawes,Clemson,5,0.222373,74.0,20.2,4431730.0
Tyler Saint-Furcy,Marist,5,-3.45314,76.0,19.0,4593333.0
Kofi Cockburn,Illinois,8,4.78391,84.0,25.1,4432828.0
Devante Carter,Norfolk St.,6,0.252803,75.0,22.0,4593407.0
Yoro Sidibe,Norfolk St.,7,-6.07855,79.0,18.9,4595433.0
Jonas James,Jackson St.,5,-4.39611,72.0,20.3,4594075.0
Rocket Watts,Michigan St.,1,0.146314,74.0,22.1,4432818.0
Malik Hall,Michigan St.,2,6.58677,79.0,15.0,4592693.0
Allen Flanigan,Auburn,7,-2.4146,77.0,15.7,4432874.0
Isaac Okoro,Auburn,15,5.74774,78.0,20.0,4432822.0
Khalif Battle,Butler,10,-1.87424,77.0,19.6,4431719.0
Damion Baugh,Memphis,5,1.85968,75.0,16.6,4431766.0
Ellis Magnuson,Eastern Washington,5,-6.16148,74.0,18.4,4592585.0
Boogie Ellis,Memphis,5,1.44058,75.0,19.1,4593106.0
Titus Wright,Western Michigan,8,-2.35172,80.0,16.3,4593454.0
Ron Mitchell,UMass Lowell,1,-4.27776,75.0,19.7,4592911.0
Amari Davis,Green Bay,3,-3.16284,75.0,25.7,4431937.0
Fred Cleveland Jr,North Carolina A&T,1,-3.45673,70.0,22.6,4593413.0
August Mahoney,Yale,12,0.464105,76.0,14.0,4593361.0
Spencer Jones,Stanford,14,5.90767,79.0,13.8,4592427.0
Chase Claxton,Winthrop,13,2.61052,79.0,12.7,4431928.0
James Keefe,Stanford,16,-1.62079,81.0,15.0,4433018.0
Gebreal Samaha,Mississippi Valley St.,16,-7.28733,80.0,8.4,4594096.0
Quinton Alston,Mississippi Valley St.,7,-7.03843,77.0,20.8,4594093.0
Christian Ings,Rider,5,-3.92812,74.0,17.1,4431996.0
Tyreke Locure,South Alabama,1,-1.76165,72.0,17.5,4432038.0
Nah'Shon Hyland,VCU,11,4.33198,75.0,21.0,4592492.0
Lazar Zivanovic,Loyola Marymount,7,-7.72048,79.0,18.3,4432155.0
Josiah Allick,UMKC,8,-2.8742,79.0,19.2,4593968.0
Shykeim Phillips,UNC Wilmington,5,-1.42107,72.0,22.7,4592975.0
Keli Leaupepe,Loyola Marymount,12,1.67283,78.0,20.5,4432031.0
Anton Watson,Gonzaga,6,9.31094,80.0,17.9,4431705.0
Darion Spottsville,Eastern Michigan,5,-2.86689,75.0,15.4,4593425.0
Jason Gibson,Towson,1,-0.902272,73.0,18.3,4592985.0
Charles Thompson,Towson,16,-0.276153,79.0,13.3,4433103.0
Niven Hart,Fresno St.,3,-2.63682,77.0,25.4,4593048.0
Trey Calvin,Wright St.,17,-1.40237,72.0,15.1,4431915.0
Larry Kuimi,Tennessee Tech,16,-10.751,78.0,20.6,4593729.0
Pat Spencer,Northwestern,9,2.05823,75.0,23.8,4592714.0
Demarkus Lampley,Sam Houston St.,14,0.12764,74.0,18.6,4594132.0
Terryonte Thomas,Sam Houston St.,3,-3.99635,76.0,16.7,4594133.0
Luke Bumbalough,Ball St.,10,-0.66425,73.0,14.8,4593397.0
Jay Heath,Boston College,1,0.479876,75.0,21.8,4592181.0
Julian Rishwain,Boston College,10,-1.79756,77.0,18.3,4431875.0
CJ Felder,Boston College,7,-2.16159,79.0,17.7,4592180.0
Tre Jackson,Iowa St.,10,-0.294212,73.0,12.8,4431999.0
Kk Curry,South Alabama,8,-1.73354,78.0,15.8,4431933.0
Drew Timme,Gonzaga,2,7.13241,82.0,21.7,4431695.0
Brian Tolefree,UNC Wilmington,5,-5.94048,75.0,15.9,4592974.0
Craig Beaudion,Cleveland St.,5,-2.33088,75.0,20.9,4592881.0
Anthony Walker,Miami FL,7,1.01809,81.0,16.6,4592205.0
Keishawn Davidson,Tennessee Tech,5,-3.60225,74.0,19.6,4593730.0
Glen Anderson,Maryland Eastern Shore,4,-8.65449,67.0,14.5,4593382.0
Ja'Monta Black,Missouri St.,17,0.533006,75.0,9.5,4592709.0
Marquise Kennedy,Loyola Chicago,6,2.49156,73.0,23.1,4433019.0
Justin Champagnie,Pittsburgh,3,2.86996,78.0,20.1,4432907.0
Karim Coulibaly,Pittsburgh,7,-4.35104,80.0,19.8,4432889.0
Coreyoun Rushin,Idaho St.,7,-2.87196,78.0,16.8,4592597.0
Jacco Fritz,Canisius,15,-0.499382,82.0,15.8,4593148.0
Jovan Stulic,Little Rock,14,-1.06392,77.0,12.1,4432118.0
Ruot Monyyong,Little Rock,0,5.33576,82.0,17.9,4593936.0
Ryan Wade,Holy Cross,10,-6.4351,74.0,12.6,4593091.0
Kobe Brown,Missouri,6,1.77879,79.0,19.7,4431752.0
Armon Harried,Canisius,4,-5.1723,76.0,19.0,4593149.0
Tyler Wahl,Wisconsin,6,3.86705,79.0,15.6,4433105.0
Addison Patterson,Oregon,15,0.0900847,78.0,22.1,4592404.0
Kyky Tandy,Xavier,14,-0.817636,74.0,19.0,4592606.0
Xavier Mayo,NJIT,13,1.53204,79.0,12.7,4432044.0
Levar Williams,NJIT,17,-6.07595,72.0,20.4,4592278.0
Yeikson Montero,Eastern Michigan,6,0.845281,77.0,22.6,4593423.0
Thomas Binelli,Eastern Michigan,14,-0.315779,82.0,17.8,4593429.0
Shamar Dillard,Eastern Michigan,7,-7.63215,78.0,22.9,4593426.0
Ville Tahvanainen,Bradley,12,0.109682,76.0,15.7,4433093.0
Chris James,Eastern Michigan,17,-1.16302,74.0,15.0,4593427.0
Antonio Thomas,Bradley,4,-5.40218,74.0,14.2,4433102.0
Alondes Williams,Oklahoma,17,-1.73991,77.0,20.9,4592216.0
Noel Coleman,San Diego,5,-3.26522,73.0,17.1,4593795.0
James Jean-Marie,San Diego,7,-1.93991,79.0,17.7,4593797.0
Malik Porter,Idaho St.,8,0.477225,77.0,24.4,4592594.0
Hunter Woods,Elon,7,-2.02103,78.0,24.0,4592950.0
Tarik Cool,Idaho St.,1,-5.39584,76.0,28.3,4592593.0
Zac Ervin,Elon,14,-3.22365,77.0,18.6,4431950.0
Devon Dunn,Fairleigh Dickinson,14,-1.65578,73.0,15.3,4431949.0
Brandon Rush,Fairleigh Dickinson,17,-4.93961,75.0,14.8,4593240.0
Jack Wilson,Idaho,7,-10.5018,84.0,20.7,4397092.0
Dylan van Eyck,Iona,15,2.50611,81.0,11.2,4593320.0
Caleb Fields,Arkansas St.,1,-2.41427,72.0,20.0,4593869.0
Stephen Clark,The Citadel,17,-4.33013,81.0,14.6,4593469.0
Cobe Williams,Louisiana Tech,5,-0.274218,71.0,18.3,4592858.0
Isaiah Crawford,Louisiana Tech,6,4.58558,78.0,20.1,4592857.0
Bryce Williams,Mississippi,5,-2.0358,74.0,16.2,4593018.0
Damiree Burns,Southern,8,1.8218,78.0,23.3,4594111.0
Jalen Gaffney,Connecticut,5,-1.5312,74.0,14.4,4431732.0
Alonde LeGrand,Detroit Mercy,4,-5.3012,79.0,9.6,4279484.0
Cornelius Taylor,Florida Atlantic,1,-2.13977,72.0,25.1,4592845.0
Seth Lundy,Penn St.,14,4.70425,78.0,16.0,4431775.0
AJ Bramah,Robert Morris,8,1.46815,79.0,22.8,4593135.0
Rahsaan Edwards,South Carolina St.,4,-11.9278,72.0,17.8,4593417.0
Tyler Stephenson-Moore,Stony Brook,17,-2.65568,75.0,13.0,4592935.0
Mouhamadou Gueye,Stony Brook,0,1.51061,81.0,16.9,4592933.0
E.J. Liddell,Ohio St.,8,4.56982,78.0,22.0,4432821.0
Heru Bligen,Longwood,5,-4.31426,75.0,17.6,4432944.0
Joe French,Bethune Cookman,14,-2.91695,77.0,15.0,4592996.0
Jaelen House,Arizona St.,5,2.42358,74.0,16.7,4431763.0
Desmond Williams,Troy,1,-2.60856,73.0,18.6,4593930.0
Lars Thiemann,California,16,-1.53594,84.0,14.5,4433099.0
Zach Freemantle,Xavier,3,3.32273,81.0,18.4,4432869.0
Marcus Domask,Southern Illinois,11,4.06517,78.0,21.9,4431943.0
Trent Brown,Southern Illinois,10,-1.16917,74.0,11.1,4592722.0
Josh Endicott,North Florida,15,-0.171196,80.0,15.8,4592295.0
Darion Jordan-thomas,Wagner,8,-1.54592,79.0,14.4,4433017.0
Emmanuel Adedoyin,North Florida,5,-7.24178,74.0,18.9,4594333.0
Tony Johnson Jr.,UCF,5,-3.54688,75.0,26.6,4432894.0
Alphonso Anderson,Utah St.,3,1.54823,78.0,22.5,4066575.0
Chris Efretuei,Louisiana Monroe,8,-1.54208,85.0,17.5,4593907.0
Trayce Jackson-Davis,Indiana,0,9.40412,81.0,21.7,4431684.0
Elijah Ifejeh,Louisiana Monroe,16,-7.14605,79.0,19.5,4593911.0
Erie Olonade,Louisiana Monroe,5,-6.01406,71.0,20.7,4593908.0
Langston Powell,Louisiana Monroe,17,-1.58393,77.0,15.2,4593909.0
Jevon Brown,Binghamton,10,-5.25709,77.0,20.3,4592892.0
Max de Geest,Long Beach St.,10,-4.09839,75.0,15.7,4394669.0
Jalen Warren,Florida Gulf Coast,5,-4.85117,75.0,26.4,4592250.0
Antonio Ralat,UAB,11,0.324775,74.0,13.9,4593282.0
Chance Hunter,Long Beach St.,3,-2.54265,78.0,26.2,4592943.0
Joshua Morgan,Long Beach St.,0,4.52705,83.0,15.9,4431830.0
Romelle Mansel,Long Beach St.,16,-4.01551,81.0,16.6,4431835.0
Jalen White,Texas A&M Corpus Chris,4,-9.26866,77.0,18.8,4594139.0
Emmanuel Izunabor,High Point,16,-6.64357,81.0,17.7,4431998.0
Bryant Randleman,High Point,4,-6.88368,76.0,13.1,4592743.0
Yarden Willis,Binghamton,16,-7.21372,84.0,16.0,4592897.0
Judah Jordan,Weber St.,4,-5.08727,74.0,14.7,4433016.0
Tujautae Williams,Tennessee Tech,7,-7.50169,77.0,22.8,4593733.0
David Roddy,Colorado St.,3,1.54561,77.0,24.7,4593041.0
Deangelo Epps,Charleston,17,-3.61302,76.0,11.7,4597989.0
Chris Duarte,Oregon,6,6.14926,78.0,22.7,4592402.0
KJ Cunningham,Weber St.,5,-6.32022,74.0,16.8,4592648.0
Robbie Beran,Northwestern,7,-0.113527,81.0,16.8,4431737.0
Lorenzo McGhee,Nicholls St.,6,-0.264958,77.0,16.1,4593809.0
Evins Desir,Florida A&M,8,-6.14824,80.0,22.5,4593367.0
Anthony Fairley,Alcorn St.,16,-5.14454,80.0,15.8,4594032.0
Jaylen Forbes,Alabama,17,-2.67338,76.0,16.8,4431722.0
Jaden Shackelford,Alabama,11,3.08615,75.0,21.5,4432846.0
Ben Sheppard,Belmont,7,-3.56208,78.0,16.3,4433076.0
Noah Fernandes,Wichita St.,4,-2.09593,71.0,15.8,4431791.0
PJ Fuller,TCU,5,-2.84158,76.0,21.4,4431717.0
Caleb Mills,Houston,1,0.43984,75.0,29.3,4412211.0
Francisco Farabello,TCU,5,0.433187,74.0,12.5,4431952.0
Edric Dennis Jr.,TCU,5,-3.10198,75.0,21.8,4070755.0
Diante Smith,TCU,4,-4.5702,79.0,19.0,4431819.0
Dequan Morris,Arkansas Pine Bluff,6,-0.783374,76.0,17.6,4594059.0
Jamil Wilson,Arkansas Pine Bluff,4,-12.2291,71.0,20.7,4594056.0
Hugo Ferreira,Cleveland St.,5,-6.23449,73.0,21.4,4592884.0
Jeremiah Francis,North Carolina,4,-6.4349,72.0,21.2,4431797.0
Ethan Anderson,USC,5,-0.873788,73.0,19.2,4431808.0
Kshun Stokes,Arkansas Pine Bluff,7,-4.74109,74.0,17.5,4594054.0
Markedric Bell,Arkansas Pine Bluff,7,-4.96465,79.0,28.7,4594055.0
Mylik Wilson,Louisiana,6,3.26522,75.0,19.0,4432902.0
Caleb Asberry,Texas St.,3,0.604034,75.0,21.9,4593924.0
Isiah Small,Texas St.,2,5.89387,80.0,18.1,4593923.0
Russhard Cruickshank,Eastern Kentucky,14,-2.08463,72.0,12.4,4593473.0
Aaron Estrada,Saint Peter's,5,-2.01903,76.0,25.1,4593385.0
Matthew Lee,Saint Peter's,5,-1.61747,72.0,19.8,4593388.0
Ayinde Hikim,La Salle,5,-4.82373,71.0,23.1,4431843.0
Mike DePersia,IU Indy,5,-5.43375,71.0,11.2,4432965.0
Jordan Wright,Vanderbilt,7,-2.93222,77.0,22.0,4432920.0
Sherif Kenney,La Salle,5,-3.58462,76.0,26.0,4431790.0
Julien Wooden,James Madison,17,-3.64162,80.0,14.4,4433127.0
Michael Christmas,James Madison,7,-4.10869,78.0,16.9,4431827.0
Zion Tordoff,Marist,8,-4.34711,80.0,19.4,4593335.0
Cartier Jernigan,USC Upstate,4,-5.07104,73.0,20.9,4592765.0
Jacob Germany,UTSA,8,-2.1228,83.0,16.8,4432877.0
Luka Barisic,UTSA,3,-1.88242,82.0,20.2,4593286.0
Efstratios Kalogerias,Norfolk St.,7,-2.88667,82.0,12.8,4595431.0
Spirit Ricks,Norfolk St.,7,-8.77298,80.0,18.9,4595432.0
Tre Mann,Florida,17,-1.20373,76.0,19.8,4432819.0
Scottie Lewis,Florida,6,6.48155,77.0,15.4,4432812.0
Christian Brown,Georgia,15,-1.00176,78.0,19.6,4431709.0
Omar Payne,Florida,0,6.32389,82.0,14.7,4432825.0
Miles Daniels,Jackson St.,10,-4.84981,75.0,16.7,4594076.0
Austin Crowley,Mississippi,5,-1.31986,77.0,12.3,4431758.0
Jalen Graham,Arizona St.,0,7.54382,81.0,15.1,4432855.0
Hall Elisias,Bryant,0,4.1411,79.0,16.3,4593267.0
Ahren Freeman,New Orleans,8,-5.80774,78.0,22.8,4431966.0
Khalil Robinson,Howard,5,-5.69435,71.0,15.2,4432102.0
Brice Williams,Charlotte,17,-5.12498,79.0,16.5,4592843.0
Khalyl Waters,Troy,7,-6.07863,78.0,19.7,4593931.0
Jack Forrest,Columbia,10,-6.84568,77.0,20.4,4431965.0
Nick Caldwell,Southeastern Louisiana,3,-0.685544,79.0,17.5,4594148.0
Tyler Cochran,Northern Illinois,7,-1.01171,74.0,18.9,4431930.0
Jakevan Leftridge,Troy,15,-0.468691,76.0,15.2,4432030.0
D.J. Thorpe,California,16,-1.47704,80.0,16.6,4432900.0
Cassius Stanley,Duke,3,4.13098,78.0,21.3,4431686.0
Tyrie Jackson,East Carolina,1,-0.452193,74.0,19.1,4065739.0
Terrell Burden,Kennesaw St.,4,-10.767,70.0,26.6,4592262.0
J.J. Miles,East Carolina,10,-2.98684,79.0,17.7,4592967.0
Tremont Robinson-White,East Carolina,5,-4.17599,73.0,21.0,4592968.0
Jamie Lewis,Kennesaw St.,4,-9.68231,76.0,26.7,4592263.0
Matthew Hurt,Duke,12,6.81551,81.0,19.4,4431673.0
Donte Tatum,Samford,10,-5.70527,73.0,14.5,4593695.0
Leslie Nkereuwem,Longwood,16,-1.71939,79.0,14.9,4432064.0
Allen Powell,Rider,4,-8.33716,74.0,15.5,4593364.0
Hunter Goodrick,South Dakota,8,-2.64258,79.0,15.9,4593836.0
Justyn King,Bethune Cookman,16,-4.55905,79.0,11.1,4592998.0
Jordyn Owens,UMass Lowell,4,-8.463,73.0,20.3,4592913.0
Josh Vazquez,Montana,10,0.795043,75.0,13.6,4592603.0
Kyle Owens,Montana,15,-2.62263,80.0,15.1,4592602.0
C.J. Wilbourn,Milwaukee,17,-3.05069,79.0,13.6,4432141.0
Lewis McDaniel,Central Arkansas,4,-11.3296,75.0,17.5,4596535.0
Kalil Thomas,UMass Lowell,17,-4.28312,77.0,10.1,4592912.0
Connor Nelson,American,6,1.31631,78.0,16.8,4593072.0
Jordan Jones,Cornell,3,-3.86591,77.0,21.0,4593310.0
Ben Lubarsky,American,17,-4.39607,77.0,15.3,4593074.0
Marcus Filien,Cornell,7,-5.23315,79.0,10.9,4593307.0
LaQuan Butler,Southeastern Louisiana,5,-9.92401,72.0,23.6,4594143.0
Bas Leyte,UNC Greensboro,14,0.668107,82.0,11.0,4593682.0
EJ Williams,Alabama A&M,16,-6.17378,82.0,19.4,4594016.0
Santi Aldama,Loyola MD,2,0.396218,83.0,26.9,4593125.0
Louis Tang,VMI,17,-5.47803,76.0,19.8,4593711.0
Garrett Hicks,Alabama A&M,1,-3.03402,72.0,20.1,4594014.0
Kassim Nicholson,UAB,7,-3.56368,79.0,18.7,4593280.0
Raquan Brown,New Orleans,14,-3.07331,75.0,15.9,4432948.0
Rodney Carson,New Orleans,4,-8.74375,75.0,15.1,4593813.0
Justus Rainwater,Florida Gulf Coast,13,-0.829592,80.0,15.2,4592255.0
Tyler Thomas,Sacred Heart,10,-2.9593,75.0,16.1,4593126.0
Sean Yoder,Navy,4,-7.36845,74.0,16.6,4433132.0
Tyler Nelson,Navy,7,-4.76315,78.0,16.3,4593139.0
John Bowen,UNC Wilmington,17,-4.76027,79.0,13.8,4592976.0
Neal Quinn,Lafayette,8,-0.121728,84.0,22.9,4593100.0
Gob Gabriel,Monmouth,17,-6.55377,79.0,15.2,4593337.0
Leo O'Boyle,Lafayette,14,-1.40379,79.0,21.9,4432065.0
Ethan Brittain-Watts,Boston University,10,-3.64886,74.0,13.7,4431909.0
James Anderson II,North Alabama,14,-3.53085,77.0,20.4,4592285.0
Mervin James,North Alabama,7,-4.1455,79.0,26.3,4592283.0
C.J. Brim,North Alabama,5,-3.59089,69.0,18.7,4592284.0
Jalen Thomas,Georgia St.,0,3.80274,82.0,14.8,4593903.0
Alonzo Verge,Arizona St.,9,2.26083,75.0,28.7,4592358.0
Trey Pulliam,San Diego St.,5,1.0358,75.0,13.8,4593083.0
Eduardo Lane,San Jose St.,16,-4.65056,82.0,20.6,4593096.0
Isaiah Stevens,Colorado St.,11,1.62314,72.0,21.8,4432117.0
Kyle Rose,Fordham,4,-3.4609,75.0,15.1,4592315.0
Wheza Panzo,Stetson,10,-0.510751,79.0,12.2,4592296.0
Fousseyni Drame,Saint Peter's,7,-3.3079,79.0,20.4,4432970.0
Daryl Banks III,Saint Peter's,10,-2.80243,75.0,20.1,4593386.0
Eman Sertovic,Tennessee Martin,14,-4.8403,77.0,10.5,4593706.0
Tyler Sagl,Marist,14,-4.31309,77.0,19.2,4593331.0
Ford Cooper Jr,Missouri St.,10,-1.42687,75.0,12.2,4592710.0
Dylan Disu,Vanderbilt,17,1.86432,81.0,16.8,4432866.0
Vonnie Patterson,East Tennessee St.,7,-0.549769,76.0,13.6,4593664.0
Jack Cavanaugh,Marist,4,-9.75218,76.0,19.9,4431924.0
Scotty Pippen Jr,Vanderbilt,9,-0.627079,73.0,24.7,4431785.0
Mykel Derring,Merrimack,17,-6.53227,74.0,17.9,4594254.0
Juvaris Hayes,Merrimack,9,3.90733,72.0,24.1,4594252.0
Mikey Watkins,Merrimack,5,-2.04078,71.0,17.6,4594256.0
Jaleel Lord,Merrimack,10,-2.39588,76.0,20.0,4594260.0
Devin Jensen,Merrimack,14,-0.610334,77.0,13.1,4594261.0
Kareem Reid,Gardner Webb,0,3.14258,81.0,19.4,4592662.0
Jared Jones,Northwestern,16,-1.83972,82.0,19.2,4592713.0
Rainers Hermanovskis,William & Mary,17,-2.4505,76.0,7.2,4592987.0
Chris Whitaker,Portland St.,5,-5.91151,75.0,20.5,4592631.0
Miguel Ayesa,William & Mary,17,-1.33728,76.0,13.5,4592988.0
Miles James,East Carolina,17,-3.45135,78.0,11.5,4592972.0
Kyle Rode,Liberty,12,1.67229,79.0,13.7,4592272.0
Shiloh Robinson,Liberty,15,-1.48505,79.0,16.1,4592271.0
Charles Coleman,East Carolina,16,-3.38592,84.0,13.2,4431807.0
"Terrence Shannon, Jr.",Texas Tech,3,3.41446,78.0,21.2,4432847.0
Jahmi'us Ramsey,Texas Tech,11,5.25895,76.0,24.7,4431688.0
Deschon Winston,Central Michigan,10,-2.95003,76.0,17.3,4278144.0
Donovan Clay,Valparaiso,3,1.03909,79.0,17.4,4592730.0
Sita Conteh,Austin Peay,17,-4.9868,80.0,16.0,4593442.0
Bryce Okpoh,Grand Canyon,16,-4.31419,79.0,10.2,4593811.0
Cameron Alford,Alabama A&M,5,-3.7761,73.0,27.2,4594015.0
Nathan Scott,Northern Illinois,7,1.28245,80.0,17.7,4595437.0
Travis Evee,VMI,11,-0.370091,72.0,21.6,4593712.0
Austin Johnson,UC Irvine,13,-1.81376,81.0,16.6,4592959.0
Jeron Artest,UC Irvine,17,-0.895902,75.0,12.5,4592960.0
Brenton Mills,Binghamton,10,-6.52053,75.0,16.3,4592891.0
Shakem Johnson,Tennessee St.,8,0.0226394,79.0,19.2,4593726.0
Hakon Hjalmarsson,Binghamton,10,-8.70642,75.0,14.5,4592890.0
Adham Eleeda,Northern Kentucky,10,-3.10914,77.0,13.2,4593304.0
Julian Champagnie,St. John's,6,3.93112,80.0,18.5,4592479.0
Yvan Ouedraogo,Nebraska,16,-4.32907,81.0,19.7,4592706.0
Luke Maranka,Toledo,7,-3.15719,82.0,13.7,4432035.0
Carson Cary,Lipscomb,14,-4.26768,72.0,15.1,4432953.0
Josh Oduro,George Mason,8,-1.90973,81.0,17.8,4432068.0
Marcus Sasser,Houston,14,3.82643,73.0,17.0,4432107.0
Antonio Gordon,Kansas St.,7,-0.762128,81.0,16.5,4431972.0
Justin Winston,St. Bonaventure,3,-2.43663,80.0,22.8,4431854.0
Alejandro Vasquez,St. Bonaventure,1,-2.56924,75.0,21.6,4592489.0
Tre Gomillion,Cleveland St.,6,0.146161,76.0,16.5,4592883.0
Franklyn Penn Jr.,Cleveland St.,7,-3.65397,75.0,17.9,4592882.0
Rayquan Evans,Florida St.,5,-0.286083,76.0,17.3,4592190.0
Miles Brown,Ohio,4,-5.91905,73.0,16.2,4593449.0
Nolan Foster,Ohio,16,-8.61441,82.0,17.0,4593448.0
Jonah Jackson,Drake,10,-1.28866,75.0,11.6,4592680.0
Rafael Cruz Jr,Western Michigan,1,-2.07792,73.0,20.8,4593453.0
Greg Outlaw,Central Connecticut,7,-4.50943,76.0,24.0,4593242.0
Trey Tennyson,Central Connecticut,1,-7.74025,76.0,23.2,4593243.0
Myles Baker,Central Connecticut,1,-7.76225,74.0,26.7,4593244.0
Lamarcus Lee,Southern,6,1.06186,74.0,17.7,4594114.0
Skyler Baggs,Southern,8,-1.64488,78.0,15.6,4594112.0
Malik Curry,Old Dominion,9,1.34995,73.0,26.1,4592874.0
Onyeka Okongwu,USC,0,11.4267,81.0,23.4,4431680.0
Yavuz Gultekin,Texas A&M,3,-0.702034,79.0,13.4,4432878.0
Mark Freeman,Tennessee St.,5,-5.98384,70.0,19.5,4432988.0
Dru Kuxhausen,McNeese St.,14,-1.64876,72.0,16.6,4593774.0
Cedric Henderson Jr.,Campbell,12,1.72811,78.0,20.0,4592657.0
Kevin Cross,Nebraska,7,-1.70202,80.0,24.6,4592703.0
Kolton Mitchell,Massachusetts,5,-3.75139,75.0,11.5,4592454.0
T.J. Weeks,Massachusetts,11,3.8615,76.0,24.1,4433108.0
Sean East II,Massachusetts,9,-1.66617,75.0,23.7,4592453.0
David Sloan,Kansas St.,5,-2.0504,72.0,19.5,4592212.0
Montavious Murphy,Kansas St.,17,0.607996,81.0,12.7,4431780.0
Tre Mitchell,Massachusetts,2,1.91555,81.0,30.9,4432840.0
Tyler Burton,Richmond,3,-0.239124,79.0,19.2,4431914.0
Michael Moreno,Eastern Kentucky,12,1.58907,79.0,15.5,4431810.0
Josh Pierre-Louis,Temple,5,-2.59888,75.0,18.9,4431795.0
Tomas Woldetensae,Virginia,10,3.2996,77.0,15.4,4592412.0
Greg Gantt,Providence,6,3.57815,80.0,12.9,4431711.0
Jaxon EdelMayer,Idaho St.,17,-5.37012,74.0,8.4,4592598.0
Isiaih Mosley,Missouri St.,3,1.36142,77.0,19.0,4432879.0
Isaiah Hill,Tulsa,5,-1.77202,72.0,18.1,4593830.0
Alex Morales,Wagner,9,-2.36144,78.0,27.7,4593034.0
Symir Torrence,Marquette,5,-0.355571,75.0,11.8,4431696.0
Precious Okoh,Maine,4,-11.6564,73.0,19.0,4592909.0
Marko Sarenac,Marshall,15,-2.43777,79.0,15.3,4592862.0
Brian Taylor,Illinois Chicago,17,-5.14239,78.0,15.9,4593256.0
Rodrick McCobb,Northern Colorado,17,-2.65906,77.0,13.7,4592626.0
Shawn Stith,Cal St. Bakersfield,8,-4.18868,80.0,22.2,4594131.0
Ronne Readus,Cal St. Bakersfield,16,-3.24236,81.0,13.9,4594129.0
Nico Mannion,Arizona,9,3.605,75.0,24.8,4431672.0
Deonte Billups,Purdue Fort Wayne,3,-2.25802,76.0,19.5,4593718.0
Antonio Reeves,Illinois St.,17,-1.47138,76.0,18.2,4592686.0
Rylan Jones,Utah,9,2.20082,72.0,19.1,4431751.0
Zach Harvey,Cincinnati,5,-1.04982,77.0,14.9,4592899.0
Tavin Pierre Philippe,Stony Brook,4,-6.8728,75.0,17.7,4592936.0
Russel Dean,Hampton,8,-3.166,76.0,9.1,4592665.0
Davion Warren,Hampton,3,-2.26957,78.0,19.2,4592666.0
Tosan Evbuomwan,Princeton,15,-2.14942,79.0,17.8,4597865.0
Tyler Millin,Middle Tennessee,7,-6.82844,79.0,19.2,4592866.0
DJ Rodman,Washington St.,10,-1.93208,78.0,10.3,4432103.0
Orlando Robinson,Fresno St.,2,3.83111,82.0,24.4,4593049.0
Jesus Carralero,Campbell,15,-3.5848,80.0,26.7,4592654.0
Kalib Boone,Oklahoma St.,0,5.9397,81.0,21.2,4432854.0
Chris Harris Jr.,Oklahoma St.,4,-2.23823,75.0,16.6,4592267.0
Rob Perry,Stetson,1,-0.651216,75.0,24.8,4592297.0
Keylan Boone,Oklahoma St.,3,3.79235,80.0,17.0,4431901.0
Asanti Price,Georgia Tech,17,-0.340272,77.0,16.8,4432083.0
Joel Kabimba,Stetson,7,-4.66992,80.0,18.8,4592303.0
Avery Anderson III,Oklahoma St.,5,-0.657546,74.0,22.9,4432851.0
Chris Ledlum,Harvard,7,-2.40056,78.0,28.2,4431728.0
Kyle Arrington,Western Illinois,8,-2.36675,82.0,17.8,4593848.0
Omari Moore,San Jose St.,6,-1.25279,78.0,15.4,4593095.0
Marcus Larsson,Incarnate Word,8,-4.83834,82.0,19.3,4593760.0
Stefan Kenic,Chattanooga,3,0.193825,81.0,22.9,4280301.0
Blake Lampman,Oakland,17,-1.3895,73.0,11.6,4593343.0
Kevin Kangu,Oakland,5,-4.52743,76.0,17.9,4593344.0
Noah Thomasson,Houston Christian,11,-5.94866,75.0,16.7,4593752.0
Daniel Oladapo,Oakland,8,-0.965012,79.0,20.1,4593340.0
Trendon Watford,LSU,2,2.77051,81.0,23.1,4431675.0
Dimon Carrigan,FIU,0,2.60148,81.0,16.0,4592849.0
Joe Jones III,Georgia St.,8,-1.93401,81.0,12.0,4593902.0
Isaiah Thompson,Purdue,10,0.177048,73.0,16.6,4431749.0
Parker Dortch,Loyola Marymount,17,-3.18258,79.0,16.7,4593770.0
Sean Conway,VMI,17,-1.94797,76.0,17.9,4593716.0
Jordyn Adams,Austin Peay,1,-1.39551,75.0,26.2,4432903.0
Zyon Pullin,UC Riverside,5,-4.61401,76.0,19.4,4592979.0
Cameron Johnson,Stephen F. Austin,3,1.67659,76.0,23.2,4594153.0
Calvin Solomon,Stephen F. Austin,16,1.21708,79.0,14.7,4594155.0
Charlie Daniels,Stephen F. Austin,15,-0.964271,81.0,17.0,4594154.0
Idris Joyner,Merrimack,3,0.489432,77.0,21.6,4594262.0
Jordan Minor,Merrimack,2,0.456998,80.0,27.1,4594263.0
Ziggy Reid,Merrimack,10,-3.97993,78.0,17.4,4594264.0
Jordan McKoy,Merrimack,4,-5.53701,77.0,11.3,4594265.0
Christian Koloko,Arizona,0,8.1051,84.0,15.1,4431778.0
Keyshaun Langley,UNC Greensboro,11,1.7967,73.0,18.6,4431864.0
Josh Green,Arizona,6,6.72755,78.0,20.5,4432811.0
James Glisson III,Mercer,8,-0.661429,78.0,19.9,4593676.0
Diego Rivera,Mercer,10,-3.84171,74.0,15.1,4593675.0
Kamar Robertson,Mercer,5,-2.40929,74.0,18.8,4593674.0
Walter Prevost,Maryland Eastern Shore,8,-5.78498,80.0,19.4,4279534.0
Donta Scott,Maryland,12,4.13708,79.0,13.4,4432852.0
Devan Cambridge,Auburn,17,0.577268,78.0,15.8,4567588.0
Isaiah Mobley,USC,15,2.71525,82.0,19.0,4432815.0
Jarod Lucas,Oregon St.,14,-0.377705,75.0,16.7,4431765.0
Roman Silva,Oregon St.,8,-0.443066,85.0,14.8,4592414.0
Gianni Hunt,Oregon St.,4,-3.85431,75.0,16.3,4431815.0
Sean Miller-Moore,Oregon St.,13,-0.447278,77.0,18.0,4592413.0
Jayvis Harvey,James Madison,17,-6.25485,75.0,13.6,4431985.0
"Chico Carter, JR",Murray St.,5,-3.19895,74.0,20.2,4593683.0
Tyrese Samuel,Seton Hall,7,0.474816,82.0,18.4,4432105.0
Connor Withers,UMass Lowell,15,2.01306,79.0,16.1,4592914.0
Aaron Deloney,Vermont,1,-4.16717,72.0,20.0,4431940.0
Maddox Daniels,Colorado,17,-0.555904,78.0,14.8,4592397.0
Blake Furcron,FIU,10,-0.585632,76.0,12.7,4592850.0
Charles Manning Jr.,LSU,15,3.63503,77.0,16.5,4593021.0
Da'Shawn Phillip,Maryland Eastern Shore,6,-2.73429,77.0,23.4,4593381.0
Kevon Voyles,Maryland Eastern Shore,5,-5.15674,75.0,23.9,4593380.0
Paul Mulcahy,Rutgers,15,3.59818,78.0,12.3,4432849.0
Jaden McDaniels,Washington,3,2.19221,81.0,25.2,4431671.0
Jovan Blacksher Jr,Grand Canyon,9,-0.0485663,71.0,19.7,4431826.0
Jeremy Hamilton,Alabama St.,17,-8.14666,75.0,18.9,4594021.0
Nick MacDonald,Niagara,12,-3.03795,77.0,15.6,4593358.0
Brandon Battle,Alabama St.,16,-7.73003,80.0,22.5,4594022.0
Kelton Edwards,Grambling St.,17,-3.88763,78.0,18.8,4594072.0
Terreon Randolph,Grambling St.,15,-0.415771,80.0,12.7,4594073.0
Brandon Kimble,Mississippi Valley St.,7,-5.33878,79.0,14.2,4594087.0
Caleb Hunter,Mississippi Valley St.,1,-6.50359,71.0,28.5,4594088.0
Trevell Cunningham,Grambling St.,5,-4.96889,72.0,19.6,4594069.0
Richard Rivers Jr.,Mississippi Valley St.,10,-10.513,83.0,19.5,4594089.0
Ahmadu Sarnor,Mississippi Valley St.,10,-6.36922,73.0,12.0,4594090.0
Cameron Brown,Saint Joseph's,17,-0.924935,77.0,18.3,4592476.0
Hyunjung Lee,Davidson,12,3.40646,79.0,18.8,4592308.0
Miles Miller,Lipscomb,10,-6.88173,74.0,13.8,4592276.0
Elijah Pepper,UC Davis,6,0.141892,76.0,21.2,4432077.0
Jordan Rawls,Western Kentucky,1,-3.4556,73.0,18.0,4593292.0
Tristan Green,Denver,16,-3.24543,81.0,12.5,4593703.0
John Tonje,Colorado St.,14,-1.41014,77.0,19.1,4593043.0
Rudy Fitzgibbons III,The Citadel,1,-5.65665,72.0,18.7,4593470.0
Antwon Jackson,Arkansas St.,8,-1.14865,79.0,14.5,4432004.0
Fletcher Abee,The Citadel,14,-1.01565,74.0,15.2,4432931.0
Dajuan Madden,Prairie View A&M,4,-5.33082,74.0,15.6,4594098.0
Roscoe Eastmond,Denver,5,-5.37981,69.0,16.8,4593700.0
Mo Arnold,Jacksonville,5,-2.67665,74.0,16.0,4592260.0
Caleb Grill,Iowa St.,17,-0.950026,75.0,10.9,4431973.0
Trey Sides,Jacksonville,17,-3.13391,73.0,11.1,4592259.0
Maceo Austin,Duquesne,17,-0.354038,77.0,16.0,4432905.0
Kevin Norman,Jacksonville,6,0.495804,76.0,22.2,4592258.0
Kamari Williams,Boston College,17,-2.25302,79.0,13.6,4592182.0
Ashton Miller,Duquesne,4,-6.92887,77.0,12.7,4592310.0
"Gary Harris, Jr.",Siena,17,-2.40072,78.0,17.1,4593370.0
Greg Milton III,Wyoming,17,-3.78619,75.0,16.5,4593130.0
Brendan McGuire,Quinnipiac,5,-6.96594,79.0,17.0,4433042.0
Ty Chisom,South Dakota,7,-3.81205,76.0,19.8,4593834.0
Zion Richardson,Wofford,7,-3.29762,76.0,14.0,4432095.0
Raequan Battle,Washington,12,1.68685,77.0,22.8,4431726.0
Isaiah Stewart,Washington,2,5.72264,81.0,24.2,4432810.0
Xavier Cork,Western Carolina,13,-0.985355,81.0,19.1,4593722.0
Bernardo Da Silva,Hawaii,8,-2.11397,81.0,20.3,4431868.0
Isaiah Ihnen,Minnesota,12,4.69927,81.0,16.1,4592702.0
Malcolm Dandridge,Memphis,13,4.62163,81.0,15.8,4431738.0
Ja'Vary Christmas,Idaho,17,-4.8067,76.0,18.8,4592587.0
Lester Quinones,Memphis,11,2.89154,77.0,18.8,4431720.0
Cobie Barnes,Indiana St.,17,-0.769738,77.0,14.0,4592688.0
Jordan Dingle,Penn,1,-1.6705,75.0,24.6,4593351.0
Keegan Records,Colgate,15,1.7199,82.0,16.1,4593089.0
Max Martz,Penn,12,-0.0644192,78.0,14.0,4593353.0
Lucas Monroe,Penn,7,-0.5137,78.0,15.0,4593352.0
Tyson Jackson,Middle Tennessee,16,-4.75462,81.0,16.3,4431818.0
Golden Dike,Loyola MD,8,-2.34269,82.0,23.0,4593122.0
Iverson Molinar,Mississippi St.,11,-0.941306,75.0,19.7,4432885.0
Lance Singh III,Delaware St.,14,-6.70411,77.0,19.6,4593366.0
Quincy Olivari,Rice,1,-2.7825,74.0,20.3,4432070.0
Skylar Chavez,Pepperdine,14,0.529512,77.0,14.6,4593793.0
Imajae Dodd,UNC Wilmington,0,-0.50119,78.0,15.4,4431947.0
Jake Boggs,UNC Wilmington,17,-4.81911,79.0,15.2,4431899.0
Sedrick Altman,Pepperdine,17,-3.19592,74.0,15.5,4432935.0
Lance Coleman II,Cal St. Northridge,10,-5.15815,78.0,18.0,4592927.0
Owen McCormack,Presbyterian,3,-3.35908,81.0,16.8,4592758.0
Tommy Bruner,USC Upstate,1,-4.26427,73.0,25.8,4592767.0
Garrick Green,Coastal Carolina,17,-1.41321,78.0,18.0,4593880.0
Keishawn Brewton,Coastal Carolina,14,0.235277,74.0,23.1,4593881.0
Tristen Newton,East Carolina,9,1.78815,77.0,21.1,4592965.0
Sean Sutherlin,New Hampshire,7,-3.64965,77.0,26.3,4593987.0
Brandon Suggs,East Carolina,6,0.480924,78.0,19.5,4592966.0
Wendell Moore Jr.,Duke,7,1.54942,78.0,20.1,4592187.0
Vernon Carey Jr.,Duke,2,6.67163,82.0,30.3,4431669.0
Oscar Tshiebwe,West Virginia,8,6.80912,81.0,23.5,4432827.0
B. Artis White,Western Michigan,10,-2.11936,69.0,20.5,4432137.0
Sean McNeil,West Virginia,12,3.82235,75.0,15.9,4592306.0
Miles McBride,West Virginia,6,6.24001,74.0,22.1,4431823.0
D.J. Jeffries,Memphis,15,4.55234,79.0,18.5,4431682.0
Jake Kyman,UCLA,14,2.44897,78.0,18.1,4432876.0
Drew Lowder,Holy Cross,1,-5.25392,72.0,30.5,4431859.0
Harry Morrice,North Carolina A&T,7,-4.05171,83.0,16.8,4593415.0
Russell Jones,Winthrop,5,-0.414369,68.0,20.7,4592771.0
Jamal King,Winthrop,17,-4.9481,77.0,18.2,4431861.0
Marko Lukic,Little Rock,17,-6.62214,79.0,24.1,4432042.0
Ralph Agee,San Jose St.,7,-3.65517,80.0,19.1,4074930.0
Sean Jenkins,Presbyterian,12,-2.73405,76.0,13.3,4592757.0
Jonathan Dos Anjos,Loyola Marymount,7,-2.99933,79.0,15.0,4431944.0
Trever Irish,Long Beach St.,16,-4.25717,84.0,17.4,4592944.0
Jordan Brinson,UAB,17,0.699246,74.0,12.2,4432899.0
J.P. Robinson,Samford,5,-6.0566,70.0,14.4,4593692.0
John-Michael Wright,High Point,1,-0.248531,73.0,23.1,4592741.0
Brenden Tucker,Charleston,17,-7.01824,74.0,18.3,4597990.0
Dan Petcash,Binghamton,12,-7.44554,76.0,11.3,4592893.0
Justin Moore,Villanova,14,2.28951,76.0,20.6,4592491.0
Dane Quest,Tennessee Tech,4,-7.66737,78.0,12.4,4593731.0
C.j. Walker,Oregon,7,-1.51366,80.0,18.4,4592403.0
Chandler Lawson,Oregon,15,4.83125,80.0,14.3,4431721.0
Boo Buie,Northwestern,1,-0.942004,74.0,27.0,4592712.0
Christian Ray,La Salle,6,1.8886,78.0,13.9,4592448.0
Noah Carter,Northern Iowa,12,1.55157,78.0,17.9,4431923.0
Cyrus Largie,Florida Gulf Coast,15,-2.72927,73.0,17.3,4592249.0
Tre Williams,Indiana St.,16,1.10042,79.0,18.1,4432147.0
Jelly Walker,Tulane,5,-0.0941593,71.0,18.6,4396656.0
Paxson Wojcik,Loyola Chicago,17,-0.958588,76.0,11.3,4433125.0
Keith Clemons,Loyola Chicago,11,1.78401,73.0,17.0,4592695.0
Tray Jackson,Missouri,15,-4.73127,80.0,22.0,4593010.0
Majesty Brandon,Canisius,1,-1.83285,72.0,23.6,4593150.0
Joe Pridgen,Holy Cross,3,-3.46039,77.0,26.8,4432092.0
DeMierre Black,Purdue Fort Wayne,5,-4.44527,72.0,21.8,4593719.0
Jason Holliday,Murray St.,4,-3.60163,76.0,7.3,4593685.0
Tyrese Robinson,Alabama St.,7,-4.60333,80.0,18.0,4594026.0
Vincent Miszkiewicz,Incarnate Word,8,-0.372119,79.0,16.8,4593761.0
Isaiah Powell,Vermont,4,-4.11883,78.0,17.4,4592945.0
Jubrile Belo,Montana St.,13,2.21543,81.0,24.6,4592617.0
Tyson Walker,Northeastern,9,0.185088,72.0,22.1,4432129.0
Dakota Rivers,Florida Gulf Coast,0,-1.39446,80.0,17.7,4592248.0
Qwanzi Samuels,Florida Gulf Coast,4,-11.0326,80.0,16.5,4592251.0
Brycen Goodine,Syracuse,5,-2.45866,75.0,18.9,4431716.0
Quincy Guerrier,Syracuse,8,1.45181,79.0,20.0,4432996.0
Joseph Girard III,Syracuse,1,2.77295,73.0,21.3,4431746.0
Maks Klanjscek,UMKC,17,-3.29335,77.0,13.2,4593967.0
Franck Kamgain,UMKC,5,-3.84101,74.0,15.2,4593966.0
Chase Adams,Portland,5,-3.30463,67.0,20.1,4431839.0
Quincy Ferebee,Portland,5,-6.95132,73.0,16.9,4593794.0
Jaren English,St. Bonaventure,3,1.23485,76.0,19.9,4592488.0
Sam Gagliardi,Florida Gulf Coast,10,-3.7692,76.0,16.9,4592252.0
Zion Williams,UMKC,15,-1.52579,76.0,12.9,4593965.0
Max Abmas,Oral Roberts,14,1.64608,73.0,21.2,4432932.0
Elijah Lufile,Oral Roberts,8,-3.68176,80.0,20.7,4593822.0
Jonathan Jackson,Prairie View A&M,16,0.869142,78.0,15.2,4594106.0
Dominic Brewton,Alcorn St.,6,-2.14851,75.0,19.8,4594037.0
Arne Morris,Alcorn St.,5,-8.14697,75.0,19.5,4594038.0
Tre Armstrong,Cal Baptist,14,-2.98261,77.0,13.1,4593806.0
Reed Nottage,Cal Baptist,10,-1.77975,78.0,11.8,4593807.0
Tyson Etienne,Wichita St.,14,5.6838,73.0,17.0,4432887.0
Darin Green Jr.,UCF,14,2.76085,76.0,17.6,4593839.0
Harwin Francois,Southern Illinois,14,0.23252,76.0,14.5,4592723.0
Benson Lin,Bryant,10,-2.87692,76.0,18.7,4593265.0
T.J. Bickerstaff,Drexel,8,-3.52333,81.0,20.8,4592778.0
Mate Okros,Drexel,14,-1.88412,78.0,11.9,4592777.0
Kameron Hankerson,Green Bay,11,-0.174113,77.0,19.3,4067426.0
Hunter McIntosh,Elon,1,-0.715171,75.0,20.1,4592948.0
Gabe Quinnett,Idaho,17,-3.85527,76.0,11.9,4592592.0
DeWayne Cox,Prairie View A&M,15,2.85819,74.0,9.3,4594100.0
Hosana Kitenge,Coastal Carolina,13,-1.18695,79.0,17.0,4593883.0
Jalen Hawkins,Robert Morris,6,-0.16206,75.0,20.9,4593134.0
Mikael Jantunen,Utah,13,4.2408,80.0,14.2,4432000.0
Cam Spencer,Loyola MD,12,-0.222462,76.0,15.4,4433083.0
Alfonso Plummer,Utah,14,1.83876,73.0,21.5,4592434.0
Branden Carlson,Utah,0,2.65659,84.0,18.5,4592435.0
Perry Cowan,Brown,17,-4.60877,76.0,10.8,4432960.0
D.J. Carton,Ohio St.,9,4.4301,74.0,25.2,4432820.0
Dan Friday,Brown,4,-8.60641,76.0,20.1,4593253.0
Eric Coleman Jr.,High Point,7,-7.63064,80.0,22.7,4592745.0
Jamir Thomas,Youngstown St.,8,-1.09538,80.0,19.8,4593431.0
Ta'lon Cooper,Morehead St.,11,0.0582022,76.0,16.2,4432959.0
Grant Sherfield,Wichita St.,5,1.22958,74.0,20.3,4431794.0
Marek Welsch,Jacksonville St.,5,-6.29113,71.0,16.4,4593673.0
LJ Bryan,Morehead St.,8,-3.42754,81.0,14.7,4593680.0
Tyzhaun Claude,Morehead St.,8,-2.40755,80.0,22.4,4593677.0
Ques Glover,Florida,17,-5.09945,71.0,23.9,4592827.0
Kwane Marble II,Wyoming,6,1.98824,78.0,24.0,4593129.0
Alec Woodard,Austin Peay,12,2.60674,74.0,11.6,4432150.0
Erik Czumbel,UTSA,10,-2.76132,75.0,10.8,4593285.0
Olivier Nkamhoua,Tennessee,8,-0.585309,80.0,18.2,4431832.0
Jordan Skipper-Brown,Eastern Illinois,13,1.65753,78.0,18.0,4593465.0
Christian Wilson,Longwood,17,-5.79268,78.0,20.5,4592750.0
Coryon Mason,Abilene Christian,11,2.10232,72.0,17.4,4593750.0
George Dixon,Eastern Illinois,2,2.5842,77.0,19.7,4593468.0
Keondre Kennedy,UMBC,17,-3.89267,78.0,17.3,4592938.0
Allan Jeanne-Rose,Fairfield,7,-3.90294,79.0,15.6,4593277.0
George Tinsley,Binghamton,3,-0.830418,78.0,17.0,4432126.0
Jordan Hairston,Texas A&M Corpus Chris,11,-2.06758,72.0,23.1,4594138.0
Amadou Sylla,Tennessee Tech,15,-1.41399,80.0,15.4,4593732.0
Joel Brown,California,4,-1.21723,74.0,12.9,4431787.0
Jeremiah Robinson-Earl,Villanova,2,5.58451,81.0,19.8,4432813.0
Kenan Blackshear,Florida Atlantic,7,-3.1686,78.0,16.0,4592846.0
Davonte Gaines,Tennessee,6,3.66221,79.0,15.7,4431961.0
Kayne Henry,Jacksonville St.,3,0.460579,79.0,20.8,4593671.0
Martin Roub,Jacksonville St.,12,-1.36355,82.0,15.2,4593672.0
Artur Konontsuk,Southern Miss,17,-2.27081,79.0,15.3,4593271.0
Jay Malone,Southern Miss,5,-4.433,72.0,16.2,4593272.0
Anthony Edwards,Georgia,9,3.96519,77.0,28.8,4594268.0
Casey Morsell,Virginia,10,-1.58732,75.0,16.7,4431704.0
Harlond Beverly,Miami FL,5,-1.98718,76.0,26.0,4431701.0
Tyler Robertson,Eastern Washington,17,-5.08034,78.0,17.2,4592580.0
John McCoy,Delaware,12,0.141555,77.0,7.7,4597788.0
Isaiah Wong,Miami FL,1,-0.154583,75.0,22.1,4431727.0
Sammy Hunter,Mississippi,7,-3.1682,81.0,16.4,4433011.0
Chase Barrs,Western Michigan,16,-1.66238,81.0,12.3,4432939.0
Kahlil Whitney,Kentucky,7,-2.01269,78.0,19.6,4431677.0
Tyrese Maxey,Kentucky,11,4.10997,75.0,22.1,4431678.0
Johnny Juzang,Kentucky,17,0.210902,78.0,13.7,4432817.0
Will Baker,Texas,7,-6.37481,83.0,26.3,4431691.0
Kai Jones,Texas,0,5.04732,83.0,13.2,4431699.0
Donovan Williams,Texas,17,-2.40798,78.0,21.4,4592304.0
Shereef Mitchell,Creighton,6,2.25305,72.0,14.7,4432059.0
Nick Stampley,Troy,8,-0.956708,78.0,15.0,4593932.0
Joel Soriano,Fordham,16,-1.29881,83.0,18.3,4592317.0
DJ Horne,Illinois St.,11,-0.138448,73.0,18.9,4431993.0
Christian Braun,Kansas,14,6.60475,78.0,12.4,4431767.0
Tristan Enaruna,Kansas,7,2.45422,80.0,18.1,4431734.0
Dae Dae Grant,Miami OH,1,-2.98619,74.0,26.1,4593444.0
PJ Henry,Hartford,4,-7.62176,70.0,17.8,4431987.0
Kenyon Duling,SIU Edwardsville,10,-5.18853,74.0,16.0,4432973.0
Jahcobi Neath,Wake Forest,5,-1.83207,75.0,19.8,4432066.0
Joe Toussaint,Iowa,9,1.0031,72.0,25.1,4432880.0
Collin Cooper,Central Arkansas,5,-6.19354,74.0,15.2,4431932.0
Derrick Carter-Hollinger,Montana,15,2.832,77.0,15.3,4592605.0
Dischon Thomas,Colorado St.,15,0.29466,81.0,18.3,4593040.0
Dq Nicholas,Southeast Missouri St.,1,-4.45649,73.0,19.3,4593687.0
Broc Finstuen,Pacific,15,4.10621,76.0,17.3,4593788.0
Ian Lee,Howard,5,-10.9207,73.0,15.5,4593377.0
Emmanuel Bandoumel,SMU,17,-1.4732,76.0,17.3,4593107.0
Wayne Bristol Jr.,Howard,1,-5.43675,78.0,22.5,4593375.0
Jitaurious Gordon,Troy,1,-2.2698,72.0,27.2,4593927.0
Jahmir Young,Charlotte,6,3.40555,73.0,22.1,4433133.0
Jordan Preaster,Bethune Cookman,7,-7.13381,77.0,23.1,4592995.0
Isiah Kirby,Southeastern Louisiana,5,-4.46688,75.0,15.8,4594144.0
Travion McCray,Western Carolina,5,-2.34319,73.0,15.2,4593720.0
Jalen Benjamin,UAB,1,-2.30287,70.0,24.9,4431903.0
Tyler Harris,Western Carolina,17,-2.33926,79.0,13.7,4593721.0
Greg Dolan,Cornell,6,-2.13674,75.0,15.3,4593308.0
Marcus Tsohonis,Washington,1,0.919138,75.0,18.7,4592438.0
Isaiah Palermo,Little Rock,4,-3.32133,77.0,15.9,4431834.0
Tyler Witz,North Dakota St.,8,-1.27342,81.0,17.1,4593755.0
Pierre Crockrell II,Pacific,5,-3.19212,72.0,20.3,4432962.0
Cameron Tucker,Alabama A&M,5,-5.14932,73.0,18.9,4594012.0
Kamdyn Curfman,VMI,14,-2.84792,72.0,16.3,4593713.0
Jalen Johnson,Alabama A&M,16,-6.37742,79.0,22.6,4594013.0
Douglas Wilson,South Dakota St.,2,3.51956,79.0,28.8,4593842.0
Tory San Antonio,Cal St. Fullerton,4,-3.47853,75.0,13.0,4432108.0
Baylor Scheierman,South Dakota St.,3,-1.57222,78.0,20.3,4593841.0
RayJ Dennis,Boise St.,17,-0.957192,74.0,15.2,4431941.0
Noah Freidel,South Dakota St.,11,1.45046,76.0,19.9,4431956.0
Josiah-Jordan James,Tennessee,5,2.44569,78.0,19.0,4431685.0
Anthony Bratton,UT Rio Grande Valley,13,-3.11858,80.0,12.3,4593821.0
Marvin Johnson,Eastern Illinois,5,-4.6865,78.0,28.9,4593466.0
Chris Maidoh,Fairfield,16,1.62739,82.0,16.5,4593276.0
Jamison Overton,Utah Valley,7,-2.74493,78.0,21.5,4593976.0
Airion Simmons,Abilene Christian,6,3.41793,77.0,20.4,4433077.0
Ben Krikke,Valparaiso,15,0.758651,81.0,19.3,4592733.0
Lagio Grantsaan,Morgan St.,17,-6.00078,80.0,16.6,4593392.0
Truman Moore,McNeese St.,13,-0.894729,80.0,16.7,4593780.0
Tanner Holden,Wright St.,2,5.16409,78.0,18.0,4431990.0
Ravel Moody,Tennessee St.,6,0.742462,78.0,14.2,4593728.0
Bryson Langdon,Northern Kentucky,5,-3.44679,69.0,16.4,4593305.0
Devontae Lane,Central Michigan,5,-0.926834,74.0,21.4,4593410.0
Travon Broadway,Central Michigan,10,-2.83155,77.0,18.8,4597916.0
Sam Griffin,UT Arlington,14,-0.838666,75.0,21.0,4432994.0
Coleman Sparling,UT Arlington,12,2.0266,79.0,8.9,4073090.0
Nicolas Elame,UT Arlington,7,-1.63293,75.0,15.7,4593919.0
Kenny Foster,Wyoming,17,-4.48509,77.0,17.1,4432984.0
Chris Mann,Army,17,-4.20795,78.0,14.0,4593075.0
Carlos Paez,Austin Peay,1,0.392409,70.0,15.6,4433055.0
Sean Bairstow,Utah St.,7,-4.11848,80.0,15.8,4593102.0
Khalid Thomas,Arizona St.,12,6.1664,81.0,11.4,4592361.0
Antavion Collum,Mississippi,4,-1.86369,79.0,10.4,4432856.0
Michael Isler,Presbyterian,8,-3.65521,76.0,17.4,4592759.0
Zeb Graham,Presbyterian,5,-5.48935,72.0,22.4,4592756.0
D.J. Robertson,Florida Atlantic,5,-4.54981,73.0,19.9,4432097.0
Dou Gueye,Louisiana,7,-4.78806,81.0,23.3,4593896.0
Reggie James,Coppin St.,15,-4.56861,76.0,14.0,4593000.0
Mike Peake,Georgia,13,-2.92629,80.0,13.1,4572450.0
Nick Ongenda,DePaul,0,5.15006,83.0,13.5,4431760.0
Josh Colon,Fordham,5,-1.71006,70.0,17.7,4592316.0
Sam Baker,McNeese St.,10,-5.89017,76.0,14.0,4593775.0
Charlie Easley,Nebraska,4,-1.38954,74.0,12.4,4592707.0
Jervay Green,Nebraska,17,-0.209991,75.0,20.9,4592705.0
Carlos Marshall Jr,Tennessee St.,3,-1.18345,78.0,22.5,4593725.0
Cam Mack,Nebraska,9,2.64722,74.0,23.0,4278336.0
Balsa Koprivica,Florida St.,13,5.40802,85.0,19.7,4432829.0
KJ Johnson,Lipscomb,1,-4.16782,73.0,22.9,4592273.0
Patrick Williams,Florida St.,6,4.71126,80.0,21.9,4431687.0
Xavier Johnson,George Mason,5,-0.478065,73.0,16.3,4592439.0
Jeremy Sanchez,Cleveland St.,7,-3.81254,72.0,11.2,4598183.0
Carlo Marble,Chicago St.,17,-7.68819,77.0,11.9,4597913.0
Jace Colley,Chicago St.,7,-6.37294,79.0,17.6,4597914.0
Solomon Hunt,Chicago St.,16,-7.6962,81.0,20.5,4597915.0
Amir Gholizadeh,Chicago St.,17,-9.01617,78.0,18.9,4597911.0
Ke'Sean Davis,Chicago St.,7,-8.31347,79.0,19.2,4597985.0
Xavier Johnson,Chicago St.,1,-7.22363,71.0,30.2,4597988.0
Kalil Whitehead,Chicago St.,17,-8.89347,77.0,11.6,4597993.0
Rajeir Jones,Chicago St.,4,-9.58285,75.0,17.7,4597907.0
Andrew Lewis,Chicago St.,1,-6.7339,75.0,24.1,4597908.0
Byron Breland III,NJIT,7,-11.5247,75.0,24.0,4592281.0
Qudus Wahab,Georgetown,0,3.14897,83.0,17.8,4431739.0
Deven Palmer,North Carolina Central,17,-2.01952,76.0,21.5,4600484.0
Braelee Albert,Vanderbilt,10,-3.79523,77.0,10.5,4608788.0
Mike Melvin,North Carolina Central,5,-5.61299,71.0,20.3,4600099.0
John Stansbury,Delaware St.,11,-3.29159,75.0,16.4,4599907.0
Omari Peek-Green,Delaware St.,17,-5.44724,78.0,17.4,4599909.0
Ja'Mare Redus,Texas Southern,5,-6.44082,72.0,18.7,4432085.0
Santiago Vescovi,Tennessee,5,0.380322,75.0,23.9,4609299.0
