Name,Team,cluster,BPM,Height,Usage,AthleteSourceId
Josh Warren,Cornell,15,-0.276415,80.0,22.4,4066813.0
Luke Worthington,BYU,8,-1.37894,82.0,15.4,66687.0
Dontel Highsmith,Cleveland St.,14,-2.81951,74.0,11.8,67060.0
Emmanuel Toney,Texas A&M Corpus Chris,5,-2.58647,74.0,19.0,67414.0
Damarion Geter,Longwood,15,-0.473882,80.0,13.3,66583.0
Parker Van Dyke,Utah,12,3.8239,75.0,15.3,3064446.0
Andre Adams,Southern Utah,8,-1.99943,81.0,23.5,3948149.0
Mitch Hahn,Nebraska Omaha,3,-0.39051,80.0,20.8,3130560.0
Ryan Andino,Maryland Eastern Shore,14,-6.54638,74.0,20.0,3153381.0
Chancellor Barnard,Binghamton,15,-0.433839,76.0,13.4,3130572.0
Keon Williams,St. Francis NY,12,-1.31908,76.0,10.8,3155881.0
Glenn Sanabria,St. Francis NY,1,-1.01651,71.0,23.1,3133979.0
Jacquil Taylor,Hofstra,13,5.15542,82.0,14.5,3136992.0
Tre'Shawn Thurman,Nevada,2,7.07057,80.0,15.7,3155987.0
Cheddi Mosely,La Salle,10,-2.74478,75.0,18.3,3130550.0
Dave Bell,Jacksonville,8,-3.51023,81.0,22.4,4278441.0
Jeremy Combs,Texas Southern,2,2.46421,79.0,24.5,3132447.0
Dan Dwyer,Hofstra,13,2.12848,80.0,8.6,3155745.0
Aaren Edmead,North Carolina A&T,4,-8.07563,70.0,21.4,3136084.0
Corey Henson,Nevada,12,0.934567,75.0,11.1,3136083.0
Antonio Woods,Penn,17,0.751848,73.0,17.9,3155740.0
Nathan Moran,Lipscomb,1,-0.754957,70.0,19.2,3130516.0
Trevor John,Drexel,14,0.40968,75.0,13.9,3137243.0
Aleks Abrams,Miami OH,16,-1.41571,80.0,13.3,3137242.0
Zacarry Douglas,North Carolina Central,3,-0.455205,80.0,17.1,3137247.0
Justin Coleman,Arizona,5,0.949915,70.0,18.4,3136168.0
Hassan Hussein,Southern,7,-6.01551,81.0,18.5,3155706.0
Josh Delaney,Sam Houston St.,1,-1.70215,72.0,21.1,3130722.0
Albert Almanza,Sam Houston St.,14,-0.73384,78.0,14.5,3130721.0
Thatch Unruh,Central Arkansas,11,-1.19174,77.0,19.3,3130700.0
Connor Kern,The Citadel,14,-3.06788,76.0,12.6,3141214.0
Bryan Alberts,Long Beach St.,14,-1.29782,77.0,16.5,3155939.0
Josh Perkins,Gonzaga,11,6.45492,75.0,19.8,3155941.0
Shawn Roundtree,Central Michigan,11,0.354113,72.0,21.1,3138292.0
Jake Toolson,Utah Valley,12,3.54027,77.0,20.5,3135098.0
Namon Wright,Colorado,12,3.66824,77.0,18.4,3136537.0
Jakeenan Gant,Louisiana,2,6.07203,80.0,26.1,3136539.0
Tyree Griffin,Southern Miss,9,3.04039,70.0,26.0,3147615.0
Romone Saunders,Wagner,9,3.37265,75.0,27.0,3136086.0
Cameron Jackson,Wofford,2,11.5809,80.0,32.8,3137234.0
Stuckey Mosley,James Madison,1,-1.59166,75.0,25.0,3137005.0
Deshon Taylor,Fresno St.,9,3.8028,74.0,26.4,3130608.0
Jabari McGhee,Austin Peay,8,2.81758,79.0,23.4,3149057.0
Sandy Cohen III,Green Bay,9,4.64167,78.0,24.9,3134084.0
Shaquille Doorson,Rutgers,13,3.75434,84.0,12.1,3149899.0
Marques Townes,Loyola Chicago,9,2.80329,76.0,27.4,3133963.0
Schadrac Casimir,Florida Gulf Coast,11,1.28876,70.0,20.2,3155750.0
Christen Cunningham,Louisville,11,4.4005,74.0,18.5,3137221.0
Detrick Mostella,Jacksonville St.,1,-1.00145,73.0,21.5,3149058.0
Noah Robotham,UNLV,1,0.100623,73.0,17.5,3136897.0
Javon Bess,Saint Louis,3,3.15335,78.0,19.8,3147687.0
Kenny Goins,Michigan St.,2,9.33924,79.0,15.4,3147689.0
Aaron Calixte,Oklahoma,1,-0.0267843,71.0,20.3,3147346.0
Jordan Nobles,Oakland,12,0.484377,81.0,11.2,3148984.0
Jeremy Jones,Gonzaga,15,8.40186,79.0,10.3,3947137.0
Clayton Custer,Loyola Chicago,11,0.627801,73.0,20.3,3133597.0
Max Twyman,Hartford,12,-1.92877,77.0,8.5,3130743.0
Ed Jones,Alabama St.,17,-8.97637,80.0,19.9,3149047.0
Jordan Tyson,Georgia St.,16,-0.600798,81.0,11.8,3133875.0
Ryan Luther,Arizona,12,5.07506,81.0,17.8,3138197.0
Brock Stull,Minnesota,10,-0.175858,76.0,9.6,3147488.0
Cane Broome,Cincinnati,1,1.15608,72.0,22.3,3153183.0
Brandone Francis,Texas Tech,17,3.96656,77.0,16.0,3137796.0
Trey Touchet,McNeese St.,10,-3.83272,74.0,12.5,3132539.0
Terry Winn III,UT Rio Grande Valley,7,-3.36962,79.0,23.5,3132540.0
Jamuni McNeace,Oklahoma,16,1.4217,82.0,18.8,3133610.0
J.C. Show,Binghamton,14,-2.40811,75.0,18.1,3149019.0
Paschal Chukwu,Syracuse,0,9.29795,86.0,12.0,3136471.0
Jordan Reed,New Hampshire,10,-2.76441,72.0,18.9,3132469.0
Reginal Johnson,Alcorn St.,1,-6.10833,77.0,27.3,3155568.0
Mike Daum,South Dakota St.,2,3.96073,81.0,32.3,3136460.0
Davon Bell,Presbyterian,9,1.2885,70.0,20.9,3129928.0
Ethan Happ,Wisconsin,2,11.5876,82.0,34.9,3136996.0
Armani Branch,Norfolk St.,3,-2.02208,79.0,16.7,3155936.0
Xavian Stapleton,Florida Atlantic,12,5.05468,79.0,25.5,3132377.0
Norense Odiase,Texas Tech,0,6.4541,80.0,14.1,3133632.0
Tarin Smith,Connecticut,6,1.07686,75.0,17.3,3136501.0
Spencer Rivers,UC Irvine,17,-2.02255,74.0,9.7,3148951.0
Jonathan Galloway,UC Irvine,13,6.29033,82.0,14.6,3148950.0
Khwan Fore,Louisville,10,2.1984,72.0,12.2,3133847.0
Taishaun Johnson,Prairie View A&M,5,-2.12146,72.0,20.6,3143560.0
Kevin Holland,Southern Miss,14,2.72208,73.0,9.2,3152337.0
Eric Carter,Delaware,2,1.35078,81.0,26.8,3129938.0
David Efianayi,Gardner Webb,11,2.3655,74.0,26.4,3129910.0
Michael Nzei,Seton Hall,13,2.6277,80.0,14.5,3136475.0
Elston Jones,UC Irvine,0,4.40731,81.0,18.6,3137728.0
Richard Lee,Southern,14,-1.88323,76.0,18.0,3138570.0
Isaiah Jackson,Providence,6,6.42436,78.0,19.1,3133821.0
Nick Norton,Drake,9,6.05667,70.0,22.3,3132482.0
BJ Taylor,UCF,1,4.4774,74.0,23.8,3132062.0
Evan Fitzner,Indiana,3,0.990212,82.0,16.0,3146558.0
Zaynah Robinson,Northern Kentucky,1,-1.4621,71.0,14.9,3154149.0
Gerard Martin,Grand Canyon,12,3.25355,79.0,11.4,3130581.0
Marial Shayok,Iowa St.,11,4.25118,78.0,26.9,3138201.0
B.J. Stith,Old Dominion,3,0.42974,77.0,24.8,3138202.0
Jack Salt,Virginia,13,5.42197,82.0,14.3,3138200.0
Chris Collins,Texas A&M,4,-1.60977,75.0,6.9,3155698.0
Brocke Stepteau,Hawaii,11,-1.28595,69.0,19.6,3148930.0
Samuel Dingba,Vermont,0,3.30192,77.0,13.2,3156103.0
Torin Dorn,N.C. State,3,2.42945,77.0,23.4,3132359.0
Jalen Adams,Connecticut,9,3.96368,75.0,27.9,3934622.0
Brandon Alston,Georgia Tech,11,-2.29867,77.0,20.8,3130565.0
Kaleb Joseph,Creighton,17,-0.162836,75.0,15.5,3153166.0
Jake Babic,Texas A&M Corpus Chris,17,-2.1401,77.0,16.8,3141192.0
Anthony Durham,Rider,11,0.364492,75.0,14.9,3138490.0
Larry Austin Jr.,Central Michigan,9,4.00189,74.0,30.1,3136480.0
Ehab Amin,Oregon,6,4.77097,76.0,20.7,3151454.0
Raasean Davis,North Carolina Central,13,1.32508,80.0,21.0,3136942.0
Torry Johnson,Wake Forest,5,-2.57795,75.0,16.6,3155501.0
Michael Gilmore,VCU,15,1.13188,82.0,22.7,3138208.0
Jeremiah Jefferson,Nicholls St.,1,-3.4009,74.0,23.3,4283589.0
Zach Braxton,Weber St.,13,-0.399249,81.0,20.5,3136850.0
Dylan Osetkowski,Texas,2,7.50077,81.0,21.2,3155390.0
Makai Mason,Baylor,1,0.228077,73.0,24.8,3138265.0
Skyler Flatten,South Dakota St.,12,3.6467,78.0,17.2,67440.0
Matt Jackson,Grand Canyon,17,0.118723,80.0,13.6,3130577.0
Amari Hamilton,North Carolina A&T,1,-6.13884,73.0,26.6,3158900.0
Josh Gantz,UMass Lowell,12,1.419,79.0,15.2,3130753.0
Jalyn Patterson,Texas Southern,1,-1.29474,73.0,22.6,3136216.0
Tre Campbell,South Carolina,10,1.48187,72.0,15.6,3149031.0
Elbert Robinson III,Old Dominion,16,-2.09604,85.0,18.7,3136215.0
Trey Mourning,Georgetown,7,-2.52037,81.0,20.9,3149034.0
Phil Booth,Villanova,11,4.01274,75.0,27.4,3147656.0
Abdoulaye Gueye,Georgia Tech,8,1.85118,81.0,22.4,3135059.0
Shawn Olden,Texas Southern,10,-3.1417,75.0,16.4,3136510.0
Eric Cooper Jr.,Pepperdine,14,-0.195179,75.0,16.3,3137705.0
Greg Malinowski,Georgetown,11,3.06946,78.0,18.2,3129965.0
Jorge Rosa,New Orleans,10,-3.39034,75.0,19.6,3154931.0
Jack Purchase,Hawaii,12,2.79563,81.0,17.1,3136178.0
T.J. Lang,South Florida,10,-0.226018,79.0,13.7,3136177.0
David Wacker,Boise St.,8,1.52778,82.0,11.4,3149011.0
Zach Johnson,Miami FL,6,0.823394,74.0,23.2,3130509.0
Miles Reynolds,Oklahoma,6,1.47953,75.0,19.6,3133868.0
Marcus Bartley,Southern Illinois,14,-2.09738,77.0,13.7,3133865.0
Milik Yarbrough,Illinois St.,9,0.195823,78.0,34.4,3133866.0
Michael Finke,Grand Canyon,12,3.38604,82.0,18.9,3131629.0
AJ John,UC Davis,17,-1.62042,80.0,16.8,3136512.0
D.J. Foreman,Saint Louis,16,-2.88115,80.0,18.5,3149900.0
Novak Topalovic,Utah,16,-1.70591,84.0,14.1,3155499.0
Paul Rowley,William & Mary,17,-3.73651,80.0,18.5,3129966.0
Jace Hogan,Jacksonville,7,-4.58568,78.0,25.5,3158440.0
Shelton Mitchell,Clemson,1,1.20175,76.0,21.3,3136699.0
Kerwin Smith,Oral Roberts,16,-1.96105,82.0,13.8,3130579.0
Laquarious Paige,Lamar,4,-6.28259,75.0,18.1,3138269.0
Jordan Butler,Norfolk St.,16,-0.557209,78.0,18.3,3156043.0
Temidayo Yussuf,Long Beach St.,8,-3.74546,79.0,29.2,3137252.0
Marcus Graves,Sacramento St.,9,1.31575,72.0,28.5,3136801.0
Jeff Thomas,Georgia St.,14,1.23716,77.0,18.0,3141263.0
Paul Jorgensen,Butler,14,2.58731,74.0,22.7,3133836.0
Lance Tejada,Lehigh,1,-0.732996,74.0,24.4,3147354.0
Braxton Huggins,Fresno St.,11,1.47121,76.0,29.2,3149662.0
Phil Cofer,Florida St.,17,0.438302,80.0,15.8,3135054.0
Jacob Kessler,Army,17,0.712668,76.0,11.2,3155887.0
Stephen O'Suji,Houston Christian,5,-3.19385,72.0,18.6,3130704.0
Jordan Cornish,Tulane,4,-5.80313,78.0,24.6,3137729.0
Christian Mekowulu,Texas A&M,8,1.38324,80.0,20.7,3138574.0
Dion Wiley,Saint Louis,17,-3.41343,76.0,15.8,3131633.0
Eric Paschall,Villanova,3,3.15749,80.0,23.8,3133817.0
Shawn O'Connell,UNC Wilmington,8,-3.63249,80.0,11.4,3141256.0
Zylan Cheatham,Arizona St.,2,5.30054,80.0,21.3,3137713.0
John Carroll,Hartford,3,-2.38372,80.0,26.1,3130746.0
Ruben Guerrero,Samford,0,2.60068,84.0,20.8,3132055.0
Troy Holston,Saint Joseph's,17,-4.58631,76.0,19.3,3132056.0
Kyle Castlin,Xavier,17,0.788522,76.0,11.3,3155733.0
Devin Watson,San Diego St.,1,1.15167,73.0,25.6,3136524.0
Nick Harris,Charleston,16,-1.38653,82.0,11.2,3129936.0
Paul Jackson,Eastern Michigan,5,-3.36058,74.0,27.4,3155894.0
Riley Norris,Alabama,14,4.99186,79.0,15.2,3136172.0
Brady Ellingson,Drake,12,2.83152,76.0,14.0,3136488.0
Zach Haney,Boise St.,2,2.32589,83.0,24.5,3149009.0
Byron Hawkins,Bryant,1,-4.45485,73.0,21.7,3147463.0
D.J. McCall,IU Indy,6,0.460489,78.0,16.4,3134938.0
Jordan McNeil,Towson,17,-4.88106,77.0,16.7,3147464.0
Isaac Copeland Jr.,Nebraska,2,4.91698,81.0,21.1,3149032.0
Scott Plaisance Jr.,New Orleans,15,-0.105968,81.0,21.7,3141271.0
Wyatt Lohaus,Northern Iowa,1,-1.30386,74.0,19.8,3148990.0
John Konchar,Purdue Fort Wayne,2,8.81829,77.0,28.3,3134932.0
Dalton Nixon,BYU,8,0.514427,79.0,17.2,3135097.0
Devin Mitchell,Georgia St.,14,0.88191,76.0,18.7,3906647.0
Reid Travis,Kentucky,2,6.39124,80.0,19.8,3134914.0
Sidney Umude,Southern,7,-5.18304,79.0,25.4,3133945.0
Nicholas Baer,Iowa,2,10.0504,79.0,17.2,3155509.0
Lewis Sullivan,UAB,2,2.98757,79.0,21.5,3132486.0
Matz Stockman,Minnesota,0,4.67424,84.0,14.8,3147361.0
Ernie Duncan,Vermont,11,3.27663,75.0,21.1,3130767.0
Ronnie Harrell Jr.,Denver,3,-3.12169,79.0,27.3,3155484.0
Jontrell Walker,Jackson St.,1,-5.88827,73.0,26.2,3155911.0
Cody Benzel,Eastern Washington,14,-1.22138,76.0,12.9,3134244.0
Robert Cartwright,UC Irvine,5,1.65005,74.0,20.1,3134911.0
Chris Porter-Bunton,Austin Peay,6,1.9158,77.0,24.2,3138497.0
Vic Law,Northwestern,3,5.4844,79.0,26.1,3136746.0
Tory Stewart-Miller,Denver,15,-2.32494,81.0,19.5,4402769.0
Ahmed Hill,Virginia Tech,12,3.45685,77.0,18.2,3147501.0
Jalen Hudson,Florida,3,1.63077,78.0,24.2,3147503.0
Ikenna Smart,Wake Forest,16,-3.41027,82.0,10.6,3136934.0
Isaac Fleming,East Carolina,9,0.318266,76.0,23.9,3148927.0
Mawdo Sallah,Radford,8,-0.358174,80.0,16.3,3133967.0
Jonathan Sanks,Canisius,14,-3.85136,76.0,17.5,3141259.0
Petr Herman,Loyola Marymount,15,1.3654,82.0,19.3,3135122.0
Kadeem Smithen,Siena,6,0.707206,75.0,13.6,3133848.0
Tulio Da Silva,Missouri St.,2,0.940309,80.0,22.8,3947072.0
Mohamed Bendary,NJIT,13,-0.053136,81.0,16.0,3947203.0
Garrison Mathews,Lipscomb,11,4.14327,77.0,28.4,3913180.0
Kosta Jankovic,Kennesaw St.,7,-7.16997,80.0,21.2,3923559.0
Eli Pepper,Lipscomb,2,5.08101,80.0,16.6,3913182.0
Jure Span,USC Upstate,4,-8.91048,76.0,19.0,3923560.0
Max Rothschild,Penn,16,-1.1469,80.0,17.0,3906966.0
Sam Bittner,Fresno St.,14,4.20411,78.0,11.6,3917348.0
Anthony Masinton-Bonner,Colorado St.,12,-0.875513,74.0,19.1,4397270.0
Trey Porter,Nevada,13,2.08589,83.0,19.7,3133824.0
Connor Cashaw,Creighton,6,1.48438,77.0,13.3,3920202.0
Dean Wade,Kansas St.,2,9.36382,82.0,22.6,3912848.0
Kamau Stokes,Kansas St.,11,5.29633,72.0,20.3,3912847.0
Isaiah Maurice,Memphis,15,-0.726756,82.0,19.8,3912845.0
Elijah Mitrou-Long,Texas,10,2.35967,73.0,20.4,3947671.0
Vincent Eze,Maine,7,-4.33891,80.0,24.3,3941313.0
Ilija Stojiljkovic,Maine,7,-5.63991,79.0,15.4,3941316.0
Davonte Fitzgerald,Stephen F. Austin,7,-5.53018,80.0,24.1,66627.0
Jack Gordon,Cornell,17,-3.98759,77.0,16.2,3906959.0
Nate Grimes,Fresno St.,0,3.82792,80.0,22.3,3917350.0
Joe Rosga,Denver,1,-1.45625,75.0,19.9,3915212.0
C.J. Bobbitt,New Mexico St.,3,2.71785,79.0,17.0,3915208.0
Abiola Akintola,Denver,16,-3.25643,78.0,12.9,3915207.0
Nick Rutherford,Monmouth,6,0.998172,75.0,16.5,3946977.0
Kimar Williams,Rider,5,-3.95839,73.0,16.5,3946983.0
Michael Douglas,FIU,17,-3.51922,77.0,10.4,3946987.0
Armani Collins,Bethune Cookman,17,-2.42928,78.0,14.6,3906565.0
Eric Hamilton,UNC Greensboro,8,-1.86958,81.0,17.0,3914046.0
Markis McDuffie,Wichita St.,3,4.91035,80.0,25.3,3914047.0
Marvin Prochet,Niagara,3,1.12593,79.0,23.9,3907184.0
Chris Barton,Niagara,17,-5.68782,75.0,17.4,3907182.0
Adam Pickett,Winthrop,11,0.287608,73.0,24.1,3906641.0
Bjorn Broman,Winthrop,14,1.28295,72.0,15.7,3906640.0
Dwayne Sutton,Louisville,12,9.01447,77.0,17.4,3913239.0
Dylan Smith,Arizona,10,-0.186529,77.0,18.4,3913238.0
Josh Cunningham,Dayton,15,2.39386,80.0,22.2,3138229.0
George Blagojevic,Hartford,8,0.197739,80.0,24.0,3917980.0
J.R. Lynch,Hartford,11,2.30142,70.0,22.0,3917979.0
Sam Schwietz,UMBC,13,1.73898,81.0,9.0,3904748.0
Joe Sherburne,UMBC,11,1.37061,78.0,20.2,3904749.0
David Watkins,New Hampshire,7,-9.19454,80.0,24.7,3922029.0
Tyler Hall,Montana St.,11,0.897524,77.0,27.1,3934695.0
Sam Neumann,Montana St.,15,0.145626,79.0,12.8,3934696.0
Malik Moore,USC Upstate,3,1.5181,78.0,28.9,3923566.0
Brevin Pritzl,Wisconsin,12,3.85903,75.0,10.7,3908320.0
Josh Reaves,Penn St.,6,9.24779,77.0,19.6,3912278.0
AJ Harris,New Mexico St.,9,2.51483,69.0,21.0,4396009.0
Grady Eifert,Purdue,12,10.3152,78.0,10.5,3906670.0
Mike Watkins,Penn St.,0,4.68243,81.0,20.6,3912279.0
Ryan Cline,Purdue,14,6.25092,78.0,16.6,3906675.0
Keyshawn Woods,Ohio St.,1,1.68538,75.0,17.6,3132360.0
Stephen Thompson Jr.,Oregon St.,11,1.61805,76.0,23.3,3914288.0
Tres Tinkle,Oregon St.,2,6.68969,80.0,29.2,3914289.0
Kendal Manuel,Montana,14,-1.45693,76.0,21.7,3914286.0
Gligorije Rakocevic,Oregon St.,15,-2.62927,83.0,15.8,3914287.0
Derrick Bruce,Texas Southern,1,-4.55312,75.0,20.9,3914284.0
Marcus Sheffield,Stanford,14,0.224929,77.0,16.1,3922051.0
Josh Sharma,Stanford,13,3.70702,84.0,19.2,3922052.0
Andrew Eudy,Campbell,2,3.60651,79.0,20.8,3906605.0
Marcquise Reed,Clemson,9,6.386,75.0,28.9,3133969.0
Markell Lodge,Saint Joseph's,0,3.32848,79.0,8.2,3133856.0
Spencer Haldeman,Northern Iowa,14,1.59818,73.0,19.0,3913789.0
Trevond Barnes,Hampton,15,2.60396,81.0,16.2,3951877.0
Kalin Fisher,Hampton,1,-0.351628,74.0,23.5,3951879.0
Louie Pillari,Monmouth,1,-5.5301,78.0,22.8,3948713.0
Diago Quinn,Monmouth,8,-3.5922,81.0,22.9,3948714.0
Alex Copeland,Yale,11,0.970513,75.0,22.9,3906992.0
Cayne Edwards,Army,8,-2.37105,76.0,18.7,3948821.0
Andre Wolford,Saint Francis,10,-2.63566,74.0,15.8,3924892.0
Josh Nebo,Texas A&M,0,8.1746,81.0,17.2,3924895.0
Isaiah Blackmon,Saint Francis,14,0.0254048,73.0,19.8,3924894.0
Devin Liggeons,Wagner,4,-4.59687,75.0,15.9,3908813.0
Matej Kavas,Seattle,12,0.543672,80.0,18.1,3947715.0
Eli Chuha,New Mexico St.,13,6.74186,79.0,20.4,3918433.0
Leo Goodman,Stetson,10,-4.44971,77.0,18.5,3904635.0
Antonio Green,Middle Tennessee,1,-1.91907,74.0,26.3,3936173.0
Dominic Robb,Niagara,0,0.999121,80.0,20.6,3907186.0
Bennett Holley,Appalachian St.,12,-0.446988,80.0,12.4,3949202.0
Tyrell Johnson,Appalachian St.,3,0.529259,80.0,20.3,3949203.0
Kyle Brown,Texas A&M Corpus Chris,5,-3.96082,70.0,11.8,3951583.0
Kareem South,Texas A&M Corpus Chris,1,1.17857,74.0,22.3,3951584.0
Ronshad Shabazz,Appalachian St.,1,-0.345072,77.0,26.8,3949207.0
Marquise Pointer,Charleston,10,-2.28907,72.0,15.5,3912294.0
Darnell Edge,Fairleigh Dickinson,11,0.129312,74.0,20.0,3948797.0
Delante Jones,Seattle,1,-2.76423,77.0,23.8,3907473.0
Joshua Patton,Sacramento St.,15,0.114968,80.0,21.3,3913196.0
Jaylin Walker,Kent St.,1,1.495,75.0,29.8,3913230.0
Alonzo Walker,Idaho St.,15,-2.19847,78.0,20.4,3948766.0
Rosel Hurley,St. Francis NY,3,-2.89012,77.0,22.7,3913229.0
Jalen Avery,Kent St.,14,0.556979,72.0,15.7,3913228.0
Sean Lloyd Jr.,Southern Illinois,3,-1.28929,77.0,19.3,3948779.0
Luke McDonnell,Northern Iowa,2,4.55428,81.0,19.9,3913790.0
Noah Blackwell,Fresno St.,11,1.59072,75.0,15.9,3946947.0
Mason Riggins,Long Beach St.,13,1.55144,81.0,12.9,3946948.0
Ty Taylor,UNC Wilmington,17,-3.70844,75.0,21.6,3914043.0
Sheriff Drammeh,Hawaii,1,-2.60696,75.0,19.1,3948041.0
Rob Marberry,Lipscomb,13,5.72579,79.0,23.3,3155712.0
Jason Dunne,Hartford,1,-1.97271,76.0,21.2,3917978.0
Timmy Rose,Binghamton,5,-8.43437,73.0,16.2,3904609.0
Joe Cremo,Villanova,10,0.134057,76.0,14.9,3918721.0
Keith Charleston,Southeastern Louisiana,7,-4.60688,80.0,14.3,3924903.0
Nick Perkins,Buffalo,3,0.605423,80.0,24.7,3907031.0
James Thompson IV,Eastern Michigan,13,2.55862,82.0,17.0,3913762.0
Jaren Lewis,Abilene Christian,6,2.55455,78.0,25.3,3922056.0
Bakari Evelyn,Valparaiso,10,-4.18945,74.0,20.3,3911894.0
Michael Jacobson,Iowa St.,2,5.15192,81.0,20.4,3911895.0
Dererk Pardon,Northwestern,2,7.2186,80.0,21.1,3913246.0
Aaron Falzon,Northwestern,10,-0.0314405,80.0,15.1,3913248.0
Bennie Boatwright,USC,12,6.23049,82.0,23.5,3914282.0
Prince Ali,UCLA,11,2.40621,76.0,19.2,3922231.0
Jarriesse Blackmon,UC Santa Barbara,15,3.41077,79.0,13.9,3906813.0
Jeremy Hemsley,San Diego St.,6,0.931428,75.0,18.4,3906650.0
Akim Mitchell,Hampton,12,1.57914,78.0,13.2,3951878.0
Matt Mooney,Texas Tech,6,5.48027,75.0,22.4,3149036.0
Ricky Madison,High Point,8,0.129784,79.0,18.0,3913172.0
Hasan Abdullah,Navy,9,-0.102666,72.0,24.2,3948834.0
Jordan Fox,Army,1,-0.939009,73.0,20.0,3948826.0
Sean Hoehn,Sacred Heart,11,-0.0271719,74.0,25.3,3947677.0
Matt Rafferty,Furman,2,12.3375,80.0,25.0,3913215.0
Cory Kilby,Mercer,17,-1.91416,79.0,15.3,3924905.0
Jaylen Stowe,Mercer,3,0.776624,76.0,18.2,3924907.0
Ethan Stair,Mercer,12,4.23615,76.0,15.9,3924906.0
Sam Miller,Charleston,12,0.703761,81.0,17.8,4397383.0
Montae Glenn,Georgia Southern,13,2.93185,80.0,19.0,3906660.0
Nate Sestina,Bucknell,2,2.0074,81.0,25.4,3914279.0
Kimbal Mackenzie,Bucknell,11,1.30494,74.0,23.7,3914278.0
Mike Holloway Jr.,Fairleigh Dickinson,15,-1.33794,80.0,23.6,3917366.0
Pookie Powell,La Salle,9,0.49528,72.0,25.4,3132050.0
Max Hazzard,UC Irvine,11,3.19826,72.0,23.0,3946957.0
Garrison Goode,UC Davis,13,1.39999,79.0,12.1,3919350.0
James Fives,Loyola MD,10,-2.85923,78.0,13.3,3908518.0
Siler Schneider,UC Davis,5,-5.12826,75.0,26.6,3919346.0
Joe Mooney,UC Davis,14,0.0984462,75.0,19.8,3919349.0
Rogers Printup,UC Davis,17,-0.979922,76.0,11.0,3919348.0
Ahmad Frost,Maryland Eastern Shore,10,-7.25961,72.0,19.2,3947051.0
Lew Stallworth,The Citadel,9,-0.0139421,73.0,29.9,4398170.0
Jake Wright,Milwaukee,14,-0.905611,76.0,13.3,3137159.0
King McClure,Baylor,6,4.30196,75.0,18.7,3920139.0
Wendell Mitchell,Texas A&M,6,3.16786,75.0,23.5,3920137.0
Nathan Bain,Stephen F. Austin,6,-1.47979,78.0,13.3,3907340.0
Ibrahim Sylla,North Carolina A&T,0,0.685864,80.0,20.4,3912835.0
Jonah Radebaugh,Northern Colorado,17,1.02411,75.0,14.3,3912836.0
Jordan Davis,Northern Colorado,9,4.21478,74.0,35.6,3912832.0
Isaiah Thomas,Northern Arizona,16,-5.25452,81.0,16.9,3912830.0
Josh McFolley,Detroit Mercy,11,0.876999,73.0,19.7,3936019.0
Chris Clover,Saint Joseph's,14,-1.89827,75.0,18.1,3911629.0
LaDarien Griffin,St. Bonaventure,6,2.79068,78.0,18.7,3919423.0
Derrick Woods,Saint Peter's,8,-8.51938,80.0,23.2,3919424.0
Nelson Kaputo,St. Bonaventure,1,-0.764698,72.0,17.1,3919421.0
Courtney Stockard,St. Bonaventure,9,1.73553,77.0,28.9,3919422.0
Dusan Kovacevic,Davidson,7,-3.59403,82.0,19.9,3904644.0
Trey Moses,Ball St.,16,1.50375,81.0,20.5,3907023.0
David Crisp,Washington,1,0.440463,72.0,20.8,3907488.0
Noah Dickerson,Washington,8,0.951841,80.0,26.5,3907489.0
Dominic Green,Washington,14,1.286,78.0,14.6,3907493.0
Jarred Dixon,Missouri St.,11,0.340279,76.0,21.6,3907583.0
Obediah Church,Missouri St.,0,3.89798,80.0,16.8,3907582.0
Tyson Smith,UT Rio Grande Valley,11,0.32446,73.0,21.4,3907587.0
Jalone Friday,Abilene Christian,3,-2.43105,81.0,30.2,4067623.0
Rayshawn Miller,Albany,4,-5.42262,73.0,12.8,3961485.0
Isaac Taylor,Maryland Eastern Shore,8,-3.62979,80.0,21.0,3947054.0
Tanner Borchardt,Nebraska,13,3.47176,80.0,9.9,3950377.0
Kent Auslander,Coppin St.,17,-5.66413,78.0,15.9,3947465.0
Ty Outlaw,Virginia Tech,14,6.63768,78.0,12.5,67275.0
Tookie Brown,Georgia Southern,11,4.51198,71.0,23.7,3906662.0
Jeantal Cylla,UNC Wilmington,3,-2.52228,79.0,22.9,3946975.0
Andrew Brown,Furman,14,1.15511,77.0,16.8,3913213.0
Kevin Larkin,Delaware St.,3,-2.32755,77.0,25.2,3163453.0
Chris Silva,South Carolina,2,7.26357,81.0,26.9,3923253.0
Kyle Ahrens,Michigan St.,12,5.22989,78.0,12.9,3937100.0
Dana Batt,Colgate,13,0.995817,81.0,16.3,3921438.0
Julius van Sauers,LIU,7,-2.97872,80.0,13.7,3936114.0
Raul Frias,LIU,14,0.0615502,73.0,15.7,3936112.0
Nate Jones,Bucknell,17,-1.71608,77.0,12.1,3914280.0
Raiquan Clark,LIU,3,-3.24919,78.0,31.5,3948799.0
Malcolm Regisford,Colgate,13,0.942006,80.0,17.3,3921437.0
Jared Savage,Western Kentucky,14,1.47805,77.0,16.9,3921425.0
Jaylen Shead,Texas St.,9,1.53429,73.0,18.3,3948024.0
Emondre Rickman,Indiana St.,16,-5.96822,81.0,25.2,3907601.0
Bronson Kessinger,Indiana St.,15,-1.71026,80.0,19.4,3907599.0
Matt Hein,Illinois St.,4,-4.57888,75.0,12.1,3907608.0
Jalen Jones,Howard,4,-5.17288,77.0,8.3,3165006.0
Derryck Thornton,USC,5,-1.0043,75.0,20.0,3913175.0
Kipper Nichols,Illinois,17,1.5942,78.0,18.1,3913549.0
Von Julien,Southeastern Louisiana,5,-3.66933,73.0,14.3,3913548.0
Blake Paul,Tulane,8,0.397132,81.0,15.8,3913551.0
Chase Jeter,Arizona,8,2.00891,82.0,21.8,3913173.0
Ty Hudson,Jacksonville St.,5,-1.70328,73.0,20.9,3917986.0
Alan Vest,Wright St.,12,2.09525,75.0,11.3,3946999.0
Mark Hughes,Wright St.,11,3.38334,76.0,16.6,3946998.0
Mike Kolawole,Lamar,7,-2.7112,77.0,18.4,3907656.0
Conner Avants,North Dakota,8,0.433728,79.0,23.4,3914294.0
Marcus DeBerry,Purdue Fort Wayne,14,-3.17214,77.0,15.6,3912825.0
Cortez Seales,North Dakota,3,-1.94351,76.0,25.2,3914293.0
Tanner Schmit,Central Arkansas,17,-5.58751,80.0,19.2,3923257.0
Xavier Hill-Mais,Oakland,2,1.52923,79.0,29.2,3913700.0
Matt Neufeld,UC Davis,8,-5.79703,83.0,26.2,3913185.0
Samir Doughty,Auburn,11,6.57815,76.0,15.4,3913188.0
Jimond Ivey,Akron,6,5.90793,77.0,20.4,3136895.0
Aaron Jordan,Illinois,14,5.17891,77.0,14.6,3911843.0
Drew McDonald,Northern Kentucky,2,3.43057,79.0,28.6,3907639.0
Jonathan Kasibabu,Fairfield,2,1.98888,80.0,23.5,3947016.0
Brandon Austin,Samford,12,1.10356,77.0,17.2,3907407.0
Derrien King,Detroit Mercy,10,-3.00609,79.0,16.3,3922236.0
Robert Franks,Washington St.,2,2.95677,81.0,28.5,3922235.0
Viont'e Daniels,Washington St.,14,-0.609412,74.0,13.0,3922234.0
Nick Blair,UNLV,3,-0.0905108,77.0,17.0,3912821.0
Grant Riller,Charleston,11,4.36466,75.0,30.1,3912295.0
Ahmad Gilbert,Rider,6,-2.95348,79.0,22.5,3911886.0
Thomas Capuano,Manhattan,5,-3.01306,72.0,15.8,3948706.0
Zane Najdawi,The Citadel,2,1.04621,79.0,22.7,3913211.0
Ryan Funk,Marist,14,-0.717451,78.0,18.1,3936026.0
Justin James,Wyoming,9,2.54123,79.0,36.3,3914058.0
Jehyve Floyd,Holy Cross,0,6.10808,80.0,22.8,3907455.0
Francisco Amiel,Colgate,10,-0.465115,74.0,10.3,3921440.0
Matija Milin,Fairfield,15,-0.419514,81.0,18.0,3947018.0
Isaiah Still,Iona,7,-4.53822,78.0,20.1,3938908.0
Matt Zignorski,Holy Cross,17,-6.35939,74.0,9.2,3907457.0
Jarrell Brantley,Charleston,2,4.21802,79.0,29.9,3912292.0
Ryan Fazekas,Valparaiso,12,0.368475,79.0,18.5,3913218.0
Michael Benkert,Belmont,12,0.289051,76.0,8.9,3906782.0
Seth Adelsperger,Belmont,13,2.22046,83.0,14.2,3906781.0
Khalil Ahmad,Cal St. Fullerton,1,0.103501,75.0,28.3,3946039.0
Dylan Windler,Belmont,2,8.87464,80.0,24.7,3906786.0
Jamal Smith,Cal St. Fullerton,5,-2.71961,75.0,12.6,3946038.0
Kevin McClain,Belmont,11,2.33761,75.0,23.7,3906785.0
Kyle Allman Jr.,Cal St. Fullerton,1,-1.84448,76.0,26.2,3946040.0
Keyshawn Evans,Illinois St.,10,-4.35429,72.0,16.7,3907606.0
Ronnie Suggs,Missouri,4,-2.39418,78.0,15.0,3907108.0
Dwayne Lautier-Ogunleye,Bradley,3,1.58215,76.0,17.9,3907109.0
Nick McGlynn,Drake,2,4.12562,80.0,25.0,3948774.0
Bill Wampler,Wright St.,11,2.08837,78.0,23.9,3948776.0
Juwan Morgan,Indiana,2,9.64684,80.0,25.3,3934721.0
Armon Fletcher,Southern Illinois,11,3.05553,77.0,23.5,3148993.0
Jordan Caroline,Nevada,3,1.31822,79.0,25.6,3148992.0
Deion Lavender,Valparaiso,6,0.297318,75.0,18.1,3148995.0
Joseph Chartouny,Marquette,5,1.5196,75.0,15.0,3906465.0
Jesse Bunting,Fordham,15,1.48211,80.0,15.4,3906466.0
David Pekarek,Fordham,3,-1.38482,79.0,15.3,3906467.0
DeAndre Abram,Milwaukee,3,-2.02264,80.0,20.6,3908865.0
Danny Dixon,UMKC,7,-6.43352,82.0,21.7,3908866.0
Jordan Roland,Northeastern,11,3.98992,73.0,21.2,3913553.0
Christian Williams,Indiana St.,6,1.42488,77.0,17.8,3935019.0
KeVaughn Allen,Florida,11,4.76536,74.0,21.8,3924896.0
Horace Spencer,Auburn,0,5.97942,80.0,17.2,3908520.0
Donta Hall,Alabama,2,6.64882,81.0,17.2,3907408.0
Dazon Ingram,Alabama,9,2.86656,77.0,19.7,3907406.0
Bryce Brown,Auburn,11,5.6728,75.0,21.1,3908521.0
Brady Ernst,Florida Gulf Coast,13,-0.179253,82.0,14.8,3947237.0
Chad Lott,Howard,3,-3.9704,76.0,25.0,3920205.0
Lamonte Turner,Tennessee,11,5.23495,74.0,18.4,3948642.0
Charles Jackson,Arkansas Pine Bluff,10,-3.36877,77.0,18.7,3949235.0
Marcus Wallace,Arkansas Pine Bluff,5,-2.47693,73.0,15.5,3949238.0
DeRias Johnson,Southern,5,-6.15374,75.0,21.0,3918775.0
Nigel Ribeiro,Grambling St.,5,-4.89255,72.0,16.9,3947705.0
Hayden Farquhar,Abilene Christian,12,2.82666,79.0,21.1,3922059.0
AJ Sumbry,Wagner,16,-5.76393,80.0,21.2,68109.0
Armani Chaney,Tennessee St.,5,-1.75442,70.0,19.3,3923237.0
Paul Thomas,UTEP,17,-0.715022,80.0,17.0,3924887.0
McKay Cannon,BYU,14,1.51898,72.0,9.4,3917309.0
Dupree McBrayer,Minnesota,1,2.41112,77.0,16.6,3911888.0
Antoine Pittman,Bradley,17,-1.80952,75.0,16.2,3907103.0
Kerry Blackshear Jr.,Virginia Tech,2,8.84381,82.0,27.4,3945564.0
Justin Robinson,Virginia Tech,9,7.84963,74.0,26.2,3945566.0
Luuk van Bree,Bradley,3,0.82684,81.0,16.5,3907106.0
Josh Davis,Western Michigan,3,-2.60079,77.0,23.3,3907099.0
Emmanuel Nzekwesi,Oral Roberts,2,0.435615,80.0,26.8,4067707.0
Trhae Mitchell,South Alabama,2,3.81417,78.0,22.8,3936277.0
Travis Munnings,Louisiana Monroe,3,0.694836,78.0,22.6,3915672.0
Jerekius Davis,Louisiana,12,-1.50452,78.0,19.8,3906623.0
Quinn Taylor,Utah St.,2,6.14934,80.0,17.3,61743.0
Eric McGill,Southern Illinois,6,3.79959,74.0,16.8,3907561.0
Lagerald Vick,Kansas,11,5.41594,77.0,19.7,3919334.0
Rashard Odomes,Oklahoma,15,4.10283,78.0,21.4,3924878.0
Tayler Persons,Ball St.,9,0.358608,75.0,29.0,3130525.0
James Harvey,McNeese St.,14,-3.57861,74.0,18.3,3947184.0
Nick Garth,Lamar,1,1.05451,72.0,22.5,3947081.0
Josh Nzeakor,Lamar,8,-0.850358,80.0,21.5,3947084.0
Geno Crandall,Gonzaga,6,4.14216,75.0,16.8,3153373.0
Rashaan Holloway,Massachusetts,13,0.997983,83.0,27.3,3149936.0
Collin Goss,Delaware,15,-3.66193,83.0,20.6,3913552.0
Steve Harris,Austin Peay,1,-2.29921,76.0,21.8,3921427.0
Derek Ogbeide,Georgia,8,-0.0838126,81.0,23.6,3914273.0
Tripp Davis,Tennessee St.,11,1.26255,75.0,13.8,4279907.0
Kevarrius Hayes,Florida,0,11.3417,81.0,17.6,3924898.0
Keith Stone,Florida,6,3.23327,80.0,20.7,3924900.0
E'Torrion Wilridge,Georgia,7,0.292369,78.0,12.3,3914270.0
William Jackson II,Georgia,14,-0.254307,76.0,14.4,3914269.0
Glynn Watson Jr.,Nebraska,11,3.28846,72.0,20.4,3911892.0
Tahjai Teague,Ball St.,2,3.4629,80.0,23.5,3907022.0
DaQuan Jeffries,Tulsa,2,8.19197,77.0,22.0,3913220.0
Matt McQuaid,Michigan St.,12,6.11255,77.0,14.2,3937103.0
Aboubacar Diallo,Eastern Illinois,0,3.87512,81.0,9.6,3947182.0
Micaiah Henry,Tennessee Tech,16,-2.74654,81.0,20.6,3919448.0
Courtney Alexander II,Tennessee Tech,16,-3.2375,80.0,20.3,3919450.0
Jordan Naughton,Wyoming,16,-6.35663,82.0,16.7,3914062.0
Brion Sanchious,Murray St.,16,0.225551,80.0,9.6,3907567.0
Thomas Smallwood,Chattanooga,3,-1.14387,84.0,20.2,3906719.0
Jordan Hunter,Saint Mary's,0,8.61368,82.0,19.3,3936190.0
Avery Johnson Jr.,Alabama,10,-1.97659,71.0,13.2,3136622.0
Tariq Owens,Texas Tech,0,12.9629,82.0,16.2,3149059.0
Luke Maye,North Carolina,2,6.27371,80.0,23.4,3911620.0
Henrik Jadersten,Santa Clara,15,-1.58327,83.0,14.8,3936176.0
Nate Renfro,San Francisco,6,3.4516,80.0,18.8,3918790.0
Venjie Wallis,Jackson St.,6,-0.717026,78.0,24.7,3915648.0
Jarren Greenwood,McNeese St.,5,-6.48167,74.0,18.7,3947187.0
Desure Buie,Hofstra,9,2.26242,72.0,19.5,3911567.0
Francois Lewis,Presbyterian,3,1.23699,81.0,25.0,3947040.0
Donte Fitzpatrick-Dorsey,Tennessee St.,3,-1.60379,76.0,25.5,3919458.0
Quinndary Weatherspoon,Mississippi St.,11,6.7425,76.0,25.8,3907358.0
Terence Davis,Mississippi,9,6.62964,76.0,26.8,3919454.0
Aric Holman,Mississippi St.,2,8.69199,82.0,19.7,3907360.0
Chad Brown,UCF,0,4.50773,81.0,15.1,3904623.0
Sedrick Barefield,Utah,1,1.61831,74.0,27.0,3915193.0
Jahmal McMurray,SMU,11,1.5474,72.0,25.2,3907804.0
Tacko Fall,UCF,0,7.88795,90.0,21.9,3904625.0
Sam Norton,Loyola MD,4,-3.80778,76.0,11.5,3948846.0
Josh Martin,Santa Clara,7,0.692737,79.0,12.0,3136498.0
Brett Barney,Nebraska Omaha,17,-4.4842,81.0,14.6,3914045.0
KiShawn Pritchett,Davidson,12,2.64667,78.0,15.2,3904645.0
Gavin Block,Ohio,17,-0.330183,79.0,15.4,3907082.0
Christian James,Oklahoma,11,6.07119,76.0,23.2,3924876.0
Isaiah Moss,Iowa,1,2.32847,77.0,20.1,3935015.0
Nakye Sanders,Towson,15,-1.26352,80.0,21.4,3908862.0
Carlton Bragg,New Mexico,8,0.0435272,82.0,21.9,3919336.0
Jessie Govan,Georgetown,2,4.6194,82.0,24.2,3934669.0
Josh Williams,Robert Morris,1,-1.34708,74.0,22.9,3907021.0
Abdulai Bundu,Quinnipiac,13,-0.40581,79.0,14.4,3947028.0
Aaron Robinson,Quinnipiac,17,-4.31513,78.0,11.3,3947024.0
Devontae Cacok,UNC Wilmington,2,-1.03999,79.0,25.3,3946974.0
C.J. Bryce,N.C. State,6,5.03605,77.0,20.0,3946973.0
Brad Brechting,Oakland,2,1.56942,83.0,21.4,3913699.0
Khalil Iverson,Wisconsin,6,4.18972,77.0,16.5,3908322.0
Ty Cockfield II,Arkansas St.,9,0.892466,72.0,30.6,3904631.0
Kaleb Johnson,Georgetown,15,0.845783,79.0,15.6,3934671.0
Marlon Hunter,Jacksonville St.,3,-0.765333,75.0,20.3,3907669.0
Fatodd Lewis,Tennessee Martin,3,-3.74164,80.0,21.5,3919442.0
Nick Allen,UTSA,15,0.483153,80.0,17.6,3906737.0
Justin Jenkins,Gardner Webb,17,-5.18714,74.0,17.5,3922037.0
Eric Jamison,Gardner Webb,15,-1.76219,77.0,17.2,3922038.0
Nych Smith,Winthrop,1,-2.08957,70.0,29.6,3906463.0
Cody Kelley,South Dakota,1,-0.219828,71.0,16.8,3914059.0
J.D. Paige,Colorado St.,11,1.29223,75.0,22.7,4066661.0
BJ Miller,Troy,11,-0.445351,73.0,16.5,3906608.0
Jordon Varnado,Troy,2,4.3918,78.0,29.1,3906609.0
Alex Hicks,Troy,15,-1.94982,80.0,22.6,3949221.0
Barry Brown Jr.,Kansas St.,6,6.29895,75.0,23.8,3912841.0
Cortez Edwards,Southern Miss,6,5.08041,74.0,22.9,3946992.0
B.J. Maxwell,Abilene Christian,12,5.05478,77.0,15.2,3922057.0
Marcus Evans,VCU,9,6.51327,74.0,28.0,3920203.0
Fletcher Magee,Wofford,11,4.72342,76.0,25.7,3918760.0
Matthew Pegram,Wofford,15,2.19528,83.0,19.0,3918762.0
Jesse Hunt,Eastern Washington,2,3.52464,79.0,23.1,3912656.0
Ty Gibson,Eastern Washington,10,-2.6224,75.0,11.7,3912655.0
George Kiernan,Navy,3,-0.418811,79.0,23.8,3948837.0
Ernest Aflakpui,Temple,8,1.30344,82.0,15.1,3934630.0
Kajon Brown,Southeastern Louisiana,17,-1.64785,77.0,16.0,3907812.0
Sterling Taplin,Tulsa,9,-0.926338,73.0,24.1,3907811.0
Malik Ellison,Pittsburgh,7,-1.15218,78.0,18.9,3938916.0
Jon Elmore,Marshall,9,1.90266,75.0,28.7,3155937.0
Kevin Puryear,Missouri,3,2.37324,79.0,18.8,3917385.0
K.J. Walton,Ball St.,6,0.425803,75.0,24.0,3917384.0
Eric Cobb,Connecticut,15,-1.46747,81.0,19.2,3923248.0
Christ Koumadje,Florida St.,0,5.89939,88.0,20.7,3907824.0
Terance Mann,Florida St.,2,8.26109,79.0,18.4,3907823.0
Rayjon Tucker,Little Rock,11,2.21065,77.0,24.1,3908819.0
Deion Holmes,USC Upstate,1,-4.19015,74.0,27.2,3923562.0
Julius Johnson,Richmond,14,-2.97483,75.0,12.1,3908871.0
Christion Thompson,Rhode Island,6,3.38725,76.0,13.7,3924873.0
Malik Hines,McNeese St.,15,-3.17839,82.0,23.8,3921418.0
Nate Navigato,Toledo,12,4.76329,80.0,15.8,3907091.0
Kyle Clarke,Kennesaw St.,4,-6.67206,77.0,17.8,3923557.0
Luwane Pipkins,Massachusetts,9,1.34198,71.0,32.1,3947221.0
Jeffery McClendon,Loyola Marymount,5,0.338586,74.0,14.6,3906584.0
David Knudsen,Marist,12,0.181358,77.0,17.7,3936027.0
Menno Dijkstra,UC Riverside,3,-3.19622,84.0,21.2,3946970.0
Eli Cain,DePaul,11,0.730306,78.0,20.4,3922031.0
Aleer Leek,UMKC,7,-6.86677,81.0,13.5,3948645.0
Austin Nehls,Ball St.,14,-0.213257,75.0,7.7,3948794.0
Martez Cameron,Morgan St.,5,-5.32513,71.0,15.2,3948736.0
Taylor McHugh,Bryant,17,-4.60245,74.0,8.8,3947121.0
Steven Enoch,Louisville,2,2.59834,82.0,22.4,3934623.0
Laquincy Rideau,South Florida,9,5.1329,73.0,26.6,3922039.0
Josh Ajayi,South Alabama,2,0.404314,79.0,26.8,3936278.0
Antonio Gillespie,Morgan St.,17,-5.67119,72.0,13.7,3951217.0
New Williams,Fresno St.,14,0.594962,73.0,15.8,3908524.0
Michael Oguine,Montana,11,3.10778,74.0,21.7,3917343.0
Karl Gamble,Middle Tennessee,7,-0.936872,81.0,18.3,3913202.0
Quavius Copeland,North Carolina A&T,1,-2.76105,73.0,20.0,3913201.0
Gary Chivichyan,Idaho St.,14,-4.28022,77.0,18.3,3946030.0
Brandon Boyd,Idaho St.,1,-4.55752,73.0,28.5,3946031.0
Isaiah Lamb,Marist,3,-0.340606,76.0,17.5,3936028.0
Samson Usilo,Manhattan,16,-5.26618,76.0,16.9,3138468.0
Tyler Seibring,Elon,12,1.69423,81.0,21.7,3948129.0
Steven Santa Ana,Elon,11,0.687353,76.0,26.2,4067232.0
Sheldon Eberhardt,Elon,1,-3.71743,77.0,25.3,3948127.0
Terrell Allen,UCF,9,4.48292,75.0,14.8,3912281.0
Peter Barba,Columbia,14,-0.981303,77.0,9.0,3948608.0
Shaqquan Aaron,USC,3,2.00413,79.0,16.7,3147365.0
Quinton Adlesh,Columbia,1,-0.692557,72.0,22.8,3948606.0
Rodney Hunter,Columbia,16,-3.95072,77.0,12.5,3948604.0
Matt Morgan,Cornell,11,5.54804,74.0,30.9,3906955.0
Zach Glotta,Austin Peay,14,1.36328,72.0,14.0,3921430.0
Kerwin Roach II,Texas,9,7.03754,76.0,27.9,3947250.0
Hank Hollingsworth,Cal Poly,13,-4.96729,82.0,13.5,3948022.0
Djery Baptiste,Massachusetts,16,-1.44446,82.0,12.3,3911624.0
Camron Justice,IU Indy,11,0.187099,75.0,25.9,3911625.0
Admiral Schofield,Tennessee,3,5.04023,78.0,24.4,3918423.0
Kyle Alexander,Tennessee,0,7.86316,83.0,15.1,3918424.0
Jamall Gregory,Jacksonville St.,6,2.48298,75.0,24.3,3923251.0
James Bolden,West Virginia,9,5.29659,72.0,28.3,3913554.0
Lamont West,West Virginia,3,2.38643,80.0,20.7,3913555.0
Nate Fowler,Butler,3,2.71336,82.0,18.6,3908904.0
Deondre Burns,Little Rock,1,-3.97125,74.0,21.5,3949224.0
Nick Mayo,Eastern Kentucky,2,3.345,81.0,28.7,3906491.0
Cameron Delaney,Sam Houston St.,11,3.60138,76.0,19.1,3134929.0
Josh Thompson,Ball St.,5,-1.95977,72.0,12.8,3948760.0
C.J. Burks,Marshall,11,-0.758044,76.0,25.5,3132417.0
Dontae Caldwell,Maryland Eastern Shore,4,-9.40569,77.0,17.7,3947053.0
Alex Long,Norfolk St.,7,-3.79595,80.0,21.3,3947058.0
Jonathan Laurent,Massachusetts,15,1.61641,78.0,19.6,3946036.0
John Emezie,Army,6,2.67675,78.0,16.0,3948830.0
JD Miller,TCU,2,4.86441,80.0,18.5,3947247.0
Simeon Carter,Georgia Southern,0,3.62714,80.0,18.6,3947238.0
Nolan Narain,San Diego St.,15,-0.726845,82.0,14.7,3948792.0
Caleb Homesley,Liberty,3,3.29684,78.0,24.7,3947736.0
Lovell Cabbil,Liberty,11,3.86226,75.0,20.7,3947734.0
Anthony Mathis,New Mexico,11,1.94011,75.0,19.5,3906578.0
Dane Kuiper,New Mexico,17,-1.32192,79.0,13.9,3906577.0
Marc Gosselin,Western Carolina,15,-0.316864,79.0,16.0,3936283.0
Wyatt Walker,N.C. State,15,5.35891,81.0,14.5,3906811.0
Malik Metoyer,Northwestern St.,15,-3.40384,79.0,17.2,3947679.0
Dominic Magee,Southern Miss,6,-0.892548,76.0,21.9,3132051.0
Jordan Whitehead,High Point,7,-0.203791,77.0,14.9,3947731.0
Bobby Moorehead,Montana,17,1.285,79.0,11.4,3917342.0
Christian Cunningham,Jacksonville St.,13,4.95784,79.0,13.9,3936311.0
Malik Maitland,Bethune Cookman,9,-0.57694,69.0,25.2,3914072.0
Lamontray Harris,Morehead St.,2,0.94798,79.0,25.1,3914073.0
Nico Carvacho,Colorado St.,8,1.89302,83.0,27.4,3919435.0
Jordan Andrews,South Alabama,10,-5.09933,77.0,15.6,3907620.0
Jimmy Whitt Jr.,SMU,6,4.28176,75.0,20.8,3936293.0
Chris Sullivan,Brown,12,-0.555333,75.0,10.8,3906825.0
Obi Okolie,Brown,11,1.87182,77.0,17.5,3906824.0
Ishmael Lane,Northwestern St.,0,1.76596,80.0,26.3,3947680.0
Deng Riak,Akron,16,-0.885453,82.0,15.1,3923213.0
Joe Toye,Vanderbilt,17,-1.24658,79.0,16.8,3911627.0
Samir Sehic,Tulane,3,0.0255627,81.0,21.9,3911626.0
Jeremiah Martin,Memphis,9,8.14739,75.0,26.1,3907788.0
K.J. Lawson,Kansas,12,2.45012,80.0,17.2,3907786.0
Dedric Lawson,Kansas,2,8.40664,81.0,28.5,3907785.0
Ed Polite Jr.,Radford,2,5.07427,77.0,20.5,3913244.0
Esa Ahmad,West Virginia,2,3.13764,80.0,23.8,3947257.0
Malek Harwell,Boise St.,10,-1.39237,77.0,14.0,3936080.0
Jaevin Cumberland,Oakland,11,1.53289,75.0,20.9,3913701.0
DJ Williams,George Washington,7,-4.07577,79.0,24.9,3911841.0
Lamarr Kimble,Saint Joseph's,1,-0.360827,72.0,24.9,3911628.0
Myles Carter,Seattle,7,-3.26208,81.0,24.5,3906549.0
Cody Schwartz,Green Bay,14,-2.33407,80.0,18.3,3906667.0
Josh Coleman,Coastal Carolina,8,-1.21421,81.0,17.1,3913168.0
Armel Potter,George Washington,1,-4.01177,73.0,17.9,3913163.0
Branden Johnson,Alabama St.,13,-4.7119,80.0,12.7,3947695.0
Seth Dugan,Western Michigan,8,2.94965,84.0,24.2,3907102.0
Luke Knapke,Toledo,2,6.54294,83.0,19.5,3907090.0
Cody John,Weber St.,11,-2.58045,75.0,23.1,3917311.0
Brandon Gilbeck,Western Illinois,0,2.19806,84.0,22.4,3906732.0
James Dickey,UNC Greensboro,0,4.55527,82.0,20.1,3948855.0
Demetrius Troy,UNC Greensboro,5,-0.0223395,72.0,19.2,3948854.0
Francis Alonso,UNC Greensboro,11,1.57252,75.0,29.6,3948853.0
Matt Rose,Lipscomb,12,2.52632,79.0,16.6,3906809.0
Anthony Townes,Pacific,8,-3.37515,78.0,18.7,3906562.0
Nick Emery,BYU,11,0.949885,74.0,16.0,3947125.0
Kameron Edwards,Pepperdine,3,-3.64711,78.0,29.7,3920287.0
Galen Robinson Jr.,Houston,9,5.26444,73.0,17.0,3907780.0
Drew Edwards,Providence,10,2.47526,76.0,14.6,3913217.0
Tre Scott,Cincinnati,2,5.57991,80.0,17.0,3934620.0
Jared Hamilton,Boston College,17,-1.88115,76.0,14.3,3936313.0
DelFincko Bogan,Tennessee Martin,11,1.45514,70.0,17.0,3936310.0
Dujuanta Weaver,Eastern Kentucky,14,-0.804032,70.0,15.8,3948863.0
Tim Rowe,Southern Miss,15,-2.78159,83.0,18.8,3946995.0
Antwon Lillard,Bowling Green,6,2.92641,78.0,20.6,3907026.0
Jake Silpe,Penn,6,2.98361,74.0,13.0,3906967.0
Justin Jenifer,Cincinnati,11,4.39273,70.0,15.1,3934619.0
Parker Ernsthausen,Wright St.,17,1.51146,83.0,15.2,3133935.0
Jack Williams,Rice,7,-4.83718,80.0,20.5,3137256.0
Jovan Grujic,Stephen F. Austin,16,-7.56495,84.0,12.4,3907343.0
Ahmaad Rorie,Montana,11,1.52134,73.0,21.6,3134900.0
Sacar Anim,Marquette,17,0.768962,77.0,14.8,3906519.0
Traci Carter,La Salle,5,-0.00939577,73.0,19.0,3906520.0
Oumar Barry,San Jose St.,15,-1.6328,83.0,19.0,3922035.0
Jordan Murphy,Minnesota,2,7.36698,79.0,25.7,3911889.0
Ryan Mikesell,Dayton,12,6.05041,79.0,17.3,3908857.0
Justin Dahl,Northern Iowa,0,0.971937,84.0,19.2,3913787.0
Matisse Thybulle,Washington,6,11.3248,77.0,17.2,3907498.0
Aaron Carver,Old Dominion,16,-0.0339064,79.0,11.3,3913676.0
Logan Routt,West Virginia,8,2.44215,83.0,15.3,3947256.0
Damiyne Durham,Cal St. Bakersfield,14,-2.07806,76.0,21.4,3919461.0
Damon Wilson,Georgia St.,6,0.21328,77.0,14.1,4280165.0
Tyler Streeter,Morgan St.,14,-2.25315,76.0,18.7,3913738.0
Nic Thomas,Norfolk St.,1,-2.18349,74.0,24.0,3948866.0
Kenny Williams,North Carolina,11,6.6821,76.0,15.3,3911619.0
Myles Stephens,Princeton,3,-0.849245,77.0,22.2,3906978.0
Walter Jones Jr.,Alabama A&M,4,-5.1882,77.0,17.3,3936171.0
James Claar,Western Illinois,13,-0.838888,80.0,10.1,3906730.0
Cole Gentry,Wright St.,11,2.65255,70.0,17.5,3906763.0
Tevin King,South Dakota St.,6,3.0937,74.0,17.6,3906761.0
Nick Weiler-Babb,Iowa St.,11,5.53892,77.0,16.1,3136173.0
Ryan Taylor,Northwestern,14,0.777417,78.0,19.1,3137001.0
Justin Wright-Foreman,Hofstra,11,2.16423,74.0,31.5,3911566.0
Derrik Smits,Valparaiso,8,-0.210726,85.0,29.6,3921419.0
Hunter Seacat,Appalachian St.,8,0.21506,81.0,16.2,3912282.0
Dennis Tunstall,Towson,15,2.26504,81.0,11.8,3912284.0
Jon Davis,Charlotte,9,0.926469,75.0,33.3,3906683.0
Paulius Zalys,Lafayette,3,-4.4951,79.0,28.5,3907433.0
Chris Clemons,Campbell,9,4.15965,69.0,37.4,3906603.0
Guilien Smith,Dartmouth,10,-4.98567,74.0,18.9,3906965.0
Joel Davis,Cornell,5,-3.80224,74.0,19.2,3906957.0
Lacey James,Northern Illinois,8,0.303018,81.0,20.4,3913717.0
Troy Whiteside,Cornell,17,-6.5997,76.0,15.1,3906954.0
Akwasi Yeboah,Stony Brook,3,0.186061,78.0,26.7,3913169.0
Ryan Jones,UMass Lowell,1,-4.00226,75.0,19.1,3904617.0
Alex Thomas,Towson,7,-2.05907,81.0,14.6,3912285.0
Everett Duncan,Vermont,12,2.36569,78.0,12.0,3915081.0
Andrew Fleming,Lipscomb,11,-0.159025,77.0,20.4,3935012.0
Marlain Veal,Southeastern Louisiana,9,0.548782,69.0,31.4,3924901.0
Martin Krampelj,Creighton,2,5.14263,81.0,23.1,3912337.0
Develle Phillips,James Madison,16,-4.45013,81.0,21.5,3922032.0
Jordan Hunter,Lamar,9,-0.294472,71.0,24.1,3906576.0
Tanner Krebs,Saint Mary's,14,3.61949,78.0,14.8,3936192.0
Curran Scott,Tulsa,14,-0.81908,76.0,18.8,3906684.0
Moses Greenwood,Southeastern Louisiana,2,2.61017,79.0,26.3,3924904.0
Everson Davis,Binghamton,10,-5.35471,75.0,15.6,3904610.0
Daniel Utomi,Akron,3,1.6751,78.0,21.6,3907020.0
Zach Jackson,Nebraska Omaha,11,0.315662,77.0,23.9,3924909.0
Zach Pirog,Cal Baptist,0,4.53016,83.0,15.8,3924911.0
Demajeo Wiggins,Bowling Green,8,-1.40814,82.0,22.8,3907024.0
Mamadi Diakite,Virginia,0,7.88043,81.0,18.5,3947156.0
Jibri Blount,North Carolina Central,6,-0.584445,77.0,26.3,3914638.0
Rickey McGill,Iona,9,2.96426,74.0,22.9,3948698.0
Otis Livingston II,George Mason,1,-2.2501,71.0,24.3,3908867.0
Javan White,Clemson,8,2.74613,82.0,14.7,3913224.0
Deng Geu,North Dakota St.,2,-2.81738,80.0,28.7,3906789.0
Khy Kabellis,Pacific,4,-6.26732,77.0,20.4,3906788.0
Shembari Phillips,Georgia Tech,4,-5.07487,75.0,15.5,3918425.0
Curtis Cobb,Massachusetts,17,-1.33246,76.0,19.8,3947017.0
DJ Draper,North Texas,14,-1.52447,70.0,9.4,3920183.0
A.J. Turner,Northwestern,1,-0.474139,79.0,18.6,3943608.0
Kris Martin,Colorado St.,17,-2.06144,78.0,19.4,3913221.0
Jalen Poyser,St. Bonaventure,1,-1.98831,76.0,21.6,3936100.0
Stefan Gonzalez,UC Davis,14,-2.42368,74.0,16.9,3936191.0
Rob Edwards,Arizona St.,10,1.12192,76.0,18.7,3914639.0
Anthony Green,Northeastern,13,-0.464972,82.0,19.4,3948135.0
Donnell Gresham Jr.,Northeastern,11,3.38404,73.0,16.2,3948134.0
Brandonn Kamga,High Point,3,0.0583459,77.0,24.9,3948131.0
Jeremy Miller,Northeastern,15,-1.08524,82.0,15.5,3948132.0
Allante Holston,Indiana St.,7,-1.18939,79.0,12.9,3920177.0
Matty McConnell,Robert Morris,6,3.5467,74.0,19.4,3938915.0
Matt Holba,Purdue Fort Wayne,12,-0.51351,79.0,19.6,3908515.0
Kyle Leufroy,Lehigh,11,2.56057,75.0,21.6,3908514.0
Levi Bradley,Northern Illinois,3,1.06462,79.0,24.1,3923227.0
Jaylen Key,Northern Illinois,7,-6.36351,80.0,18.2,3923228.0
Abdoulaye Harouna,Miami OH,1,-2.04814,77.0,21.7,3936067.0
CJ Massinburg,Buffalo,11,8.86436,75.0,22.7,3907030.0
Pervis Louder,Air Force,17,-3.53752,76.0,17.3,3936075.0
Evan Fisher,Siena,3,-4.85898,81.0,27.7,3913235.0
Antwon Portley,Fordham,1,-1.22801,76.0,22.5,3922045.0
Jason Burnell,Jacksonville St.,2,6.98882,79.0,24.2,3906663.0
Ryan Welage,Xavier,12,2.23528,82.0,14.3,3906668.0
Malik Benlevi,Georgia St.,12,4.94501,78.0,15.4,3906644.0
Ryan McMahon,Louisville,11,4.62754,72.0,19.2,3908808.0
Zac Seljaas,BYU,12,3.09486,79.0,15.5,3947128.0
Jayce Johnson,Utah,13,1.36163,84.0,18.4,3958145.0
Corey Johnson,Harvard,10,1.10759,77.0,15.2,3920225.0
Sean McDermott,Butler,12,3.02437,78.0,14.8,3908903.0
Ashtin Chastain,San Jose St.,7,-6.55809,83.0,12.9,3906664.0
Jordan Jackson,UT Rio Grande Valley,6,1.6941,75.0,20.2,3906508.0
Charles Brown III,Incarnate Word,12,-5.39635,79.0,23.6,3907563.0
Brandon Clarke,Gonzaga,0,16.5978,80.0,24.0,3906665.0
Greg King,Niagara,8,-6.60901,79.0,17.9,3906490.0
Abdul Lewis,NJIT,7,-2.78889,82.0,26.7,3947200.0
Evan Boudreaux,Purdue,3,4.17877,80.0,23.3,3906964.0
Ahmad Caver,Old Dominion,9,4.35444,74.0,26.4,3948144.0
Ryan Kreklow,Missouri St.,11,0.598354,76.0,15.9,3907584.0
Emmanuel Olojakpoke,Akron,16,-0.719293,80.0,11.4,3907019.0
Chier Maker,Idaho St.,12,-1.22119,79.0,15.8,3924917.0
Jazz Johnson,Nevada,11,3.66129,70.0,14.6,3924916.0
Rex Pflueger,Notre Dame,6,6.37438,78.0,16.2,3908335.0
Matt Ryan,Vanderbilt,14,-0.951318,80.0,17.1,3908336.0
Jaylen Franklin,Abilene Christian,9,1.1909,74.0,20.1,3922055.0
Jarred Reuter,George Mason,8,-1.81276,79.0,24.7,3908374.0
Ebuka Izundu,Miami FL,2,7.28893,82.0,18.7,3904629.0
Jamaal King,Saint Francis,9,-1.33233,70.0,25.5,3957062.0
Jesse Love,Jackson St.,17,-5.2443,73.0,9.7,3949248.0
Stokley Chaffee Jr.,Tennessee St.,8,-0.433723,80.0,16.9,3949234.0
Matt McCarthy,San Francisco,2,0.139373,81.0,24.5,3918787.0
David Nichols,Florida St.,1,2.08354,73.0,21.5,3918723.0
Jorden Kite,Incarnate Word,10,-5.77655,75.0,11.1,3921450.0
Jermaine Ukaegbu,Winthrop,13,-0.382842,78.0,11.5,3947676.0
Matt Frierson,The Citadel,10,-1.42516,74.0,15.8,3913204.0
Quayson Williams,The Citadel,5,-3.82651,71.0,19.6,3913203.0
Dennis Ashley,Maine,14,-6.9182,73.0,18.2,3941310.0
Evan Hall,IU Indy,16,-0.225943,79.0,23.5,3906793.0
JT Gibson,Nebraska Omaha,14,0.857145,75.0,18.5,3924908.0
Jarrey Foster,SMU,7,-1.60066,78.0,20.5,3915194.0
Pierfrancesco Oliva,Saint Joseph's,7,-2.20163,80.0,18.0,3911632.0
Olin Carter III,San Diego,14,0.815587,75.0,20.9,3906543.0
Tyler Williams,San Diego,14,2.12796,77.0,13.9,3906542.0
Alex Floresca,San Diego,15,0.883444,80.0,16.3,3906544.0
Dante Scott,Mississippi Valley St.,1,-3.08982,76.0,23.2,4280123.0
Craig Randall II,Tennessee Martin,11,-2.43303,76.0,23.9,3947068.0
Doug Taylor,Ohio,0,3.75161,81.0,16.7,3907085.0
Jaelan Sanford,Toledo,1,0.264161,76.0,24.4,3907089.0
Devin Cannady,Princeton,11,4.51512,74.0,23.2,3906977.0
Trey Phills,Yale,17,0.0207388,74.0,14.6,3906995.0
Blake Reynolds,Yale,12,3.13738,79.0,18.5,3906996.0
Brian Parker,Marist,9,-3.09466,75.0,33.4,3936030.0
Caleb Tanner,Radford,14,-0.924019,73.0,15.4,3913245.0
Tanner Rubio,Jacksonville,17,-6.45541,72.0,13.8,4067146.0
Joshua Howard,Brown,15,3.24179,78.0,20.1,4066802.0
Kason Harrell,Purdue Fort Wayne,11,-0.55611,74.0,22.3,3906796.0
PJ Savoy,Florida St.,12,2.72199,76.0,19.6,4065657.0
Sidy N'Dir,Pittsburgh,6,1.05068,75.0,18.2,4067470.0
Rapolas Ivanauskas,Colgate,2,-0.0538916,82.0,25.8,4066395.0
Isaiah Roby,Nebraska,2,6.17788,80.0,21.9,4066392.0
Jeriah Horne,Tulsa,3,3.49048,79.0,23.0,4066390.0
Eric Curry,Minnesota,7,1.85069,81.0,16.2,4066388.0
Amir Coffey,Minnesota,11,3.63075,80.0,24.8,4066387.0
Kai Edwards,Northern Colorado,13,1.1244,81.0,11.9,4066929.0
Dayon Griffin,UCF,17,4.64387,76.0,16.0,3132374.0
James Butler,Drexel,8,-1.88745,80.0,17.3,4067138.0
Davauhnte Turner,Saint Peter's,1,-1.31848,72.0,26.6,4067356.0
Quinn Taylor,Saint Peter's,7,-1.86242,76.0,16.0,4067357.0
Tobias Sjoberg,Marist,16,-0.554933,81.0,13.8,4067328.0
Ahmed Ismail,IU Indy,15,-1.27828,85.0,20.7,4067312.0
Zavier Peart,Grambling St.,7,-5.19516,82.0,15.8,4067311.0
Nijal Pearson,Texas St.,3,1.83352,77.0,23.8,4067807.0
Eric Terry,Texas St.,13,3.09804,80.0,18.4,4067810.0
DJ Bryant,UT Arlington,6,1.14664,71.0,11.9,4067801.0
Izayah Mauriohooho-le'afa,Sacramento St.,10,-2.39485,74.0,17.8,4066946.0
Decardo Day,Florida Gulf Coast,5,-4.99151,76.0,24.2,4066952.0
Jacob Calloway,Southern Utah,12,0.166054,80.0,16.8,4066951.0
Ivan Madunic,Southern Utah,3,-0.397168,83.0,12.2,4066954.0
Jerrick Harding,Weber St.,11,0.804876,73.0,28.3,4066965.0
Bo Blight,Charlotte,4,-5.96288,79.0,11.2,4066971.0
DaQuan Bracey,Louisiana Tech,9,1.91453,71.0,28.7,4066997.0
Lucas Siewert,Colorado,3,2.64474,82.0,19.0,4066352.0
Issa Thiam,Rutgers,10,1.47616,82.0,13.8,4066412.0
D'Mitrik Trice,Wisconsin,1,3.23024,72.0,20.3,4066413.0
Aleem Ford,Wisconsin,17,-0.0440143,80.0,14.7,4066414.0
Charlie Moore,Kansas,4,-0.383159,71.0,17.5,4066345.0
De'Ron Davis,Indiana,13,3.81461,82.0,21.2,4066362.0
Darian Bryant,Delaware,17,-2.57292,76.0,13.9,3133839.0
Miye Oni,Yale,3,3.86169,78.0,28.0,4066851.0
Eric Monroe,Yale,14,-1.33293,74.0,12.3,4066848.0
David DiLeo,Central Michigan,12,2.2736,79.0,13.1,4067377.0
Kevin McKay,Central Michigan,6,2.97713,77.0,17.8,4067379.0
Malik Johnson,Canisius,5,-1.38971,70.0,18.4,4067275.0
Mike Lewis II,Duquesne,14,-2.42304,73.0,15.8,4066491.0
Trey Landers,Dayton,3,2.49277,77.0,19.1,4066489.0
Jon Axel Gudmundsson,Davidson,9,6.07416,76.0,25.3,4070687.0
Anthony Lamb,Vermont,2,9.93518,78.0,32.6,4066790.0
Ben Shungu,Vermont,15,2.12508,74.0,13.8,4066789.0
Malik Martin,Tennessee Tech,7,-6.36004,83.0,24.3,3134917.0
Kory Holden,South Alabama,1,-2.80829,74.0,23.2,3129940.0
Tyler Jones,Maryland Eastern Shore,7,-7.85828,79.0,23.8,4067908.0
Montraz Oliver,Maryland Eastern Shore,10,-7.59109,75.0,18.7,4067906.0
Scottie James,Liberty,2,3.84386,79.0,25.1,3907110.0
Dominik Olejniczak,Mississippi,13,3.64858,84.0,15.3,3948775.0
JoJo Zamora,New Mexico St.,14,1.26821,74.0,22.4,4066427.0
Chris Barnes,Tulsa,4,-6.50755,76.0,18.0,4067070.0
Keon Clergeot,Massachusetts,1,-2.3809,73.0,17.9,4066460.0
Lesley Varner II,UT Rio Grande Valley,6,3.26766,79.0,20.5,4067568.0
Mattia Da Campo,Seattle,15,0.896386,77.0,12.9,4067561.0
Morgan Means,Seattle,1,0.999381,75.0,21.5,4067559.0
Jermaine Haley,West Virginia,6,3.56786,79.0,16.0,4397097.0
Chris Lewis,Harvard,0,4.48504,81.0,21.5,4066825.0
Christian Juzang,Harvard,11,1.51911,74.0,15.7,4066828.0
Ian Sistare,Dartmouth,12,0.181279,75.0,17.4,4066821.0
James Foye,Dartmouth,14,1.30622,76.0,16.3,4066822.0
Will Emery,Dartmouth,16,-6.9906,81.0,17.7,4066819.0
Justin Bassey,Harvard,15,4.23755,77.0,18.3,4066827.0
Robert Baker,Harvard,15,2.20167,83.0,17.1,4066830.0
Bryce Aiken,Harvard,9,1.92864,72.0,33.2,4066826.0
Alexander Strating,Colorado,13,0.594934,79.0,13.2,4066350.0
Jermaine Marrow,Hampton,9,1.86302,72.0,33.2,4070762.0
Peter Kiss,Rutgers,17,-0.217097,77.0,18.5,4070686.0
Cassius Winston,Michigan St.,9,8.02968,73.0,29.5,4066382.0
Joshua Langford,Michigan St.,11,3.44685,77.0,25.7,4066381.0
Tramaine Isabell,Saint Louis,9,0.726512,73.0,24.6,3136535.0
Tobias Howard,Towson,1,-4.326,74.0,25.2,4397588.0
Byron Frohnen,UTSA,15,1.5585,78.0,13.3,4067078.0
Giovanni De Nicolao,UTSA,5,-0.191781,75.0,16.8,4067077.0
Kevin Marfo,Quinnipiac,8,-0.0888996,80.0,17.6,4066877.0
Jamar Akoh,Montana,8,4.46195,80.0,27.1,3148919.0
David Skara,Clemson,12,4.80537,80.0,13.0,3133922.0
Brandon Anderson,Brown,5,-2.91673,73.0,27.3,4066800.0
Maliek White,Providence,5,0.898602,75.0,17.9,4065812.0
Joey Brunk,Butler,15,2.48677,83.0,20.3,4065763.0
Davion Mintz,Creighton,1,1.46375,75.0,20.6,4065766.0
Jagan Mosely,Georgetown,11,0.104978,75.0,10.5,4065792.0
Sam Hauser,Marquette,12,7.41341,80.0,19.2,4065804.0
Markus Howard,Marquette,9,5.28367,71.0,36.2,4065805.0
Kouat Noi,TCU,11,4.83106,79.0,21.6,4066323.0
Mark Vital,Baylor,8,6.1432,77.0,18.5,4066292.0
AJ Wilson,George Mason,0,3.05394,79.0,19.9,4066866.0
Ar'mond Davis,UC Santa Barbara,3,-0.422828,78.0,22.7,4066239.0
Braxton Key,Virginia,6,9.25731,80.0,18.0,4066240.0
Adrio Bailey,Arkansas,6,1.76637,78.0,16.7,4066242.0
Milan Acquaah,Cal Baptist,9,2.14526,75.0,32.0,4066664.0
Jeff Pollard,Washington St.,15,-1.3284,81.0,12.0,4066667.0
Anthony Lawrence II,Miami FL,6,4.7038,79.0,21.1,3904628.0
Eugene Omoruyi,Rutgers,3,3.01458,79.0,27.2,4066410.0
Christian Ellis,SIU Edwardsville,4,-3.65227,74.0,17.1,4067234.0
Brandon Jackson,SIU Edwardsville,3,-5.89351,79.0,22.7,4067237.0
Jared Stutzman,Idaho St.,14,-2.01665,78.0,13.7,4067590.0
Conner Toolson,Utah Valley,14,2.42282,76.0,18.7,4067588.0
Andre Washington,Louisiana Monroe,8,-2.45827,80.0,14.8,4397574.0
Baylee Steele,Utah Valley,2,1.88176,83.0,20.0,4067383.0
Xavier Green,Old Dominion,10,-0.717335,78.0,18.7,4067031.0
Corey Douglas,VCU,0,6.10851,80.0,15.9,4397226.0
DJ Laster,Gardner Webb,15,-1.88632,78.0,24.3,3922040.0
Antwan Maxwell,Youngstown St.,17,-7.35423,79.0,19.6,3913161.0
James Palmer Jr.,Nebraska,9,2.91036,78.0,31.1,3138146.0
Tareq Coburn,Hofstra,14,0.794721,76.0,16.4,4066515.0
Amadi Ikpeze,St. Bonaventure,16,-7.07035,82.0,16.5,4066517.0
De'Riante Jenkins,VCU,11,4.14527,77.0,21.4,4066500.0
Malik Crowfield,VCU,14,4.18499,76.0,12.5,4066501.0
Jimbo Lull,San Francisco,8,2.12411,84.0,20.6,4066748.0
Charles Minlend,San Francisco,3,1.26442,76.0,25.7,4066751.0
Jordan Ratinho,San Francisco,14,1.88225,77.0,15.0,4066752.0
Remu Raitanen,San Francisco,12,4.62913,81.0,15.9,4066749.0
Chance Anderson,Wagner,8,-4.09838,79.0,13.5,4066750.0
Mitchell Smith,Missouri,15,3.22679,82.0,14.0,4066235.0
Justin Turner,Bowling Green,11,4.22427,76.0,25.7,4067366.0
Dylan Frye,Bowling Green,1,1.00969,74.0,21.3,4067365.0
Caleb Morris,Air Force,12,-0.169722,76.0,15.4,4066595.0
Kyle Mallers,Ball St.,17,0.462616,79.0,15.0,4067362.0
Michael Hughes,Duquesne,0,3.58746,80.0,22.4,4067360.0
Tavian Dunn-Martin,Duquesne,1,-1.4105,68.0,20.6,4067358.0
Malik Marquetti,Louisiana,11,1.47915,78.0,19.5,3134915.0
Devonnte Holland,Radford,8,-3.53266,79.0,19.0,4067738.0
Isaiah Walton,Longwood,9,-1.38936,77.0,35.3,3137257.0
Marcus Stroman,Louisiana,9,-0.158361,74.0,23.7,3136544.0
Ty Jerome,Virginia,9,10.6691,77.0,24.1,4065733.0
Cameron Lard,Iowa St.,0,7.44555,81.0,19.0,4080404.0
Jay Huff,Virginia,0,10.2742,85.0,21.3,4065731.0
De'Andre Hunter,Virginia,2,8.84269,79.0,23.5,4065732.0
Lysander Bracey,Hampton,10,-3.07813,76.0,14.4,4072301.0
Evan Wiley,Alabama A&M,17,-4.43669,78.0,16.6,4070750.0
Patrick Szpir,Chicago St.,16,-7.12923,81.0,12.7,4066816.0
Taze Moore,Cal St. Bakersfield,6,3.08041,77.0,23.1,4066808.0
Justin Edler-Davis,Cal St. Bakersfield,3,-0.358971,76.0,19.4,4396025.0
Greg Lee,Cal St. Bakersfield,3,-3.66557,81.0,21.4,4066811.0
Myo Baxter-Bell,Liberty,6,-0.0848944,77.0,23.3,4067576.0
Georgie Pacheco-Ortiz,Liberty,11,2.25693,73.0,14.2,4067579.0
Jamal Wright,High Point,5,-3.18465,71.0,15.1,4067464.0
KJ Robinson,Nebraska Omaha,1,-0.0270272,72.0,18.8,4067683.0
Elyjah Goss,IU Indy,15,0.960013,79.0,14.2,4067670.0
RaySean Scott Jr.,Florida Gulf Coast,7,-4.70927,79.0,21.7,4067127.0
Shamorie Ponds,St. John's,9,7.89067,73.0,27.6,4065834.0
Lorenzo Edwards,Saint Joseph's,3,1.13011,79.0,16.8,4066512.0
Charlie Brown,Saint Joseph's,3,2.27951,79.0,27.3,4066508.0
Grant Golden,Richmond,2,0.630471,82.0,31.5,4066836.0
Danjel Purifoy,Auburn,12,5.22553,79.0,14.9,4066249.0
Troy Harper,Drexel,1,-6.19971,73.0,29.4,3129896.0
Jared Harper,Auburn,9,5.29107,71.0,25.1,4066248.0
Houston Smith,Bethune Cookman,17,-4.16763,76.0,13.3,4067873.0
Chance Garvin,Idaho,17,-7.91983,76.0,12.7,4066892.0
Anfernee McLemore,Auburn,15,5.52662,79.0,16.6,4066253.0
Elijah Schmidt,Texas A&M Corpus Chris,13,0.395143,80.0,15.5,4067865.0
Jeremiah Bozeman,Jackson St.,4,-4.1416,74.0,13.2,4070759.0
Elijah Thomas,Clemson,0,8.7438,81.0,27.4,3947075.0
Kinnon LaRose,Sacred Heart,12,1.44619,75.0,13.6,3913234.0
Markell Johnson,N.C. State,11,6.05503,73.0,23.5,4065699.0
Anthony Gaston,Grambling St.,10,-3.33228,76.0,15.9,4072622.0
Ivy Smith Jr.,Grambling St.,9,0.555534,72.0,26.2,4072626.0
JC Younger,Presbyterian,14,-1.93545,76.0,16.9,4067734.0
Jayden Hodgson,Bradley,4,-5.65052,75.0,13.7,4066977.0
Solomon Hainna,UT Rio Grande Valley,7,-1.96107,79.0,12.7,4066992.0
Jaiveon Eaves,Murray St.,14,-4.98088,74.0,15.9,4066991.0
"Randy Miller, Jr.",North Carolina Central,1,-1.5598,74.0,22.4,4398239.0
Kaleb Bishop,Fairleigh Dickinson,15,-1.91057,80.0,19.5,4067893.0
Julian Batts,LIU,5,-1.66162,71.0,17.3,4067901.0
Jashaun Agosto,LIU,5,-5.11382,71.0,21.3,4067900.0
Keshon Montague,Western Illinois,10,-6.07339,72.0,8.7,4398344.0
Craig LeCesne,San Jose St.,7,-5.28764,81.0,22.7,4066710.0
Malcolm Porter,Portland,5,-5.3586,76.0,16.7,4066721.0
Trey Lenox,Abilene Christian,10,-2.76589,75.0,8.8,4067622.0
Payten Ricks,Abilene Christian,11,1.32538,74.0,17.0,4067621.0
Balint Mocsan,Idaho St.,11,-1.13652,75.0,19.9,4066899.0
Clay Mounce,Furman,12,4.69178,79.0,18.0,4067608.0
Isaiah Pineiro,San Diego,2,3.1986,79.0,28.5,3906571.0
Aubrey Dawkins,UCF,11,6.33742,78.0,21.6,3136493.0
Max Strus,DePaul,11,3.5467,78.0,23.4,4065778.0
Algevon Eichelberger,Cleveland St.,16,-5.49259,80.0,26.4,4065777.0
Myles Powell,Seton Hall,11,6.96384,74.0,29.5,4065816.0
Larry Motuzis,American,12,-0.758699,78.0,12.7,3159898.0
Addison Hill,East Carolina,5,-2.18572,75.0,6.2,4073485.0
Cartier Diarra,Kansas St.,6,4.34501,76.0,17.1,4066301.0
Mitch Lightfoot,Kansas,0,7.02255,80.0,12.5,4066300.0
Christian Turner,Gardner Webb,5,-0.727057,70.0,9.6,4067336.0
Nate Johnson,Gardner Webb,12,3.57875,76.0,14.8,4067338.0
Devearl Ramsey,UC Santa Barbara,1,0.0760585,72.0,19.4,4066700.0
Alex Robinson,TCU,9,2.39685,73.0,24.4,3136624.0
Drew Buggs,Hawaii,9,1.32053,75.0,21.0,4066911.0
Leland Green,Hawaii,17,-5.48755,74.0,19.4,4066910.0
Saul Phiri,La Salle,14,1.09491,76.0,17.9,4066852.0
Deivydas Kuzavas,Saint Francis,13,-2.73706,82.0,14.4,4067960.0
Keith Braxton,Saint Francis,3,3.24544,76.0,24.3,4067957.0
Randall Gaskins Jr.,Saint Francis,10,-3.3403,75.0,10.2,4067956.0
Cori Johnson,St. Francis NY,7,-6.32123,81.0,21.2,4067953.0
Lamonte Bearden,Western Kentucky,9,1.48145,75.0,19.5,3136929.0
Yoeli Childs,BYU,2,3.31883,80.0,31.0,4066656.0
Nathan Hoover,Wofford,14,3.93642,76.0,18.0,4067656.0
Kevon Tucker,East Tennessee St.,17,-0.314273,75.0,17.9,4398185.0
Onno Steger,Western Carolina,3,-0.666091,77.0,20.6,4067645.0
Donovan Theme-Love,Wofford,6,4.2105,73.0,13.8,4067655.0
T.J. Atwood,Lamar,6,3.32321,78.0,19.5,4067667.0
Sayeed Pridgett,Montana,15,2.105,77.0,24.6,4066574.0
Trevon Allen,Idaho,1,-4.01118,74.0,26.9,4066893.0
Mason Peatling,Eastern Washington,2,4.72466,80.0,25.9,4066880.0
D.J. Jones,Florida A&M,16,-3.25803,81.0,18.0,4066476.0
Harald Frey,Montana St.,9,2.96713,73.0,25.2,4066610.0
Devin Kirby,Montana St.,8,-3.19493,83.0,17.5,4066614.0
Frank Howard,Syracuse,9,1.80684,77.0,20.8,3934659.0
Isaiah Nichols,San Jose St.,4,-7.28876,77.0,22.5,4066741.0
Kris Clyburn,UNLV,3,1.04801,78.0,21.7,4066779.0
Kenny Cooper,Lipscomb,9,3.3793,72.0,22.5,4067179.0
Michael Buckland,Lipscomb,12,3.35304,76.0,11.0,4067177.0
Zach Cameron,Pacific,16,-1.21732,82.0,9.9,4067161.0
Shyquan Gibbs,NJIT,11,-1.25262,73.0,14.5,4067192.0
Lachlan Anderson,Eastern Kentucky,7,-4.47802,80.0,17.9,4067167.0
Nick Hopkins,Belmont,14,1.03568,72.0,16.7,4067151.0
Asante Gist,Iona,1,-2.74417,71.0,21.2,4067164.0
Seth Fuller,Elon,4,-6.07708,71.0,11.3,4067231.0
Jaylen McManus,Charleston,3,-2.59944,79.0,14.4,4067220.0
Paul White,Oregon,3,4.44991,81.0,20.1,3149033.0
Justin Hopkins,Texas Southern,8,-4.22083,77.0,18.4,4067629.0
Josh Sharkey,Samford,9,1.51931,70.0,30.3,4067626.0
Kyrin Galloway,UNC Greensboro,12,3.38343,80.0,15.1,4067611.0
Malik Massey,UNC Greensboro,10,-2.47303,75.0,11.9,4067610.0
Garrett Sams,North Florida,1,-0.206983,79.0,23.6,4067210.0
Garrett Gilkeson,VMI,11,0.995858,76.0,17.1,4067632.0
Patrick Benzan,Holy Cross,5,-3.61261,71.0,15.3,3907453.0
Patrick Tape,Columbia,2,5.46033,82.0,23.8,4066805.0
Jordan Bell,Loyola Marymount,7,-1.49389,80.0,19.9,4067766.0
Jacob Guest,Northwestern St.,10,-7.74983,76.0,20.5,4067765.0
Brendan Rumel,Portland St.,8,-6.09944,82.0,16.7,4066940.0
Michael Mayhew,Portland St.,14,-1.76002,74.0,18.0,4066939.0
Chibueze Jacobs,Sacramento St.,3,-3.81346,76.0,15.0,4066943.0
Keljin Blevins,Montana St.,7,-6.2456,78.0,23.9,3152335.0
Mustapha Heron,St. John's,3,-1.3931,77.0,23.7,4066250.0
Brachen Hazen,Ball St.,15,-0.751547,80.0,15.6,4066246.0
Trey Carver,Hampton,10,-5.36336,77.0,12.3,4074579.0
Soufiyane Diakite,Bethune Cookman,7,-2.63192,78.0,23.2,4067185.0
Djimon Henson,Morehead St.,10,-5.98163,75.0,14.5,4067184.0
Dondre Griffin,Hampton,14,-5.66283,75.0,16.2,4067187.0
Tyson Carter,Mississippi St.,11,3.91494,76.0,17.8,4066287.0
Abdul Ado,Mississippi St.,0,6.73701,83.0,11.1,4066288.0
Preston Parks,Tennessee Martin,1,-4.5134,74.0,22.3,4067281.0
Ezekiel Balogun,North Florida,15,-0.554977,78.0,21.2,4067283.0
Kaelon Harris,The Citadel,7,-6.74035,76.0,18.2,4067287.0
Khalill Spencer,Jackson St.,8,-3.74012,76.0,14.4,4404441.0
Quinton Rose,Temple,6,1.06548,80.0,26.9,4066471.0
Damion Moore,Temple,13,4.97091,83.0,13.1,4066472.0
Alani Moore II,Temple,1,0.240438,70.0,15.7,4066469.0
V.J. Holmes,Lamar,5,-1.81332,76.0,15.5,4067265.0
Jaylen Fornes,UNC Wilmington,14,-2.7884,75.0,20.3,4067294.0
Eli Pemberton,Hofstra,3,0.460652,77.0,21.9,4067241.0
Stafford Trueheart,Hofstra,17,-2.15289,80.0,16.6,4067243.0
Dejuan Clayton,Coppin St.,1,-4.00036,74.0,24.4,4067878.0
Evan Wieck,Navy,13,2.97884,80.0,18.0,4067140.0
Brandon Suggs,UMKC,13,-0.814016,80.0,11.7,4067874.0
Bryce Barnes,Milwaukee,5,-5.49009,71.0,18.4,4067435.0
Jeremiah Bell,UAB,17,-2.27453,73.0,17.2,4067436.0
Kam Hankerson,Green Bay,14,-0.398694,77.0,18.3,4067426.0
Shizz Alston Jr.,Temple,9,4.96738,76.0,27.2,3934628.0
Dejan Vasiljevic,Miami FL,14,2.82723,75.0,17.1,4065669.0
Bruce Moore,Bucknell,15,-0.437182,80.0,18.2,4067103.0
Avi Toomer,Bucknell,11,2.96491,75.0,17.7,4067102.0
Tyler Scanlon,Boston University,11,1.60882,79.0,22.4,4067099.0
Max Mahoney,Boston University,2,3.8168,80.0,28.4,4067101.0
Mark Gasperini,American,8,-2.65209,82.0,24.6,4067088.0
Sa'eed Nelson,American,9,4.24309,74.0,30.5,4067086.0
Marcus Dickinson,Boise St.,14,1.72383,74.0,11.4,4066629.0
Alex Hobbs,Boise St.,11,0.244259,76.0,20.4,4066630.0
Maik Kotsar,South Carolina,7,2.33145,83.0,18.0,4066224.0
Sedee Keita,St. John's,16,0.385261,81.0,11.6,4066223.0
Hassani Gravett,South Carolina,11,4.14647,74.0,18.8,4066221.0
Jordan Geist,Missouri,11,6.82175,74.0,23.2,4066238.0
Reed Nikko,Missouri,13,3.28814,82.0,15.7,4066237.0
Pat Andree,Lehigh,12,2.14809,80.0,19.0,4067122.0
Kyle Stout,Lafayette,12,-3.50805,78.0,14.0,4067118.0
Myles Cherry,Lafayette,15,-4.423,80.0,17.0,4067119.0
Jordan Cohen,Lehigh,11,4.22882,73.0,19.8,4067120.0
Lukas Jarrett,Lafayette,15,2.47529,79.0,16.3,4067117.0
Brevin Galloway,Charleston,12,1.79192,74.0,15.7,4067219.0
Chevez Goodwin,Wofford,8,0.874487,81.0,17.4,4067218.0
Jackson Rowe,Cal St. Fullerton,15,1.31006,79.0,19.5,4066889.0
Mike Henn,Cal Baptist,17,-1.16673,80.0,15.2,nan
Devon Brewer,Alcorn St.,16,-5.19422,80.0,16.6,4067682.0
Artavious McDyess,Arkansas Pine Bluff,16,-6.81816,82.0,18.7,4067687.0
K.J. Santos,Missouri,4,-4.03729,80.0,12.0,4067428.0
Tarkus Ferguson,Illinois Chicago,9,3.84536,76.0,23.8,4067429.0
Wajid Aminu,North Florida,2,4.43177,79.0,21.5,4067207.0
Jahaad Proctor,High Point,9,2.05808,75.0,27.9,3948700.0
Lyrik Shreiner,DePaul,4,-4.16584,75.0,12.8,3947244.0
Kevin Degnan,Siena,12,0.689044,81.0,14.3,3138282.0
Jarron Cumberland,Cincinnati,9,6.77326,77.0,31.3,4066486.0
Shawn Williams,East Carolina,14,-1.03036,73.0,17.4,4066449.0
Nik Popovic,Boston College,2,1.22569,83.0,24.9,4065637.0
Ky Bowman,Boston College,9,4.7484,73.0,26.4,4065635.0
Charles Matthews,Michigan,6,5.30812,78.0,23.6,3936297.0
Dylan Carl,Purdue Fort Wayne,15,0.151198,83.0,16.5,4067661.0
Ty Groce,Eastern Michigan,6,2.11165,79.0,13.8,4067382.0
Chris Lester,New Hampshire,17,-2.30195,78.0,17.2,4066728.0
Cyril Langevine,Rhode Island,8,0.817187,80.0,24.9,4066785.0
Tyere Marshall,Rider,8,-1.11661,81.0,24.1,4067348.0
Dimencio Vaughn,Rider,6,1.26828,77.0,21.2,4067347.0
Ryan Pippins,Little Rock,17,-2.50496,72.0,13.5,4067817.0
Shandon Goldman,Northern Iowa,7,-2.70452,82.0,19.4,4067820.0
Nelson Nweke,North Carolina A&T,16,-3.63709,81.0,14.1,4067778.0
Lindy Waters III,Oklahoma St.,11,5.05376,78.0,17.9,4066317.0
Desmond Bane,TCU,12,7.03062,77.0,18.4,4066320.0
Josh Parrish,Rice,15,-1.51483,77.0,18.0,4066322.0
Thomas Dziagwa,Oklahoma St.,14,1.0885,76.0,17.6,4066314.0
Cameron McGriff,Oklahoma St.,3,3.37037,79.0,22.1,4066315.0
Michael Bibby,Appalachian St.,14,-1.35274,75.0,11.1,4066466.0
Ceasar DeJesus,UCF,11,-0.529614,74.0,18.2,4066487.0
Jordan Blount,Illinois Chicago,6,0.234432,80.0,21.9,4067430.0
Godwin Boahen,Illinois Chicago,11,1.09397,71.0,21.6,4067431.0
Caleb Martin,Nevada,11,6.8375,79.0,26.6,3138160.0
Cody Martin,Nevada,11,6.17067,79.0,18.4,3138161.0
Devonte Campbell,Albany,3,-2.2358,78.0,16.3,4066683.0
Curtis Jones,Oklahoma St.,10,-1.50391,76.0,21.0,4066359.0
Devonte Green,Indiana,9,3.97896,75.0,22.3,4066361.0
Nysier Brooks,Cincinnati,0,5.57663,83.0,18.7,4066485.0
Isaiah Brown,Northern Iowa,6,0.178421,79.0,16.8,4067050.0
Jeremiah Usiosefe,Western Illinois,10,-5.81079,77.0,13.0,4067728.0
Chris Howell,Jackson St.,7,-3.29141,76.0,27.6,4403418.0
Sergio El Darwich,Maine,9,-2.81377,76.0,21.9,4067724.0
Trey Burch-Manning,South Dakota,3,-1.35433,78.0,20.2,4067714.0
Tyler Peterson,South Dakota,3,-1.69697,76.0,20.2,4067716.0
Brandon Armstrong,South Dakota,14,-1.88572,77.0,15.5,4067715.0
Triston Simpson,South Dakota,1,0.162257,74.0,21.4,4067712.0
Loudon Love,Wright St.,8,-0.0867777,81.0,31.7,4067458.0
Jaume Sorolla,Valparaiso,15,0.479531,84.0,14.2,4067454.0
Ryan Swan,Air Force,2,3.97296,79.0,25.1,4066604.0
Ian Boyd,George Mason,12,-0.804869,76.0,16.9,4066862.0
Karmari Newman,Oakland,14,-1.58907,76.0,21.2,4066864.0
Aleksandar Dozic,Marist,2,2.84757,81.0,25.8,3923222.0
Cameron Oluyitan,Southern Utah,3,-1.1459,79.0,21.2,4066633.0
Precious Ayah,Miami OH,15,1.01635,78.0,9.8,4067388.0
Noah McCarty,Northern Illinois,7,-1.52042,80.0,18.6,4067396.0
Eugene German,Northern Illinois,11,5.1445,72.0,29.9,4067395.0
Andrew Garcia,Stony Brook,3,-3.0925,77.0,23.7,4066768.0
Andrew Fleming,Maine,3,-1.27348,79.0,23.9,4066695.0
Jeffrey Uju,Bowling Green,17,-0.766693,79.0,10.7,4067367.0
Eric Lockett,N.C. State,6,4.17774,77.0,15.1,3133822.0
Isaiah Reese,Canisius,9,0.0984539,77.0,24.3,4067278.0
Dantai St. Louis,Canisius,16,-7.73021,80.0,13.6,4067280.0
E.J. Crawford,Iona,11,-0.379272,78.0,22.0,4067295.0
Darian Adams,Troy,1,-2.02984,75.0,17.5,4067814.0
Tommy Funk,Army,9,0.354595,72.0,23.2,4067089.0
Matt Wilson,Army,8,-3.98118,81.0,23.4,4067091.0
Tim Cameron,High Point,6,3.14286,76.0,24.9,4278692.0
Clay Verk,Stetson,7,-7.60072,80.0,18.4,4067215.0
Kelvin Jones,Idaho St.,8,-3.23731,83.0,27.1,4067073.0
Oliver Powell,Louisiana Tech,7,-2.49201,80.0,16.9,4067000.0
Jannson Williams,Marshall,12,1.70809,81.0,15.7,4067001.0
JaColby Pemberton,Louisiana Tech,3,-0.573201,77.0,19.2,4066999.0
Kendall Small,Pacific,4,-4.3424,72.0,14.3,3915562.0
Devon Daniels,N.C. State,6,1.60418,77.0,21.8,4066428.0
Henry Baddley,Butler,12,3.00287,76.0,14.0,4065762.0
Kamar Baldwin,Butler,9,3.61422,73.0,28.2,4065761.0
Mustapha Traore,Monmouth,8,-0.683853,80.0,18.7,3975762.0
Jon Teske,Michigan,0,11.4712,85.0,17.1,4066378.0
Zavier Simpson,Michigan,9,8.21719,72.0,19.3,4066377.0
Anthony Cowan Jr.,Maryland,9,4.16468,72.0,25.8,4066371.0
Jared Chatham,Central Arkansas,7,-5.21281,80.0,20.1,4067640.0
James Banks III,Georgia Tech,0,5.43601,80.0,20.0,4066327.0
AJ Brodeur,Penn,2,6.57181,80.0,29.9,4066838.0
Henry Welsh,Harvard,7,-1.34249,82.0,17.4,4066831.0
Devon Goodman,Penn,11,2.83863,72.0,19.9,4066839.0
Jordan Bruner,Yale,2,7.25842,81.0,20.1,4066850.0
Mikey Dixon,St. John's,17,-1.53277,74.0,16.9,4070682.0
Cainan McClelland,Texas Southern,4,-4.78959,77.0,10.7,4070742.0
Cameron Young,Quinnipiac,11,1.78022,78.0,29.2,4070684.0
Herb McGee,South Alabama,11,-1.7614,74.0,18.9,4067798.0
Maxwell Starwood,Southeastern Louisiana,15,-1.90018,81.0,14.8,4067806.0
John Pettway,South Alabama,6,-1.11697,74.0,15.3,4067800.0
Spencer Littleson,Toledo,14,1.46511,76.0,11.9,4066492.0
Isiaha Mike,SMU,3,4.30166,80.0,20.1,4066494.0
Chuba Ohams,Fordham,16,-1.59216,80.0,20.4,4066856.0
Stanley Davis,Morgan St.,7,-2.80412,77.0,26.2,4067916.0
Alex Ennis,Southern,13,-3.97305,81.0,15.6,4067920.0
David Syfax,Morgan St.,7,-4.74948,79.0,20.5,4067921.0
Justin Ravenel,Florida A&M,14,0.177209,73.0,18.1,3947041.0
Carsen Edwards,Purdue,9,5.21873,73.0,34.8,4066407.0
Andre Wesson,Ohio St.,3,3.18296,78.0,17.0,4066402.0
C.J. Jackson,Ohio St.,9,4.62589,73.0,22.9,4066400.0
Barret Benson,Northwestern,7,-0.795975,82.0,16.5,4066397.0
Elijah Hughes,Syracuse,11,5.34582,78.0,20.6,4066446.0
Brendan Barry,Dartmouth,11,1.9739,74.0,17.3,4066823.0
Kasheem Thomas,Cleveland St.,5,-4.27415,72.0,15.5,4067414.0
Jake Killingsworth,Columbia,10,-0.391059,77.0,12.5,4066807.0
Gavin Peppers,Nicholls St.,1,-3.56707,75.0,23.3,4067412.0
Femi Olujobi,DePaul,15,1.49595,81.0,21.4,3133915.0
Ty Flowers,LIU,12,3.85046,81.0,19.0,4066795.0
Brison Gresham,Houston,0,9.69967,80.0,14.6,4066799.0
Damari Parris,Eastern Michigan,5,-4.09755,73.0,19.0,4067084.0
Collin Smith,UCF,7,1.90024,83.0,23.7,4278481.0
Unique McLean,Massachusetts,8,-1.1577,74.0,11.6,4066797.0
Justin Williams,George Washington,12,2.37576,76.0,12.6,4066873.0
Dejon Jarreau,Houston,9,6.19829,77.0,29.6,4066796.0
Jibreel Faulkner,Canisius,12,-1.10094,80.0,18.4,3137250.0
Chance Ellis,Prairie View A&M,14,-2.71435,76.0,18.1,4067468.0
Nasir Core,Florida A&M,5,-3.08503,75.0,21.8,4067887.0
Charles Williams,Howard,14,-4.55135,78.0,24.1,4067895.0
Payton Pritchard,Oregon,9,6.23604,74.0,21.4,4066354.0
Jaquori McLaughlin,UC Santa Barbara,1,-1.11011,76.0,19.6,4066496.0
Kavell Bigby-Williams,LSU,0,8.57602,83.0,17.3,3134497.0
Jordan Giles,UMKC,3,-1.85885,79.0,21.6,4067583.0
Xavier Bishop,UMKC,9,-0.704199,68.0,26.3,4067581.0
Phil Fayne,Illinois St.,8,2.54581,81.0,27.9,4067005.0
Donald Hicks,Radford,14,-0.127539,75.0,15.0,4067737.0
Carlik Jones,Radford,9,3.73781,73.0,28.4,4067735.0
John Hall,Evansville,15,-1.8006,79.0,17.4,4066996.0
Robert Martin,Rice,3,2.13122,78.0,22.3,4067053.0
Braxton Bonds,Houston Christian,6,-0.0993664,74.0,17.1,3149055.0
Troy Baxter Jr.,Florida Gulf Coast,3,-2.10221,80.0,23.4,4066777.0
JT Escobar,North Florida,14,-1.20535,74.0,16.0,3919455.0
Armoni Brooks,Houston,14,6.19898,75.0,18.8,4066450.0
Quentin Goodin,Xavier,5,0.285438,76.0,21.8,4065847.0
Tyrique Jones,Xavier,13,5.81153,81.0,22.2,4065846.0
Kalif Young,Providence,15,3.99245,81.0,14.0,4065814.0
Alpha Diallo,Providence,6,5.8661,79.0,25.7,4065813.0
Sam Timmins,Washington,0,2.62359,83.0,13.6,3960595.0
Nick Rakocevic,USC,8,4.77494,83.0,24.1,4066437.0
Jonah Mathews,USC,11,3.19782,75.0,18.0,4066435.0
Carlos Johnson,Grand Canyon,11,0.292926,75.0,30.5,4066637.0
Ade Murkey,Denver,3,-0.58246,77.0,25.5,4067603.0
Xzavier Malone-Key,Fairleigh Dickinson,17,-2.19839,76.0,20.1,4067346.0
Jordan Barnes,Indiana St.,1,0.185132,71.0,25.7,4067012.0
Jeff Dowtin,Rhode Island,11,3.70419,75.0,20.9,4066786.0
Taurean Thompson,Seton Hall,7,-3.51101,83.0,26.4,4065721.0
Tyus Battle,Syracuse,11,2.68294,78.0,24.3,4065722.0
Luke Rosinski,New Hampshire,4,-8.89839,80.0,12.3,4066730.0
Connor MacDougall,Utah Valley,13,2.15512,81.0,23.0,3134889.0
Jerry Johnson Jr.,Chattanooga,1,-0.846838,73.0,22.2,3947014.0
Lorenzo Hunt,Mississippi Valley St.,4,-7.75783,76.0,12.2,4069376.0
Loren Cristian Jackson,Akron,1,1.1536,68.0,26.0,4066919.0
Max Heidegger,UC Santa Barbara,1,-1.48922,75.0,22.5,4066958.0
Diogo Brito,Utah St.,11,3.66954,77.0,18.2,4066761.0
Abel Porter,Utah St.,5,0.695969,75.0,15.1,4066763.0
Sam Merrill,Utah St.,11,5.6525,77.0,25.3,4066757.0
Juwan Durham,Notre Dame,0,8.8072,83.0,18.8,4066440.0
Jared Printy,Western Michigan,17,-1.94727,76.0,12.5,4067405.0
Jason Carter,Ohio,3,2.06113,80.0,25.2,4067398.0
Devocio Butler,Texas Southern,14,0.135151,77.0,15.7,4066659.0
Christian Vital,Connecticut,11,5.56061,74.0,22.5,4066443.0
Trayvon Reed,Texas Southern,2,-0.35313,86.0,20.5,3163178.0
Isaiah Wright,San Diego,11,2.48902,74.0,21.4,3134910.0
Zach Radz,Sacred Heart,17,-4.72696,74.0,16.7,4067934.0
Deniz Celen,St. Francis NY,15,1.75545,80.0,19.2,4067291.0
Richmond Aririguzoh,Princeton,13,6.07034,81.0,21.5,4066847.0
Jose Morales,Princeton,5,-0.238314,69.0,18.5,4066845.0
Tre Clark,Furman,6,-0.567645,77.0,20.2,4067606.0
Jordan Lyons,Furman,1,-1.92813,71.0,24.6,4067607.0
Steven Whitley,Norfolk St.,9,0.0518368,75.0,26.5,3938909.0
Kristian Doolittle,Oklahoma,8,5.813,79.0,20.5,4066307.0
Xavier Sneed,Kansas St.,6,7.45789,77.0,19.7,4066303.0
Matt Freeman,Oklahoma,14,3.30647,82.0,15.6,3960812.0
Samuel Idowu,Saint Peter's,0,-0.424213,79.0,23.3,3922042.0
Nick Ward,Michigan St.,2,3.29902,81.0,29.6,4066384.0
Marlon Stewart,North Dakota,1,-1.79822,75.0,25.8,3912333.0
Frederick Scott,Rider,3,-0.921651,80.0,22.8,3922033.0
Isiah Deas,La Salle,1,-2.47794,78.0,26.0,4072630.0
Zach Sellers,Savannah St.,1,-4.63088,73.0,19.3,4067946.0
R.J. Kelly,South Alabama,7,-1.27259,79.0,11.5,4067943.0
Oscar Frayer,Grand Canyon,17,3.41805,79.0,15.4,4067332.0
Johnny McCants,New Mexico St.,13,6.11326,79.0,16.8,4067472.0
Nate Kennell,Bradley,14,1.47096,78.0,17.1,4066976.0
JaShaun Smith,Longwood,12,-2.46991,77.0,18.7,4067595.0
Darrell Brown,Bradley,1,-0.524158,70.0,25.1,4066973.0
Koch Bar,Bradley,8,0.0712643,83.0,19.6,4066974.0
Matt Milon,William & Mary,12,-2.77955,77.0,19.5,3943610.0
Tyson Ward,North Dakota St.,3,0.741661,78.0,25.6,4067700.0
Cameron Hunter,North Dakota St.,1,-2.07686,75.0,20.9,4067699.0
Jared Samuelson,North Dakota St.,14,1.17015,75.0,11.0,4067698.0
Jontray Harris,Louisiana Monroe,17,-4.53833,76.0,17.3,4067705.0
Isaac Gassman,Illinois St.,14,-1.03921,77.0,10.0,4067004.0
Derrick Alston,Boise St.,12,1.30952,80.0,22.6,4066628.0
Justinian Jessup,Boise St.,11,4.39017,78.0,20.0,4066632.0
Dontay Caruthers,Buffalo,6,5.39193,73.0,18.4,4067372.0
Davonta Jordan,Buffalo,6,3.22126,74.0,17.6,4067370.0
Sid Tomes,Air Force,17,-2.69483,76.0,14.0,4066596.0
Ian Kinard,South Carolina St.,7,-3.47397,80.0,18.3,4067966.0
Janai Raynor-Powell,South Carolina St.,5,-5.14611,70.0,21.1,4067964.0
David Bottenberg,South Carolina St.,7,-5.16207,80.0,16.7,4067965.0
Ozante Fields,South Carolina St.,8,-3.89225,79.0,19.7,4067962.0
Tommy Kuhse,Saint Mary's,5,2.18561,74.0,16.1,4066735.0
Elijah Thomas,Saint Mary's,17,1.92269,77.0,16.0,4066734.0
Jordan Ford,Saint Mary's,11,5.44553,73.0,27.5,4066736.0
Mark Carbone,New Hampshire,17,-5.98136,74.0,19.4,4066743.0
John Edgar Jr.,UC Irvine,17,-2.21574,77.0,18.4,4066932.0
Evan Leonard,UC Irvine,11,6.75115,73.0,21.6,4066933.0
Eyassu Worku,UC Irvine,5,-2.87703,74.0,21.2,4066934.0
Tommy Rutherford,UC Irvine,15,0.97701,80.0,22.7,4066936.0
Nick Rogers,IU Indy,11,-3.00915,73.0,16.7,3907088.0
Kyle Guy,Virginia,11,8.19257,74.0,21.2,4065730.0
Corey Manigault,New Mexico,8,-2.47525,81.0,26.7,4065714.0
John Mooney,Notre Dame,2,4.95607,81.0,24.8,4065705.0
Nikola Djogo,Notre Dame,12,1.61095,79.0,12.3,4065704.0
T.J. Gibbs,Notre Dame,1,1.42283,75.0,21.2,4065703.0
Devine Eke,Rider,13,1.17617,80.0,17.9,3941312.0
Issac Vann,VCU,6,4.71594,78.0,21.0,3941317.0
Daishon Smith,Louisiana Monroe,11,7.40352,73.0,27.6,4066454.0
Adam Grant,Bryant,1,-2.42563,73.0,22.0,4067524.0
Thik Bol,Southern Illinois,7,-5.40766,80.0,19.2,4067067.0
V.J. King,Louisville,7,0.933722,78.0,19.3,4065666.0
Cory Gensler,Campbell,12,-0.26978,76.0,12.6,4067271.0
Amidou Bamba,Coastal Carolina,16,-3.22932,80.0,18.9,4067318.0
Zigmars Raimo,Hawaii,8,0.47205,80.0,23.1,4066914.0
Mattias Markusson,Loyola Marymount,2,1.35985,87.0,20.6,4066671.0
Rui Hachimura,Gonzaga,2,6.43267,80.0,26.4,4066648.0
Zach Norvell Jr.,Gonzaga,11,8.44743,77.0,21.6,4066649.0
Killian Tillie,Gonzaga,2,9.41556,82.0,17.3,4066651.0
TJ Haws,BYU,11,4.97096,76.0,25.7,4066657.0
Caleb Stewart,Binghamton,3,-1.13868,81.0,20.1,4066691.0
Bryson Robinson,New Orleans,11,-0.400786,76.0,22.3,4067760.0
A.J. Cheeseman,Maryland Eastern Shore,7,-11.3589,79.0,26.7,4287948.0
Jalon Gates,Houston Christian,1,-4.55874,72.0,25.8,4067650.0
Christian Peevy,Incarnate Word,3,-2.87187,78.0,28.0,4067756.0
Mfiondu Kabengele,Florida St.,2,6.12111,82.0,27.5,4065660.0
Javin DeLaurier,Duke,13,10.0499,82.0,11.5,4065650.0
Marques Bolden,Duke,0,8.28562,83.0,13.0,4065652.0
Jack White,Duke,12,6.49928,79.0,10.8,4065653.0
Trent Forrest,Florida St.,6,7.1321,76.0,18.9,4065656.0
Ako Adams,Rice,1,-2.61866,74.0,21.1,4067051.0
Ed Morrow,Marquette,8,2.77358,79.0,21.0,3911896.0
Terrell Brown,New Mexico St.,11,3.18657,73.0,20.8,4396007.0
Damien Jefferson,Creighton,15,1.23613,77.0,17.7,4066720.0
Jalen McDaniels,San Diego St.,2,2.38229,82.0,27.9,4066731.0
Aher Uguak,Loyola Chicago,15,0.419239,79.0,15.5,4066717.0
Jalen Harris,Arkansas,5,-0.143538,74.0,18.7,4066718.0
Isaac Mbuyamba,Kennesaw St.,16,0.233398,79.0,9.2,4067157.0
Jordan Walker,Morehead St.,1,-0.731022,72.0,24.4,4067181.0
Johnny McWilliams,Fresno St.,17,-0.61295,78.0,13.2,4066677.0
Jacara Cross,Jacksonville St.,13,2.60736,80.0,18.9,4067175.0
Brekkott Chapman,Weber St.,2,3.67398,81.0,20.3,3134905.0
Malik Fitts,Saint Mary's,2,4.91486,80.0,24.6,4066467.0
Luka Vulikic,Eastern Washington,7,-7.37777,78.0,19.6,4066879.0
Jacob Davison,Eastern Washington,11,-0.846234,76.0,27.5,4066878.0
Tyler Creammer,VMI,7,-6.52758,82.0,18.4,4067636.0
Adam Sledd,Western Carolina,16,-8.37064,80.0,15.5,4067647.0
Christian Carlyle,Florida Gulf Coast,3,-0.114927,78.0,19.7,4067124.0
Tyler Hooker,Kennesaw St.,1,-1.4883,72.0,28.8,4067156.0
Brandon Gonzalez,Southeastern Louisiana,14,0.706819,78.0,15.8,4067855.0
Kevon Harris,Stephen F. Austin,3,0.273374,78.0,24.3,4067858.0
Gerron Scissum,Alabama A&M,7,-6.35729,80.0,22.2,3913190.0
Donovan Greer,NJIT,14,-1.14206,75.0,18.9,4067195.0
Austin Wiley,Auburn,0,1.13585,83.0,26.0,4078506.0
Dondre Duffus,Bethune Cookman,5,-3.69562,74.0,19.1,4067196.0
Tahj Eaddy,Santa Clara,1,-0.160074,73.0,23.0,4067197.0
Jonathan Dalton,Southeast Missouri St.,5,-3.69291,70.0,15.6,4067200.0
Lamar Peters,Mississippi St.,9,3.16836,72.0,24.4,4066281.0
Mario Kegler,Baylor,3,1.52349,79.0,20.1,4066283.0
Karlis Silins,Florida Atlantic,15,-0.480039,83.0,19.7,4066277.0
Breein Tyree,Mississippi,11,2.94611,74.0,25.4,4066276.0
Travis Fields Jr.,Radford,1,0.776551,70.0,20.7,4067030.0
Lavelle Scottie,Air Force,3,-3.45608,79.0,27.9,4066598.0
Julian Walters,North Carolina Central,5,-1.79442,70.0,17.7,4067598.0
Ross Cummings,Mercer,11,-0.095371,75.0,23.8,4067720.0
Darius Roy,Milwaukee,9,0.0216962,74.0,25.8,4067719.0
Bolden Brace,Northeastern,12,4.61981,78.0,16.4,4067307.0
Shawn Occeus,Northeastern,6,0.833517,76.0,22.6,4067306.0
Nathan Knight,William & Mary,2,7.59882,82.0,33.0,4067325.0
Justin Pierce,William & Mary,3,1.70339,79.0,24.4,4067326.0
Elijah Davis,Wagner,3,-2.00178,76.0,22.2,4067972.0
Lucas N'Guessan,East Tennessee St.,13,1.54586,84.0,20.6,4066316.0
Kienan Walter,North Dakota,15,-0.571174,81.0,18.6,4066646.0
Billy Brown,North Dakota,12,0.432148,75.0,11.8,4066643.0
Christian Keeling,Charleston Southern,11,4.23325,76.0,26.6,4067301.0
Will Rayman,Colgate,3,1.42999,80.0,20.9,4067106.0
Ben Robertson,Bucknell,15,-1.13414,77.0,12.5,4067104.0
Skylar Mays,LSU,11,7.15686,76.0,17.8,4066269.0
Tyree Crump,Georgia,1,-1.00158,73.0,22.4,4066266.0
Dontay Bassett,Florida,15,3.58215,81.0,15.7,4066258.0
Jordan Harris,Georgia,6,4.54032,76.0,20.2,4066265.0
Ramon Vila,Chattanooga,15,0.79676,80.0,20.0,4066343.0
Romello White,Arizona St.,13,1.55217,80.0,16.6,4066342.0
Willie Jackson,Toledo,2,1.42939,78.0,19.0,4066232.0
Frankie Hughes,Duquesne,14,-0.427499,76.0,18.6,4066233.0
Devin Morgan,Youngstown St.,1,-4.0516,70.0,24.6,3948728.0
David Jean-Baptiste,Chattanooga,11,0.0069009,73.0,17.8,4067255.0
Nat Dixon,SMU,14,-0.0928451,76.0,12.4,4067251.0
KaVaughn Scott,Loyola MD,15,-4.58815,80.0,18.4,4067129.0
Chuck Champion,Loyola MD,1,-4.01177,76.0,20.4,4067132.0
Andrew Kostecka,Loyola MD,6,5.20871,76.0,29.0,4067130.0
Jeremy Peck,UNC Asheville,16,-7.26012,81.0,12.9,4067230.0
Maurice Howard,Alcorn St.,1,-4.2552,73.0,20.2,4067679.0
Kobe Wilson,Alcorn St.,16,-4.5603,81.0,9.4,4067680.0
Austin Rogers,Alabama St.,4,-6.57885,76.0,11.3,4067675.0
Damni Applewhite,South Carolina St.,3,-3.46553,80.0,23.5,4067967.0
Reginald Gee,Alabama St.,1,-4.82093,75.0,23.0,4067676.0
Justin Simon,St. John's,6,1.09532,77.0,19.8,3907524.0
Elijah Minnie,Eastern Michigan,6,4.37441,81.0,20.5,3133973.0
Ray Salnave,Monmouth,9,0.31904,75.0,27.2,4067329.0
Samuli Nieminen,Stephen F. Austin,10,-6.00132,80.0,8.7,4067863.0
Jordan Chatman,Boston College,14,-0.689426,77.0,19.0,3135095.0
Lawson Korita,Tulsa,17,1.82426,77.0,14.0,4066479.0
Travis Atson,Quinnipiac,7,-4.73693,77.0,19.6,4066478.0
Martins Igbanu,Tulsa,13,0.505237,80.0,22.4,4066477.0
John Fulkerson,Tennessee,0,8.33067,81.0,14.7,4066215.0
Jordan Bone,Tennessee,11,4.52922,75.0,21.9,4066212.0
Jordan Bowden,Tennessee,11,6.13828,77.0,17.1,4066213.0
Grant Williams,Tennessee,2,11.7649,79.0,27.0,4066218.0
Clevon Brown,Vanderbilt,16,2.49777,80.0,13.3,4066229.0
Joseph Battle,Appalachian St.,8,-4.89421,75.0,17.3,4066482.0
John Kiser,Valparaiso,17,-1.50354,77.0,10.4,4067455.0
Devin Gage,DePaul,5,-1.33427,74.0,19.8,4065774.0
Noah Yates,Richmond,17,-2.3468,77.0,13.7,4072624.0
Osasumwen Osaghae,FIU,0,4.26905,79.0,16.8,4073466.0
Lazaro Rojas,Fresno St.,16,-3.98154,83.0,21.7,4066681.0
Edric Dennis,UT Arlington,1,-0.0708635,72.0,29.3,4070755.0
Austen Awosika,Cal St. Fullerton,5,0.599646,75.0,17.9,4066883.0
Davon Clare,Cal St. Fullerton,17,-1.51926,77.0,15.2,4066882.0
Kuba Niziol,Cal Poly,17,-5.51714,79.0,21.3,4397367.0
Mark Crowe,Cal Poly,14,-0.242552,77.0,15.8,4066868.0
Donovan Fields,Cal Poly,9,-2.32733,70.0,30.8,4066867.0
Gerald Blackshear Jr.,Detroit Mercy,13,-0.216978,81.0,13.2,3936020.0
P.J. Hardy,Louisiana,14,-0.0354682,73.0,14.3,4067789.0
D'Marcus Simonds,Georgia St.,9,-0.0519415,75.0,31.2,4067785.0
Justin Miller,Louisiana,3,-0.527105,78.0,20.7,4067788.0
Quan Jackson,Georgia Southern,6,2.29193,76.0,21.2,4067781.0
Roydell Brown,McNeese St.,8,-2.75588,77.0,25.9,4067791.0
Jalen Tate,Northern Kentucky,9,3.45429,77.0,26.7,4067442.0
Dantez Walton,Northern Kentucky,3,4.09079,77.0,20.8,4067446.0
James Suber,Cal St. Bakersfield,8,0.605937,79.0,14.8,3138479.0
Brandon Childress,Wake Forest,9,3.83978,72.0,21.7,4065750.0
Brandon Robinson,North Carolina,12,7.32968,76.0,12.7,4065675.0
Seventh Woods,North Carolina,5,0.678621,74.0,19.3,4065676.0
Marvin Clark II,St. John's,3,1.40824,79.0,17.7,3147688.0
Terry Harris,North Carolina A&T,14,-3.98589,78.0,17.5,3155906.0
Alterique Gilbert,Connecticut,9,1.06115,72.0,24.7,4066441.0
Matthew Moyer,Vanderbilt,7,-0.343132,80.0,18.0,4065719.0
Sabastian Townes,Bryant,3,-4.61607,77.0,27.9,4067527.0
Kaelen Malone,Oral Roberts,5,-5.79519,73.0,21.8,4066456.0
Tanner Johnson,Bryant,10,-9.63727,77.0,13.7,4067525.0
Aaron Cook,Southern Illinois,5,-2.01885,74.0,21.3,4067063.0
Tyson Batiste,Central Connecticut,5,-4.60784,74.0,11.2,4067530.0
Kashaun Hicks,Central Connecticut,7,-6.8583,78.0,18.1,4067529.0
Tyler Sharpe,Northern Kentucky,11,2.57506,73.0,19.1,4065667.0
Arkel Lamar,UMBC,6,-1.39718,77.0,19.4,4066775.0
Max Curran,UMBC,15,-4.48013,81.0,20.9,4066773.0
C.J. Duff,Western Illinois,14,-2.36751,73.0,17.1,4067729.0
Patrick Good,East Tennessee St.,12,2.52209,72.0,15.9,4067769.0
Isaac Johnson,Appalachian St.,8,0.827583,81.0,20.5,4067770.0
Kelvin Robinson,Eastern Kentucky,5,-2.45639,74.0,19.7,4067771.0
Salif Boudie,Arkansas St.,15,-1.09003,80.0,14.0,4067773.0
Jahmiah Simmons,North Texas,7,-3.34075,76.0,15.6,4067774.0
Christian Willis,Arkansas St.,1,-5.86073,73.0,16.3,4067775.0
Chase Harler,West Virginia,14,0.718011,75.0,11.6,4066331.0
Ryan Kriener,Iowa,2,3.00377,81.0,20.4,4066368.0
Tyler Cook,Iowa,8,2.67224,81.0,26.3,4066367.0
Jordan Bohannon,Iowa,1,3.09411,73.0,18.5,4066366.0
Maishe Dailey,Iowa,17,-0.93327,79.0,13.5,4066365.0
Milos Jovic,Miami OH,15,-3.34777,76.0,14.2,4067389.0
Donovan Gilmore,UNC Asheville,15,-7.11476,80.0,16.6,3129935.0
Adonis De La Rosa,Illinois,7,-5.13938,84.0,19.9,3155489.0
Justin Kier,George Mason,6,1.9308,76.0,22.6,4066863.0
Shane Gatling,Colorado,1,2.41035,74.0,19.2,4067340.0
Josh Ferguson,Winthrop,3,1.11975,80.0,19.1,4067741.0
Brooks DeBisschop,Northern Arizona,13,0.963571,81.0,15.2,4066906.0
Mitch Peterson,Kent St.,10,-0.58517,77.0,13.6,4067386.0
Chris Bowling,Northern Arizona,4,-9.25322,79.0,14.1,4066909.0
Matt Chastain,Illinois St.,12,1.2131,78.0,9.1,4279139.0
Dikymbe Martin,UC Riverside,11,-1.34017,73.0,23.2,4066949.0
Rondale Watson,Marshall,3,-1.52038,76.0,18.5,3138223.0
Lamar Stevens,Penn St.,3,2.46727,80.0,29.8,4066405.0
Frankie Ferrari,San Francisco,9,4.68148,72.0,23.3,3136523.0
Vasa Pusica,Northeastern,11,3.55352,77.0,26.8,3136522.0
Marcus Harris,Sam Houston St.,1,-2.38305,72.0,17.0,3136520.0
Marcus Ottey,Illinois Chicago,1,-2.38282,74.0,24.5,4067433.0
Stevie Jordan,Rider,9,0.964694,72.0,20.7,4067349.0
Bruno Skokna,Loyola Chicago,17,-1.89819,76.0,13.1,4067020.0
James Towns,Niagara,1,-4.40583,70.0,22.7,4067341.0
Franklin Porter,Portland,5,-2.92242,76.0,15.4,3936194.0
Ryan Woolridge,North Texas,6,3.40919,75.0,23.1,3906547.0
Jorden Duffy,North Texas,1,-1.19477,73.0,20.1,4279086.0
Nana Akenten,Nebraska,17,-0.674678,78.0,18.4,4277969.0
Thomas Allen,Nebraska,11,3.17844,73.0,14.9,4277968.0
Alessandro Lever,Grand Canyon,3,-0.751162,82.0,24.6,4280173.0
Isaiah Washington,Minnesota,5,-1.85375,73.0,22.5,4277967.0
Jalen Perry,UAB,14,-0.277499,75.0,19.8,3913199.0
Makhtar Gueye,UAB,3,0.110292,82.0,18.3,4279106.0
LaDavius Draine,Southern Miss,12,2.08412,76.0,18.9,4279101.0
Kyle Young,Ohio St.,13,6.45492,80.0,13.8,4277974.0
Anthony Gaines,Northwestern,6,2.52669,76.0,16.9,4277972.0
Damion Rosser,New Orleans,6,-0.369523,76.0,18.3,4279179.0
Jason Strong,Northeastern,3,-4.78188,80.0,19.2,4279220.0
Tomas Murphy,Northeastern,15,-1.62323,80.0,22.8,4279222.0
Myles Franklin,Northeastern,4,-5.82254,76.0,15.0,4279221.0
Kamar McKnight,Tennessee St.,1,-5.71326,76.0,24.1,4279905.0
Brandon McKissic,UMKC,6,-0.57304,75.0,19.6,4280190.0
Jack Perry,Eastern Washington,14,-3.07035,74.0,11.8,4278600.0
Ra Kpedi,Vermont,8,-2.87889,81.0,14.8,4278247.0
Emmanuel Akot,Arizona,17,-1.45705,79.0,13.8,4278131.0
Alex Barcello,Arizona,14,0.529402,74.0,17.4,4278130.0
Maxwell Evans,Vanderbilt,5,-2.5038,74.0,18.2,4278123.0
Grant Anticevich,California,7,-2.47089,80.0,15.7,4278145.0
Justice Sueing,California,3,3.12456,79.0,22.3,4278141.0
Brad Davison,Wisconsin,14,3.67563,75.0,18.2,4277993.0
Kobe King,Wisconsin,17,0.969361,76.0,12.8,4277992.0
Brandon Randolph,Arizona,3,-0.396001,78.0,23.6,4278127.0
Nate Reuvers,Wisconsin,0,6.02689,83.0,19.7,4277994.0
Ira Lee,Arizona,13,2.17197,79.0,18.8,4278128.0
Dominik Heinzl,Cal St. Fullerton,13,-1.55196,79.0,11.9,4278725.0
Taj Benning,Fairfield,5,-3.70157,75.0,14.7,4279483.0
Johnny Wang,Cal St. Fullerton,15,-3.4226,81.0,14.1,4278728.0
Aidas Kavaliauskas,Fairfield,5,-2.86296,73.0,16.5,4080375.0
Wassef Methnani,Fairfield,7,-4.48167,80.0,23.9,4279486.0
Jared Wilson-Frame,Pittsburgh,14,3.56606,77.0,18.3,4278012.0
Khameron Davis,Pittsburgh,6,1.79502,76.0,10.5,4278016.0
D.J. Harvey,Notre Dame,3,-1.09607,78.0,23.0,4278010.0
Terrell Brown,Pittsburgh,0,0.574661,82.0,17.9,4278018.0
Jaylan McGill,Charlotte,17,-4.45771,74.0,10.5,4278931.0
Jailan Haslem,Charlotte,16,-3.47468,82.0,19.4,4278930.0
Jay Estime',UNC Wilmington,17,-1.43719,77.0,15.8,4279216.0
Gairges Daow,Northern Illinois,17,-3.38052,76.0,13.9,4279439.0
Dante Thorpe,Northern Illinois,11,1.75192,76.0,21.0,4279438.0
Jacob Wiley,Illinois Chicago,16,-2.76032,79.0,14.9,4279246.0
Jordan Davis,Dayton,14,1.78923,74.0,16.9,4278351.0
Jalen Crutcher,Dayton,9,2.32475,73.0,22.7,4278352.0
Vance Jackson,New Mexico,3,1.68211,81.0,25.4,4066442.0
Milos Supica,Charlotte,8,-4.23724,81.0,21.9,4278932.0
Nike Sibande,Miami OH,3,0.851804,76.0,27.7,4279430.0
Donovan Sims,Middle Tennessee,11,1.81963,73.0,19.4,4279080.0
Matt Beachler,Central Michigan,12,-1.89656,76.0,14.9,4279328.0
Malik Ellison,Eastern Michigan,4,-7.36281,68.0,15.9,4279329.0
Kevin McAdoo,Eastern Michigan,1,-1.97217,74.0,20.2,4279331.0
Deishuan Booker,Long Beach St.,9,2.37287,75.0,28.7,4278753.0
Jalen Gibbs,Mount St. Mary's,17,-4.19341,75.0,21.2,4278993.0
Eric Williams Jr.,Duquesne,3,1.99892,78.0,22.6,4278490.0
Goanar Mar,George Mason,10,-2.34305,79.0,11.7,4278356.0
Bryan Knapp,Cornell,5,-5.86011,73.0,10.9,4279473.0
Terrance McBride,Cornell,17,-3.27326,74.0,13.5,4279474.0
Jake Kuhn,Cornell,17,-5.60056,78.0,15.2,4279476.0
Steven Julian,Cornell,7,2.86261,78.0,13.4,4279477.0
Adrease Jackson,Dartmouth,3,-2.4989,80.0,23.9,4279555.0
Chris Knight,Dartmouth,2,0.501607,79.0,33.1,4279553.0
Aaryn Rai,Dartmouth,3,-1.7063,78.0,17.6,4279554.0
Rio Haskett,Harvard,10,-1.4963,75.0,15.2,4279556.0
Scott Blakney,Idaho,8,-5.4002,81.0,16.8,4278609.0
Timmy Falls,Montana,5,-3.67354,74.0,16.8,4278621.0
Isaiah Livers,Michigan,12,9.08609,79.0,15.7,4277957.0
Eli Brooks,Michigan,17,2.46494,73.0,13.4,4277960.0
Jordan Poole,Michigan,11,7.31046,77.0,20.0,4277956.0
David McFarland,SIU Edwardsville,11,0.0276993,76.0,22.8,4284086.0
Darius McNeill,California,14,-0.738473,75.0,17.6,4278139.0
Juhwan Harris-Dyson,California,7,-3.19771,77.0,17.6,4278140.0
Isaiah Gable,Southeast Missouri St.,12,-0.512066,79.0,16.0,4279894.0
Mark Laros,Southeast Missouri St.,15,-3.95491,82.0,17.7,4279898.0
Jahvon Blair,Georgetown,14,-0.857404,75.0,16.6,4278565.0
Logan Ryan,Colorado St.,13,0.606392,81.0,15.1,4278648.0
Jose Alvarado,Georgia Tech,9,2.87355,72.0,22.0,4277869.0
Bryan Trimble Jr.,St. John's,12,-1.56793,75.0,8.3,4278583.0
Jamaree Bouyea,San Francisco,6,2.22744,74.0,14.2,4280245.0
Chaundee Brown,Wake Forest,3,1.81345,77.0,21.0,4278045.0
Olivier Sarr,Wake Forest,8,1.41859,84.0,17.2,4278046.0
Lindell Wigginton,Iowa St.,11,3.39022,74.0,26.9,4277887.0
RJ Nembhard,TCU,17,-1.01703,76.0,16.9,4277916.0
Rod Henry-Hayes,Northern Illinois,14,1.06934,76.0,10.0,4279442.0
Austin Williams,Marist,5,-3.69475,75.0,20.0,4279709.0
Edon Maxhuni,Long Beach St.,1,-4.95054,74.0,20.1,4278756.0
Jalen Seegars,UNC Asheville,7,-4.48587,77.0,15.3,4279051.0
Lamar Morgan,Coppin St.,17,-4.60011,78.0,18.7,4279771.0
Alex O'Connell,Duke,12,2.84296,78.0,14.4,4277846.0
Jalen Ray,Hofstra,14,-0.534721,73.0,16.3,4279206.0
Evan Gilyard,UTEP,1,-2.5946,70.0,22.5,4279109.0
John Jones,Texas Southern,1,-4.17254,72.0,18.9,4278696.0
Gene Davis,Alabama St.,5,-7.04275,73.0,14.5,4280617.0
Keleaf Tate,Niagara,10,-6.19413,74.0,19.8,4279738.0
Jayvon Graves,Buffalo,12,6.84,75.0,17.1,4279325.0
Jeremy Harris,Buffalo,3,5.50159,79.0,22.0,4279324.0
Daeqwon Plowden,Bowling Green,15,2.63882,78.0,16.0,4279318.0
Ifeanyi Umezurike,Florida A&M,16,-7.8807,81.0,15.8,3924889.0
Sam Dowd,Idaho St.,4,-11.9869,68.0,21.1,4278610.0
Fatts Russell,Rhode Island,9,0.146701,70.0,26.4,4278371.0
Javier Langarica,George Washington,7,-2.00519,81.0,18.6,4278497.0
Maceo Jack,George Washington,14,-0.780136,77.0,20.8,4278495.0
Terry Nolan Jr.,George Washington,1,0.8329,74.0,22.5,4278494.0
Justin Mazzulla,George Washington,5,-1.57537,75.0,20.1,4278493.0
Greg Calixte,George Mason,8,-3.03559,80.0,16.8,4278362.0
Tshiefu Ngalakulondi,St. Bonaventure,7,-0.121286,79.0,15.7,4278410.0
Elyjah Williams,Fairleigh Dickinson,15,2.10595,79.0,17.5,4279627.0
K.J. Riley,Evansville,5,-2.20638,77.0,26.1,4279134.0
Tyler Plummer,Wagner,4,-6.72197,75.0,11.8,4279883.0
Mike Parks Jr.,Memphis,13,0.473926,80.0,18.2,4278284.0
Sean Price,Charleston Southern,17,-2.82406,77.0,12.7,4278689.0
Rickey Holden,Cal St. Bakersfield,1,-1.73665,70.0,20.8,4278730.0
Jimmy Boeheim,Cornell,3,-2.29228,80.0,24.4,4279472.0
Tai Bibbs,Columbia,10,-6.29393,75.0,15.6,4279470.0
Gabe Stefanini,Columbia,9,-0.54814,75.0,26.6,4279467.0
Randy Brumant,Columbia,15,0.299856,79.0,16.0,4279466.0
Matt DeWolf,Brown,8,-0.567246,81.0,14.7,4279464.0
Tamenang Choh,Brown,2,3.35322,77.0,24.5,4279463.0
Desmond Cambridge,Brown,3,0.270607,76.0,28.1,4279462.0
Lassi Nikkarinen,Montana St.,5,-5.41491,74.0,11.9,4278629.0
Carlos Hines,Northern Arizona,9,-3.40279,76.0,28.7,4278641.0
Montell McRae,Buffalo,12,4.10752,82.0,13.8,4279323.0
Kaleb Wesson,Ohio St.,2,8.13212,81.0,29.7,4277975.0
Jalen Sanders,Northern Colorado,6,1.3796,77.0,16.2,4278650.0
John Harrar,Penn St.,8,4.88521,81.0,12.5,4277980.0
Jamari Wheeler,Penn St.,6,5.00011,73.0,13.1,4277978.0
Garrison Brooks,North Carolina,13,7.76866,81.0,15.2,4277908.0
Wabissa Bede,Virginia Tech,5,3.61088,73.0,11.2,4278038.0
P.J. Horne,Virginia Tech,15,1.31792,77.0,16.1,4278040.0
Nickeil Alexander-Walker,Virginia Tech,9,7.45051,77.0,26.4,4278039.0
Corey Tillery,Tennessee Tech,10,-4.80533,73.0,15.1,4279900.0
Geno West,Idaho,5,-7.91099,74.0,19.4,4278605.0
Darnell Dunn,Pepperdine,17,-0.249111,78.0,17.1,4280204.0
Trae Berhow,Northern Iowa,3,-0.541776,77.0,15.7,4280203.0
Saben Lee,Vanderbilt,9,0.405175,74.0,22.7,4278124.0
James Batemon,Loyola Marymount,9,1.31199,73.0,27.4,4280161.0
Zafir Williams,Loyola Marymount,3,0.0193081,78.0,18.5,4280159.0
Jade Smith,Pepperdine,6,1.78593,76.0,19.4,4280202.0
Joe Quintana,Loyola Marymount,6,3.77058,74.0,16.5,4280163.0
Levi Stockard III,Kansas St.,16,-0.925115,80.0,15.9,4277897.0
Mike McGuirl,Kansas St.,6,3.15493,74.0,14.7,4277895.0
Marcus Garrett,Kansas,6,5.31064,77.0,15.9,4277892.0
Simon Wright,Elon,17,-4.10487,79.0,14.4,4279202.0
Jacob Rigoni,Quinnipiac,14,-0.458872,78.0,18.3,4279743.0
Rich Kelly,Quinnipiac,11,-1.34944,73.0,21.0,4279741.0
Jamorko Pickett,Georgetown,17,1.52297,80.0,15.5,4278566.0
Mastadi Pitt,Norfolk St.,1,-3.41281,73.0,21.6,4279808.0
Jaden Sayles,Akron,16,-4.93284,81.0,11.0,4279310.0
Dinero Mercurius,Florida Gulf Coast,11,1.24507,76.0,22.2,3132057.0
Davide Moretti,Texas Tech,11,7.85824,74.0,15.7,4277930.0
Stef Smith,Vermont,1,0.264097,73.0,24.1,4278244.0
Bryce Moragne,Florida A&M,7,-4.71816,77.0,15.4,4279780.0
Javon Levi,UT Rio Grande Valley,9,3.17279,71.0,20.7,4280187.0
Josip Vrankic,Santa Clara,15,1.23458,80.0,22.5,4280250.0
Simeon Lepichev,Florida Atlantic,7,-1.28709,81.0,14.0,4278965.0
Makol Mawien,Kansas St.,15,1.5066,81.0,19.4,3907507.0
Ken Odiase,Chicago St.,7,-9.47791,79.0,20.6,4278765.0
Justin McCall,Cal St. Bakersfield,15,-0.174519,78.0,16.4,4278732.0
Anthony Harris,Chicago St.,5,-4.04078,77.0,23.6,4278760.0
Christian David,Butler,6,3.54629,78.0,13.2,4278554.0
Cooper Neese,Indiana St.,14,-0.400001,76.0,18.7,4288068.0
Aaron Thompson,Butler,9,1.23865,74.0,16.4,4278552.0
Jamie Orme,Portland St.,3,0.257699,79.0,19.7,4278656.0
Sandro Mamukelashvili,Seton Hall,2,4.84391,82.0,17.4,4278580.0
Deante Strickland,Portland St.,1,-0.572356,70.0,16.8,4278655.0
Derek Brown,Portland St.,5,-2.48505,72.0,22.9,4278658.0
Holland Woods,Portland St.,9,-3.51302,72.0,24.6,4278657.0
Matej Drgon,Northern Colorado,3,-5.25418,81.0,25.1,4278651.0
M.J. Walker,Florida St.,10,1.41847,77.0,18.3,4277854.0
Malek Green,Morehead St.,15,-2.77963,79.0,16.4,4279878.0
Anthony Polite,Florida St.,6,5.369,78.0,15.2,4277852.0
Steffon Mitchell,Boston College,8,7.03965,80.0,11.7,4277832.0
Deontaye Buskey,Charleston Southern,5,-2.45323,73.0,19.4,4278684.0
Ty Jones,Charleston Southern,3,-0.500633,78.0,19.7,4278685.0
Travis McConico,Charleston Southern,6,2.32876,78.0,16.7,4278683.0
Ja'Cor Nelson,Campbell,6,-2.84828,75.0,18.7,4278680.0
Jordan Whitfield,Campbell,14,-3.20207,73.0,13.0,4278681.0
Phlandrous Fleming Jr.,Charleston Southern,6,2.4684,76.0,24.4,4278688.0
Jaheam Cornwall,Gardner Webb,11,-1.46768,72.0,15.8,4278690.0
Dajour Dickens,Old Dominion,0,2.15066,84.0,13.1,4278576.0
Paul Scruggs,Xavier,11,4.23121,75.0,21.6,4278591.0
Theo John,Marquette,0,5.95806,81.0,15.8,4278569.0
Makai Ashton-Langford,Providence,5,-3.74798,75.0,18.0,4278574.0
Jamal Cain,Marquette,16,-0.526198,79.0,14.8,4278572.0
Nate Watson,Providence,8,1.13517,82.0,22.3,4278573.0
Dayton Gumm,Austin Peay,11,-0.191682,74.0,15.5,4279812.0
Jordan Nwora,Louisville,3,6.26571,79.0,26.1,4277883.0
Marek Dolezaj,Syracuse,15,6.78125,82.0,11.9,4278032.0
Oshae Brissett,Syracuse,3,3.01833,80.0,23.3,4278031.0
Bourama Sidibe,Syracuse,16,3.11205,82.0,13.5,4278033.0
Javante McCoy,Boston University,11,-0.119343,77.0,21.2,4280041.0
Sukhmail Mathon,Boston University,16,-3.50196,82.0,14.0,4280042.0
Marvin Bragg,American,17,-2.5968,78.0,12.5,4280027.0
Paul Newman,Bucknell,16,-0.19526,81.0,17.9,4280043.0
Jimmy Sotos,Bucknell,9,-0.521189,75.0,19.7,4280044.0
Brandon Better,Southern Utah,1,-3.66639,75.0,25.0,4278669.0
Connor McCaffery,Iowa,5,-0.0157314,77.0,16.3,4277950.0
Carson Warren-Newsome,Milwaukee,1,-1.19392,77.0,21.0,4279249.0
Kenny Wooten,Oregon,0,6.56452,81.0,15.2,4278509.0
Jase Febres,Texas,14,3.79423,77.0,15.2,4277921.0
Marquis Godwin,Old Dominion,17,-3.56828,77.0,16.4,4279093.0
Diandre Wilson,NJIT,1,-0.674597,74.0,21.1,4278451.0
Zach Jacobs,James Madison,7,-3.04034,80.0,13.9,4279212.0
Shawndale Jones,NJIT,17,-2.49845,75.0,14.7,4278452.0
Zach Cooks,NJIT,11,2.69043,69.0,24.6,4278449.0
Isaiah Banks,FIU,6,-0.250819,77.0,16.9,4278975.0
Willy Nunez Jr.,FIU,14,-2.77678,78.0,18.4,4278979.0
Amorie Archibald,Louisiana Tech,1,0.177966,75.0,19.7,4279005.0
Elhadji Dieng,FIU,16,-5.83534,83.0,13.6,4278980.0
Rayshawn Neal,South Carolina St.,5,-8.10637,70.0,23.5,4279846.0
Trent Frazier,Illinois,11,2.98803,73.0,22.2,4277936.0
Ricky Nelson,Weber St.,4,-7.41808,73.0,12.0,4278672.0
Calvin Martin,Sacramento St.,16,-5.75492,78.0,11.7,4278664.0
Michal Kozak,Weber St.,15,0.358716,80.0,13.4,4278674.0
Ja Morant,Murray St.,9,8.98175,75.0,36.0,4279888.0
Cedrick Alley Jr.,Houston,17,4.03962,77.0,15.1,4278259.0
Corey Davis Jr.,Houston,11,7.6542,73.0,23.1,4278257.0
Ethan Chargois,SMU,3,3.07151,81.0,23.9,4278297.0
Fabian White Jr.,Houston,8,3.19485,79.0,20.6,4278263.0
Elijah Cuffee,Liberty,14,1.97025,76.0,15.2,4278881.0
Keegan McDowell,Liberty,12,-1.9892,78.0,12.0,4278884.0
Denny Slay,High Point,4,-6.40358,71.0,14.9,4278694.0
Sarju Patel,VMI,14,-1.93875,75.0,17.6,4280104.0
Shunn Buchanan,New Mexico St.,4,-0.920432,72.0,12.9,4280175.0
Naji Marshall,Xavier,3,1.34348,79.0,25.6,4278594.0
Elias Harden,Xavier,17,-2.80403,77.0,14.7,4278592.0
Kyvon Davenport,Memphis,2,3.77294,80.0,22.1,4278280.0
Raynere Thornton,Memphis,15,4.33908,78.0,14.0,4278282.0
Kareem Brewton Jr.,Memphis,6,2.67039,74.0,19.4,4278283.0
Pat Welch,USC Upstate,14,-2.2273,71.0,11.5,4278464.0
Brandon Horvath,UMBC,7,-2.5207,82.0,22.3,4279162.0
Samajae Haynes-Jones,Wichita St.,1,1.62013,72.0,21.2,4278482.0
Asbjorn Midtgaard,Wichita St.,0,4.66582,84.0,16.4,4278485.0
Jacob Gilyard,Richmond,9,4.25009,69.0,24.1,4278378.0
Stacy Beckton Jr.,American,15,1.92828,76.0,18.1,4280025.0
Jailen Gill,Tennessee Martin,8,-2.08253,80.0,18.0,4279913.0
Parrish Hewitt,Tennessee Martin,14,-2.18444,75.0,14.6,4279914.0
Abayomi Iyiola,Stetson,8,-0.838791,81.0,24.1,4278475.0
Dennis Jones,Prairie View A&M,5,-1.99935,73.0,23.5,4280224.0
Matt Weir,Purdue Fort Wayne,11,-2.92702,73.0,17.0,4279504.0
Donoven Carlisle,Denver,15,-1.33228,80.0,13.7,4279501.0
Ahmad Clark,Albany,9,1.11646,73.0,33.3,4278199.0
Taylor Funk,Saint Joseph's,3,0.190099,81.0,18.0,4278395.0
Bryson Lockley,Kennesaw St.,7,-4.08559,80.0,17.7,3936178.0
Rocky Kreuser,North Dakota St.,3,0.875095,82.0,21.4,4279518.0
Maurice Dunlap,Jacksonville St.,17,-2.55338,74.0,11.3,3136514.0
Noah Frederking,Evansville,17,-3.0566,76.0,14.5,4279133.0
Jahlil Tripp,Pacific,6,4.59752,77.0,21.5,4285659.0
Lafayette Dorsey,Pacific,1,-1.75905,73.0,28.6,4285656.0
Rylan Bergersen,BYU,17,-2.19121,78.0,17.4,4280143.0
Crew Ainge,Utah St.,5,-1.55704,72.0,16.0,4278719.0
Brock Miller,Utah St.,14,0.739737,78.0,14.4,4278721.0
Dwayne Brown Jr.,Utah St.,3,0.547895,78.0,24.2,4278722.0
Anthony Adger,Florida Atlantic,1,2.20797,73.0,25.1,4278962.0
Dwight Wilson,James Madison,8,-2.71379,79.0,20.0,4279213.0
Mark Flagg,Saint Francis,8,-0.203329,81.0,20.7,4280256.0
Chase Freeman,Wagner,5,-5.31812,71.0,14.3,4279884.0
Noah Horchler,North Florida,2,2.95037,80.0,23.0,4278453.0
Chauncey Hawkins,St. Francis NY,1,-4.54726,68.0,26.8,4279649.0
Yaradyah Evans,St. Francis NY,7,-2.01675,78.0,15.2,4279650.0
Jalen Jordan,St. Francis NY,14,-1.56455,75.0,21.3,nan
Nate Pierre-Louis,Temple,6,3.70006,76.0,20.4,4278333.0
Justyn Hamilton,Temple,15,0.768992,82.0,16.3,4278334.0
De'Vondre Perry,Temple,6,2.27183,79.0,13.5,4278335.0
Caleb Daniels,Tulane,9,1.28072,76.0,26.4,4278373.0
David Collins,South Florida,9,2.79317,75.0,25.9,4278306.0
Justin Brown,South Florida,12,2.34662,78.0,16.0,4278307.0
J.P. Moorman II,Temple,12,4.32039,79.0,12.8,4278332.0
Buay Koka,Tulane,13,1.04845,84.0,10.7,4278375.0
Cameron Benford,Purdue Fort Wayne,16,-4.09381,80.0,12.4,4279505.0
Chris Quayle,North Dakota St.,17,-2.31726,77.0,10.3,4279516.0
Jordan McKenzie,Stony Brook,5,-3.67743,73.0,10.6,4278242.0
Ebube Ebube,Manhattan,7,0.265363,79.0,17.4,4279705.0
Scott Hitchon,Canisius,15,-2.89774,80.0,20.1,4279482.0
Jaylen Butz,DePaul,8,1.82274,81.0,16.3,4278559.0
Paul Reed,DePaul,2,5.47864,81.0,21.1,4278562.0
Nathan Cayo,Richmond,15,-0.265599,79.0,21.2,4278380.0
Braxton Beverly,N.C. State,14,2.03735,72.0,15.6,4278007.0
Alex Petrie,Lafayette,1,-7.17395,75.0,31.5,4280076.0
E.J. Stephens,Lafayette,17,-3.64574,75.0,16.8,4280074.0
Caleb Bennett,Lehigh,5,-3.00462,77.0,16.9,4280078.0
James Karnik,Lehigh,8,-3.41854,81.0,20.0,4280080.0
Marques Wilson,Lehigh,17,-1.4079,76.0,13.3,4280081.0
Isaiah Hart,Loyola MD,1,-4.38328,71.0,21.0,4280083.0
Brent Holcombe,Loyola MD,2,2.67243,80.0,25.0,4280087.0
Devin Gilmore,Murray St.,13,3.57579,78.0,14.0,4279889.0
Jacoby Ross,Alabama St.,1,-4.70671,69.0,23.4,4280626.0
Felipe Haase,South Carolina,3,2.77641,81.0,14.6,4278110.0
Andrew Petcash,Boston University,12,0.179776,76.0,13.4,4280040.0
David Beatty,La Salle,10,-1.90843,74.0,17.7,4278107.0
K.J. Davis,East Carolina,10,-0.783411,77.0,17.1,4278248.0
Hasahn French,Saint Louis,16,2.52213,79.0,19.7,4278403.0
Mitch Ballock,Creighton,12,6.69607,77.0,15.6,4278556.0
Marcus Shaver Jr.,Portland,1,-1.49011,74.0,26.3,4280208.0
JoJo Walker,Portland,1,-1.12074,73.0,22.9,4280207.0
Ty-Shon Alexander,Creighton,11,4.0152,76.0,24.1,4278555.0
Tahirou Diabate,Portland,16,-6.14592,81.0,24.9,4280209.0
Sam Iorio,American,12,1.46406,78.0,18.1,4280029.0
James Baker,Morehead St.,15,-0.485418,78.0,14.4,4279875.0
De'Von Cooper,Morehead St.,10,-2.69982,76.0,16.7,4279876.0
Caleb Hollander,Belmont,3,0.258949,80.0,20.2,4279921.0
Grayson Murphy,Belmont,9,2.89606,74.0,20.7,4279920.0
Nigel Jackson,Wagner,10,-5.0968,79.0,22.2,4279882.0
Cameron Carmical,Eastern Kentucky,10,-2.99428,70.0,8.7,4279855.0
Peyton Broughton,Eastern Kentucky,10,-2.20711,77.0,12.5,4279852.0
JacQuess Hobbs,Eastern Kentucky,4,-5.40722,74.0,18.4,4279851.0
Kavion Pippen,Southern Illinois,0,3.33681,82.0,28.3,4279170.0
Mileek McMillan,Valparaiso,3,-4.91405,80.0,19.8,4279176.0
Brian Thomas,Florida Gulf Coast,0,2.71165,81.0,12.1,4278389.0
Taavi Jurkatamm,San Francisco,16,-0.870631,81.0,9.4,4280248.0
Clyde Trapp,Clemson,6,1.58997,76.0,16.8,4277833.0
Darien Jackson,Tulsa,6,1.51768,74.0,18.1,4278408.0
Elijah Joiner,Tulsa,5,1.38234,75.0,14.2,4278407.0
Shakwon Barrett,Tulane,5,-6.61658,77.0,18.5,4278376.0
Jordan Tucker,Butler,10,-1.01125,79.0,23.5,4277844.0
Sam Kearns,Oral Roberts,11,-0.0898105,72.0,18.9,4279521.0
Stanley Umude,South Dakota,2,0.883375,78.0,28.1,4279532.0
Jordan Schakel,San Diego St.,12,4.6598,78.0,13.1,4278707.0
Isaac White,Stanford,12,-1.14431,74.0,16.5,4278523.0
Iwin Ellis,Prairie View A&M,13,-0.634287,79.0,8.1,4280225.0
Justin Smith,Indiana,15,-0.287773,79.0,20.4,4277943.0
Aljami Durham,Indiana,14,0.476927,76.0,15.5,4277942.0
Justin Jaworski,Lafayette,11,0.758215,73.0,20.8,4280075.0
Noah Baumann,San Jose St.,14,-2.27211,77.0,19.3,4278713.0
Caleb Green,Holy Cross,1,-3.73007,70.0,18.9,4280068.0
Jacob Grandison,Holy Cross,3,-1.20147,78.0,23.4,4280073.0
Matt Faw,Holy Cross,3,-1.98042,81.0,19.2,4280072.0
Kyle Copeland,Holy Cross,17,-4.17082,76.0,14.7,4280069.0
Austin Butler,Holy Cross,1,-2.01132,77.0,21.2,4280070.0
John Meeks,Bucknell,3,-1.24861,78.0,23.7,4280046.0
Jermaine Samuels,Villanova,15,4.61091,79.0,16.7,4278588.0
Jahlin Smith,Savannah St.,17,-8.80225,79.0,21.5,4279824.0
Gary Blackston,Prairie View A&M,6,1.56334,74.0,25.1,4280221.0
Matt Halvorsen,Western Carolina,1,-1.92093,73.0,18.1,4280115.0
Akiean Frederick,Kent St.,15,2.36412,81.0,14.7,4279429.0
BJ Duling,Kent St.,6,1.98396,79.0,17.8,4279428.0
Jordan Burns,Colgate,9,1.55676,72.0,28.1,4280047.0
Keyon Jones,New Mexico St.,17,2.76615,73.0,15.8,4280174.0
Michael Diggins,Illinois Chicago,15,-0.055962,80.0,14.5,4279245.0
Deion Hammond,Monmouth,1,-2.92517,76.0,23.5,4279734.0
Marcus McClary,Monmouth,5,-2.18967,75.0,15.0,4279736.0
Manny Camper,Siena,8,-2.90926,78.0,18.7,4279751.0
Greg Kuakumensah,Niagara,7,-5.54338,78.0,12.8,4279739.0
LaCurtis Allen,Mississippi Valley St.,15,-2.26936,76.0,8.6,4280132.0
Josh McSwiggan,Portland,10,-4.15672,79.0,17.6,3924884.0
Anthony Duruji,Louisiana Tech,15,1.99472,79.0,20.3,4279008.0
Jarrod West,Marshall,10,-0.301479,71.0,11.9,4279077.0
Darius George,Marshall,15,-1.43793,79.0,16.9,4279078.0
Dani Koljanin,Little Rock,17,-5.6554,80.0,13.8,4279074.0
James Hawthorne,Middle Tennessee,7,-2.03292,79.0,18.9,4279081.0
Tope Arikawe,North Texas,16,-5.01776,80.0,21.7,4279085.0
Isaac Johnson,Western Illinois,7,-6.201,77.0,25.7,4279537.0
Alihan Demir,Drexel,3,-0.402434,81.0,26.1,4279197.0
David Jenkins Jr.,South Dakota St.,14,-1.84795,74.0,26.3,4279527.0
Marcus Cohen,Mercer,5,-6.16786,76.0,19.2,4280032.0
Hayden Brown,The Citadel,3,-0.993808,78.0,18.1,4280014.0
Bo Hodges,East Tennessee St.,6,2.43781,76.0,22.0,4280018.0
Alex Reed,The Citadel,10,-2.50932,77.0,17.7,4280012.0
Derek Webster Jr.,The Citadel,16,-1.26955,77.0,10.8,4280013.0
Mladen Armus,East Tennessee St.,8,2.01835,82.0,20.2,4280022.0
Tristan Clark,Baylor,0,12.6103,81.0,19.5,4277885.0
Dre Marin,Southern Utah,11,-0.128912,72.0,15.2,4278670.0
Tyler Polley,Connecticut,14,1.91471,80.0,13.9,4278230.0
Eliel Nsoseme,Cincinnati,16,1.22201,81.0,10.4,4278220.0
Darius Perry,Louisville,11,3.42368,74.0,18.3,4277878.0
Trevor Moore,Cincinnati,17,2.25056,77.0,11.9,4278218.0
Mike'L Simms,VCU,17,0.920781,77.0,16.6,4278417.0
Cedric Council Jr.,Coppin St.,7,-3.56892,80.0,15.6,4279768.0
Greg Parham,VMI,10,-4.21993,76.0,16.5,4280099.0
Bubba Parham,VMI,1,-0.604169,71.0,29.3,4280103.0
Corey Kispert,Gonzaga,12,6.78435,78.0,13.6,4280151.0
Jordan Goodwin,Saint Louis,6,4.50854,75.0,21.4,4278402.0
Jaizec Lottie,Little Rock,5,-2.75022,73.0,16.8,4280284.0
D.C. Davis,Mississippi,17,1.04649,71.0,10.8,4278089.0
Shelby Adams,Texas St.,15,-3.2339,75.0,12.4,4280276.0
Augustine Ene,Incarnate Word,11,-2.00715,76.0,19.5,4278277.0
Tre'Larenz Nottingham,Texas St.,1,-0.101169,74.0,24.0,4280275.0
Elijah Childs,Bradley,2,0.656239,79.0,24.4,4278982.0
Matt Mitchell,San Diego St.,3,-0.854831,78.0,21.8,4278706.0
Greg Heckstall,Hampton,3,-0.784869,78.0,18.8,4279786.0
PJ Pipes,Green Bay,14,-2.45876,74.0,14.4,4279237.0
Devontae Shuler,Mississippi,11,5.65581,74.0,16.9,4278085.0
Matt Haarms,Purdue,0,11.2239,87.0,19.1,4080105.0
Geo Baker,Rutgers,5,2.00248,76.0,22.9,4277986.0
Jordan Horn,North Dakota St.,10,-3.36419,74.0,21.3,4279755.0
Tyler Kohl,Central Connecticut,9,0.0823564,77.0,31.1,4279857.0
Deion Bute,Central Connecticut,13,-0.938876,81.0,20.0,4279859.0
Jahlil Jenkins,Fairleigh Dickinson,1,-1.66848,70.0,20.6,4279625.0
Nojel Eastern,Purdue,8,6.58602,78.0,16.9,4277984.0
Colbey Ross,Pepperdine,9,2.04825,73.0,31.0,4280201.0
Jaylen McCoy,SIU Edwardsville,10,-7.66592,71.0,21.1,4284087.0
Ledarrius Brewer,Southeast Missouri St.,1,-3.40514,77.0,27.4,4279897.0
Cedric Russell,Louisiana,14,-0.908705,74.0,16.0,4280257.0
Zack Bryant,UAB,9,3.10785,74.0,26.0,4279103.0
Samuta Avea,Hawaii,7,-4.03461,78.0,18.9,4278746.0
TJ Shorts II,UC Davis,9,2.15507,69.0,28.2,4279066.0
Kris Bankston,Little Rock,13,4.6746,80.0,15.7,4280289.0
Remy Martin,Arizona St.,9,2.94462,72.0,21.9,4278133.0
Michael Miller,North Texas,3,1.6682,75.0,21.1,4279088.0
Kaiden Rice,The Citadel,12,-3.60711,78.0,20.9,4280011.0
Umoja Gibson,North Texas,1,0.0778403,73.0,20.8,4279087.0
Karlis Garoza,Cal Poly,16,-6.7193,81.0,18.2,4278711.0
Ivan Raut,Fordham,17,-2.58022,79.0,12.9,4278492.0
Koby Thomas,Robert Morris,7,-7.15287,78.0,24.5,4279639.0
Malik Petteway,Robert Morris,2,-0.400787,80.0,26.4,4279638.0
Roberts Blumbergs,Grand Canyon,3,0.535977,82.0,16.2,4280172.0
Eden Ewing,Texas Southern,15,-2.47177,80.0,21.8,4277983.0
Myles Lewis,VMI,7,-5.25005,77.0,24.4,4280102.0
Ta'Vonne Bond,VMI,5,-6.55587,72.0,11.9,4280101.0
Yves Pons,Tennessee,15,3.13374,78.0,11.2,4278116.0
Charles Bain,Robert Morris,3,-2.20905,80.0,21.1,4279641.0
Keaton Van Soelen,Air Force,17,-0.377782,79.0,12.7,4278620.0
KJ Byers,Long Beach St.,7,0.558367,79.0,20.5,4278752.0
Keaton Wallace,UTSA,11,4.42059,75.0,25.9,4279118.0
Matthew Mondesir,Central Arkansas,7,-4.09409,77.0,17.7,4278266.0
Roberto Gallinat,Pacific,11,0.920133,75.0,25.0,4285657.0
Kellan Grady,Davidson,11,0.40894,77.0,23.7,4278349.0
Chris Darrington,Toledo,1,-0.345158,73.0,28.2,4278114.0
Jeremiah Tilmon,Missouri,8,2.82841,82.0,24.3,4278105.0
Paul Atkinson,Yale,13,3.72374,82.0,18.8,4279699.0
Shaquillo Fritz,Arkansas St.,16,-0.154834,80.0,11.7,3904634.0
Grantham Gillard,Arkansas St.,14,-0.231189,76.0,15.7,4280140.0
Omar Habwe,Mount St. Mary's,10,-2.12871,78.0,19.0,4279868.0
Tristin Walley,Arkansas St.,7,0.137258,79.0,17.5,4280142.0
Charles Falden,Winthrop,11,0.177577,75.0,19.3,4279060.0
Kyle Zunic,Winthrop,17,-1.71858,74.0,21.2,4279061.0
Austin Awad,Winthrop,14,-3.32245,78.0,18.4,4279062.0
Marcellus Garrick,Cal Poly,1,-5.18095,76.0,22.3,4278710.0
Ryan Schwieger,Princeton,3,-0.576832,78.0,19.8,4279565.0
DeAndre Jones,Central Arkansas,9,1.01767,71.0,21.8,4278267.0
Ian DuBose,Houston Christian,9,2.63738,76.0,25.3,4278268.0
Philip McKenzie,Houston Christian,8,-2.81767,77.0,14.0,4278269.0
Hayden Koval,Central Arkansas,15,1.37427,84.0,20.3,4278265.0
Deaundrae Ballard,Florida,6,1.4688,77.0,22.0,4278060.0
Teshaun Hightower,Georgia,1,-2.49669,77.0,22.4,4278064.0
Mike Okauru,Florida,17,0.637623,75.0,13.8,4278057.0
Malik Dunbar,Auburn,12,4.74024,78.0,17.7,57595.0
Rayshaun Hammonds,Georgia,2,3.62009,80.0,24.9,4278065.0
Jay Jay Chandler,Texas A&M,6,2.0589,76.0,19.0,4278117.0
T.J. Starks,Texas A&M,5,-3.89161,74.0,31.8,4278118.0
Kene Chukwuka,Pittsburgh,15,2.25581,81.0,11.3,4278017.0
Mack Smith,Eastern Illinois,14,-2.08065,74.0,20.4,4279836.0
Sebastian Much,Princeton,10,-3.48963,80.0,17.5,4279568.0
Jon Williams,Robert Morris,5,-2.82041,73.0,15.9,4279635.0
Jerome Desrosiers,Princeton,10,-1.83866,79.0,14.3,4279566.0
Jalen Reeder,Alabama A&M,17,-5.44251,77.0,22.5,4280051.0
A.J. Caldwell,Chattanooga,17,-3.0255,76.0,14.4,4280264.0
Rodrick Sikes,South Alabama,14,-2.36707,74.0,19.5,4280265.0
Andre Kennedy,Alabama A&M,8,-4.61775,79.0,25.5,4280054.0
Arthur Johnson,Alabama A&M,5,-5.93546,74.0,27.0,4280053.0
Keith Williams,Cincinnati,6,5.19397,77.0,20.9,4278217.0
Johnny Crnogorac,UT Rio Grande Valley,7,-5.44349,85.0,17.8,4395993.0
Chris Joyce,Air Force,3,-1.62503,77.0,20.0,4278615.0
Ameka Akaya,Air Force,15,-3.84641,78.0,20.0,4278616.0
Jarrett Culver,Texas Tech,9,10.3158,77.0,32.2,4277928.0
Trevian Bell,Green Bay,12,-0.481158,78.0,18.6,4279240.0
Anthony Longpre,Saint Joseph's,10,-2.71107,82.0,11.7,4278393.0
Markus Golder,Valparaiso,3,-1.14829,78.0,20.2,4279173.0
Travon Bell,Chicago St.,14,-3.00125,75.0,16.9,4278763.0
Chris Harris Jr.,Houston,0,8.43386,82.0,12.3,3907779.0
Malik Williams,Louisville,2,5.01701,83.0,22.5,4277880.0
Taqwain Drummond,Coppin St.,4,-7.4511,76.0,15.6,4279767.0
Jericho Sims,Texas,8,0.711216,81.0,16.8,4277922.0
Mayan Kiir,South Florida,16,-2.07333,81.0,22.7,4278083.0
Nicolas Claxton,Georgia,0,6.53893,83.0,22.2,4278067.0
Tremont Waters,LSU,9,6.94858,71.0,26.5,4278080.0
Teyvion Kirk,Ohio,7,-5.4619,76.0,31.9,4279447.0
Jalen Adaway,Miami OH,3,0.477536,77.0,13.8,4279431.0
Darrian Ringo,Miami OH,9,3.18999,74.0,21.3,4279433.0
Romeo Crouch,Presbyterian,12,3.31389,75.0,12.7,4278902.0
Jordan Cintron,Longwood,15,-2.49988,80.0,18.1,4278891.0
Spencer Franklin,Longwood,8,-2.33206,80.0,14.9,4278890.0
Raine McKeython,Stetson,1,-5.32654,73.0,16.6,4278472.0
Aamir Simms,Clemson,12,4.39465,79.0,16.8,4277835.0
Isaiah Miller,UNC Greensboro,6,6.60705,72.0,27.2,4280037.0
Storm Murphy,Wofford,11,3.60829,71.0,14.7,4280118.0
Marcus Thomas,Western Carolina,1,-3.46078,75.0,23.5,4280116.0
Nick Weatherspoon,Mississippi St.,11,3.45111,74.0,17.4,4278094.0
Keve Aluma,Wofford,13,6.79831,81.0,13.7,4280120.0
Tray Hollowell,Wofford,14,1.72528,74.0,20.9,4280119.0
Daniel Gafford,Arkansas,0,6.45391,83.0,25.2,4278049.0
Gabe Osabuohien,Arkansas,7,2.1147,80.0,18.4,4278051.0
Alex Reese,Alabama,3,3.03528,81.0,23.7,4277812.0
John Petty,Alabama,12,3.33661,77.0,19.1,4277814.0
Galin Smith,Alabama,16,-3.13399,81.0,18.2,4277815.0
Jack Ferguson,Colgate,11,1.21073,75.0,19.1,4280048.0
Savion Flagg,Texas A&M,3,3.00196,79.0,21.6,4278119.0
Alex Hunter,Furman,14,1.72622,71.0,14.5,4280016.0
Sean Mobley,VCU,17,1.79383,80.0,13.8,4278418.0
Anthony Ochefu,Stony Brook,16,-7.97825,80.0,17.1,4278243.0
Musa Jallow,Ohio St.,6,2.61554,77.0,13.3,4277973.0
Obadiah Noel,UMass Lowell,11,-0.705759,76.0,24.5,4278235.0
Matt Coleman III,Texas,1,2.39,74.0,20.0,4277918.0
Shawn Jones,UMass Lowell,5,-4.77747,72.0,17.9,4278234.0
Elijah Jordan,New Hampshire,10,-6.66605,73.0,19.2,4278237.0
Jaron Cornish,Stony Brook,5,-0.198364,71.0,20.6,4278239.0
Zach Reichle,Oregon St.,10,-2.42148,77.0,12.9,4278517.0
Ayo Akinwole,Nebraska Omaha,11,0.171752,72.0,14.1,4279508.0
Matt Pile,Nebraska Omaha,8,1.21533,80.0,23.1,4279512.0
Jordan Roberts,Long Beach St.,7,-3.47086,80.0,21.3,4278751.0
Troymain Crosby,Alcorn St.,5,-6.09298,76.0,27.3,4280061.0
Jarkel Joiner,Cal St. Bakersfield,1,-0.226749,73.0,22.7,4278729.0
Vladimir Pinchuk,New Mexico,16,-0.37972,83.0,12.9,4278701.0
Axel Mpoyo,Grambling St.,15,-0.623045,80.0,16.5,4280107.0
Makuach Maluach,New Mexico,3,-0.706795,79.0,20.4,4278699.0
Alex Peacock,Texas St.,6,3.68256,79.0,16.9,4280278.0
Josh Hopkins,New Hampshire,10,-5.68217,77.0,18.6,4278238.0
Nathan Priddy,Elon,1,-4.5346,74.0,19.1,4279201.0
Zach Gunn,Ball St.,12,-0.508464,78.0,15.6,4279315.0
Dimitrije Spasojevic,East Carolina,7,-5.39625,80.0,15.1,4278250.0
Trejon Jacob,FIU,12,-0.701492,77.0,16.9,4278977.0
Darian Dixon,Northwestern St.,7,-3.88237,80.0,14.4,4278315.0
Cameron Krutwig,Loyola Chicago,2,6.30345,81.0,28.4,4279150.0
Tobi Ewuosho,Alabama St.,7,-4.06293,77.0,21.5,4280620.0
Tywhon Pickford,Northern Iowa,7,-1.55559,76.0,14.5,4279167.0
Moses Wright,Georgia Tech,7,-1.59367,81.0,21.8,4277871.0
Kobe Webster,Western Illinois,1,0.251143,72.0,26.1,4279535.0
Dylan Hastings,Lafayette,7,-3.28424,80.0,12.5,4280077.0
Terrell Gomez,Cal St. Northridge,11,-0.401053,68.0,20.8,4278736.0
Brady Manek,Oklahoma,12,6.2099,81.0,20.8,4277902.0
Noe Anabir,Youngstown St.,13,-1.03751,80.0,16.2,4279693.0
Naz Bohannon,Youngstown St.,7,-0.191847,78.0,18.6,4285366.0
Michael Akuchie,Youngstown St.,3,-1.07868,80.0,17.7,4279695.0
Zach Hunsaker,Brown,14,-0.55662,74.0,12.9,4279461.0
Chris Lykes,Miami FL,9,0.502654,67.0,27.3,4277889.0
Lemmie Howard,Jackson St.,17,-2.02815,79.0,18.3,4283592.0
Reggie Scurry,Middle Tennessee,15,0.385237,78.0,21.8,4279156.0
RJ Cole,Howard,9,2.60723,73.0,29.7,4279789.0
Greg Bowie II,UT Rio Grande Valley,1,-4.05241,74.0,19.0,4280186.0
Aaron Nettles,Seattle,12,0.440903,71.0,10.1,4280184.0
Ben Nakwaasah,Utah Valley,1,-0.903521,74.0,20.9,4280196.0
Bubba Furlong,Sam Houston St.,15,-0.37054,81.0,20.7,4278323.0
Jordan Usher,USC,3,-1.2538,79.0,19.9,4278532.0
Kenny Aninye,Stetson,5,-2.93841,73.0,18.2,4278473.0
Trip Day,North Florida,7,-3.37238,79.0,23.5,4278459.0
Christiaan Jones,Stetson,3,-3.19766,76.0,23.4,4278470.0
Brian Coffey II,North Florida,5,-8.44345,73.0,17.0,4278457.0
Ivan Gandia-Rosa,North Florida,9,-0.182125,73.0,20.3,4278458.0
Ryan Burkhardt,North Florida,14,-2.40077,76.0,11.2,4278456.0
Fausto Pichardo,Alabama St.,15,-1.36382,80.0,17.8,4280628.0
Stefan Lakic,Samford,17,-5.44153,79.0,13.2,4280065.0
John Comeaux,Stephen F. Austin,5,-3.40759,71.0,18.0,4278338.0
Ajani Kennedy,UC Riverside,3,-2.89514,80.0,19.3,4284256.0
Tervell Beck,UNLV,15,-3.56617,79.0,21.0,4278950.0
John Grant Jr.,Savannah St.,10,-8.80634,78.0,21.1,4279823.0
Derrik Jamerson Jr.,Norfolk St.,12,2.67903,77.0,12.6,4279809.0
Terry Taylor,Austin Peay,2,5.38236,77.0,26.7,4279815.0
Myles Smith,Texas A&M Corpus Chris,1,-4.9659,72.0,23.7,4278341.0
Joe Hugley,Central Connecticut,3,-5.68067,79.0,25.9,3938913.0
Isaiah Martin,Florida A&M,0,3.47245,84.0,16.2,4279778.0
Kamron Reaves,Florida A&M,5,-7.53505,74.0,25.4,4279781.0
Garrett Covington,Youngstown St.,1,-1.79468,77.0,20.1,4285365.0
Jarvis Doles,Drexel,14,-3.0525,81.0,18.2,4279195.0
Damari Milstead,Grand Canyon,9,0.899668,74.0,22.5,4280171.0
Kane Williams,Georgia St.,6,2.74817,75.0,20.1,4280167.0
William Tinsley,Illinois St.,17,-0.87241,78.0,12.0,4279140.0
Breaon Brady,Houston,0,5.79256,80.0,21.8,4278260.0
Evan Kuhlman,Evansville,17,-2.01869,80.0,15.7,4279131.0
Takal Molson,Canisius,3,-0.660841,77.0,28.0,4279481.0
Da'Monte Williams,Illinois,6,3.17281,75.0,10.2,4277940.0
Mark Smith,Missouri,11,6.18256,76.0,18.9,4277939.0
Luka Garza,Iowa,2,3.6755,83.0,24.4,4277951.0
Chuma Okeke,Auburn,2,12.5748,80.0,20.9,4278052.0
Brandon Hutton,Northwestern St.,4,-8.26623,77.0,19.6,4278316.0
Kyson Rawls,Morgan St.,1,-2.94253,73.0,19.3,4279805.0
Lapri McCray-Pace,Morgan St.,7,-4.17462,76.0,17.3,4279804.0
Daniel Regis,Nicholls St.,0,-0.410907,79.0,19.7,4278302.0
Kevin Johnson,Nicholls St.,5,-2.12607,70.0,19.5,4278304.0
Ryghe Lyons,Nicholls St.,7,-1.83457,82.0,18.6,4278303.0
Oliver Lynch-Daniels,Houston Christian,5,-5.50979,74.0,19.9,4278275.0
Edward Hardt,Houston Christian,15,-3.98443,82.0,21.7,4278274.0
Kris Wilkes,UCLA,3,1.59456,80.0,25.2,4278528.0
Chris Smith,UCLA,7,-0.897739,81.0,18.3,4278527.0
Daejon Davis,Stanford,9,1.40817,75.0,23.1,4278522.0
Richard Harward,Utah Valley,13,4.01381,83.0,21.1,4280199.0
Cheikh Mbacke Diong,UNLV,13,2.2421,83.0,15.5,4278951.0
Amauri Hardy,UNLV,11,0.527207,74.0,23.2,4278953.0
Cody Graham,Incarnate Word,5,-5.14552,70.0,11.6,4278276.0
Marvin Nesbitt Jr.,UMKC,7,-1.81444,76.0,18.2,4280195.0
Keith Matthews,Stetson,7,-2.82797,79.0,19.6,4278471.0
Tyree Appleby,Cleveland St.,9,2.36715,73.0,31.0,4280299.0
Sam Waardenburg,Miami FL,3,1.02335,82.0,13.2,4079701.0
Nick Richards,Kentucky,0,8.60696,83.0,17.6,4278076.0
PJ Washington,Kentucky,2,10.1555,80.0,25.4,4278078.0
JD Notae,Jacksonville,9,0.682223,74.0,29.0,4278435.0
Tereke Eckwood,Mississippi Valley St.,4,-8.31038,74.0,19.6,4280126.0
Jordan Evans,Mississippi Valley St.,1,-4.34968,74.0,25.9,4280125.0
Josh Webster,Missouri St.,9,1.13218,75.0,17.8,4277924.0
Bruce Stevens,Mississippi,12,3.23415,80.0,19.5,4278088.0
Stefan Kenic,Cleveland St.,3,-3.44574,81.0,20.8,4280301.0
Xavier Tillman,Michigan St.,2,12.884,80.0,20.1,4277964.0
Carter Collins,Davidson,12,1.02192,75.0,12.3,4278347.0
Xavier Smith,Idaho,5,-8.02192,76.0,16.8,4278518.0
Azar Swain,Yale,14,-0.542768,72.0,18.2,4279697.0
McKinley Wright IV,Colorado,9,5.02296,72.0,22.8,4278507.0
Jesus Cruz,Fairfield,3,-2.1571,77.0,21.3,4279488.0
DeAndre Love,Northwestern St.,17,-4.80953,76.0,21.8,4278314.0
Curtis Haywood II,Georgia Tech,6,1.3084,77.0,17.3,4277872.0
Evan Cole,Georgia Tech,7,-1.36713,81.0,21.8,4277868.0
Jordan Goldwire,Duke,4,1.74015,74.0,9.5,4277845.0
Danilo Djuricic,Harvard,15,1.69976,80.0,16.3,4279557.0
Marek Nelson,Western Kentucky,7,-0.729348,79.0,14.0,4279122.0
Jake Ohmer,Western Kentucky,10,-4.3381,73.0,11.0,4279123.0
Taveion Hollingsworth,Western Kentucky,11,0.850149,74.0,21.3,4279121.0
De'Quon Lake,Arizona St.,13,4.44711,82.0,14.3,4278137.0
Marquis Eaton,Arkansas St.,1,-3.47011,74.0,21.4,4280139.0
Roosevelt Smart,North Texas,10,-3.68894,75.0,22.1,4279090.0
Troy Green,New Orleans,5,-4.13496,75.0,22.2,4279181.0
Emmanuel Ejeh,Mississippi Valley St.,7,-1.75011,80.0,17.9,4280127.0
Dontelius Ross,Jackson St.,5,-4.87274,70.0,15.5,4283586.0
Donnie Tillman,Utah,3,4.0328,79.0,19.1,4278536.0
Marty Hill,Evansville,11,1.27066,77.0,20.3,4279130.0
Dainius Chatkevicius,Evansville,8,-2.56738,81.0,27.2,4279132.0
Noah Thomas,Drake,5,-3.43397,74.0,22.0,4278995.0
Brion Whitley,Murray St.,14,-1.40408,76.0,14.9,4279890.0
Lucas Williamson,Loyola Chicago,6,5.43582,76.0,16.3,4279147.0
Josh Anderson,Western Kentucky,6,2.33313,78.0,22.5,4279119.0
Miles Brookins,La Salle,15,-1.63988,82.0,16.3,4278366.0
Travis Weatherington,Hartford,12,0.37748,74.0,14.4,4278214.0
Jamir Moultrie,La Salle,10,-7.72695,73.0,22.9,4278365.0
Derrick Flowers,Jacksonville,10,-3.57835,75.0,10.5,4278439.0
Wesley Harris,West Virginia,3,1.63658,80.0,16.5,4277933.0
Kevin Anderson,Delaware,5,-3.64209,77.0,22.2,4279189.0
Vance Johnson,Milwaukee,3,-2.48086,80.0,24.8,4279250.0
Victor Bailey Jr.,Oregon,14,1.66142,76.0,19.5,4278512.0
Chris Vogt,Northern Kentucky,0,1.02578,84.0,21.8,4279252.0
Luqman Lundy,Bradley,11,1.58436,75.0,13.0,4278981.0
James Beck,Oakland,7,-3.14033,80.0,17.4,4279495.0
Jalanni White,Canisius,15,-2.67783,79.0,17.5,4279478.0
Bam Bowman,Miami OH,3,1.54196,80.0,19.3,4279434.0
Jahshire Hardnett,BYU,1,-1.25647,72.0,21.4,3906464.0
Kyle Foster,Howard,14,-4.51767,78.0,19.7,4279792.0
Zion Cousins,Howard,7,-1.94258,80.0,11.1,4279791.0
Celio Araujo,Maine,5,-8.46101,70.0,9.8,4278222.0
Jaylen Hands,UCLA,9,3.23683,75.0,25.5,4278526.0
KZ Okpala,Stanford,3,0.982659,81.0,26.6,4278521.0
Greg Jones,James Madison,7,-3.89703,79.0,10.4,4279211.0
Darius Banks,James Madison,6,-1.3384,77.0,21.1,4279210.0
Matt Lewis,James Madison,1,-1.9204,77.0,26.4,4279208.0
Dhamir Cosby-Roundtree,Villanova,13,8.08438,81.0,13.2,4278586.0
Collin Gillespie,Villanova,11,3.64494,75.0,19.0,4278585.0
Larry Owens,Northwestern St.,16,-6.94891,80.0,19.9,4278317.0
Ezekiel Charles,New Orleans,3,1.11484,76.0,18.2,4279185.0
Ryan Allen,Delaware,1,-2.73867,74.0,23.7,4279190.0
Bruno Fernando,Maryland,2,9.88224,82.0,23.8,4277952.0
Thorir Thorbjarnarson,Nebraska,6,1.26469,78.0,13.5,4277971.0
Darryl Morsell,Maryland,6,3.02987,77.0,18.7,4277954.0
Herbert Jones,Alabama,6,2.15065,79.0,21.9,4277813.0
Quincy McKnight,Seton Hall,9,1.91468,76.0,21.3,3947674.0
Shaq Buchanan,Murray St.,11,3.41026,75.0,17.2,4279887.0
Kaleb Allison,Mississippi Valley St.,16,-13.9105,79.0,20.4,4280136.0
Paris Austin,California,9,-1.50673,72.0,22.0,3936079.0
San Antonio Brinson,NJIT,7,-3.93738,80.0,19.7,4278448.0
Philip Whittington,Kent St.,8,-0.635302,80.0,22.3,3923564.0
Jhivvan Jackson,UTSA,1,0.673354,72.0,35.3,4279116.0
Ishmael El-Amin,Ball St.,12,0.411747,73.0,14.2,4279313.0
Tevin Mack,Alabama,3,1.39434,78.0,23.0,3947248.0
Jalyn Hinton,Jacksonville,0,2.56402,77.0,16.2,4278438.0
Manny Patterson,Green Bay,8,-3.76865,80.0,18.2,4279241.0
Luke Loewe,William & Mary,17,-5.90699,76.0,11.8,4279227.0
Oscar Da Silva,Stanford,15,3.90817,81.0,18.5,4278524.0
D'Shawn Schwartz,Colorado,12,2.33245,79.0,16.1,4278501.0
Tyler Bey,Colorado,2,2.96863,79.0,24.8,4278502.0
Ethan Thompson,Oregon St.,11,2.12701,77.0,22.1,4278516.0
Chad Andrews-Fulton,Coppin St.,7,-2.60754,79.0,20.0,4279766.0
Alfred Hollins,Oregon St.,7,-2.91489,78.0,16.8,4278515.0
Marcus Santos-Silva,VCU,13,8.21013,79.0,21.7,4278420.0
Jaylen Minnett,IU Indy,1,-2.61287,73.0,24.8,4279244.0
Kevion Nolan,Samford,11,0.770753,74.0,16.2,4280064.0
Levonte Ott,Northwestern St.,7,-5.31659,75.0,17.5,4278313.0
C.J. Jones,Northwestern St.,5,-8.1131,70.0,17.7,4278310.0
Michael Flowers,Western Michigan,1,-0.732873,73.0,27.6,4279455.0
Cameron Johnson,North Carolina,12,11.3563,81.0,20.7,3138196.0
Christian Lutete,UMass Lowell,12,-1.02733,77.0,23.8,3913243.0
Marreon Jackson,Toledo,9,3.19604,72.0,23.2,4279451.0
Kimani Lawrence,Arizona St.,3,1.71822,79.0,17.5,4278134.0
Marcus Weathers,Duquesne,15,-0.499811,77.0,19.6,4067390.0
Eli Scott,Loyola Marymount,2,3.20468,77.0,20.7,4280158.0
Michael Weathers,Oklahoma St.,9,-2.0094,74.0,31.8,4067391.0
Devante Jackson,Grambling St.,7,-3.71715,81.0,25.4,4280111.0
Tre Gray,Texas A&M Corpus Chris,1,-6.63486,74.0,28.5,4278344.0
Quentin Scott,Texas St.,7,-3.73909,79.0,14.7,4280277.0
Malik Burnett,Troy,4,-8.58728,74.0,20.1,4280281.0
Justice Kithcart,Old Dominion,14,1.00394,73.0,18.5,4065713.0
Javan Johnson,Troy,17,-1.8341,79.0,19.6,4280280.0
Cam Davis,Navy,1,-2.57953,73.0,17.4,4280091.0
Devin Thomas,Indiana St.,7,-5.85653,80.0,20.5,4279146.0
Jordan Perkins,North Carolina Central,5,-5.09391,72.0,18.7,4284169.0
Larry McKnight Jr.,North Carolina Central,17,-3.16653,74.0,18.5,3137232.0
Terrance Banyard,Arkansas Pine Bluff,8,-1.65384,80.0,18.3,4283577.0
Martaveous McKnight,Arkansas Pine Bluff,9,0.306521,76.0,29.3,4283578.0
Cameron Posey,Arkansas Pine Bluff,5,-6.9855,74.0,11.7,4283580.0
Tyreke Key,Indiana St.,11,2.61347,74.0,22.0,4279143.0
Reggie Gardner Jr.,North Carolina Central,1,-6.11902,74.0,20.1,4398238.0
Quamauri Hardy,Arkansas Pine Bluff,4,-5.57035,75.0,11.4,4283576.0
Clayton Hughes,Indiana St.,17,-3.87816,78.0,16.3,4279144.0
Ricky Council II,UMBC,14,-0.542418,77.0,17.7,3913216.0
Luke Loehr,Navy,3,-2.55212,79.0,16.4,4280094.0
Danny Ogele,Navy,7,-8.28991,79.0,23.7,4280095.0
Brandon Houston,Alabama A&M,17,-8.76478,79.0,17.9,4280059.0
Isaiah White,Maine,17,-3.53062,77.0,23.4,3913240.0
Daniel Kinchen,SIU Edwardsville,1,-2.95191,75.0,19.9,4284085.0
Kobe Magee,UTEP,5,-4.49756,73.0,12.5,4279112.0
Javon Greene,George Mason,11,2.48775,74.0,16.7,4278360.0
Myles Cale,Seton Hall,14,1.05968,78.0,17.3,4278579.0
Elijah Olaniyi,Stony Brook,3,-0.748163,77.0,22.5,4278240.0
Cameron Bowles,Chicago St.,7,-8.49778,79.0,18.4,4278762.0
Bryce Fowler,Sacramento St.,5,-2.84093,78.0,17.9,4278663.0
Elvin Rodriguez,Denver,1,-6.10514,73.0,24.9,4279503.0
Nehemiah Mack,Manhattan,5,-1.80309,73.0,14.9,4279703.0
Emir Ahmedic,Oral Roberts,13,-5.93861,80.0,18.0,4279524.0
Zachary Simmons,North Texas,15,2.48621,82.0,18.6,4279089.0
Chris Coalmon,Robert Morris,15,-1.98423,78.0,12.0,4279643.0
Carter Skaggs,Washington St.,12,-2.44182,77.0,16.8,4278548.0
Dalonte Brown,Miami OH,3,0.485451,79.0,21.6,4279435.0
Dominick Pickett,UC Riverside,5,-2.12392,75.0,14.8,4081600.0
Justin Forrest,Appalachian St.,1,-0.794266,74.0,28.7,4280137.0
O'Showen Williams,Appalachian St.,10,-1.42962,71.0,11.5,4280138.0
Josh Carlton,Connecticut,0,3.58107,82.0,20.5,4278229.0
Shannon Bogues,Stephen F. Austin,1,-2.65864,75.0,26.9,4278337.0
Nahziah Carter,Washington,3,-0.24315,78.0,20.8,4278542.0
Jaylen Nowell,Washington,11,3.51724,76.0,25.1,4278541.0
Hameir Wright,Washington,4,1.801,81.0,14.1,4278544.0
E.J. Anosike,Sacred Heart,2,0.384727,80.0,21.4,4279647.0
John Mitchell,Delaware St.,7,-6.53638,76.0,23.1,4283598.0
Tre Brown,Coastal Carolina,1,-2.73883,74.0,17.7,4280145.0
Shawntrez Davis,Bethune Cookman,7,-1.5952,81.0,20.0,4279762.0
Myles Carter,Delaware St.,4,-9.12052,73.0,16.1,4284101.0
Johquin Wiley,Delaware St.,5,-4.55599,71.0,19.5,4283602.0
Eddie Reese,Southern,1,-2.39865,73.0,25.5,4280238.0
Zac Cuthbertson,Coastal Carolina,2,4.374,79.0,26.4,4280149.0
Ajay Sanders,Coastal Carolina,14,1.78267,76.0,14.5,4280146.0
Ameer Bennett,Delaware St.,7,-9.06946,80.0,18.7,4283595.0
Saleik Edwards,Delaware St.,10,-6.97497,75.0,19.6,4283596.0
Shavar Reynolds,Seton Hall,10,0.92334,74.0,16.6,4278578.0
Khari Jabriel Allen,Alcorn St.,10,-9.51212,76.0,19.2,4280063.0
Brian Beard Jr.,FIU,9,1.79436,70.0,29.4,4278978.0
Rob Shaw,Chicago St.,5,-9.13103,72.0,25.9,3953261.0
Carl Pierre,Massachusetts,14,-1.00851,76.0,17.8,4278368.0
Tyrell Gumbs-Frater,Coastal Carolina,14,0.605419,75.0,20.5,4284123.0
Michael Ertel,Louisiana Monroe,14,-0.245858,74.0,20.0,4280260.0
Aaron Ray,Southern,5,-3.72531,75.0,18.6,4280241.0
Tucker Blackwell,Army,14,-1.58335,73.0,15.4,4284076.0
Alex King,Army,17,-2.80621,80.0,21.2,4284080.0
Eral Penn,LIU,15,1.13644,79.0,14.6,4279628.0
Melik Martin,Monmouth,15,-2.38376,78.0,13.8,4279733.0
George Papas,Monmouth,6,0.435596,77.0,18.5,4279735.0
Brandon Newman,Louisiana Monroe,12,-0.011822,76.0,12.7,4280259.0
Milik Gantz,North Carolina A&T,6,-0.715726,75.0,19.6,4279817.0
Kameron Langley,North Carolina A&T,9,-0.993821,74.0,21.0,4279819.0
Yauhen Massalski,San Diego,2,4.02242,82.0,21.3,4285624.0
David-Lee Jones Jr.,Georgia Southern,11,1.54077,72.0,16.8,4280155.0
Lonnie Grayson,Army,1,-0.580412,72.0,22.2,4284075.0
Jordan Allen,Rider,14,-3.31964,76.0,19.1,4067345.0
Darius Quisneberry,Youngstown St.,9,0.430771,73.0,26.4,4397790.0
Jelani Simmons,Youngstown St.,12,0.234844,77.0,15.1,4397789.0
Olamide Pedersen,Youngstown St.,16,-1.90456,81.0,13.0,4397793.0
Caleb Fuller,UC Davis,7,-5.27001,77.0,15.0,4397580.0
Damion Squire,UC Davis,5,-6.04431,72.0,15.8,4397579.0
Kihei Clark,Virginia,1,4.67995,69.0,12.9,4395677.0
Jules Moor,Stony Brook,6,0.505219,77.0,20.7,4396583.0
Nate Laszewski,Notre Dame,12,0.226122,82.0,18.1,4395665.0
Prentiss Hubb,Notre Dame,5,0.0559494,75.0,18.4,4395664.0
Tanner Groves,Eastern Washington,7,-4.12467,81.0,21.2,4278603.0
Kim Aiken Jr.,Eastern Washington,3,0.476829,79.0,21.5,4278602.0
Nassir Little,North Carolina,2,3.87422,78.0,24.0,4395652.0
Leaky Black,North Carolina,6,6.7966,79.0,13.7,4395650.0
Losini Kamara,Idaho,4,-6.47812,75.0,8.8,4278604.0
Nana Opoku,Mount St. Mary's,15,-1.49534,80.0,14.3,4279871.0
KJ Jackson,UMBC,9,-0.528298,74.0,27.4,4396589.0
Victor Bafutto,Mercer,0,-0.831268,82.0,21.1,4280036.0
Angelo Allegri,UNC Greensboro,12,0.00751403,79.0,14.8,4398233.0
Deandre Thomas,Samford,14,-0.380533,76.0,12.0,4398243.0
Robert Allen,Samford,15,1.65449,80.0,17.5,4398245.0
Stevan Krtinic,St. Francis NY,12,-3.8027,77.0,13.1,4398008.0
Klay Brown,Saint Peter's,4,-2.88593,76.0,14.5,4398385.0
Gabe Watson,Southern Miss,17,-3.77998,74.0,19.4,4397705.0
Hunter Tyson,Clemson,10,-0.620316,80.0,14.1,4395620.0
Montez Mathis,Rutgers,7,-1.68887,76.0,22.7,4397250.0
Caleb McConnell,Rutgers,6,2.64419,78.0,19.7,4397249.0
Eric Hunter Jr.,Purdue,10,1.26848,75.0,14.1,4397243.0
Obi Toppin,Dayton,2,6.89587,81.0,23.9,4278355.0
Shaq Carter,Rutgers,15,0.613523,81.0,16.7,4397248.0
M.J. Randolph,Florida A&M,5,-4.69592,76.0,21.5,4398142.0
Cameron Healy,Albany,11,-0.39834,75.0,22.6,4278203.0
George Mawanda-Kalema,Brown,3,-2.81146,75.0,19.5,4279459.0
Ignas Brazdeikis,Michigan,3,6.11654,79.0,24.6,4397205.0
Ricky Lindo,Maryland,16,3.30944,80.0,11.0,4397186.0
Jalen Smith,Maryland,2,6.02586,82.0,22.5,4397189.0
Aaron Henry,Michigan St.,15,5.28094,78.0,15.7,4397209.0
Samson Froling,Creighton,15,-2.40429,84.0,23.3,4397038.0
Christian Bishop,Creighton,13,4.92121,79.0,24.9,4397037.0
Marcus Zegarowski,Creighton,11,3.57222,74.0,19.0,4397036.0
Efe Odigie,UTEP,8,-6.5415,81.0,27.1,4397868.0
Paul Djoko,Northern Kentucky,16,-1.76518,76.0,8.9,4279251.0
Greg Williams Jr.,St. John's,15,-1.55408,75.0,14.1,4397123.0
Adrian Rodriguez,UTSA,13,-1.06203,79.0,13.2,4279117.0
Devon Baker,UNC Asheville,1,-5.47836,74.0,31.0,4397802.0
Coty Jude,UNC Asheville,14,-2.79925,81.0,18.1,4397803.0
Stephen Edoka,UNC Asheville,7,-9.15641,76.0,18.7,4397800.0
Luke Lawson,UNC Asheville,12,-4.57203,79.0,13.8,4397801.0
Junior Ballard,Cal Poly,10,-8.73521,75.0,22.5,4397365.0
Filip Rebraca,North Dakota,15,-2.14749,81.0,20.1,4398190.0
Isaiah Moll,Vermont,7,-3.97458,78.0,21.6,4396595.0
Davon Bolton,Northern Arizona,1,-9.52207,74.0,23.0,4397302.0
Josh LeBlanc,Georgetown,2,6.68956,79.0,16.1,4397074.0
Deante Johnson,Cleveland St.,16,-5.00024,81.0,14.8,4399102.0
Mac McClung,Georgetown,1,-0.968324,74.0,25.8,4397071.0
Adokiye Iyaye,UTSA,12,-0.115213,75.0,11.1,4397874.0
Tariq Silver,Eastern Michigan,17,-2.43404,77.0,16.2,4279332.0
Brandon Wade,Duquesne,4,-8.91962,74.0,14.2,4396800.0
Onyi Eyisi,Fordham,8,0.401233,81.0,15.1,4396816.0
Aljaz Kunc,Washington St.,15,-2.06721,80.0,13.2,4397167.0
Joey Hauser,Marquette,3,2.68791,81.0,18.0,4295180.0
CJ Elleby,Washington St.,3,0.790734,78.0,27.3,4397166.0
Shandon Brown,George Washington,4,-8.75073,70.0,12.0,4396836.0
Mezie Offurum,George Washington,7,-7.84735,78.0,19.0,4396837.0
Riley Grigsby,Seattle,15,0.65122,78.0,12.4,4396001.0
Uche Dibiamaka,UT Rio Grande Valley,4,-6.01027,75.0,14.2,4395994.0
Jermaine Harris,Rhode Island,16,-3.2926,80.0,16.7,4397178.0
Luke Frampton,Davidson,14,3.18906,77.0,16.9,4278350.0
David Azore,UT Arlington,4,-5.62315,76.0,25.4,4280270.0
Andre Ball,Pepperdine,17,-3.1465,79.0,13.4,4397692.0
Cassius Smits-Francisco,Idaho,16,-4.86263,81.0,13.0,4278608.0
Jared Rodriguez,Idaho,3,-4.65596,80.0,24.8,4278606.0
Aaron Wheeler,Purdue,2,7.00969,81.0,17.5,4277982.0
Josiah Strong,Navy,10,-4.07831,74.0,17.5,4398146.0
Donovann Toatley,Chattanooga,1,-5.90813,69.0,28.3,4398156.0
Keigan Kerby,Chattanooga,17,-2.64473,79.0,13.8,4398158.0
Kevin Easley,Chattanooga,3,-1.61748,78.0,27.0,4398159.0
James Bridges,Sacramento St.,17,-4.48211,77.0,6.8,4397328.0
Maurice Commander,Chattanooga,10,-3.86046,72.0,15.9,4398155.0
Junior Farquhar,Middle Tennessee,4,-3.05639,74.0,14.5,4397551.0
Kyler Edwards,Texas Tech,6,4.20283,75.0,17.4,4397081.0
Jose Perez,Gardner Webb,3,0.172259,77.0,26.2,4397528.0
Zay Williams,Troy,16,-2.55465,80.0,16.8,4397711.0
Drue Drinnon,New Mexico,5,-4.43459,72.0,15.3,4397358.0
Daylen Kountz,Colorado,17,-1.63095,76.0,18.7,4397060.0
Immanuel Quickley,Kentucky,11,3.33473,75.0,15.0,4395724.0
Devon Dotson,Kansas,11,5.86995,74.0,19.8,4397016.0
Quentin Grimes,Kansas,17,1.74886,77.0,18.2,4397014.0
Shaun Neal-Williams,Kansas St.,4,-1.25732,75.0,20.1,4397006.0
Austin Trice,Kansas St.,8,-0.713131,79.0,16.5,4397007.0
David McCormack,Kansas,13,4.40626,82.0,19.0,4397019.0
Jamal Bieniemy,Oklahoma,5,4.92269,76.0,14.2,4397027.0
Isaac Likekele,Oklahoma St.,9,1.95749,76.0,20.9,4397045.0
Duncan Demuth,Oklahoma St.,4,-4.26089,80.0,11.7,4397044.0
Kendric Davis,TCU,5,-0.594555,71.0,23.4,4397066.0
Adam Seiko,San Diego St.,5,-1.77719,75.0,9.5,4278704.0
Carte'Are Gordon,Saint Louis,0,2.74124,81.0,20.9,4397196.0
Taevion Kinsey,Marshall,12,2.09448,77.0,17.6,4397537.0
Sloan Seymour,Siena,14,-4.34657,81.0,16.6,4398391.0
Cory Hightower,Presbyterian,3,-1.09791,79.0,22.2,4397655.0
Chris Martin,Presbyterian,5,-1.97597,72.0,16.7,4397652.0
Cress Worthy,UNC Asheville,5,-6.44743,74.0,16.5,4397799.0
Cooper Kaifes,Loyola Chicago,12,1.50486,75.0,13.0,4397430.0
Cam Burrell,Eastern Illinois,8,0.0148043,79.0,17.7,4398312.0
Robin Duncan,Vermont,5,0.535207,77.0,14.4,4396594.0
Ryan Davis,Vermont,3,-2.53101,80.0,21.0,4396597.0
Benjamin Stanley,Hampton,15,-3.89271,78.0,18.4,4279788.0
Morgan Taylor,Incarnate Word,5,-8.10341,75.0,26.0,4398034.0
Jamel Allen,UMKC,6,0.38806,79.0,19.7,4395989.0
Kaosi Ezeagu,UTEP,16,-4.9425,82.0,17.0,4397867.0
Luke Avdalovic,Northern Arizona,14,0.0471628,76.0,12.5,4278644.0
Nik Mains,Northern Arizona,12,-2.35566,80.0,14.5,4278643.0
Nick Guadarrama,New Hampshire,6,-1.05868,77.0,19.5,4396578.0
Jayden Martinez,New Hampshire,3,-4.7646,79.0,22.0,4396579.0
Jack Clark,La Salle,14,1.78913,80.0,18.6,4397152.0
Ed Croswell,La Salle,8,0.81448,80.0,16.3,4397153.0
Jared Kimbrough,La Salle,13,1.29606,80.0,15.1,4397154.0
Jahvon Quinerly,Villanova,1,-5.70088,73.0,24.5,4397132.0
Coby White,North Carolina,11,6.65494,77.0,26.1,4395651.0
Hunter Vick,Tennessee Tech,1,-2.14918,76.0,17.7,4279902.0
Daivien Williamson,East Tennessee St.,11,-0.76937,74.0,19.4,4398180.0
Mike Bothwell,Furman,11,-0.985332,75.0,18.4,4398203.0
Isaiah Poor Bear-Chandler,Wichita St.,15,2.84022,81.0,17.5,4396685.0
Bryce Workman,Jacksonville,7,-7.12123,79.0,17.6,4396696.0
Tyreese Davis,Jacksonville,6,1.69069,78.0,18.1,4396697.0
Mason Harrell,Texas St.,5,-1.45481,69.0,19.3,4397702.0
Jacobi Gordon,California,7,-6.89387,79.0,17.9,4397053.0
Connor Vanover,California,15,-0.222869,87.0,20.5,4397052.0
Andre Kelly,California,15,-2.93617,80.0,16.4,4397051.0
Matt Bradley,California,1,0.258659,76.0,21.6,4397049.0
CJ White,SMU,10,-3.9627,77.0,14.4,4396639.0
Feron Hunt,SMU,15,2.05239,80.0,17.5,4396638.0
Talen Horton-Tucker,Iowa St.,6,3.99724,76.0,25.1,4396991.0
Tyrese Haliburton,Iowa St.,12,9.26479,77.0,10.1,4396993.0
Connor Crabtree,Tulane,14,-0.853974,78.0,16.6,4396658.0
Moses Wood,Tulane,7,0.0168473,80.0,14.1,4396657.0
Kevin Zhang,Tulane,17,-4.18461,81.0,16.9,nan
Jamarius Burton,Wichita St.,5,1.47503,76.0,18.5,4396677.0
Dexter Dennis,Wichita St.,3,3.82109,77.0,16.7,4396676.0
Tavin Lovan,UAB,15,0.534448,76.0,19.7,4397726.0
Payton Moore,Rice,5,-7.99371,76.0,19.6,4397687.0
Drew Peterson,Rice,17,-3.52937,80.0,16.4,4397689.0
Trey Murphy III,Rice,12,1.43562,79.0,16.5,4397688.0
Quentin Millora-Brown,Rice,13,1.72468,81.0,16.0,4397691.0
Chris Mullins,Rice,1,-3.60004,75.0,24.7,4397690.0
Andres Feliz,Illinois,9,1.75151,74.0,21.1,4397001.0
Antwuan Butler,Austin Peay,5,-3.24471,72.0,16.9,4398043.0
De'Avion Washington,Indiana St.,17,-0.453001,75.0,12.8,4397418.0
Rey Idowu,Illinois St.,8,-2.33888,81.0,14.9,4397373.0
Isaiah Bujdoso,Loyola Chicago,6,-1.12289,75.0,12.9,4397429.0
Sekou Toure,UC Santa Barbara,8,-0.317873,77.0,21.9,4397642.0
Mark Gordon,Bethune Cookman,5,-5.86295,77.0,23.4,4398099.0
Xavier Johnson,Pittsburgh,9,1.6625,75.0,30.2,4395669.0
Donatas Kupsas,Weber St.,4,-6.72224,80.0,13.1,4397389.0
Trevion Williams,Purdue,2,8.19776,81.0,27.4,4397246.0
Jordan Henderson,Canisius,14,-2.14107,76.0,12.4,4398046.0
Tyrone Nesby IV,Wagner,10,-3.0391,77.0,16.5,4398027.0
RJ Williams,Boise St.,8,0.829197,79.0,29.5,4397266.0
Jason Preston,Ohio,5,-0.94052,75.0,12.8,4397916.0
Solomon Uyaelunmo,Towson,15,-3.33846,79.0,18.2,4397593.0
Chase Audige,William & Mary,6,0.293551,76.0,18.5,4397602.0
L.J. Owens,William & Mary,14,-4.01425,75.0,13.6,4397601.0
Thornton Scott,William & Mary,4,-9.02994,77.0,13.2,4397599.0
Jakigh Dottin,Towson,5,-4.84207,74.0,19.5,4397590.0
Allen Betrand,Towson,10,-4.45013,76.0,17.2,4397589.0
Darrin Person Jr.,Cal St. Bakersfield,16,-2.42608,79.0,15.9,4278733.0
Isaiah Wilkins,Virginia Tech,12,4.76683,75.0,16.9,4395681.0
Jalen Carey,Syracuse,5,-3.45906,75.0,23.4,4395673.0
Marque Maultsby,New Hampshire,4,-7.69767,75.0,23.3,4396576.0
Raiquan Gray,Florida St.,6,5.10322,80.0,19.1,4277850.0
Dallas Watson,Saint Peter's,5,-8.42225,76.0,20.1,4398384.0
Rod Brown,Wichita St.,7,-1.63638,78.0,12.6,4278483.0
Deshawn Corprew,Texas Tech,2,6.25485,77.0,18.0,4397082.0
Francis Okoro,Oregon,16,-1.26741,81.0,16.5,4397105.0
Bryce Hamilton,UNLV,17,-2.78802,76.0,18.3,4397433.0
Collin Welp,UC Irvine,2,2.03606,81.0,26.4,4279073.0
Zach Chappell,San Jose St.,5,-5.01016,75.0,20.3,4397395.0
Miles Norris,Oregon,15,3.12986,82.0,15.5,4397104.0
Seneca Knight,San Jose St.,10,-6.33555,78.0,19.4,4397398.0
Brandon Knapper,West Virginia,5,-2.21452,72.0,22.2,4277935.0
Maizen Fausett,Southern Utah,7,-3.60586,78.0,18.2,4397379.0
Malachi De Sousa,Albany,15,-1.80821,78.0,17.4,4395874.0
Caleb Nero,Weber St.,1,-3.45442,74.0,17.7,4397387.0
Israel Barnes,Weber St.,17,-3.3141,76.0,16.0,4397388.0
Antonio Rizzuto,Albany,10,-2.30229,75.0,18.1,4395873.0
Ricky Torres,Wichita St.,5,-0.714456,74.0,14.6,4396678.0
Erik Stevenson,Wichita St.,5,3.42004,75.0,19.3,4396679.0
Jaime Echenique,Wichita St.,0,5.6584,83.0,24.4,4396682.0
Jalen Crutchfield,Stetson,14,-4.99821,76.0,14.5,4396782.0
Sharone Wright Jr.,Wake Forest,17,-2.89672,77.0,18.4,4395687.0
Jaylen Hoard,Wake Forest,3,1.56565,80.0,24.8,4395688.0
Madiaw Niang,Florida Atlantic,7,-2.35939,81.0,14.8,4397482.0
Logan Johnson,Cincinnati,6,4.54474,74.0,19.4,4396608.0
Jairus Hamilton,Boston College,7,-3.22834,80.0,18.0,4395617.0
Caleb Catto,Florida Gulf Coast,17,-3.39225,77.0,16.3,4396688.0
Zach Scott,Florida Gulf Coast,10,-2.06258,76.0,18.9,4396689.0
Danny Lewis,Kennesaw St.,1,-7.54561,76.0,27.0,4396738.0
Liam Robbins,Drake,16,0.543149,84.0,22.2,4397347.0
Jawaun Newton,Evansville,7,-4.14403,75.0,14.7,4397354.0
Shamar Givance,Evansville,5,-2.94474,70.0,20.7,4397353.0
Logan Dye,Samford,16,-5.58989,80.0,18.6,4398246.0
Jordan Lathon,UTEP,5,0.581943,76.0,21.2,4397863.0
DJ Funderburk,N.C. State,2,5.4298,82.0,19.2,4066401.0
Coletrane Washington,Drexel,10,-6.66731,76.0,10.7,4397425.0
Ithiel Horton,Delaware,14,-1.66302,75.0,20.9,4397401.0
Matey Juric,Drexel,5,-4.77457,71.0,12.2,4397428.0
Camren Wynter,Drexel,9,-1.22411,74.0,21.6,4397427.0
Kale Catchings,Harvard,6,1.29001,78.0,16.0,4397971.0
Jay Nagle,UC Santa Barbara,12,1.02186,80.0,10.2,4397643.0
Amadou Sow,UC Santa Barbara,8,-2.34409,81.0,26.0,4397644.0
KJELL De Graaf,NJIT,14,-0.559669,82.0,13.5,4396755.0
Isaiah Burnett,Navy,4,-4.49534,77.0,15.6,4280089.0
Cantavio Dutreil,North Alabama,8,-6.7627,79.0,14.5,4396765.0
Ahsan Asadullah,Lipscomb,8,3.82921,81.0,25.9,4278445.0
Cameron Parker,Sacred Heart,5,-5.06422,74.0,18.9,4397999.0
Zach Pfaffenberger,Sacred Heart,7,-6.51092,80.0,15.2,4397998.0
Aaron Clarke,Sacred Heart,1,-5.08033,73.0,19.1,4397995.0
Cameron Wilbon,Robert Morris,7,-7.22319,77.0,17.2,4397994.0
Koreem Ozier,Sacred Heart,1,-5.0061,73.0,24.8,4397996.0
Myles Thompson,Saint Francis,7,-5.35857,78.0,19.8,4398017.0
Marquise Mosley,Cal Baptist,10,-5.24965,69.0,14.4,4398416.0
Zac Watson,UC Riverside,7,-4.92544,79.0,19.2,4397617.0
DJ McDonald,UC Riverside,10,-6.10519,71.0,12.5,4397616.0
Charles Bassey,Western Kentucky,0,4.66251,83.0,22.3,4397886.0
Callum McRae,UC Riverside,8,-5.88457,85.0,25.9,4397619.0
Dalano Banton,Western Kentucky,7,-1.13471,80.0,19.6,4397885.0
Mitchell Seraille,Stephen F. Austin,16,-1.45043,80.0,14.0,4398292.0
Oddyst Walker,Stephen F. Austin,4,-8.6974,74.0,13.5,4398293.0
Jalon Clark,Texas A&M Corpus Chris,7,-9.12734,78.0,20.9,4398298.0
Caden Sanchez,High Point,16,-4.16943,80.0,18.6,4278695.0
Zach Copeland,Illinois St.,1,-2.54437,76.0,21.8,4301313.0
Austin Smellie,Idaho St.,17,-4.79984,77.0,9.1,4397289.0
Alperen Kurnaz,Denver,7,-5.43398,80.0,16.4,4398063.0
Alex Jones,Lipscomb,4,-0.752717,69.0,12.6,4396751.0
Adam Lulka,Albany,15,-0.756829,80.0,16.1,4278204.0
Ethan Wright,Princeton,4,-1.3867,75.0,18.1,4398005.0
Jaelin Llewellyn,Princeton,10,-3.3891,74.0,21.9,4398002.0
Max Johns,Princeton,17,-3.67786,75.0,12.7,4398003.0
Isaac Chatman,Campbell,15,-1.86665,78.0,13.4,4397339.0
Michael Forrest,Florida Atlantic,5,-1.03087,72.0,19.8,4397485.0
Kevaughn Ellis,Florida Atlantic,10,-2.3319,76.0,12.0,4397484.0
Antonio Daye,FIU,5,-4.64849,73.0,20.0,4397500.0
Isaiah Mucius,Wake Forest,7,-2.5788,80.0,19.6,4395686.0
Brent Hank,Albany,16,-3.67115,82.0,11.6,4278202.0
Jonathan Norfleet,Wagner,5,-6.40987,73.0,17.5,4398026.0
Cam Reddish,Duke,6,3.1857,80.0,23.6,4395627.0
Zion Williamson,Duke,2,16.4614,79.0,28.2,4395628.0
John Newman III,Clemson,17,0.154067,77.0,12.5,4395622.0
Wynston Tabbs,Boston College,11,1.97653,74.0,22.5,4395619.0
Chris Herren Jr.,Boston College,10,-2.15689,75.0,16.7,4395618.0
R.J. Barrett,Duke,9,5.92941,79.0,31.3,4395625.0
Tre Jones,Duke,6,5.61795,74.0,15.9,4395626.0
Nathan Mensah,San Diego St.,0,4.45602,82.0,15.6,4397371.0
Will Richardson,Oregon,6,2.55971,77.0,17.1,4397101.0
Christian Anigwe,San Jose St.,15,-4.99476,81.0,14.2,4397396.0
Louis King,Oregon,3,2.03317,81.0,23.7,4397103.0
Alonzo Sule,Texas St.,8,-0.569315,79.0,20.9,4280279.0
Ja'Shon Henry,Bradley,8,-1.11192,78.0,21.3,4397325.0
Darius McGhee,Liberty,14,2.28526,69.0,18.6,4396745.0
Rasir Bolton,Penn St.,1,0.0228857,74.0,24.1,4397242.0
Eli Parquet,Colorado,4,-0.641998,75.0,13.1,4397062.0
Samuel Chaput,Monmouth,4,-6.50527,72.0,15.5,4398409.0
Nikkei Rutty,Monmouth,16,-6.31873,80.0,13.9,4398408.0
Raheem Solomon,Niagara,1,-4.08949,74.0,22.1,4398403.0
Marcus Hammond,Niagara,14,-0.82426,73.0,13.5,4398404.0
Jalen Pickett,Siena,9,6.98188,76.0,28.4,4398390.0
Glenn Morison,Cal Baptist,8,-3.4319,82.0,14.7,4398420.0
Anthony Mack,Miami FL,17,-1.78508,78.0,12.0,4280266.0
Justin Bean,Utah St.,8,5.15137,79.0,18.0,4278720.0
Saddiq Bey,Villanova,12,5.4426,80.0,14.4,4397136.0
Romeo Langford,Indiana,3,3.85764,78.0,25.5,4397008.0
Rob Phinisee,Indiana,5,1.59766,73.0,16.7,4397010.0
Dragan Elkaz,UC Riverside,14,-1.90178,77.0,13.0,4397614.0
Tuukka Jaakkola,Cal Poly,13,-3.29706,82.0,12.6,4397363.0
Tim Finke,Grand Canyon,17,-0.0586131,78.0,13.6,4396017.0
Kai Toews,UNC Wilmington,5,-5.40679,74.0,22.5,4397569.0
Deshon Parker,James Madison,5,-1.77119,75.0,13.1,4397548.0
Warren Williams,Manhattan,8,-2.94333,81.0,29.0,4279701.0
Andrija Ristanovic,Iona,17,-2.31742,83.0,13.2,4279492.0
Taurus Samuels,Dartmouth,1,-3.02534,72.0,16.2,4397960.0
Robert Woodard,Mississippi St.,15,4.03787,79.0,16.8,4396961.0
Markquis Nowell,Little Rock,5,-2.7829,68.0,22.9,4397554.0
Kamani Johnson,Little Rock,8,0.581845,80.0,18.1,4397556.0
Kobe Wilson,Arkansas St.,10,-8.41884,74.0,15.7,4397480.0
Adrian Delph,Appalachian St.,17,-0.992332,75.0,17.2,4397415.0
Ben Pyle,Western Illinois,14,-1.31384,79.0,17.2,4398343.0
Reggie Perry,Mississippi St.,2,2.63207,82.0,21.2,4396959.0
Amari Kelly,Duquesne,16,-3.76978,81.0,16.6,4396804.0
Sidney Wilson,Connecticut,7,-3.13061,79.0,16.3,4278233.0
Tyler Harris,Memphis,1,-0.12607,69.0,20.3,4396632.0
Alex Lomax,Memphis,5,0.423075,70.0,17.9,4396633.0
Antwann Jones,Memphis,6,2.02433,78.0,16.7,4396634.0
Xavier Castaneda,South Florida,4,-4.02208,73.0,16.8,4396641.0
Michael Durr,South Florida,16,-0.119601,84.0,15.8,4396642.0
Jabari Rice,New Mexico St.,6,1.74026,76.0,19.2,4280181.0
Kylor Kelley,Oregon St.,0,6.51739,84.0,14.7,3950760.0
Warren Washington,Oregon St.,16,-2.36632,83.0,10.9,4397093.0
Jaiden Delaire,Stanford,7,-4.40364,81.0,18.9,4397112.0
Cormac Ryan,Stanford,10,1.23553,77.0,17.2,4397114.0
Ja'Cori Wilson,Morehead St.,7,-4.71125,79.0,15.1,4398331.0
Caleb Fields,Bowling Green,14,0.837843,74.0,12.4,4397815.0
Brandon Porter,Wyoming,7,-8.97768,80.0,20.6,4397445.0
Trevon Taylor,Wyoming,17,-4.19832,78.0,14.1,4397446.0
Connor Harding,BYU,12,0.147409,78.0,15.9,4397648.0
AJ Green,Northern Iowa,1,-1.95361,76.0,30.5,4397475.0
Luke Nedrow,Marist,15,-2.80492,79.0,17.6,4398414.0
Matthew Herasme,Marist,17,-2.30092,75.0,11.6,4398413.0
Darius Hines,Marist,5,-3.76451,71.0,16.1,4398410.0
Samir Stewart,Manhattan,5,-2.57335,72.0,19.0,4398104.0
Christian Hinckson,Manhattan,7,-3.29298,79.0,18.6,4398106.0
Elijah Buchanan,Manhattan,4,-8.15596,77.0,23.4,4398103.0
Ochai Agbaji,Kansas,12,3.4519,77.0,17.0,4397018.0
Joey Calcaterra,San Diego,17,-3.01309,75.0,14.3,4280214.0
Hugh Hogland,Portland,16,-4.93159,82.0,18.6,4280212.0
Jamari Blackmon,North Alabama,1,0.131285,72.0,23.3,4396763.0
Juan Munoz,Longwood,11,-1.69639,71.0,20.4,4067594.0
Jeenathan Williams,Buffalo,7,-2.19853,77.0,21.0,4397821.0
Nevin Zink,USC Upstate,8,-7.15562,81.0,16.7,4397839.0
Ronaldo Segu,Buffalo,5,-3.3629,72.0,16.8,4397820.0
Brandon Martin,USC Upstate,7,-3.22978,77.0,20.5,4397834.0
Bryson Mozone,USC Upstate,10,-4.91021,78.0,17.8,4397835.0
Ross Ryan,USC Upstate,7,-5.80057,81.0,15.9,4397836.0
Nick Muszynski,Belmont,2,7.91745,83.0,24.9,4279923.0
Alanzo Frink,South Carolina,7,-0.683438,78.0,19.8,4396950.0
Keyshawn Bryant,South Carolina,7,-0.0360668,78.0,21.8,4396951.0
Jaylen Sims,UNC Wilmington,14,0.0979024,78.0,14.8,4397570.0
Brian White,Northwestern St.,1,-6.13105,66.0,20.5,4398266.0
Joe Bryant Jr.,Norfolk St.,5,-6.30203,73.0,21.4,4398206.0
Jahmel Myers,New Orleans,15,-2.47862,79.0,16.1,4398093.0
Amari Haynes,New Orleans,16,-8.97796,80.0,24.7,4398094.0
Tyron Brewer,Southeastern Louisiana,16,-4.46738,79.0,15.4,4398290.0
Aanen Moody,North Dakota,14,-1.32554,75.0,18.8,4278631.0
Francis Lacis,Oral Roberts,17,-1.34681,79.0,14.2,4398309.0
David Kralj,Coastal Carolina,14,-1.44491,76.0,15.3,4397508.0
Devante Jones,Coastal Carolina,11,3.20595,73.0,22.9,4397506.0
Lamine Diane,Cal St. Northridge,2,-0.34073,79.0,37.2,4278738.0
EJ Montgomery,Kentucky,0,7.12677,82.0,16.0,4395727.0
Blake Hinson,Mississippi,14,1.95208,79.0,17.1,4396963.0
KJ Buffen,Mississippi,8,1.85672,79.0,18.7,4396968.0
Tykei Greene,Manhattan,4,-8.8656,76.0,23.8,4398108.0
Brendan Adams,Connecticut,10,-2.32996,76.0,13.1,4396612.0
Aguir Agau,Fresno St.,3,-0.613949,79.0,19.7,4397275.0
Josh Alexander,American,15,-5.17765,80.0,21.2,4397585.0
Joel Ntambwe,UNLV,3,-1.03389,81.0,23.4,4397435.0
Jonathan Tchamwa Tchatchoua,UNLV,16,-0.78623,80.0,16.2,4397436.0
Fred Thatch Jr.,Saint Louis,17,0.594549,75.0,14.0,4397199.0
Antoine Vernon,Oregon St.,10,-3.11349,72.0,10.0,4397091.0
Malik Riddle,Morehead St.,17,-6.00069,76.0,16.1,4398329.0
Javon Freeman-Liberty,Valparaiso,6,2.30372,75.0,20.1,4397511.0
Jahbril Price-Noel,Pacific,4,-6.81405,79.0,19.7,4397675.0
Ajare Sanni,Pacific,1,-0.981808,74.0,22.4,4397676.0
Filip Petrusev,Gonzaga,2,4.27975,83.0,22.7,4397667.0
Darryl Polk Jr.,Pepperdine,5,0.23995,69.0,13.4,4397696.0
A.J. Reeves,Providence,14,2.21838,78.0,19.5,4397109.0
Jimmy Nichols Jr.,Providence,16,1.83767,80.0,16.2,4397108.0
DeShaun Wade,East Carolina,4,-7.20461,74.0,16.2,4396618.0
David Duke,Providence,5,-1.4767,77.0,19.2,4397107.0
Ian Krishnan,Central Connecticut,10,-4.27633,74.0,17.4,4397951.0
Joe Kasperzyk,Bryant,5,-5.0351,73.0,26.5,4397945.0
Patrick Harding,Bryant,16,-4.2618,81.0,12.3,4397946.0
Jack Hansen,IU Indy,14,-2.95327,79.0,17.2,4397754.0
Dibaji Walker,Cleveland St.,17,-2.55191,79.0,17.0,4399103.0
Jayden Gardner,East Carolina,8,-0.440184,78.0,27.6,4396614.0
Gavin Baxter,BYU,13,2.81648,81.0,14.0,4397647.0
Dave Morris,Tennessee St.,5,-5.13718,73.0,18.8,4398372.0
Everette Hammond,USC Upstate,1,-4.23813,74.0,22.6,4397833.0
Ibn Williams,Coppin St.,4,-9.61735,71.0,19.7,4398109.0
Tolu Smith,Western Kentucky,8,-4.29944,82.0,20.2,4397882.0
Trevelin Queen,New Mexico St.,2,12.7273,77.0,23.9,4409222.0
Brendan Medley-Bacon,Coppin St.,16,-8.99483,84.0,18.5,4398113.0
Justin Steers,Coppin St.,0,0.911539,78.0,23.9,4398112.0
Nigel Marshall,Coppin St.,7,-8.02938,77.0,24.1,4398111.0
A.J. Lawson,South Carolina,9,3.05409,78.0,24.3,4067017.0
Xavier Pinson,Missouri,9,1.93293,74.0,25.2,4396953.0
Torrence Watson,Missouri,14,1.08618,77.0,16.0,4396952.0
Emmitt Williams,LSU,13,4.59712,78.0,17.1,4396979.0
Darius Days,LSU,2,8.02505,78.0,16.1,4396978.0
Kamaka Hepa,Texas,10,1.3879,81.0,12.0,4397080.0
Rashawn Fredericks,Cincinnati,7,0.927702,77.0,14.5,4396609.0
KJ Williams,Murray St.,13,2.29394,81.0,15.6,4398348.0
Dalin Williams,Northwestern St.,16,-4.84771,80.0,12.3,4398270.0
Austin Richie,Northern Illinois,10,-2.57126,78.0,15.5,4397858.0
JD Williams,Louisiana Monroe,3,-0.864701,76.0,19.8,4397572.0
Jacob Boonyasith,American,17,-3.50154,75.0,14.7,4397587.0
Grehlon Easter,Lamar,10,-2.44309,75.0,14.4,4398050.0
Ashton Hagans,Kentucky,9,5.22815,75.0,18.7,4395722.0
Keldon Johnson,Kentucky,3,5.96443,78.0,21.7,4395723.0
Amanze Ngumezi,Georgia,7,-6.34939,81.0,20.8,4395720.0
Tye Fagan,Georgia,15,-1.60652,75.0,13.9,4395719.0
Noah Locke,Florida,14,3.56955,75.0,17.4,4395713.0
Keyontae Johnson,Florida,6,6.47866,77.0,20.2,4395714.0
Andrew Nembhard,Florida,9,3.32261,77.0,17.6,4395712.0
Tyrone Lyons,North Carolina A&T,15,-3.8082,78.0,16.9,4398221.0
Trace Young,Wyoming,17,-6.57744,81.0,19.5,4397447.0
Casmir Ochiaka,Loyola MD,8,-6.20012,80.0,18.6,4398134.0
Christian Agnew,North Alabama,5,-4.60875,74.0,25.3,4396762.0
Brady Heiman,Nebraska,13,0.932922,83.0,12.9,4397219.0
Ryan Greer,Northwestern,4,-7.01488,74.0,18.7,4397230.0
Gabe Kalscheur,Minnesota,14,4.46906,76.0,14.7,4397214.0
Gabe Brown,Michigan St.,14,3.18246,79.0,11.9,4397210.0
Daniel Oturu,Minnesota,2,3.55543,82.0,22.8,4397215.0
Amir Harris,Nebraska,16,1.60314,78.0,12.5,4397216.0
Flo Thamba,Baylor,16,2.45811,82.0,13.4,4395692.0
Jared Butler,Baylor,11,2.7614,75.0,21.3,4395695.0
Osun Osunniyi,St. Bonaventure,0,8.77097,82.0,15.1,4397224.0
Vince Williams,VCU,6,5.22445,78.0,20.3,4397227.0
P.J. Byrd,VCU,4,-6.09869,73.0,15.5,4397229.0
Darius Beane,Southern Illinois,6,-0.435182,75.0,13.4,4397490.0
Jomaru Brown,Eastern Kentucky,9,-1.36115,74.0,28.9,4398318.0
Tre King,Eastern Kentucky,7,-2.53565,80.0,16.7,4398319.0
Houston King,Eastern Kentucky,10,-3.10775,76.0,13.6,4398320.0
Tauriawn Knight,Utah St.,5,-3.65356,73.0,24.7,4397420.0
Cameron Tyson,Idaho,14,-4.69175,75.0,24.4,4397285.0
Khadim Samb,Idaho,7,-7.3756,78.0,15.8,4397286.0
RayQuawndis Mitchell,Idaho,10,-6.60533,76.0,14.8,4397284.0
Victor Ohia Obioha,Pepperdine,13,3.20043,81.0,12.3,4397694.0
Gus Okafor,Longwood,7,-9.25826,78.0,22.1,4397641.0
Curtis Holland III,High Point,10,-2.91201,74.0,17.5,4397625.0
Rob Peterson III,High Point,4,-7.37094,76.0,16.3,4397627.0
LJ Thorpe,UNC Asheville,5,-6.27103,77.0,27.1,4279050.0
Trevon Faulkner,Northern Kentucky,15,1.29789,76.0,11.5,4397774.0
Adrian Nelson,Northern Kentucky,8,-3.43146,78.0,18.7,4397772.0
Braden Norris,Oakland,11,1.39782,71.0,12.9,4397778.0
Nick Honor,Fordham,1,-2.11944,70.0,24.9,4396810.0
Harrison Butler,Southern Utah,7,-1.5028,77.0,22.1,4397380.0
Serrel Smith Jr.,Maryland,10,-0.244242,76.0,16.2,4397185.0
Sasha Stefanovic,Purdue,10,3.29185,76.0,12.7,4277985.0
Austin Rotroff,Duquesne,15,-2.45885,82.0,14.8,4396806.0
Jared Sherfield,Tennessee Tech,6,-1.15618,77.0,14.5,4398375.0
Marlon Taylor,LSU,15,2.67326,77.0,14.7,4396974.0
Jaylin Andrews,Loyola MD,17,-1.44558,76.0,15.1,4398132.0
Kenny Jones,Loyola MD,11,-2.84511,72.0,16.9,4398136.0
Naz Reid,LSU,2,1.92552,82.0,25.9,4396971.0
Ja'vonte Smart,LSU,1,2.36976,76.0,20.5,4396972.0
Tray Maddox Jr.,Oakland,1,-3.02181,77.0,18.6,4397779.0
Malik Martin,Charlotte,3,-1.64405,78.0,17.6,4397470.0
Cooper Robb,Charlotte,5,-2.09073,73.0,16.5,4397469.0
Brandon Younger,Charlotte,7,-4.79274,79.0,16.8,4397472.0
Jaylen Sebree,Florida Atlantic,3,2.8267,79.0,21.3,4397481.0
James Akinjo,Georgetown,9,-0.421011,72.0,24.9,4397072.0
Simi Shittu,Vanderbilt,8,-1.58467,82.0,26.7,4396908.0
Aaron Nesmith,Vanderbilt,3,2.17843,78.0,19.8,4396909.0
Dravon Mangum,Charlotte,7,-5.39437,81.0,17.7,4397471.0
Zep Jasper,Charleston,14,0.189008,73.0,11.9,4311618.0
Calvin Wishart,Georgia Southern,10,-0.217079,73.0,16.7,4397521.0
Elijah McCadden,Georgia Southern,17,-2.01255,76.0,15.0,4397519.0
Horace Wyatt Jr.,Little Rock,15,-4.69414,79.0,11.4,4397557.0
Nelson Phillips,Georgia St.,6,0.201455,76.0,20.8,4397533.0
Justin Brown,Chattanooga,8,-1.27335,82.0,16.9,4280006.0
Jared Bynum,Saint Joseph's,1,0.299177,70.0,19.2,4397194.0
Jake Wojcik,Richmond,14,0.186304,76.0,14.2,4397191.0
Andre Gustavson,Richmond,6,-0.028053,76.0,13.7,4397193.0
Matt Grace,Richmond,17,-2.18765,81.0,10.6,4397192.0
Sy Chatman,Massachusetts,15,-1.18288,80.0,14.5,4397162.0
Omar Silverio,Rhode Island,4,-3.04241,76.0,17.3,4397181.0
Tre Wood,Massachusetts,4,-10.4735,73.0,21.3,4397160.0
Samba Diallo,Massachusetts,7,-4.97652,79.0,14.5,4397161.0
Michael Devoe,Georgia Tech,6,1.38143,76.0,18.5,4395631.0
Diego Willis,NJIT,10,-4.07546,75.0,14.1,4396753.0
Devin Vassell,Florida St.,6,8.13468,78.0,19.1,4395630.0
Myles Dread,Penn St.,14,4.19512,76.0,13.9,4397239.0
Miller Kopp,Northwestern,17,-1.02828,79.0,20.6,4397231.0
Luther Muhammad,Ohio St.,1,1.68382,75.0,17.3,4397234.0
Pete Nance,Northwestern,17,-1.17644,82.0,17.3,4397233.0
Justin Ahrens,Ohio St.,12,1.90707,77.0,16.4,4397236.0
Duane Washington Jr.,Ohio St.,1,-1.57056,75.0,24.2,4397235.0
Myreon Jones,Penn St.,10,-1.33706,75.0,22.7,4397238.0
Jules Bernard,UCLA,3,0.0171688,78.0,21.7,4397127.0
Moses Brown,UCLA,0,2.73398,85.0,21.3,4397126.0
Kyle Lofton,St. Bonaventure,11,2.2015,75.0,21.9,4397220.0
Ben Harvey,Eastern Illinois,3,-5.4236,77.0,24.8,4398315.0
Kabir Mohammed,Missouri St.,7,-3.2771,77.0,22.2,4397466.0
Jordan McCabe,West Virginia,10,0.39845,72.0,19.3,4397100.0
Emmitt Matthews Jr.,West Virginia,3,2.26368,79.0,17.3,4397099.0
Austin Fadal,Eastern Washington,4,-10.5008,76.0,20.9,4397279.0
Derek Culver,West Virginia,8,1.93316,82.0,25.1,4397094.0
Carter Hendricksen,North Florida,17,-2.36382,79.0,15.8,4396776.0
Dan Fotu,Saint Mary's,14,2.30666,79.0,12.2,4397722.0
Matthias Tass,Saint Mary's,8,3.7382,82.0,17.5,4397724.0
Brendan Bailey,Marquette,17,2.7827,80.0,13.1,4397086.0
Ugo Obineke,Kennesaw St.,7,-9.16371,80.0,21.4,4396741.0
Antonio Spencer,Kennesaw St.,16,-1.45122,82.0,8.7,4396742.0
Dane Goodwin,Notre Dame,17,0.0987908,78.0,15.4,4395667.0
Malik Jefferson,Mount St. Mary's,8,-2.37521,81.0,21.1,4397980.0
Dee Barnes,Mount St. Mary's,17,-4.03585,76.0,19.1,4397973.0
Collin Nnamene,Mount St. Mary's,16,-6.10034,80.0,17.5,4397977.0
Kris Wooten,Elon,17,-4.06437,75.0,15.0,4397455.0
Bryce Washington,Penn,14,-0.365043,76.0,17.0,4397982.0
Wayne Arnold,Cal St. Fullerton,10,-5.25445,76.0,14.2,4397405.0
Elijah Harkless,Cal St. Northridge,5,-5.07198,77.0,22.1,4397449.0
Darius Brown II,Cal St. Northridge,11,-0.364674,73.0,15.9,4397450.0
Michael Ou,Cal St. Northridge,16,-6.50195,81.0,13.1,4397453.0
Jeameril Wilson,Lehigh,15,-0.675723,79.0,15.3,4398116.0
Tyrone Perry,Lafayette,10,-6.114,73.0,14.5,4398070.0
Sean Good,Lafayette,0,-0.212647,82.0,8.5,4398073.0
Nic Lynch,Lehigh,16,-9.84332,83.0,21.3,4398119.0
Blake Harris,N.C. State,9,2.08884,75.0,20.7,4278106.0
Manny Dixon,Saint Peter's,14,-2.8392,77.0,12.7,4279758.0
Trey McGowens,Pittsburgh,6,2.33877,75.0,23.0,4395670.0
Kristian Sjolund,Georgia Tech,17,-4.22233,79.0,18.2,4395633.0
D.J. Myers,Western Carolina,16,-5.38114,78.0,13.1,4398271.0
Kameron Gibson,Western Carolina,14,-1.78606,75.0,21.0,4398273.0
Jake Stephens,VMI,12,-1.33819,80.0,18.7,4398257.0
Carlos Dotson,Western Carolina,8,-0.967345,79.0,27.9,4077382.0
Ryan Larson,Wofford,5,0.857024,73.0,16.3,4398276.0
Josh Cottrell,Western Carolina,14,-3.92653,74.0,12.4,4398274.0
SK Shittu,Central Arkansas,7,-18.2344,81.0,25.2,4278264.0
Jericole Hellems,N.C. State,3,-0.521446,79.0,21.8,4395661.0
Tyrese Martin,Rhode Island,3,0.932917,78.0,17.3,4397179.0
Dana Tate,Rhode Island,17,-1.46745,79.0,14.7,4397180.0
Jamal Hartwell II,George Mason,10,-5.69514,70.0,16.5,4396817.0
Jordan Miller,George Mason,15,4.51416,78.0,16.9,4396818.0
Jason Douglas-Stanley,George Mason,10,-7.03372,74.0,15.9,4396819.0
Elijah McNamara,Miami OH,17,-3.85748,81.0,15.0,4397853.0
Mekhi Lairy,Miami OH,1,0.17778,68.0,20.3,4397850.0
Anthony Roberts,Kent St.,1,-2.75283,76.0,19.0,4397847.0
Malik Miller,Morgan St.,6,-1.80809,76.0,22.2,4398197.0
Tajion Jones,UNC Asheville,17,-5.23133,77.0,19.0,4279052.0
Romello Wilbert,Incarnate Word,4,-11.9549,74.0,21.1,4398032.0
Matt Veretto,Delaware,12,-2.29397,79.0,14.7,4397404.0
KJ Simon,Troy,6,-2.31581,75.0,17.5,4397710.0
Raymond Bethea Jr.,Howard,1,-3.93347,78.0,21.2,4398163.0
Spencer Rodgers,Troy,10,-5.46266,76.0,15.7,4397715.0
Alex Vilarino,Boston University,5,-2.74359,74.0,18.2,4277926.0
Au'Diese Toney,Pittsburgh,7,-1.80803,78.0,18.1,4395671.0
Zeke Richards,Santa Clara,8,-3.23174,83.0,14.3,4397752.0
Trey Wertz,Santa Clara,9,-2.17745,77.0,25.5,4397753.0
Keshawn Justice,Santa Clara,14,0.922646,76.0,19.1,4397751.0
Guglielmo Caruso,Santa Clara,15,0.86786,81.0,17.3,4397749.0
Karrington Wallace,Central Connecticut,7,-4.59603,79.0,13.4,4397955.0
Jake Wolfe,Lipscomb,17,-1.60821,76.0,13.6,4396750.0
Brandon Powell,Fairleigh Dickinson,10,-3.74416,74.0,13.9,4397964.0
Vado Morse,Mount St. Mary's,1,-1.87268,72.0,25.7,4397972.0
Trajan Wesley,Louisiana,5,-2.35462,69.0,15.2,4397660.0
Lamar Norman Jr.,Duquesne,14,-1.55043,75.0,16.6,4396803.0
Micheal Anumba,Winthrop,15,-1.57029,77.0,15.8,4397840.0
Jaalam Hill,Cleveland St.,15,1.41975,79.0,19.8,4399105.0
Rashad Williams,Cleveland St.,14,-2.74034,74.0,19.6,4399106.0
Seth Millner,Cleveland St.,17,-3.01058,78.0,15.8,4399107.0
Dawson Carper,Hawaii,13,-2.69109,84.0,20.9,4397464.0
Mate Colina,Hawaii,13,-4.02744,84.0,16.8,4397460.0
Theo Akwuba,Portland,16,-2.47582,82.0,13.0,4397716.0
Elijah Weaver,USC,5,-1.60941,77.0,16.7,4397139.0
Walter Ellis,Bucknell,17,-2.37681,77.0,12.8,4397649.0
Andrew Funk,Bucknell,14,-2.58181,76.0,16.2,4397650.0
Jack Hemphill,Boston University,7,-6.39104,81.0,23.2,4397633.0
Fletcher Tynen,Boston University,7,-6.06452,79.0,12.7,4397634.0
Tucker Richardson,Colgate,11,1.92452,77.0,15.5,4398040.0
Ben Vander Plas,Ohio,12,3.36189,80.0,18.5,4279448.0
Szymon Wojcik,Missouri St.,7,-5.63834,82.0,22.4,4397468.0
Damien Daniels,Abilene Christian,5,-3.75532,67.0,17.3,4397957.0
Joe Pleasant,Abilene Christian,7,-6.5129,80.0,20.0,4397958.0
Yor Anei,Oklahoma St.,0,6.6181,82.0,17.4,4397046.0
Jason Wade,Old Dominion,6,2.52255,77.0,16.3,4397567.0
Kalu Ezikpe,Old Dominion,0,2.73767,79.0,21.6,4397564.0
Javon Pickett,Missouri,17,1.34649,76.0,20.2,4396954.0
Isaac Suffren,Lafayette,7,-4.49259,76.0,21.7,4398072.0
Duncan LeXander,Charleston Southern,17,-3.21565,80.0,18.3,4397411.0
Timmy Sellers,Charleston Southern,16,-5.14315,80.0,13.5,4397410.0
Dontrell Shuler,Charleston Southern,1,-2.81008,74.0,21.8,4397414.0
Sadarius Bowser,Charleston Southern,15,-2.68959,81.0,10.4,4397413.0
Dominick Welch,St. Bonaventure,17,2.06033,77.0,15.5,4397221.0
John Walker III,Texas A&M,15,-0.0334064,81.0,16.2,4278121.0
Noah Gurley,Furman,15,-0.760611,80.0,20.5,4280015.0
Sherwyn Devonish-Prince Jr.,Morgan St.,5,-6.06409,73.0,22.3,4398196.0
Isaiah Burke,Morgan St.,1,-4.3635,73.0,22.4,4398199.0
Jared Ridder,Missouri St.,12,-0.134308,80.0,13.7,4279159.0
Gerrale Gates,New Orleans,7,-2.77892,78.0,18.4,4398092.0
Ty Perry,Fordham,10,-4.92841,75.0,21.9,4396812.0
Jalen Cobb,Fordham,5,-1.17924,72.0,22.0,4396809.0
Sincere Carry,Duquesne,9,2.50889,73.0,22.0,4396807.0
Kessler Edwards,Pepperdine,3,2.29111,80.0,17.1,4397693.0
Khalid Moore,Georgia Tech,15,-1.56338,78.0,14.3,4395632.0
Alex Caldwell,Southeast Missouri St.,11,-1.1285,72.0,21.0,4398351.0
Ayo Dosunmu,Illinois,11,3.77692,77.0,23.8,4397002.0
Zion Young,Western Illinois,14,-4.31797,76.0,20.2,4398341.0
Jordan Brown,Nevada,16,0.0290497,83.0,17.9,4397340.0
AJ Edu,Toledo,0,2.68854,82.0,18.0,4397878.0
David Mitchell,Brown,7,-1.48331,78.0,12.4,4397914.0
Ike Nweke,Columbia,8,-6.29739,79.0,24.3,4397926.0
Maka Ellis,Columbia,11,-1.54243,77.0,16.1,4397927.0
Matt Johns,South Dakota,15,-1.34426,80.0,10.2,4398335.0
Adam Flagler,Presbyterian,14,0.171441,75.0,22.7,4397654.0
Jordan Guest,Boston University,7,-6.85668,80.0,21.2,4397629.0
Daxton Carr,Cal Poly,12,-3.48933,79.0,11.1,4397362.0
Jayden Saddler,Southern,5,-1.86044,73.0,19.4,4402919.0
Patrick Emilien,Western Michigan,17,-1.70935,78.0,14.6,4397909.0
William Boyer-Richard,Western Michigan,14,-2.9123,73.0,12.3,4397910.0
Adrian Martin,Western Michigan,4,-7.80231,75.0,15.2,4397906.0
Garrett Pascoe,Boston University,4,-7.24686,75.0,14.2,4397630.0
Kody Shubert,Presbyterian,5,-6.817,71.0,18.9,4397653.0
Alex Arians,South Dakota St.,12,2.49667,76.0,11.0,4279531.0
Devin Hutchinson,Radford,12,-2.2314,77.0,19.2,4397817.0
Tim Perry Jr.,Drexel,13,-3.87993,82.0,10.2,4279196.0
Dalvin White,USC Upstate,5,-6.56847,70.0,16.5,4397832.0
Ebrima Dibba,Coastal Carolina,9,0.978493,78.0,17.8,4397504.0
Neftali Alvarez,Fairfield,5,-3.10793,74.0,24.6,4398075.0
Calvin Whipple,Fairfield,14,-2.12366,76.0,11.7,4398077.0
Franklin Agunanne,Loyola Chicago,16,-8.41277,81.0,20.4,4397431.0
Adam Kunkel,Belmont,10,-1.26889,75.0,13.1,4398300.0
Wanjang Tut,Nebraska Omaha,15,-2.79235,80.0,20.8,4279513.0
Tyler Herro,Kentucky,11,7.81607,77.0,20.0,4395725.0
Kevin Obanor,Oral Roberts,2,0.139331,80.0,26.4,4398304.0
Riley Battin,Utah,12,1.42,81.0,15.6,4397149.0
Vinnie Shahid,North Dakota St.,11,1.1761,71.0,23.0,4398211.0
Finn Sullivan,San Diego,14,0.451919,76.0,12.9,4397759.0
Tevian Jones,Illinois,12,3.26097,79.0,18.0,4397000.0
Giorgi Bezhanishvili,Illinois,8,1.42274,81.0,24.8,4397003.0
Aaron Wiggins,Maryland,14,4.43708,78.0,17.3,4397183.0
Eric Ayala,Maryland,14,2.84038,77.0,15.8,4397184.0
Jr Clay,Tennessee Tech,9,-2.30167,70.0,28.2,4398376.0
Sage Tolbert,Southeast Missouri St.,7,-7.94548,80.0,21.8,4398355.0
Gabe McGlothan,Southeast Missouri St.,3,-0.379779,79.0,20.2,4398356.0
Matt Dentlinger,South Dakota St.,8,0.11229,80.0,12.9,4279530.0
Joe Wieskamp,Iowa,12,6.57411,78.0,16.8,4397033.0
Tyree Pickron,Quinnipiac,4,-8.02668,75.0,16.7,4398400.0
Tyrese Williams,Quinnipiac,5,-3.06941,75.0,19.1,4398399.0
Miles Latimer,Stony Brook,14,0.570537,75.0,15.9,4396584.0
R.J. Eytle-Rock,UMBC,5,-3.00204,75.0,14.6,4396591.0
Jose Placer,UMBC,11,-5.10627,74.0,19.8,4396592.0
Hunter Thompson,Wyoming,17,-4.74134,82.0,17.2,4280268.0
Jared Pearre,Cal St. Northridge,13,-0.54123,81.0,11.8,4278743.0
Reggie Chaney,Arkansas,0,4.82624,80.0,18.6,4395708.0
Dwayne Cohill,Dayton,17,-2.01478,74.0,14.5,4396791.0
Nygal Russell,Southeast Missouri St.,5,-6.18371,76.0,22.3,4398354.0
Cameron Williams,SIU Edwardsville,17,-2.11933,74.0,19.5,4398362.0
Brandon Williams,Arizona,9,2.70488,74.0,22.9,4397040.0
Keonte Kennedy,Xavier,17,-2.46824,77.0,11.9,4397137.0
Kevin Samuel,TCU,0,6.85276,83.0,15.5,4277915.0
Darius Williams,Cal St. Bakersfield,16,-10.2397,81.0,18.5,4396027.0
Zach Nutall,Sam Houston St.,3,0.84004,75.0,17.9,4398281.0
Ron Harper Jr.,Rutgers,17,2.60934,78.0,17.8,4397251.0
Khaleem Bennett,Central Arkansas,7,-8.44282,76.0,21.2,4397985.0
Eddy Kayouloud,Central Arkansas,3,-3.56188,79.0,20.1,4397987.0
Felix Lemetti,Fairfield,10,-3.3234,74.0,13.9,4398076.0
Pedro Castro,UT Arlington,17,0.672201,78.0,11.2,4280271.0
Nate Hinton,Houston,6,6.1411,77.0,19.6,4396629.0
JC Butler,UC Irvine,17,2.29892,77.0,9.1,4397596.0
Wes Slajchert,Dartmouth,17,-4.7361,77.0,12.6,4397961.0
Princewill Anosike,Howard,16,-5.91312,81.0,10.7,4398173.0
Akuwovo Ogheneyole,Howard,16,-3.74654,81.0,13.7,nan
Andre Toure,Howard,7,-5.69165,80.0,16.9,4398162.0
Tae Hardy,East Carolina,4,-4.40758,74.0,14.6,4396616.0
Tyler Foster,East Carolina,4,-4.80464,77.0,17.5,4396615.0
David Singleton,UCLA,14,2.56522,76.0,11.7,4397131.0
Buddy Boeheim,Syracuse,14,2.29256,77.0,20.4,4395676.0
Both Gach,Utah,11,1.63943,79.0,20.9,4397145.0
Tevin Brown,Murray St.,14,3.23229,77.0,15.6,4279886.0
Bryce Wills,Stanford,7,-0.289572,78.0,17.1,4397111.0
Jordan Caruso,Incarnate Word,5,-6.34419,75.0,18.4,4398031.0
Qon Murphy,Houston Christian,4,-8.71895,77.0,22.5,4398022.0
Benjamin Uloko,Houston Christian,15,-4.64175,79.0,18.7,4398025.0
Dwight Murray Jr.,Incarnate Word,11,-4.90411,72.0,17.4,4398029.0
Antoine Smith Jr.,Incarnate Word,14,-5.1146,79.0,17.6,4398030.0
Charles Jones Jr.,Utah,17,-3.72448,74.0,15.1,4397144.0
Joseph Lanzi,Denver,5,-7.28193,77.0,16.6,4398062.0
Taelyr Gatlin,Denver,5,-6.36735,75.0,14.8,4398061.0
Jase Townsend,Denver,10,-5.10354,75.0,19.2,4398060.0
David Nzekwesi,Denver,2,-1.61877,81.0,23.7,4398059.0
Jarred Godfrey,Purdue Fort Wayne,11,-3.38641,77.0,19.3,4398080.0
Jalen Hill,UCLA,13,3.23191,82.0,12.5,4278530.0
Cody Riley,UCLA,7,-2.27815,81.0,18.5,4278525.0
Garrett Golday,Tennessee Tech,17,-5.06102,79.0,14.5,4398381.0
Carlos Jurgens,Oral Roberts,4,-4.07344,77.0,15.0,4398306.0
Sam Griesel,North Dakota St.,17,-2.36646,78.0,16.3,4398213.0
Courtney Ramey,Texas,9,4.16601,75.0,21.1,4334018.0
Jaxson Hayes,Texas,0,10.4959,83.0,16.9,4397077.0
Kaleb Hunter,UNC Greensboro,3,-0.223159,76.0,16.5,4280038.0
Alex Rivera,UMass Lowell,14,-1.89608,73.0,18.0,4396570.0
Darius Henderson,UMass Lowell,3,-5.85091,81.0,24.0,4396567.0
Allin Blunt,UMass Lowell,7,-7.0563,79.0,17.4,4396569.0
Bryce Daley,UMass Lowell,4,-6.8095,76.0,16.8,4396565.0
Sam Sessoms,Binghamton,9,-4.17493,72.0,32.9,4395880.0
Kira Lewis Jr.,Alabama,11,3.04167,75.0,22.0,4395698.0
Isaiah Joe,Arkansas,11,6.11663,77.0,19.2,4395702.0
Desi Sills,Arkansas,11,-0.555695,74.0,17.9,4395701.0
Keyshawn Embery-Simpson,Arkansas,17,-0.0505684,75.0,16.0,4395703.0
Luka Brajkovic,Davidson,2,1.86161,82.0,25.0,4396787.0
Antoine Davis,Detroit Mercy,1,-0.0853528,73.0,35.0,4397732.0
Chuck Hannah,Elon,12,-1.05389,78.0,12.1,4397456.0
Devonaire Doutrive,Arizona,6,4.03271,77.0,19.1,4397039.0
Jemarl Baker,Kentucky,10,0.75378,76.0,14.3,4278072.0
Adam Thistlewood,Colorado St.,12,-0.108218,78.0,13.6,4397271.0
Taeshon Cherry,Arizona St.,12,1.88341,80.0,14.7,4397024.0
Pat Dembley,Boise St.,5,-4.81116,73.0,27.0,4397264.0
Kendle Moore,Colorado St.,11,-0.584165,70.0,15.8,4397269.0
Cameron Shelton,Northern Arizona,5,-2.10251,74.0,18.5,4397305.0
Cole Bergan,Northern Colorado,16,-4.0767,79.0,18.9,4397309.0
Jared Rhoden,Seton Hall,17,1.83045,78.0,15.8,4397119.0
Anthony Nelson,Seton Hall,5,-3.76897,76.0,18.7,4397118.0
Treavon Martin,SIU Edwardsville,16,-4.63781,80.0,13.3,4398358.0
Nigel Hawkins,UTEP,5,-3.0144,76.0,24.4,4397862.0
Calistus Anyichie,Binghamton,16,-1.58541,81.0,13.2,4395883.0
Wyatt Lowell,Utah Valley,12,0.542613,82.0,14.9,4395986.0
Daniel Sackey,Valparaiso,5,-6.73958,69.0,19.7,4397512.0
Matthew Mayer,Baylor,7,0.52823,81.0,24.7,4395697.0
Malachi Smith,Wright St.,6,3.20409,75.0,21.6,4397784.0
Skyelar Potter,Wright St.,3,-2.10271,75.0,19.9,4397783.0
Bodie Hume,Northern Colorado,12,1.28687,78.0,19.5,4397311.0
JayQuan McCloud,Green Bay,11,0.162363,74.0,21.9,3138514.0
Luguentz Dort,Arizona St.,9,2.59491,76.0,27.1,4397020.0
Sam Masten,Northern Colorado,17,-4.70797,74.0,15.9,4397310.0
Andy Pack,Elon,17,-5.74808,76.0,20.0,4397458.0
Michael Wang,Penn,3,-0.221322,82.0,24.5,4397983.0
Aguek Arop,San Diego St.,6,2.503,78.0,14.6,4397368.0
Tyree Eady,North Dakota St.,12,-0.172488,77.0,16.1,4279514.0
Mack Anderson,Montana,13,-5.31234,81.0,14.4,4397295.0
Damarri Moore,Tennessee St.,4,-6.54726,80.0,13.8,4398371.0
Emanuel Littles,North Alabama,16,-3.49338,80.0,15.1,4396770.0
Joey Glynn,UMass Lowell,8,-7.16095,78.0,20.2,4396568.0
Evan Battey,Colorado,8,3.26656,80.0,20.8,4278506.0
Jaylen Richard,Charleston,6,-2.78274,76.0,19.0,4397382.0
Daniel Love,Mercer,4,-3.89818,75.0,25.8,4398225.0
Fardaws Aimaq,Mercer,15,-4.01598,83.0,22.8,4398226.0
Alan Griffin,Illinois,3,0.120684,77.0,24.0,4396998.0
Dameane Douglas,Loyola Marymount,15,2.29204,79.0,18.3,4397669.0
Luke Hamilton,Mercer,10,-3.26596,80.0,16.3,4398229.0
Alexis Yetna,South Florida,2,4.13443,80.0,18.9,4278308.0
Terion Moss,Maine,5,-5.09512,70.0,15.6,4395897.0
Kevin Porter Jr.,USC,15,1.85505,78.0,22.8,4397140.0
Davion Buster,Lamar,11,0.0856001,70.0,20.1,4398051.0
Timmy Allen,Utah,2,3.82404,78.0,21.7,4397148.0
Noah Kirkwood,Harvard,3,0.773106,79.0,24.7,4397968.0
J'Raan Brooks,USC,17,-4.73562,81.0,13.9,4397141.0
Brian Rodriguez-Flores,San Jose St.,17,-6.1952,76.0,20.1,4397399.0
Antione Lister,Prairie View A&M,12,-0.533081,74.0,13.2,4397929.0
Donel Cathcart III,Youngstown St.,14,-4.6829,77.0,20.4,4397792.0
Kendale Hampton,Youngstown St.,14,-0.473169,75.0,21.7,4397791.0
Ron Freeman,Long Beach St.,7,-4.6681,78.0,21.1,4397495.0
Patrick Rucker,Mississippi Valley St.,15,-6.5483,72.0,10.5,4403416.0
Clayton Henry,New Mexico St.,12,2.60872,76.0,16.9,4396010.0
Ivan Aurrecoechea,New Mexico St.,8,3.0758,80.0,26.3,4396006.0
Mohamed Thiam,New Mexico St.,3,-0.175432,81.0,22.8,4396014.0
Dallas Morgan,Central Michigan,14,-1.22606,73.0,20.7,4397829.0
Boubacar Toure,Eastern Michigan,13,1.25407,83.0,19.7,3130580.0
Lavar Harewood,South Carolina St.,14,-1.74525,75.0,17.7,3941314.0
Myron Gordon,Samford,11,-0.95174,75.0,19.9,4398242.0
Christian Rohlehr,St. Francis NY,16,-3.17439,81.0,18.2,4398010.0
Rod Melton,Florida A&M,1,-2.39638,73.0,22.6,4398141.0
Chris Brandon,Detroit Mercy,13,-1.04766,79.0,9.3,4397737.0
Lamar Hamrick,Detroit Mercy,6,0.782167,76.0,18.1,4397738.0
Jonas Harper,Boston University,14,-0.69868,74.0,16.4,4397631.0
Jervae Robinson,Washington St.,5,-5.86186,74.0,17.7,4397165.0
Leonard Harper-Baker,Southern Miss,2,3.42095,77.0,20.0,4279102.0
Job Alexander,Cal Poly,7,-6.82613,76.0,19.7,4397361.0
Bernie Andre,Northern Arizona,3,-3.29175,79.0,24.9,4397303.0
Grant Weatherford,IU Indy,5,-0.466223,74.0,13.8,3906672.0
Marcus Mitchell,Mississippi Valley St.,7,-5.97058,79.0,20.5,4403411.0
Anand Hundal,Seattle,15,3.94959,82.0,13.4,4396003.0
Rob Whitfield,UMKC,14,1.84735,75.0,17.6,4395992.0
Greg Summers,Navy,7,-5.64238,75.0,18.7,4398149.0
John Carter Jr.,Navy,3,-1.46881,76.0,20.0,4398147.0
Osi Nwachukwu,Sacramento St.,7,-2.74761,77.0,16.5,4397329.0
Jayce Johnson,Middle Tennessee,7,-3.57883,77.0,18.9,4397552.0
Andres Ibarguen,UT Arlington,13,2.34405,77.0,16.0,4397683.0
Jabari Narcis,UT Arlington,0,2.24672,81.0,13.2,4397682.0
Josh Caldwell,Army,4,-2.86062,74.0,17.5,4397607.0
Aaron Duhart,Army,5,-4.46287,72.0,18.0,4397609.0
Mubarak Muhammed,Louisiana Tech,15,0.185823,79.0,17.8,4397516.0
Keenan Gumbs,Liberty,11,1.40441,77.0,19.7,3161993.0
Brandon McGhee,Pacific,6,2.3356,75.0,12.2,4397674.0
Gregory Jones-Rollins,Mississippi Valley St.,5,-6.31911,74.0,26.3,4405867.0
Shaun Doss,Arkansas Pine Bluff,3,-2.42031,77.0,23.7,4403367.0
TJ Washington,Utah Valley,5,-2.97495,72.0,23.9,4395987.0
Patrick Mwamba,UT Arlington,6,-0.704034,77.0,16.6,4397685.0
Darius Williams,Prairie View A&M,1,-1.33932,72.0,23.2,4397928.0
Tray Boyd III,East Tennessee St.,11,-0.373843,76.0,25.6,4398179.0
Isaiah Tisdale,East Tennessee St.,11,3.64273,73.0,17.6,4398184.0
Frank Bertz,UCF,14,5.14708,77.0,14.9,4396673.0
Brandon Wright,Alabama A&M,5,-5.48925,74.0,14.5,4397897.0
Radshad Davis,UT Arlington,15,2.26322,74.0,18.3,4397680.0
Brian Warren,UT Arlington,9,1.90065,71.0,28.4,4397678.0
Neemias Queta,Utah St.,0,7.59171,83.0,22.5,4397424.0
Antun Maricevic,South Florida,15,0.576501,82.0,12.2,4396649.0
Devon Andrews,FIU,6,0.820839,78.0,24.1,4397501.0
Tyreek Scott-Grayson,UAB,1,-0.659268,77.0,19.9,4397725.0
Derek St. Hilaire,Jacksonville St.,4,-7.51363,71.0,18.3,4398325.0
Josh Jefferson,Illinois St.,14,0.552017,74.0,18.1,4397374.0
Pernell Adgei,Longwood,16,-3.94742,80.0,13.2,3907586.0
Jacob Holland,Detroit Mercy,7,-7.51479,76.0,19.5,4066680.0
Robinson Idehen,UC Santa Barbara,13,-3.60083,82.0,18.6,4397646.0
Romain Boxus,Hartford,12,-4.29374,78.0,11.8,4395888.0
De'jon Davis,Cal Baptist,3,-1.53088,79.0,18.5,4398425.0
Fahim Jenneto,Delaware St.,17,-8.77023,79.0,16.2,4398121.0
Jeff Coulanges,Wagner,3,-3.66659,75.0,17.4,4398028.0
Brian Fobbs,Towson,3,0.241787,76.0,27.1,4397594.0
J'Von McCormick,Auburn,11,3.81871,72.0,18.4,4395709.0
DeAnthony McCallum,Jacksonville,11,-3.59749,76.0,21.3,4396693.0
DJ Houston,Western Michigan,5,-1.19404,71.0,14.7,4397905.0
Michael Steadman,San Jose St.,7,-5.72096,82.0,23.7,4397393.0
Ethan Esposito,Sacramento St.,8,-7.68185,79.0,28.0,4397330.0
Ricardo Lynch,Stetson,7,-6.68461,79.0,24.1,4396783.0
Jahlil Rawley,Stetson,5,-4.78613,76.0,16.1,4396779.0
Marques Sumner,Stetson,1,-3.63209,73.0,20.7,4396780.0
Garrett Sturtz,Drake,6,0.963527,75.0,15.3,4397348.0
Anthony Murphy,Drake,3,1.15491,77.0,18.6,4397345.0
Tavon King,North Alabama,5,-4.40718,72.0,17.8,4396761.0
Nate Louis,Charleston Southern,14,0.722919,71.0,14.2,4397408.0
Harrison Curry,Detroit Mercy,7,-7.32553,79.0,24.3,4279007.0
Quintin Dove,Tennessee Martin,2,0.832229,80.0,22.2,4398366.0
Jeremy Smith,Cal Baptist,14,-1.01768,72.0,15.0,4398417.0
Chad Bowie,Sam Houston St.,5,-0.574657,74.0,22.7,4398280.0
Irshaad Hunte,Texas A&M Corpus Chris,16,-5.78532,80.0,22.6,4398297.0
Tony Lewis,Texas A&M Corpus Chris,7,-6.13872,82.0,24.8,3936177.0
Kai Mitchell,Sam Houston St.,2,2.04619,79.0,26.2,4398283.0
Devonte Bandoo,Baylor,12,2.62776,75.0,18.4,4395694.0
Zach Hankins,Xavier,13,9.15673,83.0,20.4,3163004.0
Ronald Lucas,Delaware St.,7,-8.24942,78.0,15.2,4398122.0
Vilgot Larsson,Maine,17,-4.5992,80.0,14.5,4395896.0
Trey Spencer,Campbell,10,-5.92454,76.0,15.8,4397331.0
Richardson Maitre,Florida Atlantic,4,-2.64082,75.0,16.6,4397488.0
Aleksandar Zecevic,Florida Atlantic,15,-1.12966,82.0,20.4,4397486.0
Ra'Shawn Langston,Louisiana Tech,14,-0.310119,75.0,16.2,4397514.0
Karim Ezzeddine,New Mexico,7,-1.09164,80.0,16.7,4397359.0
Tyler Kidd,Eastern Washington,1,-4.08142,71.0,23.8,4278598.0
Tremell Murphy,Drake,15,0.556562,78.0,22.3,4397346.0
D.J. Wilkins,Drake,1,-0.204812,74.0,19.0,4397350.0
Ahmed Ali,Washington St.,1,-0.918549,71.0,20.0,4397170.0
Tracy Hector,Florida A&M,5,-2.1888,77.0,20.4,3923558.0
Kevin Little,Tennessee Martin,5,-6.41243,72.0,21.4,3147347.0
Marvin Cannon,Washington St.,3,-0.768819,77.0,18.3,4397168.0
Jordan Heading,Cal Baptist,11,-0.909917,74.0,24.7,4398421.0
Ty Rowell,Cal Baptist,14,-1.91972,74.0,15.1,4398423.0
Nikola Maric,Little Rock,15,-3.64457,82.0,25.6,4397558.0
J.J. Matthews,Arkansas St.,8,-3.85134,81.0,24.2,4067321.0
Canberk Kus,Arkansas St.,6,-1.37339,78.0,20.7,4397479.0
Trey Drechsel,Grand Canyon,3,1.36857,78.0,19.0,4396016.0
Ty Gadsden,UNC Wilmington,11,2.21654,73.0,18.4,4397568.0
Jashawn Talton,Texas A&M Corpus Chris,3,0.0431183,77.0,17.4,4398295.0
Luidgy Laporal,Saint Francis,16,-7.72081,81.0,19.0,4280255.0
Tre Todd,Alabama A&M,5,-5.0842,71.0,21.7,4397895.0
Terrell Brown,Seattle,9,2.87078,73.0,25.5,4395997.0
Malik Brevard,Arkansas St.,16,-1.40401,80.0,13.4,4397478.0
A.J. Walker,Air Force,1,-2.18359,74.0,19.6,4397255.0
Brandon Mahan,Texas A&M,14,2.1309,77.0,12.7,4396917.0
Marlon Sierra,Bowling Green,3,2.26931,79.0,14.2,4397816.0
Mike Davis,Murray St.,17,-1.73862,79.0,12.8,4398346.0
Michael Laster,Bowling Green,5,0.707679,73.0,23.3,4397813.0
Jake Hendricks,Wyoming,14,-1.43048,77.0,14.4,4397443.0
Mason Jones,Arkansas,11,4.30016,77.0,22.0,4395704.0
Romaro Gill,Seton Hall,0,2.40656,86.0,13.3,4278582.0
Tyler Reynolds,Manhattan,12,0.330323,79.0,18.6,4398107.0
Keith McGee,New Mexico,1,-1.78336,75.0,21.6,4397356.0
KC Ndefo,Saint Peter's,16,-1.27995,78.0,20.0,4398386.0
Justin Ryder,Delaware St.,4,-9.12984,72.0,8.8,4402893.0
Josh Aldrich,USC Upstate,7,-3.70772,79.0,11.4,4397838.0
Larry Robinson III,New Orleans,5,-4.70431,71.0,19.7,4398095.0
R.J. Smith,Sam Houston St.,3,-2.00441,77.0,20.2,4067710.0
Ountae Campbell,UTEP,17,-0.494853,76.0,10.1,3948786.0
Owen King,South Dakota St.,11,-1.9288,75.0,16.0,4398340.0
Pape Diop,Southeastern Louisiana,15,-1.97741,81.0,17.1,4398287.0
Isaiah Hart,Austin Peay,10,-0.743049,74.0,14.3,4398042.0
Kyonze Chavis,Norfolk St.,17,-2.62707,76.0,14.0,4398210.0
Andre Jackson,North Carolina A&T,17,-8.74097,76.0,20.3,4398218.0
Ronald Jackson,North Carolina A&T,15,0.861703,80.0,18.7,4398219.0
Christian Gray,Fresno St.,7,-4.63425,78.0,14.6,4397274.0
Jeremiah Bailey,Pacific,10,-1.38951,78.0,17.0,4397671.0
Cameron Gottfried,Cal St. Northridge,17,-1.28491,75.0,11.5,3138494.0
Jaylon Wilson,Longwood,14,-1.6954,75.0,21.8,4397636.0
Juan Cardenas,Bryant,15,2.19546,79.0,15.8,4397942.0
Lorenzo Phillips,Longwood,9,0.0855061,73.0,25.3,4397635.0
Tank Hemphill,Green Bay,8,-2.02552,78.0,21.7,4397747.0
Josh McNair,Green Bay,13,1.88959,78.0,16.5,4397748.0
Gerard Andrus,Prairie View A&M,3,-0.0546764,77.0,17.6,4397932.0
C.J. Kelly,Norfolk St.,7,-4.74859,77.0,20.0,4398208.0
Aramani Hill,South Carolina St.,15,-8.06059,79.0,20.6,4398259.0
Jeremy Hayes,Louisiana,10,-6.66034,75.0,18.6,4397658.0
Tyree White,Louisiana Monroe,15,2.34465,79.0,13.9,4397573.0
Christian Barrett,Lamar,2,-0.831911,78.0,19.9,4398053.0
Edwin Jeudy,Lamar,7,-3.43211,79.0,17.4,4398052.0
Jeromy Rodriguez,East Tennessee St.,8,3.36075,79.0,19.4,4280020.0
Freddie Gillespie,Baylor,13,6.09071,80.0,14.8,4277886.0
A.J. Banks,Wyoming,15,-2.29288,74.0,13.9,4397440.0
Kendarius Smith,North Alabama,1,-0.0702112,70.0,20.9,4396767.0
Kashawn Charles,Eastern Illinois,11,-3.1008,73.0,19.0,4398310.0
Chris Smith,Arkansas Pine Bluff,16,-8.95943,80.0,15.3,4283581.0
Jacob Tryon,Portland,3,-3.68962,84.0,16.8,4397718.0
Yilret Yiljep,American,15,-7.67438,79.0,15.9,67081.0
Sean Flood,Longwood,14,-1.51189,74.0,16.3,4397638.0
Wil Sessoms,Milwaukee,7,-6.09439,80.0,19.7,4359118.0
Bobby Arthur-Williams,Milwaukee,7,-4.34801,79.0,15.1,4397760.0
Amir Allen,Milwaukee,8,2.52804,80.0,19.8,4397761.0
Cameron Diggs,North Alabama,13,-4.01818,81.0,13.9,4396769.0
Georges Darwiche,Siena,4,-10.4689,73.0,15.5,4398393.0
Osa Wilson,Southern,8,-2.56653,78.0,22.2,4402917.0
Jahmari Etienne,South Carolina St.,10,-5.2631,75.0,19.5,4398264.0
Jonathan Scott,Chattanooga,14,0.107852,76.0,12.2,4398154.0
Isaiah Crawley,Georgia Southern,15,0.796623,79.0,22.6,4397526.0
Donaven Dorsey,Montana,12,0.379824,79.0,17.1,3155538.0
Josiah Wallace,Eastern Illinois,1,-3.13495,76.0,25.9,4398314.0
Keandre Cook,Missouri St.,3,-2.35955,77.0,25.1,4397465.0
JaQualis Matlock,Eastern Illinois,7,-1.23547,77.0,14.7,4398316.0
Jordan Oakley,Eastern Kentucky,8,-4.01477,77.0,18.9,4398317.0
Andrew Gordon,West Virginia,16,-6.43958,81.0,24.3,4397096.0
Kendall Stafford,North Alabama,3,-0.631499,76.0,19.1,4396772.0
Seth LeDay,East Carolina,8,2.51633,79.0,25.0,4065741.0
Bobby Parker,Kennesaw St.,1,-2.81694,76.0,19.7,4396737.0
Damian Chong Qui,Mount St. Mary's,5,-3.53067,68.0,17.2,4397976.0
Sal Nuhu,Portland St.,0,-1.95027,80.0,19.8,4397322.0
Rodney Henderson Jr.,Cal St. Northridge,14,-2.43307,77.0,19.1,4397448.0
Ladan Ricketts,Montana St.,14,-2.23254,77.0,16.3,4397298.0
Aamahne Santos,Jacksonville,10,-4.17925,70.0,13.6,4396694.0
Trendon Hankerson,Northern Illinois,4,-0.808816,74.0,10.6,4397854.0
Ben Perez,Iona,12,0.966349,76.0,12.6,3948791.0
Tiandre Jackson-Young,UT Arlington,14,1.66112,75.0,13.5,4397684.0
Charles Norman,Troy,14,-2.652,74.0,17.0,4397712.0
Ty Dalton,Houston Christian,11,-0.179286,76.0,18.8,4067361.0
Devonte Patterson,Prairie View A&M,3,-0.0791508,79.0,24.6,4397935.0
Jare'l Spellman,Sacred Heart,0,1.28515,82.0,16.2,4279648.0
Allen Hatchett Jr.,South Carolina St.,4,-5.64398,76.0,13.2,4398261.0
Jamir Coleman,Central Connecticut,3,-1.59351,79.0,21.8,4397954.0
Thai Segwai,Central Connecticut,4,-11.0038,74.0,17.4,4397953.0
DaJion Henderson,Tennessee St.,13,-3.20095,79.0,19.3,4279909.0
John Norvel,Northwestern St.,4,-5.27948,76.0,16.3,4076020.0
Eddie Stansberry,Hawaii,14,-1.85135,75.0,19.6,4397459.0
Destin Dunton,Southern,5,-4.4101,75.0,14.3,4398431.0
Brendon Brooks,Southern,5,-7.26062,69.0,18.2,4402918.0
Shea Feehan,Evansville,14,-0.590484,72.0,19.8,4074030.0
Rashaad Goolsby,Portland St.,8,-1.30593,79.0,12.8,4397320.0
Michael Nuga,Portland St.,1,-4.25321,74.0,22.6,4397315.0
LaTerrance Reed,Northwestern St.,10,-6.29461,73.0,22.8,4398265.0
Robert McCoy,Portland St.,7,-1.9267,79.0,18.5,4397317.0
Victor Curry,Morgan St.,7,-5.12791,80.0,15.9,4398195.0
Leon Redd,Bethune Cookman,1,-4.44462,72.0,17.7,4398097.0
Wali Parks,Bethune Cookman,17,-3.73329,78.0,12.9,4398096.0
Cletrell Pope,Bethune Cookman,8,0.0346224,81.0,21.7,4398098.0
"Derek Hawthorne, Jr.",Tennessee Martin,1,-1.02281,75.0,17.4,4078950.0
Russell Daniels,Montana St.,4,-8.18241,71.0,12.4,4397300.0
Isaiah Wade,Washington St.,8,-3.21357,79.0,18.7,4397164.0
Kawanise Wilkins,Western Michigan,7,-1.93364,77.0,20.0,4397908.0
Isaiah Rollins,Southern,4,-6.90301,75.0,16.3,4398430.0
Tommy Burton,Coastal Carolina,8,0.803037,80.0,22.5,4397510.0
Tyrik Armstrong,Texas Southern,9,-0.238841,70.0,19.6,4397949.0
Kevin McNeal,Cal St. Bakersfield,4,-9.42093,77.0,17.8,4396026.0
Landon Taliaferro,Fairfield,14,-1.26223,75.0,19.7,4398078.0
Travell Washington,Illinois Chicago,10,-6.43646,81.0,13.0,4397771.0
Aidan Saunders,Oral Roberts,4,-7.64571,76.0,22.7,4398307.0
D.J. Weaver,Oral Roberts,14,0.929644,80.0,17.4,4398308.0
Dante Treacy,Robert Morris,5,-7.26153,72.0,15.2,4397989.0
Shareef Smith,Eastern Illinois,5,-3.00741,70.0,19.7,4398311.0
Cedric Jackson,Florida Atlantic,4,-3.96321,75.0,13.2,4397489.0
Michael Littlejohn,Tennessee St.,1,-3.22278,70.0,21.2,4398369.0
Emmanuel Egbuta,Tennessee St.,8,-5.27057,79.0,20.2,4398370.0
Jordan Little,Morgan St.,16,-10.1057,80.0,18.0,4398200.0
Montrell Horsey,Delaware St.,4,-12.9347,73.0,21.8,4398120.0
Atem Bior,UTSA,8,-2.83011,79.0,15.8,3952207.0
Romelo Burrell,Central Michigan,7,-3.35823,79.0,13.7,4397830.0
Anselm Uzuegbunem,SIU Edwardsville,16,-5.06731,79.0,10.8,4398363.0
Jordan Gilliam,UC Riverside,5,-4.18521,77.0,28.4,4397615.0
LJ Figueroa,St. John's,12,4.08568,78.0,20.7,4397125.0
Brae Ivey,San Jose St.,5,-3.43011,74.0,21.9,4397394.0
Federico Poser,Elon,16,-6.00133,80.0,18.8,4397457.0
Tajuan Agee,Iona,3,-2.09102,81.0,25.8,4398087.0
Michael Green,Mississippi Valley St.,10,-6.61389,75.0,21.0,4403414.0
Yanni Wetzell,Vanderbilt,15,-0.272677,82.0,18.2,4077221.0
Yannis Mendy,Robert Morris,8,-2.92742,80.0,17.5,4397993.0
Ted McCree,Northern Arizona,14,-3.99316,76.0,21.5,4397306.0
Connor Murrell,Ohio,17,-5.4756,79.0,21.3,4397918.0
"Antonio Cowart, Jr.",Ohio,5,-2.61357,74.0,14.8,4397922.0
Jarrett Givens,Austin Peay,12,2.75821,77.0,14.9,4288278.0
Jahnathan Maxwell,Iona,17,-4.06961,80.0,16.1,4398088.0
Jackson Stent,Houston Christian,14,-3.8842,80.0,13.9,4398021.0
Niksa Nikolic,Iona,16,-0.775402,80.0,15.5,4398090.0
Dee Montgomery,Purdue Fort Wayne,17,-4.45627,72.0,18.6,4398082.0
Rob Montgomery,Central Michigan,3,-1.29133,78.0,19.5,4067951.0
Antonio Williams,Kent St.,6,4.19402,72.0,18.6,4397845.0
Jeff Otchere,Stony Brook,0,5.68696,83.0,13.9,4396585.0
Brandon Miller,Alabama A&M,5,-3.79921,72.0,15.5,4280058.0
Richard Caldwell Jr.,Binghamton,4,-8.80447,76.0,18.8,4395879.0
Kendall Lauderdale,Albany,8,-6.20781,80.0,16.3,4395878.0
Hyron Edwards,Colorado St.,5,-2.89714,72.0,23.2,4277925.0
Trent Harris,Northern Colorado,14,-2.13503,73.0,18.5,4397307.0
Ryan Johnson,Delaware,3,-2.48311,77.0,12.4,3149901.0
Darnell Cowart,Murray St.,8,1.61974,80.0,24.7,4398350.0
Tyresse Williford,SIU Edwardsville,5,-5.49755,70.0,28.0,4398359.0
A.J. Hicks,Morehead St.,9,-1.76504,72.0,25.3,4279873.0
Drew Cobb,Long Beach St.,17,-0.124264,76.0,9.4,4397496.0
Mikel Beyers,Marshall,15,-2.31187,81.0,16.7,4397545.0
Djordje Dimitrijevic,Mercer,1,-1.17387,74.0,23.4,4398223.0
Bryan Assie,Southern,16,-4.17303,79.0,18.1,4402915.0
C.J. Williamson,Kent St.,5,-1.10546,78.0,20.1,3906509.0
Marquis Moore,Detroit Mercy,10,0.161813,78.0,11.2,4397733.0
Ndene Gueye,UT Rio Grande Valley,16,-5.2286,82.0,17.7,4278411.0
Isaac Bassey,Arkansas Pine Bluff,16,-12.9129,83.0,23.7,4403368.0
Marquell Carter,Arkansas Pine Bluff,7,-4.09425,78.0,15.4,4403365.0
Isaiah White,Utah Valley,3,0.370368,79.0,19.1,4395988.0
Skyler Hogan,Southeast Missouri St.,14,-2.48394,77.0,19.6,4279896.0
Rob Howard Jr.,Illinois Chicago,15,-1.60837,80.0,17.8,4397768.0
Jamie Ahale,Illinois Chicago,17,-1.38325,77.0,10.8,4397767.0
Ayoub Nouhi,UT Arlington,17,-2.04737,77.0,12.7,4397679.0
Kur Jockuch,Northern Colorado,16,-4.78788,81.0,18.4,4397312.0
Rade Kukobat,Eastern Illinois,7,-3.10637,81.0,18.9,4331722.0
Torico Simmons,Mississippi Valley St.,5,-5.28569,68.0,15.3,4403413.0
Will Butler,UAB,13,0.425616,80.0,15.5,4397728.0
Johnnie Vassar,Tennessee Tech,4,-13.6912,73.0,24.1,3136745.0
Crisshawn Clark,Portland,4,-7.49689,76.0,17.9,4065712.0
Zaquavian Smith,Savannah St.,1,-5.75299,73.0,20.2,4278301.0
Jeremy Roscoe,Akron,10,-0.100306,74.0,15.6,4397808.0
AJ Farrar,Alabama St.,2,0.858,77.0,20.5,4397892.0
Channel Banks,Akron,17,1.42615,76.0,16.0,4397807.0
Tyler Cheese,Akron,6,0.912912,77.0,24.1,4397805.0
Lasani Johnson,Grambling St.,10,-3.25741,75.0,18.2,4280112.0
Eugene Witherspoon,Chicago St.,7,-11.4062,78.0,15.3,4398415.0
Brandon Moore Jr.,Nicholls St.,7,-2.69554,77.0,22.7,4398130.0
Danny Garrick,Nicholls St.,14,-2.44007,78.0,15.0,4398129.0
Elvis Harvey,Nicholls St.,7,-4.76221,81.0,19.0,3907609.0
Collins Joseph,Savannah St.,1,-6.40257,72.0,19.9,4398249.0
Tyrell Harper,Savannah St.,5,-4.72448,79.0,20.9,4398248.0
Jaquan Dotson,Savannah St.,12,-0.821723,76.0,19.8,4398253.0
Adam Saeed,Savannah St.,15,-7.10318,78.0,15.6,4398252.0
Romani Hansen,Savannah St.,3,-5.27249,80.0,20.8,4398251.0
Kevin Holston,Alabama St.,4,-8.62647,73.0,20.8,4397890.0
Delshon Strickland,Chicago St.,17,-6.90116,76.0,19.3,4396023.0
Noah Bigirumwami,Chicago St.,7,-9.70365,82.0,14.2,4396020.0
Travon Bunch,Grambling St.,0,-2.42921,85.0,18.6,4280113.0
Dallas Polk-Hilliard,Grambling St.,3,-0.254414,79.0,19.1,4279529.0
Rashann London,North Carolina Central,5,-8.24761,74.0,18.9,3129945.0
Jael Scott,Alcorn St.,5,-4.99715,76.0,13.9,4397902.0
Jeremiah Buford,Nicholls St.,14,-2.87229,77.0,13.1,4398125.0
Canaan Bartley,Maryland Eastern Shore,4,-8.01758,73.0,16.8,4398176.0
Prince Moss,Grambling St.,15,-1.29472,79.0,19.3,4280109.0
Leon Daniels,Alabama St.,14,-0.621609,76.0,19.0,4397891.0
Alonzo Campbell,Alcorn St.,16,-6.51457,84.0,16.3,3913170.0
Deshaw Andrews,Alcorn St.,6,-3.10148,76.0,26.3,4397904.0
Bryan Urrutia,Maryland Eastern Shore,5,-5.20066,73.0,21.5,4398177.0
Gabriel Gyamfi,Maryland Eastern Shore,15,-3.5304,78.0,13.8,4398178.0
Trey Johnson,McNeese St.,17,-4.68088,75.0,11.1,4398067.0
Will Robinson,McNeese St.,7,-5.95219,77.0,20.2,4398069.0
Shamarkus Kennedy,McNeese St.,13,0.181041,80.0,24.5,4398068.0
Christian Jacob,Chicago St.,7,-5.14393,80.0,24.7,4396021.0
Kevin Hunt,McNeese St.,5,-6.88551,75.0,20.6,4398066.0
Jayveous McKinnis,Jackson St.,0,3.96233,79.0,13.8,4403417.0
William Brown,Jackson St.,4,-8.55348,72.0,19.0,4404440.0
Justin Johnson,Jackson St.,7,-9.04134,79.0,19.7,4403419.0
Aleksa Koracin,Mississippi Valley St.,7,-7.79748,84.0,17.2,4405046.0
Myles Johnson,Rutgers,0,6.78522,82.0,17.6,4277987.0
Flynn Cameron,DePaul,5,-2.3516,75.0,13.7,4293886.0
D'Marco Baucum,Delaware St.,7,-5.96901,78.0,19.6,4410587.0
