Name,Team,cluster,BPM,Height,Usage,AthleteSourceId
Isaiah Felder,South Carolina St.,4,-11.1837,72.0,18.6,3948621.0
Jalen Coleman-Lands,Iowa St.,14,1.0456,76.0,21.5,3911842.0
K.J. Walton,Ball St.,8,1.20551,75.0,26.5,3917384.0
Traci Carter,Hartford,9,2.42916,73.0,24.0,3906520.0
Isiah Brown,Weber St.,11,1.33631,74.0,24.9,4066394.0
Jordy Tshimanga,Dayton,13,0.457431,83.0,19.7,4066393.0
Jeriah Horne,Colorado,3,5.47892,79.0,20.8,4066390.0
Eric Curry,Minnesota,6,2.45038,81.0,14.7,4066388.0
Austin Davis,Michigan,13,4.46482,82.0,22.0,4066380.0
James Butler,Drexel,2,3.71406,80.0,22.2,4067138.0
Marlin Davis,Texas St.,5,-1.20418,74.0,15.9,4067808.0
Ivan Madunic,Southern Utah,7,0.307654,83.0,14.2,4066954.0
Jailyn Ingram,Florida Atlantic,3,0.269814,79.0,23.5,4066981.0
D'Mitrik Trice,Wisconsin,11,4.97909,72.0,23.8,4066413.0
Aleem Ford,Wisconsin,3,4.574,80.0,18.2,4066414.0
Charlie Moore,DePaul,9,2.0942,71.0,26.6,4066345.0
Ben Shungu,Vermont,11,2.5892,74.0,20.4,4066789.0
Tyler Jones,North Carolina A&T,7,-5.53087,80.0,16.2,4704089.0
Keon Clergeot,Southeastern Louisiana,1,-4.08298,73.0,25.9,4066460.0
Bryce Aiken,Seton Hall,1,-2.02273,72.0,23.5,4066826.0
Arinze Chidom,UC Riverside,3,1.47619,81.0,28.9,4066669.0
Peter Kiss,Bryant,11,3.51215,77.0,22.5,4070686.0
Joshua Langford,Michigan St.,1,2.37349,77.0,19.9,4066381.0
"Tobias Howard, Jr.",Indiana St.,10,-4.44421,74.0,17.0,4397588.0
George Willborn III,UC Riverside,14,-0.0287871,75.0,19.2,4397620.0
Kevin Marfo,Texas A&M,16,2.22229,80.0,15.0,4066877.0
Jair Bolden,Butler,10,0.675731,75.0,17.8,4066872.0
Davion Mintz,Kentucky,11,4.75716,75.0,19.8,4065766.0
Sam Hauser,Virginia,12,7.45235,80.0,22.2,4065804.0
Blake Francis,Richmond,1,1.34122,72.0,24.6,4067970.0
Mark Vital,Baylor,8,9.16419,77.0,15.2,4066292.0
AJ Wilson,George Mason,7,-0.529196,79.0,22.5,4066866.0
Eugene Omoruyi,Oregon,2,6.72827,78.0,29.0,4066410.0
Danny Pippen,Kent St.,3,2.55172,81.0,32.8,4067385.0
Xavier Green,Old Dominion,4,-2.46844,78.0,15.5,4067031.0
Corey Douglas Jr.,VCU,0,6.71636,80.0,12.1,4067052.0
Kwe Parker,North Carolina A&T,1,-3.92451,74.0,20.2,4066217.0
Tareq Coburn,Hofstra,11,4.07443,77.0,19.4,4066515.0
Marquell Fraser,Detroit Mercy,6,-0.327781,77.0,16.5,4066502.0
Frank Ryder,Denver,13,-3.77625,82.0,17.4,4066747.0
Mitchell Smith,Missouri,12,4.66134,82.0,12.3,4066235.0
Justin Turner,Bowling Green,9,2.71832,76.0,27.7,4067366.0
Michael Hughes,Duquesne,2,7.65133,80.0,21.6,4067360.0
Tavian Dunn-Martin,Duquesne,1,-1.38383,68.0,21.6,4067358.0
Solomon Young,Iowa St.,8,0.704171,80.0,20.5,4066296.0
Jay Huff,Virginia,0,11.8196,85.0,23.2,4065731.0
Taze Moore,Cal St. Bakersfield,9,5.29077,77.0,29.8,4066808.0
Justin Edler-Davis,Cal St. Bakersfield,14,0.947691,76.0,17.2,4396025.0
Greg Lee,Western Michigan,2,0.994622,81.0,28.5,4066811.0
Elyjah Goss,IU Indy,8,-2.85425,79.0,18.6,4067670.0
Brandon Johnson,Minnesota,2,4.25968,80.0,16.5,4067410.0
Lorenzo Edwards,Charleston,15,3.28356,80.0,10.5,4066512.0
Grant Golden,Richmond,2,4.43622,82.0,26.3,4066836.0
De'Monte Buckingham,Cal St. Bakersfield,3,-0.184868,76.0,21.0,4066833.0
Jalen Johnson,Mississippi St.,14,1.04064,78.0,15.0,4066817.0
Chance Garvin,Idaho,4,-4.68766,76.0,16.7,4066892.0
Perry Francois,Texas A&M Corpus Chris,8,-0.686236,80.0,18.9,4067864.0
Jo'Vontae Millner-Criss,Middle Tennessee,3,-0.202704,78.0,17.7,4067733.0
Jonah Antonio,Wake Forest,14,3.44866,77.0,15.7,4067910.0
Randy Miller Jr.,Indiana St.,10,-4.34012,74.0,19.3,4398239.0
Ryan Gomes,Houston Christian,16,-7.73776,82.0,14.2,4067915.0
Nolan Taylor,Southeast Missouri St.,8,-2.33405,79.0,23.2,4066711.0
Kolton Kohl,Abilene Christian,2,5.29337,84.0,29.0,4067625.0
Clay Mounce,Furman,12,2.62067,79.0,20.1,4067608.0
Scott Spencer,La Salle,17,-2.88608,78.0,19.4,4065646.0
Algevon Eichelberger,Cleveland St.,7,-2.37079,80.0,25.0,4065777.0
Eron Gordon,Valparaiso,17,-0.325871,75.0,15.1,4065815.0
Mitch Lightfoot,Kansas,0,0.688615,80.0,18.7,4066300.0
Nate Johnson,Xavier,14,4.24974,76.0,16.5,4067338.0
Devearl Ramsey,UC Santa Barbara,1,4.32806,72.0,14.7,4066700.0
Drew Buggs,Missouri,4,-1.06559,75.0,13.4,4066911.0
DJ Jones,Florida A&M,0,0.959852,81.0,19.0,4066476.0
Devin Kirby,Montana St.,13,-1.27478,83.0,7.0,4066614.0
Zion Morgan,Valparaiso,5,-0.890477,77.0,21.9,4066783.0
Ben Coupet Jr.,Little Rock,12,0.445249,79.0,16.3,4066780.0
Kenny Cooper,Western Kentucky,4,-2.28715,72.0,14.8,4067179.0
James Scott,Portland St.,9,0.539492,77.0,30.3,4067159.0
Nick Hopkins,Siena,14,1.69565,72.0,10.4,4067151.0
DeAndre Dishman,Middle Tennessee,7,-1.42,78.0,19.6,4067165.0
Asante Gist,Iona,1,-3.31113,70.0,26.0,4067164.0
Kurk Lee,Alcorn St.,1,-4.50182,70.0,22.5,4067229.0
Osinachi Smart,Charleston,13,-1.40066,80.0,11.9,4067221.0
Ryan Daly,Saint Joseph's,3,0.150265,77.0,27.6,4067224.0
Corey Allen,Georgia St.,11,0.499568,74.0,21.3,4067418.0
Justin Hopkins,Texas Southern,3,-1.09026,77.0,15.3,4067629.0
Triston Chambers,Samford,17,-3.58409,74.0,16.5,4067627.0
Keith Smith,Cal Poly,5,-2.54087,72.0,18.4,4067631.0
Damien Sears,Nicholls St.,13,-0.0396279,79.0,13.6,4067150.0
Jordan Bell,Pacific,2,4.91333,80.0,17.7,4067766.0
Brachen Hazen,Ball St.,2,2.07963,80.0,22.8,4066246.0
Jalen Dupree,Samford,8,-1.40046,80.0,27.8,4067190.0
Abdul Ado,Mississippi St.,0,6.77379,83.0,12.9,4066288.0
Ethan Claycomb,Bellarmine,12,2.50951,79.0,17.6,4067013.0
Preston Parks,Samford,5,-2.60542,73.0,19.3,4067281.0
Jaylen Fornes,Nicholls St.,14,-3.46008,75.0,19.6,4067294.0
Dejuan Clayton,Coppin St.,9,-1.48828,74.0,22.2,4067878.0
Trevor Anderson,Wisconsin,12,3.11482,75.0,11.7,4067425.0
Darius Hicks,Jackson St.,16,-3.39386,80.0,12.5,4065698.0
Destin Barnes,UC Santa Barbara,17,-3.52962,79.0,14.9,4067100.0
Mark Gasperini,Massachusetts,7,-1.08689,82.0,16.5,4067088.0
Chevez Goodwin,USC,8,2.11736,81.0,21.0,4067218.0
Mike Henn,Portland,14,-2.56125,80.0,15.0,4066923.0
Anthony Tarke,Coppin St.,6,5.59239,78.0,24.7,4067193.0
Ty Graves,North Carolina Central,10,-8.79159,70.0,12.9,4065636.0
Jeremy Sheppard,Rhode Island,11,2.57214,73.0,19.1,4066445.0
Dylan Carl,Purdue Fort Wayne,15,-0.513544,83.0,18.4,4067661.0
Ty Groce,Eastern Michigan,2,4.09322,80.0,21.8,4067382.0
Chris Lester,New Hampshire,10,-5.06224,78.0,15.2,4066728.0
Ahsante Shivers,Southern,10,-2.27926,76.0,19.8,4067352.0
Shandon Goldman,Tennessee Tech,15,-1.15297,82.0,18.7,4067820.0
Andre Jones,Nicholls St.,5,-2.23654,76.0,24.0,4067818.0
Josh Parrish,San Diego,15,1.43488,76.0,19.5,4066322.0
Brandon Averette,BYU,11,3.20365,71.0,23.9,4066313.0
Nysier Brooks,Miami FL,8,1.85706,84.0,16.1,4066485.0
Austin Reaves,Oklahoma,9,5.7335,77.0,28.4,4066457.0
JoJo Anderson,Albany,10,-8.10693,75.0,19.5,4066904.0
C.J. Keyser,North Carolina Central,1,-3.9423,75.0,27.0,4066455.0
Jordan Jones,Marist,0,3.86568,80.0,24.7,4067302.0
Loudon Love,Wright St.,8,3.99106,80.0,29.2,4067458.0
Cavit Ege Havsa,Rice,5,-3.87998,77.0,18.0,4066859.0
Precious Ayah,Miami OH,8,1.25082,78.0,15.7,4067388.0
Andrew Garcia,Georgia,8,0.741364,78.0,23.9,4066768.0
Michael Almonacy,Appalachian St.,11,1.31542,72.0,22.1,4066766.0
Darian Adams,Jacksonville St.,11,0.426797,75.0,24.3,4067814.0
Marcus Burk,IU Indy,11,1.41466,75.0,29.0,4067274.0
Tyrik Dixon,Coastal Carolina,9,0.924663,73.0,23.3,4067008.0
Jannson Williams,Marshall,12,2.71077,81.0,17.4,4067001.0
JaColby Pemberton,Louisiana Tech,3,2.32264,77.0,17.3,4066999.0
Josh Ayeni,Chattanooga,8,-5.64469,79.0,22.2,4066518.0
Devon Daniels,N.C. State,11,5.23206,77.0,26.1,4066428.0
Ibi Watson,Dayton,12,3.58128,77.0,20.6,4066379.0
Joshua Tomiac,San Diego St.,2,5.94846,81.0,17.6,4066375.0
Jared Chatham,Central Arkansas,7,-4.98846,80.0,20.6,4067640.0
Jacob Young,Rutgers,9,1.88942,74.0,27.0,4066326.0
Andrew Jones,Texas,11,4.44259,76.0,24.1,4066325.0
Ryan Betley,California,10,0.123636,77.0,18.8,4066837.0
Seth Towns,Ohio St.,3,3.75577,80.0,16.5,4066829.0
Jordan Bruner,Alabama,6,10.673,82.0,15.7,4066850.0
Mikey Dixon,Grand Canyon,1,-1.31165,74.0,18.5,4070682.0
Cainan McClelland,Jackson St.,10,-0.00333873,76.0,13.3,4070742.0
John Pettway,South Alabama,15,-2.6268,75.0,18.4,4067800.0
Spencer Littleson,Toledo,12,5.27531,76.0,13.3,4066492.0
Kellon Taylor,Albany,8,-2.19422,78.0,19.8,4066493.0
Najee Garvin,Nicholls St.,7,-6.6472,79.0,27.0,4066966.0
Micah Potter,Wisconsin,2,9.6193,82.0,28.0,4066399.0
Brendan Barry,Temple,14,3.1265,74.0,11.2,4066823.0
Evan Clayborne,UNC Asheville,13,-0.81376,78.0,18.0,4067415.0
Mike Smith,Michigan,1,3.50207,71.0,19.1,4066806.0
Jake Killingsworth,UC San Diego,14,1.56619,77.0,13.8,4066807.0
Ty Flowers,LIU,2,4.62599,81.0,24.9,4703209.0
Brison Gresham,Houston,0,8.34445,80.0,10.4,4066799.0
Damari Parris,Prairie View A&M,4,-8.25487,73.0,19.7,4067084.0
Arnaldo Toro,St. John's,7,0.750504,80.0,10.4,4066875.0
Unique McLean,St. Francis NY,3,-0.837191,74.0,20.5,4066797.0
DeJon Jarreau,Houston,9,7.53458,77.0,23.5,4066796.0
Dallas Walton,Colorado,2,7.31387,84.0,20.2,4066353.0
JaQuori McLaughlin,UC Santa Barbara,9,7.40509,76.0,25.5,4066496.0
Kodye Pugh,Loyola Marymount,4,-2.95379,80.0,13.8,4066418.0
Isaiah Ross,Iona,11,-0.0430057,75.0,25.0,4067582.0
Xavier Bishop,Montana St.,1,-1.67306,68.0,25.5,4067581.0
Dylan Painter,Delaware,8,1.79798,82.0,26.5,4065840.0
Carlik Jones,Louisville,9,5.13199,73.0,26.2,4067735.0
Dru Smith,Missouri,11,7.28484,75.0,21.6,4066993.0
John Hall,Portland St.,17,-4.37136,79.0,16.1,4066996.0
Brock Bertram,Buffalo,13,5.50623,83.0,9.5,4067374.0
Troy Baxter,Morgan St.,3,-0.506861,81.0,25.7,4066777.0
Harrison Henderson,Southern,8,-4.07562,83.0,24.7,4066434.0
Bitumba Baruti,East Carolina,6,3.16427,79.0,14.9,4066634.0
Jax Levitch,Evansville,14,1.63513,79.0,7.9,4067663.0
Kevion Stewart,Alabama St.,10,-4.56173,75.0,20.7,4067233.0
Sammy Friday IV,Eastern Illinois,8,-3.76514,81.0,23.5,4067353.0
Tyrie Jackson,East Carolina,5,-1.16156,74.0,16.3,4065739.0
Loren Cristian Jackson,Akron,9,2.91605,68.0,33.3,4066919.0
Koby McEwen,Marquette,1,1.64759,76.0,20.7,4066755.0
Juwan Durham,Notre Dame,0,6.92017,83.0,21.3,4066440.0
Justin Roberts,Niagara,10,-1.50533,70.0,14.7,4067403.0
Jason Carter,Xavier,7,2.55502,80.0,14.6,4067398.0
Zach Radz,Sacred Heart,4,-12.6141,74.0,18.3,4067934.0
Tre Clark,Rice,4,-3.31633,77.0,12.0,4067606.0
Kameron McGusty,Miami FL,11,0.803095,77.0,22.5,4066310.0
Jordan Shepherd,Charlotte,5,-1.74135,76.0,22.2,4066308.0
Oscar Frayer,Grand Canyon,17,3.07884,78.0,16.6,4067332.0
Johnny McCants,New Mexico St.,2,8.16875,79.0,21.2,4067472.0
Rasheem Dunn,St. John's,5,-0.730084,74.0,20.6,4067955.0
Derrick Alston Jr.,Boise St.,11,2.67478,81.0,25.0,4066628.0
Tommy Kuhse,Saint Mary's,9,4.06143,74.0,24.3,4066735.0
Jock Perry,UC Riverside,3,2.04929,85.0,23.1,4066733.0
Elijah Thomas,Cal Baptist,15,0.785439,77.0,20.0,4066734.0
Mark Carbone,Cal Baptist,14,0.14324,74.0,11.9,4066743.0
Brad Greene,UC Irvine,0,6.58162,83.0,22.1,4066937.0
Nikola Djogo,Notre Dame,12,4.15283,80.0,11.7,4065704.0
Ikenna Ndugba,Elon,1,0.441712,72.0,20.7,4067522.0
Mattias Markusson,Loyola Marymount,13,0.970949,87.0,21.1,4066671.0
Kalob Ledoux,Louisiana Tech,14,-0.069042,76.0,20.5,4067749.0
Justin Moore,Pacific,5,-1.72793,76.0,23.2,4065662.0
CJ Walker,Ohio St.,9,4.09833,73.0,20.0,4065655.0
Damien Jefferson,Creighton,6,5.83865,77.0,20.6,4066720.0
Josh Hall,Cal St. Fullerton,6,-0.604278,79.0,20.4,4066703.0
Aher Uguak,Loyola Chicago,12,5.33086,79.0,14.7,4066717.0
Bryson Williams,UTEP,3,0.0758951,80.0,24.5,4066678.0
Jacob Davison,Eastern Washington,1,-1.3076,76.0,25.8,4066878.0
Christian Carlyle,Santa Clara,17,-1.40555,77.0,17.8,4067124.0
Everett Winchester,Florida Atlantic,7,-2.39226,79.0,18.4,4067456.0
MaCio Teague,Baylor,11,7.28996,76.0,21.0,4067696.0
Tahj Eaddy,USC,11,5.22292,74.0,20.0,4067197.0
Denzel Mahoney,Creighton,1,2.7446,77.0,22.4,4067205.0
Jonathan Baehre,Clemson,3,4.27032,82.0,16.7,4067691.0
Karlis Silins,Florida Atlantic,15,-0.0338222,83.0,21.9,4066277.0
A.J. Lawson,McNeese St.,5,-4.89803,77.0,26.0,4067017.0
Ross Cummings,Mercer,11,1.01695,75.0,18.6,4067720.0
Zane Martin,Towson,1,-1.95209,76.0,30.5,4067320.0
Justin Gorham,Houston,2,8.73645,79.0,15.9,4067322.0
Dontay Bassett,Weber St.,3,-0.70045,81.0,22.5,4066258.0
Gorjok Gak,Cal Baptist,0,2.61346,83.0,25.2,4066257.0
Romello White,Mississippi,13,5.7166,80.0,19.7,4066342.0
Frankie Hughes,San Diego,4,-5.43894,76.0,22.2,4066233.0
David Jean-Baptiste,Chattanooga,11,1.68999,73.0,24.7,4067255.0
Rodney Chatman,Dayton,5,-0.59969,73.0,20.3,4067250.0
Makale Foreman,California,10,-0.570771,73.0,21.5,4067252.0
Chuck Champion,Albany,5,-3.30954,76.0,21.6,4067132.0
Kobe Wilson,Alcorn St.,7,-2.9336,81.0,8.0,4067680.0
Reginald Gee,Austin Peay,1,-3.82164,75.0,19.2,4067676.0
Ray Salnave,DePaul,10,-0.745301,75.0,18.5,4067329.0
Travis Atson,St. Francis NY,11,-0.223817,77.0,22.0,4066478.0
Payton Willis,Charleston,11,1.03952,76.0,21.0,4066230.0
John Fulkerson,Tennessee,8,3.84305,81.0,18.2,4066215.0
Clevon Brown,Vanderbilt,15,1.48191,80.0,11.1,4066229.0
Jalen Johnson,Wake Forest,3,2.58295,78.0,17.2,4066216.0
Devin Gage,Fresno St.,4,-5.40112,74.0,18.3,4065774.0
Brandon Cyrus,UC Santa Barbara,12,1.77714,77.0,10.5,4065775.0
Mark Crowe,Cal Poly,14,0.593786,77.0,12.8,4066868.0
Quan Jackson,UAB,6,3.20338,76.0,20.8,4067781.0
Bryce Nze,Butler,2,3.36606,79.0,22.9,4067439.0
Carson Williams,Western Kentucky,15,2.41096,77.0,15.7,4067445.0
Mason Faulkner,Western Carolina,9,1.77837,73.0,27.7,4067444.0
Jalen Tate,Arkansas,11,3.66057,78.0,20.3,4067442.0
DJ Mitchell,Santa Clara,3,1.46795,80.0,17.9,4065751.0
Richard Washington,San Jose St.,1,0.25246,78.0,30.5,4593097.0
Seventh Woods,South Carolina,5,-3.78017,74.0,20.3,4065676.0
Alterique Gilbert,Wichita St.,9,1.9645,72.0,23.7,4066441.0
Matt Moyer,George Washington,8,-1.71882,81.0,19.1,4065719.0
Aaron Cook,Gonzaga,6,6.52944,73.0,17.5,4067063.0
Kashaun Hicks,Norfolk St.,3,0.28237,78.0,18.0,4067529.0
Salif Boudie,UMass Lowell,13,0.947741,80.0,23.5,4067773.0
Christian Willis,Arkansas St.,10,-2.01102,74.0,17.0,4067775.0
Riley Till,Cal Poly,16,-3.29033,79.0,13.1,4066369.0
Te'Jon Lucas,Milwaukee,9,0.557361,74.0,29.8,4066357.0
Maciej Bender,Mercer,8,0.908238,83.0,23.9,4066332.0
Jordan Bohannon,Iowa,11,5.74124,73.0,17.7,4066366.0
Maishe Dailey,Akron,17,-1.97415,79.0,15.1,4066365.0
Milos Jovic,Miami OH,4,-6.8457,76.0,15.0,4067389.0
Justin Kier,Georgia,6,2.16751,76.0,16.7,4066863.0
Nana Akenten,Southeast Missouri St.,3,-0.706302,78.0,19.1,4277969.0
Thomas Allen,N.C. State,1,2.9126,73.0,16.3,4277968.0
Alessandro Lever,Grand Canyon,15,2.42677,82.0,22.5,4280173.0
Isaiah Washington,Long Beach St.,9,-0.284281,73.0,25.2,4277967.0
LaDavius Draine,Southern Miss,5,-2.67622,76.0,19.4,4279101.0
Trey Wade,Wichita St.,3,5.03953,78.0,14.7,4279111.0
Kyle Young,Ohio St.,12,8.60216,80.0,14.8,4277974.0
Anthony Gaines,Northwestern,15,2.43749,76.0,12.2,4277972.0
David Maynard,Colgate,17,-1.49146,76.0,15.1,4280049.0
Pauly Paulicap,DePaul,8,1.67956,80.0,17.5,4279706.0
Damion Rosser,New Orleans,3,0.596864,76.0,22.3,4279179.0
Andrew Platek,North Carolina,14,3.08137,76.0,15.0,4277906.0
Jason Strong,Northeastern,12,-0.47686,80.0,17.4,4279220.0
Tomas Murphy,Vermont,3,-3.67166,80.0,33.0,4279222.0
Brandon McKissic,UMKC,9,2.10824,75.0,28.9,4280190.0
Jack Perry,Eastern Washington,12,2.69411,74.0,9.4,4278600.0
Ra Kpedi,Purdue Fort Wayne,13,-6.35061,81.0,15.4,4278247.0
Bailey Patella,Vermont,12,5.43156,77.0,13.9,4278246.0
Emmanuel Akot,Boise St.,3,1.24327,80.0,22.3,4278131.0
Alex Barcello,BYU,11,8.74571,74.0,22.4,4278130.0
Maxwell Evans,Vanderbilt,11,2.90783,74.0,16.9,4278123.0
Grant Anticevich,California,3,2.2029,80.0,18.5,4278145.0
Austin McCullough,Campbell,12,-0.204011,77.0,13.1,4278142.0
Justice Sueing,Ohio St.,2,6.15253,79.0,20.2,4278141.0
Brad Davison,Wisconsin,10,5.58069,76.0,18.1,4277993.0
Nate Reuvers,Wisconsin,3,2.68633,83.0,23.4,4277994.0
Ira Lee,Arizona,8,0.348393,80.0,17.9,4278128.0
Taj Benning,Fairfield,1,-1.39969,76.0,20.5,4279483.0
Johnny Wang,Cal St. Fullerton,14,-5.28718,81.0,15.5,4278728.0
Marcus Carr,Minnesota,9,5.76273,74.0,28.3,4278014.0
Lavar Batts Jr.,UNC Asheville,4,-6.25572,75.0,22.8,4278006.0
Shamiel Stevenson,Nebraska,7,-1.70278,78.0,22.4,4278020.0
Terrell Brown,Pittsburgh,16,-1.46928,82.0,16.3,4278018.0
Jeff Gary,Mercer,14,1.22281,76.0,13.4,4279215.0
Jacob Wiley,Illinois Chicago,16,-8.48716,79.0,15.3,4279246.0
Jordan Davis,Middle Tennessee,5,-2.03211,75.0,21.2,4278351.0
Jalen Crutcher,Dayton,9,3.3321,73.0,26.5,4278352.0
Vance Jackson Jr.,Arkansas,17,1.18849,81.0,16.5,4066442.0
Milos Supica,Charlotte,8,-1.39438,81.0,18.2,4278932.0
Nike Sibande,Pittsburgh,1,-1.07235,76.0,19.6,4279430.0
Donovan Sims,Middle Tennessee,5,-4.84846,73.0,19.6,4279080.0
Matt Beachler,Central Michigan,10,-3.04084,76.0,13.1,4279328.0
Kevin McAdoo,Bradley,10,-4.42739,74.0,18.1,4279331.0
Tydus Verhoeven,UTEP,13,3.29606,81.0,11.4,4278488.0
Nicholas Kratholm,Niagara,8,-2.97315,81.0,18.5,4278489.0
Eric Williams Jr.,Oregon,3,3.10739,78.0,18.7,4278490.0
Scott Blakney,Idaho,8,-5.70441,80.0,26.4,4278609.0
Isaiah Livers,Michigan,12,9.32712,79.0,18.9,4277957.0
Eli Brooks,Michigan,11,7.53351,73.0,16.1,4277960.0
Darius McNeill,SMU,14,1.27772,75.0,14.7,4278139.0
Jahvon Blair,Georgetown,11,4.4531,76.0,23.2,4278565.0
Jose Alvarado,Georgia Tech,11,7.74415,72.0,20.6,4277869.0
Bryan Trimble Jr.,Akron,14,1.59357,74.0,17.3,4278583.0
Jamaree Bouyea,San Francisco,9,4.91595,74.0,26.2,4280245.0
Samson George,Central Arkansas,4,-10.4065,79.0,17.6,4278021.0
Marco Anthony,Utah St.,6,2.29868,77.0,19.2,4278034.0
Chaundee Brown Jr.,Michigan,12,5.25061,77.0,17.1,4278045.0
Olivier Sarr,Kentucky,2,4.46084,84.0,23.4,4278046.0
RJ Nembhard,TCU,9,0.628701,77.0,28.0,4277916.0
Izaiah Brockington,Penn St.,3,2.12459,76.0,22.6,4278412.0
Austin Williams,Hartford,3,1.27131,76.0,23.6,4279709.0
Alex O'Connell,Creighton,3,0.338303,78.0,20.5,4277846.0
Jalen Ray,Hofstra,11,2.93358,74.0,25.7,4279206.0
Evan Gilyard II,New Mexico St.,1,-1.14896,70.0,18.3,4279109.0
John Jones,Texas Southern,10,-6.17191,72.0,16.8,4278696.0
Jayvon Graves,Buffalo,6,2.98538,75.0,22.2,4279325.0
Daeqwon Plowden,Bowling Green,3,2.00832,78.0,22.4,4279318.0
Nelly Cummings,Colgate,11,-0.0709957,72.0,19.9,4279317.0
Blake Huggins,Ball St.,13,1.55102,82.0,13.8,4279316.0
James Reese,North Texas,12,3.83751,76.0,18.0,4279322.0
Fatts Russell,Rhode Island,9,3.49856,71.0,26.5,4278371.0
Terry Nolan Jr.,Bradley,11,2.5575,76.0,24.0,4278494.0
Justin Mazzulla,Vermont,15,2.10593,75.0,16.3,4278493.0
Greg Calixte,George Mason,16,-6.0456,80.0,17.1,4278362.0
Tshiefu Ngalakulondi,Fairfield,7,-1.71326,79.0,21.0,4278410.0
Elyjah Williams,Fairleigh Dickinson,2,1.85755,79.0,22.4,4279627.0
Noah Morgan,Eastern Michigan,3,-1.65514,77.0,18.8,4279626.0
Josh Nicholas,Louisiana Monroe,11,-0.39637,75.0,20.5,4279652.0
Sean Price,Charleston Southern,15,0.0366444,75.0,19.2,4278689.0
Desmond Cambridge Jr.,Nevada,11,3.76987,76.0,26.3,4279462.0
Isaac Bonton,Washington St.,9,4.14992,75.0,30.3,4278628.0
Lenell Henry,Prairie View A&M,8,-2.06337,80.0,18.9,4278645.0
John Harrar,Penn St.,8,6.00913,81.0,19.3,4277980.0
Jamari Wheeler,Penn St.,6,5.09728,73.0,14.1,4277978.0
Garrison Brooks,North Carolina,15,3.90858,82.0,18.8,4277908.0
Wabissa Bede,Virginia Tech,5,1.0732,73.0,13.2,4278038.0
Brandon Huffman,Jacksonville St.,13,-0.482586,82.0,25.0,4277912.0
P.J. Horne,Georgia,12,4.12021,78.0,11.2,4278040.0
Ejike Obinna,Vanderbilt,7,-9.49538,82.0,14.6,4278125.0
Trae Berhow,Northern Iowa,1,-0.0617296,77.0,22.9,4280203.0
Cam Allen,Towson,4,-6.61541,73.0,15.0,4280160.0
Jade' Smith,Pepperdine,6,1.73155,76.0,19.3,4280202.0
Joe Quintana,Loyola Marymount,11,3.90165,74.0,14.5,4280163.0
Levi Stockard III,VCU,8,0.596661,80.0,20.8,4277897.0
Mike McGuirl,Kansas St.,1,1.57117,74.0,22.4,4277895.0
Marcus Garrett,Kansas,6,5.64007,77.0,18.6,4277892.0
Simon Wright,Elon,17,0.336793,79.0,14.6,4279202.0
Jacob Rigoni,Quinnipiac,14,0.456968,78.0,17.3,4279743.0
Rich Kelly,Boston College,11,-0.0825498,73.0,22.4,4279741.0
Jamorko Pickett,Georgetown,3,4.64478,81.0,19.9,4278566.0
Quade Green,Washington,9,0.0847234,72.0,29.1,4278074.0
Jaden Sayles,Stony Brook,7,-2.68971,81.0,23.1,4279310.0
Stef Smith,Vermont,1,-1.3172,74.0,24.0,4278244.0
Bryce Moragne,Florida A&M,15,-1.29414,77.0,16.0,4279780.0
Javon Levi,UT Rio Grande Valley,9,2.27744,71.0,22.6,4280187.0
Josip Vrankic,Santa Clara,3,1.61397,81.0,29.4,4280250.0
Shaquille Walters,Northeastern,6,0.302465,78.0,19.4,4280251.0
Marco Smith,Nebraska Omaha,5,-4.91515,74.0,18.0,4280189.0
Justin McCall,Cal St. Bakersfield,15,1.23876,78.0,18.5,4278732.0
Cooper Neese,Indiana St.,14,0.296514,76.0,18.1,4288068.0
Aaron Thompson,Butler,9,-0.411001,74.0,21.2,4278552.0
Sandro Mamukelashvili,Seton Hall,3,4.79756,83.0,28.6,4278580.0
Holland Woods,Arizona St.,14,2.64026,73.0,13.3,4278657.0
M.J. Walker,Florida St.,11,3.49767,77.0,21.8,4277854.0
Wyatt Wilkes,Florida St.,14,5.38821,80.0,14.2,4277855.0
Malek Green,Canisius,2,0.431244,79.0,25.9,4279878.0
Ike Obiagu,Seton Hall,0,7.33716,86.0,11.5,4277851.0
Anthony Polite,Florida St.,12,9.80136,78.0,17.0,4277852.0
Steffon Mitchell,Boston College,15,4.51731,80.0,14.8,4277832.0
Jordan Whitfield,Campbell,11,-1.16874,73.0,22.7,4278681.0
Phlandrous Fleming Jr.,Charleston Southern,9,2.62053,76.0,30.5,4278688.0
Jaheam Cornwall,Gardner Webb,11,0.666271,72.0,24.4,4278690.0
Dajour Dickens,Hampton,0,0.254372,84.0,15.5,4278576.0
Paul Scruggs,Xavier,9,5.47505,76.0,24.0,4278591.0
Greg Elliott,Marquette,11,4.8263,75.0,15.5,4278570.0
Theo John,Marquette,15,5.79981,81.0,16.7,4278569.0
Makai Ashton-Langford,Boston College,9,2.24108,75.0,21.6,4278574.0
Jamal Cain,Marquette,3,3.9639,79.0,16.4,4278572.0
Nate Watson,Providence,13,4.34453,82.0,22.9,4278573.0
Jack Ballantyne,LIU,7,-7.04939,81.0,15.0,4279232.0
Jermaine Jackson Jr.,LIU,1,-4.09361,70.0,22.7,4279230.0
Marek Dolezaj,Syracuse,13,5.81881,82.0,15.0,4278032.0
Javante McCoy,Boston University,11,0.255534,77.0,26.3,4280041.0
Sukhmail Mathon,Boston University,2,4.07994,82.0,21.4,4280042.0
Walter Whyte,Boston University,3,-1.16388,78.0,24.6,4280039.0
Paul Newman,Bucknell,13,-4.13755,81.0,17.2,4280043.0
Connor McCaffery,Iowa,17,3.46247,77.0,11.7,4277950.0
Jase Febres,Texas,12,5.67993,77.0,12.5,4277921.0
Marquis Godwin,Hampton,10,-7.09691,77.0,17.1,4279093.0
Zach Jacobs,James Madison,7,-1.09664,80.0,17.8,4279212.0
Zach Cooks,NJIT,1,-1.56946,70.0,25.3,4278449.0
Amorie Archibald,Louisiana Tech,1,0.888344,75.0,20.5,4279005.0
Exavian Christon,Louisiana Tech,10,1.66618,76.0,10.2,4279006.0
Trent Frazier,Illinois,11,6.97847,74.0,14.9,4277936.0
Ricky Nelson,UT Rio Grande Valley,5,-3.73509,73.0,11.0,4278672.0
Michal Kozak,Weber St.,12,3.09621,80.0,15.0,4278674.0
Cedrick Alley Jr.,UTSA,3,1.2219,78.0,15.3,4278259.0
Ethan Chargois,SMU,6,2.4296,81.0,23.5,4278297.0
William Douglas,SMU,5,0.596541,77.0,20.3,4278296.0
Fabian White Jr.,Houston,2,8.25206,80.0,19.9,4278263.0
Elijah Cuffee,Liberty,12,3.2752,76.0,16.1,4278881.0
Keegan McDowell,Liberty,12,0.846153,78.0,15.6,4278884.0
Justyn Mutts,Virginia Tech,15,4.20908,79.0,20.0,4278693.0
Denny Slay II,High Point,1,-4.99271,71.0,17.1,4278694.0
Victor Enoh,Marist,16,-1.51892,79.0,14.2,4278286.0
Jamal Johnson,Auburn,14,1.60699,76.0,16.7,4278281.0
Daniel Akin,UMBC,8,0.389819,81.0,19.4,4279163.0
Brandon Horvath,UMBC,3,2.182,82.0,21.8,4279162.0
Asbjorn Midtgaard,Grand Canyon,13,4.30727,84.0,20.8,4278485.0
Jacob Gilyard,Richmond,9,7.60047,69.0,18.5,4278378.0
Taylor Funk,Saint Joseph's,12,5.34885,80.0,22.3,4278395.0
Rocky Kreuser,North Dakota St.,2,4.14357,82.0,25.2,4279518.0
Noah Frederking,Evansville,14,-1.47506,76.0,15.7,4279133.0
Hunter Maldonado,Wyoming,9,1.75944,79.0,23.0,4280267.0
Rylan Bergersen,Central Arkansas,9,0.779464,78.0,25.6,4280143.0
Brock Miller,Utah St.,14,1.39278,77.0,13.7,4278721.0
Dwight Wilson III,Ohio,13,1.83444,80.0,21.6,4279213.0
Mark Flagg,Saint Francis,8,-0.171984,81.0,19.8,4280256.0
Noah Horchler,Providence,3,2.4794,80.0,17.9,4278453.0
Chauncey Hawkins,St. Francis NY,9,-1.15977,68.0,26.4,4279649.0
Yaradyah Evans,St. Francis NY,7,-3.73421,78.0,12.9,4279650.0
Jalen Jordan,Middle Tennessee,11,-0.19407,75.0,19.7,4279651.0
Justyn Hamilton,Kent St.,8,1.09863,83.0,18.2,4278334.0
De'Vondre Perry,Temple,3,3.61693,79.0,17.0,4278335.0
Caleb Daniels,Villanova,14,0.845734,76.0,20.1,4278373.0
David Collins,South Florida,5,-0.0512379,76.0,26.2,4278306.0
Justin Brown,South Florida,14,1.31158,78.0,14.3,4278307.0
J.P. Moorman II,Temple,3,3.45439,79.0,16.4,4278332.0
Cameron Benford,Purdue Fort Wayne,16,-3.41553,80.0,9.1,4279505.0
Jordan McKenzie,Stony Brook,4,-3.54538,73.0,11.3,4278242.0
Ebube Ebube,Manhattan,13,-2.23722,79.0,8.9,4279705.0
Scott Hitchon,Canisius,10,-9.14573,80.0,24.5,4279482.0
Justin Roberts,Georgia St.,9,0.304117,72.0,23.1,4397535.0
Nathan Cayo,Richmond,3,0.600739,79.0,21.3,4278380.0
Braxton Beverly,N.C. State,11,3.17649,72.0,14.8,4278007.0
E.J. Stephens,Lafayette,11,-1.53104,75.0,24.4,4280074.0
James Karnik,Boston College,3,-0.653623,81.0,20.1,4280080.0
Marques Wilson,Lehigh,9,-0.521859,76.0,26.6,4280081.0
Isaiah Hart,Loyola MD,5,-5.96208,71.0,21.8,4280083.0
Brent Holcombe,Loyola MD,7,-3.84895,80.0,19.6,4280087.0
Luke Johnson,Loyola MD,6,2.52736,75.0,11.7,4280084.0
Devin Gilmore,Murray St.,13,2.97096,78.0,14.3,4279889.0
Tristan Jarrett,Jackson St.,9,1.66811,76.0,32.1,4278443.0
Felipe Haase,Mercer,3,2.94705,81.0,20.3,4278110.0
Andrew Petcash,Boston University,10,-6.07837,76.0,13.4,4280040.0
David Beatty,La Salle,1,-2.09442,74.0,21.4,4278107.0
Hugh Baxter,UC San Diego,12,1.19455,80.0,22.6,4280050.0
Hasahn French,Saint Louis,0,6.38864,79.0,21.6,4278403.0
Dwayne Rose Jr.,Detroit Mercy,3,-3.36373,76.0,16.1,4279450.0
Mitch Ballock,Creighton,12,5.17641,77.0,14.2,4278556.0
Marcus Shaver Jr.,Boise St.,6,3.03691,74.0,19.6,4280208.0
Sam Iorio,South Alabama,3,-1.69285,79.0,17.7,4280029.0
"James Baker, Jr.",Morehead St.,15,0.135333,78.0,17.4,4279875.0
De'Von Cooper,Morehead St.,11,1.47992,76.0,21.3,4279876.0
Caleb Hollander,Belmont,3,-0.0357887,80.0,23.1,4279921.0
Grayson Murphy,Belmont,2,9.62455,74.0,18.9,4279920.0
Nigel Jackson,Wagner,10,-2.16964,79.0,12.7,4279882.0
JacQuess Hobbs,Eastern Kentucky,5,-2.66833,74.0,17.0,4279851.0
Greg Jones,Lipscomb,14,-2.80175,75.0,15.3,4278444.0
Parker Hazen,Lipscomb,3,-0.455523,80.0,17.6,4279172.0
Marten Linssen,Saint Louis,13,3.16825,80.0,20.6,4279174.0
Darnell Rogers,UMBC,1,0.191419,62.0,18.8,4278386.0
Mileek McMillan,Valparaiso,4,-8.81509,80.0,23.1,4279176.0
Taavi Jurkatamm,San Francisco,17,2.84026,81.0,13.4,4280248.0
Clyde Trapp,Clemson,6,2.95399,76.0,17.9,4277833.0
Darien Jackson,Tulsa,15,5.16426,75.0,17.0,4278408.0
Elijah Joiner,Tulsa,11,3.42258,75.0,21.0,4278407.0
Shakwon Barrett,Tennessee St.,17,-2.66597,77.0,13.1,4703416.0
A.J. Oliver II,Old Dominion,12,0.34696,77.0,16.3,4592878.0
Stanley Umude,South Dakota,3,0.757705,78.0,33.6,4279532.0
Jordan Schakel,San Diego St.,12,7.89417,78.0,18.7,4278707.0
Clifton Moore,La Salle,15,0.282593,82.0,17.1,4277945.0
Justin Smith,Arkansas,2,6.12189,79.0,20.3,4277943.0
Aljami Durham,Indiana,1,2.86824,76.0,18.7,4277942.0
Brandon Rachal,Tulsa,6,4.81418,78.0,26.6,4278079.0
Justin Jaworski,Lafayette,11,-0.949831,75.0,26.4,4280075.0
Noah Baumann,USC,17,2.07356,78.0,16.0,4278713.0
Caleb Green,Fairfield,1,-3.3497,70.0,16.9,4280068.0
Jacob Grandison,Illinois,12,9.01022,78.0,14.6,4280073.0
Matt Faw,Holy Cross,3,1.74936,81.0,22.4,4280072.0
Austin Butler,Holy Cross,3,0.402201,77.0,24.0,4280070.0
Jermaine Samuels,Villanova,2,7.75491,79.0,20.7,4278588.0
Caleb Simmons,San Jose St.,17,-2.52745,78.0,12.5,4278716.0
Cameron Christon,Grambling St.,3,-0.248365,78.0,22.6,4278638.0
Matt Halvorsen,Western Carolina,14,-0.581175,73.0,14.1,4280115.0
Jordan Burns,Colgate,9,2.17386,72.0,31.7,4280047.0
Michael Diggins,Illinois Chicago,3,-1.33476,80.0,20.3,4279245.0
Dominik Fragala,Delaware St.,1,-4.49562,72.0,22.5,4279737.0
Deion Hammond,Monmouth,1,-1.7662,76.0,28.4,4279734.0
Marcus McClary,Monmouth,3,0.272309,75.0,14.7,4279736.0
Manny Camper,Siena,7,-0.559929,79.0,26.7,4279751.0
Greg Kuakumensah,Niagara,15,0.012459,78.0,16.6,4279739.0
Prince Oduro,South Florida,16,-6.49637,80.0,14.3,4279753.0
Roman Penn,Drake,9,3.39474,72.0,27.3,4279754.0
Lewis Djonkam,Radford,13,2.91646,81.0,17.5,4278422.0
Anthony Duruji,Florida,17,0.533609,79.0,17.0,4279008.0
Jarrod West,Marshall,9,4.33546,71.0,20.1,4279077.0
Darius George,Marshall,12,1.62543,79.0,16.1,4279078.0
David Jenkins Jr.,UNLV,1,-2.97375,74.0,25.4,4279527.0
Mason Green,Tennessee St.,16,-7.93845,82.0,17.8,4280034.0
Hayden Brown,The Citadel,2,1.77861,77.0,28.3,4280014.0
Derek Webster Jr.,The Citadel,8,-2.81439,76.0,15.9,4280013.0
Mladen Armus,Boise St.,8,4.15867,82.0,17.4,4280022.0
Dre Marin,Southern Utah,11,1.68219,72.0,17.6,4278670.0
Tyler Polley,Connecticut,14,3.33861,81.0,15.9,4278230.0
Eliel Nsoseme,Georgia St.,13,3.27115,81.0,18.4,4278220.0
Darius Perry,UCF,9,3.5866,74.0,25.5,4277878.0
Trevor Moore,Morgan St.,1,-2.12478,77.0,17.6,4278218.0
Greg Parham,VMI,11,1.69866,76.0,26.1,4280099.0
Bubba Parham,Georgia Tech,14,3.18222,70.0,12.7,4280103.0
Corey Kispert,Gonzaga,12,9.90284,79.0,20.7,4280151.0
Avery Diggs,UCF,15,1.37018,83.0,15.1,4278461.0
Jordan Goodwin,Saint Louis,6,6.75363,75.0,26.1,4278402.0
Avery Sullivan,Lamar,7,-3.50615,80.0,18.2,4278290.0
Shelby Adams,Texas St.,6,0.986779,75.0,13.7,4280276.0
Reggie Miller,Abilene Christian,6,4.25564,72.0,13.5,4593747.0
Elijah Childs,Bradley,3,1.48216,80.0,25.1,4278982.0
Matt Mitchell,San Diego St.,6,5.40863,78.0,26.6,4278706.0
PJ Pipes,Green Bay,11,0.572156,74.0,22.4,4279237.0
Devontae Shuler,Mississippi,9,4.11556,74.0,25.5,4278085.0
Matt Haarms,BYU,0,7.00967,87.0,23.1,4080105.0
Geo Baker,Rutgers,11,3.68381,76.0,19.5,4277986.0
Trent Buttrick,Penn St.,6,3.62428,80.0,14.3,4277981.0
Jahlil Jenkins,Fairleigh Dickinson,1,-4.35067,72.0,24.2,4279625.0
Nigel Shadd,Pacific,16,-10.2406,81.0,16.4,4277898.0
Colbey Ross,Pepperdine,9,3.94722,73.0,27.2,4280201.0
Ledarrius Brewer,East Tennessee St.,11,2.02515,77.0,26.1,4279897.0
Iziah James,SIU Edwardsville,1,-4.40923,72.0,20.0,4278708.0
Cedric Russell,Louisiana,1,-2.33234,74.0,24.0,4280257.0
Zack Bryant,Georgia Southern,1,-0.587141,74.0,24.2,4279103.0
Malik Osborne,Florida St.,3,3.92591,81.0,14.2,4279098.0
Kris Bankston,Little Rock,16,-6.29316,80.0,18.3,4280289.0
Remy Martin,Arizona St.,9,3.71571,72.0,28.7,4278133.0
Tyler Maye,North Carolina A&T,6,-1.47328,73.0,16.7,4278423.0
Kaiden Rice,The Citadel,14,-2.87935,79.0,22.1,4280011.0
Umoja Gibson,Oklahoma,14,4.63288,73.0,16.1,4279087.0
Tariq Simmons,South Carolina St.,5,-10.1181,74.0,25.0,4280009.0
Koby Thomas,Coppin St.,7,-5.15131,78.0,23.5,4279639.0
Myles Lewis,VMI,3,-2.016,77.0,22.4,4280102.0
Yves Pons,Tennessee,0,5.77365,78.0,15.6,4278116.0
Justin Minaya,South Carolina,17,3.69104,78.0,13.2,4278111.0
Charles Bain,Robert Morris,7,-6.39457,80.0,22.7,4279641.0
Keaton Van Soelen,Air Force,15,-1.10257,79.0,14.9,4278620.0
Keaton Wallace,UTSA,1,1.32847,75.0,24.8,4279118.0
Souley Boum,UTEP,1,1.41569,75.0,27.6,4280244.0
Bates Jones,Davidson,14,1.30794,80.0,11.4,4278348.0
Kellan Grady,Davidson,11,2.64501,77.0,24.3,4278349.0
Derrick Walker,Nebraska,13,5.06871,80.0,16.7,4278113.0
Zach Kent,Delaware St.,7,-5.84616,82.0,21.4,4278115.0
Jeremiah Tilmon,Missouri,13,5.76458,82.0,23.1,4278105.0
Omar Habwe,Stony Brook,3,0.943339,78.0,19.4,4279868.0
Charles Falden,Winthrop,12,1.04997,75.0,20.6,4279060.0
Kyle Zunic,Winthrop,5,0.924198,74.0,15.7,4279061.0
Ian DuBose,Wake Forest,6,5.96483,76.0,24.6,4278268.0
Philip McKenzie,Houston Christian,7,-5.7721,77.0,18.8,4278269.0
Hayden Koval,UNC Greensboro,0,6.81656,85.0,14.8,4278265.0
Mike Okauru,UNC Wilmington,9,-0.610034,75.0,26.2,4278057.0
Isaac Kante,Hofstra,8,-2.48194,79.0,20.7,4278066.0
Jay Jay Chandler,Texas A&M,1,-1.39844,76.0,23.4,4278117.0
TJ Starks,Cal St. Northridge,9,-1.04332,74.0,32.8,4278118.0
Kene Chukwuka,Pepperdine,3,2.18905,81.0,14.7,4278017.0
Mack Smith,Eastern Illinois,14,-0.611013,74.0,16.4,4279836.0
Antwan Walker,Rhode Island,2,3.76989,79.0,19.5,4278567.0
Peyton Smith,Texas A&M Corpus Chris,4,-7.85957,74.0,14.4,4278342.0
Jon Williams,Robert Morris,14,-0.479566,73.0,16.5,4279635.0
Jaylon Hall,Wright St.,11,-0.74229,77.0,18.8,4279497.0
A.J. Caldwell,Chattanooga,17,2.05683,77.0,11.4,4280264.0
Keith Williams,Cincinnati,9,2.60623,77.0,29.8,4278217.0
Chris Joyce,Air Force,1,-3.84668,77.0,20.9,4278615.0
Ameka Akaya,Air Force,5,-4.38971,78.0,20.6,4278616.0
Anthony Longpre,Saint Joseph's,16,-2.49858,82.0,12.0,4278393.0
David Nickelberry,Buffalo,7,-1.23251,79.0,18.1,4278288.0
Jericho Sims,Texas,13,6.58155,82.0,18.3,4277922.0
Galen Alexander,Texas Southern,3,-1.09681,78.0,19.5,4278082.0
Gavin Kensmil,Stephen F. Austin,13,2.65466,79.0,24.3,4279493.0
Teyvion Kirk,Illinois Chicago,9,-1.97907,76.0,31.5,4279447.0
Isaiah Coleman-Lands,Miami OH,11,1.29268,72.0,17.5,4279432.0
Jalen Adaway,St. Bonaventure,12,4.17751,77.0,17.5,4279431.0
Dedric Boyd,Illinois St.,1,-4.40782,76.0,24.1,4279854.0
Brandon Davis,Sacramento St.,5,-4.05476,74.0,19.8,4284625.0
Donald Carey,Georgetown,11,5.36401,77.0,14.9,4402802.0
Bobby Planutis,Purdue Fort Wayne,12,-0.373915,80.0,15.6,4279863.0
Cameron Corcoran,FIU,10,-9.52573,73.0,17.9,4280283.0
Jordan Cintron,Niagara,13,3.35473,80.0,18.8,4278891.0
Aamir Simms,Clemson,2,9.84828,80.0,25.2,4277835.0
Isaiah Miller,UNC Greensboro,9,6.67999,72.0,35.2,4280037.0
Storm Murphy,Wofford,11,1.91371,72.0,26.2,4280118.0
Keve Aluma,Virginia Tech,2,8.18537,81.0,26.3,4280120.0
Tray Hollowell,Wofford,17,-1.51317,75.0,18.4,4280119.0
Gabe Osabuohien,West Virginia,6,8.54355,79.0,11.9,4278051.0
Darious Hall,DePaul,7,-0.0757585,79.0,17.6,4278050.0
Alex Reese,Alabama,3,4.10264,81.0,17.5,4277812.0
John Petty Jr.,Alabama,11,6.41116,77.0,18.7,4277814.0
Galin Smith,Maryland,16,-1.19721,81.0,17.4,4277815.0
Jack Ferguson,Colgate,12,4.44083,75.0,20.3,4280048.0
Davion Mitchell,Baylor,11,9.17366,74.0,21.6,4278053.0
Isiah Jasey,SMU,16,-1.28834,82.0,15.2,4278120.0
Savion Flagg,Texas A&M,3,4.48011,79.0,20.7,4278119.0
Alex Hunter,Furman,11,2.62445,71.0,16.4,4280016.0
Sean Mobley,UCF,5,-1.7522,80.0,13.4,4278418.0
Anthony Ochefu,Delaware,15,-2.03582,80.0,15.6,4278243.0
Musa Jallow,Ohio St.,15,4.68911,77.0,11.7,4277973.0
Royce Hamm Jr.,Texas,15,2.52908,81.0,12.5,4277920.0
Obadiah Noel,UMass Lowell,9,2.43037,76.0,31.7,4278235.0
Matt Coleman III,Texas,11,6.02389,74.0,20.1,4277918.0
Isaiah Whaley,Connecticut,0,10.5716,81.0,17.4,4278231.0
Casdon Jardine,Hawaii,3,1.85329,79.0,20.1,4278640.0
Zach Reichle,Oregon St.,11,3.52361,77.0,16.2,4278517.0
Ayo Akinwole,Nebraska Omaha,11,2.49626,72.0,19.4,4279508.0
Matt Pile,Nebraska Omaha,8,-0.884177,80.0,20.0,4279512.0
Jordan Roberts,Long Beach St.,16,-5.5512,81.0,17.8,4278751.0
Troymain Crosby,Alcorn St.,3,-4.74679,76.0,31.3,4280061.0
Jarkel Joiner,Mississippi,1,1.13573,73.0,21.1,4278729.0
Vladimir Pinchuk,San Diego,8,-0.784824,83.0,20.6,4278701.0
Makuach Maluach,New Mexico,3,-0.116961,77.0,28.0,4278699.0
Zach Gunn,Ball St.,12,0.927785,78.0,14.5,4279315.0
Czar Perry,Cal St. Bakersfield,5,-2.79844,74.0,15.1,4278312.0
Dimitrije Spasojevic,UMBC,8,-1.87772,80.0,18.9,4278250.0
Josh Linder,Tennessee St.,15,-5.6793,80.0,19.2,4280168.0
Austin Phyfe,Northern Iowa,2,2.75016,81.0,26.2,4279169.0
Cameron Krutwig,Loyola Chicago,2,11.0982,81.0,29.8,4279150.0
Mustafa Lawrence,Norfolk St.,1,-3.01721,72.0,20.3,4279155.0
Tywhon Pickford,Northern Iowa,6,-0.458204,76.0,15.6,4279167.0
Moses Wright,Georgia Tech,2,7.83923,81.0,25.8,4277871.0
Kobe Webster,Nebraska,10,0.150071,72.0,17.9,4279535.0
Dylan Hastings,Lafayette,4,-3.73418,80.0,10.2,4280077.0
Jalon Pipkins,Purdue Fort Wayne,11,-1.61862,76.0,22.0,4278735.0
Terrell Gomez,San Diego St.,11,3.46437,68.0,17.4,4278736.0
Brady Manek,Oklahoma,3,3.79985,81.0,20.8,4277902.0
Hannes Polla,Tennessee Martin,16,-6.56019,83.0,17.1,4277903.0
Naz Bohannon,Youngstown St.,3,1.34078,78.0,27.4,4285366.0
Michael Akuchie,Youngstown St.,3,0.050421,80.0,17.8,4279695.0
R.J. Cole,Connecticut,9,5.36364,73.0,22.1,4279789.0
Greg Bowie II,Northern Colorado,10,-4.56128,74.0,17.8,4280186.0
Aaron Nettles,Seattle,14,-1.18002,72.0,15.7,4280184.0
Jordan Usher,Georgia Tech,6,4.50351,79.0,22.3,4278532.0
Chuck O'Bannon Jr.,TCU,3,3.11252,78.0,19.4,4278533.0
Christiaan Jones,Stetson,3,2.22671,77.0,22.7,4278470.0
Ryan Burkhardt,North Florida,14,-2.70966,76.0,11.3,4278456.0
Ajani Kennedy,Tennessee Martin,7,-4.73706,81.0,17.5,4284256.0
Tervell Beck,Kent St.,15,-0.593782,79.0,20.5,4278950.0
Chyree Walker,Radford,7,-2.67009,77.0,17.5,4279192.0
Terry Taylor,Austin Peay,2,4.80776,77.0,28.2,4279815.0
Myles Smith,Texas A&M Corpus Chris,5,-4.25089,72.0,21.4,4278341.0
Kamron Reaves,Florida A&M,5,-6.20925,74.0,19.0,4279781.0
Garrett Covington,Youngstown St.,12,2.30149,77.0,19.8,4285365.0
Jarvis Doles,Albany,15,2.26877,81.0,18.8,4279195.0
Damari Milstead,San Francisco,5,-1.10611,74.0,21.5,4280171.0
Kane Williams,Georgia St.,5,-1.54767,76.0,25.8,4280167.0
Evan Kuhlman,Evansville,12,0.43797,80.0,18.1,4279131.0
Takal Molson,Seton Hall,7,-1.82848,77.0,19.2,4279481.0
Da'Monte Williams,Illinois,12,10.506,75.0,9.8,4277940.0
Mark Smith,Missouri,14,2.59727,77.0,17.5,4277939.0
Jack Nunge,Iowa,2,9.12387,83.0,24.2,4277948.0
Luka Garza,Iowa,2,10.7441,83.0,30.4,4277951.0
Miryne Thomas,Ball St.,15,0.192467,80.0,19.3,4279796.0
Kevin Johnson,Nicholls St.,6,1.63727,72.0,17.6,4278304.0
Ryghe Lyons,Nicholls St.,0,2.43714,83.0,18.3,4278303.0
Oliver Lynch-Daniels,Colgate,12,3.29774,74.0,10.4,4278275.0
Daejon Davis,Stanford,11,3.36914,75.0,21.4,4278522.0
Richard Harward,BYU,8,3.5068,83.0,22.6,4280199.0
Jay Green,Northern Arizona,4,-9.90597,77.0,22.4,4278952.0
Cheikh Mbacke Diong,UNLV,13,3.02493,83.0,15.7,4278951.0
Amauri Hardy,Oregon,5,-3.27262,74.0,14.7,4278953.0
Gabe Hadley,UC San Diego,12,-0.587432,76.0,19.7,4280177.0
Victor Uyaelunmo,Towson,16,-2.38399,84.0,16.4,4278534.0
Keaton Hervey,Missouri St.,15,-0.538996,79.0,13.6,4278278.0
Marvin Nesbitt Jr.,UMKC,6,3.40308,76.0,20.0,4280195.0
Tyree Appleby,Florida,9,2.99124,73.0,23.2,4280299.0
JD Notae,Arkansas,9,3.44777,73.0,28.2,4278435.0
Corey Romich,Jacksonville,4,-5.12854,76.0,10.8,4278436.0
Stefan Kenic,Chattanooga,3,1.4803,81.0,20.3,4280301.0
Carter Collins,Davidson,11,3.89777,75.0,22.2,4278347.0
McKinley Wright IV,Colorado,9,9.54865,72.0,26.3,4278507.0
Jesus Cruz,Fairfield,7,-2.68104,77.0,23.4,4279488.0
Curtis Haywood II,Tulsa,17,1.3892,77.0,14.2,4593833.0
Jason Whitens,Western Michigan,17,-1.45612,76.0,14.7,4279457.0
Evan Cole,Utah Valley,15,-0.650482,82.0,21.6,4277868.0
Jordan Goldwire,Duke,6,5.27962,74.0,14.5,4277845.0
Marek Nelson,UT Rio Grande Valley,17,-4.46176,79.0,19.1,4279122.0
Taveion Hollingsworth,Western Kentucky,1,1.32696,74.0,23.8,4279121.0
Marquis Eaton,Arkansas St.,9,1.2293,74.0,25.4,4280139.0
Lamont Berzat,New Orleans,1,-4.2797,66.0,17.0,4279180.0
Troy Green,New Orleans,3,-2.992,75.0,23.9,4279181.0
Donnie Tillman,New Mexico St.,3,2.21505,79.0,24.5,4278536.0
Brion Whitley,Murray St.,12,-4.10259,76.0,17.4,4279890.0
Lucas Williamson,Loyola Chicago,6,6.55606,76.0,17.7,4279147.0
Josh Anderson,Western Kentucky,6,3.94716,78.0,17.2,4279119.0
Jamir Moultrie,North Carolina Central,1,-4.92632,71.0,22.5,4278365.0
Derrick Flowers,Jacksonville,4,-4.814,76.0,7.7,4278439.0
DJ Heath,Alabama St.,5,-7.11979,72.0,20.9,4279479.0
Teddy Allen,Nebraska,9,3.78934,78.0,29.8,4277932.0
Greg Eboigbodin,Northeastern,7,-2.47706,81.0,14.6,4277938.0
Kevin Anderson,Delaware,5,-0.712851,77.0,22.1,4279189.0
Victor Bailey Jr.,Tennessee,14,2.20136,76.0,20.8,4278512.0
Chris Vogt,Cincinnati,16,1.12485,85.0,16.1,4279252.0
James Beck,Miami OH,8,-2.91493,80.0,23.3,4279495.0
Jalanni White,Canisius,7,-3.99653,80.0,20.2,4279478.0
Abu Kigab,Boise St.,2,4.71998,79.0,23.2,4278513.0
Mike Adewunmi,SIU Edwardsville,3,-3.50413,77.0,22.8,4278256.0
Cam Bacote,Indiana St.,14,-2.01235,75.0,12.3,4279797.0
KeyShawn Feazell,McNeese St.,8,-0.64611,80.0,23.2,4278099.0
Darius Banks,Chattanooga,3,-1.55908,78.0,20.1,4279210.0
Matt Lewis,James Madison,9,5.38622,77.0,26.5,4279208.0
Collin Gillespie,Villanova,11,6.11363,75.0,22.4,4278585.0
Larry Owens,Northwestern St.,8,-4.23484,79.0,21.3,4278317.0
Ryan Allen,Delaware,1,-2.59942,74.0,24.6,4279190.0
Thorir Thorbjarnarson,Nebraska,10,2.20197,78.0,11.9,4277971.0
Darryl Morsell,Maryland,6,3.25207,77.0,20.2,4277954.0
Herbert Jones,Alabama,6,8.91512,80.0,24.3,4277813.0
San Antonio Brinson,NJIT,7,-5.39514,80.0,21.6,4278448.0
Virshon Cotton,LIU,5,-5.31114,74.0,19.8,4279307.0
Jhivvan Jackson,UTSA,11,1.82979,72.0,28.0,4279116.0
Torrey Patton,Cleveland St.,3,1.63668,77.0,25.8,4279311.0
Eric Parrish,UTSA,6,1.4255,78.0,18.0,4610342.0
Ishmael El-Amin,Ball St.,1,0.966437,75.0,24.8,4279313.0
Manny Patterson,Southeast Missouri St.,8,-4.2233,80.0,23.5,4279241.0
Luke Loewe,William & Mary,11,1.33692,76.0,22.9,4279227.0
Oscar da Silva,Stanford,2,8.90754,81.0,27.1,4278524.0
D'Shawn Schwartz,Colorado,3,3.6958,79.0,18.6,4278501.0
Ethan Thompson,Oregon St.,9,4.70671,77.0,27.1,4278516.0
Marcus Santos-Silva,Texas Tech,0,7.62322,79.0,21.0,4278420.0
Jaylen Minnett,IU Indy,1,-2.74339,73.0,27.6,4279244.0
David Kachelries,Stephen F. Austin,11,2.16248,73.0,21.1,4278450.0
Elijah Gonzales,Louisiana Monroe,5,-0.788081,71.0,16.2,4702089.0
Ferron Flavors Jr.,Oklahoma St.,17,-1.48648,75.0,14.9,4279487.0
CJ Jones,Northwestern St.,5,-7.48445,70.0,13.4,4278310.0
Michael Flowers,South Alabama,9,0.803626,73.0,29.1,4279455.0
Marreon Jackson,Toledo,9,6.31795,73.0,28.6,4279451.0
Kimani Lawrence,Arizona St.,8,1.39855,80.0,17.7,4278134.0
Marcus Weathers,Duquesne,2,2.91294,77.0,27.6,4067390.0
Eli Scott,Loyola Marymount,2,4.57618,78.0,29.3,4280158.0
Michael Weathers,Texas Southern,9,3.95977,74.0,26.8,4067391.0
Quentin Scott,Texas St.,7,-5.05092,79.0,19.3,4280277.0
Javan Johnson,Iowa St.,17,-0.0752031,78.0,21.8,4280280.0
Cam Davis,Navy,9,1.54186,72.0,25.9,4280091.0
Jordan Perkins,North Carolina Central,5,-3.83397,73.0,18.3,4284169.0
Terrance Banyard,Arkansas Pine Bluff,7,-5.09291,80.0,19.3,4283577.0
Tyreke Key,Indiana St.,11,4.51381,75.0,25.7,4279143.0
Brandon Houston,Alabama A&M,17,-4.93453,79.0,18.3,4280059.0
Javon Greene,George Mason,6,2.78567,74.0,21.4,4278360.0
Jamir Harris,American,11,0.165108,74.0,26.2,4277966.0
Myles Cale,Seton Hall,14,3.05083,78.0,17.7,4278579.0
Elijah Olaniyi,Miami FL,3,-0.292449,77.0,18.5,4278240.0
Bryce Fowler,Sacramento St.,9,-1.14259,78.0,27.9,4278663.0
Zachary Simmons,North Texas,13,3.65134,82.0,21.5,4279089.0
James Lewis Jr.,Appalachian St.,8,-0.782637,80.0,17.5,4280003.0
Dalonte Brown,Miami OH,12,3.55938,79.0,21.7,4279435.0
Dominick Pickett,UC Riverside,11,4.26562,75.0,13.0,4081600.0
Justin Forrest,Appalachian St.,9,-1.94498,74.0,28.7,4280137.0
Josh Carlton,Connecticut,8,2.87937,83.0,20.5,4278229.0
Michael Carter III,Long Beach St.,11,-0.0728727,77.0,23.7,4592941.0
Hameir Wright,Washington,17,2.29861,81.0,16.6,4278544.0
Alex Watson,Sacred Heart,1,-2.17283,75.0,15.6,4279645.0
E.J. Anosike,Tennessee,7,0.327841,79.0,14.9,4279647.0
Myles Carter,Delaware St.,1,-4.73886,73.0,25.8,4284101.0
Johquin Wiley,Delaware St.,5,-4.91063,71.0,18.4,4283602.0
Ameer Bennett,Delaware St.,7,-6.70851,80.0,16.2,4283595.0
"Shavar Reynolds, Jr.",Seton Hall,9,4.01915,74.0,17.3,4278578.0
Carl Pierre,Massachusetts,14,0.493761,76.0,18.3,4278368.0
Michael Ertel,UAB,1,-0.739277,74.0,23.7,4280260.0
Tucker Blackwell,Army,14,-0.00349425,74.0,17.2,4284076.0
Alex King,Army,15,0.198218,80.0,21.2,4284080.0
Eral Penn,LIU,2,5.15872,79.0,21.1,4279628.0
Myles Fitzgerald-Warren,Washington St.,5,-1.70339,75.0,15.2,4278666.0
Babacar Thiombane,Idaho,7,-0.81177,79.0,13.9,4284074.0
Melik Martin,Monmouth,6,3.01023,78.0,22.6,4279733.0
George Papas,Monmouth,11,2.04094,77.0,18.6,4279735.0
Kameron Langley,North Carolina A&T,9,2.90492,74.0,23.3,4279819.0
Yauhen Massalski,San Diego,0,4.15647,82.0,25.0,4285624.0
Lonnie Grayson,Army,1,1.72433,72.0,21.2,4284075.0
Darius Quisenberry,Youngstown St.,5,-2.03559,73.0,25.8,4397790.0
Demetrius Mims,Towson,17,-4.1666,78.0,16.9,4397498.0
B.J. Shaw,UC Davis,7,-7.49452,78.0,18.4,4397581.0
Caleb Fuller,UC Davis,3,-3.33872,77.0,24.7,4397580.0
Brandon Slater,Villanova,12,5.77476,78.0,11.9,4397133.0
Luis Hurtado Jr.,Bryant,15,-2.14364,78.0,14.6,4279105.0
Geoff Hamperian,Youngstown St.,14,-2.1113,76.0,10.4,4279692.0
Tim Fuller,Utah Valley,13,2.37483,81.0,12.8,4397392.0
Damion Squire,UC Davis,11,2.05775,72.0,18.7,4397579.0
Kihei Clark,Virginia,1,-0.263159,69.0,21.5,4395677.0
William McNair,New Mexico St.,15,-2.76765,82.0,14.0,4396012.0
Nate Laszewski,Notre Dame,12,4.08697,82.0,17.5,4395665.0
Prentiss Hubb,Notre Dame,1,0.837124,75.0,26.4,4395664.0
Kevin Schutte,Hofstra,8,1.66094,81.0,13.2,4279205.0
Jordan Love,Southeast Missouri St.,6,-0.946558,77.0,19.7,4398352.0
Tanner Groves,Eastern Washington,2,4.16109,81.0,27.3,4278603.0
Kim Aiken Jr.,Eastern Washington,2,7.26625,79.0,19.1,4278602.0
Leaky Black,North Carolina,6,4.97194,80.0,12.9,4395650.0
Loseni Kamara,Jacksonville,17,-7.94134,75.0,18.6,4278604.0
Nana Opoku,Mount St. Mary's,16,1.04193,81.0,18.6,4279871.0
Mohammed Abdulsalam,UNC Greensboro,8,-0.0666139,81.0,19.8,4398232.0
Angelo Allegri,UNC Greensboro,17,-1.29755,79.0,16.5,4398233.0
Deandre Thomas,Mount St. Mary's,10,-1.60383,77.0,16.6,4703168.0
Robert Allen,Mississippi,8,4.7045,80.0,15.1,4398245.0
Larry Moreno,St. Francis NY,1,-3.66061,72.0,18.3,4398007.0
Gabe Watson,Tulane,1,-2.30052,74.0,18.9,4397705.0
Hunter Tyson,Clemson,3,2.85576,80.0,21.5,4395620.0
Montez Mathis,Rutgers,7,-0.466603,76.0,23.5,4397250.0
Caleb McConnell,Rutgers,6,3.44787,79.0,18.4,4397249.0
Eric Hunter Jr.,Purdue,1,1.9966,76.0,17.9,4397243.0
MJ Randolph,Florida A&M,9,-0.436377,76.0,24.2,4398142.0
Cameron Healy,Albany,10,-6.40849,75.0,20.2,4278203.0
Jermaine Couisnard,South Carolina,5,-1.7142,76.0,25.2,4396948.0
Colin Castleton,Florida,0,8.25923,83.0,22.7,4397204.0
David DeJulius,Cincinnati,1,0.139459,72.0,19.8,4397202.0
Thomas Kithier,Michigan St.,13,5.58912,80.0,12.0,4397211.0
Aaron Henry,Michigan St.,9,7.33559,78.0,26.9,4397209.0
Christian Bishop,Creighton,13,6.55363,79.0,21.8,4397037.0
Marcus Zegarowski,Creighton,11,6.39164,74.0,23.3,4397036.0
Bryce Golden,Butler,3,0.323064,81.0,22.1,4397026.0
Greg Williams Jr.,St. John's,11,4.09174,75.0,17.6,4397123.0
Marcellus Earlington,St. John's,3,0.981286,78.0,19.5,4397124.0
Coty Jude,UNC Asheville,12,-1.40883,81.0,15.4,4397803.0
Luke Lawson,UNC Asheville,12,-1.52898,79.0,14.1,4397801.0
Junior Ballard,Fresno St.,10,-1.14145,75.0,15.0,4397365.0
Filip Rebraca,North Dakota,3,-2.29787,81.0,28.1,4398190.0
Josh LeBlanc Sr.,LSU,13,9.88315,79.0,10.0,4397074.0
Deante Johnson,Cleveland St.,15,3.08131,81.0,13.7,4399102.0
Mac McClung,Texas Tech,1,3.04048,74.0,25.9,4397071.0
Onyi Eyisi,Fordham,16,-7.55051,81.0,14.0,4396816.0
Aljaz Kunc,Washington St.,12,5.10875,80.0,14.9,4397167.0
Joey Hauser,Michigan St.,2,4.6735,81.0,23.2,4295180.0
Shandon Brown,Niagara,4,-6.86529,69.0,12.0,4396836.0
Mezie Offurum,Mount St. Mary's,6,0.886668,80.0,20.4,4396837.0
Riley Grigsby,Seattle,3,-0.850198,78.0,23.3,4396001.0
Jacob Eyman,Portland St.,16,-0.911397,82.0,14.1,4396000.0
Quinton Johnson II,UT Rio Grande Valley,7,-3.08315,76.0,21.1,4395996.0
Uche Dibiamaka,UT Rio Grande Valley,10,-3.38105,76.0,17.9,4395994.0
Jermaine Harris,Rhode Island,7,-2.89527,80.0,16.7,4397178.0
Luke Frampton,Western Kentucky,14,2.07054,77.0,16.4,4278350.0
David Azore,UT Arlington,1,-1.1062,76.0,24.7,4280270.0
Jared Rodriguez,San Diego,3,-0.374254,79.0,21.8,4278606.0
Aaron Wheeler,Purdue,6,4.79513,81.0,14.1,4277982.0
Josiah Strong,Illinois St.,1,-0.473987,75.0,20.4,4398146.0
Donovann Toatley,Monmouth,1,-6.35327,69.0,25.6,4398156.0
Maurice Commander,Illinois Chicago,14,-2.3206,72.0,16.1,4398155.0
Junior Farquhar,Eastern Illinois,4,-8.06646,75.0,13.1,4397551.0
Kyler Edwards,Texas Tech,11,7.23884,76.0,16.4,4397081.0
Josh Mballa,Buffalo,2,4.12816,79.0,25.8,4397084.0
Zay Williams,Troy,8,-1.84837,81.0,20.4,4397711.0
Vincent Lee,Cal St. Fullerton,8,-2.55841,80.0,20.6,4397342.0
K.J. Hymes,Nevada,15,0.363771,82.0,21.0,4397343.0
Daylen Kountz,Northern Colorado,1,-2.15226,76.0,25.5,4397060.0
Quentin Grimes,Houston,11,8.00347,77.0,25.3,4397014.0
Shaun Williams,Cal St. Bakersfield,9,0.267944,75.0,26.4,4592213.0
Austin Trice,Old Dominion,8,-0.649667,79.0,25.0,4397007.0
David McCormack,Kansas,2,5.7005,82.0,28.9,4397019.0
Jamal Bieniemy,UTEP,5,0.620403,77.0,18.3,4397027.0
Isaac Likekele,Oklahoma St.,6,4.85849,77.0,16.9,4397045.0
Maurice Calloo,Oregon St.,10,-1.27051,82.0,19.8,4397043.0
Duncan Demuth,Vermont,4,-6.20681,80.0,11.8,4397044.0
Kendric Davis,SMU,9,8.39586,71.0,27.6,4397066.0
Kaden Archie,Georgia Southern,7,-6.43022,78.0,23.3,4397065.0
Adam Seiko,San Diego St.,14,3.1176,75.0,12.2,4278704.0
Taevion Kinsey,Marshall,11,2.42438,77.0,23.5,4397537.0
Sloan Seymour,George Washington,10,-2.20751,81.0,16.2,4398391.0
Cory Hightower,Western Carolina,3,-2.13934,79.0,26.7,4397655.0
Josiah Jeffers,Radford,1,-0.163422,73.0,18.8,4397819.0
Cooper Kaifes,Loyola Chicago,4,-4.05726,75.0,18.8,4397430.0
Mitch Listau,Belmont,12,-2.71138,76.0,13.7,4398299.0
Cameron Burrell,Western Illinois,8,-1.77201,79.0,14.2,4702616.0
Robin Duncan,Vermont,4,-1.0745,77.0,14.1,4396594.0
Ryan Davis,Vermont,2,4.38353,80.0,28.2,4396597.0
Yuat Alok,Coppin St.,15,-3.92893,83.0,23.2,4397070.0
Kaosi Ezeagu,Kansas St.,16,-0.91145,82.0,18.9,4397867.0
Luke Avdalovic,Northern Arizona,14,-1.23019,77.0,15.9,4278644.0
Nik Mains,Northern Arizona,12,-1.14547,81.0,17.0,4278643.0
Nick Guadarrama,New Hampshire,3,1.31415,77.0,22.5,4396578.0
Jayden Martinez,New Hampshire,3,0.870192,79.0,19.5,4396579.0
Jack Clark,La Salle,3,-1.34479,80.0,22.4,4397152.0
Ed Croswell,Providence,16,-1.60995,80.0,24.6,4397153.0
Jared Kimbrough,La Salle,15,-0.251538,80.0,16.0,4397154.0
Jahvon Quinerly,Alabama,11,2.98903,73.0,24.6,4397132.0
Jalen Slawson,Furman,2,4.94728,79.0,19.2,4398207.0
Carlos Curtis,SIU Edwardsville,5,-3.00336,74.0,22.5,4703381.0
Daivien Williamson,Wake Forest,11,1.90607,74.0,19.7,4398180.0
Mike Bothwell,Furman,11,2.22619,75.0,24.5,4398203.0
Isaiah Poor Bear-Chandler,Wichita St.,7,-0.86819,81.0,13.3,4396685.0
Dre Fuller Jr.,UCF,5,0.634824,77.0,18.6,4396670.0
Chris Ford,Norfolk St.,16,-3.43499,80.0,13.6,4398209.0
Bryce Workman,Jacksonville,15,-1.44401,79.0,22.1,4396696.0
Tyreese Davis,Jacksonville,17,-2.49338,78.0,20.7,4396697.0
Mason Harrell,Texas St.,1,0.0129113,69.0,21.7,4397702.0
Jacobi Gordon,Louisiana,12,-1.63672,79.0,17.9,4397053.0
Connor Vanover,Arkansas,0,7.38161,87.0,17.1,4397052.0
Andre Kelly,California,8,3.54635,80.0,18.9,4397051.0
Matt Bradley,California,11,2.03021,76.0,31.2,4397049.0
Rashun Williams,South Florida,10,-0.976694,78.0,14.2,4396643.0
CJ White,Little Rock,4,-6.55679,77.0,15.0,4396639.0
Feron Hunt,SMU,2,3.18244,80.0,18.6,4396638.0
Zion Griffin,Illinois Chicago,10,-5.43407,78.0,18.1,4396988.0
George Conditt IV,Iowa St.,16,-2.64607,82.0,17.2,4396989.0
Moses Wood,UNLV,3,1.70075,80.0,14.5,4396657.0
Jamarius Burton,Texas Tech,5,1.76426,76.0,15.3,4396677.0
Dexter Dennis,Wichita St.,14,2.74966,77.0,17.8,4396676.0
Tavin Lovan,UAB,11,3.21614,76.0,24.1,4397726.0
Payton Moore,Rice,6,-0.63027,76.0,22.8,4397687.0
Drew Peterson,USC,3,5.28228,80.0,19.4,4397689.0
Trey Murphy III,Virginia,12,7.64696,81.0,17.3,4397688.0
Quentin Millora-Brown,Vanderbilt,13,2.81452,82.0,12.8,4397691.0
Chris Mullins,Rice,1,-1.30662,75.0,19.2,4397690.0
Antwuan Butler,NJIT,5,-2.54357,72.0,16.1,4398043.0
Rey Idowu,Tulsa,8,-2.40426,81.0,21.0,4397373.0
Hunter Marks,Hartford,3,-0.732574,81.0,17.0,4395886.0
Xavier Johnson,Pittsburgh,9,4.00142,75.0,28.9,4395669.0
Trevion Williams,Purdue,2,8.96273,82.0,35.4,4397246.0
Jordan Henderson,Canisius,10,-2.80665,77.0,17.9,4398046.0
Bryce Laskey,Saint Francis,10,-4.07808,76.0,15.5,4398020.0
Jason Preston,Ohio,9,7.17643,76.0,24.9,4397916.0
Solomon Uyaelunmo,Towson,8,-2.94524,79.0,17.5,4397593.0
Quinn Blair,William & Mary,3,-2.77544,79.0,23.0,4397603.0
Chase Audige,Northwestern,6,2.12464,76.0,27.0,4397602.0
L.J. Owens,UMBC,14,0.523419,75.0,14.2,4397601.0
Jakigh Dottin,Towson,5,-4.98468,74.0,17.9,4397590.0
Allen Betrand,Rhode Island,10,-1.83538,77.0,16.3,4397589.0
Mehkel Harvey,William & Mary,0,2.03643,81.0,14.0,4397606.0
Landers Nolley II,Memphis,11,3.7784,79.0,23.1,4395684.0
Isaiah Wilkins,Wake Forest,6,4.77598,76.0,12.2,4395681.0
Robert Braswell,Syracuse,12,0.783733,79.0,15.3,4395675.0
Jalen Carey,Rhode Island,7,-6.30124,75.0,20.4,4395673.0
Marque Maultsby,New Hampshire,4,-6.30782,75.0,18.3,4396576.0
Raiquan Gray,Florida St.,2,7.54987,80.0,23.5,4277850.0
Rod Brown,New Mexico,7,-2.90612,79.0,19.2,4278483.0
Michael Wynn,Akron,12,3.60331,78.0,19.7,4395689.0
Bryce Hamilton,UNLV,9,0.269088,76.0,32.4,4397433.0
Collin Welp,UC Irvine,2,5.58949,81.0,28.0,4279073.0
Zach Chappell,Sacramento St.,11,2.87812,75.0,21.0,4397395.0
Miles Norris,UC Santa Barbara,3,5.01464,82.0,18.1,4397104.0
Maizen Fausett,Southern Utah,12,2.9476,78.0,18.9,4397379.0
Caleb Nero,North Dakota,1,-2.53312,74.0,20.2,4397387.0
Antonio Rizzuto,Albany,14,-1.17861,75.0,20.6,4395873.0
Erik Stevenson,Washington,1,0.950839,75.0,22.3,4396679.0
Morris Udeze,Wichita St.,13,1.40287,80.0,20.5,4396681.0
Logan Johnson,Saint Mary's,6,2.49537,74.0,23.7,4396608.0
Jairus Hamilton,Maryland,12,1.84614,80.0,16.5,4395617.0
Caleb Catto,Florida Gulf Coast,14,0.121181,77.0,19.6,4396688.0
Zach Scott,McNeese St.,10,-7.80853,76.0,15.4,4396689.0
Liam Robbins,Minnesota,0,7.47305,84.0,24.8,4397347.0
Jawaun Newton,Evansville,11,0.483805,75.0,24.6,4397354.0
Shamar Givance,Evansville,9,1.4145,70.0,28.6,4397353.0
Logan Dye,Samford,3,-3.02121,80.0,26.4,4398246.0
Ralph Bissainthe,Central Michigan,7,-3.15987,79.0,18.7,4279247.0
D.J. Funderburk,N.C. State,2,2.67663,82.0,21.6,4066401.0
Ithiel Horton,Pittsburgh,14,0.227961,75.0,16.4,4397401.0
Matey Juric,Drexel,5,-0.396198,71.0,12.5,4397428.0
Camren Wynter,Drexel,9,0.655978,74.0,26.2,4397427.0
Amadou Sow,UC Santa Barbara,8,-0.246145,81.0,25.2,4397644.0
Souleymane Diakite,NJIT,16,-1.42734,81.0,16.3,4396754.0
Kjell de Graaf,NJIT,17,-2.30135,82.0,12.4,4396755.0
Cantavio Dutreil,Sacred Heart,8,-6.47719,79.0,21.9,4396765.0
Aleksa Matic,North Alabama,14,0.726969,76.0,17.0,4396766.0
Ahsan Asadullah,Lipscomb,2,3.46134,80.0,31.6,4278445.0
Cameron Parker,Montana,9,-0.713675,74.0,20.8,4397999.0
Aaron Clarke,Sacred Heart,1,-4.94474,73.0,24.1,4397995.0
Cameron Wilbon,Robert Morris,7,-6.32182,77.0,17.5,4397994.0
Koreem Ozier,Louisiana Monroe,5,-2.09547,73.0,21.7,4397996.0
Myles Thompson,Saint Francis,7,-5.19081,78.0,21.9,4398017.0
Marcus Bingham Jr.,Michigan St.,0,9.49193,83.0,15.4,4397212.0
Zac Watson,Longwood,13,0.365302,79.0,14.7,4397617.0
Charles Bassey,Western Kentucky,0,7.26615,83.0,25.4,4397886.0
Jeremiah Gambrell,Prairie View A&M,1,-2.06621,75.0,20.7,4397884.0
Dalano Banton,Nebraska,6,4.53571,81.0,22.8,4397885.0
Oddyst Walker,Alcorn St.,6,-1.09337,75.0,19.1,4398293.0
Caden Sanchez,High Point,7,-4.07745,80.0,14.7,4278695.0
Trey Woodbury,Utah Valley,11,0.917205,76.0,23.4,4397434.0
Austin Smellie,Idaho St.,17,-1.30086,77.0,12.9,4397289.0
Foster Loyer,Michigan St.,10,1.36764,72.0,15.1,4397208.0
Brandon Johns Jr.,Michigan,15,5.27886,80.0,20.7,4397206.0
Adam Lulka,Albany,8,-0.224038,80.0,13.7,4278204.0
KeShawn Curry,VCU,6,-0.366316,76.0,17.8,4397228.0
Pedro Bradshaw,Bellarmine,2,3.75587,79.0,27.8,4279924.0
Isaac Chatman,North Alabama,7,-2.88673,78.0,19.7,4397339.0
Milos Stajcic,Campbell,15,-5.78912,82.0,21.8,4397334.0
Spencer Johnson,BYU,17,2.90564,77.0,15.1,4701219.0
Michael Forrest,Florida Atlantic,12,2.02059,72.0,18.3,4397485.0
"Antonio Daye, Jr.",FIU,9,-1.72188,73.0,32.4,4397500.0
Chris Doherty,Northeastern,13,4.44308,79.0,19.1,4395666.0
Isaiah Mucius,Wake Forest,3,0.0467767,80.0,22.5,4395686.0
Jamal Bey,Washington,14,2.05395,78.0,16.6,4397155.0
Trey Jemison,UAB,0,4.82222,84.0,17.0,4395623.0
John Newman III,Clemson,5,-0.172535,77.0,19.4,4395622.0
Wynston Tabbs,Boston College,1,-3.36161,74.0,26.0,4395619.0
Nathan Mensah,San Diego St.,0,6.96682,82.0,19.8,4397371.0
Will Richardson,Oregon,11,2.62886,77.0,18.8,4397101.0
Christian Anigwe,UC Davis,8,-2.87055,81.0,22.4,4397396.0
George Maslennikov,Canisius,7,-8.9591,82.0,21.1,4702952.0
Alonzo Sule,Texas St.,7,-3.47432,79.0,23.6,4280279.0
Ja'Shon Henry,Bradley,15,-0.0875395,78.0,21.9,4397325.0
Darius McGhee,Liberty,11,4.63466,69.0,24.5,4396745.0
Rasir Bolton,Iowa St.,9,2.38519,75.0,26.7,4397242.0
Eli Parquet,Colorado,12,7.13452,75.0,10.1,4397062.0
Samuel Chaput,Monmouth,5,-6.30367,72.0,13.2,4398409.0
Nikkei Rutty,Monmouth,16,-2.67877,80.0,16.6,4398408.0
Raheem Solomon,Niagara,1,-0.60239,75.0,25.9,4398403.0
Marcus Hammond,Niagara,1,-1.30935,74.0,24.2,4398404.0
Tyrel Bladen,Rider,8,-0.965289,82.0,17.0,4398396.0
Jalen Pickett,Siena,9,2.71725,76.0,22.5,4398390.0
Justin Bean,Utah St.,2,6.86853,79.0,20.5,4278720.0
Cole Swider,Villanova,12,5.75925,81.0,14.2,4397134.0
Jake Forrester,Temple,8,-5.70116,80.0,22.9,4397009.0
Jerome Hunter,Indiana,17,0.993686,79.0,17.2,4397011.0
Rob Phinisee,Indiana,5,1.41247,73.0,18.3,4397010.0
Tuukka Jaakkola,Cal Poly,16,-6.82682,82.0,21.7,4397363.0
Tim Finke,Wright St.,3,2.69844,78.0,15.3,4396017.0
Deshon Parker,Appalachian St.,4,-9.18139,76.0,10.9,4397548.0
Warren Williams,Manhattan,8,0.392767,81.0,23.4,4279701.0
Markquis Nowell,Little Rock,9,0.433636,67.0,31.7,4397554.0
Adrian Delph,Appalachian St.,1,-1.86999,75.0,21.5,4397415.0
Ben Pyle,San Diego,10,0.326618,79.0,14.9,4398343.0
Luis Rodriguez,Mississippi,6,7.8868,78.0,17.0,4396969.0
D.J. Stewart Jr.,Mississippi St.,1,1.71303,78.0,25.7,4396960.0
Amari Kelly,Duquesne,16,-7.54778,81.0,19.2,4396804.0
Sidney Wilson,SIU Edwardsville,3,-5.5249,79.0,27.6,4278233.0
Tyler Harris,Iowa St.,1,-0.871945,69.0,19.0,4396632.0
Alex Lomax,Memphis,9,6.18931,72.0,18.5,4396633.0
Antwann Jones,Creighton,3,1.62093,78.0,21.4,4396634.0
Jayden Hardaway,Memphis,17,0.075735,77.0,15.6,4396635.0
Ryan Boyce,Georgia St.,12,-1.20019,78.0,14.4,4396636.0
Madut Akec,South Florida,10,-2.48263,79.0,15.1,4396647.0
Xavier Castaneda,South Florida,1,-0.854626,73.0,20.8,4396641.0
Michael Durr,South Florida,8,1.95488,84.0,18.5,4396642.0
Race Thompson,Indiana,2,7.5366,80.0,18.0,4277947.0
Jabari Rice,New Mexico St.,12,1.97379,76.0,22.4,4280181.0
Warren Washington,Nevada,8,0.922344,84.0,22.3,4397093.0
Jaiden Delaire,Stanford,3,0.660581,81.0,24.9,4397112.0
Lukas Kisunas,Stanford,16,0.864066,82.0,14.0,4397116.0
Cormac Ryan,Notre Dame,11,2.826,77.0,20.6,4397114.0
DaQuan Smith,Murray St.,14,-0.990292,73.0,14.6,4398347.0
Jarron Coleman,Ball St.,11,4.0667,77.0,26.2,4397811.0
Tayler Mattos,New Hampshire,7,-2.08522,83.0,21.0,4397814.0
Caleb Fields,Bowling Green,17,0.141235,74.0,14.1,4397815.0
Connor Harding,BYU,12,4.32031,78.0,14.2,4397648.0
Jordan Phillips,UT Arlington,10,-5.56983,79.0,21.8,4395707.0
Matt Herasme,Marist,17,-0.602673,75.0,13.9,4398413.0
Samir Stewart,Manhattan,1,-0.828943,72.0,18.1,4398104.0
Christian Hinckson,Binghamton,7,-5.63608,79.0,19.4,4398106.0
Elijah Buchanan,Manhattan,6,1.98684,77.0,22.6,4398103.0
Ochai Agbaji,Kansas,11,5.7326,77.0,19.8,4397018.0
Joey Calcaterra,San Diego,1,0.599237,75.0,22.6,4280214.0
Takiula Fahrensohn,Portland,17,-8.3833,79.0,14.2,4280210.0
David Wingett,South Dakota St.,14,-1.66005,79.0,16.4,4396637.0
Jamari Blackmon,North Alabama,1,-3.60763,73.0,21.1,4396763.0
Juan Munoz,Longwood,1,-0.194439,72.0,23.1,4067594.0
Jeenathan Williams,Buffalo,3,2.60229,77.0,25.6,4397821.0
Nevin Zink,USC Upstate,13,-2.06522,81.0,18.4,4397839.0
Ronaldo Segu,Buffalo,1,0.829137,72.0,20.1,4397820.0
Bryson Mozone,USC Upstate,10,-2.44055,78.0,17.7,4397835.0
Nick Muszynski,Belmont,2,2.82341,83.0,25.5,4279923.0
Tate Pierson,Belmont,14,0.351021,78.0,11.3,4279922.0
D.J. Burns Jr.,Winthrop,8,1.70152,81.0,26.2,4396933.0
Keyshawn Bryant,South Carolina,6,1.46234,78.0,26.8,4396951.0
Jaylen Sims,UNC Wilmington,3,-2.84655,78.0,25.7,4397570.0
Brian White,Northwestern St.,1,-3.41364,66.0,17.1,4398266.0
Joe Bryant Jr.,Norfolk St.,1,0.119072,73.0,21.4,4398206.0
Jahmel Myers,New Orleans,7,-4.59353,78.0,15.6,4398093.0
Nate Roberts,Washington,8,-0.218588,83.0,14.6,4397158.0
Deon Stroud,Fresno St.,3,-2.09282,77.0,29.4,4397866.0
Ty Brewer,East Tennessee St.,3,2.2913,81.0,19.2,4594149.0
Ethan Igbanugo,North Dakota,1,-2.96082,75.0,17.6,4278634.0
Aanen Moody,Southern Utah,14,0.450867,75.0,13.8,4278631.0
Francis Lacis,Oral Roberts,17,2.16804,79.0,13.1,4398309.0
David Pierce III,Alcorn St.,10,-4.78761,75.0,19.8,4397505.0
DeVante' Jones,Coastal Carolina,6,5.64197,73.0,24.7,4397506.0
KJ Buffen,Mississippi,2,5.53355,79.0,20.7,4396968.0
Franco Miller Jr.,Florida Gulf Coast,5,-6.01078,75.0,24.1,4396967.0
Tykei Greene,Stony Brook,17,-1.95474,76.0,18.4,4398108.0
KC Hankton,Chattanooga,3,1.36853,79.0,16.7,4397200.0
Brendan Adams,Connecticut,10,1.99744,76.0,14.8,4396612.0
Josh Alexander,American,8,0.248928,80.0,21.3,4397585.0
Demarius Jacobs,Saint Louis,12,3.02904,74.0,13.7,4397198.0
Jonathan Tchamwa Tchatchoua,Baylor,13,5.71638,80.0,15.7,4397436.0
Fred Thatch Jr.,Saint Louis,6,4.89744,75.0,17.1,4397199.0
Javon Freeman-Liberty,DePaul,9,3.83836,76.0,26.1,4397511.0
De'Torrion Ware,Morgan St.,3,1.90761,76.0,28.9,4398326.0
Jahbril Price-Noel,Pacific,17,-3.13295,79.0,16.2,4397675.0
Ajare Sanni,UC Santa Barbara,1,0.407467,75.0,23.6,4397676.0
Darryl Polk Jr.,Pepperdine,11,3.7177,69.0,13.2,4397696.0
A.J. Reeves,Providence,14,3.42206,78.0,17.2,4397109.0
Jimmy Nichols Jr.,Providence,12,4.84553,80.0,17.5,4397108.0
DeShaun Wade,Longwood,1,-0.570542,74.0,21.7,4396618.0
David Duke,Providence,9,5.4758,77.0,27.5,4397107.0
Ian Krishnan,Central Connecticut,1,-5.54025,74.0,18.9,4397951.0
Joe Kasperzyk,Southeastern Louisiana,5,-6.67842,75.0,25.0,4397945.0
Kani Acree,Ball St.,10,-1.95578,78.0,14.1,4397812.0
Dibaji Walker,Massachusetts,7,-2.47552,81.0,16.2,4399103.0
Jayden Gardner,East Carolina,3,-1.52314,79.0,26.7,4396614.0
Everette Hammond,USC Upstate,1,-4.531,75.0,27.2,4397833.0
Tolu Smith,Mississippi St.,8,3.59453,82.0,22.0,4397882.0
TJ Moss,South Carolina,5,-2.60436,76.0,16.9,4396947.0
AJ Lawson,South Carolina,11,3.03503,78.0,23.2,4067017.0
Xavier Pinson,Missouri,9,2.29039,74.0,30.5,4396953.0
Torrence Watson,Missouri,14,1.63199,77.0,13.3,4396952.0
Parker Braun,Missouri,15,7.24719,80.0,12.4,4396957.0
Danya Kingsby,Bradley,4,-4.02301,73.0,16.1,4396976.0
Darius Days,LSU,12,7.42981,79.0,17.6,4396978.0
KJ Williams,Murray St.,2,1.95844,82.0,25.6,4398348.0
Gio Nelson,Portland St.,15,-3.38312,77.0,12.1,4279067.0
Dalin Williams,Northwestern St.,16,-3.69247,81.0,10.4,4398270.0
Austin Richie,Tulsa,14,-1.17901,78.0,16.2,4397858.0
Kyle Greeley,Portland St.,17,-2.33622,78.0,13.8,4397316.0
Jalen Hodge,James Madison,12,3.00302,73.0,17.5,4397575.0
Michael Dunne,Hartford,14,-0.785708,72.0,17.9,4395892.0
Jacob Boonyasith,UMBC,10,-2.0298,75.0,17.3,4397587.0
Grehlon Easter,Cal St. Bakersfield,14,0.413958,75.0,15.5,4398050.0
Amanze Ngumezi,Jacksonville St.,15,0.553809,81.0,25.2,4395720.0
Tye Fagan,Georgia,15,2.82319,75.0,18.5,4395719.0
Noah Locke,Florida,14,2.53724,75.0,16.1,4395713.0
Andrew Nembhard,Gonzaga,11,6.66917,77.0,15.3,4395712.0
Tyrone Lyons,North Carolina A&T,7,-2.33258,79.0,19.9,4398221.0
Christian Agnew,UTEP,10,-1.25725,74.0,20.1,4396762.0
Ryan Greer,Northwestern,11,1.19379,74.0,11.9,4397230.0
Gabe Kalscheur,Minnesota,10,0.696026,76.0,17.8,4397214.0
Gabe Brown,Michigan St.,12,4.86355,79.0,14.3,4397210.0
Flo Thamba,Baylor,13,4.17042,82.0,12.8,4395692.0
Jared Butler,Baylor,9,9.70997,75.0,26.9,4395695.0
Osun Osunniyi,St. Bonaventure,0,10.1674,82.0,17.2,4397224.0
Vince Williams Jr.,VCU,11,4.82705,78.0,19.6,4397227.0
P.J. Byrd,Colorado St.,11,-0.815196,73.0,14.8,4397229.0
Darius Beane,Northern Illinois,5,-3.26654,75.0,23.0,4397490.0
Tre King,Eastern Kentucky,3,-0.854067,81.0,25.2,4398319.0
Michael Meadows,Eastern Washington,11,0.440056,74.0,18.2,4339478.0
RayQuawndis Mitchell,Illinois Chicago,10,-4.31273,77.0,16.2,4397284.0
Victor Ohia Obioha,Pepperdine,13,0.795692,81.0,18.8,4397694.0
Jackson Stormo,Siena,15,1.97706,81.0,20.9,4397697.0
Gus Okafor,Southeastern Louisiana,7,-5.13623,78.0,23.8,4397641.0
Ludovic Dufeal,Gardner Webb,0,3.11933,80.0,10.0,4397530.0
LJ Thorpe,UNC Asheville,9,-1.62869,77.0,26.1,4279050.0
Trevon Faulkner,Northern Kentucky,9,0.514313,75.0,28.3,4397774.0
Adrian Nelson,Northern Kentucky,13,2.44177,79.0,14.3,4397772.0
Braden Norris,Loyola Chicago,11,3.82213,72.0,16.0,4397778.0
Nick Honor,Clemson,11,4.95794,70.0,20.0,4396810.0
Harrison Butler,Southern Utah,3,-1.89583,77.0,19.6,4397380.0
Serrel Smith,East Tennessee St.,10,-2.18996,76.0,17.8,4397185.0
Sasha Stefanovic,Purdue,11,5.57183,77.0,14.8,4277985.0
Richard Njoku,Navy,13,2.43843,79.0,15.9,4398153.0
Jaylin Andrews,Loyola MD,6,0.834585,76.0,18.3,4398132.0
Kenneth Jones,Loyola MD,17,-1.78355,72.0,13.8,4398136.0
Javonte Smart,LSU,11,5.05482,76.0,21.5,4396972.0
Tray Maddox Jr.,Cal St. Fullerton,14,-1.86302,78.0,22.2,4397779.0
Malik Martin,Rhode Island,3,2.72016,78.0,14.9,4397470.0
Cooper Robb,Eastern Kentucky,10,0.635892,73.0,15.6,4397469.0
Brandon Younger,Presbyterian,7,-2.17269,79.0,17.0,4397472.0
Jaylen Sebree,Morehead St.,6,0.0983225,79.0,18.1,4397481.0
James Akinjo,Arizona,9,4.46134,73.0,24.5,4397072.0
Dravon Mangum,Radford,3,-1.80226,80.0,19.6,4397471.0
Zep Jasper,Charleston,1,-0.393339,73.0,25.1,4311618.0
Elijah McCadden,Georgia Southern,6,-1.63972,76.0,20.7,4397519.0
Justin Hemsley,Hawaii,7,-4.81017,78.0,20.2,4278748.0
Jared Bynum,Providence,5,-0.449099,70.0,17.3,4397194.0
Jake Wojcik,Fairfield,1,0.0944786,77.0,21.1,4397191.0
Souleymane Koureissi,Richmond,15,-0.315304,81.0,15.7,4397190.0
Andre Gustavson,Richmond,12,1.14295,76.0,13.1,4397193.0
Matt Grace,Richmond,12,2.92268,81.0,12.2,4397192.0
Omar Silverio,Hofstra,17,-4.04578,75.0,18.3,4397181.0
Tre Wood,LIU,4,-12.1103,73.0,21.0,4397160.0
Samba Diallo,Manhattan,7,-2.89335,79.0,17.6,4397161.0
Michael Devoe,Georgia Tech,11,3.72927,77.0,23.3,4395631.0
Diego Willis,NJIT,14,-2.31051,76.0,16.2,4396753.0
Joey Baker,Duke,10,-1.36759,78.0,16.4,4395624.0
Blake Preston,Liberty,2,4.97093,81.0,26.3,4396747.0
Myles Dread,Penn St.,14,3.11727,76.0,14.9,4397239.0
Ryan Young,Northwestern,2,4.58118,82.0,22.3,4397232.0
Miller Kopp,Northwestern,14,0.859653,79.0,19.1,4397231.0
Pete Nance,Northwestern,2,4.77428,82.0,20.3,4397233.0
Justin Ahrens,Ohio St.,12,6.7258,78.0,12.1,4397236.0
Duane Washington Jr.,Ohio St.,11,4.17941,75.0,25.9,4397235.0
Myreon Jones,Penn St.,11,4.86589,75.0,24.0,4397238.0
Jaedon LeDee,TCU,8,0.40016,81.0,18.9,4397237.0
John Knight III,Southern Utah,9,3.02706,75.0,24.7,4397421.0
Jules Bernard,UCLA,3,5.42114,78.0,19.0,4397127.0
Kyle Lofton,St. Bonaventure,9,2.80401,75.0,23.1,4397220.0
Ben Harvey,Southern Illinois,3,-1.25919,77.0,23.5,4398315.0
Jordan McCabe,West Virginia,5,0.171755,72.0,15.5,4397100.0
Emmitt Matthews Jr.,West Virginia,3,3.17872,79.0,16.6,4397099.0
Derek Culver,West Virginia,8,2.74724,82.0,29.1,4397094.0
Cameron Copeland,Charleston,12,-3.13357,79.0,16.3,4396777.0
Carter Hendricksen,North Florida,1,-1.83275,79.0,24.9,4396776.0
Dorian James,North Florida,15,-1.26852,79.0,17.0,4396774.0
Dan Fotu,Saint Mary's,3,2.44945,79.0,19.4,4397722.0
Matthias Tass,Saint Mary's,3,3.5017,82.0,22.4,4397724.0
Quinn Clinton,Saint Mary's,14,0.270092,75.0,16.1,4397721.0
Dane Goodwin,Notre Dame,14,1.51121,78.0,18.3,4395667.0
Malik Jefferson,Mount St. Mary's,8,-3.79526,81.0,20.1,4397980.0
Kris Wooten,Elon,17,-2.05084,74.0,13.7,4397455.0
Anthony Crump,Northern Illinois,4,-9.77999,80.0,18.2,4397550.0
Elijah Harkless,Oklahoma,6,4.40015,75.0,18.5,4397449.0
Darius Brown II,Cal St. Northridge,11,3.4038,74.0,17.1,4397450.0
Brendan Harrick,Cal St. Northridge,10,-7.49868,77.0,16.3,4397454.0
Jeameril Wilson,Lehigh,3,-2.2834,79.0,18.9,4398116.0
Tyrone Perry,Lafayette,14,-1.66743,74.0,14.3,4398070.0
Sean Good,Lafayette,0,-0.0855373,82.0,10.8,4398073.0
DeAndre Williams,Memphis,6,10.0372,81.0,25.2,4397355.0
Nic Lynch,Lehigh,3,-4.28,83.0,24.8,4398119.0
Blake Harris,North Carolina A&T,5,-6.76539,75.0,28.4,4278106.0
Trey McGowens,Nebraska,5,1.56565,76.0,22.7,4395670.0
LaDarius Marshall,New Orleans,13,0.131666,78.0,16.8,4397708.0
Kristian Sjolund,UTEP,12,3.10307,80.0,11.7,4395633.0
Kameron Gibson,Western Carolina,14,-2.94931,75.0,15.3,4398273.0
Jake Stephens,VMI,2,3.99239,82.0,24.8,4398257.0
Ryan Larson,Wofford,5,1.83014,73.0,14.7,4398276.0
Messiah Jones,Wofford,2,4.40696,78.0,22.4,4398279.0
SK Shittu,Central Arkansas,15,-5.07231,81.0,14.8,4278264.0
Jericole Hellems,N.C. State,3,3.22571,79.0,21.9,4395661.0
Tyrese Martin,Connecticut,3,5.65371,78.0,19.0,4397179.0
Jamal Hartwell II,George Mason,14,-1.55745,70.0,15.1,4396817.0
Jordan Miller,George Mason,3,2.89935,78.0,24.2,4396818.0
Jason Douglas-Stanley,Manhattan,4,-9.34695,74.0,22.2,4396819.0
Berrick JeanLouis,Iona,6,5.95149,76.0,14.6,4703008.0
Elijah McNamara,Miami OH,16,-2.15046,81.0,22.2,4397853.0
Mekhi Lairy,Miami OH,1,1.15562,68.0,22.7,4397850.0
Myja White,Miami OH,14,0.271688,73.0,11.7,4397851.0
DeAndre Gholston,Milwaukee,3,-0.791795,77.0,24.0,4702934.0
Malik Miller,Morgan St.,6,2.31937,76.0,20.6,4398197.0
Tajion Jones,UNC Asheville,12,1.67,77.0,18.5,4279052.0
Brock Cunningham,Texas,6,7.23842,77.0,9.5,4397079.0
Raymond Bethea Jr.,Hampton,7,-4.07413,79.0,15.3,4398163.0
Spencer Rodgers,Kennesaw St.,1,-1.21537,76.0,25.9,4397715.0
Au'Diese Toney,Pittsburgh,3,3.35077,78.0,21.7,4395671.0
Trey Wertz,Notre Dame,14,-0.985017,77.0,18.8,4397753.0
Keshawn Justice,Santa Clara,17,1.02631,79.0,17.8,4397751.0
Guglielmo Caruso,Santa Clara,15,1.07526,83.0,21.1,4397749.0
Karrington Wallace,Central Connecticut,0,-0.0473799,79.0,20.2,4397955.0
Jake Wolfe,Lipscomb,17,-4.05511,77.0,15.4,4396750.0
Brandon Powell,Fairleigh Dickinson,10,-3.14345,74.0,20.5,4397964.0
Vado Morse,James Madison,1,-0.996828,72.0,24.6,4397972.0
Micheal Anumba,Winthrop,15,0.485657,76.0,13.9,4397840.0
Rashad Williams,Oakland,1,-4.95418,74.0,23.2,4399106.0
Mate Colina,Hawaii,15,0.50887,84.0,17.0,4397460.0
Theo Akwuba,Louisiana,2,5.53802,83.0,19.8,4397716.0
Elijah Weaver,Dayton,11,0.763736,78.0,17.4,4397139.0
Walter Ellis,Bucknell,14,0.625332,77.0,16.4,4397649.0
Andrew Funk,Bucknell,3,-3.38444,77.0,20.1,4397650.0
Jack Hemphill,Boston University,3,-0.571788,81.0,24.5,4397633.0
Fletcher Tynen,Boston University,3,-2.8669,79.0,17.1,4397634.0
Tucker Richardson,Colgate,11,4.16739,77.0,19.4,4398040.0
Kahliel Spear,Robert Morris,2,3.74394,79.0,20.5,4702997.0
Marlon Hargis,Saint Francis,12,-0.347056,79.0,17.6,4398054.0
Ben Vander Plas,Ohio,6,4.94102,80.0,20.0,4279448.0
LaQuill Hardnett,Buffalo,13,5.78109,80.0,13.9,4396610.0
Damien Daniels,Abilene Christian,5,0.772374,67.0,16.3,4397957.0
Joe Pleasant,Abilene Christian,7,-0.382568,80.0,22.4,4397958.0
Clay Gayman,Abilene Christian,3,2.51522,78.0,26.3,4397959.0
Yor Anei,SMU,0,7.78494,82.0,17.7,4397046.0
Joe Reece,Old Dominion,7,-0.967509,80.0,19.2,4703098.0
Kalu Ezikpe,Old Dominion,0,4.25059,80.0,24.5,4397564.0
Nicolas Timberlake,Towson,1,-4.04933,76.0,22.3,4397595.0
Javon Pickett,Missouri,12,0.731423,77.0,17.6,4396954.0
Jamir Moore,Charleston Southern,17,-3.84982,77.0,13.8,4397409.0
Tyger Campbell,UCLA,9,3.14503,71.0,20.6,4397128.0
Dontrell Shuler,Middle Tennessee,1,-2.27019,74.0,24.3,4397414.0
Sadarius Bowser,Charleston Southern,13,-2.92608,81.0,12.3,4397413.0
Dominick Welch,St. Bonaventure,12,5.94144,77.0,17.4,4397221.0
John Walker III,Texas Southern,15,2.21557,81.0,19.9,4278121.0
Noah Gurley,Furman,2,2.90437,80.0,26.6,4280015.0
Elijah McCullough,Sacramento St.,14,-4.25188,75.0,10.2,4397327.0
Sherwyn Devonish,Morgan St.,5,-1.36313,73.0,15.6,4398196.0
Jared Ridder,Missouri St.,12,1.24326,80.0,13.0,4279159.0
Gerrale Gates,Holy Cross,8,-1.35091,78.0,28.3,4398092.0
Ty Perry,Fordham,1,-1.19685,75.0,24.1,4396812.0
Chris Austin,Fordham,14,-0.950752,76.0,17.7,4396811.0
Jalen Cobb,Fordham,4,-1.47255,73.0,19.9,4396809.0
Tobias Cameron,Abilene Christian,12,7.33506,77.0,14.7,4278255.0
Kessler Edwards,Pepperdine,3,4.43081,80.0,22.2,4397693.0
Khalid Moore,Georgia Tech,17,0.969454,79.0,13.0,4395632.0
Ayo Dosunmu,Illinois,9,8.56757,77.0,29.4,4397002.0
Derek Ballard Jr.,Eastern Michigan,3,-3.81155,80.0,11.9,4283948.0
Zion Young,Oakland,10,-5.79906,76.0,20.5,4398341.0
Jordan Brown,Arizona,8,4.55191,83.0,22.6,4397340.0
Cameron Ba,UC Davis,17,-2.11578,75.0,10.7,4397582.0
Adam Flagler,Baylor,11,7.7265,75.0,16.4,4397654.0
Matt Mims,South Dakota St.,12,0.736062,72.0,8.8,4398338.0
Daxton Carr,Idaho St.,17,-3.85663,79.0,14.5,4397362.0
Jayden Saddler,Southern,9,3.15913,73.0,21.6,4402919.0
Patrick Emilien,Western Michigan,17,1.21374,78.0,16.7,4397909.0
William Boyer-Richard,Western Michigan,4,-6.19975,73.0,14.2,4397910.0
Adrian Martin,Western Michigan,10,-5.35786,75.0,15.3,4397906.0
Garrett Pascoe,Boston University,4,-8.46961,75.0,14.1,4397630.0
Alex Arians,South Dakota St.,11,0.353281,76.0,15.5,4279531.0
Elijah Hardy,Portland St.,5,-3.24337,74.0,28.6,4397156.0
Nick Finke,Army,15,1.09272,79.0,15.3,4284077.0
Riley Sorn,Washington,13,6.90187,88.0,14.0,4397159.0
Tim Perry Jr.,Drexel,8,-1.04485,82.0,14.2,4279196.0
Dalvin White,USC Upstate,1,-0.915148,70.0,18.7,4397832.0
Ebrima Dibba,Coastal Carolina,5,-1.7951,78.0,16.3,4397504.0
Kur Kuath,Oklahoma,0,5.91967,82.0,16.0,4397028.0
Lat Mayen,Nebraska,3,1.27865,81.0,17.4,4277914.0
Jaxson Baker,Central Arkansas,10,-3.96267,79.0,16.9,4397988.0
Neftali Alvarez,Mercer,9,-0.540098,74.0,27.5,4398075.0
Derek Sabin,Belmont,16,-6.07237,81.0,16.7,4398301.0
Adam Kunkel,Xavier,11,1.27805,76.0,20.0,4398300.0
Wanjang Tut,Nebraska Omaha,7,-7.11313,80.0,23.1,4279513.0
Dzmitry Ryuny,San Francisco,12,3.81896,81.0,16.7,4397744.0
Kevin Obanor,Oral Roberts,3,0.797888,80.0,26.0,4398304.0
Riley Battin,Utah,14,4.34769,81.0,16.0,4397149.0
Finn Sullivan,San Diego,1,1.63033,76.0,15.3,4397759.0
Manny Bates,N.C. State,0,8.67868,83.0,16.5,4395662.0
Tevian Jones,Southern Utah,3,-2.85361,79.0,27.2,4397000.0
Giorgi Bezhanishvili,Illinois,15,3.69066,81.0,18.3,4397003.0
Aaron Wiggins,Maryland,11,6.24785,78.0,24.9,4397183.0
Eric Ayala,Maryland,11,5.71028,77.0,23.6,4397184.0
Jr. Clay,Tennessee Tech,9,0.306494,72.0,26.6,4398376.0
Gabe McGlothan,Grand Canyon,2,1.96209,79.0,18.0,4398356.0
Monty Johal,Tennessee St.,17,-3.2618,75.0,17.1,4398373.0
Matt Dentlinger,South Dakota St.,15,1.84195,80.0,18.0,4279530.0
Joe Wieskamp,Iowa,12,7.72466,78.0,21.0,4397033.0
Savion Lewis,Quinnipiac,5,-2.92885,73.0,25.1,4398398.0
Matt Balanc,Quinnipiac,17,-5.88085,75.0,16.8,4398397.0
CJ Fredrick,Iowa,14,4.07701,75.0,12.3,4397032.0
Tyree Pickron,Quinnipiac,4,-8.02213,75.0,16.1,4398400.0
Tyrese Williams,Quinnipiac,10,-5.58836,75.0,23.2,4398399.0
Joel Ayayi,Gonzaga,12,10.5239,77.0,16.4,4280150.0
Miles Latimer,Bucknell,12,-2.03427,76.0,13.7,4396584.0
R.J. Eytle-Rock,UMBC,11,-0.0180587,75.0,25.8,4396591.0
Jose Placer,North Florida,11,-1.53732,73.0,23.3,4396592.0
Rip Economou,Seattle,10,-5.02674,80.0,15.5,4395999.0
Hunter Thompson,Wyoming,12,2.28197,82.0,13.8,4280268.0
Jared Pearre,Seattle,16,-2.77688,80.0,15.9,4278743.0
Frankie Policelli,Stony Brook,3,-0.918808,79.0,20.7,4396789.0
Jhery Matos,Charlotte,17,-0.65147,77.0,16.9,4396790.0
Reggie Chaney,Houston,13,9.04844,80.0,15.6,4395708.0
Dylan Swingle,Bowling Green,8,-2.5866,82.0,15.9,4396805.0
Nygal Russell,Southeast Missouri St.,7,-2.18013,76.0,15.9,4398354.0
Keonte Kennedy,UTEP,6,0.491905,77.0,18.8,4397137.0
Grayson Carter,UT Arlington,17,-5.79486,82.0,14.5,4397075.0
Kevin Samuel,TCU,0,6.75526,83.0,18.8,4277915.0
Isaih Moore,St. John's,2,5.54482,82.0,22.2,4397384.0
Zach Nutall,Sam Houston St.,3,-2.18485,75.0,30.8,4398281.0
Ron Harper Jr.,Rutgers,3,4.56648,78.0,22.6,4397251.0
Khaleem Bennett,Central Arkansas,7,-5.70451,76.0,21.9,4397985.0
Eddy Kayouloud,Central Arkansas,3,-0.434645,79.0,18.7,4397987.0
Pedro Castro,Houston Christian,3,0.852473,78.0,22.8,4280271.0
JC Butler,UC Irvine,6,0.646993,77.0,16.3,4397596.0
Ogheneyole Akuwovo,Binghamton,13,-5.96846,81.0,17.6,4398164.0
Tae Hardy,Southern Miss,1,-1.33991,75.0,22.0,4396616.0
David Singleton,UCLA,14,5.04961,76.0,11.6,4397131.0
Nate Springs,Kennesaw St.,7,-8.711,82.0,18.7,4397917.0
Buddy Boeheim,Syracuse,11,3.57666,78.0,22.7,4395676.0
Both Gach,Minnesota,3,0.547823,78.0,17.6,4397145.0
Tevin Brown,Murray St.,11,5.19142,77.0,21.4,4279886.0
Bryce Wills,Stanford,6,2.53809,78.0,18.6,4397111.0
Qon Murphy,New Hampshire,1,-4.46422,77.0,22.6,4398022.0
Dwight Murray Jr.,Rider,11,0.0275072,72.0,23.5,4398029.0
Charles Jones,Portland St.,4,-7.82003,74.0,17.3,4397144.0
Taelyr Gatlin,Denver,10,-3.85672,75.0,12.6,4398061.0
Jase Townsend,Denver,1,-1.54711,75.0,29.2,4398060.0
Jarred Godfrey,Purdue Fort Wayne,9,0.0521561,77.0,26.4,4398080.0
Jalen Hill,UCLA,0,7.38546,82.0,20.6,4278530.0
Cody Riley,UCLA,8,3.56977,81.0,25.1,4278525.0
Samba Kane,San Francisco,13,-2.36499,84.0,14.7,4397005.0
Kolby Lee,BYU,3,2.58421,81.0,19.5,4294217.0
Jordan Campbell,Fresno St.,6,-0.272845,76.0,18.8,4397089.0
Carlos Jurgens,Oral Roberts,6,0.722968,77.0,13.2,4398306.0
Jaxon Knotek,North Dakota St.,3,-4.22386,78.0,21.4,4398212.0
Shakur Daniel,Tarleton St.,5,-1.50771,78.0,14.0,4397704.0
Sam Griesel,North Dakota St.,3,1.14105,78.0,21.7,4398213.0
Courtney Ramey,Texas,1,3.78667,75.0,21.3,4334018.0
Jarius Cook,North Dakota St.,14,-1.7802,75.0,17.8,4398214.0
Kaleb Hunter,UNC Greensboro,17,-0.364791,76.0,16.1,4280038.0
Alex Rivera,LIU,14,-2.36079,73.0,14.8,4396570.0
Allin Blunt,UMass Lowell,10,-5.16805,79.0,14.7,4396569.0
Bryce Daley,UMass Lowell,5,-1.81136,76.0,16.4,4396565.0
Samuel Sessoms,Penn St.,9,1.5778,72.0,24.8,4395880.0
Dontarius James,Jacksonville,3,-2.56698,80.0,29.7,4397138.0
Desi Sills,Arkansas,6,3.87429,73.0,17.7,4395701.0
Keyshawn Embery-Simpson,Tulsa,17,-3.10281,75.0,17.9,4395703.0
Luka Brajkovic,Davidson,2,4.83273,82.0,22.5,4396787.0
Antoine Davis,Detroit Mercy,9,-0.251414,73.0,32.2,4397732.0
Chuck Hannah,Elon,17,0.982187,79.0,11.3,4397456.0
Angus McWilliam,UC Riverside,7,-4.55341,82.0,13.5,4293446.0
Devonaire Doutrive,Boise St.,12,1.31295,77.0,18.3,4397039.0
Jemarl Baker Jr.,Arizona,14,3.82125,77.0,18.7,4278072.0
Adam Thistlewood,Colorado St.,12,3.62446,78.0,13.2,4397271.0
Riley Abercrombie,Rice,17,-2.93176,81.0,15.7,4397265.0
Kendle Moore,Colorado St.,11,2.22144,70.0,17.9,4397269.0
Cameron Shelton,Northern Arizona,9,0.67138,74.0,34.2,4397305.0
Keith Haymon,Northern Arizona,10,-9.33798,79.0,17.3,4397304.0
Tre'Shon Smoots,Northern Colorado,1,-2.53039,73.0,17.1,4397308.0
Jared Rhoden,Seton Hall,3,4.80908,78.0,22.2,4397119.0
Anthony Nelson,Manhattan,5,-4.07719,76.0,27.2,4397118.0
PJ Mitchell,Central Michigan,10,-5.83521,72.0,11.5,4397826.0
Nigel Hawkins,Stephen F. Austin,17,-1.5935,76.0,15.4,4397862.0
Daniel Sackey,Valparaiso,5,-2.7859,69.0,18.9,4397512.0
Matthew Mayer,Baylor,2,8.6338,81.0,24.8,4395697.0
Malachi Smith,Chattanooga,9,2.80952,76.0,26.7,4397784.0
Grant Basile,Wright St.,2,6.77029,81.0,22.8,4397787.0
Skyelar Potter,Morehead St.,11,1.77582,75.0,19.7,4397783.0
Bodie Hume,Northern Colorado,3,1.88303,78.0,25.2,4397311.0
Sam Masten,Northern Colorado,4,-6.14764,74.0,17.9,4397310.0
Nelson Boachie-Yiadom,Davidson,16,1.8992,80.0,13.5,4396786.0
Josh Roberts,St. John's,13,7.79228,81.0,10.9,4397122.0
Aguek Arop,San Diego St.,6,3.62143,78.0,20.0,4397368.0
Tyree Eady,North Dakota St.,12,2.15995,77.0,18.4,4279514.0
Mack Anderson,Montana,13,4.008,81.0,17.4,4397295.0
Emanuel Littles,North Alabama,8,-2.15973,79.0,19.5,4396770.0
Kenny Strawbridge,Alabama St.,7,-4.95398,76.0,21.1,4395991.0
Evan Battey,Colorado,8,3.76198,80.0,21.4,4278506.0
Brandon Swaby,Incarnate Word,14,-1.19881,75.0,14.9,4398037.0
DJ Peavy,Austin Peay,5,-6.37726,74.0,17.6,4398224.0
Andrew Taylor,Marshall,11,3.95782,75.0,18.3,4592859.0
Fardaws Aimaq,Utah Valley,2,-0.971431,83.0,27.2,4398226.0
Keshaun Saunders,Toledo,14,-0.788872,77.0,18.3,4397880.0
Deng Gak,Miami FL,16,-1.37742,83.0,10.5,4277891.0
Ivan Alipiev,Loyola Marymount,12,2.3766,80.0,14.8,4397668.0
Alan Griffin,Syracuse,2,7.06534,77.0,23.5,4396998.0
Dameane Douglas,Loyola Marymount,15,1.57383,79.0,20.7,4397669.0
Javian Davis,Mississippi St.,16,-0.67867,81.0,18.5,4592739.0
Alexis Yetna,South Florida,3,3.37392,80.0,17.3,4278308.0
Davion Buster,Lamar,1,-1.66872,70.0,21.5,4398051.0
Timmy Allen,Utah,9,4.64569,78.0,29.1,4397148.0
Tamell Pearson,Western Illinois,16,-4.09461,82.0,22.7,4397727.0
Ricky Clemons,Campbell,15,0.79367,74.0,12.1,4397332.0
Matt Johnson II,Northern Colorado,11,0.961404,74.0,18.8,4278649.0
Clayton Henry,New Mexico St.,17,-0.34708,76.0,16.2,4396010.0
Ian Burke,Portland St.,17,1.07645,77.0,11.4,4395998.0
Khyre Thompson,UNC Greensboro,3,-0.355885,78.0,13.9,4398234.0
Chris Brandon,Detroit Mercy,13,2.39666,80.0,10.5,4397737.0
Boe Nguidjol,Prairie View A&M,15,-1.19488,80.0,16.7,4397736.0
Jonas Harper,Boston University,14,0.235664,74.0,15.4,4397631.0
Grant Weatherford,Georgia Southern,4,-2.85417,74.0,10.9,3906672.0
Greg Summers,Navy,8,3.46886,76.0,21.4,4398149.0
John Carter Jr.,Navy,3,-3.0233,75.0,23.5,4398147.0
Rod Johnson Jr.,Western Illinois,7,-4.02009,79.0,16.3,4398157.0
Jayce Johnson,Middle Tennessee,7,-1.38946,77.0,17.3,4397552.0
Josh Caldwell,Army,6,1.18493,74.0,22.7,4397607.0
Aaron Duhart,Army,5,-2.78285,72.0,19.1,4397609.0
Abdul Mohamed,Montana St.,15,-0.166743,79.0,18.1,4397559.0
Shaun Doss,Arkansas Pine Bluff,7,-5.2332,77.0,28.2,4403367.0
Patrick Mwamba,UT Arlington,3,-1.00555,79.0,16.1,4397685.0
Eddy Egun,Montana,3,-2.14975,76.0,17.1,4397293.0
Nathan McClure,IU Indy,17,-0.30903,76.0,12.6,4397701.0
Radshad Davis,FIU,3,0.60429,76.0,20.3,4397680.0
Neemias Queta,Utah St.,0,12.9486,84.0,24.9,4397424.0
Tyreek Scott-Grayson,UAB,6,3.68691,77.0,19.1,4397725.0
Derek St. Hilaire,New Orleans,1,-2.49486,72.0,22.7,4398325.0
JJ Murray,North Texas,6,3.05251,73.0,9.9,4397560.0
Eli Abaev,Florida Gulf Coast,7,-4.21763,80.0,19.0,4398044.0
Josh Jefferson,Green Bay,1,0.206306,74.0,30.1,4397374.0
Abdou Ndiaye,Illinois St.,0,3.72701,81.0,15.1,4397375.0
Robinson Idehen,UC Santa Barbara,13,2.19254,82.0,18.9,4397646.0
Tyler Stevenson,Southern Miss,8,-0.41549,80.0,22.0,4397707.0
Tyrece Radford,Virginia Tech,2,6.27614,74.0,18.1,4395685.0
Prince Toyambi,Georgia Southern,8,-1.54206,79.0,16.9,4396611.0
Kenton Eskridge,Tennessee Martin,5,-5.01231,73.0,16.5,4703413.0
Trey Smith,San Jose St.,10,-2.02044,75.0,15.2,4397400.0
Michael Steadman,Montana,15,-6.41315,82.0,23.9,4397393.0
Ethan Esposito,Sacramento St.,3,-2.84976,79.0,31.2,4397330.0
Willy Isiani,Detroit Mercy,12,0.578218,80.0,12.1,4397740.0
Garrett Sturtz,Drake,6,5.25555,75.0,15.3,4397348.0
Zach Walton,Drexel,12,1.08684,78.0,18.7,4397426.0
Ramiir Dixon-Conover,Saint Francis,9,1.25314,75.0,27.6,4398016.0
Ronald Lucas,Delaware St.,16,-8.74103,78.0,13.3,4398122.0
Richardson Maitre,Samford,5,-3.52091,75.0,17.3,4397488.0
Silas Adheke,East Tennessee St.,16,2.73013,80.0,14.8,4066995.0
Tremell Murphy,Drake,12,4.57017,78.0,18.2,4397346.0
D.J. Wilkins,Drake,14,2.2633,74.0,16.9,4397350.0
Ahmed Ali,Portland,9,0.840669,71.0,29.1,4397170.0
Marvin Cannon,Charlotte,7,-3.61651,77.0,14.8,4397168.0
Bul Kuol,Detroit Mercy,11,0.0828374,79.0,21.7,4398419.0
Ty Rowell,Cal Baptist,1,-3.17212,74.0,23.7,4398423.0
Nikola Maric,Little Rock,8,-2.25446,82.0,24.7,4397558.0
J.J. Matthews,Norfolk St.,8,-3.46719,81.0,22.7,4067321.0
Ty Gadsden,UNC Wilmington,14,-1.71172,73.0,19.3,4397568.0
Terrell Brown Jr.,Arizona,9,5.31237,75.0,16.5,4395997.0
Abe Kinrade,Air Force,17,-5.24553,79.0,19.8,4397257.0
A.J. Walker,Air Force,11,-0.217132,74.0,23.8,4397255.0
Brandon Mahan,UCF,11,4.94688,77.0,18.4,4396917.0
KC Ndefo,Saint Peter's,0,7.12732,79.0,27.0,4398386.0
Josh Aldrich,USC Upstate,7,-4.58654,79.0,10.5,4397838.0
Pape Diop,Southeastern Louisiana,8,-2.91481,81.0,21.7,4398287.0
Brandon Powell,Alabama A&M,4,-8.41869,75.0,13.5,4397898.0
Kyonze Chavis,Norfolk St.,6,1.15362,76.0,15.4,4398210.0
Webster Filmore,North Carolina A&T,13,-1.61952,79.0,14.0,4398217.0
Max Rice,Boise St.,12,1.44681,77.0,15.4,4397263.0
Christian Gray,Fresno St.,8,-2.48238,78.0,19.9,4397274.0
Jeremiah Bailey,Pacific,6,3.88322,78.0,19.6,4397671.0
Kyle Cardaci,Coppin St.,12,-0.713375,74.0,14.0,4397944.0
Chudier Bile,Georgetown,6,5.62089,79.0,23.6,4398268.0
ShanQuan Hemphill,Drake,8,2.90167,78.0,24.3,4397747.0
CJ Kelly,Albany,11,2.79154,77.0,24.1,4398208.0
D.J. Mitchell,Hartford,14,0.207245,72.0,13.3,4395893.0
Tra'Von Fagan,Buffalo,12,5.13431,80.0,10.9,4397823.0
Payton Youngblood,North Alabama,14,2.07616,77.0,18.6,4396768.0
Kashawn Charles,Eastern Illinois,14,-3.32026,73.0,17.9,4398310.0
Jacob Tryon,Samford,15,1.20751,83.0,17.4,4397718.0
Amir Allen,Milwaukee,8,-2.02158,80.0,17.7,4397761.0
Aundre Hyatt,LSU,12,4.01846,78.0,13.2,4396975.0
Valdir Manuel,New Mexico,16,-0.245943,82.0,21.5,4703254.0
Josiah Wallace,Eastern Illinois,1,-3.18139,76.0,23.8,4398314.0
Casson Rouse,Eastern Washington,4,-7.24055,74.0,18.7,4397280.0
Andrew Gordon,Louisiana Tech,8,-1.29158,82.0,21.7,4397096.0
Khalil Shabazz,San Francisco,1,1.85266,73.0,27.6,4397745.0
Damian Chong Qui,Mount St. Mary's,9,0.0318013,68.0,26.4,4397976.0
Rodney Henderson Jr.,Rider,14,-0.555466,77.0,18.5,4397448.0
Trendon Hankerson,Northern Illinois,1,-2.40571,74.0,23.3,4397854.0
Ty Dalton,Houston Christian,5,-4.70109,76.0,18.4,4067361.0
Tate Hall,Loyola Chicago,6,2.33101,78.0,19.8,4289536.0
Chandler Vaudrin,Winthrop,9,4.02939,79.0,23.6,4397841.0
Brendon Brooks,Southern,5,-7.24669,69.0,17.3,4402918.0
Kyle Luedtke,Nebraska Omaha,10,-4.25741,77.0,13.2,4398237.0
Mike Nuga,Kent St.,12,3.84351,74.0,20.6,4703554.0
LaTerrance Reed,Northwestern St.,14,0.0329603,74.0,14.6,4398265.0
Faite Williams,Prairie View A&M,5,-5.77979,74.0,24.0,4397933.0
Isaiah Rollins,Southern,4,-6.64927,75.0,23.5,4398430.0
DeShang Weaver,Oral Roberts,17,-1.06452,80.0,14.1,4593825.0
Dante Treacy,Robert Morris,4,-5.28412,72.0,17.2,4397989.0
Tyler Bertram,Binghamton,1,-2.35169,75.0,21.7,4397473.0
Jordan Gilliam,Texas Southern,5,-2.49187,77.0,15.7,4397615.0
LJ Figueroa,Oregon,12,6.78584,78.0,18.7,4397125.0
Bentiu Panoam,North Dakota,14,-0.662559,74.0,17.6,4398189.0
Federico Poser,Elon,7,-7.61977,81.0,23.4,4397457.0
Des Balentine,Incarnate Word,5,-3.31246,72.0,17.2,4398033.0
Mikel Beyers,Marshall,3,0.632463,81.0,23.2,4397545.0
Marquis Moore,Southern Utah,15,0.160017,78.0,14.4,4397733.0
Isaiah White,USC,6,6.41288,79.0,18.3,4395988.0
Rob Howard,Illinois Chicago,3,-3.22753,80.0,23.5,4397768.0
Jamie Ahale,Illinois Chicago,10,-1.3141,77.0,10.6,4397767.0
Kur Jockuch,Northern Colorado,8,-0.660036,81.0,21.8,4397312.0
Nolan Bertain,Texas A&M Corpus Chris,12,-1.27422,76.0,13.1,4397730.0
Nicolas Fennell,North Carolina Central,3,-2.5165,76.0,15.7,4398240.0
Warith Alatishe,Oregon St.,0,8.80669,79.0,21.3,4398127.0
Jeremiah Buford,Nicholls St.,14,-0.95037,77.0,13.1,4398125.0
Prince Moss,Grambling St.,15,-1.68055,79.0,18.7,4280109.0
Azariah Seay,IU Indy,1,-5.83545,76.0,23.2,4397888.0
Jeremy Harrell,McNeese St.,7,-10.248,80.0,24.1,4398065.0
Jayveous McKinnis,Jackson St.,0,2.78692,79.0,19.3,4403417.0
Darrian Wilson,Jackson St.,17,-1.27549,76.0,7.7,4406975.0
Myles Johnson,Rutgers,0,10.1571,83.0,17.3,4277987.0
Flynn Cameron,UC Riverside,11,2.89024,75.0,19.2,4293886.0
D'Marco Baucum,Delaware St.,17,-7.11492,78.0,16.7,4410587.0
Ajiri Ogemuno-Johnson,Rider,8,-0.424978,80.0,19.8,4406151.0
Kevin McCullar,Texas Tech,6,7.0665,78.0,19.8,4411057.0
Goodnews Kpegeol,Valparaiso,6,0.637136,77.0,22.4,4410040.0
Mekhi Long,Old Dominion,3,0.794392,79.0,16.3,4431804.0
Colby Rogers,Cal Poly,1,-3.31326,77.0,25.4,4592921.0
Jeremiah Hernandez,Kent St.,4,-2.44846,76.0,13.5,4433007.0
Jakob Alamudun,Lehigh,16,-5.64354,78.0,16.8,4432933.0
Alimamy Koroma,Cal Poly,3,-0.522927,80.0,29.9,4592922.0
Giovanni Santiago,Kent St.,14,1.36645,73.0,14.3,4593436.0
Tim Ceaser,Coastal Carolina,7,-5.35916,81.0,18.2,4593882.0
Miroslav Stafl,Hartford,15,-0.658533,82.0,23.4,4592903.0
Giordan Williams,Santa Clara,14,-0.444455,75.0,17.6,4432146.0
Kyle Young,Siena,8,-1.36231,81.0,26.8,4593371.0
Miguel Tomley,Santa Clara,14,-0.794525,75.0,14.5,4433104.0
Javion Hamlet,North Texas,9,0.825992,76.0,28.9,4592868.0
Thomas Bell,North Texas,15,4.43152,78.0,19.2,4592870.0
Max Romanov,Southeastern Louisiana,4,-8.03663,80.0,13.3,4594145.0
Jalen Williams,Santa Clara,6,3.45124,78.0,20.5,4593803.0
Damen Thacker,Idaho,1,-2.91287,71.0,26.4,4592588.0
Joshua Lusane,Campbell,2,5.54764,79.0,20.9,4592655.0
David Muoka,Lamar,0,1.83896,82.0,12.8,4593762.0
Borja Fernandez,Montana St.,17,-4.31287,79.0,16.2,4592619.0
Anderson Kopp,Lamar,10,-2.98388,77.0,22.2,4593765.0
Jamison Battle,George Washington,12,-1.28433,79.0,22.0,4431893.0
Chase Paar,George Washington,7,-2.63785,81.0,17.7,4432076.0
Harouna Sissoko,Illinois St.,15,-1.56713,79.0,12.2,4592687.0
DaJuan Gordon,Kansas St.,6,0.502275,76.0,21.5,4432891.0
Xavier Wilson,Central Connecticut,6,-1.72311,79.0,20.9,4593245.0
Colin Kenney,Furman,17,-2.34362,73.0,12.6,4432017.0
Marcus Foster,Furman,6,-3.02941,76.0,16.1,4431953.0
Zach Newkirk,Central Connecticut,1,-6.14121,73.0,17.4,4593246.0
Stephane Ayangma,Central Connecticut,3,-4.45221,78.0,19.7,4593248.0
Jamir Reed,Central Connecticut,4,-5.66449,76.0,14.8,4593247.0
Gaige Prim,Missouri St.,2,9.65075,80.0,29.6,4592711.0
Emmanuel Ugboh,Tulsa,16,-5.01126,84.0,18.5,4593831.0
Elijah Ford,Wagner,2,3.64046,77.0,24.9,4593036.0
Will Martinez,Wagner,9,-0.591678,77.0,24.0,4593037.0
Cole Henry,Northern Iowa,16,-4.6871,81.0,19.3,4433004.0
Elias King,Middle Tennessee,10,-1.82245,80.0,19.9,4431742.0
Delor Johnson,Southern,7,-4.89858,75.0,16.8,4433014.0
James Bouknight,Connecticut,3,4.43359,77.0,30.2,4431712.0
Byron Smith,Southeastern Louisiana,10,-6.54166,73.0,13.4,4596451.0
Anthony Jones,Western Illinois,7,-5.44535,77.0,19.0,4593844.0
Doctor Bradley,Cal St. Fullerton,8,-3.97582,79.0,24.0,4431907.0
Jaden Bediako,Santa Clara,16,1.85269,82.0,15.5,4431889.0
Daniss Jenkins,Pacific,6,1.59928,75.0,22.9,4593787.0
James Hampshire,Pacific,13,-2.01007,85.0,11.5,4593790.0
Alvin Stredic Jr,Arkansas Pine Bluff,16,-7.67326,81.0,11.3,4594058.0
Keion Brooks Jr.,Kentucky,2,5.66881,79.0,26.3,4431689.0
Armando Bacot,North Carolina,13,7.82921,82.0,22.3,4431674.0
Robert Boyd,Arkansas Pine Bluff,4,-7.97182,78.0,6.5,4594057.0
Max Agbonkpolo,USC,17,1.63257,81.0,16.0,4431700.0
Emanuel Miller,Texas A&M,8,4.03151,79.0,25.9,4432872.0
Quenton Jackson,Texas A&M,11,2.21671,77.0,24.4,4592829.0
Jonathan Aku,Texas A&M,16,-2.08569,82.0,11.6,4592830.0
Andre Gordon,Texas A&M,5,-1.1193,74.0,21.3,4431779.0
Drew Lutz,Incarnate Word,1,-2.22877,73.0,20.4,4593757.0
Messiah Thompson,Campbell,1,-2.34086,68.0,19.0,4432127.0
Lance Jones,Southern Illinois,9,-0.904618,73.0,28.9,4432002.0
Amin Adamu,Montana St.,6,-1.39594,77.0,26.0,4592615.0
Josh Thomas,Milwaukee,3,-0.0633409,76.0,19.9,4593291.0
Mahamadou Diawara,Stetson,8,-6.14771,82.0,24.9,4432875.0
De'Vion Harmon,Oklahoma,11,3.01014,74.0,20.0,4431703.0
Victor Iwuakor,Oklahoma,16,-0.566293,79.0,18.6,4431724.0
Jalen Hill,Oklahoma,6,3.61467,79.0,14.6,4592214.0
Ellis Jefferson,Lamar,5,-2.93707,72.0,17.2,4067375.0
Toumani Camara,Georgia,2,4.39329,80.0,22.4,4431736.0
Sahvir Wheeler,Georgia,9,0.263854,70.0,26.4,4431725.0
Tyrese Jenkins,Norfolk St.,10,-1.84697,78.0,14.6,4595430.0
Donovan Gregory,Appalachian St.,6,4.04162,77.0,18.0,4432904.0
Doug Edert,Saint Peter's,10,-0.88563,74.0,16.5,4432977.0
Hassan Drame,Saint Peter's,7,-1.82464,79.0,20.2,4593387.0
Emmanuel Tshimanga,UC Irvine,7,-3.72751,84.0,15.9,4592961.0
Isaiah Lee,UC Irvine,5,1.68146,74.0,14.6,4592958.0
Matt Johnson,Detroit Mercy,14,-1.55773,76.0,19.1,4592487.0
Cole Bajema,Washington,17,-0.25774,79.0,11.6,4431757.0
Franz Wagner,Michigan,2,11.3184,81.0,19.4,4566434.0
Trevin Knell,BYU,12,5.57605,77.0,14.7,4593744.0
Braelen Bridges,Illinois Chicago,8,-2.05251,82.0,25.7,4593259.0
Jaylin Hunter,Old Dominion,11,1.78347,71.0,16.8,4592875.0
Jamaure Gregg,Northwestern St.,7,-5.76652,79.0,23.0,4594123.0
Trenton Massner,Northwestern St.,11,2.09839,74.0,22.9,4594126.0
Jovan Zelenbaba,Northwestern St.,5,-3.92289,76.0,20.9,4594125.0
Mika Adams-Woods,Cincinnati,14,1.04743,75.0,14.8,4431831.0
Robby Robinson,Nevada,4,-2.94654,80.0,9.7,4593060.0
Kane Milling,Nevada,10,-0.287691,76.0,12.2,4593062.0
Zane Meeks,Nevada,3,0.420294,81.0,21.2,4593064.0
Ben Roderick,Ohio,12,2.12055,77.0,18.9,4593447.0
David Johnson,Louisville,6,2.97282,77.0,23.3,4592204.0
Lunden McDay,Ohio,14,1.06227,75.0,16.7,4432052.0
Kobe Langley,UNC Greensboro,5,-1.42453,73.0,13.4,4433026.0
Eli Lawrence,Middle Tennessee,7,-4.71848,77.0,20.9,4432029.0
Josh Kunen,San Francisco,17,1.23245,80.0,13.5,4432026.0
Shamar Wright,SIU Edwardsville,17,-1.64105,79.0,19.5,4433129.0
Jimmy Bell Jr.,Saint Louis,8,1.40167,82.0,13.9,4592485.0
Yuri Collins,Saint Louis,5,0.0139206,72.0,15.6,4432957.0
Samuell Williamson,Louisville,3,1.94308,79.0,19.6,4431676.0
Javonte Perkins,Saint Louis,11,3.45747,78.0,24.0,4592482.0
Gibson Jimerson,Saint Louis,12,1.12467,77.0,14.9,4432008.0
Terrence Hargrove Jr.,Saint Louis,14,0.227359,76.0,20.1,4592484.0
Quinn Slazinski,Louisville,12,3.21789,80.0,15.1,4431768.0
Phoenix Ford,UTSA,16,-1.87865,80.0,9.8,4278381.0
Kobi Nwandu,Niagara,1,-1.38987,78.0,25.1,4407127.0
Seth Pinkney,Quinnipiac,15,6.13332,85.0,12.6,4593362.0
La'Mel Robinson,Nebraska Omaha,1,-3.46908,72.0,26.3,4593783.0
Justin Webster,Hawaii,12,1.52277,75.0,17.5,4432918.0
Darrius Hughes,Nebraska Omaha,4,-9.64316,79.0,16.7,4593782.0
Marlon Ruffin,Nebraska Omaha,1,-1.00529,77.0,26.1,4593785.0
Jalyn McCreary,South Carolina,0,1.81734,80.0,20.3,4432050.0
Jatayveous Watson,USC Upstate,13,-3.82657,80.0,11.7,4592770.0
Wildens Leveque,South Carolina,13,2.07302,82.0,16.1,4431805.0
Jaime Jaquez Jr.,UCLA,2,8.82198,78.0,18.4,4432848.0
Goran Miladinovic,Marshall,7,-4.95087,84.0,19.5,4592865.0
Taz Sherman,West Virginia,11,3.19148,76.0,25.3,4592307.0
Zach Iyeyemi,Houston Christian,8,-6.04193,81.0,19.4,4593753.0
Gertautas Urbonavicius,North Dakota,3,-7.73569,79.0,25.5,4593737.0
Brady Danielson,North Dakota,10,-4.08199,76.0,10.7,4593736.0
Myles Pierre,Houston Christian,5,-7.709,74.0,20.5,4432072.0
Hunter Janacek,Houston Christian,10,-5.06797,77.0,18.8,4067113.0
Mackenzie McFatten,Georgia Southern,16,-3.73884,80.0,16.2,4432054.0
Quinton Morton-Robertson,Radford,1,0.585325,68.0,19.2,4592761.0
Xander Rice,Bucknell,11,-0.902985,75.0,18.3,4593080.0
James Bishop,George Washington,9,-1.00522,74.0,31.6,4431770.0
Chris Shelton,Hampton,14,-0.988621,76.0,12.2,4592667.0
Daniel Banister,Hampton,17,-5.4927,77.0,13.6,4592670.0
Chandler Turner,Bowling Green,3,-4.27836,79.0,14.5,4432130.0
Roti Ware,Stephen F. Austin,11,-0.200765,75.0,19.4,4594152.0
Trey Diggs,Bowling Green,14,2.91843,78.0,21.2,4593401.0
Rahmir Moore,Saint Joseph's,4,-3.6021,75.0,15.1,4592477.0
Jawaun Daniels,Prairie View A&M,12,-0.723027,79.0,20.9,4594103.0
Trae Hannibal,South Carolina,9,1.05042,75.0,21.9,4593008.0
Robert Jones,Denver,8,-5.79415,82.0,22.4,4593702.0
Jordan King,Siena,1,-2.40919,72.0,19.2,4593372.0
Rob Higgins,St. Francis NY,1,-5.36056,73.0,19.5,4593104.0
Rob McClain Jr.,UT Rio Grande Valley,16,1.06578,77.0,11.8,4593819.0
Trey Quartlebaum,St. Francis NY,14,-6.58822,73.0,14.8,4433061.0
Kanon Koster,South Dakota,12,0.986264,76.0,9.5,4593837.0
Connor Raines,UT Rio Grande Valley,17,-5.74265,78.0,12.8,4593818.0
Chris Freeman,UT Rio Grande Valley,4,-5.51728,78.0,20.6,4593817.0
Ali Ali,Akron,12,0.326298,80.0,15.8,4592700.0
Camron Reece,Akron,13,0.765978,79.0,19.3,4592698.0
Greg Tribble,Akron,5,-3.08075,73.0,16.1,4592697.0
Jamaal Walker,Chattanooga,10,-3.26325,77.0,12.5,4593462.0
Hakim Hart,Maryland,12,4.87979,78.0,15.8,4431984.0
Luke Smith,Belmont,11,3.82083,72.0,17.4,4402243.0
Trey Hutcheson,Albany,4,-4.15697,77.0,14.5,4433012.0
Alex Ducas,Saint Mary's,3,0.74132,78.0,20.1,4432971.0
Kyle Bowen,Saint Mary's,17,2.1854,80.0,11.2,4431902.0
Nahiem Alleyne,Virginia Tech,14,1.35689,76.0,20.7,4432934.0
Jalen Cone,Virginia Tech,14,0.733387,70.0,22.8,4431698.0
Hunter Cattoor,Virginia Tech,11,5.86377,75.0,17.6,4432954.0
Keaston Willis,Incarnate Word,1,-3.86552,75.0,30.2,4593756.0
Demond Robinson,Murray St.,13,1.06743,80.0,15.6,4433069.0
Ismael Massoud,Wake Forest,10,-2.83631,80.0,23.0,4431761.0
Ody Oguama,Wake Forest,8,-1.45945,81.0,20.7,4432075.0
Courtney Brown Jr.,Milwaukee,14,-3.19691,79.0,12.9,4431912.0
Tre' Williams,Minnesota,17,-0.00746613,77.0,18.0,4432873.0
Tasos Kamateros,South Dakota,3,-1.21318,80.0,19.4,4593838.0
Nathaniel Stokes,Bryant,17,-1.96624,80.0,12.2,4593262.0
Charles Pride,Bryant,11,3.60871,76.0,19.0,4593263.0
Michael Green III,Bryant,1,-3.22969,71.0,25.8,4593261.0
Jake LaRavia,Indiana St.,2,7.14042,81.0,25.0,4592691.0
Romeo Weems,DePaul,7,1.16393,79.0,17.3,4432826.0
Seikou Sisoho Jawara,Weber St.,11,0.183803,75.0,19.6,4593773.0
Armaan Franklin,Indiana,11,3.82559,76.0,21.2,4431744.0
Jairus Roberson,Northwestern St.,10,-3.97381,74.0,22.4,4594122.0
Eric Lovett,FIU,14,-2.73077,77.0,21.0,4592851.0
Marion Humphrey,San Diego,5,-2.78588,74.0,17.9,4431994.0
Jamon Battle,UNC Asheville,13,-1.47412,77.0,17.4,4592754.0
Ryan Moffatt,Colgate,12,2.6595,78.0,9.3,4593087.0
Trent Stephney,UNC Asheville,5,-2.65222,74.0,21.1,4592753.0
Terence Porter Jr.,Charleston Southern,4,-5.66892,80.0,12.5,4432090.0
Tahj Small,Tarleton St.,3,0.0602027,77.0,19.5,4593929.0
Nicholas Jones,Arkansas Pine Bluff,11,-3.75779,73.0,18.7,4703154.0
Yahuza Rasas,Texas Southern,7,-5.97241,79.0,18.9,4594119.0
Jarred Hyder,California,1,-2.95712,75.0,24.2,4593047.0
Evan Taylor,Lehigh,3,-0.914677,78.0,18.1,4432122.0
Kennedy Koehler,UC Davis,7,0.0642856,79.0,16.7,4592952.0
Ezra Manjon,UC Davis,1,-2.33651,71.0,25.9,4432033.0
Max Fiedler,Rice,13,7.34965,82.0,20.7,4431964.0
Festus Ndumanya,Cal St. Northridge,8,-6.14732,79.0,17.7,4592928.0
Zach Crisler,Fairfield,10,-2.92074,81.0,15.4,4431936.0
Braden Bell,Marist,3,0.180603,79.0,18.0,4593334.0
Anthony Holland,Fresno St.,14,2.97661,77.0,11.3,4593051.0
Jacob Toppin,Kentucky,3,1.82582,81.0,16.0,4592461.0
Jake Betlow,Lehigh,10,-8.68346,74.0,16.3,4593111.0
Darrious Agnew,Southeast Missouri St.,15,-3.39366,80.0,25.3,4593690.0
Reed Fenton,Lehigh,10,-3.32203,76.0,14.0,4431962.0
Ryan Rapp,Washington St.,4,-1.22009,77.0,14.5,4433062.0
Noah Williams,Washington St.,9,4.66846,77.0,26.2,4432850.0
Tylan Pope,Tulane,8,-1.12833,78.0,24.5,4593827.0
Nobal Days,Tulane,16,0.798334,81.0,7.7,4432886.0
Alex Hemenway,Clemson,14,1.82963,75.0,15.3,4433001.0
Jamir Chaplin,South Florida,6,0.887147,77.0,17.7,4431925.0
B.J. Mack,Wofford,3,-0.960876,80.0,21.1,4431837.0
Chase Hunter,Clemson,4,-2.34479,75.0,18.1,4592184.0
Al-Amir Dawes,Clemson,11,3.72206,74.0,20.0,4431730.0
DJ Harvey,Vanderbilt,14,-1.40257,78.0,17.4,4278010.0
Tyler Saint-Furcy,Marist,16,-3.61137,76.0,13.5,4593333.0
Kofi Cockburn,Illinois,13,3.26003,84.0,27.4,4432828.0
Devante Carter,Norfolk St.,9,0.663746,75.0,27.4,4593407.0
Ken Evans,Jackson St.,4,-3.61676,76.0,18.6,4594079.0
Jonas James,Jackson St.,5,-3.75175,72.0,21.9,4594075.0
Rocket Watts,Michigan St.,1,-3.35632,74.0,23.3,4432818.0
Malik Hall,Michigan St.,15,4.75456,79.0,15.9,4592693.0
Allen Flanigan,Auburn,11,2.21959,78.0,23.6,4432874.0
Jaylin Williams,Auburn,15,5.62308,80.0,18.9,4431776.0
Julius Marble II,Michigan St.,15,-2.55727,80.0,20.7,4433031.0
Khalif Battle,Temple,1,0.533687,77.0,28.5,4431719.0
Damion Baugh,Memphis,5,2.12193,75.0,12.9,4431766.0
Ellis Magnuson,Eastern Washington,5,-2.97712,74.0,15.8,4592585.0
Dereon Seabron,N.C. State,6,1.79447,79.0,18.9,4431811.0
Boogie Ellis,Memphis,11,3.2169,75.0,20.6,4593106.0
Titus Wright,Western Michigan,8,-2.49705,80.0,22.1,4593454.0
Ron Mitchell,UMass Lowell,4,-7.94361,75.0,20.1,4592911.0
Amari Davis,Green Bay,1,-2.29607,75.0,26.0,4431937.0
Josh Corbin,Winthrop,14,1.96832,75.0,17.1,4592773.0
Dante Wilcox,FIU,8,-4.27466,78.0,16.3,4432143.0
Fred Cleveland Jr.,North Carolina A&T,4,-4.53128,69.0,19.0,4593413.0
Spencer Jones,Stanford,12,6.2451,79.0,14.9,4592427.0
Chase Claxton,Winthrop,13,4.45124,79.0,10.2,4431928.0
James Keefe,Stanford,16,-0.310708,81.0,13.1,4433018.0
Christian Ings,Rider,5,-4.97589,74.0,21.9,4431996.0
Demarius Pitts,UMKC,7,-3.3712,76.0,18.2,4593972.0
Tyreke Locure,South Alabama,1,0.804149,72.0,21.9,4432038.0
Jimmy Clark III,VCU,6,5.32925,75.0,21.3,4592493.0
Nah'Shon Hyland,VCU,11,4.99997,75.0,28.7,4592492.0
Josiah Allick,UMKC,3,-1.82072,80.0,26.3,4593968.0
Sam Martin,UMKC,10,-4.38025,72.0,10.0,4593971.0
Keli Leaupepe,Loyola Marymount,3,3.43416,78.0,22.5,4432031.0
Anton Watson,Gonzaga,13,10.4602,80.0,15.8,4431705.0
Darion Spottsville,Eastern Michigan,5,-3.79104,75.0,14.8,4593425.0
Jason Gibson,Towson,1,-3.79786,73.0,20.0,4592985.0
Charles Thompson,Towson,8,2.06533,79.0,16.9,4433103.0
Keeshawn Barthelemy,Colorado,1,0.266458,74.0,22.2,4581504.0
Ben Wight,William & Mary,8,0.489533,81.0,14.6,4433119.0
Trey Calvin,Wright St.,1,-0.170841,72.0,17.9,4431915.0
Demarkus Lampley,Sam Houston St.,14,2.03922,74.0,18.1,4594132.0
Terryonte Thomas,Sam Houston St.,17,-1.30318,76.0,11.4,4594133.0
Luke Bumbalough,Ball St.,14,0.545167,73.0,13.9,4593397.0
Jay Heath,Boston College,1,-1.20786,75.0,22.5,4592181.0
Julian Rishwain,San Francisco,12,2.56235,77.0,20.7,4431875.0
CJ Felder,Boston College,15,4.20279,79.0,18.1,4592180.0
Tre Jackson,Iowa St.,17,1.609,73.0,11.6,4431999.0
KK Curry,South Alabama,16,-4.21363,78.0,20.0,4431933.0
Drew Timme,Gonzaga,2,10.6765,82.0,26.5,4431695.0
RJ Rhoden,Long Beach St.,17,-3.3655,75.0,13.3,4592940.0
Jacob Johnson,UMKC,17,-3.57462,77.0,10.9,4593970.0
Craig Beaudion,Cleveland St.,11,-1.12369,75.0,17.4,4592881.0
Anthony Walker,Miami FL,3,-0.212296,81.0,21.7,4592205.0
Keishawn Davidson,Tennessee Tech,11,-1.53274,74.0,18.9,4593730.0
Anthony Selden,Gardner Webb,17,-2.81966,78.0,18.1,4592663.0
Tom Welch,Loyola Chicago,2,2.7982,80.0,22.2,4432136.0
Ja'Monta Black,Missouri St.,12,0.845243,76.0,15.1,4592709.0
Marquise Kennedy,Loyola Chicago,6,6.58381,73.0,23.2,4433019.0
Justin Champagnie,Pittsburgh,2,6.657,78.0,24.6,4432907.0
Abdoul Karim Coulibaly,Pittsburgh,15,3.96657,80.0,12.2,4432889.0
Jacco Fritz,Canisius,2,3.8044,82.0,16.1,4593148.0
Jovan Stulic,Little Rock,17,-6.42723,77.0,11.3,4432118.0
Ruot Monyyong,Little Rock,8,2.39792,82.0,19.1,4593936.0
Ryan Wade,Holy Cross,14,-1.72288,74.0,13.2,4593091.0
Kobe Brown,Missouri,2,3.44643,79.0,20.8,4431752.0
Armon Harried,Canisius,7,-3.40905,76.0,18.6,4593149.0
Tyler Wahl,Wisconsin,6,5.94054,81.0,14.1,4433105.0
Dontavius King,Charleston,7,-9.71365,79.0,28.4,4598389.0
Blaze Nield,Utah Valley,5,-2.12343,73.0,10.8,4593745.0
Nate Lliteras,Longwood,6,1.76484,79.0,17.8,4432036.0
KyKy Tandy,Xavier,1,-0.308858,74.0,23.6,4592606.0
Osborn Shema,Iona,13,-0.215806,84.0,13.0,4703016.0
Josh Cohen,Saint Francis,13,1.96828,82.0,18.4,4593120.0
Yeikson Montero,Eastern Michigan,6,0.277829,77.0,23.6,4593423.0
Rienk Mast,Bradley,12,3.22648,81.0,18.8,4592677.0
Miles Gibson,Eastern Michigan,7,-8.05488,78.0,20.0,4593430.0
Ville Tahvanainen,Bradley,12,0.774654,76.0,16.1,4433093.0
Chris James,Eastern Michigan,4,-8.71767,74.0,15.9,4593427.0
Antonio Thomas,Bradley,4,-5.46606,74.0,15.4,4433102.0
Alondes Williams,Oklahoma,6,2.62436,77.0,19.8,4592216.0
Noel Coleman,Hawaii,10,-2.64682,73.0,17.2,4593795.0
James Jean-Marie,Hawaii,3,-2.52996,80.0,26.6,4593797.0
Malik Porter,Idaho St.,15,0.612082,77.0,21.6,4592594.0
Hunter Woods,Elon,6,-0.602223,77.0,19.7,4592950.0
Daniel Rodriguez,Fairleigh Dickinson,8,-8.83646,78.0,21.6,4593241.0
Tarik Cool,Idaho St.,1,-3.53408,76.0,25.2,4592593.0
Brandon Rush,Fairleigh Dickinson,11,-0.794904,75.0,20.4,4593240.0
Callum Baker,Fairleigh Dickinson,10,-4.17376,72.0,14.6,4431891.0
Dylan van Eyck,Iona,3,2.75241,80.0,17.4,4593320.0
Caleb Fields,Arkansas St.,5,-1.94254,72.0,22.5,4593869.0
Stephen Clark,The Citadel,0,2.98316,80.0,12.8,4593469.0
Cobe Williams,Louisiana Tech,11,2.59106,71.0,18.3,4592858.0
Isaiah Crawford,Louisiana Tech,2,5.47528,78.0,22.3,4592857.0
Bryce Williams,Oklahoma St.,5,2.5563,74.0,18.1,4593018.0
Miles Jones,Radford,17,-1.76005,78.0,13.2,4592762.0
Terrell Williams Jr.,Southern,15,-0.15973,77.0,17.0,4594110.0
Jalen Gaffney,Connecticut,11,3.33034,75.0,17.3,4431732.0
Seth Lundy,Penn St.,3,2.54997,78.0,22.0,4431775.0
Emmanuel Kuac,New Mexico,4,-4.52548,79.0,15.0,4593069.0
Kurt Wegscheider,New Mexico,15,-0.364448,76.0,10.7,4593070.0
AJ Bramah,Robert Morris,8,-1.71187,79.0,30.7,4593135.0
Rahsaan Edwards,South Carolina St.,10,-4.65214,72.0,20.1,4593417.0
Omar Croskey,South Carolina St.,17,-3.48934,77.0,20.2,4593418.0
Trushaun Moorer,South Carolina St.,10,-7.26319,75.0,18.4,4593419.0
Dahmir Bishop,Saint Joseph's,10,-5.46775,77.0,19.7,4701028.0
Tyler Stephenson-Moore,Stony Brook,10,-2.69392,75.0,12.6,4592935.0
Mouhamadou Gueye,Stony Brook,0,3.58883,81.0,23.6,4592933.0
Daniel Ogoro,Youngstown St.,4,-7.86184,77.0,17.3,4593433.0
E.J. Liddell,Ohio St.,2,7.79107,79.0,27.3,4432821.0
Heru Bligen,Longwood,7,-2.86941,75.0,20.6,4432944.0
Adonis Arms,Winthrop,6,2.3211,78.0,31.8,4406489.0
Jaelen House,Arizona St.,6,3.36197,73.0,17.0,4431763.0
Desmond Williams,Troy,10,-4.34024,73.0,15.1,4593930.0
Lars Thiemann,California,16,-0.534163,84.0,14.4,4433099.0
Zach Freemantle,Xavier,2,2.92474,81.0,24.8,4432869.0
Trent Brown,Southern Illinois,14,0.797237,74.0,11.2,4592722.0
Josh Endicott,North Florida,15,-3.08184,80.0,19.4,4592295.0
Darion Jordan-Thomas,UMass Lowell,8,-5.44106,79.0,19.0,4433017.0
Emmanuel Adedoyin,North Florida,5,-4.09761,74.0,18.9,4594333.0
Ja'Mier Fletcher,Wagner,8,-4.76701,79.0,12.4,4593038.0
Justin McKoy,Virginia,3,0.429439,80.0,20.8,4432058.0
Alphonso Anderson,Utah St.,3,-0.758895,78.0,21.1,4066575.0
Chris Efretuei,Louisiana Monroe,0,-0.717099,85.0,16.9,4593907.0
Trayce Jackson-Davis,Indiana,8,5.85257,81.0,29.3,4431684.0
Elijah Ifejeh,Southeastern Louisiana,16,-5.23295,81.0,16.0,4593911.0
Luke Phillips,Louisiana Monroe,12,-0.0566361,82.0,17.4,4593912.0
Erie Olonade,Louisiana Monroe,10,-8.19947,71.0,15.2,4593908.0
Jalen Warren,Florida Gulf Coast,1,-3.70215,75.0,23.7,4592250.0
Chance Hunter,Long Beach St.,17,-2.64228,78.0,22.2,4592943.0
Romelle Mansel,Long Beach St.,7,-1.22568,81.0,13.7,4431835.0
Jalen White,Texas A&M Corpus Chris,7,-6.7113,77.0,24.6,4594139.0
Emmanuel Izunabor,High Point,15,-2.91489,80.0,16.6,4431998.0
Bryant Randleman,High Point,5,-1.97475,76.0,13.6,4592743.0
Kuany Kuany,California,7,-1.38693,81.0,17.2,4432021.0
David Roddy,Colorado St.,2,5.73003,77.0,25.8,4593041.0
DeAngelo Epps,Charleston,17,-2.98692,77.0,15.9,4597989.0
Chris Duarte,Oregon,11,9.3347,78.0,22.5,4592402.0
KJ Cunningham,Weber St.,14,-1.96856,74.0,10.2,4592648.0
Robbie Beran,Northwestern,12,2.13833,81.0,14.6,4431737.0
Evins Desir,Florida A&M,3,-5.84323,80.0,26.3,4593367.0
Anthony Fairley,Alcorn St.,13,0.698701,80.0,10.9,4594032.0
James Rojas,Alabama,7,-0.319736,80.0,17.9,4592740.0
Jaylen Forbes,Tulane,11,2.59965,76.0,22.4,4431722.0
Jaden Shackelford,Alabama,11,4.08856,75.0,21.9,4432846.0
Juwan Gary,Alabama,8,4.63725,78.0,19.5,4431707.0
Ben Sheppard,Belmont,12,1.65778,78.0,18.3,4433076.0
Noah Fernandes,Massachusetts,11,5.00157,71.0,18.9,4431791.0
Juwan Perdue,Jacksonville St.,15,-1.34387,78.0,20.2,4433059.0
PJ Fuller,TCU,5,-1.60487,76.0,17.0,4431717.0
Madani Diarra,Eastern Illinois,16,-8.82235,82.0,16.1,4592483.0
Steele Venters,Eastern Washington,11,3.96562,79.0,18.9,4592579.0
Taryn Todd,TCU,5,-1.49626,77.0,16.9,4592288.0
Dontaie Allen,Kentucky,14,1.46924,78.0,17.0,4431741.0
Dequan Morris,Arkansas Pine Bluff,15,-3.58334,76.0,17.8,4594059.0
Anthony Harris,North Carolina,6,1.84806,76.0,16.6,4592208.0
Ethan Anderson,USC,5,0.179133,73.0,19.4,4431808.0
Markedric Bell,Arkansas Pine Bluff,7,-4.84029,80.0,21.9,4594055.0
Mylik Wilson,Louisiana,6,3.16745,75.0,21.0,4432902.0
Caleb Asberry,Texas St.,11,2.3471,75.0,23.4,4593924.0
Isiah Small,Texas St.,2,6.34711,80.0,17.7,4593923.0
Russhard Cruickshank,Eastern Kentucky,14,-3.10925,72.0,12.5,4593473.0
Jalen Bridges,West Virginia,12,7.08012,79.0,13.6,4432946.0
Matthew Lee,Saint Peter's,5,-3.05255,72.0,20.2,4593388.0
Ayinde Hikim,La Salle,5,-3.14043,71.0,21.2,4431843.0
Mike DePersia,IU Indy,5,0.0112834,71.0,10.9,4432965.0
Jordan Wright,Vanderbilt,6,3.10662,77.0,21.4,4432920.0
Sherif Kenney,La Salle,1,-1.8176,76.0,23.3,4431790.0
Julien Wooden,James Madison,7,-0.681018,80.0,21.4,4433127.0
Michael Christmas,James Madison,3,-0.779838,78.0,20.4,4431827.0
Cartier Jernigan,USC Upstate,4,-5.1517,73.0,16.8,4592765.0
Jacob Germany,UTSA,8,-2.12141,83.0,23.1,4432877.0
Luka Barisic,UTSA,17,-2.2442,82.0,21.2,4593286.0
Tre Mann,Florida,9,5.82762,77.0,25.9,4432819.0
Scottie Lewis,Florida,6,5.54963,77.0,18.0,4432812.0
Christian Brown,Georgia,3,-2.2427,78.0,19.7,4431709.0
Omar Payne,Florida,13,8.2128,82.0,10.8,4432825.0
Austin Crowley,Mississippi,17,-0.972305,77.0,14.9,4431758.0
Bahaide Haidara,George Mason,8,4.01241,78.0,19.4,4592440.0
Jalen Graham,Arizona St.,0,2.32511,81.0,17.5,4432855.0
Andre Allen,Southern,16,-5.88124,81.0,18.2,4592362.0
Hall Elisias,Bryant,0,1.89083,80.0,17.3,4593267.0
Ahren Freeman,New Orleans,15,-5.0409,78.0,19.6,4431966.0
William FitzPatrick,Sacramento St.,10,-1.94202,75.0,11.9,4592634.0
Charles Smith IV,SMU,12,2.1547,77.0,13.6,4431798.0
Christian Terrell,Sacramento St.,17,-2.77326,77.0,21.1,4066959.0
Brice Williams,Charlotte,3,0.00138737,79.0,18.0,4592843.0
Khalyl Waters,Troy,1,-1.16732,77.0,22.9,4593931.0
Jack Forrest,Saint Joseph's,3,-1.85463,77.0,20.6,4701032.0
Nick Caldwell,Southeastern Louisiana,3,-0.799543,79.0,21.3,4594148.0
Tyler Cochran,Northern Illinois,6,1.48411,74.0,26.8,4431930.0
Jakevan Leftridge,Troy,10,-3.60597,79.0,17.9,4432030.0
Kruz Perrott-Hunt,South Dakota,14,0.169787,75.0,13.5,4394666.0
A.J. Plitzuweit,South Dakota,11,3.08857,74.0,27.3,4593835.0
Terrell Burden,Kennesaw St.,5,-3.12435,70.0,23.5,4592262.0
Armani Harris,Kennesaw St.,15,-3.36812,78.0,13.4,4592264.0
J.J. Miles,East Carolina,10,-0.144675,79.0,20.9,4592967.0
Tremont Robinson-White,East Carolina,9,0.375607,73.0,19.6,4592968.0
Jamie Lewis,Kennesaw St.,4,-9.12381,76.0,18.1,4592263.0
Matthew Hurt,Duke,12,7.06921,81.0,21.0,4431673.0
Nyzaiah Chambers,Norfolk St.,8,-2.1601,79.0,16.1,4593404.0
Leslie Nkereuwem,Longwood,13,-0.767073,79.0,21.9,4432064.0
Allen Powell,Rider,14,-3.44732,74.0,15.4,4593364.0
Nikc Jackson,Air Force,15,-2.38096,80.0,24.3,4593025.0
Daryl Anderson,Norfolk St.,12,1.80722,78.0,12.5,4593406.0
Masai Olowokere,Central Arkansas,10,-5.99769,77.0,17.1,4596536.0
Caleb Burgess,Hofstra,5,-2.65273,75.0,19.5,4592954.0
Josh Vazquez,Montana,14,2.43706,75.0,15.0,4592603.0
Kyle Owens,Montana,3,1.06426,80.0,20.0,4592602.0
C.J. Wilbourn,Milwaukee,12,-2.59095,79.0,14.1,4432141.0
Kalil Thomas,UMass Lowell,12,-1.27757,77.0,17.0,4592912.0
Ben Lubarsky,American,10,-5.8923,77.0,17.8,4593074.0
LaQuan Butler,UT Rio Grande Valley,5,-4.06511,72.0,25.4,4594143.0
Bas Leyte,UNC Greensboro,16,0.95263,82.0,10.4,4593682.0
EJ Williams,Alabama A&M,16,-4.69406,82.0,14.5,4594016.0
Santi Aldama,Loyola MD,2,4.99633,83.0,29.4,4593125.0
Garrett Hicks,Alabama A&M,1,-2.4182,72.0,21.2,4594014.0
Kassim Nicholson,UAB,8,1.92209,79.0,14.8,4593280.0
Kmani Doughty,New Orleans,6,-3.47764,77.0,22.9,4432969.0
Rodney Carson Jr.,New Orleans,12,-0.547334,75.0,13.8,4593813.0
Justus Rainwater,Florida Gulf Coast,13,-5.65632,80.0,13.9,4592255.0
Dajuan Harris,Kansas,5,2.88497,73.0,10.3,4431983.0
Tyler Thomas,Sacred Heart,1,0.135685,75.0,28.2,4593126.0
R.J. McGee,Tulane,6,3.02219,77.0,14.2,4593828.0
Sean Yoder,Navy,4,-5.12409,74.0,14.6,4433132.0
Tyler Nelson,Navy,7,0.381351,78.0,17.5,4593139.0
Jaylen Walker,Navy,1,0.0691958,77.0,18.4,4593141.0
Daniel Deaver,Navy,7,-0.938933,80.0,28.0,4593145.0
Patrick Dorsey,Navy,6,2.57409,77.0,15.7,4593143.0
John Bowen,UNC Wilmington,13,1.43597,79.0,12.1,4592976.0
Neal Quinn,Lafayette,2,3.70225,84.0,25.8,4593100.0
Gob Gabriel,Monmouth,17,-5.98153,79.0,20.5,4593337.0
Daman Tate,Boston University,7,-5.71839,77.0,22.8,4593079.0
Leo O'Boyle,Lafayette,10,-3.44416,79.0,18.2,4432065.0
Ethan Brittain-Watts,Boston University,10,-3.84211,74.0,12.8,4431909.0
James Anderson II,North Alabama,12,-1.2321,77.0,14.7,4592285.0
Mervin James,North Alabama,3,-6.32277,79.0,29.2,4592283.0
C.J. Brim,North Alabama,1,-2.83538,69.0,17.3,4592284.0
Brandon Newman,Purdue,14,3.08918,77.0,18.8,4592726.0
Jalen Thomas,Georgia St.,15,2.70023,82.0,16.7,4593903.0
Alonzo Verge Jr.,Arizona St.,9,2.18213,74.0,27.9,4592358.0
Keshad Johnson,San Diego St.,2,4.22146,79.0,17.1,4431786.0
Trey Pulliam,San Diego St.,5,2.80487,75.0,19.5,4593083.0
James Moors,Colorado St.,16,0.359518,82.0,20.2,4593039.0
Isaiah Stevens,Colorado St.,9,2.77441,72.0,24.8,4432117.0
Kyle Rose,Fordham,4,-3.33894,75.0,17.0,4592315.0
Wheza Panzo,Stetson,14,0.618896,79.0,11.6,4592296.0
Fousseyni Drame,Saint Peter's,7,-2.59824,79.0,18.7,4432970.0
Daryl Banks III,Saint Peter's,10,-0.12243,75.0,20.8,4593386.0
Eman Sertovic,Tennessee Martin,17,-6.43534,77.0,14.9,4593706.0
Dylan Disu,Vanderbilt,2,5.7488,81.0,23.1,4432866.0
Vonnie Patterson,East Tennessee St.,15,2.68417,76.0,14.8,4593664.0
Jonas Visser,San Francisco,15,-4.17679,82.0,14.2,4593800.0
Scotty Pippen Jr.,Vanderbilt,9,6.09302,73.0,35.1,4431785.0
Volodymyr Markovetskyy,Washington St.,13,2.65883,85.0,12.4,4592672.0
Mykel Derring,Merrimack,14,-2.13067,74.0,14.7,4594254.0
Mikey Watkins,Merrimack,9,-2.3285,71.0,22.8,4594256.0
Devin Jensen,Merrimack,17,-0.326235,77.0,12.7,4594261.0
Kareem Reid,Gardner Webb,0,0.220166,81.0,19.0,4592662.0
Jared Coleman-Jones,Middle Tennessee,7,-7.89032,82.0,20.8,4702730.0
Miguel Ayesa,William & Mary,17,-6.55986,77.0,16.2,4592988.0
Blondeau Tchoukuiengo,New Hampshire,5,-2.45043,74.0,18.4,4593989.0
Kyle Rode,Liberty,12,4.95333,79.0,17.2,4592272.0
Shiloh Robinson,Liberty,15,-1.37739,79.0,16.7,4592271.0
Ludgy Debaut,East Carolina,16,0.727492,84.0,12.0,4592970.0
Andrei Savrasov,Georgia Southern,3,1.25594,79.0,14.6,4433073.0
Russel Tchewa,South Florida,16,-5.16541,84.0,18.3,4432888.0
Terrence Shannon Jr.,Texas Tech,11,4.8651,78.0,23.7,4432847.0
Clarence Nadolny,Texas Tech,17,-0.249049,75.0,13.3,4431841.0
Tyreek Smith,Texas Tech,0,7.103,79.0,13.7,4431764.0
Donovan Clay,Valparaiso,7,-0.271698,79.0,21.7,4592730.0
Nathan Scott,Northern Illinois,3,-2.33953,80.0,17.7,4595437.0
Maleeck Harden-Hayes,North Dakota St.,15,-0.196495,79.0,17.7,4431974.0
Travis Evee,Rice,1,-0.9793,73.0,21.3,4593712.0
Austin Johnson,UC Irvine,16,-2.23264,81.0,19.3,4592959.0
Noah Waterman,Detroit Mercy,12,2.36861,83.0,16.6,4593355.0
Justin Hohn,UC Irvine,5,-2.96988,73.0,21.4,4433009.0
Jeron Artest,UC Irvine,4,-0.869192,75.0,13.3,4592960.0
Brenton Mills,Binghamton,1,-4.02866,75.0,24.4,4592891.0
Shakem Johnson,Tennessee St.,8,0.159277,79.0,20.7,4593726.0
Hakon Hjalmarsson,Binghamton,1,-3.86593,75.0,18.0,4592890.0
Julian Champagnie,St. John's,3,4.91972,80.0,25.9,4592479.0
Amorey Womack,Tennessee St.,10,-6.59335,73.0,18.5,4432148.0
Yvan Ouedraogo,Nebraska,16,0.865647,81.0,15.2,4592706.0
Carson Cary,Lipscomb,12,-5.16338,74.0,12.7,4432953.0
Josh Oduro,George Mason,8,2.38469,81.0,23.0,4432068.0
Marcus Sasser,Houston,11,5.71069,73.0,20.5,4432107.0
Antonio Gordon,Kansas St.,7,1.93549,81.0,16.9,4431972.0
Alejandro Vasquez,St. Bonaventure,10,-2.32784,75.0,20.7,4592489.0
Tre Gomillion,Cleveland St.,3,0.839751,76.0,21.5,4592883.0
Rayquan Evans,Florida St.,5,1.19555,76.0,16.7,4592190.0
Miles Brown,Ohio,14,1.62545,73.0,13.5,4593449.0
Rafael Cruz Jr.,Western Michigan,5,-4.18321,73.0,21.4,4593453.0
Greg Outlaw,Central Connecticut,3,-4.24643,76.0,24.0,4593242.0
Myles Baker,Central Connecticut,1,-7.79051,75.0,26.9,4593244.0
Kirk Parker,Southern,16,-5.69515,79.0,13.7,4594117.0
Lamarcus Lee,Southern,6,0.607017,74.0,16.5,4594114.0
Malik Curry,Old Dominion,9,2.58192,73.0,27.3,4592874.0
JaVonni Bickham,Denver,8,-3.32904,78.0,18.0,4593704.0
Mark Freeman,Tennessee St.,9,-0.501926,70.0,28.7,4432988.0
Samari Curtis,Evansville,11,-3.88846,76.0,25.2,4431792.0
Dru Kuxhausen,McNeese St.,14,-3.45196,72.0,16.2,4593774.0
Cedric Henderson Jr.,Campbell,3,-0.78584,78.0,24.8,4592657.0
Quirin Emanga,Northeastern,12,-0.687382,77.0,9.8,4592982.0
Kevin Cross,Tulane,7,-1.42645,80.0,22.2,4592703.0
T.J. Weeks,Massachusetts,3,-0.0257366,76.0,25.7,4433108.0
Sean East II,Bradley,1,0.719421,75.0,20.9,4592453.0
David Sloan,East Tennessee St.,9,-1.25241,74.0,25.2,4592212.0
Tre Mitchell,Massachusetts,2,6.24492,81.0,25.9,4432840.0
Tyler Burton,Richmond,3,1.68155,79.0,18.9,4431914.0
Michael Moreno,Eastern Kentucky,12,3.72012,79.0,15.2,4431810.0
Damian Dunn,Temple,7,-2.59559,77.0,31.4,4431946.0
Josh Pierre-Louis,UC Santa Barbara,6,5.0016,76.0,22.3,4431795.0
Curt Lewis,Eastern Kentucky,6,2.05362,77.0,19.9,4593474.0
Tariq Balogun,Eastern Kentucky,0,-2.35663,82.0,13.7,4593475.0
Tomas Woldetensae,Virginia,14,3.62642,77.0,18.4,4592412.0
Brayden Parker,Idaho St.,8,0.751904,80.0,22.7,4592600.0
Greg Gantt,Providence,17,2.96489,80.0,13.0,4431711.0
Isiaih Mosley,Missouri St.,11,2.44364,77.0,30.0,4432879.0
Isaiah Hill,Fresno St.,5,0.719983,72.0,20.8,4593830.0
Alex Morales,Wagner,9,2.61279,78.0,28.7,4593034.0
Symir Torrence,Marquette,5,-2.34461,75.0,15.8,4431696.0
Brian Taylor,Illinois Chicago,17,-4.65321,78.0,13.7,4593256.0
Rodrick McCobb,Northern Colorado,4,-6.82672,77.0,10.7,4592626.0
Shawn Stith,Cal St. Bakersfield,7,-3.75276,80.0,23.2,4594131.0
Ronne Readus,Cal St. Bakersfield,8,0.823104,81.0,15.8,4594129.0
Deonte Billups,Purdue Fort Wayne,17,-4.1104,76.0,18.5,4593718.0
Antonio Reeves,Illinois St.,1,-3.16584,77.0,22.8,4592686.0
Rylan Jones,Utah,5,2.79565,72.0,14.1,4431751.0
Jeremiah Davenport,Cincinnati,12,3.0155,79.0,19.2,4592898.0
Zach Harvey,Cincinnati,12,-0.618083,77.0,16.7,4592899.0
Tavin Pierre Philippe,Stony Brook,4,-6.02568,75.0,12.5,4592936.0
Russell Dean,Hampton,5,-4.93399,76.0,22.3,4592665.0
Davion Warren,Hampton,9,1.23456,78.0,33.1,4592666.0
Tyler Millin,Middle Tennessee,10,-5.87039,79.0,19.8,4592866.0
DJ Rodman,Washington St.,14,3.6839,78.0,13.6,4432103.0
Orlando Robinson,Fresno St.,2,2.81655,84.0,27.6,4593049.0
Lamar Wright,SIU Edwardsville,0,1.14185,79.0,15.8,4593691.0
Jesus Carralero,Campbell,9,-2.59108,80.0,27.0,4592654.0
Jae'Lyn Withers,Louisville,2,4.39329,80.0,19.5,4431740.0
Kalib Boone,Oklahoma St.,0,7.3077,81.0,21.3,4432854.0
Rob Perry,Stetson,1,-2.31304,76.0,25.3,4592297.0
Keylan Boone,Oklahoma St.,3,3.24384,80.0,16.7,4431901.0
Avery Anderson III,Oklahoma St.,6,3.61482,75.0,20.4,4432851.0
Omari Moore,San Jose St.,6,0.813186,78.0,17.2,4593095.0
Marcus Larsson,Incarnate Word,8,-5.34798,83.0,20.2,4593760.0
Blake Lampman,Oakland,10,-5.60167,75.0,14.0,4593343.0
Kevin Kangu,Oakland,10,-3.4697,76.0,14.7,4593344.0
Jason Thompson,Houston Christian,17,-7.01084,79.0,12.6,4593751.0
Daniel Oladapo,Oakland,8,-0.48252,79.0,20.8,4593340.0
CJ Gettelfinger,Tennessee Tech,5,-7.04296,76.0,14.3,4593346.0
Trendon Watford,LSU,2,4.85377,81.0,24.9,4431675.0
Dimon Carrigan,FIU,0,6.55449,81.0,18.5,4592849.0
Isaiah Thompson,Purdue,14,2.20433,73.0,11.7,4431749.0
Parker Dortch,Loyola Marymount,17,-2.69406,79.0,11.2,4593770.0
Sean Conway,VMI,14,0.162632,77.0,15.5,4593716.0
Jordyn Adams,Austin Peay,5,-3.95176,75.0,21.7,4432903.0
Zyon Pullin,UC Riverside,9,2.98166,76.0,22.3,4592979.0
Issa Samake,Drake,13,2.90819,80.0,12.1,4592681.0
Cameron Johnson,Stephen F. Austin,3,-0.471887,76.0,20.8,4594153.0
Calvin Solomon,Stephen F. Austin,15,2.80101,79.0,18.4,4594155.0
Charlie Daniels,Stephen F. Austin,8,-1.73254,81.0,19.1,4594154.0
Nate Ferguson,Drake,13,0.594959,80.0,14.0,4432981.0
Joseph Yesufu,Drake,11,1.60833,72.0,26.1,4431856.0
Jordan Minor,Merrimack,8,-2.41696,80.0,28.4,4594263.0
Ziggy Reid,Merrimack,3,-1.86402,78.0,21.8,4594264.0
Jordan McKoy,Merrimack,17,-4.3839,77.0,11.1,4594265.0
Justin Connolly,Merrimack,0,1.24344,79.0,15.2,4594266.0
Christian Koloko,Arizona,0,6.92625,85.0,16.8,4431778.0
Keyshaun Langley,UNC Greensboro,1,0.819269,73.0,21.3,4431864.0
James Glisson III,Mercer,12,1.55579,78.0,15.9,4593676.0
Chase Johnston,Stetson,11,0.77631,74.0,20.0,4612709.0
Kamar Robertson,Mercer,17,-1.61318,74.0,15.0,4593674.0
Donta Scott,Maryland,2,7.45988,79.0,19.1,4432852.0
Babatunde Akingbola,Auburn,16,2.62444,82.0,12.3,4431873.0
Makhel Mitchell,Rhode Island,0,1.21865,82.0,25.1,4431777.0
Devan Cambridge,Auburn,17,0.730279,78.0,18.0,4567588.0
Dardan Kapiti,Florida Atlantic,16,-1.79766,82.0,19.1,4432013.0
Jonathan Nunez,FIU,10,-3.17057,71.0,10.4,4592853.0
Kyle Sturdivant,Georgia Tech,1,-3.17006,74.0,17.3,4431774.0
Isaiah Mobley,USC,2,6.88908,82.0,19.8,4432815.0
Dearon Tucker,Oregon St.,13,2.51095,82.0,14.7,4431844.0
Jarod Lucas,Oregon St.,10,3.36745,75.0,19.8,4431765.0
Roman Silva,Oregon St.,13,3.75965,85.0,17.0,4592414.0
Gianni Hunt,Oregon St.,5,0.613018,75.0,18.0,4431815.0
Sean Miller-Moore,Grand Canyon,7,0.132211,76.0,16.1,4592413.0
Jayvis Harvey,James Madison,4,-5.76459,75.0,12.2,4431985.0
Chico Carter Jr.,Murray St.,11,-0.202818,74.0,24.2,4593683.0
Tyrese Samuel,Seton Hall,15,3.08078,82.0,16.0,4432105.0
Connor Withers,UMass Lowell,3,1.31982,79.0,18.9,4592914.0
Aaron Deloney,Vermont,4,-9.50397,72.0,18.7,4431940.0
Noah Kamba,Saint Peter's,4,-7.67758,74.0,15.0,4432006.0
Maddox Daniels,Colorado,14,4.92509,78.0,15.0,4592397.0
Jake van der Heijden,Bucknell,10,-3.6126,81.0,15.2,4593081.0
Paul Mulcahy,Rutgers,15,3.6496,78.0,13.8,4432849.0
Jovan Blacksher Jr.,Grand Canyon,9,4.12375,71.0,22.8,4431826.0
Nick MacDonald,Niagara,10,-4.56147,77.0,13.5,4593358.0
Brandon Battle,Alabama St.,8,-7.59611,80.0,26.1,4594022.0
Kelton Edwards,Grambling St.,7,-7.2275,78.0,20.0,4594072.0
Terreon Randolph,Grambling St.,16,0.0460674,80.0,15.4,4594073.0
Caleb Hunter,Mississippi Valley St.,5,-7.7321,71.0,25.2,4594088.0
Trevell Cunningham,Grambling St.,5,-2.30307,72.0,21.5,4594069.0
Zahad Munford,Grambling St.,10,-4.11769,75.0,16.5,4594070.0
Tra'Michael Moton,Grambling St.,5,-2.9962,73.0,18.7,4594071.0
Cameron Brown,Saint Joseph's,17,0.236109,77.0,16.2,4592476.0
Hyunjung Lee,Davidson,12,6.0215,79.0,21.0,4592308.0
Miles Miller,Lipscomb,4,-7.98017,74.0,14.8,4592276.0
Elijah Pepper,UC Davis,6,1.60342,76.0,21.7,4432077.0
Jordan Rawls,Western Kentucky,1,-1.16193,73.0,20.7,4593292.0
Tristan Green,Denver,7,-5.46858,81.0,16.4,4593703.0
John Tonje,Colorado St.,3,-0.0375155,77.0,18.1,4593043.0
Rudy Fitzgibbons III,The Citadel,1,-4.46813,72.0,21.0,4593470.0
Antwon Jackson,Arkansas St.,7,-2.82067,79.0,13.1,4432004.0
Fletcher Abee,The Citadel,14,-0.272128,75.0,16.0,4432931.0
Roscoe Eastmond,Denver,5,-5.61657,69.0,17.8,4593700.0
Mo Arnold,Jacksonville,5,-4.3419,74.0,17.9,4592260.0
Caleb Grill,UNLV,14,1.34098,75.0,15.4,4431973.0
Trey Sides,Jacksonville,17,-1.43362,73.0,11.9,4592259.0
Kamari Williams,Boston College,17,-3.64157,79.0,13.3,4592182.0
Jamil Riggins,Quinnipiac,7,-8.57679,78.0,20.7,4432089.0
Brendan McGuire,Quinnipiac,5,-1.92172,79.0,18.5,4433042.0
Morgan Safford,Wofford,17,-1.62557,77.0,19.1,4593739.0
Ty Chisom,South Dakota,7,-4.29696,76.0,20.3,4593834.0
RaeQuan Battle,Washington,4,-5.36938,77.0,21.2,4431726.0
Thatcher Stone,William & Mary,7,-4.68876,78.0,13.3,4592989.0
Xavier Cork,Western Carolina,13,2.42682,81.0,22.8,4593722.0
D.J. Johnson,Rhode Island,12,2.18624,79.0,13.0,4592462.0
Isaiah Ihnen,Minnesota,17,3.15617,81.0,12.9,4592702.0
Malcolm Dandridge,Memphis,16,2.82894,81.0,19.3,4431738.0
Ja'Vary Christmas,Idaho,5,-5.56758,75.0,20.9,4592587.0
Lester Quinones,Memphis,3,5.95887,77.0,17.5,4431720.0
Japannah Kellogg III,Green Bay,8,-2.90487,80.0,14.9,4592887.0
Cobie Barnes,Indiana St.,7,-3.30841,78.0,17.7,4592688.0
Lucas Stieber,Green Bay,17,-0.260375,75.0,11.6,4592889.0
Keegan Records,Colgate,13,3.14426,82.0,18.9,4593089.0
Tevin Brewer,FIU,1,-2.45868,68.0,18.8,4592852.0
Quinten Post,Mississippi St.,15,2.53941,84.0,20.8,4593016.0
Tyson Jackson,Middle Tennessee,16,-5.9612,81.0,15.0,4431818.0
Golden Dike,Loyola MD,16,-2.15478,82.0,20.7,4593122.0
Iverson Molinar,Mississippi St.,11,2.73773,75.0,24.2,4432885.0
Devin Butts,Louisiana,10,-3.55491,78.0,19.4,4432952.0
Mohamed Camara,Morgan St.,4,-6.44758,77.0,13.1,4704049.0
Quincy Olivari,Rice,14,-2.79217,74.0,25.8,4432070.0
Jan Zidek,Pepperdine,12,-0.0473044,81.0,19.7,4593792.0
Imajae Dodd,UNC Wilmington,16,-2.16154,78.0,12.7,4431947.0
Jake Boggs,UNC Wilmington,14,-0.81817,79.0,16.8,4431899.0
Sedrick Altman,Pepperdine,17,1.38373,74.0,15.8,4432935.0
Owen McCormack,Presbyterian,12,-0.0135479,81.0,16.0,4592758.0
Tommy Bruner,USC Upstate,1,-3.86305,73.0,27.5,4592767.0
Wilfried Likayi,New Mexico St.,12,0.484679,81.0,17.0,4593814.0
Khydarius Smith,USC Upstate,13,-4.67135,80.0,16.0,4433079.0
Damari Monsanto,East Tennessee St.,3,1.59112,78.0,21.6,4432916.0
Garrick Green,Coastal Carolina,17,-0.393518,78.0,18.6,4593880.0
Keishawn Brewton,Buffalo,10,-2.67822,74.0,18.5,4593881.0
Tristen Newton,East Carolina,5,0.73247,77.0,19.2,4592965.0
Brandon Suggs,East Carolina,6,0.866424,78.0,22.5,4592966.0
Wendell Moore Jr.,Duke,6,3.0234,77.0,20.9,4592187.0
Ben Hendriks,Ball St.,13,-1.5245,82.0,14.0,4593398.0
Nick Johnson,New Hampshire,7,-3.08279,76.0,19.8,4593988.0
Trevin Dorius,Utah St.,0,4.79754,84.0,18.8,4066764.0
Jacob Groves,Eastern Washington,12,1.54289,79.0,19.1,4592583.0
Oscar Tshiebwe,West Virginia,8,4.17565,81.0,22.9,4432827.0
B. Artis White,Western Michigan,11,2.36389,72.0,23.9,4432137.0
Sean McNeil,West Virginia,14,3.36811,75.0,16.9,4592306.0
Miles McBride,West Virginia,9,9.09572,74.0,23.0,4431823.0
J'Wan Roberts,Houston,0,6.55632,79.0,11.1,4433068.0
D.J. Jeffries,Memphis,6,4.18848,79.0,21.6,4431682.0
Jake Kyman,UCLA,14,1.76885,78.0,16.1,4432876.0
Harry Morrice,North Carolina A&T,15,-5.17532,83.0,17.5,4593415.0
Russell Jones Jr.,Winthrop,5,1.83664,68.0,19.7,4592771.0
Jamal King,Winthrop,17,0.53657,77.0,17.8,4431861.0
Marko Lukic,Little Rock,14,-1.81575,79.0,19.1,4432042.0
Ralph Agee,San Jose St.,8,-4.58629,80.0,22.1,4074930.0
Kenan Sarvan,Coppin St.,17,-6.38897,82.0,16.7,4593001.0
Isaiah Lewis,Northern Arizona,7,-5.42563,78.0,17.8,4592625.0
Trever Irish,Long Beach St.,16,-2.16196,84.0,17.6,4592944.0
Jordan Brinson,Utah Valley,5,-4.4985,75.0,19.4,4432899.0
Hason Ward,VCU,0,8.67018,81.0,16.1,4592495.0
John-Michael Wright,High Point,9,4.06795,73.0,31.3,4592741.0
Brenden Tucker,Charleston,1,-5.08349,75.0,24.3,4597990.0
Trevon Reddish,Presbyterian,5,-4.53849,76.0,21.7,4597991.0
Dan Petcash,Binghamton,3,-0.928554,76.0,15.2,4592893.0
Justin Moore,Villanova,11,4.36274,76.0,21.1,4592491.0
Dane Quest,Tennessee Tech,7,-4.96568,78.0,14.5,4593731.0
C.J. Walker,UCF,0,3.56966,80.0,17.6,4592403.0
Chandler Lawson,Oregon,15,2.23674,80.0,14.4,4431721.0
Boo Buie,Northwestern,1,0.322831,74.0,24.2,4592712.0
Christian Ray,La Salle,15,2.28231,78.0,17.4,4592448.0
Noah Carter,Northern Iowa,12,1.75191,78.0,18.9,4431923.0
Romar Reid,Manhattan,10,-5.24365,74.0,11.3,4593324.0
James Betz,Northern Iowa,17,-2.23067,78.0,21.0,4431904.0
Cyrus Largie,Florida Gulf Coast,3,0.166369,75.0,20.4,4592249.0
Tre Williams,Indiana St.,15,1.71826,79.0,18.4,4432147.0
Jelly Walker,Tulane,9,0.678902,71.0,24.3,4396656.0
Keith Clemons,Loyola Chicago,11,3.60567,73.0,16.0,4592695.0
EJ Bellinger,Belmont,3,0.483732,76.0,20.2,4593461.0
Avery Felts,Arkansas St.,12,-0.558655,74.0,14.7,4431959.0
Xaiver Armstead,Louisiana Tech,10,2.06325,77.0,16.5,4592856.0
Malcolm Farrington,Arkansas St.,14,-1.36651,75.0,17.6,4431957.0
Majesty Brandon,Canisius,11,-0.0783699,72.0,25.0,4593150.0
Joe Pridgen,UNC Wilmington,15,1.33065,77.0,18.7,4432092.0
DeMierre Black,Purdue Fort Wayne,5,-7.76941,72.0,17.7,4593719.0
Vito Cubrilo,Northeastern,4,-7.36489,76.0,18.7,4592981.0
Isaiah Powell,Vermont,12,0.549723,78.0,15.0,4592945.0
Jubrile Belo,Montana St.,13,2.61566,81.0,26.3,4592617.0
Tyson Walker,Northeastern,9,4.6099,72.0,31.4,4432129.0
Dakota Rivers,Florida Gulf Coast,0,1.60458,80.0,19.7,4592248.0
Quincy Guerrier,Syracuse,2,4.19913,79.0,20.0,4432996.0
Joseph Girard III,Syracuse,1,1.55566,73.0,22.2,4431746.0
Franck Kamgain,UMKC,10,-2.70401,74.0,15.7,4593966.0
Chase Adams,Portland,5,-6.57749,67.0,23.0,4431839.0
Jaren Holmes,St. Bonaventure,3,2.25736,76.0,22.8,4701016.0
Zion Williams,UMKC,6,-0.183483,76.0,18.0,4593965.0
Max Abmas,Oral Roberts,11,4.93562,73.0,28.9,4432932.0
Jonathan Jackson Jr.,Tarleton St.,5,-5.78989,78.0,26.2,4594106.0
Arne Morris,Alcorn St.,17,-5.81106,75.0,14.2,4594038.0
Tre Armstrong,Cal Baptist,14,-1.28649,77.0,18.5,4593806.0
Reed Nottage,Cal Baptist,14,-1.23085,78.0,19.9,4593807.0
Tyson Etienne,Wichita St.,1,5.2806,74.0,22.5,4432887.0
Darin Green Jr.,UCF,14,1.66166,76.0,17.8,4593839.0
Harwin Francois,McNeese St.,12,-4.57713,76.0,15.9,4592723.0
T.J. Bickerstaff,Drexel,3,0.753474,81.0,23.0,4592778.0
Mate Okros,Drexel,14,0.532281,78.0,13.6,4592777.0
Hunter McIntosh,Elon,1,0.21656,74.0,25.9,4592948.0
Gabe Quinnett,Idaho,14,-5.23508,76.0,17.7,4592592.0
Patrick McCaffery,Iowa,3,4.85816,81.0,17.9,4432836.0
DeWayne Cox,Prairie View A&M,6,1.5497,74.0,15.6,4594100.0
Essam Mostafa,Coastal Carolina,15,-0.528841,81.0,22.6,4433052.0
Jalen Hawkins,Norfolk St.,1,-1.81148,74.0,27.7,4593134.0
Mikael Jantunen,Utah,12,5.49631,80.0,15.0,4432000.0
Alfonso Plummer,Utah,14,2.42635,73.0,22.5,4592434.0
Branden Carlson,Utah,2,4.89146,84.0,19.0,4592435.0
D.J. Carton,Marquette,9,3.73988,74.0,24.9,4432820.0
Eric Coleman Jr.,High Point,7,-5.71742,80.0,17.7,4592745.0
Eric Dixon,Villanova,8,1.24424,80.0,22.1,4431718.0
Enrique Freeman,Akron,13,4.08403,79.0,15.2,4592699.0
Ta'lon Cooper,Morehead St.,5,0.709577,76.0,18.0,4432959.0
Grant Sherfield,Nevada,9,5.16569,74.0,28.9,4431794.0
Denijay Harris,Southern Miss,8,-2.70617,79.0,13.8,4593268.0
LJ Bryan,Morehead St.,16,-0.136958,81.0,14.1,4593680.0
Ques Glover,Florida,5,-2.55774,71.0,21.3,4592827.0
"KJ Hunt, Jr.",Morehead St.,5,-2.07461,75.0,20.0,4593678.0
Kwane Marble II,Wyoming,3,0.289932,78.0,22.4,4593129.0
Alec Woodard,Austin Peay,17,0.186046,74.0,14.9,4432150.0
Erik Czumbel,UTSA,10,-1.1073,75.0,9.5,4593285.0
Olivier Nkamhoua,Tennessee,13,2.61246,80.0,15.9,4431832.0
Jordan Skipper-Brown,Eastern Illinois,15,0.592265,78.0,19.3,4593465.0
Christian Wilson,Longwood,7,-3.81029,78.0,17.1,4592750.0
Coryon Mason,Abilene Christian,11,0.152102,72.0,19.3,4593750.0
Deang Deang,Eastern Illinois,17,-4.75134,76.0,17.2,4593467.0
George Dixon,Eastern Illinois,7,-2.53207,77.0,18.0,4593468.0
Keondre Kennedy,UMBC,3,-1.01147,78.0,22.0,4592938.0
Allan Jeanne-Rose,Fairfield,7,-3.85931,79.0,12.3,4593277.0
George Tinsley,Binghamton,17,-0.49373,78.0,17.6,4432126.0
Jordan Hairston,Texas A&M Corpus Chris,4,-6.46227,72.0,25.4,4594138.0
Amadou Sylla,Tennessee Tech,16,-4.63943,80.0,15.9,4593732.0
Joel Brown,California,5,2.65719,74.0,15.5,4431787.0
Jeremiah Robinson-Earl,Villanova,2,7.1838,81.0,24.1,4432813.0
Kenan Blackshear,Florida Atlantic,6,2.56373,78.0,21.4,4592846.0
Kayne Henry,Jacksonville St.,12,2.17176,79.0,16.9,4593671.0
Martin Roub,Jacksonville St.,14,-2.94167,82.0,17.9,4593672.0
Hunter Dean,George Washington,16,2.31512,82.0,11.4,4593273.0
Artur Konontsuk,Southern Miss,7,-5.83058,80.0,19.1,4593271.0
Jay Malone,Southern Miss,5,-9.25143,72.0,17.6,4593272.0
Jaxon Etter,Georgia,12,3.34388,76.0,10.7,4594269.0
Casey Morsell,Virginia,17,-1.40964,75.0,20.3,4431704.0
Ebby Asamoah,Delaware,12,2.95519,76.0,14.2,4597790.0
Harlond Beverly,Miami FL,4,-2.56418,77.0,22.1,4431701.0
Tyler Robertson,Eastern Washington,11,4.28779,78.0,21.2,4592580.0
Kevin Easley Jr.,TCU,17,-0.596443,79.0,14.8,4398159.0
Johnny McCoy,Delaware,6,0.0967201,77.0,12.3,4597788.0
Isaiah Wong,Miami FL,11,3.56394,75.0,24.3,4431727.0
Sammy Hunter,Mississippi,15,2.17099,81.0,16.2,4433011.0
Johnny Juzang,UCLA,11,5.24695,78.0,24.8,4432817.0
Kai Jones,Texas,2,7.83384,83.0,18.2,4431699.0
Shereef Mitchell,Creighton,6,2.28511,72.0,14.4,4432059.0
Nick Stampley,Troy,3,-0.232869,78.0,20.5,4593932.0
Anzac Rissetto,Charlotte,16,-6.37325,82.0,16.7,4592844.0
Joel Soriano,Fordham,8,1.71303,83.0,25.4,4592317.0
DJ Horne,Illinois St.,11,1.80981,73.0,25.7,4431993.0
Christian Braun,Kansas,6,6.2749,78.0,16.3,4431767.0
Tristan Enaruna,Kansas,7,-0.0650986,80.0,19.9,4431734.0
Javin Etzler,Miami OH,14,-2.79602,80.0,16.6,4593443.0
Jalen Wilson,Kansas,3,4.05382,80.0,23.6,4431714.0
Dae Dae Grant,Miami OH,1,1.35014,74.0,24.4,4593444.0
PJ Henry,Hartford,5,-2.06868,70.0,15.6,4431987.0
Kenyon Duling,North Carolina A&T,17,-6.00164,74.0,13.3,4432973.0
Jahcobi Neath,Wake Forest,5,-4.84207,75.0,19.5,4432066.0
Joe Toussaint,Iowa,9,0.106438,72.0,25.5,4432880.0
Kvonn Cramer,Hofstra,15,2.94825,78.0,16.8,4592957.0
Derrick Carter-Hollinger,Montana,7,-4.19509,77.0,17.7,4592605.0
Dischon Thomas,Colorado St.,15,1.27737,81.0,21.0,4593040.0
DQ Nicholas,Southeast Missouri St.,5,-3.66841,73.0,21.4,4593687.0
Broc Finstuen,Pacific,3,3.85537,76.0,19.0,4593788.0
Emmanuel Bandoumel,SMU,14,0.745313,76.0,17.9,4593107.0
Ajang Aguek,Northern Arizona,15,-3.7148,80.0,15.4,4592622.0
Ty Gordon,Nicholls St.,11,-0.064021,73.0,22.2,4599257.0
Jahmir Young,Charlotte,1,1.01954,74.0,27.1,4433133.0
Isiah Kirby,Southeastern Louisiana,11,-2.28234,76.0,15.8,4594144.0
Ahmard Harvey,Coastal Carolina,16,-3.38085,79.0,13.8,4593884.0
Travion McCray,Western Carolina,5,-4.01955,73.0,20.0,4593720.0
Jalen Benjamin,UAB,1,-0.056748,70.0,23.8,4431903.0
Tyler Harris,Western Carolina,17,-1.99986,79.0,16.1,4593721.0
Ahmir Langlais,Western Carolina,16,-8.22665,80.0,18.5,4593724.0
Sam DeVault,Bellarmine,12,-4.94584,82.0,22.0,4432966.0
Marcus Tsohonis,Washington,1,-0.645783,75.0,27.0,4592438.0
Isaiah Palermo,Little Rock,5,-7.58703,77.0,19.4,4431834.0
Pierre Crockrell II,Pacific,9,2.4661,72.0,22.4,4432962.0
Kamdyn Curfman,VMI,14,-0.407144,73.0,15.9,4593713.0
Jalen Johnson,Alabama A&M,8,-0.488037,79.0,27.2,4594013.0
Douglas Wilson,South Dakota St.,8,-0.200386,79.0,32.9,4593842.0
Tory San Antonio,Cal St. Fullerton,11,0.896494,75.0,17.1,4432108.0
Baylor Scheierman,South Dakota St.,11,5.42404,78.0,19.9,4593841.0
RayJ Dennis,Boise St.,11,2.33515,74.0,17.9,4431941.0
Noah Freidel,South Dakota St.,1,0.420223,76.0,25.2,4431956.0
Josiah-Jordan James,Tennessee,6,8.98904,78.0,17.9,4431685.0
Anthony Bratton,UT Rio Grande Valley,13,-7.56999,80.0,20.9,4593821.0
Mahki Morris,Abilene Christian,11,-0.165337,75.0,18.2,4593748.0
Marvin Johnson,Eastern Illinois,9,0.408188,78.0,32.2,4593466.0
Chris Maidoh,Fairfield,8,-1.07988,82.0,20.7,4593276.0
Jamison Overton,Utah Valley,6,0.00531476,78.0,25.9,4593976.0
Airion Simmons,Abilene Christian,6,2.05438,77.0,21.6,4433077.0
Ben Krikke,Valparaiso,3,1.07604,81.0,21.5,4592733.0
Lagio Grantsaan,Morgan St.,15,-0.497132,80.0,17.3,4593392.0
Tanner Holden,Wright St.,2,4.41158,78.0,20.8,4431990.0
Ravel Moody,Tennessee St.,17,-2.55434,78.0,17.7,4593728.0
Collin Warren,McNeese St.,4,-8.03435,76.0,20.0,4593781.0
Jaden Nielsen-Skinner,Portland St.,4,-10.2274,70.0,17.6,4592630.0
Chris Orlina,McNeese St.,15,-0.397996,78.0,17.7,4593779.0
Bryson Langdon,Northern Kentucky,1,-1.80846,69.0,19.2,4593305.0
Chris Harris,Southeast Missouri St.,1,-3.62001,75.0,25.1,4593686.0
Devontae Lane,Central Michigan,5,-2.17926,75.0,18.3,4593410.0
Travon Broadway Jr.,Central Michigan,11,1.68069,77.0,27.0,4597916.0
Davis Steelman,UT Arlington,6,-1.12336,75.0,12.3,4593918.0
Sam Griffin,UT Arlington,1,-1.4442,75.0,25.9,4432994.0
Tre Jones,UT Arlington,16,1.34373,77.0,7.1,4593920.0
Nicolas Elame,UT Arlington,4,-5.74016,75.0,19.3,4593919.0
Kenny Foster,Wyoming,12,0.639978,77.0,16.6,4432984.0
Carlos Paez,Austin Peay,11,-0.767654,70.0,16.5,4433055.0
Sean Bairstow,Utah St.,17,-2.1994,80.0,17.0,4593102.0
Khalid Thomas,Portland St.,6,3.27314,82.0,21.4,4592361.0
Zeb Graham,Presbyterian,4,-9.07897,73.0,13.9,4592756.0
Mason Gillis,Purdue,12,5.09219,78.0,13.5,4431753.0
Dou Gueye,Louisiana,7,-2.11388,81.0,22.3,4593896.0
Mike Peake,Austin Peay,2,3.91121,80.0,18.4,4572450.0
Nick Ongenda,DePaul,0,4.61349,83.0,15.5,4431760.0
Malik Battle,Charleston Southern,10,-6.73694,75.0,13.8,4592660.0
Charlie Easley,South Dakota St.,14,0.891664,74.0,12.8,4592707.0
Cam Mack,Prairie View A&M,9,-0.627404,74.0,22.4,4278336.0
Mattia Acunzo,Toledo,15,1.24719,80.0,18.1,4593451.0
Issac McBride,Vanderbilt,14,0.959279,73.0,18.7,4431769.0
Balsa Koprivica,Florida St.,2,7.53753,85.0,22.0,4432829.0
KJ Johnson,Lipscomb,11,-0.904032,74.0,22.3,4592273.0
Xavier Johnson,George Mason,4,-3.21274,73.0,14.2,4592439.0
Qudus Wahab,Georgetown,13,2.84788,83.0,21.3,4431739.0
Timothy Ighoefe,Georgetown,16,-2.74302,84.0,17.4,4431991.0
Deven Palmer,North Carolina Central,3,-3.78874,76.0,22.9,4600484.0
Braelee Albert,Vanderbilt,10,-0.926352,77.0,8.2,4608788.0
Mike Melvin,North Carolina Central,5,-4.70257,71.0,20.3,4600099.0
Omari Peek-Green,Delaware St.,10,-9.2065,78.0,22.3,4599909.0
Mikal Dawson,Akron,12,2.0506,77.0,14.7,4609661.0
Santiago Vescovi,Tennessee,11,4.36476,75.0,16.8,4609299.0
Tahj-Malik Campbell,Morgan St.,7,-1.57521,77.0,14.4,4610443.0
Chris Moore,Auburn,15,2.3811,78.0,13.2,4433200.0
Nick Ferrarini,Nebraska Omaha,10,-3.39665,77.0,19.8,4702678.0
Nico Galette,Sacred Heart,7,-6.45281,78.0,21.0,4703183.0
Mike Hood,Montana St.,1,-3.48152,74.0,25.4,4702075.0
Fidelis Okereke,Cal St. Northridge,16,-1.69445,78.0,15.7,4702496.0
Mwani Wilkinson,LSU,13,9.04162,77.0,8.7,4567590.0
DJ Davis,UC Irvine,1,-0.609756,72.0,25.0,4702628.0
Jesper Granlund,Longwood,17,-3.51104,78.0,14.5,4702126.0
David Bohm,Northern Kentucky,3,-4.70683,81.0,24.8,4702716.0
Shaft Clark,Delaware St.,7,-8.75843,76.0,18.0,4703997.0
Tyree Corbett,Alcorn St.,3,-4.00641,79.0,20.1,4703126.0
Dylan Addae-Wusu,St. John's,5,0.4926,76.0,19.6,4590361.0
Chris Biekeu,Towson,8,-2.11083,79.0,14.4,4397592.0
Travis Henson,Cal St. Bakersfield,17,-4.42888,78.0,17.1,4702471.0
Noel Brown,George Washington,16,-7.33311,83.0,17.3,4700963.0
Dillon Jones,Weber St.,2,4.45183,78.0,21.3,4702159.0
Ishmael Leggett,Rhode Island,11,0.534014,74.0,18.0,4606837.0
Ryan Claflin,Green Bay,17,-4.23592,78.0,13.3,4702926.0
Quinlan Bennett,Lamar,7,-5.26245,75.0,22.0,4703627.0
Ricardo Wright,Marist,1,-4.42432,76.0,25.0,4703831.0
Hakim Byrd,Marist,1,-1.66028,70.0,21.4,4590396.0
Raheim Sullivan,Marist,5,-3.70874,73.0,23.8,4703830.0
Javon Cooley,Marist,14,-3.07208,77.0,16.5,4703833.0
Keaton Turner,Wofford,1,-7.52945,72.0,18.3,4703884.0
Kelton Talford,Winthrop,8,-0.122337,79.0,20.0,4576140.0
Rayshon Harrison,Presbyterian,1,-1.11032,76.0,27.8,4702195.0
Jeremiah Williams,Temple,9,2.9746,77.0,18.1,4701222.0
Austin Inge,Navy,5,-3.71125,72.0,14.9,4702521.0
Quincy Ademokoya,Temple,12,-1.89047,78.0,15.0,4602022.0
Cameron Woodall,Grambling St.,7,-4.6739,79.0,28.3,4703158.0
Nicholas McMullen,Murray St.,16,-5.39502,80.0,9.7,4703266.0
Rudi Williams,Kansas St.,17,-0.854302,75.0,17.4,4700534.0
Camren Pierce,Cal Poly,5,-4.71699,70.0,20.4,4702351.0
Connor Kochera,William & Mary,3,-1.18061,77.0,21.8,4585606.0
Yuri Covington,William & Mary,5,-8.41079,73.0,24.8,4702871.0
Andre Mulibea,Utah Tech,17,-7.11776,78.0,20.8,4701246.0
Frank Staine,Utah Tech,1,0.0863871,78.0,19.5,4701245.0
Jake Milkereit,William & Mary,4,-8.20247,77.0,17.2,4702870.0
Cameron Gooden,Utah Tech,5,-2.33847,71.0,24.1,4701244.0
"Jonathan Breeland, Jr.",North Alabama,5,-5.67474,75.0,15.7,4700849.0
Myles Hunter,Youngstown St.,14,-4.57489,77.0,15.8,4702989.0
Joe Anderson,Furman,17,-3.76225,72.0,10.7,4703811.0
Tristan da Silva,Colorado,15,2.46626,80.0,16.8,4702382.0
Andre Harris,Duquesne,7,-2.71494,79.0,21.3,4700876.0
Craig Porter Jr.,Wichita St.,5,2.3173,74.0,13.1,4701233.0
Alec Oglesby,Cleveland St.,10,-1.95422,77.0,13.0,4702696.0
Mason Madsen,Cincinnati,17,0.375476,76.0,16.8,4581506.0
Tari Eason,Cincinnati,0,5.11469,80.0,24.4,4433192.0
Jahmyl Telfort,Northeastern,3,-2.06277,79.0,24.0,4702785.0
Malik Muhammad,Central Michigan,16,-2.79735,81.0,13.9,4703561.0
Mike Saunders Jr.,Cincinnati,5,-4.01296,72.0,16.5,4432403.0
Cody Carlson,Weber St.,15,-0.934034,82.0,20.5,4286400.0
Drake Dobbs,Liberty,11,-1.94873,75.0,16.8,4700845.0
Latrell Wrightsell Jr.,Cal St. Fullerton,1,-3.05538,75.0,20.5,4702484.0
Micaiah Abii,Liberty,3,-0.797213,79.0,22.3,4700844.0
Donovan Newby,Milwaukee,11,-0.42401,73.0,13.7,4702932.0
Logan McLaughlin,Abilene Christian,10,-5.11701,73.0,19.1,4703599.0
Jaylen Clark,UCLA,8,2.82514,77.0,16.7,4432247.0
Vasja Pandza,Seattle,10,-6.94482,80.0,18.5,4702010.0
Cade Cunningham,Oklahoma St.,9,6.29176,80.0,28.6,4432166.0
DeMarr Langford Jr.,Boston College,7,-1.22141,77.0,17.6,4433165.0
Seybian Sims,North Dakota,12,0.397492,79.0,13.5,4702664.0
Reyhan Cobb,Grambling St.,7,-7.07763,81.0,23.3,4703161.0
Peyton Taylor,Grambling St.,4,-10.7214,76.0,17.3,4703160.0
Sarion McGee,Grambling St.,15,-4.56144,80.0,22.1,4703163.0
Mohamed Diallo,Stony Brook,7,-5.73621,78.0,23.7,4701164.0
Jarvis Walker,Purdue Fort Wayne,1,-8.05727,74.0,19.5,4702941.0
Jordan Cousin,Alabama St.,17,-6.67402,79.0,17.7,4703118.0
Kasen Harrison,Lamar,9,-1.39421,73.0,23.4,4703629.0
Lincoln Smith,Lamar,7,-8.8545,77.0,21.7,4703630.0
Marco Morency,Louisiana Monroe,17,-2.52693,75.0,20.2,4702091.0
DJ Jackson,Alabama St.,4,-6.67542,74.0,14.7,4712291.0
Caleb Love,North Carolina,5,-0.60289,76.0,25.0,4433144.0
JonDarius Warren,Southeastern Louisiana,5,-4.90687,72.0,13.5,4703694.0
Hayden Curtiss,Portland,16,1.95839,81.0,13.6,4701202.0
Kobey Lam,Denver,10,-6.65157,74.0,25.6,4702682.0
Nijel Pack,Kansas St.,11,4.75009,72.0,20.6,4576062.0
Andre Henry,UC Irvine,5,-0.34132,76.0,14.6,4702629.0
Justice Hill,Murray St.,5,-4.17457,72.0,19.9,4703264.0
Caleb Murphy,South Florida,5,-3.41888,76.0,26.3,4567587.0
Myles Ruth,Monmouth,6,1.79176,72.0,18.3,4703427.0
DeAndre Pinckney,Southern Miss,15,1.05117,80.0,19.3,4703112.0
Kevin Williamson,Coastal Carolina,14,-2.96766,77.0,15.5,4702122.0
Winston Hill,Presbyterian,8,-2.56952,79.0,22.9,4702197.0
Jeremy Robinson,North Carolina A&T,3,-2.79385,77.0,22.0,4704088.0
Detalian Brown,North Alabama,10,-2.71629,75.0,16.9,4700848.0
Will Soucie,North Alabama,16,-6.64866,77.0,18.2,4613134.0
Tahlik Chavez,Iona,10,-2.41806,73.0,21.7,4703010.0
Jamel Melvin,Northern Colorado,13,1.79944,81.0,9.7,4702083.0
Bryce Kennedy,Northern Colorado,12,-2.16674,79.0,10.3,4702085.0
Chad Baker,Duquesne,11,5.47385,79.0,17.1,4700877.0
Deivon Smith,Mississippi St.,5,0.933205,73.0,18.4,4433184.0
Luis Kortright,Quinnipiac,9,0.173945,75.0,27.7,4703435.0
Bol Akot,Quinnipiac,4,-11.3418,74.0,18.0,4703433.0
D'Moi Hodge,Cleveland St.,6,2.86531,76.0,22.4,4702702.0
Abba Lawal,Alabama A&M,16,-1.90385,84.0,11.0,4703105.0
Tymu Chenery,Quinnipiac,17,-2.06801,78.0,19.8,4703434.0
Jayson Woodrich,Cleveland St.,14,-3.41975,79.0,18.2,4702699.0
Yahel Hill,Cleveland St.,5,-5.77497,72.0,17.3,4702698.0
Tyler Moffe,The Citadel,1,-2.77616,73.0,20.8,3948762.0
Josh Bannan,Montana,7,-2.0902,81.0,20.7,4702058.0
Rodrigue Andela,Oregon St.,8,1.33393,80.0,19.2,4702390.0
Anwar Gill,La Salle,5,-4.77625,76.0,21.5,4700969.0
Robby Beasley,Montana,14,0.636473,75.0,20.5,4432435.0
Landis Spivey,Cal St. Fullerton,12,-0.18501,77.0,12.0,4702485.0
Jhamir Brickus,La Salle,11,1.39531,71.0,19.2,4700970.0
Russell Harrison,Louisiana Monroe,7,-3.98706,79.0,26.9,4702096.0
Mike Miles,TCU,1,0.915759,73.0,23.6,4432550.0
Dante Harris,Georgetown,5,1.88326,72.0,18.4,4596531.0
Terell Strickland,James Madison,5,-0.916522,72.0,14.8,4702767.0
Terrence Edwards,James Madison,7,-2.42108,78.0,20.4,4702766.0
Rondel Walker,Oklahoma St.,6,4.36553,76.0,15.3,4433163.0
Matthew-Alexander Moncrieffe,Oklahoma St.,8,1.41502,79.0,22.3,4610395.0
Jabari Walker,Colorado,2,7.32443,80.0,25.4,4432446.0
Tyree Ihenacho,North Dakota,5,-0.0717445,76.0,21.1,4702666.0
Mike Bekelja,Duquesne,4,-1.90224,73.0,8.6,4700874.0
Mitchell Sueker,North Dakota,3,-4.26543,81.0,20.3,4702668.0
Terrance Thompson,Green Bay,17,-4.89064,80.0,14.4,4702929.0
Alex Vargo,Youngstown St.,10,-6.00973,77.0,18.1,4702988.0
Cameron Smith,Cal St. Bakersfield,6,3.16897,79.0,16.0,4702472.0
Jonathan Davis,Wisconsin,6,4.84796,77.0,18.0,nan
Jalen Speer,Florida A&M,11,-3.17971,73.0,20.1,4704015.0
Nate Martin,Texas St.,7,-7.92468,80.0,19.7,4702068.0
Keith Littles,Florida A&M,4,-12.0465,76.0,16.1,4704017.0
LaTrell Tate,Alabama St.,10,-6.19016,72.0,20.5,4703119.0
Clythus Griffith,Portland,1,-6.0045,74.0,20.0,4701197.0
Bryce Thompson,Kansas,10,-3.07247,77.0,17.9,4432200.0
Emmit Taylor III,Idaho St.,15,-2.94661,76.0,12.7,4701580.0
Andrew Carr,Delaware,3,0.265337,81.0,18.8,4702743.0
Bryan Hart,Radford,14,-3.498,73.0,16.8,4702216.0
Trey Galloway,Indiana,17,0.305666,76.0,13.2,4432315.0
Jade Tse,Houston Christian,5,-9.76749,73.0,18.0,4703613.0
Bowen Born,Northern Iowa,1,-0.912697,71.0,19.9,4703913.0
Cyrie Coates Jr.,Texas A&M Corpus Chris,4,-6.62385,78.0,15.2,4703698.0
Donte Powers,Sam Houston St.,6,1.13456,74.0,15.0,4703683.0
Kobe Stewart,Presbyterian,5,-4.60473,78.0,13.6,4702196.0
Nendah Tarke,Coppin St.,6,0.437414,76.0,18.3,4704077.0
"Dwaine Jones, Jr.",Coppin St.,4,-8.81474,77.0,12.9,4704075.0
D'Rell Roberts,Prairie View A&M,1,-2.78474,79.0,24.2,4703188.0
Kendall Munson,Pepperdine,13,0.964273,80.0,17.2,4433229.0
Jevon Tatum,Alabama A&M,5,-5.85783,73.0,23.5,4703103.0
Dailin Smith,Alabama A&M,4,-8.57196,78.0,21.2,4703106.0
London Riley,Alabama A&M,17,-5.31429,75.0,14.7,4703107.0
JoVon McClanahan,Hawaii,5,-4.1827,71.0,16.7,4702504.0
Jalen Leach,Fairfield,17,-2.17632,76.0,18.9,4702945.0
Adama Sanogo,Connecticut,0,3.6945,81.0,22.9,4702023.0
Jordan O'Neal,Alabama St.,16,-3.68586,78.0,16.1,4703116.0
Cheikh Faye,Eastern Kentucky,3,-4.20087,79.0,22.1,4703236.0
Jonathan Aybar,North Florida,15,-2.80172,81.0,21.9,4700854.0
Dawson Garcia,Marquette,3,2.56727,83.0,21.4,4432188.0
Jadyn Parker,North Florida,7,-4.20423,82.0,21.7,4700856.0
PJ Hall,Clemson,8,-0.144226,82.0,19.4,4701225.0
Emmanuel Ansong,Green Bay,15,1.94157,76.0,19.7,4702930.0
Grant Huffman,Davidson,5,-1.73039,75.0,15.1,4432522.0
Abou Ousmane,North Texas,16,-5.20127,82.0,21.8,4702773.0
Michael Jones,Davidson,12,3.47533,77.0,15.5,4396784.0
Dayvion McKnight,Western Kentucky,5,0.604888,73.0,18.7,4574710.0
Vukasin Masic,Hofstra,4,-7.60784,77.0,16.4,4702764.0
Brent Davis,The Citadel,10,-5.81354,75.0,16.9,4703801.0
Dason Youngblood,Utah Tech,4,-5.03167,74.0,15.8,4408084.0
Olivier-Maxence Prosper,Clemson,7,0.0267687,80.0,18.3,4595400.0
Jai Clark,Florida A&M,10,-7.90116,74.0,19.6,4704020.0
Josh Navarro,Fordham,4,-6.23876,70.0,20.5,4592316.0
Nighael Ceaser,Texas St.,8,-0.655152,80.0,23.2,4702071.0
Yame Butler,Fordham,4,-12.5742,77.0,20.1,4700880.0
Graham Ike,Wyoming,8,-3.20636,81.0,25.5,4703396.0
Hugo Clarkin,San Jose St.,13,-1.13686,84.0,7.8,4703347.0
Andre Jackson,Connecticut,6,2.50652,78.0,13.7,4432190.0
Jalen Dalcourt,San Jose St.,10,-5.3598,74.0,23.8,4703343.0
Chance McMillian,Grand Canyon,17,-1.60563,74.0,15.9,4702027.0
RJ Duhart,Appalachian St.,7,-2.65785,81.0,10.8,4702600.0
Jaxson Robinson,Texas A&M,17,-0.609191,79.0,12.7,4702528.0
Hayden Hefner,Texas A&M,10,-1.75627,78.0,10.2,4433279.0
Sardaar Calhoun,Florida St.,14,2.22995,78.0,17.9,4701239.0
Scottie Barnes,Florida St.,9,8.27121,81.0,25.3,4433134.0
Nicquel Blake,UNLV,5,-2.66269,78.0,21.4,4703391.0
Gianmarco Arletti,Delaware,4,-7.31096,78.0,19.4,4702742.0
Pat Suemnick,Robert Morris,16,-3.07703,80.0,15.2,4703002.0
Kam Farris,Robert Morris,14,-1.59957,75.0,15.6,4702996.0
Zool Kueth,Northern Illinois,12,-0.821763,79.0,14.4,4703524.0
Adong Makuoi,Northern Illinois,8,-3.01232,81.0,13.9,4703525.0
Teemu Suokas,Ball St.,4,-5.51452,74.0,14.4,4703075.0
Trayden Williams,Robert Morris,5,-7.47524,71.0,21.4,4703001.0
Enoch Cheeks,Robert Morris,6,-0.867955,75.0,20.8,4703000.0
Freddy Hicks,Tarleton St.,7,-3.50144,78.0,22.4,4705373.0
Devin Askew,Kentucky,5,1.19515,75.0,15.4,4702467.0
Brycen Long,Houston Christian,10,-2.88235,74.0,16.6,4586322.0
Xavier DuSell,Wyoming,12,0.535412,76.0,15.6,4703394.0
Moussa Cisse,Memphis,0,3.16719,82.0,20.9,4701208.0
Za-Ontay Boothman,Houston Christian,1,-7.60536,73.0,24.1,4703614.0
Kalen Williams,New Mexico St.,14,-2.34891,74.0,12.4,4702020.0
Walker Kessler,North Carolina,0,11.2186,85.0,22.8,4433136.0
Le'Tre Darthard,Utah Valley,12,0.825659,76.0,10.8,4702362.0
Nate Pryor,Washington,4,-4.15007,76.0,18.9,4702460.0
Biwali Bayles,Hawaii,1,0.346782,73.0,18.6,4702506.0
Ryan Kalkbrenner,Creighton,0,6.93254,84.0,19.4,4576060.0
Jeremiah Francis III,New Mexico,5,-4.56312,73.0,19.7,4431797.0
Rollie Worster,Utah St.,5,0.89374,75.0,20.7,4701995.0
Darlinstone Dubar,Iowa St.,4,-4.80183,78.0,15.1,4598640.0
Julian Larry,Indiana St.,4,-1.0347,75.0,15.6,4703907.0
Cameron Holden,Tennessee Martin,2,3.92035,77.0,30.8,4703407.0
Mason Archambault,South Dakota,14,1.58222,72.0,12.2,4702648.0
Jaden Walker,Iowa St.,5,-1.92094,77.0,15.6,4433024.0
Collin Moore,Georgia St.,6,0.324441,77.0,16.0,4702110.0
Joshua Primo,Alabama,12,3.49124,78.0,16.9,4702176.0
Cam Bryant,Georgia Southern,17,-4.72376,79.0,20.7,4702115.0
Keon Ellis,Alabama,6,7.98706,78.0,14.9,4702177.0
Eric Reed Jr.,Southeast Missouri St.,14,-0.394832,74.0,16.4,4703377.0
Ryan Rollins,Toledo,3,0.323357,76.0,24.5,4591725.0
"Kenneth Lofton, Jr.",Louisiana Tech,8,4.8101,79.0,29.0,4585610.0
Bryce McBride,Eastern Michigan,1,-1.83651,74.0,21.5,4703077.0
Setric Millner Jr.,Toledo,3,1.03882,78.0,21.0,4703540.0
Toby Okani,Duquesne,6,1.57074,79.0,16.1,4700873.0
Tyson Acuff,Duquesne,1,-1.82675,76.0,16.5,4606831.0
Dezmond McKinney,North Dakota St.,5,-5.04033,72.0,19.5,4702669.0
Kaden Metheny,Bowling Green,1,-0.345935,71.0,18.4,4703572.0
Samaad Hector,Sacramento St.,15,-2.78611,78.0,11.3,4702145.0
David Green,Hofstra,10,-7.21458,79.0,18.3,4702763.0
Cam Young,Bowling Green,7,-0.628116,79.0,16.2,4703573.0
Courtney Carter,SIU Edwardsville,5,-3.56211,73.0,18.4,4703382.0
Yusuf Mohamed,Tennessee St.,7,-7.78319,82.0,23.0,4703419.0
B.J. Greenlee,Florida Atlantic,5,-0.0627853,72.0,18.8,4592701.0
Leo Colimerio,Fresno St.,17,-1.90944,79.0,10.2,4703241.0
Braxton Meah,Fresno St.,13,-1.11495,85.0,15.6,4703242.0
Kyle Harding,Fresno St.,4,-4.2434,75.0,20.3,4703239.0
Jamal Shead,Houston,6,1.18306,73.0,20.6,4432241.0
Josh Christopher,Arizona St.,6,2.53401,77.0,24.3,4432168.0
CJ Huntley,Appalachian St.,7,-1.85363,82.0,14.5,4702602.0
Tramon Mark,Houston,6,2.62029,77.0,22.2,4432243.0
Max Murrell,Stanford,15,2.50312,81.0,15.1,4585601.0
Michael O'Connell,Stanford,6,4.23628,74.0,15.4,4683635.0
Daniel Foster,Nevada,15,-0.874458,78.0,12.6,4702876.0
Robert Ford III,Idaho St.,5,0.850942,72.0,23.7,4701583.0
Jordan Ivy-Curry,UTSA,14,0.68338,74.0,18.5,4703122.0
Davion Bradford,Kansas St.,13,-0.985458,84.0,18.6,4700530.0
Jalen Terry,Oregon,14,1.83981,72.0,14.8,4702387.0
Sharife Cooper,Auburn,9,4.29689,73.0,34.4,4432173.0
Joe Hampton,Long Beach St.,7,-2.48427,80.0,26.9,4702587.0
Jadon Jones,Long Beach St.,12,3.49504,77.0,13.1,4611534.0
Justin Johnson,Southern Miss,7,-1.96936,78.0,18.2,4703110.0
Deanthony Tipler,Coastal Carolina,1,-2.87699,70.0,22.6,4702121.0
Gedi Juozapaitis,Georgia Southern,14,-2.39628,76.0,17.5,4596787.0
Lance Ware,Kentucky,16,0.321302,81.0,14.2,4433152.0
Ty Berry,Northwestern,6,3.73502,75.0,18.0,4702288.0
Chris Greene,Cleveland St.,3,-3.35036,80.0,27.1,4702700.0
Kentrell Garnett,Louisiana,14,-0.328685,73.0,10.8,4702106.0
Judah Brown,Saint Mary's,10,-1.48926,78.0,15.7,4433193.0
Nate Heise,Northern Iowa,17,-0.347867,76.0,13.8,4703912.0
Manny Crump,Sam Houston St.,15,-0.478447,80.0,18.8,4703678.0
Jarren Cook,Sam Houston St.,14,-2.64598,76.0,18.5,4703679.0
Justin Hill,Longwood,9,-1.12852,72.0,25.9,4702127.0
Alex Peterson,Kennesaw St.,8,-3.5338,79.0,17.5,4700839.0
Brandon Stroud,Kennesaw St.,7,-2.729,78.0,18.1,4433177.0
Elton Walker,Austin Peay,16,-3.23426,76.0,15.3,4703214.0
Femi Odukale,Pittsburgh,6,0.266791,77.0,20.4,4701839.0
Lleyton Parker,Utah Tech,4,-4.06878,75.0,10.5,4701247.0
JaDun Michael,Elon,4,-11.8528,77.0,14.9,4602028.0
JT Shumate,Toledo,12,6.09867,79.0,16.1,4703541.0
Jalin Anderson,Loyola Marymount,10,-1.44705,76.0,17.8,4701211.0
E.J. Clark,Alabama St.,5,-5.56176,71.0,17.4,4703117.0
Cem Kirciman,Green Bay,7,-3.23322,80.0,14.7,4702925.0
Michael Matas,SIU Edwardsville,8,-6.7039,80.0,17.6,4703384.0
Josiah Fulcher,Bowling Green,17,-2.44308,75.0,18.5,4703571.0
Fah'Mir Ali,Radford,5,-1.68888,70.0,26.2,4702211.0
Caleb Huffman,Central Michigan,1,-2.93573,76.0,26.8,4703557.0
RJ Glasper,Oral Roberts,1,-2.23024,72.0,19.1,4066245.0
Chris Osten,Arizona St.,13,1.88005,81.0,9.4,4702376.0
Ziaire Williams,Stanford,7,0.160526,80.0,25.8,4433137.0
Marcus Bagley,Arizona St.,3,3.01843,80.0,19.2,4433147.0
William Jeffress Jr.,Pittsburgh,4,-2.26397,79.0,12.2,4701841.0
Courvoisier McCauley,DePaul,17,-3.62368,77.0,15.4,4701557.0
Kobe Elvis,DePaul,5,-1.41212,74.0,17.7,4683135.0
Jalen Suggs,Gonzaga,9,9.32121,76.0,25.3,4432165.0
Myles Wilmoth,Butler,17,-0.276446,81.0,9.1,4433560.0
Chuck Harris,Butler,1,2.27866,74.0,24.6,4701551.0
Evan Mobley,USC,0,12.9968,84.0,23.4,4432158.0
Nick Fleming,Southern Utah,4,-1.55816,73.0,13.8,4702153.0
Kyndall Davis,LIU,6,-0.00606492,77.0,14.8,4703205.0
Will Carius,Western Illinois,14,1.44183,79.0,20.5,4702623.0
Marty Silvera,Saint Peter's,5,-1.52199,72.0,19.5,4703527.0
Erik Talton,Western Illinois,10,-2.53048,73.0,11.4,4702624.0
Bryce Pope,UC San Diego,17,-4.7793,75.0,17.3,4702606.0
Romeao Ferguson,Lipscomb,6,0.193268,77.0,23.2,4609099.0
Alex Huibregste,Wright St.,14,0.133937,75.0,9.6,4702993.0
Eduardo Andre,Nebraska,13,1.67615,82.0,15.1,4702281.0
Lu'Cye Patterson,Missouri St.,4,-4.62774,73.0,17.5,4703979.0
Nelly Junior Joseph,Iona,0,3.86997,81.0,20.8,4703015.0
Lj Cryer,Baylor,14,4.30796,73.0,16.4,4433149.0
Saquan Singleton,New Mexico,7,-0.252626,78.0,22.8,4703252.0
Isaiah Marin,New Mexico,4,-3.57051,77.0,17.6,4703251.0
Shaquan Jules,Radford,13,-4.26987,79.0,23.2,4702215.0
Xavier Lipscomb,Radford,5,-2.79,74.0,17.4,4702218.0
Bobby Harvey,IU Indy,17,-6.00093,75.0,16.4,4702709.0
Dawson Baker,UC Irvine,11,1.92846,75.0,21.4,4702626.0
Demarcus Sharp,Missouri St.,11,1.70644,75.0,16.4,4703973.0
Drake Jeffries,Wyoming,14,1.04451,77.0,14.2,4703397.0
Zed Key,Ohio St.,13,4.8813,80.0,23.3,4432401.0
Cameron Matthews,Mississippi St.,6,3.16256,79.0,13.4,4432394.0
Grant Coleman,Milwaukee,17,-3.35699,79.0,15.1,4702938.0
Justin Lewis,Marquette,7,0.490257,79.0,23.7,4432239.0
Terence Lewis II,North Texas,2,5.22248,79.0,20.7,4702774.0
Jacob Crews,North Florida,10,-6.43441,79.0,20.2,4432515.0
Zac Triplett,Portland,14,-4.81368,77.0,13.1,4701198.0
Gabe O'Neal,Kent St.,8,-4.01216,79.0,17.1,4703555.0
Bryan Griffin,Xavier,0,0.700209,80.0,18.8,4289777.0
Wil Tattersall,UC Riverside,10,0.0964513,78.0,16.5,4702357.0
Desmond Polk,SIU Edwardsville,4,-6.41673,76.0,14.3,4432527.0
Moses Moody,Arkansas,3,5.47923,78.0,21.6,4432171.0
Paris Dawson,Portland St.,10,-2.14959,74.0,18.5,4702138.0
GianCarlo Valdez,Stetson,5,-4.42876,75.0,15.3,4700857.0
Jonathan Komagum,Toledo,16,-1.1213,81.0,9.1,4703542.0
Shamir Bogues,Tarleton St.,6,1.56104,76.0,16.9,4705380.0
Steven Verplancken Jr.,Southern Illinois,14,-2.66659,76.0,15.1,4703924.0
Jabe Mullins,Saint Mary's,10,-0.855738,77.0,15.2,4701181.0
Mitchell Saxen,Saint Mary's,15,2.76409,82.0,18.3,4701182.0
K.J. McClurg,New Hampshire,10,-8.2505,76.0,21.7,4701156.0
Chris Childs,Bryant,14,-1.71344,74.0,20.9,4703139.0
Thomas Howell,Louisiana Monroe,8,-1.88591,80.0,15.1,4702092.0
Mikey Howell,UC San Diego,5,-2.72026,75.0,19.1,4702604.0
Jace Roquemore,UC San Diego,5,-6.03102,77.0,16.7,4702611.0
Toni Rocak,UC San Diego,2,-1.61071,80.0,37.6,4702610.0
Kaden Rasheed,UC San Diego,14,-2.51286,73.0,11.4,4702608.0
Javion May,Sam Houston St.,16,0.925413,74.0,13.7,4703680.0
Jeremiah Oden,Wyoming,3,-2.66176,80.0,17.0,4703399.0
Chris Parker,Liberty,1,-1.067,73.0,22.9,4289550.0
D'Maurian Williams,Gardner Webb,1,-0.0541038,77.0,24.2,4702065.0
"Colin Golson, Jr.",Siena,15,-4.15853,79.0,14.4,4703512.0
Jamaine Mann,Gardner Webb,8,-1.75246,78.0,19.3,4589479.0
Trey Hall,Evansville,10,-8.60993,81.0,19.4,4703893.0
Marques Warrick,Northern Kentucky,11,-0.220787,74.0,23.0,4702714.0
Trey Robinson,Northern Kentucky,7,-3.45441,78.0,21.4,4702713.0
Jordan Sears,Gardner Webb,11,-0.270848,71.0,22.7,4702063.0
Garrett Hien,Furman,13,-2.04344,81.0,15.9,4703810.0
Coleman Stucke,Northeastern,17,-1.95278,79.0,15.5,4589480.0
Jaron Williams,Tennessee Martin,3,-4.77572,78.0,20.4,4703403.0
Johni Broome,Morehead St.,0,3.8917,82.0,26.9,4433569.0
Kasen Jennings,Kennesaw St.,17,-3.93286,75.0,16.5,4700841.0
Jacob Nicolds,Utah Tech,3,-0.868584,77.0,16.0,4408086.0
Nate Lacewell,San Jose St.,4,-8.69437,81.0,17.6,4703350.0
Michael Eads,Appalachian St.,4,-9.22324,76.0,19.4,4702601.0
Sebastian Mendoza,San Jose St.,10,-4.65978,75.0,22.3,4703345.0
Kirshon Thrash,Presbyterian,7,-5.07525,75.0,16.8,4585614.0
Efe Abogidi,Washington St.,2,4.71481,82.0,19.1,4702463.0
Godsgift Ezedinma,Incarnate Word,7,-4.50112,79.0,16.6,4703624.0
Brayan Au,Louisiana,5,-3.95013,76.0,13.6,4702108.0
Javontae Hopkins,Tarleton St.,5,-7.58885,72.0,20.6,4705377.0
R.J. Blakney,Dayton,12,4.82049,78.0,16.3,4700864.0
Malik Wade,Cal Baptist,8,-3.83096,80.0,17.8,4702040.0
Trey Thomas,Vanderbilt,10,-0.344475,71.0,17.4,4702531.0
Kayo Goncalves,South Alabama,14,-1.50817,80.0,15.0,4402692.0
Erickson Bans,Bryant,1,-4.27165,71.0,17.9,4703138.0
Jaron Pierre Jr.,Southern Miss,5,-2.10202,77.0,23.2,4703115.0
Colby Jones,Xavier,6,4.38002,77.0,16.8,4433378.0
Ethan Kilgore,Idaho,7,-5.44898,77.0,19.1,4701575.0
Tanner Christensen,Idaho,15,-3.4128,82.0,18.3,4701576.0
DeAndre Robinson,Idaho,14,-4.77514,76.0,16.3,4701574.0
Malique Jacobs,Kent St.,6,3.32968,76.0,20.9,4703551.0
Mark Sears,Ohio,9,5.42136,73.0,22.6,4703530.0
Jordan Hall,Saint Joseph's,9,2.02278,79.0,22.2,4701031.0
Vince Cole,St. John's,14,0.183625,78.0,18.5,4702008.0
Posh Alexander,St. John's,9,5.02223,72.0,20.5,4433156.0
Aidan Carpenter,Siena,17,-4.20859,77.0,15.8,4703516.0
Jaemyn Brakefield,Duke,17,1.59418,80.0,15.9,4432169.0
Emorie Knox,Charleston Southern,5,-5.63299,72.0,18.9,4590397.0
Matt Cross,Miami FL,12,2.51429,79.0,14.5,4433563.0
Darius Burford,Elon,6,2.79218,72.0,19.4,4702759.0
Keegan Harvey,Charleston,12,1.77493,83.0,18.8,4702741.0
Tristan Ikpe,Sam Houston St.,8,3.29444,78.0,16.8,4703681.0
Michael Graham,Elon,0,4.4724,80.0,28.1,4702761.0
Keshawn Williams,Tulsa,4,-9.48308,75.0,24.8,4602029.0
Jacob Falko,Gardner Webb,6,0.341662,74.0,19.6,4702061.0
Mardrez McBride,North Texas,14,2.129,74.0,15.4,4702770.0
Rubin Jones,North Texas,5,-0.352808,77.0,19.1,4432430.0
Shemar Rathan-Mayes,Youngstown St.,1,-1.88388,71.0,19.4,4702990.0
Boogie Anderson,South Dakota,5,-5.86029,75.0,13.4,4702646.0
Brantly Stevenson,Cal Poly,1,-0.907072,76.0,19.7,4702353.0
Eric Moenkhaus,Denver,14,-3.34532,75.0,14.9,4702688.0
Dontrell McQuarter,Rider,7,-5.46279,79.0,21.7,4705266.0
Steven Ashworth,Utah St.,10,-0.0713473,73.0,18.2,4701991.0
TJ Bamba,Washington St.,5,-0.189144,77.0,17.9,4596365.0
Josh Morgan,Incarnate Word,10,-6.83566,75.0,22.1,4703621.0
Matas Spokas,Sacred Heart,17,-3.28886,79.0,17.7,4703181.0
Samkelo Cele,Southern,6,-0.203535,77.0,22.0,4703202.0
Quest Harris,Sacred Heart,4,-11.5134,71.0,18.2,4703179.0
Mike Sixsmith,Sacred Heart,12,2.195,72.0,12.2,4703178.0
Marcellus Vail,Samford,17,-3.94635,74.0,10.2,4585616.0
A.J. Staton-McCray,Samford,6,-0.58046,77.0,21.2,4703837.0
Matthew Murrell,Mississippi,4,-1.79661,76.0,18.3,4702442.0
Myson Lowe,Alcorn St.,5,-4.32374,70.0,23.6,4703130.0
Malik Hardmon,Alcorn St.,16,-4.37356,78.0,8.8,4703128.0
Joshuwan Johnson,Arkansas Pine Bluff,5,-5.88147,69.0,22.7,4703149.0
Byron Joshua,Alcorn St.,5,-6.78935,70.0,26.8,4703131.0
Jalen Lynn,Arkansas Pine Bluff,1,-5.84516,73.0,17.3,4703147.0
Zach Edey,Purdue,0,4.62085,88.0,28.6,4600663.0
Lydell Elmore,High Point,8,-1.56911,81.0,22.2,4702101.0
Eric Boone,Georgia Southern,9,0.652901,74.0,25.4,4702114.0
Leighton Elliott-Sewell,Stony Brook,8,-3.19466,78.0,12.7,4701162.0
Marcus Fitzgerald Jr.,Tennessee St.,1,-4.42567,74.0,22.1,4703415.0
Petar Krivokapic,FIU,10,-6.84005,76.0,15.3,4702675.0
Javaunte Hawkins,FIU,10,-5.18993,71.0,17.4,4702674.0
K.D. Johnson,Georgia,6,2.20022,73.0,28.3,4432363.0
Anthony Mason,FIU,0,-3.5216,82.0,18.3,4702676.0
DJ Mitchell,FIU,1,-5.03009,76.0,23.0,4702673.0
Hunter-Jack Madden,Idaho,4,-5.97693,73.0,19.2,4701572.0
Demetric Horton,Purdue Fort Wayne,11,-1.46022,77.0,22.8,4702944.0
Quentin Jones,North Carolina A&T,17,-3.47403,80.0,20.0,4287197.0
Tanner Mans,VMI,10,-6.40928,78.0,10.8,4703870.0
Tarojae Brake,Saint Peter's,10,-5.29015,75.0,14.5,4703528.0
Kam Woods,Troy,1,-4.46759,73.0,24.0,4702046.0
Jackson Threadgill,Charlotte,17,-4.52385,78.0,11.1,4702738.0
Zach Anderson,Florida Gulf Coast,7,-4.18049,79.0,13.6,4700870.0
Nate Johnson,Southeast Missouri St.,16,-4.21352,81.0,18.9,4703378.0
Jamel Horton,Albany,1,-0.395929,76.0,19.9,4700941.0
Cole LaRue,Kennesaw St.,7,-3.67587,81.0,18.6,4700838.0
Juston Betz,Bellarmine,6,0.861542,75.0,10.7,4700822.0
JT Thor,Auburn,2,3.72912,82.0,19.7,4702233.0
Anthony Leal,Indiana,17,2.31798,77.0,11.1,4574701.0
Adam Miller,Illinois,14,3.84163,75.0,15.6,4432175.0
C.J. Roberts,New Mexico St.,1,-2.59135,73.0,21.7,4702019.0
Kedrian Johnson,West Virginia,5,2.51384,75.0,12.3,4279756.0
Clifford Omoruyi,Rutgers,15,2.11671,83.0,12.4,4433155.0
Damani Hayes,South Dakota,8,-1.01623,76.0,10.3,4702651.0
Brandon Whitney,Montana,1,-1.08142,73.0,20.5,4585617.0
Connor Barrett,Valparaiso,12,1.00399,78.0,12.8,4610431.0
Latrell Jones,Portland,3,-1.47286,77.0,21.2,4701200.0
Mark Williams,Duke,0,9.97796,84.0,21.1,4701232.0
Jeremy Roach,Duke,11,1.09981,73.0,18.3,4433135.0
Jalen Johnson,Duke,2,7.16174,81.0,28.8,4701230.0
Reece Beekman,Virginia,6,3.70244,75.0,13.6,4432187.0
Ryan Myers,Iona,1,-2.98361,72.0,18.6,4703009.0
Malik Lawrence-Anderson,UT Rio Grande Valley,7,-2.96054,78.0,17.1,4702006.0
Sam'i Roe,Nebraska Omaha,10,-4.91283,73.0,13.3,4702677.0
Alyn Breed,Providence,17,0.0220883,75.0,15.1,4585590.0
Markise Davis,Arkansas St.,17,-2.12169,80.0,17.7,4702130.0
Keyon Wesley,Arkansas St.,15,-2.70039,81.0,17.0,4702136.0
Caleb London,Arkansas St.,4,-5.09655,76.0,15.8,4702137.0
Koby Brea,Dayton,12,-0.185199,78.0,12.0,4591259.0
Hassan Diarra,Texas A&M,5,-1.92181,74.0,22.6,4433160.0
Drake Muller,Denver,10,-7.9322,76.0,12.6,4702684.0
Jaron Rillie,Samford,12,-1.2551,75.0,14.1,4703836.0
Norchad Omier,Arkansas St.,8,0.881032,79.0,24.1,4702134.0
Simeon Fryer,Texas A&M Corpus Chris,7,-5.03183,77.0,19.6,4703703.0
Lamont Butler,San Diego St.,5,0.999442,74.0,25.0,4433183.0
Jaden Springer,Tennessee,9,4.93376,76.0,26.2,4432164.0
Oliver Hayes-Brown,UC Riverside,16,-0.352517,82.0,19.6,4702356.0
Tai'Reon Joseph,Austin Peay,17,-4.09066,73.0,19.0,4703215.0
Jaden Ivey,Purdue,3,4.63542,76.0,25.5,4433218.0
Ethan Morton,Purdue,4,-3.28823,78.0,10.0,4433151.0
Anthony Blunt,UMass Lowell,17,-2.89934,74.0,14.3,4700954.0
Micah Peavy,Texas Tech,7,2.38725,79.0,19.2,4432185.0
Dylan O'Hearn,NJIT,1,-4.57754,76.0,22.3,4701158.0
Kareem Thompson,Oral Roberts,14,0.71691,78.0,16.5,4702657.0
Sheldon Stevens,Oral Roberts,10,-3.43529,75.0,16.4,4702660.0
Ahamadou Fofana,Canisius,1,-3.19622,73.0,19.0,4702949.0
Siem Uijtendaal,Canisius,10,-3.5522,78.0,15.3,4702950.0
Bryce Monroe,Sam Houston St.,1,-7.32601,71.0,27.5,4703677.0
Xavier Bell,Drexel,1,-3.76277,75.0,20.2,4612161.0
Iyen Enaruna,Evansville,8,-4.9458,81.0,22.7,4703895.0
Kieffer Punter,Troy,10,-6.32432,77.0,15.6,4702044.0
Ja'Quavian Florence,Charleston Southern,7,-8.81832,76.0,26.0,4702026.0
Nick Brennen,Manhattan,4,-7.26499,77.0,12.5,4703175.0
Bryce Beamer,Binghamton,3,-4.11698,78.0,21.2,4701165.0
Devin Tillis,UNLV,15,0.109587,78.0,11.6,4703393.0
Colton Sandage,Western Illinois,1,0.255153,74.0,23.2,4702620.0
Eddie Davis,Portland,1,-3.85215,78.0,21.8,4701201.0
De'Lazarus Keys,Texas A&M Corpus Chris,7,-3.76236,80.0,20.6,4703701.0
Nick Jourdain,Temple,15,4.02792,80.0,12.6,4701221.0
Zach Visentin,Idaho St.,16,-11.879,81.0,21.3,4585870.0
David N'Guessan,Virginia Tech,8,1.30722,81.0,16.5,4701984.0
Eric Gaines,LSU,4,0.505607,74.0,17.7,4682883.0
Dante Maddox Jr.,Cal St. Fullerton,11,-0.517115,74.0,22.0,4702487.0
Nikola Zizic,South Dakota,16,-0.982409,83.0,21.1,4702652.0
Darius Lee,Houston Christian,6,-2.62462,78.0,25.7,4703615.0
Henry Abraham,Eastern Illinois,17,-4.41859,72.0,13.6,4703231.0
Carson Towt,Northern Arizona,8,-1.58025,79.0,18.3,4702120.0
Zimi Nwokeji,Dayton,3,-0.347526,79.0,16.9,4618121.0
Bayron Matos,New Mexico,16,-4.02123,81.0,17.4,4612507.0
Dishon Jackson,Washington St.,16,0.539382,82.0,19.4,4432926.0
Josh Smith,Stetson,3,-0.645436,80.0,19.0,4700859.0
Logan Bracamonte,Incarnate Word,14,-4.16601,77.0,17.3,4703622.0
Junior Madut,Hawaii,3,0.0496574,78.0,21.7,4610175.0
David Jones,Sacramento St.,16,2.39557,80.0,9.3,4702148.0
Juan Felix Rodriguez,Stony Brook,1,-1.85854,72.0,24.2,4701163.0
Obinna Anochili-Killen,Marshall,7,-1.73273,80.0,18.7,4432441.0
David Early,Marshall,14,-2.79783,76.0,19.4,4702695.0
Pelle Larsson,Utah,11,2.85747,77.0,19.3,4601025.0
Ian Martinez,Utah,11,5.05234,75.0,16.4,4601026.0
Aidan Prukop,Cal Poly,4,-13.4401,76.0,23.7,4585867.0
Luke Appel,South Dakota St.,8,-4.72275,80.0,28.4,4702644.0
Jeremiah Pope,Rider,10,-5.3597,76.0,17.7,4288898.0
Anthony Thomas,Tennessee Martin,17,-7.20183,79.0,21.6,4703402.0
Dusan Mahorcic,Illinois St.,15,0.263279,82.0,23.5,4703903.0
Marcus Watson Jr.,Western Illinois,4,-9.15422,72.0,20.8,4702622.0
Jaden House,High Point,6,-5.22036,76.0,24.9,4702104.0
Ahmil Flowers,High Point,5,-2.86456,75.0,17.8,4702102.0
Alex Holt,High Point,7,-5.21656,80.0,17.5,4702103.0
Bryson Childress,High Point,14,-3.18745,68.0,11.7,4702100.0
Adam Anhold,Western Illinois,3,-0.75265,80.0,23.6,4702617.0
Andrej Jakimovski,Washington St.,10,1.09846,80.0,15.7,4702466.0
Cam Hayes,N.C. State,5,1.78714,75.0,21.7,4701837.0
Shakeel Moore,N.C. State,6,3.83373,73.0,22.9,4602027.0
A.J. Hoggard,Michigan St.,4,-2.24193,75.0,17.9,4432206.0
Evan Joyner,Tennessee St.,16,-1.04323,80.0,11.0,4703417.0
Jarrett Hensley,UNC Greensboro,17,-2.35502,80.0,15.4,4703828.0
Tyler Kolek,George Mason,11,2.8272,75.0,17.5,4433225.0
Pier-Olivier Racine,Fairleigh Dickinson,15,-0.724621,80.0,14.7,4703145.0
Joe Munden Jr.,Fairleigh Dickinson,7,-2.3341,76.0,18.5,4703144.0
Lincoln Ball,George Washington,4,-3.8053,78.0,9.0,4700962.0
Carter Mahaney,Northern Arizona,4,-6.35803,74.0,10.4,4702117.0
Jared Garcia,Charlotte,3,-4.63852,80.0,24.5,4702740.0
Marques Watson,Manhattan,7,-4.05687,77.0,15.5,4703172.0
Jalen Moore,Oakland,9,0.465391,71.0,28.9,4702724.0
Trey Townsend,Oakland,15,0.553147,78.0,13.8,4702721.0
Micah Parrish,Oakland,15,3.35444,78.0,14.1,4702719.0
Konstantin Dotsenko,Tarleton St.,14,-1.60193,79.0,21.4,4609394.0
Khristian Lander,Indiana,4,-3.93507,74.0,20.1,4702150.0
Sin'Cere McMahon,Western Carolina,10,-5.15897,73.0,17.4,4703879.0
Javonte Johnson,New Mexico,10,-5.05042,78.0,14.1,4683803.0
Barlow Alleruzzo IV,Eastern Illinois,10,-6.36506,81.0,12.9,4703229.0
Jamon Kemp,Southeastern Louisiana,15,-3.37229,78.0,13.8,4703695.0
DJ Steward,Duke,11,4.07097,74.0,21.9,4701231.0
Evan Johnson,Georgia St.,11,-1.80503,72.0,18.8,4702109.0
Cameron Thomas,LSU,11,2.75699,76.0,29.2,4432174.0
"Jamal Mashburn, Jr.",Minnesota,1,-2.51204,74.0,21.2,4432408.0
Hunter Dickinson,Michigan,13,5.6867,85.0,26.7,4432180.0
Vinnie Viana,Tennessee Martin,17,-7.48199,73.0,21.4,4703410.0
Jaden McClanahan,Utah Valley,5,-3.58584,70.0,17.1,4702365.0
Johnell Davis,Florida Atlantic,6,2.59381,75.0,17.2,4702655.0
Gideon George,BYU,3,-0.825058,78.0,23.5,4701218.0
Keegan Murray,Iowa,2,9.16033,80.0,18.0,4594327.0
Jerroda Briscoe,Prairie View A&M,0,3.2012,80.0,10.6,4703191.0
Kellen Tynes,Montana St.,6,0.0523261,75.0,14.5,4702078.0
Jadin Booth,Nebraska Omaha,10,-3.65257,74.0,18.3,4702680.0
Emeka Udenyi,Seattle,8,1.31778,78.0,13.9,4702013.0
Jalen Celestine,California,14,2.31854,78.0,13.9,4598611.0
Zahir Porter,Weber St.,11,-0.497021,78.0,20.8,4405290.0
Osayi Osifo,Florida,8,-0.322342,79.0,14.9,4702251.0
Darius Hannah,Bradley,0,0.00397662,80.0,19.0,4590399.0
Kobe Sanders,Cal Poly,17,-5.43484,78.0,16.5,4702352.0
Dionte Bostick,Murray St.,5,-5.48785,74.0,22.7,4703262.0
Howard Fleming Jr.,Illinois St.,5,-3.32251,77.0,17.5,4703899.0
Dyson Koehler,Cal Poly,7,-7.63858,79.0,16.9,4702350.0
Boden Skunberg,North Dakota St.,17,-4.10226,77.0,11.0,4702671.0
Sam Hines Jr.,Denver,7,-4.28009,78.0,22.3,4702687.0
Derek Fountain,Mississippi St.,15,2.74809,81.0,14.6,4702432.0
Darrion Trammell,Seattle,9,3.67142,70.0,32.8,4702011.0
Jaylin Williams,Arkansas,15,4.44521,82.0,12.9,4432823.0
Myles Stute,Vanderbilt,10,-1.68222,79.0,16.4,4433340.0
Day'Ron Sharpe,North Carolina,8,7.60599,83.0,27.5,4432194.0
Isaiah Jackson,Kentucky,0,9.6041,82.0,21.3,4432170.0
Isiah Dasher,Portland,5,-3.76236,75.0,22.4,4701199.0
Thomas Webley,Hartford,16,-4.89031,82.0,15.2,4702191.0
Davonte Davis,Arkansas,6,2.86749,75.0,19.3,4432197.0
Isaiah Rivera,Colorado St.,17,-1.52475,77.0,15.6,4703224.0
Dre Davis,Louisville,17,2.11578,77.0,16.8,4701318.0
JJ Traynor,Louisville,15,0.755275,80.0,14.9,4596711.0
Justin Brookens,Western Illinois,1,-5.134,69.0,23.1,4702615.0
Jarod Greene,Utah Tech,8,-4.337,81.0,21.4,4701251.0
Hunter Schofield,Utah Tech,3,-1.23895,80.0,24.4,4701250.0
Devontae Blanton,Eastern Kentucky,15,1.48482,78.0,17.4,4703234.0
Tafari Simms,Milwaukee,3,-4.08888,79.0,23.3,4702936.0
Selton Miguel,Kansas St.,5,-1.81263,76.0,20.8,4433187.0
Dom London,Florida Gulf Coast,1,-3.7986,73.0,20.8,4700872.0
Tyler Brelsford,George Washington,10,-2.9734,76.0,14.3,4606833.0
Supreme Cook,Fairfield,8,-6.23098,81.0,24.0,4702946.0
Amound Anderson,Cal St. Northridge,11,-2.15857,75.0,14.0,4702492.0
Jamahri Harvey,UNC Wilmington,10,-5.80124,77.0,18.0,4702775.0
Melvin Edwards Jr.,Charleston Southern,17,-4.53226,78.0,17.2,4702025.0
Duke Miles,Troy,9,-0.822591,74.0,24.4,4702049.0
Clarence Jackson,Wichita St.,6,3.99653,79.0,22.8,4701238.0
Jordan Geronimo,Indiana,15,0.754462,78.0,17.4,4432512.0
Ricky Council IV,Wichita St.,3,-0.567761,78.0,24.4,4701234.0
Max Brooks,UMass Lowell,0,-0.182934,79.0,19.1,4700953.0
Chris Youngblood,Kennesaw St.,17,-1.2939,76.0,19.4,4706557.0
"Lamar Oden, Jr.",Drexel,10,-2.72548,78.0,17.2,4585866.0
La-Quiem Walker,Tennessee Martin,7,-4.10397,81.0,20.1,4703409.0
John Square Jr.,Fairleigh Dickinson,8,-1.82259,78.0,16.7,4703146.0
Wynton Brown,Northern Arizona,16,-4.96467,80.0,16.6,4702119.0
Christian Turner,Troy,7,-4.20316,79.0,14.5,4702052.0
Sam Mennenga,Davidson,7,-2.87594,81.0,19.7,4700862.0
Nicholas Boyd,Florida Atlantic,1,0.276913,75.0,18.7,4702654.0
Wendell Green Jr.,Eastern Kentucky,9,-0.109184,71.0,29.0,4433198.0
Trey Bonham,VMI,11,-0.148349,72.0,18.2,4703868.0
Dwayne Koroma,Iona,16,-3.29437,79.0,15.0,4703011.0
Dylan Branson,Southeast Missouri St.,15,-2.85286,77.0,13.2,4703379.0
Nate Robinson,Seattle,10,-4.9571,76.0,18.1,4702015.0
Bryce Johnson,Sacred Heart,15,-1.22603,78.0,15.2,4703180.0
Grant Nelson,North Dakota St.,15,-0.281732,82.0,18.3,4702670.0
Isaiah Pope,Utah Tech,5,-3.26995,77.0,19.8,4701255.0
Demaree King,Jacksonville St.,14,-0.666703,72.0,14.8,4703244.0
DeAndre Heckard,Stephen F. Austin,4,-8.32134,73.0,21.7,4703690.0
Jayson Kent,Bradley,17,-3.35046,79.0,20.2,4703889.0
Jamal West,South Alabama,16,-1.74242,77.0,13.2,4702081.0
A.J. McGinnis,UNC Greensboro,14,-1.61132,75.0,18.5,4703826.0
JaCobi Wood,Belmont,11,-2.86144,74.0,25.1,4703220.0
Kadary Richmond,Syracuse,6,4.87506,77.0,19.7,4701845.0
Even Brauns,Belmont,8,-2.70565,81.0,19.8,4703219.0
Cameron Sheffield,Rice,14,1.01931,78.0,14.2,4432321.0
Meikkel Murray,Central Michigan,3,-3.21854,78.0,24.8,4703558.0
Anthony D'Avanzo,Southern Illinois,3,1.85604,80.0,21.3,4290401.0
Greg Brown III,Texas,3,0.438483,81.0,25.8,4432161.0
Kendal Coleman,Northwestern St.,8,-2.66107,80.0,21.7,4703671.0
Marcus Hopkins,Tennessee Tech,13,-1.96933,84.0,15.8,4703422.0
Damaria Franklin,Tennessee Tech,3,-3.50557,76.0,25.2,4703420.0
Kerwin Walton,North Carolina,12,4.36761,77.0,15.8,4567079.0
Dwon Odom,Xavier,6,1.58106,73.0,17.2,4432632.0
Edoardo Del Cadia,UNLV,8,-3.0791,79.0,19.0,4703387.0
Tre Coleman,Nevada,12,2.86008,79.0,12.4,4433217.0
Marcus Williams,Wyoming,9,-0.381895,74.0,27.4,4703400.0
Ronald Polite,George Mason,4,-7.01313,74.0,17.0,4567711.0
Jonte Coleman,Tennessee Martin,17,-4.26231,76.0,13.8,4703404.0
Mekhi Gray,NJIT,7,-5.3642,76.0,18.6,4701160.0
Xavier Fuller,South Dakota,12,2.17945,76.0,14.1,4702647.0
Dalton Banks,Southern Illinois,6,0.161965,74.0,16.7,4703921.0
Ramean Hinton,Western Illinois,3,-2.72586,77.0,22.1,4585603.0
Andre Curbelo,Illinois,9,5.59221,73.0,26.4,4432195.0
Kaleb Thornton,Northern Illinois,5,-6.2301,72.0,18.7,4703521.0
Will Pruitt,Lipscomb,17,-3.28615,75.0,15.6,4590356.0
Chinedu Okanu,Northern Illinois,16,-3.5912,79.0,18.1,4703523.0
Marko Andric,Little Rock,5,-5.39121,74.0,16.4,4702597.0
Kamari Brown,Georgia Southern,17,-1.79657,75.0,18.3,4702113.0
Bennedict Mathurin,Arizona,12,6.32757,79.0,18.7,4683634.0
Fredelin De La Cruz,UT Arlington,7,-6.71839,79.0,25.6,4702055.0
Bradley Akhile,Incarnate Word,7,-7.70412,79.0,18.2,4703619.0
Darnell Brodie,Drake,8,0.318397,82.0,19.1,4397121.0
Leon Ayers III,Mercer,11,1.10842,78.0,25.2,4703813.0
Jadrian Tracey,Saint Joseph's,6,-1.53596,77.0,19.3,4701030.0
Keon Johnson,Tennessee,9,1.93997,77.0,27.3,4432192.0
Montre' Gipson,Tarleton St.,11,2.65363,71.0,20.6,4705372.0
Shahada Wells,UT Arlington,9,3.14862,72.0,29.6,4702056.0
Brock Gilbert,Utah Tech,5,-8.19324,70.0,11.1,4701243.0
Emon Washington,Illinois St.,17,-0.596524,78.0,11.8,4703900.0
Rongie Gordon,UAB,15,1.30626,80.0,13.6,4432400.0
Caleb Lohner,BYU,15,4.55317,80.0,16.9,4432208.0
Nana Antwi-Boasiako,Stephen F. Austin,0,2.1326,81.0,12.5,4703693.0
Nick Gazelas,Montana St.,14,-3.57972,76.0,12.8,4702072.0
Noah Taitz,Stanford,17,-2.10099,75.0,15.7,4432398.0
Jay Pal,Jacksonville St.,17,1.57023,81.0,14.5,4703247.0
Jalen Finch,Jacksonville St.,9,0.92766,73.0,19.1,4703243.0
Kevin Osawe,Western Kentucky,3,-1.65707,78.0,15.9,4703072.0
Jacob Ognacevic,Valparaiso,12,-0.741859,80.0,19.1,4703983.0
Sheldon Edwards,Valparaiso,11,0.524688,76.0,22.4,4703982.0
Gediminas Mokseckas,Campbell,12,-0.995751,76.0,15.8,4702004.0
Kobe Williamson,Seattle,7,-0.518395,80.0,13.8,4702017.0
Justin Amadi,James Madison,15,3.71361,79.0,15.0,4702765.0
Brandon Boston Jr.,Kentucky,1,2.93894,79.0,21.4,4432162.0
Daylan Hamilton,Western Michigan,4,-8.29378,75.0,25.6,4703543.0
Pierce Spencer,Nicholls St.,17,-0.263065,75.0,13.3,4703670.0
Jacob Washington,Bowling Green,8,-2.68344,80.0,16.1,4703570.0
Josiah Freeman,Western Michigan,10,-2.78085,76.0,14.4,4703544.0
Isaiah Richards,Louisiana,8,-1.88136,82.0,17.2,4702107.0
James Jordan,Kent St.,10,-2.8744,77.0,15.7,4703556.0
Paris Taylor,Green Bay,16,-6.06423,78.0,15.5,4702927.0
Caden Boser,UMKC,10,1.98549,80.0,12.8,4702638.0
Bakari LaStrap,IU Indy,4,-6.69282,72.0,19.8,4702710.0
Kenny White Jr.,Tennessee Tech,7,-9.65462,79.0,22.9,4703423.0
Carvell Teasett,Northwestern St.,1,-2.72554,73.0,26.0,4703672.0
Austin Harvell,Tennessee Tech,17,-3.85673,78.0,16.6,4432352.0
Jayden Stone,Grand Canyon,10,-2.62698,76.0,16.6,4432196.0
Dalen Terry,Arizona,6,4.68922,79.0,14.1,4433159.0
Azuolas Tubelis,Arizona,2,4.17012,83.0,24.7,4702372.0
Max Klesmit,Wofford,11,1.62859,75.0,17.9,4703885.0
Sam Godwin,Wofford,13,4.17997,81.0,18.0,4703886.0
Kyler Filewich,Southern Illinois,8,-1.26564,81.0,21.6,4703923.0
Luke Kasubke,Kansas St.,4,-2.02039,77.0,11.7,4432443.0
Myles Tate,Butler,5,0.36352,72.0,20.0,4572452.0
Nimari Burnett,Texas Tech,6,4.00905,76.0,20.2,4433138.0
RJ Davis,North Carolina,1,-0.10366,72.0,20.9,4433176.0
Justin Powell,Auburn,9,4.38961,78.0,22.3,4432250.0
Devon Hancock,Milwaukee,17,-3.41415,75.0,15.4,4702933.0
C.J. Wilcher,Xavier,14,0.0711193,77.0,17.1,4432590.0
Dylan Cardwell,Auburn,15,2.52115,83.0,14.6,4433174.0
Alex Merkviladze,Cal St. Northridge,3,-3.87604,81.0,18.3,4702495.0
Atin Wright,Cal St. Northridge,10,-5.70244,73.0,17.8,4702491.0
Jeff Woodward,Colgate,13,7.66402,83.0,24.1,4702503.0
Kyle Jenkins,Lafayette,17,-2.04857,79.0,17.8,4704950.0
Mikeal Brown-Jones,VCU,7,-2.30384,80.0,19.7,4433224.0
Johnny Brown,Florida A&M,17,-0.919142,81.0,17.9,4704021.0
Sam Thomson,Colgate,8,-4.35446,81.0,18.1,4702501.0
Ronnie DeGray III,Massachusetts,15,0.433314,79.0,15.7,4701128.0
Frantisek Barton,Mount St. Mary's,15,-1.96155,79.0,14.9,4703170.0
Adrian Baldwin Jr.,VCU,5,2.6152,72.0,17.9,4433182.0
Deuce Turner,Bucknell,5,-6.25442,74.0,27.2,4702497.0
Josh Reaves,Mount St. Mary's,10,-3.88972,76.0,16.0,4703169.0
Dyondre Dominguez,Massachusetts,17,-3.71692,80.0,17.4,4701126.0
Cairo McCrory,Massachusetts,15,2.20043,77.0,16.2,4701127.0
Andre Screen,Bucknell,0,0.396764,84.0,19.4,4702499.0
Dakota Leffew,Mount St. Mary's,15,-4.54151,77.0,17.1,4703167.0
Kaodirichi Akobundu-Ehiog,UT Arlington,0,2.86123,81.0,7.2,4403467.0
Javohn Garcia,Massachusetts,9,1.48096,74.0,22.4,4701125.0
DaJion Humphrey,Holy Cross,17,-4.38476,76.0,15.0,4589475.0
Judson Martindale,Holy Cross,17,-1.26353,78.0,15.7,4702512.0
Miles Brewster,Boston University,10,-4.48894,75.0,11.4,4702490.0
Jalin Sinclair,Lehigh,5,-8.86947,70.0,21.7,4702514.0
R.J. Johnson,Holy Cross,1,-4.7133,73.0,18.1,4702508.0
Bo Montgomery,Holy Cross,5,-4.80436,77.0,17.7,4702509.0
Matt Rogers,American,7,-2.07848,81.0,16.3,4575108.0
Jalen Rucker,Army,1,-4.22896,70.0,26.0,4705299.0
Charlie Peterson,Army,16,-1.88096,81.0,16.0,4705305.0
Jared Cross,Army,17,-2.23627,75.0,13.1,4705304.0
Nigel Scantlebury,Central Connecticut,5,-4.05096,72.0,19.5,4703142.0
Jamir Watkins,VCU,6,0.954526,79.0,21.3,4606840.0
Alonso Faure,Loyola MD,15,-1.81742,82.0,23.1,4702520.0
Wade Jackson,Loyola MD,4,-6.79585,75.0,13.4,4589477.0
Tre Mitchell,Central Connecticut,14,-2.16096,75.0,19.0,4703143.0
Dominic Parolin,Lehigh,8,-0.706361,80.0,18.1,4702518.0
Ben Li,Lehigh,3,-3.55957,78.0,17.3,4702517.0
Emmanuel Okpomo,Wake Forest,0,2.2152,82.0,9.7,4432517.0
Lorenzo Donadio,American,12,-2.19155,76.0,8.4,4702478.0
Josh Banks,VCU,17,-3.04873,77.0,17.7,4432402.0
Floyd Rideau Jr.,South Carolina St.,10,-2.21167,77.0,19.1,4704083.0
Stephan Swenson,Stetson,5,-3.58907,74.0,14.9,4700860.0
Latavian Lawrence,South Carolina St.,7,-7.55338,78.0,17.4,4704080.0
Dylan Penn,Bellarmine,9,-2.39225,75.0,26.1,4700826.0
Alec Pfriem,Bellarmine,15,-1.44269,77.0,17.3,4700823.0
Jamille Reynolds,UCF,8,-4.7024,81.0,25.0,4432407.0
Isaiah Adams,UCF,6,2.28445,78.0,23.4,4433527.0
Malik Edmead,Merrimack,9,-5.39234,70.0,31.6,4703155.0
Nick Thelen,Bellarmine,13,-1.85501,79.0,16.4,4700830.0
CJ Fleming,Bellarmine,12,2.49028,72.0,16.2,4700829.0
Bash Wieland,Bellarmine,3,-6.09707,78.0,20.9,4700827.0
Jemal Davis,South Carolina St.,8,0.138216,81.0,21.2,4704079.0
Themus Fulks,South Carolina St.,5,-10.3044,73.0,26.5,4704078.0
Sebastian Guitian,South Carolina St.,7,-7.69674,82.0,15.5,4704085.0
Vuk Stevanic,St. Francis NY,8,-3.03442,80.0,16.6,4703184.0
David Muenkat,St. Francis NY,7,-3.76433,79.0,21.5,4703187.0
DeLonnie Hunt,Wagner,10,-2.06302,72.0,18.0,4703199.0
Zahree Harrison,Saint Francis,4,-9.22759,72.0,16.2,4703193.0
Ronell Giles Jr.,Saint Francis,1,-4.93324,76.0,19.7,4703194.0
Maxwell Land,Saint Francis,17,-3.34212,76.0,15.6,4433582.0
Quoiren Walden,Mississippi Valley St.,16,-8.66916,81.0,7.3,4705897.0
Treylan Smith,Mississippi Valley St.,1,-8.15406,76.0,21.5,4705889.0
Alex Perry,Mississippi Valley St.,4,-13.2036,78.0,18.2,4705890.0
Carlos Rosario,McNeese St.,8,-2.69361,80.0,18.1,4703639.0
Joseph Octave,Air Force,15,-6.11547,76.0,22.8,4708045.0
Glen McClintock,Air Force,5,-3.92034,74.0,13.8,4432051.0
Jadan Coleman,Tulane,17,-3.97815,76.0,24.4,4602024.0
Sion James,Tulane,6,0.140319,77.0,15.6,4602025.0
Elijah Allen,Wagner,10,-5.55485,74.0,16.3,4703200.0
Majok Madol,South Carolina St.,4,-8.03722,82.0,13.5,4704081.0
Keiondre Jefferson,Mississippi Valley St.,7,-12.0287,78.0,24.9,4713969.0
Ronald Williams,Mississippi Valley St.,4,-11.4094,80.0,6.3,4705896.0
Terry Collins,Mississippi Valley St.,1,-5.66744,75.0,22.2,4705894.0
Devin Gordon,Mississippi Valley St.,14,-7.16686,76.0,20.6,4705893.0
Kam'ron Cunningham,Mississippi Valley St.,10,-11.6267,79.0,23.9,4705891.0
Braelon Bush,McNeese St.,1,-4.9883,66.0,16.3,4703637.0
Austin Patterson,Wofford,17,-3.6578,75.0,12.8,4710625.0
Ty Harper,Louisiana,5,-5.01955,75.0,18.2,4683748.0
Ambaka Le Gregam,Presbyterian,4,-10.3792,76.0,17.7,4702200.0
Mustapha Amzil,Dayton,12,4.4138,82.0,17.5,4711607.0
Carter Whitt,Wake Forest,4,-6.09974,76.0,20.7,4711679.0
Leandre Howard,Mississippi Valley St.,16,-11.3124,85.0,12.6,4712375.0
Karl Nicholas,Texas Southern,8,-0.282355,80.0,22.4,4278623.0
