Name,Team,cluster,BPM,Height,Usage,AthleteSourceId
Jailyn Ingram,Georgia,10,-1.73273,79.0,19.5,4066981.0
Deandre Dishman,Middle Tennessee,6,2.07313,78.0,24.4,4067165.0
Brevin Galloway,Clemson,11,3.12677,74.0,20.0,4067219.0
Michael Henn,Penn St.,12,1.25809,80.0,17.4,4066923.0
David Maynard,The Citadel,12,-2.48832,76.0,11.1,4280049.0
Andrew Platek,Siena,14,-0.172562,76.0,18.5,4277906.0
Jack Perry,Portland,10,-1.52798,75.0,9.2,4278600.0
Ra Kpedi,Purdue Fort Wayne,8,-0.54452,81.0,13.4,4278247.0
Emmanuel Akot,Western Kentucky,17,-1.94922,80.0,20.0,4278131.0
Justice Sueing,Ohio St.,3,2.97119,78.0,24.1,4278141.0
Kobe King,Valparaiso,1,-4.23643,76.0,26.3,4277992.0
Parker Stewart,Tennessee Martin,1,-3.02617,77.0,25.0,4278013.0
Marcus Carr,Texas,11,6.55021,74.0,23.1,4278014.0
Jordan Davis,Jacksonville,6,1.00833,75.0,17.5,4278351.0
Luka Vasic,East Texas A&M,17,-5.95957,80.0,15.8,4278934.0
Nike Sibande,Pittsburgh,3,1.36796,76.0,18.9,4279430.0
Tydus Verhoeven,Northwestern,0,4.40402,81.0,10.1,4278488.0
Eric Williams Jr.,San Diego,3,1.58978,79.0,25.7,4278490.0
Darius McNeill,Troy,5,-1.45268,75.0,17.2,4278139.0
Bryan Trimble Jr.,Missouri St.,14,-1.82724,75.0,16.3,4278583.0
Marco Anthony,Utah,3,3.49723,78.0,19.2,4278034.0
Nelly Cummings,Pittsburgh,1,0.721927,72.0,20.4,4279317.0
Desmond Cambridge Jr.,Arizona St.,11,6.91621,76.0,24.2,4279462.0
Ejike Obinna,Saint Joseph's,13,-1.65343,82.0,17.6,4278125.0
Joe Quintana,Cal Baptist,10,0.116678,74.0,19.9,4280163.0
Jerald Gillens-Butler,Elon,10,-5.0357,77.0,21.2,4278553.0
Cooper Neese,Indiana St.,12,2.55407,76.0,16.8,4288068.0
Malek Green,Youngstown St.,3,-0.845944,79.0,23.5,4279878.0
Greg Elliott,Pittsburgh,14,3.68823,75.0,14.9,4278570.0
Makai Ashton-Langford,Boston College,9,1.98994,75.0,24.2,4278574.0
Walter Whyte,Boston University,3,-1.23743,78.0,25.3,4280039.0
Connor McCaffery,Iowa,11,5.41002,78.0,12.2,4277950.0
Marquis Godwin,Hampton,14,-4.12675,77.0,15.7,4279093.0
Ricky Nelson,Prairie View A&M,5,-4.87556,73.0,12.0,4278672.0
Will Douglas,Prairie View A&M,9,-0.176963,77.0,30.0,4278296.0
Justyn Mutts,Virginia Tech,2,6.9022,79.0,24.1,4278693.0
Sarju Patel,Albany,14,-3.26787,75.0,15.5,4280104.0
Jamal Johnson,Chattanooga,11,1.34552,76.0,20.9,4278281.0
Dan Akin,Utah St.,2,4.37312,81.0,19.7,4279163.0
Abayomi Iyiola,Kansas St.,8,1.80984,82.0,16.4,4278475.0
Taylor Funk,Utah St.,12,6.67234,81.0,20.3,4278395.0
Hunter Maldonado,Wyoming,9,3.45802,79.0,26.8,4280267.0
Dwight Wilson III,Ohio,8,3.136,80.0,27.3,4279213.0
Caleb Daniels,Villanova,11,3.93981,76.0,24.5,4278373.0
Felipe Haase,Southern Miss,11,4.44184,81.0,22.1,4278110.0
Marcus Shaver Jr.,Boise St.,9,5.05952,74.0,26.3,4280208.0
Sam Iorio,Niagara,3,1.79108,79.0,16.8,4280029.0
Devon Cooper,George Mason,14,0.940095,76.0,17.9,4279876.0
A.J. Oliver II,Detroit Mercy,12,0.371305,77.0,16.0,5113995.0
Clifton Moore,Providence,0,4.95997,83.0,18.2,4277945.0
Noah Baumann,Grand Canyon,14,2.23611,78.0,15.5,4278713.0
Jacob Grandison,Duke,12,3.93519,78.0,14.7,4280073.0
Cameron Christon,Grambling St.,3,2.62198,78.0,22.5,4278638.0
Roman Penn,Drake,9,5.16176,72.0,24.9,4279754.0
Lewis Djonkam,Morgan St.,8,-2.15968,81.0,18.0,4278422.0
David Jenkins Jr.,Purdue,10,0.118595,73.0,14.9,4279527.0
Hayden Brown,South Carolina,3,0.517103,77.0,22.5,4280014.0
Greg Parham,South Alabama,1,-0.410433,76.0,19.9,4280099.0
Bubba Parham,Samford,1,1.60053,71.0,16.9,4280103.0
Ledarrius Brewer,UAB,6,3.07104,77.0,16.8,4279897.0
Samuta Avea,Hawaii,3,-0.0215695,78.0,20.4,4278746.0
Kris Bankston,Norfolk St.,2,3.28121,81.0,20.4,4280289.0
Umoja Gibson,DePaul,9,4.25129,73.0,24.2,4279087.0
Souley Boum,Xavier,11,5.38955,75.0,21.1,4280244.0
Derrick Walker,Nebraska,2,5.16616,81.0,27.8,4278113.0
Isaac Kante,Massachusetts,8,-0.289521,80.0,16.8,4278066.0
Antwan Walker,Bryant,2,0.0125724,80.0,23.2,4278567.0
A.J. Caldwell,Chattanooga,17,0.71169,77.0,11.6,4280264.0
Dedric Boyd,Tennessee St.,12,-2.64212,76.0,16.0,4279854.0
Donald Carey,Maryland,14,2.6401,77.0,15.8,4279865.0
Bobby Planutis,Purdue Fort Wayne,12,0.596575,80.0,15.1,4279863.0
Jarkel Joiner,N.C. State,11,4.09919,73.0,23.1,4278729.0
Chuck O'Bannon Jr.,TCU,6,6.24759,78.0,17.6,4278533.0
Garrett Covington,Youngstown St.,14,-1.9691,77.0,13.4,4285365.0
Jarvis Doles,UMBC,3,-1.37369,80.0,21.6,4279195.0
Takal Molson,James Madison,6,1.69284,76.0,23.9,4279481.0
Jack Nunge,Xavier,2,8.51974,84.0,21.9,4277948.0
Miryne Thomas,Kent St.,3,3.53052,80.0,18.9,4279796.0
Oliver Lynch-Daniels,Colgate,12,1.74501,74.0,16.4,4278275.0
Keaton Hervey,Oakland,3,-2.58069,76.0,16.7,4278278.0
Tyree Appleby,Wake Forest,9,5.34277,73.0,28.7,4280299.0
Marek Nelson,Nicholls St.,6,-0.501915,79.0,20.5,4279122.0
Brion Whitley,Southern,1,-2.86071,76.0,22.8,4279890.0
Jamir Moultrie,Canisius,1,-5.03785,73.0,21.9,4278365.0
Victor Bailey Jr.,George Mason,14,0.89908,76.0,17.0,4278512.0
James Beck,New Mexico St.,15,-1.50196,80.0,11.4,4279495.0
Virshon Cotton,Grambling St.,5,-2.9644,74.0,20.9,4279307.0
Kevion Nolan,Jacksonville,9,1.3869,74.0,27.7,4280064.0
Javan Johnson,DePaul,14,1.74107,78.0,20.6,4280280.0
Tyreke Key,Tennessee,1,1.84483,74.0,18.9,4279143.0
Mamadou Doucoure,La Salle,8,-2.84264,81.0,13.8,4277988.0
Jamir Harris,Seton Hall,10,0.13665,74.0,12.2,4277966.0
Omar El-Sheikh,Arkansas St.,8,-3.67291,80.0,25.0,4279489.0
Eral Penn,DePaul,8,1.1591,78.0,16.1,4279628.0
Darius Quisenberry,Fordham,1,2.09949,74.0,23.5,4397790.0
Jelani Simmons,Southern Indiana,14,-0.795561,77.0,19.5,4397789.0
Caleb Fuller,Montana St.,3,0.487647,77.0,14.9,4397580.0
Brandon Slater,Villanova,3,5.22732,80.0,18.0,4397133.0
Luis Hurtado Jr.,Mercer,3,-0.372904,79.0,19.0,4279105.0
Tim Fuller,Utah Valley,13,7.20214,81.0,13.5,4397392.0
Kihei Clark,Virginia,9,2.68417,70.0,22.1,4395677.0
Will McNair Jr.,Mississippi St.,16,0.144682,83.0,16.9,4396012.0
Nate Laszewski,Notre Dame,12,3.22934,82.0,18.6,4395665.0
Tanner Groves,Oklahoma,2,7.14767,82.0,21.9,4278603.0
Leaky Black,North Carolina,6,6.33066,81.0,12.8,4395650.0
Mohammed Abdulsalam,UNC Greensboro,8,-1.28275,81.0,19.7,4398232.0
Victor Bafutto,Louisiana Monroe,0,1.7904,82.0,16.1,4280036.0
Angelo Allegri,Eastern Washington,11,1.32711,79.0,22.8,4398233.0
Deandre Thomas,Mount St. Mary's,10,-3.36654,77.0,17.8,4703168.0
Robert Allen,Mississippi,6,2.20996,80.0,18.2,4398245.0
Larry Moreno,St. Francis NY,11,-0.188832,72.0,20.7,4398007.0
Hunter Tyson,Clemson,12,6.58126,80.0,19.2,4395620.0
Montez Mathis,St. John's,14,1.60745,76.0,15.3,4397250.0
Caleb McConnell,Rutgers,6,4.98325,79.0,18.9,4397249.0
Eric Hunter Jr,Butler,6,1.34024,76.0,16.6,4397243.0
Cameron Healy,Southern Utah,14,0.680122,75.0,19.2,4278203.0
Jermaine Couisnard,Oregon,1,2.64629,76.0,24.5,4396948.0
Colin Castleton,Florida,0,8.05798,83.0,28.2,4397204.0
David DeJulius,Cincinnati,9,3.45159,72.0,23.9,4397202.0
Ricky Lindo Jr.,George Washington,2,2.74909,80.0,18.2,4397186.0
Christian Bishop,Texas,8,5.05044,79.0,20.0,4397037.0
Bryce Golden,Loyola Chicago,15,-3.02169,81.0,22.4,4397026.0
Markeese Hastings,Western Michigan,3,-0.0799889,79.0,17.7,4397025.0
Efe Odigie,SMU,3,-1.8754,81.0,23.6,4397868.0
Greg Williams Jr.,Louisiana,12,5.32606,75.0,18.5,4397123.0
Marcellus Earlington,San Diego,3,0.0204049,79.0,28.8,4397124.0
DeVon Baker,Ohio,1,-2.31495,74.0,19.7,4397802.0
Junior Ballard,Weber St.,1,-2.87859,75.0,19.4,4397365.0
Filip Rebraca,Iowa,2,5.11178,81.0,21.3,4398190.0
Deante Johnson,Cleveland St.,8,2.84471,81.0,14.9,4399102.0
Onyi Eyisi,Cal St. Northridge,16,-7.87238,81.0,18.7,4396816.0
Aljaz Kunc,Iowa St.,12,5.99369,80.0,14.8,4397167.0
Joey Hauser,Michigan St.,12,7.06767,81.0,19.5,4295180.0
Mezie Offurum,James Madison,15,1.7704,80.0,18.8,4396837.0
Riley Grigsby,Seattle,3,-0.108449,78.0,22.8,4396001.0
Jacob Eyman,Portland St.,16,-3.93252,82.0,15.4,4396000.0
Luke Frampton,Western Kentucky,12,1.99205,77.0,13.1,4278350.0
Jared Rodriguez,Idaho St.,3,-0.0381798,80.0,21.8,4278606.0
Zay Williams,Troy,2,3.45824,81.0,20.8,4397711.0
Drue Drinnon,Texas St.,5,-2.12059,73.0,16.2,4397358.0
Vincent Lee,Cal St. Fullerton,8,0.674608,80.0,19.4,4397342.0
Daylen Kountz,Northern Colorado,1,-2.32317,76.0,27.7,4397060.0
Isaac Likekele,Ohio St.,7,2.90243,77.0,15.3,4397045.0
Kendric Davis,Memphis,9,6.35677,72.0,31.4,4397066.0
Kaden Archie,Georgia Southern,7,-3.56288,78.0,22.6,4397065.0
Arashma Parks,Detroit Mercy,16,-3.96332,81.0,12.0,4396652.0
Adam Seiko,San Diego St.,14,3.91938,75.0,12.0,4278704.0
Carte'Are Gordon,Grambling St.,2,4.04018,81.0,23.6,4703164.0
Taevion Kinsey,Marshall,11,4.65464,77.0,26.3,4397537.0
Cory Hightower,Winthrop,3,-0.924258,79.0,23.5,4397655.0
Josiah Jeffers,Radford,5,-2.57038,73.0,25.3,4397819.0
Cam Burrell,Lindenwood,6,1.91175,79.0,19.3,4398312.0
Robin Duncan,Vermont,2,5.15976,77.0,17.9,4396594.0
Ben Stanley,Old Dominion,7,-5.96198,79.0,23.7,4279788.0
Kaosi Ezeagu,Sam Houston St.,16,-0.702499,82.0,16.6,4397867.0
Luke Avdalovic,Pacific,12,2.00168,77.0,12.4,4278644.0
Nik Mains,Northern Arizona,12,-0.127054,80.0,13.8,4278643.0
Nick Guadarrama,FIU,17,-1.03819,77.0,18.2,4396578.0
Jayden Martinez,North Texas,7,0.491496,79.0,18.3,4396579.0
Jack Clark,N.C. State,6,7.27043,80.0,16.4,4397152.0
Ed Croswell,Providence,2,6.32687,80.0,21.3,4397153.0
Jared Kimbrough,Hartford,7,-6.98001,80.0,21.9,4397154.0
Jahvon Quinerly,Alabama,9,2.48714,73.0,23.7,4397132.0
Jalen Slawson,Furman,2,7.71257,79.0,24.7,4398207.0
Daivien Williamson,Wake Forest,14,-0.768916,73.0,16.0,4398180.0
Mike Bothwell,Furman,11,2.89741,75.0,23.5,4398203.0
Isaiah Poor Bear-Chandler,Wichita St.,15,2.89668,81.0,9.9,4396685.0
Tyreese Davis,Eastern Washington,11,1.01127,78.0,19.9,4396697.0
Mason Harrell,Texas St.,1,0.603259,69.0,23.7,4397702.0
Connor Vanover,Oral Roberts,0,6.7012,87.0,21.7,4397052.0
Andre Kelly,UC Santa Barbara,8,0.10981,81.0,17.8,4397051.0
Matt Bradley,San Diego St.,1,4.38955,76.0,25.9,4397049.0
CJ White,Little Rock,1,-2.6177,77.0,17.8,4396639.0
Zion Griffin,Tennessee St.,3,-1.14437,79.0,14.8,5108804.0
Moses Wood,Portland,12,3.14438,80.0,21.2,4396657.0
Jamarius Burton,Pittsburgh,9,2.7399,76.0,25.8,4396677.0
Dexter Dennis,Texas A&M,3,5.90006,77.0,16.8,4396676.0
Tavin Lovan,UAB,6,1.86474,76.0,15.7,4397726.0
Drew Peterson,USC,3,4.68135,81.0,22.7,4397689.0
Quentin Millora-Brown,Vanderbilt,15,3.80258,82.0,12.9,4397691.0
Chris Mullins,William & Mary,5,-2.71449,75.0,18.0,4397690.0
Hunter Marks,Sacramento St.,10,-3.44667,81.0,11.5,4395886.0
Xavier Johnson,Indiana,9,1.33218,75.0,26.2,4395669.0
Jordan Henderson,Canisius,1,-0.0411599,77.0,22.8,4398046.0
Isaiah Kelly,Yale,15,1.11474,79.0,20.0,4398015.0
Chase Audige,Northwestern,6,4.68639,76.0,25.5,4397602.0
L.J. Owens,Delaware,14,-2.94947,75.0,16.5,4397601.0
Allen Betrand,Rider,3,-1.66521,77.0,16.8,4397589.0
Landers Nolley II,Cincinnati,11,5.98772,79.0,25.0,4395684.0
Isaiah Wilkins,Longwood,3,4.09688,76.0,23.6,4395681.0
Jalen Carey,Rhode Island,5,-1.8431,75.0,21.9,4395673.0
Marque Maultsby,North Carolina Central,17,0.225324,75.0,14.4,4396576.0
Francis Okoro,Saint Louis,0,4.25311,81.0,18.7,4397105.0
Zach Chappell,Sacramento St.,1,-1.60451,75.0,23.9,4397395.0
Miles Norris,UC Santa Barbara,12,4.25551,82.0,19.5,4397104.0
Seneca Knight,Illinois St.,3,-1.57194,78.0,21.5,4397398.0
Maizen Fausett,Southern Utah,3,3.03331,78.0,18.4,4397379.0
Israel Barnes,Southeast Missouri St.,17,-2.17914,76.0,18.1,4397388.0
Dima Zdor,UT Rio Grande Valley,15,0.776696,82.0,17.5,4397390.0
Erik Stevenson,West Virginia,9,5.48501,76.0,28.9,4396679.0
Morris Udeze,New Mexico,8,3.025,80.0,23.7,4396681.0
Madiaw Niang,Radford,8,0.644421,82.0,14.4,4397482.0
Logan Johnson,Saint Mary's,6,6.12938,74.0,24.3,4396608.0
Jairus Hamilton,Western Kentucky,3,-0.388767,80.0,18.1,4395617.0
Caleb Catto,Florida Gulf Coast,11,0.596845,77.0,14.4,4396688.0
Zach Scott,McNeese St.,1,-2.61907,76.0,20.3,4396689.0
Liam Robbins,Vanderbilt,0,10.5303,84.0,31.6,4397347.0
Jawaun Newton,Southern Illinois,12,1.50482,75.0,13.3,4397354.0
Shamar Givance,UTEP,9,2.87282,70.0,20.5,4397353.0
Logan Dye,Samford,2,0.832642,81.0,27.9,4398246.0
Coletrane Washington,Drexel,14,-1.71301,76.0,16.5,4397425.0
Ithiel Horton,UCF,1,2.29294,77.0,21.8,4397401.0
Quan McCluney,Queens,17,-2.12977,77.0,19.1,4397385.0
Camren Wynter,Penn St.,11,1.64427,74.0,18.6,4397427.0
Jay Nagle,Idaho St.,17,-0.664367,81.0,11.9,4397643.0
Souleymane Diakite,NJIT,16,-2.0029,81.0,18.8,4396754.0
Kjell de Graaf,NJIT,3,-1.13947,82.0,16.8,4396755.0
Isaiah Burnett,Stonehill,6,2.04361,77.0,23.7,4280089.0
Ahsan Asadullah,Lipscomb,16,-0.972156,82.0,23.5,4278445.0
Cameron Parker,Portland St.,9,3.54573,74.0,24.9,4397999.0
Cameron Wilbon,Sacramento St.,3,-2.45246,77.0,22.6,4397994.0
Zac Watson,Longwood,13,2.49607,79.0,15.9,4397617.0
Jeremiah Gambrell,Prairie View A&M,10,-5.24658,75.0,23.9,4397884.0
Callum McRae,Sacramento St.,8,2.04286,85.0,26.4,4397619.0
Oddyst Walker,Alcorn St.,17,0.618926,74.0,14.8,4398293.0
Trey Woodbury,Utah Valley,9,4.10336,76.0,24.3,4397434.0
Austin Smellie,Idaho St.,14,-0.0215577,77.0,13.1,4397289.0
Foster Loyer,Davidson,9,3.73368,72.0,27.1,4397208.0
Brandon Johns Jr.,VCU,15,1.99014,80.0,22.2,4397206.0
Ethan Wright,Colorado,17,1.66384,75.0,15.4,4398005.0
Drew Friberg,Belmont,12,3.17447,79.0,14.1,4398004.0
Bryan Penn-Johnson,Cal Poly,13,-4.86023,85.0,19.0,4397157.0
Spencer Johnson,BYU,11,5.17104,77.0,16.6,4701219.0
Michael Forrest,Florida Atlantic,11,2.52587,73.0,20.4,4397485.0
Antonio Daye,Coastal Carolina,9,-0.0307279,74.0,27.2,4397500.0
Chris Doherty,Northeastern,8,0.90589,79.0,21.4,4395666.0
Jamal Bey,Washington,6,2.59348,78.0,15.6,4397155.0
Trey Jemison,UAB,0,5.07793,83.0,16.5,4395623.0
Nathan Mensah,San Diego St.,0,8.65137,82.0,16.8,4397371.0
Will Richardson,Oregon,9,4.17681,77.0,21.6,4397101.0
Christian Anigwe,UC Davis,15,0.192498,81.0,25.2,4397396.0
George Maslennikov,Canisius,15,-4.94912,82.0,17.2,4702952.0
Alonzo Sule,James Madison,8,2.66946,79.0,21.0,4280279.0
Ja'Shon Henry,Bradley,8,0.942117,78.0,24.6,4397325.0
Darius McGhee,Liberty,9,8.16494,69.0,33.6,4396745.0
Rasir Bolton,Gonzaga,11,2.9868,75.0,18.3,4397242.0
Elijah Parquet,UNLV,17,0.0877311,76.0,11.3,5107861.0
Nikkei Rutty,Prairie View A&M,16,-1.34002,80.0,10.7,4398408.0
Raheem Solomon,Sacred Heart,10,-5.35888,75.0,23.0,4398403.0
Marcus Hammond,Notre Dame,14,0.773717,76.0,20.3,4398404.0
Tyrel Bladen,Rider,13,1.97988,82.0,13.6,4398396.0
Jalen Pickett,Penn St.,9,10.8812,76.0,29.3,4398390.0
Jake Forrester,Saint Louis,15,2.69129,81.0,21.7,4397009.0
Jerome Hunter,Xavier,8,4.58771,80.0,18.1,4397011.0
Damezi Anderson,Detroit Mercy,12,0.127416,79.0,15.9,4397012.0
Tim Finke,Wright St.,17,0.606142,78.0,16.9,4396017.0
Deshon Parker,Cleveland St.,5,-1.43675,76.0,21.3,4397548.0
Warren Williams,Hofstra,13,3.3804,81.0,22.0,4279701.0
Taurus Samuels,Minnesota,10,-3.18841,73.0,11.0,4397960.0
Markquis Nowell,Kansas St.,9,7.9426,68.0,27.6,4397554.0
Kamani Johnson,Arkansas,8,3.94314,79.0,13.2,4397556.0
Luis Rodriguez,UNLV,6,2.78189,78.0,19.0,4396969.0
Amari Kelly,UNC Wilmington,15,3.09783,81.0,19.6,4396804.0
Carlos Curry,Georgia Southern,8,-3.71099,83.0,16.6,4396966.0
Tyler Harris,South Florida,1,1.50006,69.0,26.5,4396632.0
Alex Lomax,Memphis,6,4.99514,72.0,15.4,4396633.0
Jayden Hardaway,Memphis,14,1.01724,77.0,14.4,4396635.0
Xavier Castaneda,Akron,11,5.49728,73.0,29.4,4396641.0
Michael Durr,UCF,8,3.02094,84.0,15.9,4396642.0
Race Thompson,Indiana,2,4.86049,80.0,19.1,4277947.0
Sir'Jabari Rice,Texas,11,6.88321,76.0,23.4,4280181.0
Warren Washington,Arizona St.,0,6.66782,84.0,18.0,4397093.0
Jaiden Delaire,San Diego,15,-1.63431,81.0,19.5,4397112.0
Keenan Fitzmorris,Stony Brook,15,-2.35654,84.0,21.8,4397113.0
Lukas Kisunas,Denver,13,0.0366071,82.0,20.7,4397116.0
Cormac Ryan,Notre Dame,11,2.75036,77.0,21.0,4397114.0
DaQuan Smith,Radford,1,-0.269404,73.0,24.8,4398347.0
Jarron Coleman,Ball St.,1,0.935785,77.0,24.1,4397811.0
Caleb Fields,Fairfield,1,0.482204,74.0,18.8,4397815.0
Trevon Taylor,Cal Poly,7,-2.50926,78.0,18.4,4397446.0
Matt Herasme,New Hampshire,17,-0.766715,76.0,18.6,4398413.0
Samir Stewart,Manhattan,1,-4.34846,72.0,25.5,4398104.0
Christian Hinckson,Binghamton,3,-1.87744,78.0,17.4,4398106.0
Joey Calcaterra,Connecticut,11,5.96067,75.0,18.1,4280214.0
Jamari Blackmon,Louisiana Monroe,1,-0.520808,72.0,20.6,4396763.0
Nevin Zink,Boston University,8,-3.92808,81.0,18.7,4397839.0
Brandon Martin,Massachusetts,4,-3.57062,77.0,14.6,4397834.0
Bryson Mozone,Georgetown,14,-2.06158,78.0,16.7,4397835.0
DJ Burns,N.C. State,8,2.48828,81.0,27.8,4396933.0
Keyshawn Bryant,South Florida,3,0.0011262,78.0,25.1,4396951.0
Joe Bryant Jr.,Norfolk St.,9,2.14702,73.0,26.9,4398206.0
Deon Stroud,Eastern Washington,17,-4.99032,77.0,20.3,4397866.0
Ty Brewer,UAB,12,3.7523,79.0,17.3,4594149.0
Ethan Igbanugo,Cal St. Northridge,10,-3.89288,74.0,14.8,4278634.0
Aanen Moody,Montana,11,1.11656,75.0,22.8,4278631.0
Blake Hinson,Pittsburgh,3,2.82525,79.0,23.2,4396963.0
KJ Buffen,UAB,2,5.06363,80.0,19.4,4396968.0
Franco Miller Jr.,Florida Gulf Coast,4,-7.52254,75.0,17.7,4396967.0
Tykei Greene,Kansas St.,17,0.74847,76.0,15.9,4398108.0
KC Hankton,Chattanooga,3,-1.19084,79.0,16.9,4397200.0
Brendan Adams,George Washington,11,0.496186,76.0,22.3,4396612.0
Michael Barber,Mississippi Valley St.,7,-3.65817,80.0,22.1,4398165.0
Demarius Jacobs,Ball St.,11,4.63423,74.0,17.5,4397198.0
Jonathan Tchamwa Tchatchoua,Baylor,15,2.98431,80.0,14.6,4397436.0
Fred Thatch Jr.,Saint Louis,6,4.45764,75.0,17.0,4397199.0
Jahbril Price Noel,Wagner,10,-6.10531,79.0,17.7,4397675.0
Ajare Sanni,UC Santa Barbara,1,-3.89639,75.0,21.7,4397676.0
Jimmy Nichols,Coastal Carolina,3,-2.3234,80.0,20.2,4397108.0
DeShaun Wade,Longwood,14,0.229273,74.0,17.1,4396618.0
Joe Kasperzyk,Niagara,5,-6.91304,75.0,23.6,4397945.0
Dibaji Walker,Appalachian St.,3,-1.99339,81.0,17.9,4399103.0
Jayden Gardner,Virginia,8,1.76448,78.0,24.8,4396614.0
Everette Hammond,UMass Lowell,11,2.42448,75.0,22.5,4397833.0
Tolu Smith,Mississippi St.,8,6.04215,83.0,30.3,4397882.0
Brendan Medley-Bacon,North Carolina Central,13,5.07942,84.0,19.3,4398113.0
Justin Steers,Coppin St.,8,-4.25978,79.0,23.6,4398112.0
TJ Moss,Detroit Mercy,5,-3.63934,76.0,17.0,4396947.0
Xavier Pinson,New Mexico St.,9,0.853171,74.0,25.8,4396953.0
Torrence Watson,Elon,3,-3.31868,77.0,21.4,4396952.0
Parker Braun,Santa Clara,15,2.55951,82.0,15.9,4396957.0
Kamaka Hepa,Hawaii,3,2.94557,82.0,18.8,4397080.0
KJ Williams,LSU,2,5.50363,82.0,24.4,4398348.0
Diante Wood,Tennessee Tech,7,-4.37605,76.0,23.9,4395700.0
Jalen Hodge,SIU Edwardsville,14,-3.76344,73.0,14.9,4397575.0
Michael Dunne,Hartford,10,-5.50405,76.0,18.3,4395892.0
Kobe Julien,Louisiana,14,2.50118,78.0,20.5,4397659.0
Jacob Boonyasith,UMBC,1,-1.86378,75.0,19.7,4397587.0
Amanze Ngumezi,Jacksonville St.,7,-3.32884,81.0,24.1,4395720.0
Tye Fagan,Mississippi,1,-3.00596,75.0,17.7,4395719.0
Noah Locke,Providence,14,1.01825,75.0,17.2,4395713.0
Keyontae Johnson,Kansas St.,2,3.75977,78.0,24.7,4395714.0
Tyrone Lyons,Southern,3,-1.45796,79.0,20.5,4398221.0
Trace Young,Jackson St.,7,-3.6379,80.0,24.8,4397447.0
Christian Agnew,Southeastern Louisiana,10,-8.70357,74.0,26.7,4396762.0
Gabe Kalscheur,Iowa St.,11,3.05391,76.0,20.2,4397214.0
Amir Harris,George Washington,4,-1.18285,77.0,9.2,4397216.0
Flo Thamba,Baylor,13,3.24997,82.0,14.5,4395692.0
Osun Osunniyi,Iowa St.,0,7.89624,82.0,23.0,4397224.0
P.J. Byrd,Southern,9,-1.8912,73.0,19.6,4397229.0
Cameron Jones,South Carolina St.,5,-5.99504,78.0,23.4,4398322.0
Jomaru Brown,Coastal Carolina,9,-2.94368,74.0,29.3,4398318.0
Tre King,Iowa St.,6,1.13335,79.0,17.9,4398319.0
Maros Zeliznak,Jacksonville St.,16,-2.00996,83.0,14.5,4398323.0
Cameron Tyson,Seattle,1,-0.374343,75.0,26.8,4397285.0
RayQuawndis Mitchell,UMKC,1,-4.64566,77.0,28.0,4397284.0
Jackson Stormo,Siena,8,0.181681,81.0,22.3,4397697.0
Gus Okafor,Wichita St.,17,0.851255,78.0,15.6,4397641.0
Ludovic Dufeal,Gardner Webb,15,3.05831,80.0,12.0,4397530.0
Trevon Faulkner,Northern Kentucky,14,-1.42581,76.0,18.1,4397774.0
Adrian Nelson,Youngstown St.,2,2.42048,80.0,19.5,4397772.0
Braden Norris,Loyola Chicago,11,0.0808693,72.0,17.4,4397778.0
Nick Honor,Missouri,11,2.40464,70.0,13.6,4396810.0
Harrison Butler,Southern Utah,7,-0.291496,77.0,20.8,4397380.0
Serrel Smith Jr.,South Florida,14,-0.232822,76.0,15.8,4397185.0
Austin Rotroff,Duquesne,13,4.81003,82.0,18.9,4396806.0
Jaylin Andrews,Loyola MD,3,-1.51716,76.0,18.8,4398132.0
Kenneth Jones,Loyola MD,9,-1.96745,72.0,22.2,4398136.0
Tray Maddox Jr.,Western Michigan,1,-0.648735,76.0,22.1,4397779.0
Malik Martin,Rhode Island,3,1.59847,78.0,15.4,4397470.0
Cooper Robb,Eastern Kentucky,14,2.0618,73.0,12.3,4397469.0
Jaylen Sebree,Tennessee Tech,3,1.93596,79.0,24.7,4397481.0
Dravon Mangum,Louisiana Tech,12,0.111113,80.0,14.8,4397471.0
Zep Jasper,Auburn,10,0.790619,73.0,8.6,4311618.0
Calvin Wishart,UC Santa Barbara,11,1.28624,74.0,16.3,4397521.0
Elijah McCadden,Memphis,15,3.01185,77.0,16.3,4397519.0
Nelson Phillips,Troy,6,4.76206,75.0,24.3,4397533.0
Jared Bynum,Providence,1,1.79747,70.0,20.8,4397194.0
Jake Wojcik,Fairfield,10,-3.8587,77.0,16.1,4397191.0
Souleymane Koureissi,Radford,16,-6.59811,82.0,18.8,4397190.0
Andre Gustavson,Richmond,12,0.736045,77.0,9.9,4397193.0
Matt Grace,Richmond,12,2.31466,81.0,17.0,4397192.0
Tre Wood,LIU,5,-7.12893,73.0,21.0,4397160.0
Joey Baker,Michigan,14,2.06515,79.0,17.0,4395624.0
Blake Preston,Liberty,13,5.42632,81.0,21.4,4396747.0
Myles Dread,Penn St.,12,3.71929,76.0,13.0,4397239.0
Ryan Young,Duke,13,9.18969,82.0,18.5,4397232.0
Miller Kopp,Indiana,12,4.29756,79.0,10.9,4397231.0
Luther Muhammad,Arizona St.,1,-2.817,75.0,20.7,4397234.0
Pete Nance,North Carolina,3,3.921,83.0,17.7,4397233.0
Justin Ahrens,Loyola Marymount,14,-0.40556,78.0,13.8,4397236.0
Myreon Jones,Florida,6,3.13493,75.0,15.2,4397238.0
Jaedon LeDee,San Diego St.,8,5.79256,81.0,24.2,4397237.0
Kyle Lofton,Florida,1,1.89495,75.0,16.3,4397220.0
Kenneth Nwuba,UCLA,13,5.31771,82.0,7.1,4397129.0
Jordan McCabe,UNLV,10,-1.57364,72.0,17.3,4397100.0
Emmitt Matthews Jr.,West Virginia,12,5.05274,79.0,16.0,4397099.0
Cameron Copeland,Austin Peay,10,-3.27145,79.0,21.3,4396777.0
Carter Hendricksen,North Florida,3,0.615311,79.0,25.1,4396776.0
Dorian James,North Florida,15,0.649897,79.0,13.7,4396774.0
Tre Anderson,Illinois Chicago,1,-3.78562,73.0,25.1,4397741.0
Dane Goodwin,Notre Dame,14,1.66879,78.0,17.9,4395667.0
Malik Jefferson,Mount St. Mary's,8,-0.23183,81.0,22.3,4397980.0
Dee Barnes,Southern Utah,14,1.22532,76.0,15.0,4397973.0
Bryce Washington,Hofstra,14,-1.54995,76.0,14.0,4397982.0
Anthony Crump,Northern Illinois,13,-0.615485,80.0,18.9,4397550.0
EJ Harkless,UNLV,9,4.28775,75.0,33.1,4397449.0
Darius Brown II,Montana St.,9,6.59054,74.0,18.5,4397450.0
Jeameril Wilson,Loyola Chicago,12,-1.79455,79.0,13.9,4398116.0
Ty Perry,Tennessee Tech,14,-1.29359,74.0,16.1,4398070.0
DeAndre Williams,Memphis,2,9.67606,81.0,26.8,4397355.0
Nic Lynch,San Diego,14,-2.45419,83.0,14.8,4398119.0
Ladarius Marshall,Alcorn St.,13,-0.919788,79.0,11.6,4397708.0
Kristian Sjolund,Portland,12,2.03309,80.0,21.5,4395633.0
Kam Gibson,Vermont,14,0.372287,75.0,14.9,4398273.0
Jake Stephens,Chattanooga,2,10.9827,84.0,30.5,4398257.0
Ryan Larson,Charleston,11,5.29178,73.0,20.8,4398276.0
Isaiah Bigelow,Richmond,3,-0.0740421,79.0,21.2,4398275.0
Messiah Jones,Wofford,8,1.45535,78.0,23.5,4398279.0
Kris Monroe,North Carolina Central,3,-1.55768,80.0,18.9,4397106.0
Dana Tate Jr.,Norfolk St.,3,-2.1591,79.0,18.5,4397180.0
Jamal Hartwell II,UC Riverside,14,-2.00894,70.0,16.9,4396817.0
Jordan Miller,Miami FL,2,7.69323,79.0,20.0,4396818.0
Berrick JeanLouis,Iona,6,3.96181,76.0,14.7,4703008.0
Mekhi Lairy,Miami OH,11,-0.200378,68.0,24.7,4397850.0
DeAndre Gholston,Missouri,1,-2.62271,77.0,25.3,4702934.0
Malik Miller,Morgan St.,6,2.22382,76.0,27.0,4398197.0
Tajion Jones,UNC Asheville,12,3.95333,77.0,16.9,4279052.0
Matt Veretto,Vermont,12,5.21205,80.0,17.2,4397404.0
Brock Cunningham,Texas,12,9.54618,78.0,13.4,4397079.0
KJ Simon,Tennessee Martin,6,-0.452399,75.0,26.2,4397710.0
Raymond Bethea Jr,Hampton,17,-4.98614,77.0,15.0,4398163.0
Spencer Rodgers,Kennesaw St.,10,0.4198,76.0,15.3,4397715.0
Trey Wertz,Notre Dame,1,-0.687231,77.0,18.8,4397753.0
Keshawn Justice,Santa Clara,14,3.56696,79.0,17.5,4397751.0
Jake Wolfe,Morehead St.,5,-2.55396,77.0,18.2,4396750.0
Vado Morse,James Madison,1,0.833366,72.0,21.5,4397972.0
Uros Plavsic,Tennessee,13,4.75394,85.0,19.6,4397023.0
Lamar Norman Jr.,Western Michigan,1,-1.58011,73.0,24.5,4396803.0
Theo Akwuba,Mississippi,16,0.0116125,83.0,15.1,4397716.0
Elijah Weaver,Chicago St.,1,-2.17012,77.0,22.0,4397139.0
Walter Ellis,Grand Canyon,12,2.3138,77.0,11.1,4397649.0
Andrew Funk,Penn St.,12,4.53642,77.0,16.6,4397650.0
Fletcher Tynen,Boston University,7,-3.45337,79.0,17.1,4397634.0
Tucker Richardson,Colgate,9,2.47635,77.0,25.2,4398040.0
Kahliel Spear,Robert Morris,2,3.06315,79.0,24.5,4702997.0
Marlon Hargis,Saint Francis,10,-5.37403,79.0,18.2,4398054.0
Ben Vander Plas,Virginia,3,4.48767,80.0,17.9,4279448.0
LaQuill Hardnett,Buffalo,15,0.453986,80.0,18.8,4396610.0
Damien Daniels,Abilene Christian,9,0.271462,67.0,18.3,4397957.0
Joe Pleasant,Abilene Christian,3,-0.149526,79.0,18.2,4397958.0
Yor Anei,DePaul,0,3.80388,82.0,18.5,4397046.0
Joe Reece,Duquesne,2,4.04392,80.0,26.5,4703098.0
Kalu Ezikpe,Cincinnati,0,1.43895,80.0,19.8,4397564.0
Nicolas Timberlake,Towson,11,1.90376,76.0,23.3,4397595.0
Javon Pickett,Saint Louis,3,2.56513,77.0,21.9,4396954.0
Tyger Campbell,UCLA,9,4.4016,71.0,24.2,4397128.0
John Walker III,Texas Southern,3,-0.594063,81.0,22.5,4278121.0
Noah Gurley,Alabama,12,6.24206,80.0,15.2,4280015.0
Isaiah Burke,Morgan St.,1,-1.71647,73.0,25.0,4398199.0
Gerrale Gates,Holy Cross,7,-1.17249,78.0,29.7,4398092.0
Sincere Carry,Kent St.,9,1.95188,73.0,26.0,4396807.0
Tobias Cameron,Abilene Christian,11,2.32618,77.0,20.3,4278255.0
Khalid Moore,Fordham,3,1.83536,79.0,25.5,4395632.0
Alex Caldwell,UNC Asheville,1,-2.50556,72.0,20.2,4398351.0
Jordan Brown,Louisiana,2,2.02143,83.0,29.3,4397340.0
Kobe Dickson,Howard,8,-3.65442,81.0,19.4,4397937.0
AJ Edu,Toledo,8,0.848435,82.0,13.0,4397878.0
David Mitchell,Niagara,17,-0.804073,78.0,10.7,4397914.0
Ike Nweke,Quinnipiac,7,-3.36897,79.0,23.5,4397926.0
Adam Flagler,Baylor,11,6.39764,75.0,22.8,4397654.0
Matt Mims,South Dakota St.,14,-0.0892169,72.0,13.1,4398338.0
Daxton Carr,Idaho St.,15,-2.63997,79.0,14.4,4397362.0
Jayden Saddler,Saint Peter's,1,-2.15789,73.0,20.6,4402919.0
Patrick Emilien,Maryland,15,4.38538,79.0,9.3,4397909.0
Alex Arians,South Dakota St.,3,-0.492198,76.0,17.2,4279531.0
Dalvin White,Chattanooga,1,-0.265808,70.0,18.5,4397832.0
Jaxson Baker,New Hampshire,14,1.37625,80.0,18.8,4397988.0
Neftali Alvarez,Southern Miss,5,-1.53854,72.0,22.8,4398075.0
Derek Sabin,Belmont,15,-2.63563,81.0,13.0,4398301.0
Adam Kunkel,Xavier,11,3.83324,76.0,16.6,4398300.0
Dzmitry Ryuny,Oregon St.,6,3.50914,81.0,14.6,4397744.0
Kevin Obanor,Texas Tech,2,3.94119,80.0,21.9,4398304.0
Riley Battin,Cal Baptist,3,1.15631,81.0,20.8,4397149.0
Finn Sullivan,Vermont,11,4.99606,76.0,23.0,4397759.0
Manny Bates,Butler,0,5.11002,83.0,20.1,4395662.0
Tevian Jones,Southern Utah,3,0.656181,79.0,23.8,4397000.0
Lahat Thioune,UCF,16,-2.41952,82.0,13.8,4397151.0
Jr. Clay,Tennessee St.,9,1.65483,72.0,30.7,4398376.0
Sage Tolbert III,San Jose St.,3,1.73159,80.0,16.5,4398355.0
Gabe McGlothan,Grand Canyon,2,2.27067,79.0,22.0,4398356.0
Matt Dentlinger,South Dakota St.,15,1.22871,80.0,21.3,4279530.0
Savion Lewis,Quinnipiac,5,-3.67108,73.0,18.6,4398398.0
Matt Balanc,Quinnipiac,14,-0.514693,76.0,18.7,4398397.0
CJ Fredrick,Kentucky,14,1.46485,75.0,13.6,4397032.0
Tyrese Williams,Quinnipiac,14,0.169235,75.0,16.6,4398399.0
Miles Latimer,Bryant,10,-1.25303,78.0,14.9,4396584.0
RJ Eytle-Rock,Utah St.,5,-0.957527,76.0,14.7,4396591.0
Jose Placer,North Florida,1,-3.93747,73.0,23.5,4396592.0
Stephane Ingo,Marist,8,2.19549,81.0,15.5,4395898.0
Hunter Thompson,Wyoming,12,2.40071,82.0,13.5,4280268.0
Frankie Policelli,Stony Brook,3,-0.801867,79.0,23.3,4396789.0
Reggie Chaney,Houston,13,6.53416,80.0,12.4,4395708.0
Dwayne Cohill,Youngstown St.,11,2.67391,74.0,26.2,4396791.0
Nygal Russell,Towson,17,0.938353,76.0,15.8,4398354.0
Keonte Kennedy,Memphis,12,4.03035,77.0,18.1,4397137.0
Grayson Carter,Texas Southern,17,-5.32732,82.0,12.1,4397075.0
Kevin Samuel,South Alabama,0,4.53951,84.0,18.4,4277915.0
Isaih Moore,Fresno St.,2,3.50152,72.0,24.7,4397384.0
Zach Nutall,SMU,1,1.24214,75.0,22.0,4398281.0
Eddy Kayouloud,Central Arkansas,3,-1.64248,79.0,24.6,4397987.0
Garrison Wade,Cal St. Fullerton,10,-1.01808,79.0,14.1,4397962.0
Pedro Castro,UT Arlington,10,-1.11757,78.0,13.3,4280271.0
JC Butler,UC Irvine,17,-0.558676,77.0,15.6,4397596.0
Ogheneyole Akuwovo,Binghamton,8,-2.55711,81.0,17.5,4398164.0
Tae Hardy,UTEP,11,0.771143,75.0,21.3,4396616.0
David Singleton,UCLA,14,7.26468,76.0,13.2,4397131.0
Michael Feinberg,Yale,4,-1.08606,76.0,14.3,4398013.0
Dwight Murray Jr.,Rider,1,0.714359,72.0,23.6,4398029.0
Antoine Smith Jr.,Evansville,14,-3.59118,79.0,16.6,4398030.0
Jase Townsend,San Diego,11,-0.407317,76.0,21.8,4398060.0
Jarred Godfrey,Purdue Fort Wayne,9,2.07373,77.0,28.3,4398080.0
Kolby Lee,Idaho St.,8,-4.54714,81.0,26.1,4294217.0
Jordan Campbell,Fresno St.,6,-0.195306,76.0,22.1,4397089.0
Carlos Jurgens,Oral Roberts,17,0.280732,77.0,19.0,4398306.0
Jaxon Knotek,American,12,-3.19129,78.0,17.8,4398212.0
Shakur Daniel,Tarleton St.,5,1.39557,78.0,13.4,4397704.0
Sam Griesel,Nebraska,6,3.46446,79.0,22.0,4398213.0
Gerald Liddell,Detroit Mercy,8,0.297909,80.0,26.7,4397076.0
Courtney Ramey,Arizona,14,5.93127,75.0,17.2,4334018.0
Jarius Cook,Jacksonville,10,-2.53477,75.0,15.7,4398214.0
Alex Rivera,Saint Peter's,17,-4.02634,73.0,11.1,4396570.0
Allin Blunt,UMass Lowell,11,2.30182,79.0,16.4,4396569.0
Matthew Strange,Southeastern Louisiana,14,-2.15376,71.0,11.3,4278330.0
Sam Sessoms,Coppin St.,9,1.3411,72.0,29.2,4395880.0
Desi Sills,Kansas St.,6,2.9005,74.0,16.2,4395701.0
Keyshawn Embery-Simpson,Tulsa,17,-3.92869,75.0,16.4,4395703.0
Antoine Davis,Detroit Mercy,9,0.973309,73.0,35.1,4397732.0
Jemarl Baker,Fresno St.,1,1.05451,77.0,23.7,4278072.0
Riley Abercrombie,Northern Colorado,12,1.54935,81.0,15.3,4397265.0
Kendle Moore,Missouri St.,1,-0.0568968,72.0,17.9,4397269.0
Cam Shelton,Loyola Marymount,9,6.9468,74.0,30.4,4397305.0
Keith Haymon,Northern Arizona,12,-3.14037,79.0,17.4,4397304.0
Cole Bergan,Stonehill,4,-6.26222,80.0,17.0,4397309.0
Ant Nelson,Manhattan,9,-3.73498,76.0,32.5,4397118.0
Nigel Hawkins,Stephen F. Austin,3,-0.412655,76.0,22.9,4397862.0
Daniel Sackey,New Orleans,5,-7.76507,69.0,13.2,4397512.0
Matthew Mayer,Illinois,3,4.65602,81.0,22.6,4395697.0
Malachi Smith,Gonzaga,12,7.04847,76.0,16.7,4397784.0
Grant Basile,Virginia Tech,2,5.13035,81.0,27.0,4397787.0
Skyelar Potter,Jacksonville St.,11,0.053543,75.0,22.3,4397783.0
Nelson Boachie-Yiadom,Hofstra,13,5.7897,80.0,11.3,4396786.0
Josh Roberts,Manhattan,13,2.62143,81.0,16.0,4397122.0
Aguek Arop,San Diego St.,15,7.52246,79.0,15.6,4397368.0
Philmon Gebrewhit,DePaul,10,-1.40048,79.0,14.4,4397991.0
Naseem Gaskin,Cal St. Bakersfield,4,-4.573,76.0,11.9,4397143.0
Tyree Eady,North Texas,17,2.04904,77.0,11.9,4279514.0
Austin Ash,The Citadel,14,-0.953497,75.0,19.8,4277949.0
Mack Anderson,Montana,16,-0.940276,81.0,11.9,4397295.0
Jalen Gabbidon,Colorado,6,1.81682,77.0,15.9,4279696.0
Kenny Strawbridge Jr.,Evansville,1,-4.35083,78.0,27.8,4395991.0
Brandon Swaby,Incarnate Word,17,-1.15518,75.0,14.3,4398037.0
Andrew Taylor,Marshall,9,1.13698,75.0,28.5,4592859.0
Fardaws Aimaq,Texas Tech,3,1.12859,83.0,24.8,4398226.0
Keshaun Saunders,Portland St.,17,-7.73167,77.0,18.6,4397880.0
Jelani Williams,Howard,6,-0.065908,77.0,20.8,4279561.0
Javian Davis,UAB,8,2.06638,81.0,19.8,4592739.0
Tai Strickland,Georgia Southern,1,-3.16721,74.0,20.4,5107229.0
Timmy Allen,Texas,6,5.06335,78.0,22.1,4397148.0
Tamell Pearson,Appalachian St.,7,-5.49562,82.0,18.7,4397727.0
Ricky Clemons,Campbell,11,1.53267,74.0,21.5,4397332.0
Matt Johnson II,Northern Colorado,1,-0.525475,74.0,19.8,4897941.0
Chris Brandon,Northern Kentucky,13,3.18539,80.0,13.4,4397737.0
Jonas Harper,Boston University,11,-0.685584,74.0,18.5,4397631.0
Jayce Johnson,Siena,7,-4.29928,77.0,21.9,4397552.0
Shaun Doss,Arkansas Pine Bluff,1,-0.40314,77.0,25.2,4403367.0
Patrick Mwamba,Oral Roberts,15,0.0774453,79.0,18.6,4397685.0
Tyreek Scott-Grayson,Old Dominion,9,2.15389,77.0,25.8,4397725.0
Tyler Stevenson,Mississippi St.,7,-2.09651,80.0,20.7,4397707.0
Tyrece Radford,Texas A&M,9,5.45183,74.0,23.2,4395685.0
Trey Smith,Idaho,14,-3.88904,74.0,11.0,4397400.0
Garrett Sturtz,Drake,12,5.06934,75.0,14.6,4397348.0
D.J. Wilkins,Drake,14,1.79586,74.0,15.6,4397350.0
Adam Hess,NJIT,14,-1.22093,76.0,17.4,4398418.0
KC Ndefo,Seton Hall,0,6.38186,79.0,19.2,4398386.0
Josh Aldrich,Charlotte,10,-0.130995,79.0,16.0,4397838.0
Brock Jancek,East Tennessee St.,15,0.234367,80.0,14.1,4396934.0
Matt Hobbs,Hartford,17,-5.99759,76.0,10.9,4395891.0
Brandon Powell,Alabama A&M,4,-7.17234,75.0,11.7,4397898.0
Webster Filmore,North Carolina A&T,15,-4.53088,79.0,12.2,4398217.0
Max Rice,Boise St.,11,3.73056,77.0,20.6,4397263.0
Kyle Cardaci,Saint Peter's,1,-2.91662,74.0,19.5,4397944.0
C.J. Kelly,UCF,11,5.53071,77.0,22.4,4398208.0
Tra'Von Fagan,UMBC,2,4.31916,79.0,20.2,4397823.0
Aundre Hyatt,Rutgers,3,1.27818,78.0,21.0,4396975.0
Khalil Shabazz,San Francisco,11,5.74702,72.0,24.7,4397745.0
Damian Chong Qui,Purdue Fort Wayne,5,-6.95394,68.0,22.8,4397976.0
Trendon Hankerson,Akron,14,1.56786,74.0,14.8,4397854.0
Isaiah Rollins,Southern,10,-2.99097,75.0,17.8,4398430.0
DeShang Weaver,Oral Roberts,12,3.65729,79.0,16.6,4593825.0
Dante Treacy,UNC Greensboro,5,-1.44247,72.0,18.7,4397989.0
Michael Baer,Siena,15,0.638873,79.0,11.0,4397031.0
Jordan Gilliam,Texas Southern,4,-5.15388,78.0,11.1,4397615.0
Marvin Coleman II,Evansville,10,-3.94437,75.0,21.2,4397437.0
Kyle Feit,New Mexico St.,10,-2.27202,76.0,14.3,4397021.0
Nicolas Fennell,North Carolina Central,6,-0.0564895,76.0,11.3,4398240.0
Jayveous McKinnis,Mississippi,13,3.13486,79.0,14.2,4403417.0
Flynn Cameron,UC Riverside,11,4.25148,77.0,24.3,4293886.0
Onyebuchi Ezeakudo,Radford,5,-1.59206,74.0,18.4,4409403.0
Ajiri Ogemuno-Johnson,Rider,8,3.18782,80.0,18.9,4406151.0
Kevin McCullar Jr.,Kansas,6,7.62463,78.0,19.6,4411057.0
Mekhi Long,Old Dominion,6,3.27049,79.0,18.6,4431804.0
Moses Flowers,St. Bonaventure,11,0.035724,75.0,19.7,4432982.0
Jeremiah Hernandez,Southern Indiana,7,-5.68369,76.0,18.9,4433007.0
Jakob Alamudun,Lehigh,7,-5.64259,78.0,22.1,4432933.0
Alimamy Koroma,Cal Poly,3,-2.47432,80.0,22.9,4592922.0
Giovanni Santiago,Kent St.,14,1.56631,73.0,13.1,4593436.0
Tim Ceaser,Utah Valley,17,1.27779,81.0,13.9,4593882.0
Miroslav Stafl,Central Michigan,7,-8.13693,83.0,21.5,4592903.0
Miguel Tomley,Idaho St.,1,-3.27216,75.0,25.7,4433104.0
Kalik Brooks,Georgia St.,17,-2.36564,77.0,10.9,4593901.0
Joshua Lusane,Campbell,6,1.1526,79.0,25.6,4592655.0
David Muoka,UNLV,0,4.19784,82.0,13.5,4593762.0
Zach Hobbs,Indiana St.,12,-1.262,77.0,12.1,4897470.0
Jameer Nelson Jr.,Delaware,9,3.91632,73.0,32.1,4592444.0
Jamison Battle,Minnesota,14,-1.7867,79.0,21.0,4431893.0
Shawn Walker Jr.,Mercer,17,-0.12372,78.0,17.0,4897379.0
Harouna Sissoko,Illinois St.,8,-4.84846,79.0,13.5,4592687.0
DaJuan Gordon,New Mexico St.,3,-1.71706,77.0,20.8,4432891.0
Marcus Foster,Furman,14,1.65025,76.0,16.5,4431953.0
Josh Earley,Southeast Missouri St.,8,-9.26145,79.0,19.7,4432974.0
Cole Henry,Northern Iowa,8,-3.07387,81.0,21.5,4433004.0
Elias King,Middle Tennessee,12,1.15946,80.0,18.6,4431742.0
Akok Akok,Georgetown,15,3.16156,82.0,12.2,4431706.0
Byron Smith,Florida A&M,5,-8.40675,74.0,26.3,4596451.0
Doctor Bradley,New Mexico St.,13,0.435231,80.0,17.4,5108978.0
Jaden Bediako,Santa Clara,16,1.77883,82.0,16.0,4431889.0
Daniss Jenkins,Iona,9,3.85171,75.0,26.4,5107199.0
Keion Brooks,Washington,3,0.412666,79.0,28.0,4431689.0
Jalen Jackson,Texas A&M Corpus Chris,5,-2.72406,71.0,18.4,4592869.0
Armando Bacot,North Carolina,8,5.42243,83.0,27.1,4431674.0
Max Agbonkpolo,Wyoming,7,-3.03665,81.0,22.6,4431700.0
Emanuel Miller,TCU,2,4.58815,79.0,20.7,4432872.0
Jonathan Aku,Grambling St.,16,-3.43878,83.0,17.6,4592830.0
Andre Gordon,Texas A&M,4,0.259032,74.0,11.3,4431779.0
Messiah Thompson,Alabama A&M,1,-1.98651,68.0,21.7,4432127.0
Brandon Stone,Delaware St.,15,-2.9433,83.0,22.7,4432906.0
Lance Jones,Southern Illinois,9,-0.310722,73.0,28.2,4432002.0
Mahamadou Diawara,Stetson,8,-3.16568,82.0,19.0,4432875.0
De'Vion Harmon,Texas Tech,9,3.26989,74.0,24.1,4431703.0
Victor Iwuakor,UNLV,0,4.3914,79.0,11.1,4431724.0
Jalen Hill,Oklahoma,15,5.30123,78.0,15.8,4592214.0
Toumani Camara,Dayton,2,7.20852,80.0,24.5,4431736.0
Sahvir Wheeler,Kentucky,5,0.628866,69.0,18.7,4431725.0
Logan Padgett,Manhattan,17,-3.67378,78.0,12.3,5107208.0
Tyrese Jenkins,Norfolk St.,17,-5.03907,78.0,14.8,4595430.0
Donovan Gregory,Appalachian St.,9,0.860967,77.0,26.7,4432904.0
Doug Edert,Bryant,10,-5.10712,74.0,13.8,4432977.0
Hassan Drame,La Salle,7,-0.104031,79.0,18.0,4593387.0
Ja'Darius Harris,North Carolina Central,5,-6.32173,74.0,20.2,4593705.0
Emmanuel Tshimanga,UC San Diego,8,-1.94734,84.0,22.7,4592961.0
Ofure Ujadughele,UC Irvine,6,2.7505,77.0,12.3,4432132.0
Ja'Shonte Wright-McLeish,Maine,17,-1.58869,76.0,13.9,4432151.0
Cole Bajema,Washington,14,1.9418,79.0,14.5,4431757.0
Ata Turgut,Maine,17,-5.10786,81.0,15.4,4592906.0
Gage Bobe,Evansville,14,-2.7955,72.0,11.2,4592682.0
Braelen Bridges,Georgia,8,0.611576,83.0,21.7,4593259.0
Jaylin Hunter,Ohio,9,5.27985,72.0,23.3,4592875.0
Trenton Massner,Western Illinois,9,2.56118,74.0,28.2,4594126.0
Mika Adams-Woods,Cincinnati,11,3.20016,75.0,16.1,4431831.0
Kane Milling,UC Davis,14,0.217482,76.0,13.4,4593062.0
Zane Meeks,San Francisco,3,0.130113,81.0,25.5,4593064.0
David Skogman,Davidson,3,2.38086,82.0,16.8,4593409.0
Ben Roderick,Ohio,10,-0.307213,77.0,13.6,4593447.0
Kobe Langley,UNC Greensboro,5,2.70599,73.0,17.5,4433026.0
Eli Lawrence,Middle Tennessee,11,2.06288,77.0,20.5,4432029.0
Josh Kunen,San Francisco,15,0.00296613,80.0,13.1,4432026.0
Shamar Wright,SIU Edwardsville,6,1.21386,79.0,19.2,4433129.0
Jimmy Bell Jr.,West Virginia,8,4.07993,82.0,16.5,4592485.0
Mickey Pearson Jr.,Ball St.,15,-1.44232,79.0,15.4,4431796.0
Yuri Collins,Saint Louis,9,0.878973,72.0,24.2,4432957.0
Samuell Williamson,SMU,6,3.68177,79.0,20.1,4431676.0
Javonte Perkins,Saint Louis,14,-0.122958,78.0,20.9,4592482.0
Gibson Jimerson,Saint Louis,14,2.3328,77.0,17.4,4432008.0
Terrence Hargrove Jr.,Saint Louis,12,1.65708,76.0,14.6,4592484.0
Seth Pinkney,FIU,13,2.78195,85.0,10.1,4593362.0
Kendall Lewis,Illinois St.,6,0.565639,80.0,21.9,4593851.0
Justin Webster,UNLV,14,1.26346,75.0,13.4,4432918.0
Mysta Goodloe,USC Upstate,5,1.06003,77.0,21.9,4592766.0
Immanuel Allen,Abilene Christian,11,3.10464,76.0,21.5,4593749.0
Jalyn McCreary,Mercer,8,-1.44191,80.0,30.4,4432050.0
Wildens Leveque,Massachusetts,16,1.69812,82.0,16.5,4431805.0
Jaime Jaquez Jr.,UCLA,2,8.76189,79.0,27.2,4432848.0
De'Sean Allen-Eikens,Cal St. Northridge,3,-0.535472,78.0,20.2,4593738.0
Zach Iyeyemi,Houston Christian,8,-10.1852,81.0,24.3,4593753.0
Brady Danielson,North Dakota,12,0.0793267,76.0,13.2,4593736.0
Quinton Morton-Robertson,Purdue Fort Wayne,1,-1.67443,68.0,19.5,4592761.0
Xander Rice,Bucknell,1,-0.975887,75.0,23.4,4593080.0
James Bishop IV,George Washington,1,-1.73387,74.0,31.3,4431770.0
Daniel Banister,Hampton,15,-2.74632,77.0,11.9,4592670.0
Isaiah Cozart,Eastern Kentucky,0,5.58353,79.0,17.1,4431931.0
Chandler Turner,Bowling Green,3,-1.66332,79.0,19.1,4432130.0
Roti Ware,Stephen F. Austin,1,-0.684759,75.0,18.8,4594152.0
Isaac Elsasser,Bowling Green,14,-1.16148,76.0,11.4,4593402.0
Davin Zeigler,Green Bay,10,-6.79982,75.0,21.1,4432153.0
Rahmir Moore,Wagner,10,-3.48446,75.0,20.5,4592477.0
Ryan Langborg,Princeton,14,1.59675,76.0,19.8,4597863.0
Brady Spence,The Citadel,0,-1.08996,81.0,19.5,4593471.0
Trae Hannibal,LSU,5,0.495348,74.0,23.0,4593008.0
Robert Jones,Iowa St.,16,1.11801,82.0,23.4,4593702.0
Dre'Shawn Allen,Southern,14,-4.9343,73.0,21.7,4593845.0
Jordan King,East Tennessee St.,1,-1.32293,72.0,24.1,4593372.0
Rob Higgins,St. Francis NY,1,-6.04725,73.0,23.9,4593104.0
Trey Quartlebaum,St. Francis NY,10,-4.8048,74.0,14.0,4433061.0
Ali Ali,Butler,17,-3.00546,80.0,17.0,4592700.0
Jermaine Hamlin,Eastern Illinois,16,-10.396,82.0,21.0,4592609.0
Greg Tribble,Akron,5,-1.54675,73.0,15.3,4592697.0
Jamaal Walker,Chattanooga,7,-3.65415,77.0,18.7,4593462.0
Hakim Hart,Maryland,11,6.6208,80.0,18.1,4431984.0
Trey Hutcheson,Albany,17,-2.80233,77.0,13.5,4433012.0
Alex Ducas,Saint Mary's,14,6.11409,79.0,18.4,4432971.0
Kyle Bowen,Saint Mary's,6,8.46323,80.0,10.0,4431902.0
Nahiem Alleyne,Connecticut,10,2.24158,76.0,15.0,4432934.0
Jalen Cone,Northern Arizona,11,0.0174413,71.0,27.0,4431698.0
Hunter Cattoor,Virginia Tech,14,4.27559,75.0,14.7,4432954.0
Keaston Willis,Louisiana Tech,14,-0.523515,75.0,19.6,4593756.0
Demond Robinson,Kennesaw St.,8,3.128,80.0,23.6,4433069.0
Ismael Massoud,Kansas St.,14,2.01531,81.0,16.0,4431761.0
Donovan Ivory,Southern Miss,12,1.00325,80.0,18.2,4592915.0
Ody Oguama,Cincinnati,8,2.14478,81.0,14.3,4432075.0
Tasos Kamateros,South Dakota,3,-1.15169,80.0,23.8,4593838.0
Charles Pride,Bryant,11,2.28313,76.0,19.5,4593263.0
Michael Green III,Robert Morris,1,-4.02205,71.0,21.9,4593261.0
Seikou Sisoho Jawara,San Diego,11,-1.65933,75.0,19.5,4593773.0
Armaan Franklin,Virginia,11,3.95996,76.0,22.2,4431744.0
Bryson Etienne,Southern,6,1.13329,75.0,22.0,4594120.0
Marion Humphrey,UT Arlington,5,-1.81436,75.0,19.1,4431994.0
Jamon Battle,UNC Asheville,8,-0.725407,77.0,17.4,4592754.0
Ryan Moffatt,Colgate,12,4.53531,79.0,14.1,4593087.0
Trent Stephney,UNC Asheville,5,-2.0639,74.0,16.5,4592753.0
Tahj Small,Utah Valley,17,-1.85066,77.0,18.2,4593929.0
Yahuza Rasas,Prairie View A&M,7,1.21546,79.0,20.3,4594119.0
Elijah Morgan,The Citadel,5,-2.49544,73.0,16.4,4592343.0
Evan Taylor,Lehigh,3,-2.35906,78.0,23.5,4432122.0
Ezra Manjon,Vanderbilt,9,2.88345,72.0,21.0,4432033.0
Max Fiedler,Rice,13,7.91615,83.0,19.7,4431964.0
Festus Ndumanya,Southern,8,-2.98822,79.0,19.3,4592928.0
Ade Adebayo,UC Davis,13,0.980977,76.0,8.9,4592953.0
Zach Crisler,Fairfield,17,-5.85493,81.0,13.4,4431936.0
Braden Bell,Prairie View A&M,3,-0.764889,79.0,21.1,4593334.0
Anthony Holland,Fresno St.,14,2.17287,77.0,11.7,4593051.0
Brandton Chatfield,Seattle,2,6.9915,82.0,13.7,4592671.0
Jacob Toppin,Kentucky,3,4.18345,81.0,20.8,4592461.0
Reed Fenton,Lehigh,17,-4.02463,76.0,16.6,4431962.0
Noah Williams,Washington,5,-2.61057,77.0,23.2,4432850.0
Tylan Pope,Tulane,0,2.75482,78.0,16.7,4593827.0
Alex Hemenway,Clemson,12,3.76368,75.0,11.8,4433001.0
Jamir Chaplin,South Florida,17,0.560635,77.0,16.8,4431925.0
B.J. Mack,Wofford,3,0.500576,80.0,24.7,4431837.0
Chase Hunter,Clemson,1,1.49211,75.0,25.7,4592184.0
Al-Amir Dawes,Seton Hall,1,1.35914,74.0,20.9,4431730.0
Tyler Saint-Furcy,Marist,6,-0.159667,76.0,10.8,4593333.0
Ken Evans Jr.,Jackson St.,1,-2.12662,77.0,22.9,4594079.0
Rocket Watts,Oakland,17,-5.29631,74.0,19.7,4432818.0
Malik Hall,Michigan St.,3,3.26473,80.0,20.3,4592693.0
Tyrell Jones,South Alabama,1,2.24648,74.0,20.0,4432853.0
Ja'von Franklin,Georgia Tech,0,9.41007,79.0,19.0,4592747.0
Allen Flanigan,Auburn,3,2.81708,78.0,19.5,4432874.0
Jaylin Williams,Auburn,11,7.39388,80.0,19.3,4431776.0
Julius Marble II,Texas A&M,8,0.754601,81.0,22.0,4433031.0
John Buggs III,UTSA,14,-1.10806,74.0,17.3,4592451.0
Khalif Battle,Temple,11,1.88071,77.0,27.3,4431719.0
Damion Baugh,TCU,9,4.53055,76.0,21.8,4431766.0
Boogie Ellis,USC,11,5.39863,75.0,25.6,4593106.0
Titus Wright,Western Michigan,8,-5.0945,80.0,19.0,4593454.0
Amari Davis,Wright St.,7,-5.45242,74.0,23.2,4431937.0
EJ Jarvis,Yale,2,4.38286,80.0,23.8,4431872.0
Josh Corbin,Robert Morris,14,-2.04368,75.0,16.8,4592773.0
Fred Cleveland Jr.,North Carolina Central,5,-4.27115,69.0,27.3,4593413.0
August Mahoney,Yale,12,4.02763,76.0,15.8,4593361.0
Spencer Jones,Stanford,3,6.57427,79.0,23.3,4592427.0
Chase Claxton,Winthrop,15,3.61835,79.0,9.4,4431928.0
James Keefe,Stanford,8,3.90402,81.0,17.4,4433018.0
Christian Ings,Norfolk St.,11,-2.47322,74.0,19.7,4431996.0
Oumar Ballo,Arizona,13,8.06033,84.0,22.7,4594109.0
Tyreke Locure,Louisiana Monroe,1,-1.77298,72.0,27.5,4432038.0
Jimmy Clark III,Duquesne,6,2.96566,75.0,22.9,5105880.0
Josiah Allick,New Mexico,15,3.92774,80.0,14.4,4593968.0
Shykeim Phillips,UNC Wilmington,6,-0.641082,74.0,22.7,4592975.0
Keli Leaupepe,Loyola Marymount,3,1.51455,78.0,19.9,4432031.0
Anton Watson,Gonzaga,2,10.5293,80.0,18.0,4431705.0
Charles Thompson,Towson,0,5.88691,79.0,21.5,4433103.0
Keeshawn Barthelemy,Oregon,11,2.60226,74.0,18.8,5105621.0
Ben Wight,William & Mary,8,-1.81441,81.0,24.3,4433119.0
N'Faly Dante,Oregon,0,8.13134,83.0,25.5,4592401.0
Trey Calvin,Wright St.,11,0.251256,72.0,28.6,4431915.0
Bryan Antoine,Radford,11,5.25019,77.0,17.6,4432814.0
Luke Bumbalough,Ball St.,17,-4.30534,73.0,11.6,4593397.0
Jay Heath,Georgetown,1,-0.0774927,75.0,20.0,4592181.0
Julian Rishwain,San Francisco,10,-2.62153,77.0,17.1,4431875.0
Tre Jackson,Western Carolina,14,1.11852,73.0,20.7,4431999.0
KK Curry,Tennessee Martin,15,-1.74365,78.0,16.3,4431933.0
Drew Timme,Gonzaga,2,7.9391,82.0,30.5,4431695.0
Jacob Johnson,LIU,7,-4.80124,77.0,18.1,4593970.0
Craig Beaudion II,UMBC,11,0.379793,75.0,15.2,4592881.0
Anthony Walker,Miami FL,17,-1.99629,81.0,16.6,4592205.0
Keishawn Davidson,Belmont,1,-2.32696,74.0,20.2,4593730.0
Glen Anderson,Maryland Eastern Shore,4,-9.74689,67.0,12.5,4593382.0
Anthony Selden,Gardner Webb,3,-1.34007,78.0,23.5,4592663.0
Tom Welch,Loyola Chicago,13,2.27268,80.0,17.0,4432136.0
JaMonta Black,Northwestern St.,14,-0.0602182,76.0,18.9,4592709.0
Marquise Kennedy,Loyola Chicago,6,-0.786823,73.0,19.6,4433019.0
Abdoul Karim Coulibaly,UMass Lowell,8,1.93211,81.0,22.7,4432889.0
Gerald Drumgoole Jr.,Albany,1,-2.22572,77.0,26.2,4431833.0
Nico Aguirre,Southern Miss,11,0.380883,72.0,13.4,4592596.0
Coreyoun Rushin,Tarleton St.,16,-0.699308,78.0,17.1,4592597.0
Tyem Freeman,UCF,7,-1.14231,78.0,18.7,4897194.0
Jacco Fritz,Canisius,2,3.7973,82.0,17.4,4593148.0
Ryan Wade,Green Bay,1,-7.67047,74.0,12.9,4593091.0
Kobe Brown,Missouri,2,7.80265,80.0,23.5,4431752.0
Armon Harried,Binghamton,3,-1.51367,77.0,21.2,4593149.0
Tyler Wahl,Wisconsin,6,3.18212,81.0,25.9,4433105.0
Blaze Nield,Utah Valley,5,-1.29615,73.0,15.0,4593745.0
Nate Lliteras,Longwood,3,-0.0315617,79.0,18.4,4432036.0
KyKy Tandy,Xavier,10,-0.162416,74.0,14.1,4592606.0
Osborn Shema,Iona,15,4.79098,84.0,14.0,4703016.0
Luke Ruggery,Saint Francis,14,-3.31053,71.0,11.5,4593116.0
Josh Cohen,Saint Francis,8,2.89272,82.0,29.9,4593120.0
Brad McCabe,Saint Francis,12,-0.597743,78.0,13.8,4593119.0
Rienk Mast,Bradley,2,5.00247,81.0,25.4,4592677.0
Miles Gibson,Binghamton,3,-2.80529,78.0,20.9,5106654.0
Ville Tahvanainen,Bradley,12,1.2664,76.0,15.4,4433093.0
Benjamin Bosmans-Verdonk,South Carolina,16,-1.20622,80.0,14.8,4592607.0
Daylen Williams,UT Rio Grande Valley,15,3.80346,80.0,12.9,4592885.0
Noel Coleman,Hawaii,1,0.845793,74.0,19.9,4593795.0
Rick Issanza,Loyola Marymount,13,0.309776,85.0,13.2,4592217.0
Hunter Woods,Portland St.,6,1.93427,78.0,19.4,4592950.0
Zac Ervin,Elon,10,-4.3087,77.0,19.4,4431950.0
Devon Dunn,Campbell,14,-6.71166,73.0,18.8,4431949.0
Brandon Rush,Youngstown St.,11,0.0950386,75.0,23.1,4593240.0
Caleb Fields,Arkansas St.,9,-2.52678,72.0,24.4,4593869.0
Stephen Clark,The Citadel,3,0.011917,80.0,28.1,4593469.0
Trey Anderson,San Jose St.,14,1.72018,79.0,13.5,4593007.0
Cobe Williams,Louisiana Tech,9,3.98858,72.0,30.2,4592858.0
Isaiah Crawford,Louisiana Tech,6,4.56019,78.0,25.5,4592857.0
Terrell Williams Jr.,Southern,3,-1.82364,78.0,14.7,4594110.0
Jalen Gaffney,Florida Atlantic,10,1.20555,75.0,13.4,4431732.0
Seth Lundy,Penn St.,12,5.49425,78.0,21.1,4431775.0
Rahsaan Edwards,South Carolina St.,1,-5.89214,71.0,18.3,4593417.0
Dahmir Bishop,Florida Gulf Coast,6,-1.49684,77.0,15.5,4701028.0
Tyler Stephenson-Moore,Stony Brook,1,-2.7666,75.0,22.8,4592935.0
Daniel Ramsey,Tennessee Tech,7,-9.43227,81.0,18.1,4431762.0
Heru Bligen,Fairleigh Dickinson,8,-2.80386,74.0,18.2,4432944.0
Joe French,Bethune Cookman,14,-5.48116,77.0,17.6,4592996.0
Jaelen House,New Mexico,9,9.24927,72.0,26.7,4431763.0
Desmond Williams,Tennessee Martin,14,-1.87819,73.0,14.5,4593930.0
Lars Thiemann,California,8,-1.4898,85.0,23.6,4433099.0
Zach Freemantle,Xavier,2,6.18536,81.0,24.7,4432869.0
Marcus Domask,Southern Illinois,9,2.78201,78.0,27.9,4431943.0
Trent Brown,Southern Illinois,10,-2.15184,74.0,10.7,4592722.0
Josh Endicott,Tennessee Martin,15,-6.0942,81.0,13.0,4592295.0
Ja'Mier Fletcher,Wagner,16,-2.51526,79.0,16.8,4593038.0
Trayce Jackson-Davis,Indiana,0,13.0651,81.0,30.1,4431684.0
Langston Powell,Louisiana Monroe,12,-1.16364,77.0,10.8,4593909.0
Chance Hunter,Cal Poly,7,-2.16383,78.0,19.4,4592943.0
Joshua Morgan,USC,0,5.09091,83.0,15.4,4431830.0
Romelle Mansel,Jackson St.,15,1.84079,81.0,18.1,4431835.0
Emmanuel Izunabor,High Point,13,-1.17965,80.0,12.5,4431998.0
Bryant Randleman,High Point,5,-2.86974,75.0,20.0,4592743.0
Kuany Kuany,California,3,-1.23746,81.0,22.1,4432021.0
KJ Cunningham,Weber St.,14,-1.12465,74.0,14.7,4592648.0
Robbie Beran,Northwestern,3,2.58814,81.0,15.7,4431737.0
Dekedran Thorn,Alcorn St.,12,0.00961459,76.0,16.6,4594033.0
James Rojas,Wichita St.,6,1.36829,78.0,23.6,4592740.0
Jaylen Forbes,Tulane,11,3.25063,77.0,22.0,4431722.0
Juwan Gary,Nebraska,6,4.13203,78.0,18.2,4431707.0
Ben Sheppard,Belmont,11,2.45912,78.0,26.8,4433076.0
Noah Fernandes,Massachusetts,9,1.22397,71.0,22.1,4431791.0
Juwan Perdue,Jacksonville St.,8,0.392711,78.0,19.8,4433059.0
PJ Fuller II,Washington,5,-1.41093,76.0,20.4,4431717.0
Caleb Mills,Florida St.,9,1.03106,77.0,25.4,4412211.0
Francisco Farabello,Creighton,10,0.887323,75.0,12.6,4431952.0
Aidan Igiehon,Grand Canyon,16,-3.03329,82.0,17.7,4431697.0
Josh Nickelberry,La Salle,14,-1.63643,76.0,20.4,4432845.0
Steele Venters,Eastern Washington,14,-0.599848,79.0,22.6,4592579.0
Dontaie Allen,Western Kentucky,14,-2.04805,78.0,21.7,4431741.0
Ethan Anderson,Wyoming,15,-1.26296,73.0,21.1,4431808.0
Caleb Asberry,Oklahoma St.,11,4.86834,75.0,18.1,4593924.0
Micah Thomas,Nicholls St.,1,-3.12722,72.0,19.9,4897467.0
Jalen Bridges,Baylor,2,9.81222,79.0,17.3,4432946.0
Aaron Estrada,Hofstra,9,4.21308,75.0,29.3,4593385.0
Ayinde Hikim,UMass Lowell,5,-3.1019,71.0,26.3,4431843.0
Taveion White,Binghamton,13,-0.806505,80.0,8.9,4432139.0
Jordan Wright,Vanderbilt,6,4.01584,78.0,25.5,4432920.0
Sherif Gross-Bullock,Bryant,11,-1.49989,77.0,28.1,4431790.0
Julien Wooden,James Madison,3,-0.331045,80.0,20.7,4433127.0
Michael Christmas,Longwood,3,-0.227663,78.0,23.6,4431827.0
Tyler Morman,Southern Miss,13,2.72384,80.0,13.1,4593131.0
Jacob Germany,UTSA,8,-2.89392,83.0,26.9,4432877.0
Jason Jitoboh,Florida,15,1.47205,83.0,15.9,4431788.0
Christian Brown,Tennessee St.,11,-0.567643,78.0,26.6,4431709.0
Omar Payne,Jacksonville,15,0.405097,82.0,15.3,4432825.0
Austin Crowley,Southern Miss,11,3.81176,76.0,24.1,4431758.0
Jalen Graham,Arkansas,13,3.3869,81.0,27.5,4432855.0
Rashaun Agee,Bowling Green,8,-3.13713,80.0,28.5,4593815.0
Ahren Freeman,UT Rio Grande Valley,13,-1.01437,79.0,19.3,4431966.0
Khalil Robinson,Howard,5,-3.36573,72.0,10.2,4432102.0
Charles Smith IV,Old Dominion,10,-3.43694,77.0,18.2,4431798.0
Brice Williams,Charlotte,3,1.84063,79.0,26.2,4592843.0
Jack Forrest,Bucknell,3,-2.13857,77.0,20.4,4701032.0
Keenon Cole,Lindenwood,3,-4.13378,79.0,24.7,4595438.0
Nick Caldwell,Southeastern Louisiana,2,1.58685,79.0,24.4,4594148.0
Kruz Perrott-Hunt,South Dakota,1,-4.49378,75.0,25.6,4394666.0
A.J. Plitzuweit,South Dakota,11,-1.42413,74.0,22.1,4593835.0
Terrell Burden,Kennesaw St.,9,1.5683,70.0,26.2,4592262.0
Nate Jenkins,Green Bay,4,-7.80281,74.0,12.5,4592209.0
Nyzaiah Chambers,Norfolk St.,15,-2.84126,79.0,14.4,4593404.0
Leslie Nkereuwem,Longwood,8,-1.99677,79.0,22.9,4432064.0
Dame Adelekun,Dartmouth,2,9.6418,80.0,30.8,4702963.0
Allen Powell,Rider,10,-3.12342,74.0,18.4,4593364.0
Hunter Goodrick,Cal Baptist,15,0.984001,79.0,19.6,4593836.0
Khalil Turner,Morgan St.,6,-0.93073,80.0,18.5,4593365.0
Daryl Anderson,Norfolk St.,17,-2.65455,78.0,10.0,4593406.0
Masai Olowokere,Central Arkansas,17,-2.24201,77.0,14.7,4596536.0
Caleb Burgess,UNC Asheville,5,-7.13261,75.0,20.3,4592954.0
Josh Vazquez,Montana,10,-0.994543,75.0,17.5,4592603.0
Kyle Owens,UC Riverside,3,0.219258,80.0,19.9,4592602.0
Kadin Shedrick,Virginia,0,10.7727,83.0,16.9,4431710.0
Kalil Thomas,Morehead St.,14,0.310556,77.0,14.7,4592912.0
Connor Nelson,American,12,-1.02152,78.0,12.1,4593072.0
Marcus Filien,Cornell,17,-1.69771,79.0,9.9,4593307.0
Bas Leyte,UNC Greensboro,8,1.65356,82.0,18.4,4593682.0
EJ Williams,Alabama A&M,16,-4.93792,82.0,20.8,4594016.0
Garrett Hicks,Alabama A&M,11,0.242334,72.0,19.4,4594014.0
Camden Vander Zwaag,Air Force,12,2.63998,76.0,16.6,4593028.0
Da'mir Faison,NJIT,15,-1.23903,79.0,13.3,4432978.0
K'Mani Doughty,New Orleans,6,-0.202219,77.0,23.2,4432969.0
Raquan Brown,South Carolina St.,3,-0.77362,75.0,17.9,4432948.0
Dajuan Harris Jr.,Kansas,9,5.39538,73.0,16.9,4431983.0
Tyler Thomas,Hofstra,12,2.44664,75.0,21.5,4593126.0
R.J. McGee,Tulane,12,-0.288197,77.0,11.9,4593828.0
Sean Yoder,Navy,3,-0.177894,75.0,21.3,4433132.0
Tyler Nelson,Navy,3,3.58668,78.0,20.5,4593139.0
Daniel Deaver,Navy,2,3.13515,80.0,28.5,4593145.0
Patrick Dorsey,Navy,14,0.951627,77.0,15.2,4593143.0
Christian Jones,Navy,14,-1.36629,73.0,16.9,4593140.0
John Bowen III,Elon,15,-2.4499,81.0,12.4,4592976.0
Noah Meren,Florida A&M,6,0.603346,77.0,20.0,4408233.0
Neal Quinn,Richmond,2,3.89356,84.0,25.7,4593100.0
Daman Tate,Boston University,17,-4.74998,77.0,21.7,4593079.0
Leo O'Boyle,Lafayette,14,1.23779,79.0,18.4,4432065.0
Ethan Brittain-Watts,Boston University,1,-3.15307,74.0,20.3,4431909.0
Mervin James,Rider,3,-0.465395,79.0,24.8,4592283.0
Brandon Newman,Purdue,3,3.39337,77.0,19.7,4592726.0
Jalen Thomas,Butler,15,1.27157,82.0,19.2,4593903.0
Keshad Johnson,San Diego St.,2,4.97916,79.0,17.4,4431786.0
James Moors,Colorado St.,15,0.901214,82.0,18.0,4593039.0
Eduardo Lane,Siena,16,-3.53094,82.0,20.6,4593096.0
Isaiah Stevens,Colorado St.,9,3.80096,72.0,28.0,4432117.0
Kyle Rose,Fordham,6,4.11855,76.0,16.7,4592315.0
Wheza Panzo,Stetson,14,4.08351,79.0,11.3,4592296.0
Fousseyni Drame,La Salle,3,0.3809,79.0,19.3,4432970.0
Daryl Banks III,St. Bonaventure,1,0.425804,75.0,22.1,4593386.0
Dylan Disu,Texas,2,9.24705,81.0,20.2,4432866.0
Volodymyr Markovetskyy,San Francisco,13,0.755105,86.0,17.2,4592672.0
Mykel Derring,Merrimack,10,-4.84425,74.0,11.0,4594254.0
Mikey Watkins,UMass Lowell,5,-1.57724,71.0,13.4,4594256.0
Kareem Reid,Gardner Webb,8,1.14891,81.0,22.2,4592662.0
Jared Coleman-Jones,Middle Tennessee,15,-4.17667,82.0,19.6,4702730.0
Damani McEntire,Bethune Cookman,4,-1.49138,76.0,13.3,4592639.0
Miguel Ayesa,William & Mary,17,-4.95822,77.0,19.4,4592988.0
Blondeau Tchoukuiegno,Cal Baptist,5,-1.25838,74.0,20.4,4593989.0
Kyle Rode,Liberty,11,4.49072,79.0,20.2,4592272.0
Shiloh Robinson,Liberty,15,3.18894,79.0,17.1,4592271.0
Charles Coleman,Saint Joseph's,15,0.0940733,84.0,11.7,4431807.0
Ludgy Debaut,East Carolina,16,-2.33604,84.0,13.6,4592970.0
Andrei Savrasov,Georgia Southern,2,4.30606,79.0,23.3,4433073.0
Russel Tchewa,South Florida,13,0.226178,84.0,18.3,4432888.0
Terrence Shannon Jr.,Illinois,11,5.34785,78.0,26.9,4432847.0
Tyreek Smith,Oklahoma St.,0,6.85805,81.0,16.0,4431764.0
Donovan Clay,Missouri St.,3,2.65912,80.0,25.1,4592730.0
Bryce Okpoh,Canisius,16,-2.83722,79.0,13.7,5107179.0
Carter Murphy,Air Force,11,-1.63233,76.0,22.8,4432057.0
Maleeck Harden-Hayes,UNC Wilmington,12,1.27857,79.0,17.2,4431974.0
Travis Evee,Rice,1,-2.20441,73.0,23.5,4593712.0
Dean Keeler,UC Irvine,13,4.55722,83.0,13.2,4592962.0
Austin Johnson,North Carolina A&T,7,-3.93079,81.0,14.6,4592959.0
Noah Waterman,BYU,7,-0.506417,83.0,16.2,4593355.0
Justin Hohn,UC Irvine,5,0.472617,74.0,25.4,4433009.0
John McGriff,Binghamton,10,-8.23424,72.0,21.7,4432056.0
Brenton Mills,Bowling Green,17,-2.40306,75.0,10.8,4592891.0
Yvan Ouedraogo,Grand Canyon,16,-0.129051,81.0,13.4,4592706.0
Josh Oduro,George Mason,2,5.4324,81.0,29.7,4432068.0
Marcus Sasser,Houston,11,8.28721,74.0,24.9,4432107.0
Justin Winston,Coppin St.,3,-6.55779,80.0,22.9,4431854.0
Tre Gomillion,Missouri,6,2.0199,76.0,17.2,4592883.0
Miles Brown,Ohio,11,1.92188,73.0,17.1,4593449.0
Greg Outlaw,Pacific,7,-2.80436,76.0,19.8,4593242.0
Trevian Tennyson,Texas A&M Corpus Chris,14,-1.22138,76.0,22.8,4897296.0
Shon Robinson,Austin Peay,15,-2.98193,81.0,20.2,4593017.0
Joey Reilly,Sacred Heart,11,-2.40789,72.0,17.2,4593093.0
Mark Freeman,Morehead St.,9,0.660014,71.0,27.9,4432988.0
Samari Curtis,Bowling Green,9,-1.01647,76.0,25.4,4431792.0
Akol Arop,Nebraska Omaha,7,-4.53427,77.0,21.5,4431820.0
Cedric Henderson Jr.,Arizona,12,5.29897,78.0,16.6,4592657.0
Kevin Cross,Tulane,3,1.71587,80.0,25.2,4592703.0
T.J. Weeks Jr.,Massachusetts,14,-0.216362,76.0,16.9,4433108.0
Sean East II,Missouri,11,0.24414,75.0,18.8,4592453.0
Joe Petrakis,Illinois St.,4,-8.0445,82.0,18.4,4592211.0
Tre Mitchell,West Virginia,2,5.47054,81.0,20.2,4432840.0
Naheem McLeod,Florida St.,0,-0.564849,88.0,16.3,4897004.0
Tyler Burton,Richmond,3,1.87595,79.0,27.8,4431914.0
Michael Moreno,Eastern Kentucky,12,4.80667,79.0,16.1,4431810.0
Damian Dunn,Temple,1,0.867509,77.0,26.1,4431946.0
Josh Pierre-Louis,UC Santa Barbara,6,0.799291,76.0,22.2,4431795.0
Tariq Balogun,Binghamton,8,-5.79384,82.0,21.8,4593475.0
Brayden Parker,Idaho St.,2,2.05845,80.0,28.7,4592600.0
Greg Gantt,N.C. State,7,2.19289,80.0,8.3,4431711.0
Isiaih Mosley,Missouri,9,-0.0727552,77.0,29.2,4432879.0
Isaiah Hill,Fresno St.,1,0.0543814,72.0,24.8,4593830.0
Dexter Akanno,Oregon St.,5,-3.7509,77.0,22.0,4431877.0
Symir Torrence,Syracuse,5,-2.22329,75.0,15.6,4431696.0
Brian Taylor,Central Michigan,3,-2.29163,78.0,21.6,4593256.0
Raymond Somerville,Delaware St.,16,-3.9604,83.0,15.2,4432115.0
Deonte Billups,Purdue Fort Wayne,17,-1.23156,76.0,19.2,4593718.0
Antonio Reeves,Kentucky,14,1.19,77.0,23.2,4592686.0
Isaiah Hawthorne,San Francisco,15,2.19858,80.0,16.3,4431975.0
Garren Davis,Green Bay,5,-6.60805,76.0,23.4,4593123.0
Rylan Jones,Utah St.,5,0.14687,72.0,16.2,4431751.0
Jeremiah Davenport,Cincinnati,14,4.6615,79.0,17.7,4592898.0
Russell Dean,Hampton,5,-7.75418,77.0,26.5,4592665.0
Keeshawn Kellman,Princeton,8,-0.430481,81.0,24.3,4597867.0
Tosan Evbuomwan,Princeton,9,4.46383,80.0,28.3,4597865.0
Tyler Millin,Middle Tennessee,17,-3.17185,79.0,16.3,4592866.0
DJ Rodman,Washington St.,3,5.983,78.0,16.0,4432103.0
Lamar Wright,SIU Edwardsville,7,-3.39587,79.0,17.2,4593691.0
Nick Fiorillo,Vermont,17,-4.68858,79.0,20.8,4592946.0
Jae'Lyn Withers,Louisville,3,-2.13653,81.0,20.7,4431740.0
Kalib Boone,Oklahoma St.,2,8.27224,81.0,24.6,4432854.0
Chris Harris Jr.,Oklahoma St.,4,0.365576,74.0,14.2,4592267.0
Marcus Watson,North Carolina A&T,1,-5.36375,78.0,28.8,4897640.0
Rob Perry,Murray St.,14,-0.617981,76.0,21.3,4592297.0
Keylan Boone,Pacific,12,2.87588,80.0,26.1,4431901.0
Avery Anderson III,Oklahoma St.,9,3.22908,75.0,25.4,4432851.0
Chris Ledlum,Harvard,2,4.0701,78.0,31.1,4431728.0
Omari Moore,San Jose St.,9,4.87046,78.0,28.1,4593095.0
Blake Lampman,Oakland,10,-1.12688,75.0,16.7,4593343.0
Noah Thomasson,Niagara,9,0.259249,75.0,30.2,4593752.0
Dan Oladapo,North Carolina Central,8,-2.71761,80.0,19.8,4593340.0
Yusuf Jihad,Eastern Michigan,10,-6.46415,79.0,17.6,4593347.0
Idan Tretout,Harvard,11,-0.0062146,76.0,22.8,4432930.0
Isaiah Thompson,Florida Gulf Coast,1,-0.91189,73.0,24.6,4431749.0
Luka Sakota,Harvard,10,-2.7406,78.0,15.6,4593336.0
Sean Conway,VMI,14,-2.10755,77.0,20.9,4593716.0
Zyon Pullin,UC Riverside,9,1.6398,76.0,28.5,4592979.0
Ibrahima Diallo,San Jose St.,0,4.73033,84.0,20.9,4592720.0
Savion Gallion,Louisiana Monroe,1,-5.46441,76.0,23.0,4593408.0
Calvin Solomon,UTEP,6,3.49885,79.0,23.0,4594155.0
Nate Ferguson,Drake,13,2.79855,80.0,12.8,4432981.0
Joseph Yesufu,Kansas,17,-0.806072,72.0,17.4,4431856.0
Jordan Minor,Merrimack,0,4.73282,80.0,31.3,4594263.0
Ziggy Reid,Merrimack,3,-2.07925,78.0,22.7,4594264.0
Jordan McKoy,Merrimack,10,-4.86571,77.0,9.0,4594265.0
Keyshaun Langley,UNC Greensboro,11,5.62597,73.0,22.7,4431864.0
James Glisson III,Mercer,7,-1.80743,79.0,18.0,4593676.0
Chase Johnston,Florida Gulf Coast,1,0.0889357,75.0,24.2,4612709.0
Kamar Robertson,Mercer,11,1.25922,72.0,21.2,4593674.0
Donta Scott,Maryland,3,3.81425,80.0,21.6,4432852.0
Makhi Mitchell,Arkansas,2,10.037,81.0,15.9,4431708.0
Makhel Mitchell,Arkansas,0,7.54427,82.0,14.0,4431777.0
Devan Cambridge,Arizona St.,15,4.1692,78.0,18.5,4567588.0
Lior Berman,Auburn,17,0.810616,76.0,11.8,4592748.0
Dardan Kapiti,Eastern Kentucky,16,-1.11204,82.0,17.8,4432013.0
C.J. Jackson,UT Rio Grande Valley,7,-6.40246,79.0,18.5,4592452.0
Kyle Sturdivant,Georgia Tech,1,-1.92031,75.0,22.8,4431774.0
Dearon Tucker,Cal St. Northridge,7,-7.15369,82.0,19.5,4431844.0
Julien Franklin,Cal Poly,7,-1.54462,79.0,13.0,4431954.0
Jarod Lucas,Nevada,14,1.00491,76.0,23.1,4431765.0
Gianni Hunt,Sacramento St.,5,-3.52369,76.0,18.9,4431815.0
Jayvis Harvey,Tennessee Tech,14,-1.25783,77.0,20.3,4431985.0
Chico Carter Jr.,South Carolina,14,-0.134333,75.0,15.6,4593683.0
Bryan Greenlee,Florida Atlantic,1,2.39275,72.0,17.1,4592701.0
Tyrese Samuel,Seton Hall,2,5.01933,82.0,23.5,4432105.0
Connor Withers,UMass Lowell,6,2.35754,79.0,16.4,4592914.0
Aaron Deloney,Vermont,11,1.70528,72.0,25.1,4431940.0
Jake van der Heijden,Bucknell,17,-4.08942,81.0,14.8,4593081.0
Alex Timmerman,Bucknell,8,0.41093,81.0,22.8,4593082.0
Da'Shawn Phillip,Maryland Eastern Shore,6,0.658853,77.0,18.1,4593381.0
Kevon Voyles,Maryland Eastern Shore,6,2.39821,75.0,25.3,4593380.0
Paul Mulcahy,Rutgers,6,3.43051,79.0,17.7,4432849.0
Jovan Blacksher Jr.,Grand Canyon,1,0.122535,71.0,22.8,4431826.0
Zahad Munford,Grambling St.,17,-0.46256,75.0,14.9,4594070.0
Tra'Michael Moton,Grambling St.,5,-0.573982,73.0,19.1,4594071.0
Cameron Brown,Saint Joseph's,3,1.47245,77.0,20.2,4592476.0
Elijah Pepper,UC Davis,9,4.14231,76.0,30.8,4432077.0
Jordan Rawls,Western Kentucky,1,-6.04501,74.0,26.1,4593292.0
John Tonje,Colorado St.,3,1.10169,77.0,23.5,4593043.0
Parker Weiss,Iona,17,-1.04409,74.0,6.5,4593317.0
Fletcher Abee,UNC Asheville,14,-0.028,75.0,11.7,4432931.0
Roscoe Eastmond,Southeastern Louisiana,5,-5.6716,69.0,18.6,4593700.0
Mo Arnold,Southern Miss,5,-0.921038,73.0,15.5,4592260.0
Caleb Grill,Iowa St.,11,4.11193,75.0,15.4,4431973.0
Kamari Williams,Miami OH,17,-5.16266,79.0,15.3,4592182.0
JJ Riggins,Quinnipiac,8,-4.47329,78.0,21.8,4432089.0
Brendan McGuire,Sacred Heart,5,-6.58522,79.0,20.8,4433042.0
Morgan Safford,Miami OH,3,-0.0361835,77.0,22.2,4593739.0
RaeQuan Battle,Montana St.,11,1.01148,77.0,28.1,4431726.0
Thatcher Stone,Stonehill,7,-8.7578,78.0,20.4,4592989.0
Xavier Cork,TCU,13,3.18538,81.0,14.3,4593722.0
Bernardo da Silva,Hawaii,8,1.29948,81.0,20.4,4431868.0
Malcolm Dandridge,Memphis,0,4.07177,81.0,19.2,4431738.0
Lucas Stieber,Gardner Webb,5,-1.05857,75.0,13.1,4592889.0
Jordan Dingle,Penn,11,2.12801,75.0,32.2,4593351.0
Keegan Records,Colgate,2,6.22569,82.0,23.4,4593089.0
Jonah Charles,Penn,12,-0.457091,76.0,12.2,4593350.0
Tevin Brewer,Duquesne,1,-1.64329,68.0,16.1,4592852.0
Max Martz,Penn,12,2.49991,78.0,15.3,4593353.0
Max Lorca-Lloyd,Penn,0,3.94591,81.0,13.2,4431800.0
Lucas Monroe,Penn,7,2.00822,78.0,14.4,4593352.0
Moulaye Sissoko,North Texas,13,2.49464,81.0,14.6,4431824.0
Quinten Post,Boston College,2,3.7291,84.0,27.6,4593016.0
Tyson Jackson,New Orleans,15,-4.89649,81.0,20.7,4431818.0
Golden Dike,Loyola MD,8,-1.70816,82.0,22.4,4593122.0
Devin Butts,North Carolina Central,14,-3.57935,77.0,18.5,4432952.0
Quincy Olivari,Rice,1,-1.68889,75.0,27.7,4432070.0
Jan Zidek,Pepperdine,17,-3.57241,81.0,20.4,4593792.0
Owen McCormack,Presbyterian,3,-0.678864,81.0,15.9,4592758.0
Marlon Taylor,IU Indy,7,-7.78559,77.0,18.7,4404202.0
Tommy Bruner,Denver,1,-3.15155,73.0,27.6,4592767.0
Wilfried Likayi,Coastal Carolina,7,-3.82372,81.0,15.5,4593814.0
Khydarius Smith,USC Upstate,8,-3.48536,80.0,23.5,4433079.0
Damari Monsanto,Wake Forest,12,2.75412,78.0,23.1,4432916.0
Tristen Newton,Connecticut,9,7.04179,77.0,21.5,4592965.0
Brandon Suggs,UCF,6,1.28207,78.0,19.2,4592966.0
Nick Johnson,New Hampshire,7,-2.70071,76.0,23.7,4593988.0
Trevin Dorius,Utah St.,0,3.67373,85.0,21.7,4066764.0
Jacob Groves,Oklahoma,14,2.40965,81.0,17.6,4592583.0
Oscar Tshiebwe,Kentucky,2,10.2971,81.0,24.5,4432827.0
Sean McNeil,Ohio St.,14,3.03583,76.0,15.9,4592306.0
J'Wan Roberts,Houston,0,9.75769,79.0,18.3,4433068.0
D.J. Jeffries,Mississippi St.,7,2.10351,79.0,18.1,4431682.0
Jake Kyman,Wyoming,14,-3.36854,79.0,21.0,4432876.0
Drew Lowder,Cleveland St.,1,-1.39018,73.0,20.7,4431859.0
Russell Jones Jr,Western Carolina,1,0.0306964,68.0,14.6,4592771.0
Marko Lukic,Denver,17,-3.35724,79.0,16.7,4432042.0
Kenan Sarvan,Stony Brook,17,-4.81606,82.0,18.2,4593001.0
Jon Dos Anjos,UTEP,17,-4.3231,80.0,20.0,4431944.0
John-Michael Wright,Oklahoma St.,1,2.58981,73.0,18.4,4592741.0
Brenden Tucker,Georgia St.,1,-3.63527,75.0,23.2,4597990.0
Trevon Reddish-Rhone,Presbyterian,7,-5.07228,76.0,18.6,4597991.0
Dan Petcash,Binghamton,12,-0.404282,76.0,15.1,4592893.0
Justin Moore,Villanova,11,2.87821,76.0,24.0,4592491.0
Chris Arcidiacono,Villanova,14,3.00177,76.0,8.3,4592490.0
Lok Wur,Oregon,3,1.58701,81.0,14.1,4565434.0
Chandler Lawson,Memphis,15,4.83395,79.0,13.3,4431721.0
Boo Buie,Northwestern,9,4.28187,74.0,28.7,4592712.0
Christian Ray,Delaware,8,1.66244,78.0,16.3,4592448.0
Noah Carter,Missouri,12,3.67182,78.0,21.6,4431923.0
Adam Cisse,Manhattan,8,0.261983,82.0,14.3,4593329.0
James Betz,Northern Iowa,17,-3.42857,78.0,19.7,4431904.0
Cyrus Largie,Florida Gulf Coast,7,-1.1316,75.0,16.9,4592249.0
Tre Williams,Duquesne,15,1.29273,79.0,16.3,4432147.0
Jordan Walker,UAB,9,5.52869,71.0,30.4,4396656.0
Paxson Wojcik,Brown,11,3.59503,77.0,21.0,4433125.0
EJ Bellinger,Belmont,12,0.815355,76.0,20.5,4593461.0
Avery Felts,Arkansas St.,14,0.127424,74.0,13.9,4431959.0
Mario McKinney Jr.,UTEP,7,-3.02994,73.0,25.6,4896928.0
Malcolm Farrington,Arkansas St.,10,-5.77578,75.0,18.9,4431957.0
Tray Jackson,Seton Hall,3,-1.83574,82.0,22.5,4593010.0
Joe Pridgen,Northeastern,7,-2.89099,77.0,22.7,4432092.0
Sam Freeman,Pacific,16,0.757096,82.0,13.8,4702254.0
Jubrile Belo,Montana St.,8,2.19136,81.0,26.9,4592617.0
Tyson Walker,Michigan St.,11,5.35252,73.0,22.1,4432129.0
Dakota Rivers,Florida Gulf Coast,12,2.28338,80.0,14.8,4592248.0
Qwanzi Samuels,George Washington,17,-3.17058,81.0,14.1,4592251.0
Quincy Guerrier,Oregon,3,2.79364,80.0,19.0,4432996.0
Joseph Girard III,Syracuse,1,-1.65827,73.0,24.7,4431746.0
Maks Klanjscek,Houston Christian,1,-4.9575,76.0,23.8,4593967.0
Chase Adams,Jackson St.,5,-3.36591,68.0,18.8,5107383.0
Jaren Holmes,Iowa St.,9,1.55434,76.0,25.8,4701016.0
Jesse Edwards,Syracuse,2,7.76844,83.0,21.8,4431816.0
Max Abmas,Oral Roberts,11,4.26163,72.0,27.5,4432932.0
Dominic Brewton,Alcorn St.,1,-1.63311,76.0,26.9,4594037.0
Tre Armstrong,Cal Baptist,14,0.180196,78.0,14.9,4593806.0
Reed Nottage,Cal Baptist,14,1.21572,79.0,14.0,4593807.0
Michael Shanks,Belmont,7,-3.35641,78.0,16.1,4433075.0
Sam Hofman,Houston Christian,3,-3.21001,77.0,13.6,4592901.0
DeAntoni Gordon,Little Rock,3,-2.10441,80.0,19.6,4431789.0
Moses Bol,Milwaukee,13,2.8844,85.0,11.6,4593840.0
Darin Green Jr.,Florida St.,14,0.115659,77.0,20.4,4593839.0
Harwin Francois,McNeese St.,12,-1.52451,77.0,11.8,4592723.0
T.J. Bickerstaff,Boston College,8,2.63062,81.0,19.7,4592778.0
Mate Okros,Drexel,14,-0.896224,78.0,11.1,4592777.0
Patrick McCaffery,Iowa,3,2.31592,81.0,21.0,4432836.0
Essam Mostafa,Coastal Carolina,8,-1.6223,81.0,21.2,4433052.0
Deshawndre Washington,New Mexico St.,7,0.0990507,79.0,22.3,4593138.0
Cam Spencer,Rutgers,11,8.26776,76.0,19.7,4433083.0
Brendan Wenzel,Wyoming,14,1.69047,79.0,14.8,4433110.0
Branden Carlson,Utah,2,7.31885,84.0,27.1,4592435.0
Perry Cowan,Brown,17,-3.36937,76.0,16.0,4432960.0
Dan Friday,Brown,9,0.532134,76.0,24.7,4593253.0
Eric Coleman,Alabama St.,10,-7.76601,80.0,16.5,5107442.0
Alonzo Gaffney,Arizona St.,7,1.27973,81.0,13.4,4431694.0
Eric Dixon,Villanova,2,5.19082,80.0,25.6,4431718.0
Enrique Freeman,Akron,2,5.29093,79.0,26.7,4592699.0
Khristion Courseault,Chattanooga,1,-6.12417,74.0,19.9,4593063.0
Ta'Lon Cooper,Minnesota,9,0.954073,76.0,20.4,4432959.0
Grant Sherfield,Oklahoma,11,2.97065,74.0,26.2,4431794.0
Denijay Harris,Southern Miss,8,-1.817,78.0,18.6,4593268.0
LJ Bryan,Morehead St.,8,-2.15535,81.0,16.8,4593680.0
Tyzhaun Claude,Western Carolina,2,-3.94007,80.0,30.2,4593677.0
Ques Glover,Samford,11,-2.92349,72.0,29.7,4592827.0
Kwane Marble,Loyola Marymount,7,-1.95142,77.0,14.1,4593129.0
Jesse Zarzuela,Central Michigan,1,-3.4261,75.0,27.5,4897759.0
Alec Woodard,Southeastern Louisiana,12,2.13817,74.0,13.0,4432150.0
Liam McChesney,Illinois St.,15,-1.20738,82.0,19.0,4433038.0
Erik Czumbel,UTSA,5,-4.09898,75.0,12.8,4593285.0
Olivier Nkamhoua,Tennessee,2,5.51968,81.0,22.1,4431832.0
Keondre Kennedy,UNC Greensboro,3,3.70388,78.0,21.6,5107354.0
Allan Jeanne-Rose,Fairfield,8,0.438086,79.0,19.1,4593277.0
George Tinsley,Mount St. Mary's,17,0.936719,78.0,14.6,4432126.0
Joel Brown,California,5,-1.40461,75.0,17.1,4431787.0
Kenan Blackshear,Nevada,9,2.31776,78.0,28.3,4592846.0
Davonte Gaines,George Mason,3,2.18111,79.0,14.8,4431961.0
Hunter Dean,George Washington,13,1.44722,82.0,15.6,4593273.0
Jaykwon Walton,Wichita St.,12,4.06706,79.0,19.6,4431713.0
Rodney Howard,Georgia Tech,8,-0.425307,81.0,15.4,4433010.0
Casey Morsell,N.C. State,12,5.38423,75.0,13.8,4431704.0
Ebby Asamoah,Delaware,14,-2.08546,76.0,15.3,4597790.0
Harlond Beverly,Miami FL,11,1.1019,78.0,16.4,4431701.0
Tyler Robertson,Portland,9,1.6222,78.0,27.7,4592580.0
Johnny McCoy,Delaware,12,-1.84853,77.0,10.6,4597788.0
Isaiah Wong,Miami FL,11,5.43102,76.0,24.0,4431727.0
Sammy Hunter,Akron,12,-1.35929,81.0,18.3,4433011.0
Will Baker,Nevada,2,1.13777,84.0,25.5,4431691.0
Jalen Windham,Ball St.,14,-3.71848,77.0,18.7,4433123.0
Shereef Mitchell,Creighton,6,1.86469,73.0,14.4,4432059.0
Joel Soriano,St. John's,8,5.48734,83.0,22.5,4592317.0
DJ Horne,Arizona St.,1,2.83613,73.0,22.2,4431993.0
Tristan Enaruna,Cleveland St.,2,2.61435,80.0,24.4,4431734.0
Jalen Wilson,Kansas,3,4.51782,80.0,28.2,4431714.0
Dae Dae Grant,Duquesne,1,2.44095,74.0,22.3,4593444.0
PJ Henry,Texas Southern,1,-3.26628,70.0,26.9,4431987.0
Joe Toussaint,West Virginia,9,4.21505,72.0,24.7,4432880.0
Kvonn Cramer,Bryant,0,0.853899,79.0,20.2,4592957.0
Collin Cooper,Central Arkansas,10,-3.37658,74.0,16.5,4431932.0
Derrick Carter-Hollinger,Bethune Cookman,12,-1.20239,78.0,13.3,4592605.0
Tariq Ingraham,Rider,8,-1.94067,81.0,24.4,4431995.0
Dischon Thomas,Montana,3,-1.3353,81.0,23.1,4593040.0
DQ Nicholas,Gardner Webb,9,0.342227,73.0,23.3,4593687.0
Emmanuel Bandoumel,Nebraska,5,0.632836,76.0,19.1,4593107.0
Steve Settle III,Howard,3,-0.110333,82.0,19.0,4704043.0
Wayne Bristol Jr.,Georgetown,12,1.69377,78.0,12.8,4593375.0
Cam Krystkowiak,Dartmouth,12,-0.950428,81.0,13.3,4593313.0
Jahmir Young,Maryland,9,5.77538,73.0,29.3,4433133.0
Caleb Stone-Carrawell,Austin Peay,1,-5.63134,79.0,20.4,4592841.0
Isiah Kirby,Portland St.,1,-4.31997,76.0,21.7,4594144.0
Ahmard Harvey,High Point,15,0.25187,79.0,14.5,4593884.0
Jalen Benjamin,Mount St. Mary's,1,-1.94684,70.0,30.3,4431903.0
Tyler Harris,Western Carolina,17,-1.35757,79.0,10.8,4593721.0
Ahmir Langlais,USC Upstate,13,-1.68837,81.0,21.4,4593724.0
Greg Dolan,Cornell,11,1.29569,75.0,20.5,4593308.0
Marcus Tsohonis,Long Beach St.,1,-5.19714,75.0,29.7,4592438.0
Isaiah Palermo,Little Rock,6,-4.0486,78.0,20.1,4431834.0
Sam Wolfe,VMI,17,-8.46614,80.0,7.9,4593714.0
Pierre Crockrell II,UC Irvine,5,-3.04372,72.0,18.4,4432962.0
Cameron Tucker,Alabama A&M,5,-2.24572,73.0,16.5,4594012.0
Kamdyn Curfman,Marshall,14,0.572782,73.0,14.7,4593713.0
Jalen Johnson,Milwaukee,8,-2.60306,79.0,23.1,4594013.0
Tory San Antonio,Cal St. Fullerton,15,2.32398,75.0,14.6,4432108.0
Baylor Scheierman,Creighton,3,7.40341,79.0,21.1,4593841.0
RayJ Dennis,Toledo,9,4.44284,74.0,28.6,4431941.0
Noah Freidel,James Madison,14,1.3801,76.0,17.5,4431956.0
Josiah-Jordan James,Tennessee,6,5.68715,78.0,20.9,4431685.0
Drew Pember,UNC Asheville,2,5.52609,82.0,31.1,4431793.0
Chris Maidoh,Fairfield,0,3.39428,82.0,19.6,4593276.0
Airion Simmons,Abilene Christian,9,1.03221,77.0,23.5,4433077.0
Nathan Johnson,Samford,17,-3.27743,79.0,13.4,4592939.0
Ben Krikke,Valparaiso,2,1.79548,81.0,25.9,4592733.0
Nate Allison,Navy,16,-6.10829,79.0,17.2,4431880.0
Tanner Holden,Ohio St.,15,2.06356,78.0,14.9,4431990.0
Lance Terry,Georgia Tech,14,-0.623299,74.0,16.4,4432121.0
Chris Harris,Southeast Missouri St.,1,-2.9156,75.0,24.9,4593686.0
Sam Griffin,Tulsa,1,-0.866866,76.0,27.3,4432994.0
Jarvis Vaughan,Monmouth,7,-4.89111,81.0,13.5,4593338.0
Kenny Foster,Wyoming,12,-1.47999,77.0,13.5,4432984.0
Chris Mann,Army,3,-2.95813,78.0,23.3,4593075.0
Carlos Paez,Austin Peay,1,-2.89401,70.0,19.2,4433055.0
Sean Bairstow,Utah St.,3,2.73174,80.0,18.3,4593102.0
Antavion Collum,Cal St. Bakersfield,3,-2.86272,80.0,27.7,4432856.0
Mason Gillis,Purdue,12,7.02353,78.0,16.8,4431753.0
Carrington McCaskill,Central Michigan,8,-2.54337,80.0,17.2,4432895.0
Charlie Easley,South Dakota St.,12,2.43295,74.0,15.4,4592707.0
John Harge,Idaho,7,-10.2985,79.0,16.1,4593306.0
Issac McBride,Oral Roberts,14,0.600564,74.0,16.8,4431769.0
KJ Johnson,North Alabama,1,-1.37578,75.0,23.1,4592273.0
Xavier Johnson,Southern Illinois,11,1.80133,73.0,16.1,4592439.0
Tre Breland,Central Connecticut,3,-3.36749,76.0,19.6,5106581.0
Qudus Wahab,Georgetown,8,-0.347624,83.0,21.2,4431739.0
Tim Ighoefe,Cal Baptist,0,4.47851,84.0,19.5,4431991.0
Myron Gardner,Little Rock,3,0.954614,77.0,24.4,4431772.0
Jordan Johnson,New Orleans,11,-0.672086,73.0,24.2,4897289.0
Omari Peek,Alabama A&M,1,-6.72599,78.0,28.4,5107454.0
Santiago Vescovi,Tennessee,11,8.29212,75.0,18.8,4609299.0
Chris Moore,Auburn,15,4.38268,78.0,13.4,4433200.0
Miles Coleman,NJIT,1,-2.77857,77.0,29.2,4701159.0
Marcus Dockery,Howard,14,0.685496,74.0,16.8,4433580.0
Nico Galette,Sacred Heart,6,-1.00592,78.0,26.3,4703183.0
Mike Hood,Coppin St.,1,-5.28334,74.0,20.9,4702075.0
Fidelis Okereke,Cal St. Northridge,16,-1.724,78.0,15.6,4702496.0
Kris Murray,Iowa,2,7.53824,80.0,25.6,4594326.0
DJ Davis,UC Irvine,1,2.30162,73.0,24.8,4702628.0
Laurynas Vaistaras,Campbell,3,-2.55796,78.0,18.9,4702005.0
Matthew Levis,Seattle,5,-0.969234,73.0,11.3,4702018.0
Jesper Granlund,Longwood,14,-0.654749,78.0,13.5,4702126.0
Jahari Long,Maryland,5,-0.388639,77.0,15.3,4433512.0
Dimingus Stevens,Florida A&M,11,-1.09853,78.0,28.7,4432361.0
Tyree Corbett,Denver,8,-3.61305,79.0,22.6,4703126.0
Dylan Addae-Wusu,St. John's,6,3.56512,76.0,18.2,4590361.0
Jordan Wood,Howard,10,-3.13688,81.0,20.4,4704048.0
Martez Robinson,Delaware St.,9,0.322418,74.0,21.4,4703996.0
Chris Biekeu,Towson,8,-1.27096,79.0,12.8,4702788.0
Travis Henson,Cal St. Bakersfield,15,1.32004,78.0,18.4,4702471.0
Noel Brown,George Washington,8,-4.52408,83.0,15.8,4700963.0
Dillon Jones,Weber St.,2,4.77174,78.0,27.7,4702159.0
Ishmael Leggett,Rhode Island,9,2.30133,75.0,25.2,4606837.0
Tres Berry,Charleston Southern,4,-5.6074,76.0,15.3,4701257.0
Frank Anselem,Georgia,16,0.218449,82.0,13.1,4701842.0
Carlos Rosario,Washington St.,7,-0.555512,79.0,15.6,4702465.0
Quinlan Bennett,Western Illinois,8,-4.4409,76.0,16.8,4703627.0
Matthew Nicholson,Northwestern,0,7.61451,84.0,17.4,4702289.0
Ricardo Wright,SMU,14,-2.79757,76.0,15.1,4703831.0
Raheim Sullivan,NJIT,10,-3.36375,73.0,19.4,4703830.0
Javon Cooley,Marist,14,-1.11847,77.0,15.2,4703833.0
Viktor Lakhin,Cincinnati,2,5.82191,83.0,22.5,4701192.0
Toneari Lane,Winthrop,14,-1.52552,77.0,17.9,4702226.0
Kelton Talford,Winthrop,13,-1.25632,79.0,23.6,4576140.0
Rayshon Harrison,Grand Canyon,9,2.48581,76.0,30.4,4702195.0
Trae Broadnax,USC Upstate,9,0.328836,76.0,21.6,4702522.0
Austin Inge,Navy,5,-3.84745,72.0,17.4,4702521.0
Kobe Clark,Southeast Missouri St.,7,1.29702,78.0,16.1,4432477.0
Quincy Ademokoya,Kennesaw St.,12,-2.02136,78.0,13.5,4602022.0
Jordan Davis,Wisconsin,17,1.5057,76.0,14.1,4433242.0
Nick McMullen,UNC Asheville,8,-3.36014,80.0,19.6,4703266.0
Rudi Williams,BYU,9,2.2495,74.0,27.4,4700534.0
Camren Pierce,Cal Poly,5,-4.50435,70.0,24.9,4702351.0
Connor Kochera,Davidson,12,0.707641,77.0,14.1,4585606.0
Yuri Covington,UMass Lowell,14,-1.59106,73.0,21.1,4702871.0
Frank Staine,Utah Tech,6,3.11741,78.0,15.6,4701245.0
Jake Milkereit,William & Mary,7,-7.69971,77.0,21.4,4702870.0
Cameron Gooden,Utah Tech,11,1.31577,71.0,26.0,4701244.0
Myles Hunter,Youngstown St.,14,-1.79649,77.0,13.0,4702989.0
Alexander Nwagha,Northeastern,13,4.3154,80.0,15.8,4610401.0
Tristan da Silva,Colorado,3,4.20719,81.0,23.6,4702382.0
Nique Clifford,Colorado,7,0.484789,78.0,19.3,4702384.0
Craig Porter Jr.,Wichita St.,9,8.57583,74.0,23.8,4701233.0
Alec Oglesby,Stetson,14,-1.56509,77.0,16.0,4702696.0
Mason Madsen,Boston College,10,-1.09978,76.0,16.0,4581506.0
Gabe Madsen,Utah,10,2.50161,78.0,21.7,4432753.0
Jahmyl Telfort,Northeastern,3,-0.0620764,79.0,25.1,4702785.0
Isaiah Johnson,Portland St.,15,0.568447,78.0,19.7,4702389.0
Latrell Wrightsell Jr.,Cal St. Fullerton,9,3.36958,75.0,26.4,4702484.0
Donovan Newby,UNC Wilmington,14,1.33695,73.0,14.4,4702932.0
Cameron Steele,Abilene Christian,12,0.453332,80.0,15.0,4703600.0
Jaylen Clark,UCLA,6,10.3784,77.0,21.4,4432247.0
Keon Ambrose-Hylton,SMU,15,2.1803,80.0,10.0,4702178.0
DeMarr Langford Jr.,Boston College,17,-2.43567,77.0,16.4,4433165.0
Donchevell Nugent,Maryland Eastern Shore,5,-2.08695,72.0,22.4,4704097.0
Tarig Eisa,Florida A&M,7,-5.69154,80.0,16.6,4703628.0
Kasen Harrison,Winthrop,9,-2.06026,74.0,20.9,4703629.0
Jamari Sibley,UTEP,17,-1.84928,80.0,13.7,4433168.0
TJ Berger,Lafayette,10,-4.51452,76.0,19.9,4433589.0
Jahlil White,Temple,8,1.45245,79.0,15.9,4432514.0
Caleb Love,North Carolina,1,1.88864,76.0,25.8,4433144.0
Collin Holloway,Tulane,15,-2.76857,78.0,18.5,4701559.0
Coleman Hawkins,Illinois,15,5.33586,82.0,19.1,4432976.0
Jackson Sivills,Wofford,17,-1.82384,78.0,13.5,4590401.0
Nijel Pack,Miami FL,11,3.41057,72.0,20.5,4576062.0
Andre Henry,UC Irvine,6,0.629259,76.0,16.7,4702629.0
Justice Hill,LSU,4,-3.29464,72.0,19.8,4703264.0
Caleb Murphy,DePaul,4,-6.66779,76.0,20.6,4567587.0
Ze'Rik Onyema,UTEP,15,-0.495372,80.0,18.8,4703082.0
Myles Ruth,Monmouth,5,-6.84182,72.0,22.0,4703427.0
Garvin Clarke,Akron,4,-4.40707,72.0,16.8,4433221.0
Josh Taylor,East Tennessee St.,15,2.44454,81.0,13.8,4702889.0
Klemen Vuga,Monmouth,7,-2.18822,81.0,20.7,4703428.0
DeAndre Pinckney,Southern Miss,3,3.3181,80.0,20.9,4703112.0
Giancarlo Rosado,Florida Atlantic,13,6.20846,80.0,17.9,4585611.0
Jeremy Robinson,North Carolina A&T,17,-7.72555,77.0,14.0,4704088.0
Detalian Brown,North Alabama,10,-2.80272,74.0,15.7,4700848.0
Will Soucie,North Alabama,7,-3.30416,78.0,18.6,4613134.0
Tahlik Chavez,Charleston Southern,14,-2.68448,74.0,20.2,4703010.0
Deivon Smith,Georgia Tech,9,3.03366,73.0,22.8,4433184.0
Mounir Hima,Syracuse,0,5.67185,83.0,9.8,4700878.0
Andersson Garcia,Texas A&M,15,7.00268,79.0,12.6,4702431.0
Luis Kortright,Quinnipiac,9,-0.139498,75.0,26.0,4703435.0
D'Moi Hodge,Missouri,11,9.4552,76.0,20.1,4702702.0
Tymu Chenery,Quinnipiac,17,-0.773789,78.0,13.7,4703434.0
Jayson Woodrich,Cleveland St.,14,-1.35859,79.0,17.6,4702699.0
Yahel Hill,Cleveland St.,1,-3.91954,72.0,18.7,4702698.0
Deven Dahlke,San Diego,14,-0.566703,74.0,10.1,4703095.0
Josh Bannan,Montana,2,3.51195,82.0,27.1,4702058.0
Rodrigue Andela,Oregon St.,8,-3.1129,80.0,19.2,4702390.0
Noah Farrakhan,Eastern Michigan,1,-4.96708,74.0,24.3,4432203.0
Anwar Gill,La Salle,5,-1.11376,76.0,25.4,4700969.0
Robby Beasley III,UC Davis,14,-1.05358,75.0,15.8,4432435.0
Jhamir Brickus,La Salle,11,-0.52074,71.0,16.5,4700970.0
Mike Miles Jr.,TCU,11,3.38199,74.0,25.3,4432550.0
Terrence Edwards,James Madison,2,2.91478,78.0,27.1,4702766.0
Rondel Walker,TCU,4,0.45824,77.0,11.2,4433163.0
Michael Thomas,Louisiana,4,-2.81262,73.0,18.7,4702105.0
Matthew-Alexander Moncrieffe,Georgia,8,-0.778305,80.0,16.6,4610395.0
Luke O'Brien,Colorado,3,3.98264,80.0,15.2,4702380.0
Tyree Ihenacho,James Madison,6,2.33268,76.0,12.5,4702666.0
Mitchell Sueker,North Dakota,3,-6.45758,81.0,25.0,4702668.0
Terrance Thompson,SIU Edwardsville,13,-0.607406,80.0,13.8,4702929.0
Cameron Smith,Cal St. Bakersfield,7,-1.43547,79.0,23.9,4702472.0
Jay Rodgers,Central Connecticut,1,-7.13231,75.0,23.6,4703644.0
Nate Martin,Texas St.,8,-0.20528,80.0,21.5,4702068.0
Dylan Dawson,Texas St.,10,-2.98454,75.0,13.1,4702066.0
Tristan Maxwell,Georgia Tech,10,-6.83581,75.0,22.1,4433578.0
Saba Gigiberia,San Francisco,0,0.926317,85.0,28.7,4433208.0
DA Houston,Longwood,5,-0.0415707,73.0,19.2,4585602.0
Shannon Grant,Mercer,8,-5.39531,82.0,25.7,4703815.0
Carson McCorkle,Wofford,14,-3.04316,75.0,15.9,4432511.0
Malachi Poindexter,Illinois St.,1,-4.08909,74.0,18.4,4701986.0
Bryce Thompson,Oklahoma St.,1,-0.431701,78.0,23.9,4432200.0
Latrell Jossell,Stephen F. Austin,11,1.41909,71.0,18.5,4601284.0
Andrew Carr,Wake Forest,12,4.32062,82.0,17.2,4702743.0
Ebenezer Dowuona,N.C. State,16,0.267523,83.0,9.4,4432447.0
Trey Galloway,Indiana,14,3.32774,76.0,12.3,4432315.0
Mikal Starks,Portland St.,5,-4.23671,73.0,15.3,4702888.0
Aziz Bandaogo,Utah Valley,0,6.84303,84.0,18.1,4703576.0
Tyron McMillan,McNeese St.,16,-7.53337,81.0,16.3,4702886.0
Jade Tse,Holy Cross,4,-10.17,73.0,17.2,4703613.0
Bowen Born,Northern Iowa,1,-1.01323,71.0,28.3,4703913.0
Donte Powers,Sam Houston St.,14,2.20741,74.0,19.7,4703683.0
Ahmad Rand,Milwaukee,0,5.02803,80.0,18.5,4701206.0
Kian Scroggins,Sam Houston St.,8,1.43841,79.0,16.3,4703685.0
Kobe Stewart,Presbyterian,15,1.24372,78.0,18.8,4702196.0
Nendah Tarke,Coppin St.,6,-3.7617,76.0,21.6,4704077.0
Kendall Munson,Portland St.,0,-0.423953,80.0,18.4,4433229.0
Dailin Smith,Alabama A&M,6,-2.38047,78.0,22.6,4703106.0
JoVon McClanahan,Hawaii,9,1.5979,70.0,22.4,4702504.0
Andrew Welage,Wright St.,12,0.304178,78.0,17.2,4702995.0
Jalen Leach,Fairfield,10,-3.08447,76.0,17.4,4702945.0
Adama Sanogo,Connecticut,2,9.28011,81.0,26.4,4702023.0
Jordan O'Neal,Alabama St.,8,-0.300299,79.0,16.9,4703116.0
Cheikh Faye,Charleston Southern,10,-5.57294,80.0,16.8,4703236.0
Ra'Heim Moss,Toledo,11,2.54093,76.0,15.2,4703538.0
Jonathan Aybar,North Florida,15,-1.67899,81.0,28.3,4700854.0
Lynn Kidd,Virginia Tech,13,3.16248,82.0,18.6,4701224.0
Dawson Garcia,Minnesota,3,2.3671,83.0,26.3,4432188.0
Jadyn Parker,North Florida,0,0.939657,82.0,17.1,4700856.0
PJ Hall,Clemson,2,5.47308,82.0,29.2,4701225.0
Terrell Ard Jr.,Presbyterian,7,-5.25809,79.0,22.1,4703134.0
Emmanuel Ansong,Vanderbilt,17,0.782458,76.0,15.1,4702930.0
Monty Bowser,California,10,-3.74657,79.0,14.4,4591258.0
Grant Huffman,Davidson,9,1.40573,75.0,18.5,4432522.0
Abou Ousmane,North Texas,0,5.41076,82.0,27.1,4702773.0
Michael Jones,Stanford,11,3.04455,77.0,17.9,4396784.0
Dayvion McKnight,Western Kentucky,9,1.50676,73.0,29.5,4574710.0
Brent Davis,Chicago St.,17,-2.2407,75.0,15.2,4703801.0
Nighael Ceaser,Texas St.,2,1.90963,80.0,24.7,4702071.0
Yame Butler,Drexel,3,-5.96802,77.0,31.5,4700880.0
Anthony Roy,New Mexico St.,14,-0.90112,77.0,20.9,4701189.0
Andre Jackson Jr.,Connecticut,6,8.84306,78.0,16.5,4432190.0
Jalen Dalcourt,Louisiana,14,1.19778,73.0,18.2,4703343.0
Liam Lloyd,Northern Arizona,1,-2.23577,77.0,18.3,4702029.0
Chance McMillian,Grand Canyon,11,1.60021,75.0,18.5,4702027.0
Reginald Duhart Jr.,Charleston Southern,15,0.0372088,81.0,11.9,5108124.0
Xavion Brown,Appalachian St.,16,-0.181403,75.0,17.4,4432395.0
Jaxson Robinson,BYU,17,1.85686,79.0,16.0,4702528.0
Hayden Hefner,Texas A&M,17,-0.391895,78.0,17.2,4433279.0
Sardaar Calhoun,Drake,14,0.333122,78.0,20.5,4701239.0
Jonah Carrasco,IU Indy,16,-3.38411,81.0,12.0,4702711.0
Nick Blake,Pacific,3,-0.232916,78.0,21.7,4703391.0
Gianmarco Arletti,Delaware,7,-4.43782,78.0,18.1,4702742.0
Kam Farris,Marist,10,-6.58642,75.0,21.6,4702996.0
Zool Kueth,Tennessee St.,17,-3.37148,79.0,14.9,4703524.0
Adong Makuoi,Tennessee St.,13,-2.02071,81.0,18.4,4703525.0
Enoch Cheeks,Robert Morris,9,1.49678,75.0,26.5,4703000.0
Freddy Hicks,Tarleton St.,3,3.15386,78.0,28.9,4705373.0
Briggs McClain,Hartford,1,-8.76926,76.0,28.3,4702189.0
John Shanu II,UT Rio Grande Valley,16,-2.01685,83.0,11.6,4703097.0
Devin Askew,California,9,-0.355333,75.0,31.1,4702467.0
Brycen Long,Houston Christian,11,-1.40691,74.0,18.8,4586322.0
Xavier DuSell,Wyoming,14,0.427797,76.0,15.0,4703394.0
Trey Phipps,Oral Roberts,1,-1.02266,74.0,16.9,4601286.0
Moussa Cisse,Oklahoma St.,0,6.53988,85.0,17.2,4701208.0
Tytan Anderson,Northern Iowa,2,1.72419,78.0,22.8,4703914.0
Kalen Williams,East Texas A&M,1,-4.98776,74.0,18.9,4702020.0
Le'Tre Darthard,Utah Valley,11,4.6021,76.0,21.2,4702362.0
Modestas Kancleris,Cal St. Bakersfield,16,-1.54456,81.0,21.8,4701556.0
Beon Riley,Hawaii,7,0.464765,78.0,20.9,4702505.0
Ryan Kalkbrenner,Creighton,13,10.453,85.0,19.4,4576060.0
Rollie Worster,Utah,9,3.6725,76.0,17.9,4701995.0
Darlinstone Dubar,Hofstra,12,2.11842,80.0,19.7,4598640.0
Julian Larry,Indiana St.,11,2.6508,75.0,15.5,4703907.0
Cam Holden,Towson,9,3.9275,77.0,28.7,4703407.0
Mason Archambault,South Dakota,1,-1.04331,72.0,16.2,4702648.0
Yacine Toumi,Evansville,7,-5.01915,82.0,27.9,4702598.0
Jaden Walker,East Carolina,5,-0.728779,77.0,18.0,4433024.0
Collin Moore,Georgia St.,6,2.19864,76.0,23.2,4702110.0
Eric Reed Jr.,Mississippi St.,10,0.863601,74.0,13.9,4703377.0
Eugene Brown III,Ohio St.,12,4.45742,78.0,11.2,4433179.0
Kenny Hunter,Louisiana Tech,13,3.37935,82.0,14.3,4432313.0
Bryce McBride,Youngstown St.,1,-0.67582,74.0,15.4,4703077.0
Setric Millner Jr.,Toledo,3,1.66426,79.0,21.4,4703540.0
Toby Okani,Illinois Chicago,7,-1.32199,80.0,22.1,4700873.0
Tyson Acuff,Eastern Michigan,11,0.124014,76.0,20.3,4606831.0
Kaden Metheny,Bowling Green,14,-1.05107,71.0,16.4,4703572.0
Zion Bethea,St. Francis NY,6,-2.59021,76.0,24.7,4433577.0
Shawndarius Cowart,Grambling St.,5,0.261014,75.0,21.4,4702762.0
Cam Young,Saint Peter's,7,-3.87892,79.0,15.2,4703573.0
Frank Jakubicek,Belmont,16,0.0662996,80.0,12.6,4703221.0
Brandyn Talbot,UT Arlington,14,-1.93202,77.0,17.7,4702054.0
Abdou Tsimbila,Fordham,0,0.149241,81.0,18.4,4702329.0
Leo Colimerio,Fresno St.,15,1.40248,79.0,12.4,4703241.0
Jamarcus Jones,Jackson St.,13,-2.52807,77.0,17.6,4703203.0
Destin Whitaker,Fresno St.,10,-3.47352,77.0,9.3,4703240.0
Braxton Meah,Washington,13,5.19896,85.0,15.1,4703242.0
Kyle Harding,Prairie View A&M,5,-3.30949,75.0,19.4,4703239.0
Jamal Shead,Houston,9,5.0074,73.0,20.7,4432241.0
CJ Huntley,Appalachian St.,12,3.15368,83.0,15.9,4702602.0
Tramon Mark,Houston,6,4.71128,77.0,19.2,4432243.0
Max Murrell,Stanford,14,3.85794,81.0,14.6,4585601.0
Michael O'Connell,Stanford,5,-0.0448556,74.0,15.7,4683635.0
Daniel Foster,Nevada,7,0.880079,78.0,10.1,4702876.0
Eddie Lampkin Jr.,TCU,8,3.82941,83.0,17.7,4433191.0
Robert Ford III,Montana St.,4,0.138232,72.0,16.7,4701583.0
Jordan Ivy-Curry,Pacific,1,-0.0394181,74.0,26.2,4703122.0
Davion Bradford,Wake Forest,13,-0.570962,84.0,13.9,4700530.0
Jalen Terry,DePaul,5,-0.872247,72.0,17.3,4702387.0
Jadon Jones,Long Beach St.,6,4.18845,77.0,13.9,4611534.0
Jermaine Marshall,Samford,2,3.02922,78.0,25.5,4703575.0
Justin Johnson,UT Rio Grande Valley,1,-3.84784,78.0,30.6,4703110.0
Myles Foster,Monmouth,8,-2.01968,79.0,25.5,4703425.0
DeAnthony Tipler,East Tennessee St.,1,-1.23648,70.0,21.7,4702121.0
Jack Holmstrom,Monmouth,10,-5.88422,78.0,9.4,4703426.0
Lance Ware,Kentucky,13,4.29601,81.0,13.4,4433152.0
Jakari Spence,Monmouth,5,-4.63894,74.0,15.5,4703003.0
Ty Berry,Northwestern,6,2.92486,75.0,17.5,4702288.0
Cam'Ron Fletcher,Florida St.,3,-1.2775,79.0,22.6,4432182.0
Chris Greene,Arkansas Pine Bluff,3,-1.53222,80.0,26.8,4702700.0
Kentrell Garnett,Louisiana,14,2.75815,73.0,10.3,4702106.0
Judah Brown,South Alabama,12,3.26748,78.0,11.2,4433193.0
Justin Hill,Georgia,9,0.0479386,72.0,24.1,4702127.0
Chaunce Jenkins,Old Dominion,9,0.876708,76.0,24.0,4701236.0
Keith Dinwiddie Jr.,Weber St.,4,-9.41356,72.0,22.9,4586026.0
Alex Peterson,Kennesaw St.,8,-0.77066,79.0,17.6,4700839.0
Brandon Stroud,Kennesaw St.,6,3.38297,78.0,20.9,4433177.0
Niko Rocak,UC Davis,16,-4.17873,81.0,13.9,4702596.0
Noah Collier,William & Mary,16,-4.8441,80.0,21.3,4432204.0
Femi Odukale,Seton Hall,6,3.96156,78.0,17.3,4701839.0
JaDun Michael,Elon,7,-8.00618,77.0,18.1,4602028.0
Colin Granger,Western Carolina,7,-8.06426,81.0,16.4,4585598.0
JT Shumate,Toledo,12,5.12223,79.0,21.1,4703541.0
Jalin Anderson,Loyola Marymount,1,-3.84665,75.0,23.6,4701211.0
Christian Shumate,McNeese St.,2,-1.66502,79.0,24.1,4701228.0
Woody Newton,Oklahoma St.,7,1.12633,81.0,15.7,4601285.0
E.J. Clark,George Washington,10,-1.16462,71.0,10.0,4703117.0
Alex Tchikou,Rhode Island,16,-4.17617,83.0,17.3,4702182.0
Jace Howard,Michigan,17,-1.30443,79.0,10.9,4611541.0
Max Burchill,South Dakota,11,-1.52408,76.0,15.1,4702649.0
Caleb Huffman,Nicholls St.,6,0.676616,76.0,24.3,4703557.0
Chris Osten,IU Indy,13,-2.45847,81.0,17.4,4702376.0
Mawot Mag,Rutgers,15,3.41907,79.0,17.5,4602948.0
Courvoisier McCauley,Indiana St.,3,1.12766,77.0,24.3,4701557.0
Kobe Elvis,Dayton,1,0.0526459,74.0,18.8,4683135.0
Jason Spurgin,Southern Utah,13,4.81455,83.0,17.6,4702155.0
Chuck Harris,Butler,1,1.01778,74.0,21.0,4701551.0
Nick Fleming,Cal Poly,5,-2.07647,73.0,17.1,4702153.0
Boubacar Coulibaly,Pepperdine,16,-3.03716,82.0,17.5,4433495.0
Jake Kosakowski,UC San Diego,10,-4.26523,78.0,13.4,4702605.0
Bryce Pope,UC San Diego,1,-0.0649071,75.0,26.1,4702606.0
Brandon Noel,Wright St.,2,2.56022,80.0,20.5,4702994.0
Alex Huibregtse,Wright St.,12,0.246716,75.0,16.5,4702993.0
Eduardo Andre,Fresno St.,0,5.83548,73.0,22.4,4702281.0
Dain Dainja,Illinois,13,3.92187,81.0,22.4,4432189.0
Lu'Cye Patterson,Charlotte,11,1.66139,74.0,21.6,4703979.0
Nelly Junior Joseph,Iona,8,3.69854,81.0,24.0,4703015.0
LJ Cryer,Baylor,11,3.83621,73.0,20.3,4433149.0
Saquan Singleton,George Mason,16,-0.928684,78.0,16.8,4703252.0
Isaiah Marin,Texas Southern,4,-6.83939,77.0,13.8,4703251.0
Shaquan Jules,Radford,13,1.7105,79.0,16.2,4702215.0
Xavier Lipscomb,Mount St. Mary's,5,-1.18154,74.0,13.6,4702218.0
Bobby Harvey,Portland St.,14,-2.3311,76.0,19.0,4702709.0
Dawson Baker,UC Irvine,11,1.60748,76.0,26.2,4702626.0
Sam Towns,Bowling Green,8,-2.89177,81.0,15.3,4703531.0
Demarcus Sharp,Northwestern St.,9,3.91428,75.0,30.7,4703973.0
Raphe Ayres,Missouri St.,12,-2.49583,77.0,10.6,4703976.0
Zed Key,Ohio St.,2,5.67699,80.0,23.2,4432401.0
Cameron Matthews,Mississippi St.,6,6.7135,79.0,16.7,4432394.0
Olivier-Maxence Prosper,Marquette,12,3.54127,80.0,19.8,4595400.0
Tony Toney,UAB,17,1.89277,74.0,12.2,4703133.0
Oso Ighodaro,Marquette,13,9.5283,81.0,18.2,4601023.0
Terence Lewis II,Louisiana,2,5.6153,79.0,20.3,4702774.0
Simeon Kirkland,New Orleans,16,-7.75596,82.0,23.6,4703132.0
Chaz Lanier,North Florida,14,-1.3038,76.0,11.4,4700852.0
Corey McKeithan,Rider,17,-2.40006,74.0,15.8,4433243.0
Gabe O'Neal,Bowling Green,8,-9.33335,79.0,21.9,4703555.0
Jalen Harris,Cal St. Fullerton,1,-1.77012,73.0,25.8,4702482.0
Theo Hughes,Northern Colorado,13,-1.59136,84.0,11.6,4702088.0
JJ Platt,Jacksonville St.,5,-4.7855,73.0,16.6,4703248.0
Wil Tattersall,UC Riverside,17,-2.98986,79.0,14.3,4702357.0
Desmond Polk,SIU Edwardsville,17,-6.23905,76.0,12.2,4432527.0
Paris Dawson,Seattle,10,-1.74942,74.0,17.1,4702138.0
Adefolarin Adetogun,Maine,10,-3.87629,73.0,11.7,4700996.0
Kyle LeGreair,Detroit Mercy,5,-1.38067,72.0,7.8,4567749.0
Shamir Bogues,Tarleton St.,6,4.13096,76.0,16.0,4705380.0
Steven Verplancken Jr.,Weber St.,14,-0.0698492,76.0,19.2,4703924.0
Ben Carlson,Utah,15,0.614127,81.0,13.9,4433166.0
J.D. Muila,Southern Illinois,8,0.37852,80.0,12.7,4703922.0
Jabe Mullins,Washington St.,14,3.29327,78.0,17.4,4701181.0
Steven Crowl,Wisconsin,2,5.59751,84.0,23.2,4588201.0
Mitchell Saxen,Saint Mary's,8,7.08146,82.0,21.6,4701182.0
Chris Childs,Lindenwood,1,-6.32853,74.0,23.9,4703139.0
Thomas Howell,Louisiana Monroe,7,-1.37058,80.0,17.8,4702092.0
Jace Roquemore,UC San Diego,14,-0.256946,77.0,12.0,4702611.0
Tyrell Roberts,San Francisco,11,3.27129,71.0,20.2,4702609.0
Javion May,Sam Houston St.,6,5.48213,74.0,12.9,4703680.0
Donavan Yap,Fresno St.,1,-5.66829,77.0,25.1,4703386.0
Eoin Nelson,North Alabama,7,-4.266,83.0,12.2,4703398.0
Jeremiah Oden,Wyoming,3,-0.614776,80.0,21.0,4703399.0
D'Maurian Williams,Texas Tech,11,1.64739,75.0,15.1,4702065.0
Colin Golson Jr.,Eastern Michigan,3,-3.72764,78.0,15.7,4703512.0
Jamaine Mann,Georgia St.,3,0.0937547,78.0,20.4,4589479.0
Phillip Russell,Southeast Missouri St.,9,1.18637,70.0,28.9,4701120.0
Marques Warrick,Northern Kentucky,1,0.307814,74.0,28.0,4702714.0
Luke House,Drexel,12,1.78079,76.0,13.9,4702744.0
Trey Robinson,Northern Kentucky,6,0.737548,78.0,20.4,4702713.0
Jordan Sears,Tennessee Martin,11,-0.946965,71.0,25.8,4702063.0
Garrett Hien,Furman,15,2.29217,81.0,17.8,4703810.0
Coleman Stucke,Northeastern,14,-1.56327,79.0,16.6,4589480.0
Drew Thelwell,Morehead St.,11,1.14231,75.0,18.4,4703260.0
Tekorian Smith,Prairie View A&M,17,-2.60271,77.0,22.5,4703552.0
Johni Broome,Auburn,0,8.98507,82.0,27.0,4433569.0
Kasen Jennings,Kennesaw St.,14,0.53997,75.0,13.7,4700841.0
Jacob Nicolds,Utah Tech,15,3.2625,77.0,18.2,4408086.0
Javontae Hopkins,Tarleton St.,5,-3.59118,72.0,18.2,4705377.0
R.J. Blakney,Dayton,12,2.12326,78.0,15.6,4700864.0
Juhlawnei Stone,Cal Baptist,16,-5.49866,79.0,19.7,4702041.0
Malik Wade,Cal Baptist,13,-1.31221,80.0,13.9,4702040.0
Trey Thomas,Vanderbilt,10,0.00733907,72.0,14.6,4702531.0
Churchill Bounds,Central Arkansas,7,-3.99066,82.0,21.9,4703608.0
Carter Gilmore,Wisconsin,17,2.67163,79.0,10.9,4702534.0
Donovan Williams,Pacific,10,-1.3125,77.0,18.0,4432255.0
Jaron Pierre Jr.,Wichita St.,17,-1.3475,77.0,21.3,4703115.0
Nathaniel Pollard Jr.,Maryland Eastern Shore,8,2.19283,77.0,24.7,4704102.0
Justin Wright,North Carolina Central,11,1.34304,73.0,24.2,4704109.0
Isaiah Addo-Ankrah,UTSA,12,2.5655,78.0,15.5,4703125.0
Colby Jones,Xavier,11,6.60437,78.0,22.1,4433378.0
Malik Henry,George Mason,13,-1.50422,80.0,18.6,4606836.0
Mady Sissoko,Michigan St.,13,4.01404,81.0,14.4,4433154.0
Eric Lee,Alabama A&M,4,-3.99239,76.0,15.1,4703109.0
Jamie Bergens,Drexel,5,-2.55853,74.0,19.9,4702658.0
Tanner Christensen,Utah Tech,2,2.58297,82.0,20.2,4701576.0
Malique Jacobs,Kent St.,6,4.26057,75.0,25.9,4703551.0
Mark Sears,Alabama,11,7.22728,73.0,19.7,4703530.0
Posh Alexander,St. John's,5,2.7615,72.0,20.4,4433156.0
Jaemyn Brakefield,Mississippi,12,3.9704,80.0,18.2,4432169.0
J'Vonne Hadley,Colorado,8,4.77122,78.0,17.4,4702784.0
Emorie Knox,Charleston Southern,10,-6.30162,72.0,15.7,4590397.0
Matt Cross,Massachusetts,6,2.87137,79.0,24.7,4433563.0
Darius Burford,Illinois St.,11,-1.67566,72.0,25.2,4702759.0
Earl Timberlake,Bryant,8,-0.792578,78.0,22.7,4432193.0
Tristan Ikpe,Sam Houston St.,6,4.11132,78.0,14.4,4703681.0
Michael Graham,Loyola Marymount,13,2.74405,80.0,14.2,4702761.0
Kylen Milton,Arkansas Pine Bluff,9,-1.74985,76.0,26.8,4703071.0
Keshawn Williams,Northern Illinois,11,-0.0988762,75.0,26.3,4602029.0
Jacob Falko,Binghamton,9,-1.20265,75.0,26.0,4702061.0
Mardrez McBride,Georgia,10,-0.306664,74.0,14.2,4702770.0
Rubin Jones,North Texas,6,2.91024,77.0,18.1,4432430.0
Shemar Rathan-Mayes,Youngstown St.,5,-4.07331,71.0,16.5,4702990.0
Boogie Anderson,Southeastern Louisiana,9,-3.46001,76.0,26.5,4702646.0
Marcus Garrett,Bethune Cookman,1,-3.40633,74.0,25.4,4703258.0
Brantly Stevenson,Cal Poly,11,0.349292,76.0,21.6,4702353.0
Dontrell McQuarter,Alcorn St.,7,-1.87208,79.0,16.2,4705266.0
Steven Ashworth,Utah St.,11,8.43213,73.0,21.8,4701991.0
Alijah Martin,Florida Atlantic,11,6.03663,74.0,24.3,4702656.0
VonCameron Davis,Kent St.,17,-0.954645,77.0,17.7,4589474.0
Dylan Robertson,Bethune Cookman,15,-3.13933,82.0,12.0,4703682.0
TJ Bamba,Washington St.,1,2.21051,77.0,26.1,4596365.0
Josh Morgan,Incarnate Word,10,-7.04711,75.0,18.9,4703621.0
Justin Vander Baan,Lafayette,0,-0.854076,84.0,28.0,4701168.0
Mike Sixsmith,Sacred Heart,17,-3.59227,72.0,14.9,4703178.0
Drew Daniel,Northern Iowa,17,-2.93507,79.0,13.0,4703915.0
A.J. Staton-McCray,Samford,6,3.11582,77.0,17.9,4703837.0
Matthew Murrell,Mississippi,1,1.63499,76.0,23.2,4702442.0
Byron Joshua,Alcorn St.,5,-1.22906,71.0,23.8,4703131.0
Zach Edey,Purdue,2,12.8017,88.0,32.6,4600663.0
Eric Boone,North Carolina Central,5,2.12411,74.0,21.2,4702114.0
Marcus Fitzgerald Jr.,Tennessee St.,1,-4.54327,74.0,23.3,4703415.0
Petar Krivokapic,FIU,14,-1.39165,76.0,13.6,4702675.0
Javaunte Hawkins,FIU,10,-2.96203,71.0,17.0,4702674.0
K.D. Johnson,Auburn,1,1.16169,72.0,22.3,4432363.0
Hunter-Jack Madden,Abilene Christian,1,-1.12468,74.0,17.4,4701572.0
Demetric Horton,North Carolina A&T,11,1.46892,77.0,15.0,4702944.0
Darweshi Hunter,Northern Illinois,12,0.243904,77.0,16.1,4596869.0
Kam Woods,North Carolina A&T,1,-1.08718,74.0,27.4,4702046.0
Jackson Threadgill,Charlotte,14,-1.50362,78.0,14.7,4702738.0
Zach Anderson,Florida Gulf Coast,3,1.98225,79.0,20.5,4700870.0
Nate Johnson,Southeast Missouri St.,13,0.581835,81.0,14.6,4703378.0
Juston Betz,Bellarmine,6,0.323962,75.0,17.0,4700822.0
Dji Bailey,Richmond,5,-2.56196,77.0,17.6,4700974.0
Adam Miller,LSU,10,-1.27627,75.0,20.2,4432175.0
C.J. Roberts,East Texas A&M,1,-6.18978,73.0,30.8,5113497.0
Kedrian Johnson,West Virginia,9,5.44208,75.0,21.9,4279756.0
Derrius Ward,UT Rio Grande Valley,17,-3.92791,78.0,14.9,4700968.0
Clifford Omoruyi,Rutgers,0,4.69617,83.0,23.8,4433155.0
Josh Gray,South Carolina,8,0.80824,84.0,17.8,4706679.0
Damani Hayes,South Dakota,8,-1.28605,76.0,14.2,4702651.0
Brandon Whitney,Montana,11,-0.435625,73.0,19.5,4585617.0
Connor Barrett,Valparaiso,12,-1.84476,78.0,11.6,4610431.0
Latrell Jones,Nicholls St.,3,-1.63855,77.0,24.5,4701200.0
Henry Coleman III,Texas A&M,8,3.99146,80.0,17.9,4432186.0
Jabri Abdur-Rahim,Georgia,14,1.95935,80.0,16.2,4432191.0
Jeremy Roach,Duke,1,2.07149,74.0,22.8,4433135.0
Tyrin Lawrence,Vanderbilt,11,3.68609,76.0,21.9,4702530.0
Reece Beekman,Virginia,9,5.56191,75.0,20.1,4432187.0
Andre Lorentsson,Toledo,14,0.0879821,80.0,16.4,4701121.0
Alyn Breed,Providence,5,-0.18083,75.0,16.0,4585590.0
Markise Davis,Arkansas St.,3,-1.66819,80.0,20.5,4702130.0
Marcel Stevens,Cal St. Northridge,10,-2.77522,74.0,14.9,4702493.0
Koby Brea,Dayton,14,1.26484,78.0,14.4,4591259.0
Hassan Diarra,Connecticut,5,2.51723,74.0,16.5,4433160.0
Zarique Nutter,Northern Illinois,7,-5.4051,78.0,24.1,4703526.0
Luke Barrett,Saint Mary's,15,1.45145,78.0,12.2,4701184.0
Jaron Rillie,Samford,11,1.7851,75.0,12.9,4703836.0
Norchad Omier,Miami FL,2,6.89189,79.0,23.1,4702134.0
Jalen Myers,Tennessee Martin,3,-5.4018,80.0,19.8,5107607.0
Simeon Fryer,Texas A&M Corpus Chris,12,-0.885503,77.0,10.4,4703703.0
Lamont Butler,San Diego St.,9,4.968,74.0,21.4,4433183.0
Ethan Morton,Purdue,17,5.51547,79.0,11.3,4433151.0
Micah Peavy,TCU,6,3.05177,79.0,20.0,4432185.0
Dylan O'Hearn,Jacksonville,17,-2.35522,76.0,16.0,4701158.0
Kareem Thompson,Oral Roberts,6,4.31883,77.0,16.1,4702657.0
Nick Farrar,UNC Wilmington,3,0.997503,79.0,25.2,4573135.0
Ahamadou Fofana,Maryland Eastern Shore,5,-5.83494,73.0,16.6,4702949.0
Siem Uijtendaal,Canisius,17,-3.19118,78.0,15.9,4702950.0
Bryson Tatum,Miami OH,10,-4.95319,76.0,11.0,4703550.0
Nehemiah Benson,Rider,15,-2.95423,79.0,14.6,4705270.0
Xavier Bell,Wichita St.,17,-3.89203,75.0,16.5,4612161.0
Kieffer Punter,Troy,1,0.373139,77.0,17.1,4702044.0
Baylor Hebb,Colorado St.,5,-2.40563,74.0,14.0,4585600.0
Nick Brennen,Manhattan,14,-2.49198,77.0,15.3,4703175.0
Kellen Amos,Central Connecticut,3,-3.35932,79.0,23.1,4701166.0
Devin Tillis,UC Irvine,2,5.15199,78.0,16.3,4703393.0
Colton Sandage,Illinois St.,1,-4.92819,74.0,20.9,4702620.0
De'Lazarus Keys,Texas A&M Corpus Chris,7,-1.4152,80.0,17.2,4703701.0
Nick Jourdain,Temple,15,3.05443,80.0,16.9,4701221.0
David N'Guessan,Kansas St.,15,6.4281,81.0,14.5,4701984.0
Eric Gaines,UAB,9,3.64329,74.0,24.4,4682883.0
Dante Maddox,Toledo,11,3.21681,74.0,16.4,4702487.0
Henry Abraham,Coastal Carolina,17,-4.24426,72.0,11.1,4703231.0
Carson Towt,Northern Arizona,8,1.6008,79.0,22.7,4702120.0
Koby Jeffries,Tennessee Martin,5,-5.44805,75.0,16.7,4623861.0
Zimi Nwokeji,Dayton,7,-3.23258,79.0,17.5,4618121.0
Josh Smith,Stetson,2,1.77699,80.0,21.5,4700859.0
Jyare Davis,Delaware,3,-2.43085,79.0,26.6,4701989.0
Obinna Anochili-Killen,Marshall,8,1.58051,80.0,16.6,4432441.0
Pelle Larsson,Arizona,11,6.60958,77.0,17.9,4601025.0
Ian Martinez,Maryland,14,2.15847,75.0,17.2,4601026.0
Dusan Mahorcic,N.C. State,13,5.11967,82.0,21.1,4703903.0
Jaden House,High Point,1,-5.58776,75.0,31.6,4702104.0
Zack Austin,High Point,3,2.67243,77.0,21.8,4702099.0
Alex Holt,High Point,16,-5.81666,80.0,16.2,4702103.0
Andrej Jakimovski,Washington St.,10,2.84241,80.0,17.2,4702466.0
Ishmael Plet,Arkansas Pine Bluff,16,-4.65812,80.0,13.8,4702662.0
Lukas Milner,Boise St.,13,3.30396,82.0,15.0,4702874.0
Naje Smith,Boise St.,2,6.17077,79.0,19.5,4702873.0
Cam Hayes,LSU,1,0.616197,74.0,19.4,4701837.0
Shakeel Moore,Mississippi St.,6,3.24577,73.0,22.1,4602027.0
A.J. Hoggard,Michigan St.,9,5.03507,76.0,27.7,4432206.0
Chibuzo Agbo,Boise St.,3,2.03506,79.0,20.7,4433197.0
Jeff Ngandu,UMKC,16,-0.693921,81.0,12.4,4701990.0
Kailex Stephens,Indiana St.,7,-3.14406,79.0,18.2,4703906.0
Trevor Lakes,Southern Indiana,14,0.221344,80.0,15.6,4289538.0
Tyler Kolek,Marquette,9,7.87853,75.0,24.2,4433225.0
Joe Munden Jr.,Fairleigh Dickinson,3,-3.98354,75.0,24.0,4703144.0
Lincoln Ball,American,7,-2.69147,78.0,13.1,4700962.0
Marques Watson,Manhattan,5,-3.92905,77.0,18.9,4703172.0
Jalen Moore,Oakland,9,1.41468,71.0,29.2,4702724.0
Trey Townsend,Oakland,3,-1.34229,78.0,23.7,4702721.0
Chris Conway,Oakland,13,-2.82867,81.0,12.6,4702722.0
Micah Parrish,San Diego St.,3,4.04206,78.0,18.5,4702719.0
Khristian Lander,Western Kentucky,10,-7.35673,75.0,18.9,4702150.0
Sin'Cere McMahon,Winthrop,1,-4.88671,73.0,24.9,4703879.0
Javonte Johnson,New Mexico,12,1.97741,78.0,10.4,4683803.0
Nolan Dorsey,Holy Cross,14,-2.66917,77.0,11.0,4703253.0
Evan Johnson,Georgia St.,10,-4.47312,71.0,22.2,4702109.0
Jamal Mashburn Jr.,New Mexico,1,-1.29194,74.0,27.0,4432408.0
Hunter Dickinson,Michigan,2,7.28999,85.0,27.1,4432180.0
Amari Williams,Drexel,0,6.83689,82.0,31.3,4702745.0
Johnell Davis,Florida Atlantic,6,6.64064,76.0,25.1,4702655.0
Gideon George,BYU,6,3.00403,78.0,20.9,4701218.0
Ahron Ulis,Iowa,1,-1.19912,75.0,15.9,4432454.0
Kellen Tynes,Maine,6,3.13112,75.0,24.2,4702078.0
Angelo Stuart,Milwaukee,17,-6.75613,73.0,13.8,4702012.0
Emeka Udenyi,Seattle,16,0.872853,78.0,14.7,4702013.0
Alem Huseinovic,Rice,14,-3.39434,76.0,14.5,4702875.0
Zahir Porter,Weber St.,7,-4.47992,78.0,24.6,4405290.0
JaKobe Coles,TCU,2,7.54153,79.0,23.3,4432282.0
Osayi Osifo,Jacksonville,8,-2.17888,80.0,18.6,4702251.0
Emory Lanier,SMU,5,-3.84077,75.0,16.1,4567082.0
Darius Hannah,Bradley,0,4.80455,81.0,19.2,4590399.0
Viktor Rajkovic,Seattle,17,-2.47321,78.0,14.3,4702014.0
Kobe Sanders,Cal Poly,5,-1.49372,78.0,20.5,4702352.0
Dionte Bostick,Cal St. Northridge,5,-3.94033,74.0,28.2,4703262.0
Howard Fleming Jr.,Winthrop,4,-5.88789,77.0,19.2,4703899.0
Dyson Koehler,Weber St.,12,1.0845,79.0,14.3,4702350.0
Boden Skunberg,North Dakota St.,3,-0.725629,77.0,22.4,4702671.0
Sam Hines Jr.,South Florida,15,1.60539,78.0,16.3,4702687.0
Derek Fountain,LSU,2,4.60414,82.0,17.7,4702432.0
Darrion Trammell,San Diego St.,9,4.47741,70.0,22.1,4702011.0
Isaiah Range,Alabama St.,1,-4.28044,76.0,20.9,4705379.0
Myles Stute,Vanderbilt,10,0.277742,79.0,18.0,4433340.0
Puff Johnson,North Carolina,17,2.51527,80.0,13.9,4701846.0
Joe Bamisile,Oklahoma,3,-0.849595,76.0,23.4,4432537.0
Darius Maddox,Virginia Tech,10,-0.433799,77.0,16.8,4432257.0
BJ McLaurin,Queens,3,-1.23591,80.0,18.9,4702143.0
Isiah Dasher,Saint Peter's,1,-2.93264,76.0,25.0,4701199.0
Thomas Webley,Hartford,8,-7.22979,82.0,20.0,4702191.0
Gabe Wiznitzer,Ohio,16,-5.52183,83.0,17.7,4684205.0
Davonte Davis,Arkansas,6,3.30669,76.0,18.7,4432197.0
Isaiah Rivera,Colorado St.,11,3.60198,77.0,16.0,4703224.0
Dre Davis,Seton Hall,3,1.98099,78.0,24.1,4701318.0
JJ Traynor,Louisville,12,-0.0271318,80.0,14.7,4596711.0
Matteo Picarelli,UMBC,14,-0.265967,74.0,18.7,4701172.0
Devontae Blanton,Eastern Kentucky,3,0.876705,78.0,29.3,4703234.0
Tafari Simms,Western Michigan,15,-5.43419,78.0,20.5,5108001.0
Selton Miguel,South Florida,1,-0.486962,76.0,23.7,4433187.0
Aly Khalifa,Charlotte,2,6.98841,83.0,24.2,4702739.0
Tyler Brelsford,Bryant,11,-0.409271,76.0,13.3,4606833.0
Supreme Cook,Fairfield,8,-1.72434,81.0,27.1,4702946.0
Connor Creech,Northern Colorado,10,-2.23615,78.0,9.0,4702084.0
Tony Perkins,Iowa,6,3.68756,76.0,22.3,4433130.0
Julian Strawther,Gonzaga,12,4.46594,79.0,20.6,4432181.0
Jamahri Harvey,UNC Wilmington,10,-2.89627,76.0,14.3,4702775.0
Clarence Jackson,Jacksonville St.,3,-0.229599,79.0,21.4,4701238.0
Jaden Seymour,East Tennessee St.,8,-0.249676,80.0,19.4,4432433.0
Jordan Geronimo,Indiana,0,4.58783,78.0,17.1,4432512.0
Ricky Council IV,Arkansas,11,3.22082,78.0,23.9,4701234.0
Trevin Wade,Alcorn St.,5,-3.67639,71.0,16.3,4701237.0
Max Brooks,UMass Lowell,15,5.59101,79.0,20.6,4700953.0
Chris Youngblood,Kennesaw St.,11,4.36732,76.0,20.5,4706557.0
DeSean Woods,Southern,5,-7.36678,72.0,20.7,4703201.0
Terrance Williams II,Michigan,3,1.64154,79.0,14.6,4702236.0
Lamar Oden Jr.,Drexel,3,-0.357818,78.0,18.0,4585866.0
Tobias Rotegaard,Long Beach St.,14,-1.05916,79.0,11.3,4703135.0
Jalen Cook,Tulane,9,2.18755,72.0,29.5,4433566.0
Zeb Jackson,VCU,5,-0.00759055,77.0,19.6,4433172.0
John Mikey Square,Cal St. Fullerton,13,2.96613,78.0,13.5,4703146.0
Christian Turner,Troy,15,-0.170662,79.0,14.4,4702052.0
Sam Mennenga,Davidson,3,0.593876,81.0,26.3,4700862.0
Nicholas Boyd,Florida Atlantic,11,6.10902,75.0,18.5,4702654.0
Tyler Patterson,Montana St.,14,0.74206,80.0,10.3,4702074.0
Ray'Sean Taylor,SIU Edwardsville,1,-1.28048,73.0,26.5,4703380.0
Wendell Green Jr.,Auburn,9,4.32407,70.0,28.3,4433198.0
Trey Bonham,Florida,9,1.84489,72.0,24.0,4703868.0
Dylan Branson,Southeast Missouri St.,15,-0.862557,77.0,15.6,4703379.0
Bryce Johnson,Sacred Heart,3,-2.28698,78.0,20.8,4703180.0
Max Shulga,Utah St.,11,4.77561,76.0,21.2,4701992.0
Grant Nelson,North Dakota St.,2,4.43951,83.0,30.4,4702670.0
Isaiah Pope,Utah Tech,11,0.49527,77.0,24.7,4701255.0
Demaree King,Jacksonville St.,1,0.925634,72.0,21.2,4703244.0
Jaylin Jackson-Posey,Stephen F. Austin,5,-2.06884,74.0,22.3,4703691.0
Jayson Kent,Indiana St.,12,-0.0473531,80.0,16.9,4703889.0
AJ McGinnis,Lipscomb,10,-2.86195,76.0,19.1,4703826.0
JaCobi Wood,Murray St.,11,1.70036,74.0,18.1,4703220.0
Seny N'Diaye,USC Upstate,16,-1.21124,82.0,16.9,4700819.0
Andre Weir,Florida Gulf Coast,8,-3.28212,82.0,27.2,4741885.0
Kadary Richmond,Seton Hall,9,6.35846,78.0,23.6,4701845.0
Even Brauns,Belmont,13,4.33334,81.0,17.1,4703219.0
Cameron Sheffield,Rice,3,0.281933,78.0,13.3,4432321.0
Damaria Franklin,Memphis,6,0.81438,75.0,17.3,4703420.0
Kerwin Walton,Texas Tech,12,2.182,77.0,12.3,4567079.0
Dwon Odom,Georgia St.,5,-1.42632,74.0,24.3,4432632.0
Edoardo Del Cadia,Nicholls St.,6,-1.03693,80.0,16.7,4703387.0
Jhaylon Martinez,UC Riverside,7,-4.42171,83.0,17.8,4703388.0
Tre Coleman,Nevada,12,5.27926,79.0,12.0,4433217.0
Marcus Williams,San Francisco,1,0.34788,74.0,18.1,4703400.0
Ronald Polite III,George Mason,9,0.600778,74.0,22.0,4567711.0
Jake Lieppert,Rice,17,-3.72513,76.0,11.7,4703102.0
Mekhi Gray,NJIT,5,-2.10702,76.0,16.9,4701160.0
Xavier Fuller,Northern Arizona,3,-2.1209,77.0,23.0,4702647.0
Dalton Banks,Southern Illinois,5,-4.10493,74.0,19.4,4703921.0
Andre Curbelo,St. John's,9,1.42605,73.0,22.5,4432195.0
Kaleb Thornton,Northern Illinois,9,-0.490135,72.0,22.6,4703521.0
Will Pruitt,Lipscomb,11,3.27446,75.0,17.0,4590356.0
Kamari Brown,Georgia Southern,7,-0.852956,75.0,19.6,4702113.0
Corey Walker Jr.,South Florida,15,3.58553,80.0,13.7,4290822.0
Darnell Brodie,Drake,15,1.78719,82.0,22.4,4397121.0
Leon Ayers III,Bowling Green,1,-0.75109,77.0,26.8,4703813.0
Rashad Smith,Idaho,10,-4.23274,76.0,15.3,4702028.0
Montre' Gipson,Charlotte,11,3.41656,71.0,14.5,4705372.0
Shahada Wells,TCU,6,4.15658,72.0,19.2,4702056.0
Vladislav Goldin,Florida Atlantic,13,4.4723,85.0,22.8,4700818.0
Dylan Brougham,Nebraska Omaha,13,2.00003,81.0,13.0,4702679.0
Caleb Lohner,Baylor,15,2.7748,80.0,15.6,4432208.0
Otis Frazier III,UTEP,15,1.14604,78.0,16.8,4700882.0
Kaleb Scott,Georgia St.,13,-1.7091,78.0,14.2,4702111.0
Nana Antwi-Boasiako,Stephen F. Austin,15,1.78656,81.0,14.9,4703693.0
Nick Gazelas,Montana St.,4,-4.94963,76.0,12.5,4702072.0
Jay Pal,Campbell,2,4.75474,81.0,19.9,4703247.0
Jordan Wilmore,Northwestern St.,16,-5.77722,87.0,9.4,4433202.0
Jalen Finch,Georgia Southern,11,2.74767,73.0,19.5,4703243.0
Kevin Osawe,NJIT,3,-5.10104,79.0,23.5,4703072.0
Marcellus Brigham Jr.,Jacksonville St.,15,-0.730343,79.0,15.9,4703246.0
Jacob Ognacevic,Lipscomb,12,0.712487,79.0,25.1,4703983.0
Brandon Angel,Stanford,12,3.70898,80.0,19.1,4590354.0
Sheldon Edwards,Loyola Chicago,6,1.83159,76.0,24.6,4703982.0
Gediminas Mokseckas,Campbell,17,-3.62699,76.0,11.3,4702004.0
Kobe Williamson,Seattle,7,1.13516,80.0,14.1,4702017.0
Justin Amadi,James Madison,13,1.9147,79.0,12.9,4702765.0
Daylan Hamilton,IU Indy,5,-9.04278,75.0,26.8,4703543.0
Pierce Spencer,Nicholls St.,5,-1.03274,75.0,17.0,4703670.0
Mylyjael Poteat,Virginia Tech,13,1.13782,81.0,19.5,4590358.0
Tommy Murr,Lipscomb,1,-2.01089,73.0,15.8,4700835.0
Vuk Vulikic,UC San Diego,17,-4.11389,77.0,8.7,4703081.0
Ileri Ayo-Faleye,Vermont,15,0.0218727,80.0,16.0,4701259.0
Kenny White Jr.,Murray St.,7,-2.43162,79.0,18.8,4703423.0
Austin Harvell,Alabama A&M,7,-5.07894,78.0,18.0,4432352.0
Zion Styles,Maryland Eastern Shore,6,0.586862,75.0,25.0,4704099.0
Jayden Stone,Detroit Mercy,11,0.386928,76.0,18.7,4432196.0
Daniel Batcho,Texas Tech,2,6.95213,83.0,17.6,4683631.0
Tibet Gorener,San Jose St.,17,-0.0761249,81.0,16.4,4702371.0
Azuolas Tubelis,Arizona,2,8.20155,83.0,28.4,4702372.0
Max Klesmit,Wisconsin,14,4.4937,75.0,14.5,4703885.0
Sam Godwin,Oklahoma,13,7.98002,82.0,18.7,4703886.0
Nick Pringle,Alabama,13,8.38765,81.0,17.0,4703887.0
Kerr Kriisa,Arizona,1,2.44556,75.0,19.1,4683633.0
Keondre Montgomery,Alcorn St.,3,-1.47983,79.0,24.4,4432410.0
Kyler Filewich,Wofford,8,1.76783,81.0,23.2,4703923.0
Luke Kasubke,Illinois St.,14,-2.25313,77.0,15.5,4432443.0
Nimari Burnett,Alabama,14,3.72071,76.0,19.3,4433138.0
Devin Butler,VMI,17,-3.85681,74.0,12.3,4703869.0
RJ Davis,North Carolina,11,5.2808,72.0,22.3,4433176.0
Justin Powell,Washington St.,14,4.70046,78.0,15.5,4432250.0
Devon Hancock,Louisiana Monroe,4,-7.32533,75.0,17.2,5108068.0
C.J. Wilcher,Nebraska,17,0.0414861,77.0,17.9,4432590.0
Dylan Cardwell,Auburn,0,12.2372,83.0,14.1,4433174.0
Alex Merkviladze,Loyola Marymount,3,-0.230046,80.0,17.7,4702495.0
Atin Wright,Cal St. Northridge,1,-0.442783,73.0,27.4,4702491.0
Isiah Warfield,Liberty,6,1.79248,77.0,10.4,4700843.0
Dericko Williams,Old Dominion,16,-1.98645,79.0,19.7,4432145.0
Jake Cook,LIU,7,-9.52998,80.0,14.0,4433581.0
Jeff Woodward,Colgate,8,2.90326,83.0,23.8,4702503.0
Kyle Jenkins,Lafayette,15,-0.187248,79.0,18.8,4704950.0
Ryan Zambie,Lafayette,17,-5.12061,75.0,13.0,4704952.0
Mikeal Brown-Jones,UNC Greensboro,15,1.39781,80.0,21.2,4433224.0
Sam Thomson,Colgate,7,-4.95053,81.0,14.4,4702501.0
Frantisek Barton,Mount St. Mary's,16,-5.00699,79.0,13.7,4703170.0
Adrian Baldwin Jr.,VCU,9,4.42819,73.0,22.5,4433182.0
Deuce Turner,San Diego,11,-1.82284,74.0,17.9,4702497.0
Quinton Mincey,UMass Lowell,15,0.44482,79.0,17.0,4567710.0
Dyondre Dominguez,Massachusetts,2,2.16477,81.0,20.0,4701126.0
Amir Nesbitt,Hampton,17,-3.45806,73.0,16.4,4703820.0
Josh Adoh,Bucknell,1,-2.75167,75.0,20.2,4702498.0
Andre Screen,Bucknell,13,0.382566,84.0,26.0,4702499.0
Dakota Leffew,Mount St. Mary's,1,-1.5825,77.0,22.6,4703167.0
Kaodirichi Akobundu-Ehiogu,Memphis,0,7.86912,82.0,10.7,4403467.0
Judson Martindale,Pacific,15,-0.0445405,79.0,17.0,4702512.0
Caelan Jones,Boston University,17,-5.57079,77.0,19.4,4702488.0
Miles Brewster,Boston University,5,-1.86952,75.0,18.2,4702490.0
Anthony Morales,Boston University,3,0.997254,80.0,20.4,4590364.0
Jalin Sinclair,Lehigh,5,-5.45149,70.0,20.0,4702514.0
RJ Johnson,Charleston Southern,1,-4.9204,73.0,20.4,5108122.0
Bo Montgomery,Holy Cross,1,-3.94643,77.0,21.6,4702509.0
Colin Smalls,American,1,-6.48832,74.0,21.5,4433245.0
Johnny O'Neil,American,15,0.811356,81.0,20.0,4702481.0
Matt Rogers,American,2,2.46157,81.0,26.3,4575108.0
Najee Thomas,Hampton,15,-3.759,82.0,14.9,4703823.0
Jalen Rucker,Army,1,-1.42898,70.0,28.4,4705299.0
Eric Sondberg,Lafayette,17,-4.11822,79.0,15.6,4704951.0
Abe Johnson,Army,8,-0.439969,80.0,15.4,4705309.0
Charlie Peterson,Army,8,1.7711,81.0,20.8,4705305.0
Jared Cross,Army,12,-1.06655,75.0,9.9,4705304.0
Nigel Scantlebury,Central Connecticut,1,-3.41751,72.0,21.8,4703142.0
Jamir Watkins,VCU,6,3.9102,79.0,23.2,4606840.0
Alonso Faure,Loyola MD,15,-2.67549,82.0,20.0,4702520.0
JT Tan,Lehigh,8,-1.32773,80.0,22.0,4702519.0
Quadry Adams,Sacramento St.,17,-6.20851,76.0,16.1,4585591.0
Dominic Parolin,Lehigh,8,-0.781359,81.0,19.0,4702518.0
Lorenzo Donadio,American,17,-3.36921,76.0,14.9,4702478.0
Josh Banks,VCU,14,-0.939719,77.0,16.3,4432402.0
Floyd Rideau Jr.,USC Upstate,17,-4.2402,77.0,13.0,4704083.0
Latavian Lawrence,South Carolina St.,7,-4.39036,78.0,21.2,4704080.0
Dylan Penn,Vermont,11,1.1392,75.0,25.2,4700826.0
Garrett Tipton,Bellarmine,11,-1.55571,76.0,23.6,4700825.0
Alec Pfriem,Bellarmine,12,-1.43772,77.0,16.8,4700823.0
Jamille Reynolds,Temple,2,2.23893,82.0,25.0,4432407.0
Isaiah Adams,Buffalo,3,-1.99272,78.0,20.4,4433527.0
Malik Edmead,Albany,5,-8.66076,70.0,23.3,4703155.0
Themus Fulks,Louisiana,5,-1.89164,73.0,23.5,4704078.0
Vuk Stevanic,Western Illinois,3,-3.8147,80.0,19.9,4703184.0
Dallas James,South Carolina St.,0,-1.91362,84.0,10.0,4704086.0
DeLonnie Hunt,Wagner,1,-1.69156,72.0,21.6,4703199.0
Ronell Giles Jr.,Saint Francis,10,-6.94836,77.0,19.6,4703194.0
Maxwell Land,Saint Francis,1,-4.26013,76.0,21.1,4433582.0
Joe Octave,Holy Cross,3,-3.7682,76.0,21.4,4708045.0
Glen McClintock,Northeastern,5,-4.6777,74.0,16.5,4432051.0
Jadan Coleman,Tulane,17,-4.50595,78.0,17.5,4602024.0
Sion James,Tulane,6,4.65351,77.0,13.3,4602025.0
Terry Collins,Mississippi Valley St.,1,-2.53282,75.0,26.6,4705894.0
Kam'ron Blue,Coppin St.,17,-5.537,79.0,14.7,4705891.0
Dallas Howell,North Alabama,14,0.244453,79.0,14.8,4709454.0
Austin Patterson,Sacramento St.,14,-0.515049,75.0,13.2,4710625.0
Chad Venning,St. Bonaventure,8,0.784505,82.0,23.0,4711312.0
Reese Dixon-Waters,USC,3,-0.0993635,77.0,21.5,4711593.0
Ben Gregg,Gonzaga,2,9.29591,82.0,19.9,4711313.0
Mustapha Amzil,Dayton,12,2.6454,81.0,17.1,4711607.0
Babacar Diallo,UMKC,7,-3.2503,78.0,13.3,4711705.0
James Graham,Missouri St.,10,0.692268,79.0,10.6,4711691.0
Carter Whitt,Furman,4,-7.3546,75.0,18.9,4711679.0
Meechie Johnson Jr.,South Carolina,1,0.599996,74.0,23.6,4710770.0
Isaiah Folkes,Charlotte,15,-0.0360931,76.0,16.8,4712255.0
Sadaidriene Hall,Stephen F. Austin,2,4.30484,77.0,21.6,4713935.0
Jordan Nesbitt,Hampton,1,-2.02276,78.0,28.7,4714246.0
David Jones,St. John's,3,2.7713,78.0,27.0,4713010.0
Stephan Swenson,Stetson,9,2.54139,74.0,23.7,4700860.0
A'Jahni Levias,North Dakota,17,-5.32495,78.0,19.3,4897279.0
Paul Bruns,South Dakota,14,-4.07982,76.0,19.3,4897282.0
Daniel Titus,Coppin St.,17,-6.85746,80.0,12.7,4897758.0
Alex Rojas,Coppin St.,14,-5.09535,77.0,10.0,4897756.0
KJ Jenkins,New Mexico,14,2.29141,74.0,17.1,4897526.0
Ethan Price,Eastern Washington,15,1.5573,82.0,19.0,4897852.0
Anouar Mellouk,St. Bonaventure,7,-4.65581,80.0,20.7,4897051.0
Joryam Saizonou,UNC Greensboro,10,-2.32797,75.0,11.7,4897046.0
Jalin Billingsley,Eastern Michigan,15,-3.21975,79.0,14.3,4687376.0
Tyler Beard,Pacific,11,0.320732,74.0,22.1,4433195.0
David Shriver,VCU,14,2.25466,78.0,15.0,4902627.0
Kurtis Henderson,Hartford,5,-8.0839,70.0,22.6,4902628.0
Brock Williams,High Point,5,-5.63445,70.0,19.3,4897634.0
Kimo Ferrari,Brown,17,-0.330747,72.0,10.3,4702980.0
Malachi Ndur,Brown,15,-1.1823,80.0,17.3,4702983.0
Frankie Collins,Arizona St.,9,3.1728,73.0,22.9,4433616.0
Jedy Cordilia,Mount St. Mary's,15,-1.23588,81.0,18.9,4897979.0
Manny Littles,Nicholls St.,7,-4.24924,79.0,18.8,4897327.0
Qua Grant,Sam Houston St.,9,6.18733,73.0,30.2,4897201.0
Sydney Curry,Louisville,8,-3.84612,80.0,17.7,4897146.0
El Ellis,Louisville,9,-0.877786,75.0,29.9,4897145.0
Justice Ajogbor,Harvard,0,1.20447,82.0,19.4,4702962.0
Brandin Podziemski,Santa Clara,2,9.28219,77.0,25.5,4709138.0
Gyasi Powell,Jacksonville,1,-0.570629,75.0,19.0,4897562.0
Ethan Speaker,Little Rock,7,-6.76804,79.0,18.0,4897216.0
Jordan Riley,Georgetown,7,-2.9187,76.0,17.9,4683942.0
James White,Mississippi,17,-3.7123,77.0,19.2,4683641.0
Daeshun Ruffin,Mississippi,9,-0.657504,69.0,31.8,4432638.0
Eric Van Der Heijden,UNC Wilmington,10,-0.445388,81.0,13.1,4684159.0
Jalen Haynes,East Tennessee St.,8,-0.31562,80.0,26.8,4709151.0
Sean Pedulla,Virginia Tech,1,2.0307,73.0,23.7,4709131.0
Grant Slatten,Tennessee Tech,3,-2.24917,77.0,16.9,4687377.0
Terence Harcum,Appalachian St.,14,-0.499079,75.0,20.4,4897227.0
Chance Moore,Missouri St.,3,0.175092,78.0,25.1,4433596.0
Elijah Hutchins-Everett,Austin Peay,3,-4.53894,83.0,24.4,4433161.0
Drew Calderon,Austin Peay,10,-4.4801,76.0,11.5,4897237.0
Sione Lose,UC Davis,4,-2.61012,76.0,9.3,4897674.0
Tylor Perry,North Texas,11,7.44915,71.0,24.4,4897518.0
Will Thomas,Morgan St.,7,-6.23546,77.0,22.0,4900680.0
Collin Nnamene,Morgan St.,16,-3.10835,80.0,13.9,4397977.0
Aubin Gateretse,Stetson,13,0.157619,83.0,16.9,4897618.0
Walter Clayton Jr.,Iona,11,6.81929,74.0,25.3,4896372.0
Daeshon Shepherd,La Salle,3,-1.38312,77.0,17.4,4710357.0
Bryce Harris,Howard,15,1.41692,76.0,19.2,4897768.0
Elijah Hawkins,Howard,9,0.351725,71.0,26.2,4897766.0
Andres Marrero,La Salle,10,-4.2816,77.0,15.9,4897066.0
Ty Johnson,UC Davis,9,-1.55899,75.0,29.7,4897472.0
Jaylen Murray,Saint Peter's,1,-1.2775,71.0,29.3,4683865.0
Preston Phillips,Evansville,15,-0.79316,80.0,12.2,4897456.0
Tyler Powell,Nevada,17,-2.57998,77.0,14.4,4684146.0
Javian McCollum,Siena,9,0.0901997,74.0,28.5,4898267.0
Jared Billups,Siena,7,-0.0230242,76.0,17.8,4898266.0
Alex Anderson,Alabama St.,5,-4.93108,78.0,23.9,4897173.0
Tahj Staveskie,Canisius,1,-2.22088,72.0,24.9,4896368.0
Primo Spears,Georgetown,1,-2.0389,75.0,27.1,4897090.0
Robert Vaihola,San Jose St.,13,4.41871,80.0,19.6,4897515.0
Yusef Salih,Idaho,10,-3.76682,74.0,13.6,4897877.0
Antrell Charlton,Fordham,5,-0.669452,77.0,16.1,4897085.0
Rostyslav Novitskyi,Fordham,0,2.00622,82.0,21.6,4897084.0
Jalen Blackmon,Stetson,1,-1.6953,75.0,26.7,4683853.0
Kobe Knox,Grand Canyon,12,3.05693,77.0,16.2,4896884.0
Kamari McGee,Wisconsin,10,-2.2006,72.0,15.6,4897723.0
Cade Meyer,Green Bay,15,-4.43062,80.0,21.0,4897724.0
DeeJuan Pruitt,SIU Edwardsville,8,-2.37426,80.0,21.0,4897293.0
Kyree Brown,New Hampshire,1,-3.10569,72.0,22.9,4896942.0
Ryan Cornish,Dartmouth,1,-0.938188,75.0,26.2,4898190.0
Romeo Myrthil,Dartmouth,14,-2.78773,74.0,12.8,4898191.0
Cade Haskins,Dartmouth,10,-4.83998,78.0,16.1,4898189.0
Di'Andre Howell-South,St. Francis NY,10,-5.7956,76.0,15.5,4897959.0
Casey Jones,Eastern Washington,2,3.72461,78.0,16.6,4897857.0
Harrison Ingram,Stanford,3,4.40473,79.0,25.4,4433618.0
Maxime Raynaud,Stanford,2,2.55295,85.0,20.9,4898371.0
Sam Sherry,Elon,15,-1.8,82.0,19.3,4897697.0
Adam Larson,Southeast Missouri St.,12,-2.93371,81.0,13.8,4897306.0
Dale Bonner,Baylor,9,5.36495,74.0,15.2,4601289.0
Jordan Hawkins,Connecticut,11,6.92721,77.0,22.7,4683750.0
Rahsool Diggins,Massachusetts,5,-4.66753,74.0,19.6,4683733.0
Jorell Saterfield,Portland St.,14,-2.66851,76.0,20.0,4897578.0
Bonke Maring,Houston Christian,15,-0.814071,82.0,22.6,4897576.0
Justin Harmon,Utah Valley,9,0.0917617,76.0,27.4,4896970.0
Marshall Kearing,South Alabama,3,1.05156,81.0,17.9,4897174.0
Brandon Weston,Rhode Island,7,-3.75402,77.0,16.2,4577803.0
Erik Oliver,Tennessee Tech,17,-5.43739,73.0,15.2,4897256.0
Zakai Zeigler,Tennessee,9,6.44696,69.0,23.3,4883573.0
Mouhamed Sow,Saint Peter's,7,-2.75778,81.0,16.2,4898259.0
Clarence Rupert,Southern Illinois,13,-0.05788,80.0,19.7,4898258.0
Ajay Mitchell,UC Santa Barbara,9,3.1623,77.0,26.2,4900671.0
Marchelus Avery,New Mexico St.,3,0.140323,80.0,22.2,4896927.0
Cole Anderson,UC Santa Barbara,12,0.144444,76.0,14.3,4900668.0
Atiki Ally Atiki,BYU,0,2.83807,82.0,16.4,4896973.0
Trey Stewart,BYU,4,0.395972,74.0,14.6,4896971.0
Javon Small,East Carolina,9,3.23315,74.0,25.8,4781746.0
RJ Felton,East Carolina,1,0.935624,75.0,22.3,4708215.0
Christian Wright,Oregon St.,4,-4.23539,75.0,14.5,4896464.0
Alexis Reyes,Quinnipiac,12,-2.1642,79.0,12.5,4708217.0
Anders Nelson,William & Mary,9,-1.02139,73.0,21.7,4897242.0
Parker Bjorklund,St. Thomas,3,-0.19041,78.0,28.5,4897243.0
Riley Miller,St. Thomas,14,1.02878,75.0,15.9,4897244.0
Nate Barnhart,Wyoming,15,1.5898,84.0,12.4,4897549.0
Ben Bowen,Denver,5,-5.21392,77.0,12.8,4684206.0
Trazarien White,UNC Wilmington,3,-0.147777,78.0,26.7,4897714.0
Jamarii Thomas,UNC Wilmington,5,-2.88954,72.0,26.3,4897713.0
Yaw Obeng-Mensah,UMBC,8,-1.38047,79.0,20.0,4898002.0
Josh Baker,Grand Canyon,5,-0.754551,76.0,18.4,4897538.0
Jarius Hicklen,North Florida,1,-0.593934,75.0,20.7,4897614.0
Will Tschetter,Michigan,15,-0.726778,80.0,14.0,4684596.0
Jamond Vincent,New Orleans,3,-1.42694,76.0,18.2,4897328.0
Adama Bal,Arizona,12,2.16699,79.0,15.9,4896365.0
Shane Nowell,UNLV,10,-0.103595,78.0,17.4,4433263.0
Taran Armstrong,Cal Baptist,9,0.609429,78.0,26.4,4896850.0
Scotty Washington,Cal Baptist,1,-5.15553,76.0,24.5,4896852.0
Jason Nelson,Richmond,1,-3.55549,70.0,20.5,4710358.0
Tyler Rice,William & Mary,17,-9.17099,73.0,22.1,4897718.0
Carlos Stewart,Santa Clara,11,2.25276,73.0,23.5,4683956.0
Julian Lewis,Miami OH,17,-3.38231,78.0,15.9,4897717.0
Owen Lobsinger,Western Michigan,15,-3.43887,81.0,18.6,4898347.0
Kevin Davis,Bethune Cookman,3,-2.94419,78.0,20.9,4899526.0
Justice Williams,LSU,4,-4.47933,76.0,16.9,4683676.0
Mike Meadows,Portland,1,-1.44268,74.0,18.3,4339478.0
Julien Soumaoro,Gardner Webb,11,0.587177,71.0,17.8,4897626.0
Ademide Badmus,Gardner Webb,16,-4.30083,79.0,19.0,4897628.0
Erik Reynolds II,Saint Joseph's,11,2.39487,74.0,25.7,4683952.0
Kacper Klaczek,Saint Joseph's,15,1.90334,80.0,14.8,4897053.0
Justin DeGraaf,UC San Diego,12,-2.65125,79.0,14.3,4897685.0
Francis Nwaokorie,UC San Diego,3,3.06267,79.0,20.1,4897686.0
Darius Johnson,UCF,9,3.25516,73.0,21.7,4684809.0
Jasin Sinani,Campbell,10,-5.45908,75.0,12.6,5108138.0
Johnathan Massie,McNeese St.,5,-4.05961,78.0,22.5,4897338.0
Jacob Holt,Santa Clara,7,-5.29601,81.0,16.6,4897210.0
Brenton Knapper,Santa Clara,10,-2.99452,72.0,15.0,4897209.0
Matt Mayers,Robert Morris,13,-0.0594918,80.0,16.6,4898180.0
Marquis Barnett,Presbyterian,6,-1.11967,76.0,18.6,4897641.0
Camaron Tongue,Santa Clara,7,-2.5068,79.0,22.5,4684310.0
Shemarri Allen,UMKC,9,0.517249,76.0,28.8,4897232.0
Jamarion Sharp,Western Kentucky,0,7.37186,89.0,13.0,4897696.0
Tim Dalger,Tulsa,3,-2.80583,79.0,24.9,4897153.0
Isaiah Gray,Cornell,11,-0.462611,75.0,19.1,4702973.0
Chris Manon,Cornell,6,4.92973,77.0,27.2,4702972.0
Sean Hansen,Cornell,2,2.30445,81.0,23.0,4702971.0
Augustas Marciulionis,Saint Mary's,9,1.4178,76.0,22.6,4897197.0
Stefan Todorovic,SMU,14,-1.0785,80.0,16.4,4897080.0
Jalen Smith,SMU,17,-1.63349,76.0,11.4,4690767.0
Zhuric Phelps,SMU,9,2.88694,75.0,32.4,4699725.0
Tanner Thomas,Sacred Heart,3,-3.89052,78.0,18.4,4897974.0
Raymond Espinal-Guzman,Sacred Heart,15,-5.18611,80.0,14.8,4897973.0
Markeith Browning II,Milwaukee,5,-2.46503,76.0,20.0,4898074.0
Julian Reese,Maryland,13,6.3544,81.0,23.2,4683742.0
DJ Burns,Murray St.,15,1.95148,79.0,18.5,4594111.0
Isaac Haney,Northwestern St.,1,-1.12214,74.0,18.9,4897477.0
Chace Davis,Maryland Eastern Shore,17,-4.74747,75.0,17.3,4898269.0
Aaron Reddish,Albany,3,-5.05496,79.0,18.0,4896621.0
Basheer Jihad,Ball St.,3,-2.86491,81.0,22.9,4898009.0
Dezi Jones,Quinnipiac,9,2.20156,70.0,24.9,4898242.0
Seth Wilson,West Virginia,14,3.54063,73.0,13.8,4581445.0
George Smith,Penn,12,1.63248,76.0,13.4,4898227.0
Nick Spinoso,Penn,8,0.48477,81.0,29.4,4898224.0
Trenton McLaughlin,Northern Arizona,14,0.492037,78.0,11.3,4896538.0
Abdul Momoh,Central Connecticut,16,-2.35802,79.0,15.1,4896534.0
Lynn Greer III,Saint Joseph's,5,-2.17548,74.0,25.6,4433175.0
Jordan Longino,Villanova,17,-0.160905,77.0,15.9,4684153.0
Zaire Williams,Wagner,17,-2.92547,76.0,19.7,4897951.0
Rob Taylor II,Wagner,8,-6.22252,79.0,18.2,4897952.0
Kenny Pohto,Wichita St.,8,4.75848,83.0,19.5,4684445.0
Greg Spurlock,Coppin St.,17,-6.02389,77.0,11.1,4897755.0
Michael Moshkovitz,Penn,15,-0.387158,79.0,11.3,4702956.0
Liam Murphy,Columbia,17,-4.9534,79.0,20.4,4702975.0
Aaron Cash,UT Arlington,3,-0.182062,78.0,17.9,4896467.0
Manny Obaseki,Texas A&M,5,-2.14169,76.0,22.7,4433277.0
Ryan Nembhard,Creighton,11,3.94355,72.0,20.7,4433629.0
Matteus Case,William & Mary,17,-3.65205,77.0,14.3,4702958.0
Taje' Kelly,Charleston Southern,8,-3.19587,79.0,21.0,4896986.0
Julian Roper II,Northwestern,6,1.83737,75.0,12.5,4683949.0
Brooks Barnhizer,Northwestern,3,3.28211,78.0,17.8,4684208.0
Emareyon McDonald,Northwestern St.,14,-4.18567,74.0,18.5,4897315.0
Wayne McKinney III,San Diego,6,-0.412692,72.0,16.6,4897202.0
Jack Molloy,Yale,10,-0.720404,80.0,17.0,4898244.0
Matt Knowling,Yale,2,3.20106,78.0,22.1,4898246.0
Bez Mbeng,Yale,6,2.20737,76.0,22.5,4898237.0
Igor Milicic Jr.,Charlotte,12,1.02591,82.0,20.6,4897404.0
John Poulakidas,Yale,14,2.6337,77.0,19.3,4898238.0
Ndewedo Newbury,San Francisco,15,-0.0423033,79.0,14.5,4875213.0
Imo Essien,Old Dominion,5,-2.40493,71.0,14.2,4897541.0
Yassine Gharram,Yale,6,2.09011,75.0,17.5,4898248.0
Quincy Clark,Lipscomb,9,-1.71831,74.0,23.0,4897581.0
Trae Benham,Lipscomb,14,-2.40868,75.0,18.7,4897579.0
Jalen Sullinger,Kent St.,14,0.542579,70.0,15.6,4898316.0
Grant Asman,Lipscomb,3,-0.901445,82.0,20.0,4897583.0
Joe Charles,Louisiana,6,4.29455,79.0,15.3,4708075.0
C.J. Noland,Oklahoma,17,-0.245195,74.0,15.7,4694228.0
Alston Mason,Missouri St.,1,-2.63022,74.0,23.2,4816113.0
Bijan Cortes,Oklahoma,5,-0.0600777,75.0,15.1,4612129.0
Coltie Young,Jackson St.,14,-2.30359,75.0,18.1,4899535.0
Josh Uduje,Coastal Carolina,1,-0.857245,77.0,22.2,4897224.0
Josh Farmer,UTSA,15,-2.2363,81.0,16.8,4897689.0
Christian Tucker,UTSA,11,-0.729269,75.0,17.8,4897692.0
Jalen Warley,Florida St.,6,0.757736,78.0,15.4,4683147.0
Cam Carter,Kansas St.,17,1.38605,75.0,14.9,4898380.0
Alden Applewhite,Portland,3,-0.725162,79.0,23.5,4898382.0
Josh Odunowo,Columbia,16,-4.37969,78.0,13.8,4702976.0
Zach Martini,Princeton,14,-0.473242,79.0,14.9,4898236.0
Paul Bizimana,Eastern Illinois,10,-6.65795,81.0,17.8,4897265.0
Pedro Lopez-Sanvicente,Denver,15,-3.34841,80.0,13.6,4897291.0
Touko Tainamo,Denver,3,-0.495723,81.0,18.7,4897292.0
Frankie Fidler,Nebraska Omaha,3,-0.049805,79.0,24.5,4897263.0
Mouhamed Gueye,Washington St.,2,4.99452,83.0,26.5,4712863.0
Caleb Furst,Purdue,2,6.6603,82.0,15.9,4433598.0
Trey Kaufman-Renn,Purdue,2,3.79154,81.0,22.7,4897438.0
Brett Rumpel,St. Bonaventure,5,-7.59275,76.0,21.6,4897050.0
Emoni Bates,Eastern Michigan,3,-3.43955,82.0,29.9,4433620.0
Aboubacar Traore,Long Beach St.,2,4.90847,77.0,18.3,4897670.0
AJ George,Long Beach St.,15,1.61631,78.0,14.1,4897668.0
Treyton Thompson,Minnesota,7,-2.22913,84.0,17.2,4610141.0
Fousseyni Traore,BYU,2,5.55608,78.0,24.8,4712348.0
Brandon Love,Texas St.,16,0.989088,81.0,19.8,4897159.0
Tanahj Pettway,Stony Brook,17,-3.26947,74.0,15.8,4897992.0
Benny Williams,Syracuse,3,-0.923452,80.0,17.6,4575472.0
Corey Tripp,Wofford,14,-0.111566,74.0,16.2,4897355.0
Luke Turner,UC Riverside,14,0.930132,79.0,10.3,4684160.0
Kaine Roberts,Stony Brook,5,-6.25986,74.0,10.8,4897991.0
Mekhi Collins,Nicholls St.,16,-5.01351,80.0,13.8,4897326.0
Ben Nau,St. Thomas,10,-3.95628,74.0,14.2,4897240.0
Langston Love,Baylor,11,3.86359,77.0,18.9,4433265.0
Ryan Maxwell,Nicholls St.,17,-4.64883,79.0,14.2,4897325.0
Ryan Dufault,St. Thomas,6,-0.988558,72.0,17.4,4897245.0
Noa Gonsalves,Utah Tech,14,0.813181,73.0,13.6,4896874.0
Aleu Aleu,UTSA,7,-6.1875,80.0,17.9,4897687.0
Elijah Stephens,American,5,-4.8814,69.0,21.4,4897139.0
Chris Ford,Robert Morris,16,-3.97603,77.0,10.5,4897099.0
Desmond Watson,Davidson,3,-1.20682,77.0,19.2,4897098.0
Kino Lilly Jr.,Brown,11,-0.45918,72.0,23.8,4898208.0
Raekwon Horton,Charleston,17,1.09453,78.0,15.6,4896996.0
Reyne Smith,Charleston,14,3.07321,74.0,18.0,4896994.0
Ben Burnham,Charleston,12,2.37113,79.0,21.3,4896997.0
D.J. Smith,Little Rock,1,-4.62399,72.0,19.2,4897215.0
Quion Burns,LIU,7,-6.01878,78.0,18.5,4897990.0
Jordan Jones,Mercer,10,-2.40049,72.0,15.3,4897378.0
Bensley Joseph,Miami FL,11,2.75392,74.0,15.4,4683753.0
Darius DeAveiro,Valparaiso,5,-5.67547,72.0,15.2,4897486.0
Trey Woodyard,New Hampshire,17,-4.5653,78.0,7.5,4897489.0
David Brown III,Loyola MD,17,-4.721,77.0,13.5,4897893.0
Kam Jones,Marquette,12,6.42727,76.0,21.8,4697268.0
Noah Harris,Marist,10,-4.21512,73.0,19.2,4896379.0
Chris Kuzemka,Loyola MD,14,-3.64977,72.0,15.6,4897889.0
Julian Hammond III,Colorado,5,0.535482,75.0,20.5,4692907.0
Blake Peters,Princeton,14,1.85497,73.0,16.9,4898233.0
Keisei Tominaga,Nebraska,12,2.96143,74.0,21.3,4897433.0
AJ Braun,Wright St.,8,-1.41714,81.0,21.2,4709318.0
Akol Mawein,Sacramento St.,15,-1.05164,81.0,22.3,4897745.0
Josh Beadle,Clemson,4,-3.51458,75.0,15.5,4698718.0
Geronimo Rubio De La Rosa,Columbia,11,1.8437,74.0,20.7,4898213.0
Ian Motta,Bucknell,10,-4.49519,78.0,16.0,4897910.0
Nazir Williams,Cornell,11,0.792912,75.0,23.9,4898217.0
Elvin Edmonds IV,Bucknell,5,-3.95434,74.0,15.3,4897911.0
Josh Bascoe,Bucknell,4,-8.9999,72.0,21.2,4897913.0
Brandon Betson,Tulsa,1,-2.45723,73.0,20.8,4896861.0
Brandon Weatherspoon,Florida Atlantic,14,5.00727,76.0,15.5,4897476.0
Simas Lukosius,Butler,11,1.87698,78.0,20.4,4897411.0
Zeke Mayo,South Dakota St.,11,1.24867,75.0,28.6,4897251.0
Will McClendon,UCLA,4,-0.182967,74.0,11.7,4433275.0
Quentin Diboundje,East Carolina,10,-2.88492,77.0,18.8,4896479.0
Owen Dease,Texas A&M Corpus Chris,3,-1.80055,80.0,19.0,4897302.0
Jahmai Mashack,Tennessee,6,5.46902,76.0,18.3,4683934.0
Rahdir Hicks,Towson,5,-2.43296,72.0,11.3,4897712.0
Mike James,Louisville,3,-1.10265,77.0,17.9,4684164.0
Terran Williams,Louisiana Tech,10,-3.17491,77.0,14.2,4897499.0
Kaleb Stewart,Louisiana Tech,17,-5.00873,75.0,19.1,4897498.0
Will Allen,Louisiana Tech,13,-2.40241,79.0,9.8,4897501.0
Jaylen Stinson,Merrimack,4,-10.5009,74.0,16.2,4897704.0
Devon Savage,Merrimack,6,1.20178,76.0,13.4,4897703.0
Izaiah Robinson,Dartmouth,10,-4.59212,75.0,15.1,4702967.0
Denver Jones,FIU,11,0.828028,76.0,28.8,4897493.0
Jake Tavroff,Columbia,8,-1.87387,81.0,15.7,4898215.0
Mohamed Sanogo,FIU,13,1.39048,81.0,15.8,4897497.0
Aquan Smart,Southeast Missouri St.,5,-3.20506,75.0,19.9,4590400.0
Randy Tucker,Green Bay,17,-2.95676,76.0,16.1,4897725.0
Jourdan Smith,Grambling St.,15,2.03429,79.0,17.6,4897223.0
Anderson Mirambeaux,Miami OH,2,1.02346,80.0,30.6,4898221.0
Brandon Brown,Wagner,6,2.52803,77.0,20.3,4897863.0
Brahm Harris,Arkansas Pine Bluff,4,-4.61113,78.0,15.0,4897864.0
Juan Reyna,Campbell,1,-3.9783,75.0,19.7,4897872.0
Mike Pajeaud,Alcorn St.,5,-2.35819,73.0,10.0,4899682.0
Derrick Tezeno,Stephen F. Austin,7,-1.7833,77.0,16.6,4896946.0
Great Osobor,Montana St.,2,3.012,80.0,27.9,4897921.0
Sam Hoiberg,Nebraska,12,4.34818,72.0,13.5,4897432.0
Daniel Ortiz,North Alabama,14,-0.664061,72.0,24.5,4897604.0
Alex Tew,Weber St.,8,0.681306,83.0,20.0,4897981.0
Tahron Allen,Monmouth,7,-4.44745,76.0,22.5,4599446.0
Houston Mallette,Pepperdine,14,-0.419862,77.0,18.9,4709141.0
James Okonkwo,West Virginia,13,3.92407,80.0,12.4,4897777.0
Mike Mitchell Jr.,Pepperdine,11,0.881692,74.0,19.5,4897176.0
Matt Norman,North Dakota,14,-0.718729,76.0,20.7,4897277.0
Tsotne Tsartsidze,North Dakota,3,-1.24979,81.0,21.7,4897280.0
Ty Horner,Morgan St.,17,-4.19592,82.0,12.9,4900679.0
Davon Barnes,Texas Southern,3,-1.94086,77.0,22.8,4897774.0
Kolby Granger,Texas Southern,17,-0.991981,77.0,16.6,4897772.0
Kevin Kalu,UTEP,8,-2.05046,81.0,15.7,4897577.0
Christyon Eugene,Troy,11,0.524032,75.0,21.8,4897147.0
Christopher Mantis,Appalachian St.,17,0.0676157,79.0,18.4,4897226.0
Allen Strothers,East Tennessee St.,4,-6.38077,73.0,15.0,4897387.0
Brayon Freeman,Rhode Island,1,-1.48079,74.0,29.3,4613126.0
Kowacie Reeves,Florida,3,-2.42824,78.0,24.8,4683757.0
Oscar Berry,North Florida,14,-0.327194,76.0,12.2,4897999.0
Anquan Hill,St. Bonaventure,7,-1.94278,81.0,13.9,4709320.0
Chase Barrs,Florida A&M,16,-4.28684,81.0,15.7,4432939.0
Saiyd Burnside,Florida A&M,16,-7.69873,81.0,11.3,4899685.0
Arthur Kaluma,Creighton,3,3.07823,79.0,23.1,4433599.0
Kalib Clinton,Charleston Southern,7,-3.79252,76.0,20.8,4896984.0
Mason Miller,Creighton,14,0.929773,80.0,13.4,4683755.0
Zek Montgomery,Bradley,6,0.730667,78.0,19.6,4897446.0
Trey Alexander,Creighton,11,5.9644,76.0,20.5,4433268.0
Ibbe Klintman,Central Arkansas,4,-3.99632,80.0,12.5,4897015.0
Kristians Feierbergs,Maine,3,-2.94119,80.0,19.6,4897162.0
Johnathan Lawson,Memphis,14,1.32669,78.0,12.3,4432589.0
Aaron Scott,North Texas,2,8.28326,79.0,14.3,4897517.0
Matthew Stone,North Texas,17,1.48083,76.0,12.2,4897523.0
Peter Filipovity,Maine,3,-4.21948,79.0,25.5,4897167.0
Clark Slajchert,Penn,11,-0.376453,73.0,23.5,4702954.0
Davion Everett,South Carolina St.,15,-1.01161,76.0,13.9,5113975.0
Troy D'Amico,Southern Illinois,12,0.449293,79.0,13.2,4897483.0
Legend Geeter,Eastern Michigan,15,-1.81798,79.0,16.6,4684296.0
Corey Perkins,Delaware St.,5,-8.10474,74.0,18.0,4897761.0
Khyrie Staten,Delaware St.,5,-8.01456,73.0,28.7,4897762.0
Latrell Reid,Saint Peter's,4,-4.2706,75.0,19.8,4898255.0
Brent Bland,Saint Peter's,10,-3.87413,75.0,15.2,4898256.0
Sam Silverstein,Harvard,12,1.85206,78.0,13.0,4702961.0
Jordan Jefferson,Little Rock,14,-3.89676,76.0,17.3,4897214.0
RJ Melendez,Illinois,3,1.94476,79.0,15.7,4683738.0
Brian Gordon,Lamar,4,-6.87955,74.0,13.6,4896919.0
Chris Walker,Little Rock,10,-3.85836,78.0,17.7,4897213.0
Ben Schwieger,Loyola Chicago,17,-1.89554,79.0,19.2,4897474.0
Julius Rollins,Kent St.,6,1.42577,77.0,14.6,4898315.0
Tedrick Wilcox Jr.,St. Francis NY,1,-2.642,78.0,23.0,4897958.0
Devin McGlockton,Boston College,2,4.50219,79.0,18.3,4791227.0
Tyson Degenhart,Boise St.,12,5.76986,79.0,19.9,4898260.0
Kobe Young,Boise St.,12,1.18204,78.0,10.3,4898261.0
Jaeden Zackery,Boston College,1,1.06287,74.0,19.8,4896615.0
Jusaun Holt,Georgia,10,1.9089,79.0,10.7,4684152.0
Charles Bediako,Alabama,0,11.4624,84.0,14.5,4565203.0
Jayden Nunn,VCU,6,3.98707,76.0,16.6,4896614.0
Nick Kern Jr.,VCU,15,2.98893,78.0,15.0,4684145.0
Jordan Gainey,USC Upstate,1,-2.01111,76.0,27.7,4897649.0
Keshon Gilbert,UNLV,9,1.79933,76.0,24.5,4585618.0
Nick Alves,USC Upstate,17,-3.96298,78.0,15.6,4897650.0
Montez Young Jr.,UT Arlington,15,0.672138,77.0,15.5,4897136.0
Jalen DeLoach,VCU,0,5.55038,81.0,22.7,4432483.0
Shemar Wilson,UT Arlington,2,2.61456,81.0,23.6,4897135.0
Nick Davidson,Nevada,3,2.32441,80.0,20.9,4699440.0
Duncan Powell,North Carolina A&T,7,-3.62967,80.0,21.1,4565204.0
Jaylin Gibson,Mount St. Mary's,5,-2.56183,76.0,19.8,4897975.0
Kobe Bufkin,Michigan,11,6.75187,76.0,21.6,4683736.0
Joel Murray,Long Beach St.,1,-1.58466,72.0,27.3,4897669.0
Brandon Johnson,East Carolina,2,4.1005,80.0,19.7,4897055.0
Handje Tamba,Weber St.,13,-2.33328,83.0,9.9,4896480.0
Jaylon Tyson,Texas Tech,6,5.79844,78.0,18.6,4683747.0
Corey Floyd Jr.,Providence,14,1.023,76.0,13.4,4684718.0
Sam Alajiki,California,17,0.113099,79.0,15.4,4708166.0
Marsalis Roberson,California,4,-4.51062,78.0,16.4,4698720.0
Kyrell Luc,St. Bonaventure,5,-0.794327,71.0,24.4,4897904.0
Caleb Kenney,Holy Cross,16,-3.88503,78.0,17.1,4897907.0
Robbie Armbrester,Stephen F. Austin,7,-2.68438,78.0,23.6,4684151.0
Saint Thomas,Loyola Chicago,4,-4.16261,79.0,16.4,4897471.0
Tyrese Hunter,Texas,1,2.61997,72.0,19.2,4683751.0
Ja'Vier Francis,Houston,0,12.6391,80.0,17.4,4684301.0
Maximus Edwards,George Washington,3,-1.42547,77.0,17.7,4897708.0
Grayson Carper,Cal St. Fullerton,12,3.04699,78.0,10.4,4897658.0
Malik Lamin,Grambling St.,15,-3.35823,83.0,14.7,4897848.0
Quintin Murrell,Grambling St.,7,-4.43652,76.0,19.1,4897846.0
Jamiya Neal,Arizona St.,6,2.12489,78.0,18.1,4837237.0
Ryan Conway,Towson,14,-1.94319,73.0,17.9,4683948.0
Dalton Bolon,Charleston,3,2.05325,76.0,23.9,4896995.0
Isaiah Walker,Belmont,14,-0.383389,77.0,12.2,4897261.0
Will Richard,Florida,12,5.77781,76.0,15.5,4897262.0
Malachi Smith,Dayton,9,1.33302,72.0,19.3,4683861.0
DaRon Holmes II,Dayton,2,7.22514,82.0,27.0,4433607.0
Ben Middlebrooks,Clemson,8,4.17681,82.0,17.1,4684998.0
Tristan Moore,Houston Christian,10,-8.30516,79.0,18.4,4897352.0
Boston Stanton III,IU Indy,4,-9.23801,77.0,14.0,4898073.0
Ja'Heim Hudson,Georgia St.,3,-1.2084,79.0,21.7,4897218.0
Danny Stubbs,Georgia St.,4,-9.06799,72.0,14.6,4683628.0
Jackie Johnson III,UNLV,1,-2.33979,71.0,25.5,4897088.0
Miles Kelly,Georgia Tech,14,-0.560834,78.0,21.6,4696317.0
Jalon Moore,Georgia Tech,7,-0.514501,79.0,22.5,4701819.0
Dallan 'Deebo' Coleman,Georgia Tech,14,-0.761475,78.0,16.7,4433595.0
Rafael Pinzon,St. John's,17,-0.552479,78.0,18.8,4683951.0
Jaden Campbell,Samford,10,-3.1196,77.0,17.6,4897375.0
"Wesley Cardett, Jr.",Chicago St.,1,-1.39892,78.0,26.8,4897374.0
Jaden Ray,Sam Houston St.,9,0.147824,70.0,21.3,4896937.0
Damon Nicholas Jr.,Sam Houston St.,15,3.03438,76.0,15.6,4896936.0
Kehlin Farooq,Texas Southern,7,-1.37907,77.0,16.4,4897773.0
Nicolas Pavrette,Central Michigan,16,-2.10721,83.0,14.9,4898285.0
Isaac Mushila,Texas A&M Corpus Chris,2,2.00336,77.0,23.1,4897300.0
Tucker DeVries,Drake,3,5.03801,79.0,27.0,4837238.0
Conor Enright,Drake,6,2.21963,72.0,14.6,4897451.0
Damian Forrest,North Alabama,8,-0.958412,81.0,15.9,4897608.0
Jaylen Blakes,Duke,5,2.92863,74.0,16.1,4683735.0
Kevin-David Rice,Eastern Michigan,14,-2.77511,76.0,11.4,4898290.0
Joe Ostrowsky,Central Connecticut,1,-3.75753,72.0,14.0,4896530.0
Davonte Sweatman,Central Connecticut,1,-2.99943,68.0,18.1,4896531.0
Babacar Faye,Charleston,8,1.64949,80.0,17.4,4897000.0
Sean Durugordon,Austin Peay,3,-2.40474,77.0,24.1,4713089.0
Dylan Hayman,Incarnate Word,12,-4.0713,77.0,16.2,4897346.0
Jace Carter,Illinois Chicago,6,1.73248,77.0,24.2,4898186.0
Jaden Brownell,Illinois Chicago,12,-0.936813,81.0,17.4,4898187.0
Filip Skobalj,Illinois Chicago,12,0.112659,79.0,15.3,4898188.0
Benjamin Griscti,Incarnate Word,15,-2.22636,83.0,17.2,4897348.0
Brock Heffner,Green Bay,7,-7.32724,80.0,23.3,4897667.0
Kobe Mitchell,Akron,10,-3.52417,74.0,10.4,4898274.0
Sekou Kalle,Evansville,16,-6.20479,82.0,12.9,4898277.0
Nate Johnson,Akron,6,1.69494,75.0,12.2,4898278.0
Osei Price,Oakland,14,-3.94432,76.0,10.6,4898170.0
JoJo Peterson,Purdue Fort Wayne,4,-6.83319,77.0,20.2,4898175.0
Kobe Johnson,West Virginia,15,1.10286,75.0,11.2,4686333.0
Roger McFarlane,Southeastern Louisiana,3,0.658725,77.0,18.5,4897313.0
Esahia Nyiwe,St. John's,16,1.97035,82.0,9.7,4897419.0
Oluwasegun Durosinmi,Northern Illinois,16,-5.77111,81.0,18.0,4684462.0
Linton Brown,Coastal Carolina,10,-4.49769,77.0,19.9,4897047.0
Walyn Napper,Longwood,5,-2.67178,73.0,23.8,4897557.0
Brooks Allen,St. Thomas,6,0.109029,79.0,17.2,4897249.0
Will Engels,St. Thomas,15,-1.29294,77.0,12.9,4897247.0
Brody Peebles,Liberty,14,-0.703772,74.0,18.6,4897570.0
Cahiem Brown,Norfolk St.,9,-2.0548,77.0,26.7,4898282.0
Rivaldo Soares,Oregon,17,2.50629,78.0,16.9,4898116.0
Joseph Venzant,Liberty,13,2.73256,75.0,10.1,4897572.0
Terrance Jones,Norfolk St.,6,-1.3638,75.0,16.3,4898280.0
Nate Bittle,Oregon,2,7.14772,84.0,19.4,4432586.0
Joshua Streit,North Dakota St.,13,1.84704,81.0,6.5,4897274.0
Camryn Weston,Middle Tennessee,9,0.419969,75.0,24.3,4897511.0
Teafale Lenard Jr,Middle Tennessee,6,6.46537,79.0,18.2,4897509.0
D'Marco Dunn,North Carolina,17,1.51607,77.0,12.8,4683638.0
Andrew Morgan,North Dakota St.,15,-3.06741,82.0,26.9,4897275.0
Justin Bufford,Middle Tennessee,14,3.88893,78.0,11.2,4897508.0
Alvaro Cardenas,San Jose St.,1,-0.206868,73.0,19.8,4897535.0
Zavian McLean,Columbia,17,-4.47924,76.0,21.0,4702974.0
Isa Silva,Stanford,5,-5.26225,76.0,17.0,4433614.0
O'Mar Stanley,St. John's,15,4.78479,80.0,12.9,4703032.0
Jeremiah Kendall,Alcorn St.,8,-1.37893,78.0,28.1,4897812.0
Cameron Henry,Indiana St.,6,4.86532,78.0,22.4,4897469.0
Xavier Bledson,Indiana St.,9,0.241579,78.0,26.5,4897464.0
Davante Dennis,Incarnate Word,8,-3.43186,79.0,20.9,4897343.0
Mike Marsh,Jacksonville,8,-2.86852,83.0,25.7,4897563.0
David Acosta,Tennessee St.,13,-1.244,83.0,17.0,4897310.0
JP Pegues,Furman,1,-0.373544,73.0,21.2,4897381.0
Tevin Smith,Denver,3,-3.82924,77.0,20.2,4897287.0
Alex Williams,Furman,12,0.886266,77.0,19.5,4897383.0
Tyrese Hughey,Furman,12,2.72704,78.0,16.4,4897382.0
Chucky Hepburn,Wisconsin,1,3.7336,74.0,24.3,4590360.0
Matthew Mors,South Dakota St.,3,-0.855486,79.0,20.0,4590359.0
KJ Lee,Western Illinois,17,-5.76783,80.0,12.2,4897229.0
Ernest Ross,N.C. State,0,2.35857,81.0,17.1,4683542.0
Abdoulaye Thiam,High Point,1,-3.42555,75.0,22.2,4897426.0
Breon Pass,N.C. State,5,-3.28525,72.0,13.9,4697269.0
Terquavion Smith,N.C. State,9,3.15928,76.0,29.3,4683940.0
Elijah Farr,Western Illinois,10,-11.7132,80.0,22.3,4897286.0
Pierre Brooks,Michigan St.,10,-0.114498,78.0,15.6,4683731.0
Jaden Akins,Michigan St.,6,5.18085,76.0,19.5,4683730.0
Lassina Traore,Long Beach St.,2,1.82591,82.0,22.3,4897052.0
Chris Payton,Kent St.,13,5.29932,79.0,16.8,4897401.0
Vasilije Vucinic,Portland,8,0.170752,82.0,20.5,4897191.0
Chika Nduka,Portland,15,-0.180592,77.0,12.5,4897190.0
Malik Thomas,USC,5,-2.97367,77.0,19.5,4683758.0
Kobe Johnson,USC,6,8.21324,78.0,17.5,4683857.0
Isaiah Caldwell,Army,17,-2.42186,76.0,9.9,4897929.0
Akiva McBirney Griffin,UC Irvine,13,3.29174,81.0,14.4,4897678.0
Bent Leuchten,UC Irvine,2,5.99796,84.0,22.6,4897676.0
Trey Edmonds,Utah Tech,16,-6.2372,82.0,21.2,4896871.0
Sherman Brashear,UT Rio Grande Valley,10,-1.8572,77.0,14.7,4897695.0
Vonterius Woolbright,Western Carolina,9,1.58788,78.0,28.9,4897357.0
TJ Small,Army,10,-2.19822,74.0,14.8,4897933.0
Keller Boothby,Cornell,14,-2.03596,79.0,12.4,4702970.0
Imanuel Zorgvol,Northern Kentucky,0,-0.605678,84.0,15.5,4898165.0
Hubertas Pivorius,Northern Kentucky,10,-5.71643,74.0,14.3,4898167.0
Dalton Knecht,Northern Colorado,3,1.24734,78.0,26.8,4897943.0
Kur Jongkuch,Temple,16,-0.360376,81.0,10.4,4897945.0
Sam Vinson,Northern Kentucky,6,3.42279,77.0,22.3,4898164.0
Jonathan Kurtas,SIU Edwardsville,16,-2.62813,82.0,17.4,4897294.0
Carson Basham,Pepperdine,8,2.71403,82.0,20.8,4699582.0
Maxwell Lewis,Pepperdine,3,0.0250311,79.0,27.8,4684286.0
Zach Hicks,Temple,14,2.31717,79.0,16.7,4708214.0
Hysier Miller,Temple,5,0.978872,73.0,17.9,4708218.0
D'Angelo Stines,Old Dominion,4,-6.50504,74.0,17.0,4897542.0
Abdou Samb,Rhode Island,16,-2.69811,80.0,13.0,4709321.0
Ben Knostman,Lehigh,4,-5.65699,77.0,11.2,4897896.0
AJ Burgin,Idaho St.,4,-8.70972,75.0,20.7,4897897.0
Cli'Ron Hornbeak,Kent St.,13,4.36674,81.0,15.3,4898317.0
Keith Higgins Jr,Lehigh,11,1.38379,76.0,20.8,4897894.0
Jaylani Darden,Longwood,5,-3.2564,77.0,21.0,4897636.0
Tyler Whitney-Sidney,Lehigh,11,0.257534,74.0,24.7,4683862.0
Tamar Bates,Indiana,14,0.123253,77.0,15.7,4683933.0
Malcolm Chimezie,Boston University,16,-4.83481,80.0,18.0,4684448.0
Curt Hopf,Bellarmine,17,-2.42828,80.0,15.7,4897013.0
Ben Johnson,Bellarmine,14,-3.41233,75.0,23.7,4897010.0
Landin Hacker,Bellarmine,11,-0.620467,72.0,20.1,4897009.0
Jayden Brown,Central Connecticut,7,-5.32748,80.0,19.2,4896536.0
Guy Ragland Jr.,Cornell,3,-2.17337,80.0,25.6,4898218.0
Sam Alamutu,Vermont,15,-2.00218,77.0,16.1,4898006.0
Michael Duax,Northern Iowa,15,1.07523,78.0,17.9,4897479.0
Landon Wolf,Northern Iowa,14,-1.06287,77.0,14.5,4897478.0
Ja'Sean Jackson,Abilene Christian,5,-4.59763,72.0,14.8,4896504.0
Noah McDavid,Tarleton St.,17,-4.67731,77.0,13.7,4896949.0
Wade Taylor IV,Texas A&M,9,8.08869,72.0,29.2,4683833.0
EJ Farmer,Toledo,12,-1.97338,77.0,17.8,4683945.0
KJ Allen,Texas Tech,13,3.83618,78.0,16.0,4897776.0
Chris Nix,Tennessee Martin,8,-0.406407,81.0,15.4,4897331.0
Brian Myles,Prairie View A&M,15,2.51833,79.0,15.7,4897813.0
Patrick Neal,Prairie View A&M,4,-5.84513,75.0,6.8,4897815.0
Zee Hamoda,Utah St.,7,-3.01408,79.0,19.2,4897548.0
Wyatt Fricks,Marshall,17,-3.71881,81.0,19.6,4897504.0
Glenn Taylor Jr.,Oregon St.,3,-0.568489,78.0,23.6,4833075.0
Khaleb Wilson-Rouse,New Orleans,1,-1.2952,74.0,17.7,4897169.0
Terrion Murdix,Texas A&M Corpus Chris,9,6.57669,73.0,26.6,4897301.0
Tyrese Nickelson,Texas A&M Corpus Chris,4,-6.07912,74.0,15.0,4897298.0
Dan Luers,Eastern Illinois,17,-6.94855,77.0,15.7,4707008.0
Amar'e Marshall,Hofstra,1,-3.65215,76.0,24.0,4897701.0
Jason Roche,Richmond,12,-1.65624,77.0,16.0,4897373.0
Jaquan Carlos,Hofstra,5,1.58211,72.0,15.9,4683855.0
Tyrel Morgan,Texas St.,3,2.02342,77.0,19.1,4897157.0
Davion Coleman,Texas St.,10,-4.28158,74.0,20.1,4897156.0
Jackson Price,The Citadel,12,-4.38696,80.0,17.5,4897371.0
Langdon Hatton,Bellarmine,15,-3.1059,82.0,16.0,4897719.0
Bryce Johnson,Chicago St.,14,-1.3421,75.0,15.6,4896859.0
Devin Carter,Providence,6,6.70234,75.0,21.2,4433188.0
Payton Sparks,Ball St.,2,1.47253,81.0,24.3,4898008.0
Jaylin Sellers,Ball St.,11,-0.180515,76.0,20.2,4898010.0
Jacobi Wright,South Carolina,14,-1.17332,74.0,14.4,4683836.0
Ali Abdou Dibba,Abilene Christian,3,-4.36596,76.0,24.5,4896862.0
Jahsean Corbett,Chicago St.,3,-2.57914,78.0,21.8,4896860.0
Kedrick Green,Chicago St.,5,-5.15932,70.0,16.4,4896864.0
Matthew Marsh,Wake Forest,13,2.95569,85.0,11.2,4897407.0
Lazar Stefanovic,Utah,1,3.04717,79.0,20.9,4708167.0
Bostyn Holt,Utah,7,-0.969554,78.0,14.3,4898375.0
Dashawn Davis,Mississippi St.,5,1.88175,74.0,18.3,4898119.0
Trae English,McNeese St.,5,-4.56418,72.0,23.3,4897337.0
Sebastian Thomas,Rhode Island,5,-2.98667,73.0,19.2,4897065.0
Khalil Brantley,La Salle,9,0.956173,73.0,26.7,4709132.0
Marcus Randolph,Richmond,17,-4.02948,77.0,17.4,4710356.0
Andre Washington,LIU,1,-7.27367,71.0,22.8,4897987.0
Noah Reynolds,Wyoming,1,-2.6336,75.0,32.6,4897551.0
Peyton Daniels,Jacksonville St.,5,-2.92819,74.0,24.4,4683837.0
Keaton Norris,Wright St.,10,-2.35922,72.0,9.8,4898194.0
Gabe Dorsey,William & Mary,14,0.878114,78.0,16.4,4683639.0
David Joplin,Marquette,3,2.51632,79.0,23.7,4684306.0
KJ Adams Jr.,Kansas,13,6.86997,79.0,18.9,4433259.0
Stevie Mitchell,Marquette,6,5.66959,74.0,15.3,4683840.0
Payton Sandfort,Iowa,3,4.51474,79.0,22.6,4697270.0
Lamaj Lewis,Loyola Marymount,6,0.606365,78.0,14.9,4896979.0
Matthew Cleveland,Florida St.,3,-1.04653,79.0,23.5,4897007.0
Bryce Hopkins,Providence,3,3.08399,79.0,23.4,4565698.0
Andre Snoddy,Central Connecticut,7,-3.98402,78.0,18.7,4896537.0
Camren Hunter,Central Arkansas,9,0.416973,75.0,26.8,4897018.0
Lawson Lovering,Colorado,16,2.47423,85.0,14.9,4596528.0
Elias Cato,Central Arkansas,7,-4.38533,80.0,17.4,4897019.0
Connor Hickman,Bradley,17,-1.09303,75.0,17.5,4897447.0
KJ Simpson,Colorado,9,4.00672,74.0,28.3,4683834.0
Javon Ruffin,Colorado,11,2.57875,77.0,18.8,4693725.0
VJ Reeves,Central Arkansas,10,-5.41917,77.0,16.6,4897017.0
Hegel Augustin,Prairie View A&M,7,-0.775372,75.0,26.5,4896532.0
Rodney Gunn Jr.,Duquesne,14,-0.863153,79.0,18.7,4402203.0
AJ Clayton,Ohio,12,1.47445,80.0,19.0,4898339.0
Terry Roberts,Georgia,9,1.81366,75.0,28.6,4897444.0
Dancell Leter,Utah Tech,7,-1.19998,80.0,21.8,4896875.0
Malevy Leons,Bradley,2,7.67008,81.0,18.6,4897449.0
Brandon Huntley-Hatfield,Louisville,15,-1.47152,82.0,17.1,4432680.0
Jonas Aidoo,Tennessee,0,8.42446,83.0,15.6,4684682.0
Hercy Miller,Louisville,10,-4.08264,75.0,18.8,4709140.0
Roosevelt Wheeler,Louisville,16,-4.19415,83.0,12.6,4683744.0
Bobby Pettiford Jr.,Kansas,5,-1.34223,73.0,14.1,4683841.0
Matt Allocco,Princeton,11,2.61976,76.0,16.5,4898232.0
Nana Owusu-Anane,Brown,6,2.19151,80.0,24.3,4898210.0
Jalen Lake,Colorado St.,14,1.04614,76.0,14.6,4897514.0
Aaron Cooley,Brown,7,-0.71225,77.0,15.8,4898209.0
Sebastien Lamaute,Fairleigh Dickinson,10,-5.04755,73.0,14.7,4897996.0
Jalen Ware,Austin Peay,15,-2.35325,80.0,13.0,4897238.0
Bradley Ezewiro,Georgetown,8,-2.53081,81.0,18.5,4596348.0
Alex Fudge,Florida,7,-1.13128,81.0,19.7,4896481.0
Brandon Murray,Georgetown,1,-0.249607,77.0,24.5,4684166.0
Dalen Ridgnal,Missouri St.,12,2.55067,79.0,14.7,4896465.0
Kario Oquendo,Georgia,1,-1.91904,76.0,26.0,4896463.0
Randy Brady,Chattanooga,7,-4.06653,77.0,17.9,4433611.0
Anthony Pritchard,Tulsa,5,-2.95987,75.0,22.4,4897155.0
Leo DeBruhl,UC Davis,5,-0.290354,74.0,14.6,4897673.0
Cameron Hildreth,Wake Forest,6,2.10567,76.0,22.3,4696316.0
Duke Deen,Bradley,1,-0.0561772,68.0,22.3,4897149.0
Sterling Gaston-Chapman,Tulsa,7,-3.77158,77.0,16.9,4708216.0
Kyle Duke,North Carolina A&T,5,-6.12087,76.0,15.8,4897639.0
Wooga Poplar,Miami FL,11,4.0594,77.0,17.4,4897397.0
Patrick McMahon,Montana St.,17,-0.666864,79.0,12.4,4897923.0
Sam Lecholat,Montana St.,15,1.26581,79.0,16.3,4897926.0
Wilhelm Breidenbach,Nebraska,7,-2.09726,82.0,20.0,4433600.0
Robert McRae III,Dartmouth,4,-6.72936,75.0,16.5,4702965.0
Jaren Johnson,Dartmouth,10,-4.31084,77.0,13.0,4702964.0
Dusan Neskovic,Dartmouth,3,-3.85299,79.0,23.9,4702966.0
Ian Schieffelin,Clemson,15,3.59007,79.0,17.2,4693954.0
Curtis Jones,Buffalo,11,3.45188,77.0,21.6,4898369.0
Kidtrell Blocker,Buffalo,17,-3.09409,77.0,15.3,4898368.0
Jayden Taylor,Butler,6,-0.00629525,76.0,24.8,4589483.0
Pierce Thomas,Butler,6,1.31381,77.0,12.4,4684157.0
Rakeim Gary,South Carolina St.,1,-4.71699,70.0,25.3,4898329.0
TJ Madlock,Alabama St.,1,-1.52951,75.0,21.6,4898331.0
Claudell Harris Jr.,Charleston Southern,11,-0.272962,75.0,26.6,4896985.0
Nolan Hickman,Gonzaga,14,3.43298,74.0,14.9,4683737.0
Hunter Sallis,Gonzaga,6,3.63127,77.0,14.2,4433281.0
CJ Fulton,Lafayette,9,2.47655,74.0,18.0,4897901.0
Jayden Doyle,Monmouth,7,-5.63384,76.0,13.8,4896384.0
Anton Brookshire,Iona,14,-0.0249772,73.0,18.5,4683734.0
Nick Filchner,Merrimack,10,-5.96797,79.0,12.0,4897984.0
Kohen Thompson,Maryland Eastern Shore,10,-4.58673,79.0,10.9,4898271.0
Will Ramberg,Minnesota,13,-1.33306,77.0,8.6,4897430.0
Ivan Reynolds,Cal St. Bakersfield,5,-2.25147,76.0,13.3,4897656.0
Dalph Panopio,Cal St. Bakersfield,4,-4.66294,73.0,13.4,4897653.0
Kaleb Higgins,Cal St. Bakersfield,9,0.241548,70.0,28.4,4897654.0
Lonnell Martin Jr.,Montana,14,-0.519824,76.0,13.6,4897914.0
Makai Willis,Fairfield,7,-6.17532,81.0,15.5,4896371.0
TJ Gadsden,Canisius,3,-0.50947,79.0,19.4,4719466.0
Ansley Almonor,Fairleigh Dickinson,3,-1.85218,78.0,23.3,4897995.0
TJ Long,Fairfield,14,-1.49163,76.0,21.9,4896370.0
Xzavier Long,Canisius,3,0.931042,79.0,18.3,4896367.0
Kadar Waller,Mississippi Valley St.,9,-3.59874,72.0,23.6,4899807.0
Ethan Taylor,Air Force,5,-0.834537,77.0,17.3,4903265.0
Jake Heidbreder,Air Force,12,0.493932,77.0,22.2,4903264.0
Jeffrey Mills,Air Force,17,-2.18931,76.0,15.2,4903269.0
Beau Becker,Air Force,3,0.64576,79.0,19.7,4903267.0
Luke Brown,Stetson,14,0.0418494,73.0,19.5,4912654.0
Justus Jackson,Hawaii,17,-4.30483,73.0,16.2,4912957.0
Evan Nelson,Harvard,5,-0.943613,74.0,18.5,4702960.0
Zach Riley,Fordham,17,-0.765087,77.0,14.3,4914388.0
Justice Smith,East Tennessee St.,3,-2.99169,78.0,19.3,5107372.0
Jack Wistrcill,Northern Arizona,3,0.771203,80.0,15.6,5107850.0
Sam Hastreiter,North Dakota St.,14,-1.58638,79.0,11.4,5107277.0
Lance Waddles,North Dakota St.,10,-6.44998,75.0,17.9,5107275.0
Oakland Fort,Northern Arizona,1,-5.94566,70.0,23.1,4888717.0
Cedric Coward,Eastern Washington,2,7.12695,78.0,14.7,4903027.0
Ryan Dunn,Virginia,0,5.7928,80.0,12.3,4888725.0
Kendall Blue,St. Thomas,17,-1.42378,78.0,17.1,5109018.0
Ryan Conwell,South Florida,5,-0.955994,76.0,17.8,5107157.0
William Kyle III,South Dakota St.,8,-0.917872,81.0,21.2,5107258.0
Rasheer Fleming,Saint Joseph's,15,1.88963,81.0,16.4,5105977.0
Christian Winborne,Saint Joseph's,10,-3.86336,74.0,17.8,5105975.0
Austin Benigni,Navy,5,-3.7617,71.0,18.9,5105691.0
Jayden Pierre,Providence,1,-1.33063,74.0,15.9,5105619.0
Ezra Ausur,East Carolina,8,-1.85649,81.0,23.0,5106051.0
Kalib LaCount,East Carolina,5,-5.69203,68.0,20.9,5106050.0
Nae'Qwan Tomlin,Kansas St.,2,6.86852,82.0,18.9,5106268.0
Kareem Rozier,Duquesne,1,-1.13574,69.0,15.4,5105885.0
Divant'e Moffitt,Idaho,9,-2.82278,75.0,32.0,5107821.0
Shamir Johnson,Stonehill,14,-4.28241,74.0,20.0,5106625.0
Nuha Sagnia,St. Francis NY,16,-4.90442,82.0,15.8,5106609.0
Brett Thompson,Tennessee Tech,1,-1.40141,73.0,24.4,5107612.0
Nolan Causwell,Tennessee Tech,15,-3.16317,82.0,18.7,5107611.0
Tavari Johnson,Akron,5,-1.86267,71.0,21.2,5108059.0
Cavan Reilly,Delaware,14,-3.94035,76.0,14.6,5105771.0
Max Mackinnon,Elon,3,-1.31913,77.0,22.8,5105785.0
Colby McAllister,The Citadel,10,-9.72666,77.0,16.8,5107359.0
Madison Durr,The Citadel,5,-7.85736,76.0,21.5,5107358.0
AJ Smith,The Citadel,7,-10.3007,76.0,24.7,5107357.0
Jalen Forrest,Presbyterian,1,-7.0362,76.0,26.0,5107520.0
Derek Simpson,Rutgers,1,-1.1288,75.0,21.6,5105858.0
Dashon Gittens,FIU,6,-0.865027,75.0,17.6,4712834.0
Antwone Woolfolk,Rutgers,13,2.26644,81.0,18.2,5105859.0
Quadir Pettaway,Presbyterian,4,-8.96776,73.0,11.9,5107522.0
Kenny Noland,Columbia,1,-1.01174,75.0,20.2,5106236.0
Zinou Bedri,Columbia,7,-8.8037,81.0,26.6,5106238.0
Izaiyah Nelson,Arkansas St.,16,-1.40397,82.0,15.9,5107251.0
Darrion Williams,Nevada,6,6.58599,78.0,15.4,4937074.0
Jo'el Emanuel,Fairleigh Dickinson,7,-4.21477,78.0,13.9,5106588.0
James Johns Jr.,Fairfield,4,-9.29008,78.0,19.0,5107182.0
Brayden Reynolds,Fairleigh Dickinson,17,-6.96929,73.0,11.8,5106591.0
AC Curry,Arkansas Pine Bluff,17,-0.811977,77.0,11.8,5108827.0
Jalun Trent,North Dakota,7,-2.64514,76.0,20.6,5107283.0
Brian Mathews,North Dakota,16,-5.18072,81.0,14.5,4897284.0
James Henderson Jr.,Bethune Cookman,16,-0.705415,81.0,6.5,5108851.0
Treyon Johnson,Jackson St.,16,-8.74401,83.0,14.7,5107386.0
Crosby James,Presbyterian,10,-7.52278,72.0,22.7,5107519.0
Tone Hunter,Long Beach St.,5,-4.82805,73.0,23.3,5107194.0
Vladimer Salaridze,UC Riverside,15,1.33523,79.0,14.6,5107154.0
Christopher Melis,Stonehill,15,-2.05693,77.0,15.1,5106626.0
Quincy McGriff,Duquesne,10,-1.82601,78.0,18.6,5105886.0
Kenyon Giles,Radford,1,-2.16046,71.0,20.9,5107508.0
Quion Williams,Oklahoma St.,7,0.997441,76.0,18.8,5106274.0
Rory Stewart,Rhode Island,17,-3.16232,80.0,12.5,5105971.0
Keiveon Hunt,Jackson St.,5,-9.00523,71.0,22.4,5107382.0
Grant Strong,Tennessee Tech,17,-6.13778,78.0,17.1,5107613.0
Javon Bennett,Merrimack,5,-2.0103,71.0,24.3,5106599.0
Jordan Derkack,Merrimack,6,-0.145078,77.0,21.9,5106600.0
Ola Ajiboye,Central Michigan,16,-1.85283,80.0,10.8,5108043.0
Mike Sharavjamts,Dayton,17,-0.945965,80.0,17.2,5105875.0
Quinton Green,Valparaiso,3,-0.780363,79.0,18.3,4401535.0
Amaan Sandhu,Monmouth,4,-18.0387,84.0,22.1,5106704.0
Jack Collins,Monmouth,6,0.0818664,77.0,19.9,5106703.0
Grant Newell,California,7,-1.67573,80.0,19.1,5105587.0
Taviontae Jackson,Colorado St.,6,1.82942,74.0,16.5,5107562.0
KyeRon Lindsay,Georgia,15,-0.784182,79.0,18.5,5105531.0
Max Majerle,Central Michigan,17,-4.73594,76.0,11.8,5108047.0
Edward Nnamoko,Georgia St.,16,-6.60977,80.0,10.9,5107220.0
Bendji Pierre,San Diego,17,-1.24011,80.0,12.3,5105414.0
Tyrone Williams,Oregon,15,-1.59225,77.0,15.7,5105620.0
Jack Doumbia,Norfolk St.,7,-3.38898,78.0,19.6,5107976.0
Gary Solomon,Southern Indiana,7,-6.49301,78.0,21.7,5107622.0
Isaiah Swope,Southern Indiana,11,-1.24804,70.0,24.6,5107621.0
Jack Mielke,Southern Indiana,12,-1.6187,79.0,11.2,5107625.0
Cameron Huefner,Sam Houston St.,3,0.550063,79.0,25.5,5105879.0
Mehdi Pissis,Southeastern Louisiana,10,-4.38337,77.0,19.5,5108916.0
Jacob Polakovich,Southern Indiana,8,-1.77489,81.0,21.9,5107628.0
Jah Quinones,Mercer,6,1.94958,76.0,17.9,5108876.0
Joe Palmer,Colorado St.,14,-0.0371609,76.0,14.6,5107566.0
Jonathan Beagle,Albany,3,-2.57821,81.0,23.1,5106043.0
Romad Dean,Fordham,17,-5.41955,79.0,14.0,5105890.0
Trejon Ware,Arkansas Pine Bluff,5,-4.87965,69.0,17.1,4908501.0
Joshua Ola-Joseph,Minnesota,15,-2.96687,79.0,18.2,5105822.0
Nick Krass,Oregon St.,4,-7.95715,76.0,16.4,5105625.0
Tre Dinkins,Canisius,10,-4.68864,74.0,18.6,5107176.0
Arol Kacuol,Chicago St.,16,-7.10211,81.0,12.4,5109775.0
Koren Johnson,Washington,5,0.287613,74.0,22.0,5105649.0
Japhet Medor,UTSA,9,0.599646,71.0,27.8,5106842.0
Achor Achor,Samford,2,3.32879,81.0,21.8,5107364.0
Sincere Parker,Saint Louis,3,-0.426141,75.0,20.9,5105984.0
Nick Edwards,Valparaiso,5,-1.80712,73.0,21.9,5107868.0
Jerome Palm,Valparaiso,16,-5.29165,82.0,10.9,5107872.0
Keyon Menifield,Washington,1,1.80389,73.0,21.1,5105651.0
Kalu Anya,Brown,15,-1.27985,80.0,21.0,5106205.0
Harry Wessels,Saint Mary's,13,2.0337,85.0,22.9,5105418.0
Sadiku Ibine Ayo,Iona,17,-2.34741,79.0,14.8,5107197.0
Eric Mulder,Purdue Fort Wayne,13,-0.161591,80.0,13.5,5106790.0
Maleek Arington,Idaho St.,5,-1.5408,75.0,17.8,5107830.0
Jarace Walker,Houston,2,8.49956,80.0,22.0,5106060.0
Will Batchelder,Holy Cross,1,-4.90644,73.0,20.7,5105675.0
Lorenzo Downey,Alabama A&M,14,-3.21005,77.0,17.9,5107456.0
Aaron Gray,Niagara,3,-1.43731,79.0,20.8,5107795.0
Jacari White,North Dakota St.,14,-1.69741,75.0,18.2,5107274.0
Braxton Bayless,Niagara,5,-5.29978,74.0,21.0,5107792.0
Lance Erving,Niagara,14,-2.80414,75.0,13.1,5107791.0
David Coit,Northern Illinois,11,1.22745,71.0,20.8,5108023.0
Kai Huntsberry,North Texas,1,1.48824,75.0,24.5,5106885.0
DJ Campbell,Western Carolina,17,-3.39141,74.0,12.8,5107343.0
Carlos Lemus,UTEP,5,-5.11466,75.0,15.4,5106847.0
Will Johnston,UT Rio Grande Valley,1,-2.23018,75.0,21.4,5105481.0
Kyron Gibson,UT Arlington,9,-0.57961,73.0,25.5,5105489.0
Taj Anderson,UT Arlington,4,-7.35791,76.0,19.0,5105488.0
Dario Domingos,UT Arlington,15,-4.636,80.0,21.6,5105493.0
Mohamed Wague,West Virginia,13,9.03159,82.0,18.8,5106293.0
Jestin Porter,Middle Tennessee,1,-5.03698,73.0,21.9,5106880.0
Kymany Houinsou,Washington St.,7,-0.840458,78.0,19.5,5105659.0
Tre Donaldson,Auburn,5,2.35639,74.0,15.3,4837356.0
Jevon Porter,Pepperdine,3,0.72781,83.0,20.7,4684798.0
Jorge Diaz Graham,Pittsburgh,6,4.61065,83.0,18.3,5105411.0
Arturo Dean,FIU,9,0.471193,71.0,27.2,5106868.0
Jay'Den Turner,Queens,3,-0.0467614,77.0,18.6,4706596.0
JJ Starling,Notre Dame,1,-3.70829,76.0,23.5,4683697.0
Ven-Allen Lubin,Notre Dame,8,0.496979,80.0,19.4,4684799.0
Xavier Rhodes,Northern Kentucky,5,0.480882,73.0,19.7,5106777.0
Chris Ashby,Queens,14,-2.47308,74.0,15.5,5107088.0
Josh Dix,Iowa,14,0.869015,77.0,12.1,5105800.0
Dasonte Bowen,Iowa,5,-3.20243,74.0,21.0,5105801.0
DJ Jackson,IU Indy,1,-5.67364,76.0,22.5,5106760.0
Amhad Jarrard,IU Indy,4,-10.5534,76.0,19.3,5106757.0
Armon Jarrard,IU Indy,1,-3.96529,75.0,17.8,5106759.0
Robbie Avila,Indiana St.,2,4.70993,82.0,22.3,4917097.0
Vincent Brady II,IU Indy,12,-2.28417,76.0,18.4,5106755.0
Grant Singleton,Fairleigh Dickinson,11,2.00282,69.0,19.4,5106586.0
Geoff Sprouse,American,11,-1.93351,72.0,16.0,5105660.0
Jefferson Monegro,Western Michigan,4,-8.67488,76.0,16.9,5107998.0
JaVaughn Hannah,Western Michigan,10,-6.37866,76.0,17.1,5107997.0
Seth Hubbard,Western Michigan,14,-4.21291,76.0,18.9,5108000.0
Jermaine Ballisager Webb,American,8,-3.82134,84.0,23.9,5105662.0
Ante Brzovic,Charleston,2,2.86842,82.0,29.1,5105761.0
Brandon Davis,Texas St.,17,-3.35657,73.0,18.8,4909526.0
Braden Smith,Purdue,9,7.57649,72.0,19.0,5105854.0
Thomas Tut,Saint Peter's,16,-7.75379,81.0,12.3,5107805.0
KC Ibekwe,Oregon St.,16,-4.80852,82.0,24.5,5105631.0
Orlando Lovejoy,Eastern Michigan,6,-2.81909,74.0,14.3,5108764.0
Justin Mullins,Denver,6,-0.479666,78.0,17.0,5107289.0
Jordan Walsh,Arkansas,6,4.19108,79.0,15.8,4683689.0
Ja'Kobi Gillespie,Belmont,9,0.886136,72.0,26.0,5107968.0
Brandon Miller,Alabama,2,9.82941,81.0,25.0,4433287.0
Anthony Black,Arkansas,6,6.48724,79.0,22.2,4712849.0
Barry Evans,St. Bonaventure,7,-0.551758,80.0,12.1,5105987.0
Jackson Fields,Troy,15,-1.82291,80.0,14.8,5106449.0
Jack Campion,Southern Indiana,5,-7.68889,71.0,15.7,5107627.0
Jaden Henley,Minnesota,5,-3.65066,79.0,19.0,5105821.0
Pharrel Payne,Minnesota,13,2.21628,81.0,21.5,5105823.0
Keyontae Lewis,Wagner,16,-4.39833,81.0,19.3,5106634.0
Daniel Rouzan,Weber St.,8,-2.48145,81.0,20.6,5108148.0
Rokas Jocius,La Salle,15,-1.43733,80.0,16.1,5105904.0
Roddy Gayle Jr.,Ohio St.,11,2.88534,76.0,15.9,5105836.0
CJ Penha Jr.,Boston College,12,-0.101189,79.0,18.4,5105451.0
Jonnivius Smith,Buffalo,13,2.29451,81.0,13.8,4897417.0
Jack Karasinski,William & Mary,17,-4.67263,79.0,17.0,5106735.0
Ethan Roberts,Army,11,-0.952568,77.0,20.4,5108811.0
Tyree Boykin,Appalachian St.,1,-1.1893,73.0,22.7,5107254.0
Quincy Anderson,Murray St.,3,-1.65463,76.0,18.3,5107893.0
Brian Moore Jr.,Murray St.,1,-2.28739,75.0,19.3,5107895.0
Blaise Keita,Nebraska,16,1.45972,83.0,15.1,5105826.0
Jacob Conner,Marshall,6,3.06595,80.0,12.0,5108991.0
Laolu Oke,Montana,13,2.72518,80.0,11.6,5107840.0
C.J. Delancy,LIU,8,-2.51706,80.0,15.3,5106594.0
Tyson Commander,Loyola MD,17,-8.63557,76.0,17.9,5105689.0
Landon Moore,Saint Francis,1,-2.80843,75.0,23.0,5106612.0
Trey Miller,Incarnate Word,5,-3.91693,74.0,19.5,5108892.0
Niki Krause,Incarnate Word,5,-3.83682,79.0,16.3,5108888.0
Ryan Pettit,Lafayette,4,-6.67138,73.0,11.3,5105678.0
Sean Halloran,Elon,9,-0.436891,72.0,23.5,4609101.0
Seth Trimble,North Carolina,16,-1.57875,75.0,12.9,4712836.0
LJ Thomas,N.C. State,6,2.73273,74.0,14.3,4683842.0
Markus Harding,Central Michigan,15,-5.12722,82.0,24.8,5108045.0
Max Watson,Cornell,12,-0.536188,76.0,16.7,5106246.0
Tajavis Miller,North Dakota St.,10,-1.92148,76.0,17.9,5107272.0
Damari Wheeler-Thomas,North Dakota St.,1,-4.12755,72.0,17.3,5107273.0
Justin Taylor,Syracuse,10,-0.288682,78.0,12.0,4684746.0
Xavier McKelvy,Winthrop,14,-3.93469,74.0,16.8,5107466.0
Ugnius Jarusevicius,Cal St. Bakersfield,7,-7.47635,82.0,22.5,5108721.0
Jacari Lane,North Alabama,9,0.0402683,72.0,26.4,5107078.0
Judah Mintz,Syracuse,9,-0.457448,75.0,27.5,4684729.0
Armoni Foster,Buffalo,5,-5.16098,76.0,20.4,5108760.0
Dionte Johnson,Maryland Eastern Shore,5,-4.29157,72.0,15.4,5108775.0
Lorenzo Washington,Hartford,5,-7.18076,72.0,10.1,5108703.0
Braxton Jones,Hartford,1,-12.6924,72.0,22.6,5108706.0
Sam Peek,Stetson,3,-1.71053,79.0,18.7,5107094.0
Sekou Sylla,Towson,3,-5.2513,77.0,20.8,5106726.0
Aamer Muhammad,Troy,1,-1.75047,73.0,22.1,5106446.0
Chazz Hutchison,UC Irvine,13,-0.768047,81.0,13.1,5107160.0
Josh Reed,Cincinnati,10,0.833864,79.0,11.7,4838723.0
Chas Kelley,Boston College,10,-3.97574,77.0,15.2,4888733.0
Prince Aligbe,Boston College,7,-5.0167,78.0,20.1,4609653.0
Demetrius Davis,Chattanooga,17,-2.36234,81.0,20.6,5107376.0
Daniel Skillings,Cincinnati,7,-1.00696,78.0,21.4,5105811.0
Davion Sykes,Texas St.,7,-1.93878,78.0,16.5,5106452.0
Jordan Mason,Texas St.,1,-0.18138,74.0,17.2,5106453.0
Koat Keat Tong,UC Santa Barbara,7,-3.22205,81.0,15.1,4685013.0
Charles Chukwu,Tulsa,13,-2.12611,80.0,8.0,4838708.0
Faizon Fields,Old Dominion,8,1.472,82.0,16.2,5106461.0
BB Knight,Tulsa,10,-5.99883,78.0,12.7,5106641.0
John Williams Jr.,FIU,7,-5.01743,76.0,22.6,5106871.0
Trenton Gibson,Indiana St.,11,3.40448,76.0,18.5,4706189.0
Efrem Johnson,UAB,14,1.25956,76.0,12.6,5107144.0
Adam Silas,Wofford,5,-7.3503,75.0,18.5,5107322.0
Elijah Brooks,North Dakota,15,-1.51338,76.0,17.9,5107282.0
Chase Martin,Wofford,17,-4.85782,77.0,12.3,5107320.0
Amarri Tice,Wofford,7,-6.91509,79.0,15.7,5107321.0
Coleton Benson,Army,11,-0.816901,73.0,21.3,5108809.0
Alex Schumacher,Seattle,5,-1.54548,75.0,24.6,4712280.0
Ridvan Tutic,New Hampshire,8,-1.76444,82.0,12.6,5107189.0
Donovan Dent,New Mexico,6,1.75325,74.0,18.7,5107782.0
Kyle Filipowski,Duke,2,5.32082,83.0,28.9,4684793.0
Zae Blake,Green Bay,9,-2.51425,73.0,24.0,5106750.0
Mark Mitchell,Duke,3,4.07527,80.0,17.7,4433285.0
Trey Campbell,Northern Iowa,17,-0.86403,75.0,15.3,5107887.0
Jalen Jackson,Illinois Chicago,5,-4.24547,74.0,18.6,5107876.0
Steven Clay,Illinois Chicago,17,-3.5868,76.0,14.2,5107877.0
Donovan Clingan,Connecticut,0,12.6992,86.0,24.6,5105565.0
Taylor Hendricks,UCF,2,7.44161,81.0,20.4,4684806.0
Noah Ross,UNC Wilmington,6,2.2591,79.0,11.9,5106732.0
Cheikh Ndiaye,LIU,16,-10.4417,80.0,16.4,5106595.0
Richie Saunders,BYU,17,2.13638,77.0,16.4,5105462.0
Zachary Davis,South Carolina,6,0.665073,80.0,11.8,5105548.0
Gregory Jackson,South Carolina,3,-2.88145,81.0,29.1,5105550.0
Stephaun Walker,Robert Morris,8,-4.1223,79.0,18.4,5106791.0
TJ Wainwright,Robert Morris,4,-8.26249,75.0,15.6,4683947.0
Bryce Baker,Old Dominion,10,-0.337393,77.0,12.4,5106463.0
Zahrion Blue,Rider,17,-2.40152,76.0,13.5,4405283.0
Jacob Tracey,Lindenwood,5,-6.25531,76.0,14.9,5107690.0
Kevin Caldwell Jr.,Lindenwood,1,-4.47758,71.0,25.0,5107691.0
Allen David Mukeba Jr.,UMKC,8,-0.73557,79.0,19.8,nan
Quandre Bullock,Louisiana Tech,15,-0.280665,78.0,16.3,5106877.0
Guy Fauntleroy,Austin Peay,5,-3.59347,70.0,20.7,5106669.0
Kelechi Okworogwo,Austin Peay,7,-4.11685,78.0,17.1,5106673.0
Marquez Cooper,New Orleans,3,-2.12591,76.0,20.9,4603017.0
Dillon Mitchell,Texas,13,4.71966,80.0,12.2,5106283.0
Tyrese Elliott,North Carolina A&T,6,-4.52342,74.0,17.8,5106712.0
Lamar Washington,Texas Tech,6,1.82188,76.0,16.4,5106284.0
Pano Pavlidis,Hartford,15,-0.822333,80.0,17.9,4406392.0
AJ McKee,Queens,1,0.159188,74.0,23.4,4706601.0
Gavin Rains,Queens,16,0.759929,79.0,15.1,4706600.0
Kyle Johnson,Delaware St.,7,-6.15568,80.0,15.9,5108769.0
Owen White,South Alabama,14,2.99785,78.0,15.1,5106460.0
Cameron Stitt,Delaware St.,7,-5.15129,80.0,17.1,5108774.0
Adante' Holiman,UT Rio Grande Valley,5,-5.51699,72.0,21.2,4684620.0
Brandon Walker,UT Arlington,7,-8.31571,79.0,23.6,5105487.0
Wilguens Exacte Jr.,Utah,10,-2.93518,78.0,19.7,5105646.0
Mason Docks,UMBC,4,-9.54386,72.0,16.7,5107243.0
Caleb Donaldson,Eastern Illinois,17,-6.98518,77.0,16.4,5107705.0
Kinyon Hodges,Eastern Illinois,11,-1.69904,74.0,21.3,5107702.0
Nick Ellington,Eastern Illinois,8,-2.50912,80.0,22.8,5107703.0
Marvin McGhee III,Cal St. Bakersfield,14,-1.87082,76.0,15.8,5108718.0
Alex Karaban,Connecticut,12,8.6881,80.0,14.4,4917149.0
Zach Reinhart,Arkansas Pine Bluff,10,-4.50088,78.0,12.9,5108821.0
Cason Wallace,Kentucky,6,7.65946,76.0,20.3,4683692.0
B.J. Omot,North Dakota,3,-1.79883,80.0,20.4,5107285.0
Jared Turner,Northeastern,12,0.0595452,80.0,13.7,5106717.0
Mark Armstrong,Villanova,1,-0.0691279,74.0,17.7,5105590.0
Rashad King,Northeastern,4,-8.05963,78.0,18.1,5106715.0
Chase Cormier,Northeastern,5,-8.31933,74.0,19.3,4838705.0
Brendan Hausen,Villanova,12,2.9021,76.0,14.9,5105589.0
Dug McDaniel,Michigan,1,2.405,71.0,18.6,5105805.0
Jett Howard,Michigan,14,4.56533,80.0,21.8,5105806.0
Cam Whitmore,Villanova,6,3.27211,79.0,24.3,5105592.0
Harold Woods,Northeastern,4,-7.00526,77.0,19.7,5106716.0
Kalib Mathews,Queens,12,0.295927,76.0,15.0,4706609.0
Justin Thomas,Milwaukee,5,-0.690471,79.0,16.4,5106773.0
Patrick Gardner,Marist,2,2.85045,83.0,32.2,5107771.0
Troy Hupstead,Maryland Eastern Shore,3,-4.55173,79.0,23.2,5108778.0
Aidan Shaw,Missouri,12,0.532287,80.0,11.7,5105543.0
Andrew Ball,Monmouth,7,-7.25093,80.0,18.7,5106702.0
Dionjahe Thomas,McNeese St.,8,-5.20885,80.0,16.7,5107301.0
Bobi Klintman,Wake Forest,3,1.81643,82.0,15.1,5105340.0
Xaivian Lee,Princeton,1,-0.97854,75.0,20.6,5107169.0
Caden Pierce,Princeton,3,3.48698,78.0,14.6,5107170.0
Deven Austin,Princeton,15,2.66502,78.0,17.3,5107171.0
Micah Handlogten,Marshall,0,7.07763,85.0,14.9,5108992.0
Andrew Sims,Stonehill,3,-5.05426,78.0,26.2,5106627.0
R.J. Greene,LIU,5,-7.85015,78.0,22.6,5106593.0
Marcus Jackson,Albany,5,-4.19015,74.0,13.6,5106044.0
Jalen Nesmith,Jacksonville,4,-7.93222,72.0,17.1,5106678.0
Elijah Gray,Fordham,7,-11.3557,80.0,22.5,5105894.0
Braeden Smith,Colgate,11,0.808781,72.0,20.4,5105672.0
Ramar Pryor,Cleveland St.,11,0.886946,75.0,13.7,5106743.0
Isaac Jack,Buffalo,13,0.271642,83.0,15.0,5108762.0
Raziel Hayun,Manhattan,17,-4.63862,76.0,14.4,5107206.0
Stephon Payne III,Incarnate Word,16,-0.885509,81.0,19.7,5108891.0
Treysen Eaglestaff,North Dakota,17,-1.79715,78.0,24.7,5107287.0
Robert Lewis,Arkansas Pine Bluff,17,-8.05067,81.0,14.9,5108826.0
Caden Powell,Wyoming,16,-3.79985,82.0,18.6,5107866.0
Wisler Sanon II,Saint Francis,11,-3.04231,76.0,12.2,5106615.0
Justyn Fernandez,George Mason,17,-3.92253,77.0,18.3,4917385.0
Devin Dinkins,George Mason,10,-4.31706,70.0,16.6,5105895.0
Michael Collins Jr.,Virginia Tech,10,-0.89776,76.0,11.1,5105404.0
Danny Washington,Mississippi Valley St.,5,-6.35937,72.0,16.6,5108863.0
Rayquan Brown,Mississippi Valley St.,3,-1.24671,78.0,22.1,5108859.0
Tyronn Mosley,Mississippi Valley St.,11,-0.82788,78.0,18.5,5108860.0
Arecko Gipson,Mississippi Valley St.,4,-9.66846,79.0,19.0,5108861.0
Mckinley Harris,Prairie View A&M,7,-2.38754,77.0,7.8,5109781.0
Khaliq Abdul-Mateen,East Texas A&M,14,-3.06667,73.0,15.7,4904482.0
Ajay Sheldon,Ohio,4,-2.70126,73.0,11.8,5108009.0
Elmore James,Ohio,14,-2.26917,75.0,19.4,5108010.0
Otega Oweh,Oklahoma,6,0.472637,77.0,23.8,5106270.0
AJ Storr,St. John's,14,-0.748186,78.0,18.5,5105603.0
Tanner Te Slaa,South Dakota St.,10,-6.34886,77.0,11.9,5107256.0
Paul McMillian IV,NJIT,1,-6.06772,74.0,21.5,5106659.0
A'lahn Sumler,Northern Kentucky,10,-6.48414,75.0,18.0,5106775.0
Felix Okpara,Ohio St.,0,6.82261,83.0,13.6,5105841.0
Cody Pennebaker,Lamar,17,-1.16498,77.0,12.2,5108080.0
Nate Calmese,Lamar,11,-2.71185,74.0,26.8,5108081.0
Thirdkill Jr. Jason,Lamar,8,-5.79059,79.0,20.3,nan
Roberts Berze,McNeese St.,14,-3.04761,79.0,16.4,5107300.0
Turner Buttry,Eastern Kentucky,17,-4.12362,71.0,14.8,5106705.0
Jaden Daughtry,Marist,7,-2.83987,78.0,16.9,5107770.0
Kyle Carlesimo,Eastern Illinois,5,-6.30108,74.0,16.6,5107704.0
Cameron Haffner,Eastern Illinois,10,-5.47185,74.0,19.1,5107700.0
Sincere Malone,Eastern Illinois,6,-0.944709,80.0,17.8,5107701.0
Isaiah Brickner,Marist,5,-3.41675,76.0,19.8,5107768.0
Trace Salton,Marist,17,-3.11151,78.0,12.9,5107769.0
Kyle Thomas,Eastern Illinois,7,-7.49006,82.0,26.3,5107708.0
Lachlan Olbrich,UC Riverside,3,0.715842,82.0,23.6,5107156.0
Nate Pickens,UC Riverside,10,-2.11559,76.0,14.3,5107152.0
Tehshaundre Cole,Chicago St.,16,-4.8982,77.0,14.6,5109776.0
Jesiah West,Western Illinois,8,0.974909,77.0,19.9,5108994.0
Melvion Flanagan,Wichita St.,11,0.595553,70.0,19.4,5106649.0
Deshawn Jean-Charles,Chicago St.,17,-4.53621,78.0,18.4,5109770.0
Dhashon Dyson,Bethune Cookman,1,-6.34781,73.0,26.3,5108847.0
Colin Porter,Liberty,5,2.32118,69.0,18.4,5107070.0
Zach Cleveland,Liberty,16,0.45749,79.0,20.3,5107069.0
Tyrell Ward,LSU,10,0.303692,78.0,14.7,4684733.0
Christian May,Towson,12,-0.886493,77.0,11.9,5106728.0
Kylan Blackmon,Coastal Carolina,14,-4.13021,75.0,14.0,5107233.0
Harlan Obioha,Niagara,13,-0.958599,84.0,17.7,4920142.0
Tyler Andrews,UMKC,17,-6.30188,78.0,18.8,5109034.0
Ernest Udeh Jr.,Kansas,13,10.7139,83.0,15.1,5106261.0
Tafara Gapare,Massachusetts,7,-4.48205,81.0,20.0,5106034.0
Jevin Muniz,Delaware St.,5,-3.54592,78.0,17.5,5108770.0
Kamron Hobbs,Morgan St.,1,-2.24005,70.0,15.8,4901230.0
Chris Moncrief,Evansville,4,-5.92786,78.0,15.8,5108786.0
Gabe Spinelli,Evansville,5,-7.82588,74.0,20.1,5108787.0
Michael Rataj,Oregon St.,3,1.81913,81.0,19.2,5105627.0
Massal Diouf,UTSA,16,-5.81424,81.0,12.7,5106845.0
George Beale,Norfolk St.,11,-0.31606,76.0,17.1,5107975.0
Perry Smith Jr.,Vermont,16,-6.4777,81.0,14.9,5107296.0
Jordan Pope,Oregon St.,1,1.49132,74.0,20.3,5105624.0
Kel'el Ware,Oregon,0,5.19474,84.0,21.8,5105623.0
Armandas Plintauskas,Northern Illinois,10,-6.11011,76.0,12.9,5108026.0
Caleb Shaw,Northern Colorado,17,-5.38195,77.0,19.2,5107860.0
Langston Reynolds,Northern Colorado,4,-7.05719,76.0,15.6,5107857.0
Brock Wisne,Northern Colorado,15,1.20967,81.0,15.1,5107858.0
Yaakema Rose Jr.,Eastern Illinois,9,-1.43278,69.0,23.7,4604936.0
Sami Pissis,Southeastern Louisiana,1,-5.90769,75.0,22.3,5108915.0
Ibu Yamazaki,Radford,17,-3.03981,79.0,13.9,5107514.0
Myles Burns,Mississippi,6,7.16272,78.0,18.4,4405309.0
TJ Hurley,Vermont,14,-1.89959,77.0,15.7,5107295.0
Zeke Cook,Jackson St.,7,-2.49441,78.0,18.1,5107381.0
Amari Stroud,Long Beach St.,8,1.4948,82.0,18.1,5107190.0
Syrus Grisby,St. Francis NY,7,-6.90717,80.0,14.7,5106606.0
Josiah Harris,St. Francis NY,7,-4.19515,80.0,24.8,nan
Kiandre Gaddy,Tarleton St.,0,3.25843,78.0,20.8,4603421.0
Fredrick King,Creighton,0,3.12393,82.0,20.2,5105580.0
Reed Bailey,Davidson,15,-1.91599,83.0,15.2,5105865.0
Zion Harmon,Bethune Cookman,1,-6.58554,72.0,27.1,4432641.0
Lukas Gudavicius,Bethune Cookman,4,-10.58,82.0,13.9,4888734.0
Branden Maughmer,Morehead St.,5,-0.984746,75.0,18.6,4401528.0
Jackson Last,Robert Morris,17,-1.59995,77.0,14.5,5106792.0
Ahjany Lee,St. Thomas,8,-1.74112,81.0,19.9,4838718.0
Andrew Rohde,St. Thomas,9,2.37846,78.0,28.4,5109019.0
Matus Hronsk,Duquesne,17,-3.3589,80.0,16.1,5105883.0
Dominique Ford,Idaho,14,-4.52014,76.0,15.8,5107819.0
Brock Mackenzie,Idaho St.,11,0.0075761,74.0,20.6,5107826.0
David Dixon,Duquesne,0,6.24941,81.0,20.9,5105881.0
German Plotnikov,Hofstra,12,0.747951,78.0,14.7,5105719.0
Emanuel Sharp,Houston,14,1.45929,75.0,19.0,5106058.0
Isaac Jones,Idaho,2,2.76322,81.0,28.7,5107818.0
Terrance Ford Jr.,Arkansas St.,1,-0.493224,73.0,19.7,5107248.0
Dallin Hall,BYU,9,-0.281557,76.0,21.4,5105464.0
Dereck Lively II,Duke,0,13.7218,85.0,12.8,4683688.0
Dariq Whitehead,Duke,14,2.5934,78.0,20.3,4432735.0
Garfield Turner,Drexel,8,1.20415,80.0,15.3,5105781.0
LA Pratt,Elon,17,-5.30321,77.0,12.3,5105787.0
Justin Moore,Drexel,5,-5.43413,75.0,27.3,5105780.0
Love Bettis,North Carolina A&T,10,-6.25556,72.0,17.4,5106711.0
Dane Erikstrup,Eastern Washington,3,-2.31161,82.0,24.5,5107314.0
Isaiah Moore,South Alabama,9,3.14687,73.0,32.9,5106458.0
Da'Sean Nelson,DePaul,15,1.0445,80.0,23.0,5105583.0
AJ Brown,Ohio,14,0.889374,76.0,21.6,5108014.0
Milos Uzan,Oklahoma,11,2.10592,76.0,17.4,5106272.0
Kylan Boswell,Arizona,11,4.60743,74.0,15.0,4684269.0
Omarion Henry,New Orleans,15,-1.99841,79.0,17.1,5108074.0
Alex Gross,Morehead St.,0,2.54663,82.0,24.3,4596935.0
Xavier Brewer,Alabama A&M,7,-4.39675,81.0,21.9,4612309.0
Olisa Akonobi,Alabama A&M,0,-0.147676,84.0,19.6,4612311.0
Ben Vander Wal,Furman,12,0.739276,79.0,13.9,5107369.0
Chandler Jackson,Florida St.,6,-0.150658,77.0,19.1,4712843.0
Riley Kugel,Florida,11,0.874474,77.0,22.7,5105529.0
Cameron Corhen,Florida St.,15,-0.94609,82.0,17.1,4712902.0
Baba Miller,Florida St.,15,-2.82155,83.0,16.7,5075626.0
Tom House,Florida St.,10,-5.98514,79.0,14.5,4896557.0
JaRonn Wilkens,Southern,8,-4.85607,81.0,15.1,5108872.0
Jalen Reynolds,Southern,16,-4.46178,78.0,20.2,5108874.0
Louis Bleechmore,Saint Joseph's,17,-4.58373,77.0,12.4,5105979.0
Brennan Rigsby,Oregon,17,3.47924,75.0,13.7,5105622.0
Damarco Minor,SIU Edwardsville,1,-0.671895,72.0,23.5,5107652.0
Kennedy Brown,Nebraska Omaha,16,-5.69879,81.0,14.2,5107262.0
Marquel Sutton,Nebraska Omaha,7,-6.81894,79.0,21.9,5107264.0
Lamar Wilkerson,Sam Houston St.,3,1.68179,76.0,19.8,5105876.0
Daeshawn Eaton,Cal St. Fullerton,4,-4.67219,74.0,19.3,5108103.0
Ginika Ojiako,George Mason,8,-4.8961,82.0,20.1,4592425.0
Max Zegarowski,Stonehill,14,-1.30607,80.0,17.0,5106618.0
Josh Mack,Stonehill,11,-2.64387,72.0,15.6,5106621.0
TJ Caldwell,Mississippi,10,-4.31023,76.0,19.2,5105545.0
Luke Jungers,Nebraska Omaha,14,-5.84939,81.0,21.0,5107259.0
Ja'Sean Glover,Nebraska Omaha,17,-0.807063,76.0,12.5,5107263.0
Isaiah Alexander,Loyola MD,7,-5.42252,79.0,18.2,5105686.0
Jordan Crawford,Louisiana Tech,4,-5.69066,75.0,20.2,5106878.0
Jayden Dawson,Loyola Chicago,10,-5.01042,76.0,15.5,5105964.0
Jalen Quinn,Loyola Chicago,5,-5.44974,75.0,17.6,5105965.0
Christoph Tilly,Santa Clara,8,2.36993,84.0,20.4,5109790.0
Kosy Akametu,Santa Clara,4,-8.61526,77.0,20.5,5109787.0
Justin Taylor,High Point,17,-7.62588,75.0,11.4,5108711.0
Amaree Abram,Mississippi,1,-2.11065,76.0,23.4,5105544.0
Deon Perry,Loyola MD,1,-1.94651,68.0,22.1,5105687.0
Cade McKnight,Indiana St.,3,-2.33076,81.0,21.0,4407260.0
Shy Odom,Howard,8,1.8989,78.0,24.9,4432746.0
Ose Okojie,Howard,16,-2.30669,77.0,11.5,5107986.0
Matt Schner,Lipscomb,12,2.37165,77.0,15.1,4283055.0
Justin Archer,Radford,13,2.78134,79.0,17.7,5107507.0
Paul Otieno,Quinnipiac,8,3.29243,80.0,14.8,5107797.0
Federiko Federiko,Pittsburgh,13,6.38609,83.0,13.6,5105412.0
Dayne Prim,Northwestern St.,6,-1.3373,78.0,20.3,5108912.0
JJ White,Nebraska Omaha,9,-2.95527,74.0,22.8,5107260.0
Jaeden Marshall,Nebraska Omaha,1,-5.69029,76.0,22.6,5107261.0
Seyi Reiley,Seattle,8,-0.854836,78.0,22.8,5105499.0
Drake Allen,Southern Utah,9,1.09554,76.0,20.9,5105494.0
Bryant Selebangue,Tulsa,8,1.58079,81.0,19.4,5106643.0
Jayhlon Young,UCF,5,-0.238478,74.0,16.3,5106644.0
Cam Morris III,UMass Lowell,13,3.20694,80.0,17.5,5107271.0
Colton Lawrence,UMBC,1,-3.40787,75.0,23.5,5107239.0
Bernard Pelote,Western Carolina,17,-3.60834,80.0,18.3,4711668.0
Caleb Robinson,Gardner Webb,7,-4.74617,77.0,25.8,4711671.0
Tyler Houser,VMI,3,-6.00028,81.0,22.0,5107353.0
Tony Felder,VMI,1,-7.36059,70.0,24.2,5107352.0
Taeshaud Jackson,VMI,15,-2.63753,76.0,16.5,5107349.0
Rickey Bradley,VMI,11,-3.79539,74.0,18.2,5107351.0
Asher Woods,VMI,1,-6.00646,75.0,24.0,5107350.0
Kyle Hayman,Stephen F. Austin,6,-0.426513,77.0,18.1,5109782.0
AJ Cajuste,Stephen F. Austin,9,1.79058,73.0,21.7,5109785.0
Jalil Beaubrun,Stephen F. Austin,16,-4.40865,81.0,16.4,5109784.0
Maximus Nelson,Valparaiso,14,-4.95927,80.0,14.2,5107870.0
Terry Anderson,Lamar,7,-3.02759,78.0,17.7,5108084.0
Chris Pryor,Lamar,5,-4.519,71.0,20.9,5108083.0
Jonathan Cisse,Incarnate Word,1,-3.33374,73.0,25.7,5108887.0
Cam Denson,Pacific,16,-2.99358,79.0,19.9,5105458.0
Roland McCoy,Alabama St.,10,-5.91271,74.0,17.2,5107440.0
Duane Posey,Alabama St.,8,-5.77929,79.0,23.6,5107438.0
Jakevion Buckley,Lamar,5,-7.32629,72.0,21.6,5108082.0
Ben Gold,Marquette,15,4.85965,83.0,18.2,5105599.0
Tyler Henry,Southern Indiana,10,-4.76372,76.0,19.9,5107623.0
Shammah Scott,Wichita St.,10,-3.16566,74.0,15.5,5106652.0
Bruce Thornton,Ohio St.,11,3.54323,74.0,18.6,5105837.0
Brice Sensabaugh,Ohio St.,3,3.7691,78.0,32.1,5105839.0
Shawn Jones Jr.,Mississippi St.,6,2.95487,77.0,16.5,5105540.0
Jalen Hood-Schifino,Indiana,1,-0.348196,78.0,25.2,5105797.0
Skyy Clark,Illinois,17,-0.0457683,75.0,17.7,5105794.0
Jayden Epps,Illinois,1,-0.594644,74.0,20.0,5105791.0
Sencire Harris,Illinois,6,2.60672,76.0,15.6,5105790.0
Ty Rodgers,Illinois,16,2.71842,78.0,13.1,5105792.0
Nigel Burris,Idaho,12,-2.36776,79.0,16.0,5107824.0
Amarr Knox,Alabama St.,4,-8.76288,75.0,18.8,4812368.0
Kendal Parker,Alabama St.,4,-8.90084,76.0,16.2,5107439.0
Jamarius Hairston,East Tennessee St.,10,-1.86965,77.0,13.8,4906717.0
Fletcher Loyer,Purdue,1,2.06222,76.0,20.5,5105853.0
Yohan Traore,Auburn,17,-2.71824,82.0,14.6,4869741.0
Cade Tyson,Belmont,12,0.735659,79.0,20.7,5107970.0
Tyeree Bryan,Charleston Southern,14,0.451134,78.0,17.6,5108120.0
Pat Robinson III,Charleston,3,1.62427,75.0,24.4,5105762.0
Peter Suder,Bellarmine,3,-0.933744,77.0,24.0,5106674.0
Damien Madison,Alabama St.,10,-6.13777,72.0,13.5,4404069.0
Cruz Davis,Iona,1,-2.21872,75.0,19.1,5107198.0
Malik Reneau,Indiana,15,0.562105,81.0,23.0,5105798.0
Clarence Cummings III,Green Bay,1,-5.39452,77.0,22.0,5106749.0
Tyren Moore,Georgia Southern,1,0.904895,71.0,21.1,5107226.0
Cam Gregory,Saint Francis,5,-7.34269,77.0,15.5,5106610.0
Jamar Franklin,South Alabama,10,-2.33959,74.0,19.6,5106456.0
Austin Nunez,Arizona St.,5,-0.497841,74.0,16.1,4712837.0
Duke Brennan,Arizona St.,8,2.48351,82.0,15.4,4870569.0
Chase Lowe,William & Mary,7,-5.84565,77.0,19.9,5106734.0
Johnny McFatten,Georgia Southern,13,-0.18088,80.0,11.7,5107228.0
Isaiah Jones,Detroit Mercy,17,-2.36853,80.0,12.3,4067423.0
Julian Lual,Arkansas St.,7,-2.31596,78.0,16.6,5107249.0
Donovan Atwell,UNC Greensboro,14,0.968755,77.0,21.4,5107355.0
Jordan Chatman,Florida A&M,7,-6.3222,77.0,20.5,5107408.0
DJ Basey,Coastal Carolina,8,-3.08554,82.0,10.7,4607661.0
Kenny Dye,Queens,9,0.211626,72.0,26.9,4706606.0
Jamari Smith,Murray St.,3,-4.39145,80.0,24.4,4706598.0
Nick Smith Jr.,Arkansas,1,-1.56382,77.0,26.3,4683686.0
Jaden Bradley,Alabama,5,1.3509,75.0,21.2,4432737.0
Rylan Griffen,Alabama,6,5.36677,77.0,18.6,4683682.0
Noah Clowney,Alabama,2,7.68093,82.0,17.8,4712896.0
Jesaiah McWright,Tulsa,4,-7.0988,77.0,14.7,5106642.0
Yann Farell,St. Bonaventure,12,1.63507,78.0,14.9,5105988.0
Roddie Anderson III,UC San Diego,9,-3.21375,74.0,30.1,5107148.0
Trey Pettigrew,Nevada,7,-3.95289,75.0,17.8,4712835.0
Zek Tekin,Siena,5,-4.46596,74.0,14.5,5107806.0
Jaquel Morris,Miami OH,16,-0.859993,80.0,13.6,5108030.0
Ryan Mabrey,Miami OH,10,-5.33328,77.0,16.8,5108029.0
Tyler Bilodeau,Oregon St.,3,-1.38428,81.0,20.8,5105626.0
Zach Howell,Milwaukee,10,-5.5814,77.0,18.3,5106768.0
Elijah Jamison,Milwaukee,1,-4.67418,75.0,18.5,5106767.0
Billy Smith,Miami OH,12,-2.88001,79.0,12.9,5108028.0
Chandler Pigge,Harvard,17,-2.69706,77.0,14.3,4902967.0
Chisom Okpara,Harvard,15,-3.2855,80.0,22.1,4684745.0
Jace Whiting,Boise St.,17,-0.00823862,74.0,14.0,5107474.0
Issa Muhammad,New Mexico St.,15,-1.07358,81.0,17.4,5108977.0
Patrick Cartier,Colorado St.,12,1.78385,80.0,24.4,5107564.0
Quest Aldridge,Gardner Webb,10,-2.80394,76.0,19.3,4609098.0
Xavier Brown,James Madison,5,-0.320473,74.0,14.4,5107222.0
Travis Roberts,Jacksonville St.,17,-2.85369,78.0,14.9,4684734.0
Demarion Watson,Iowa St.,16,2.58439,78.0,12.0,5106255.0
Tamin Lipsey,Iowa St.,6,5.91207,73.0,18.5,5106254.0
Simeon Cottle,Kennesaw St.,5,-4.25536,73.0,20.7,5106660.0
Maliq Brown,Syracuse,13,4.42565,80.0,13.4,5105337.0
Chris Bell,Syracuse,14,-3.16882,79.0,16.1,4684627.0
Kaseem Watson,Cal St. Bakersfield,17,-7.10201,79.0,17.4,5108719.0
Johnnie Walter,Cal St. Northridge,4,-7.66653,81.0,11.8,5108098.0
Cedquavious Hunter,Cal St. Bakersfield,4,-7.16979,72.0,17.2,5108717.0
Cam Slaymaker,Cal St. Northridge,10,-6.80571,76.0,14.3,5108097.0
Jeremiah Coleman,South Dakota,4,-11.5626,72.0,18.6,5108955.0
Jalen Reed,LSU,7,-4.76557,82.0,18.6,5105534.0
Henri Adiassa,Lehigh,16,-5.52846,83.0,10.0,5105684.0
Chance Stephens,Loyola Marymount,10,-2.90408,75.0,16.0,5105459.0
Yuto Yamanouchi-Williams,Lamar,7,-8.9204,82.0,19.9,5108086.0
Jevin Sullivan,UMKC,10,-7.23015,77.0,15.4,5109035.0
Braden Sparks,Mercer,5,-3.44917,72.0,15.1,5108879.0
Aaron Lemon-Warren,Delaware St.,15,-4.47491,77.0,13.6,5108772.0
Gradey Dick,Kansas,11,6.95374,80.0,19.2,5106258.0
RJ Godfrey,Clemson,15,3.05423,79.0,19.1,5105449.0
Dillon Hunter,Clemson,4,-1.96095,76.0,12.6,5105445.0
Chauncey Wiggins,Clemson,14,1.23897,81.0,12.7,5105448.0
Ruot Bijiek,Bucknell,15,-2.61265,81.0,12.4,5105670.0
Harry Rouhliadeff,Hawaii,12,-0.699461,81.0,17.3,5107204.0
Zid Powell,Buffalo,9,2.09601,76.0,28.9,5108761.0
Tae Williams,Cleveland St.,6,1.3576,79.0,22.7,5106740.0
Bryce Moore,Niagara,10,-5.24355,76.0,15.0,5107790.0
Kijani Wright,USC,16,1.18929,81.0,13.4,5105644.0
Chendall Weaver,UT Arlington,3,2.91171,75.0,16.2,5105486.0
Tre White,USC,3,0.552676,79.0,18.2,5105643.0
Brayden O'Connor,UMass Lowell,12,-0.152533,76.0,13.8,5107269.0
Cameron Fens,Illinois Chicago,16,-3.81533,82.0,15.3,5107880.0
Christian Jones,Illinois Chicago,10,-5.64406,77.0,17.1,4593140.0
Ross Williams,Texas A&M Corpus Chris,14,-0.470609,70.0,17.7,4709017.0
Michael Eley,Siena,1,-1.41539,76.0,23.0,5107807.0
Mekhi Mason,Rice,17,-3.81026,77.0,19.5,4905250.0
Killian Gribben,Siena,17,-3.08707,82.0,13.4,5107810.0
David Ware,Lindenwood,7,-6.30855,77.0,14.0,5107688.0
Javier Ezquerra,Wagner,5,-2.59648,73.0,18.6,4902635.0
Tyrone Marshall,Western Kentucky,15,1.0888,79.0,11.9,5106841.0
Cyncier Harrison,Stetson,1,-5.96986,71.0,21.0,5107095.0
Sam Alexis,Chattanooga,2,0.468568,81.0,22.2,5107375.0
Cameron Tweedy,Fairleigh Dickinson,8,-1.63637,76.0,20.2,5106589.0
Sean Moore,Fairleigh Dickinson,6,0.780244,76.0,17.1,5106587.0
Jerome Beya,Tennessee Tech,13,-2.03987,81.0,12.1,5107615.0
Demetre Roberts,Fairleigh Dickinson,1,-1.83177,68.0,24.9,5106585.0
Trejuan Holloman,Michigan St.,10,-0.144594,74.0,11.7,5105816.0
Jaxon Kohler,Michigan St.,16,1.2862,81.0,18.4,5105815.0
Solomon Washington,Texas A&M,2,7.17318,79.0,14.3,5105562.0
Tyrese Proctor,Duke,1,2.73531,77.0,19.1,5023693.0
Justin Abson,Appalachian St.,0,5.41966,81.0,15.5,5107252.0
Elijah Fisher,Texas Tech,17,0.133506,78.0,15.3,5106288.0
Jackson Paveletzke,Wofford,11,-1.49571,75.0,23.9,5107317.0
Robert Jennings,Texas Tech,7,0.79948,79.0,17.8,5106286.0
Pop Isaacs,Texas Tech,1,1.33658,74.0,22.1,5106285.0
Otto Landrum,Boston University,0,1.51927,81.0,16.9,5105666.0
Chandler Baker,Colgate,14,-5.26984,77.0,19.5,4707015.0
Jaylon Scott,Charleston,6,4.4332,77.0,12.1,5105763.0
Justin Morgan,Murray St.,10,-3.01629,78.0,15.3,5107894.0
Paul Lewis,Vanderbilt,11,1.58554,74.0,17.0,5105279.0
Keba Keita,Utah,0,3.19174,79.0,17.1,5105647.0
Colin Smith,Vanderbilt,14,1.76366,80.0,14.2,4684812.0
Da'Kquan Davis,Albany,10,-5.79088,73.0,19.0,4285626.0
Marcelo Perez,Southern Miss,17,-4.90888,76.0,17.8,5106455.0
Julian Brown,Wagner,14,-3.59404,73.0,16.9,5106633.0
Nigel John,Little Rock,7,-8.86089,80.0,21.1,5108800.0
Kentrell Pullian,Milwaukee,11,0.312487,72.0,19.6,5106770.0
Marko Maletic,LIU,14,-6.82132,78.0,24.4,5106596.0
Max Jones,Cal St. Fullerton,11,2.60501,77.0,22.9,5108104.0
Lathaniel Bastian,Cal St. Fullerton,16,0.401226,80.0,16.4,5108108.0
Malik Moore,Pepperdine,17,-2.60483,77.0,12.1,5116979.0
Connor Essegian,Wisconsin,14,2.24968,76.0,22.5,5105861.0
Josh Ojianwuna,Baylor,13,4.5441,82.0,16.4,4894236.0
Zion Cruz,DePaul,17,-6.7488,76.0,14.4,5105581.0
Keyonte George,Baylor,9,4.68797,76.0,29.8,4433627.0
Arterio Morris,Texas,6,4.4738,75.0,19.6,5106279.0
Jalen Hampton,Northwestern St.,13,-1.43023,78.0,19.8,5108910.0
Jalen Pitre,Pepperdine,15,-0.997607,80.0,14.9,5105453.0
Evan Mahaffey,Penn St.,15,2.94981,78.0,17.2,5105847.0
Terrance Arceneaux,Houston,6,2.85544,77.0,16.9,5106059.0
BJ Freeman,Milwaukee,1,-1.25941,78.0,30.3,5106769.0
Jonathan Mogbo,Missouri St.,0,5.15833,80.0,20.9,5107897.0
Jaxon Nap,Montana,17,-4.30432,79.0,11.8,5107838.0
Isaac McKneely,Virginia,14,1.50914,76.0,15.5,4712845.0
Dylan Darling,Washington St.,4,-1.94771,74.0,13.7,5105658.0
Luke Yoder,North Dakota St.,5,-3.46889,72.0,13.9,4596893.0
Cooper Dewitt,IU Indy,10,-6.41562,78.0,8.5,5106758.0
Michael Jefferson,Iona,4,-1.74929,79.0,12.6,5107201.0
John Ukomadu,Eastern Kentucky,15,-1.28928,79.0,21.1,5106708.0
John Egbuta,IU Indy,15,-5.83848,78.0,19.0,5106756.0
Jlynn Counter,IU Indy,9,-5.70086,75.0,30.1,5106754.0
ND Okafor,California,16,-3.17632,81.0,19.8,5105588.0
Masai Troutman,Northeastern,7,-5.66816,78.0,22.0,5106714.0
Landon Lewis,Brown,13,-2.42497,79.0,11.0,5106206.0
Desmond Claude,Xavier,5,0.348651,77.0,15.2,5105606.0
John Lovelace Jr.,Youngstown St.,12,0.719033,79.0,14.1,5106810.0
JJ Romer Rosario,East Texas A&M,12,-0.987679,81.0,22.4,4904477.0
David McCullough,Morgan St.,7,-4.51566,78.0,16.6,5107982.0
Braeden Carrington,Minnesota,14,-0.367837,76.0,17.9,5105820.0
Damien Mayo Jr.,Missouri St.,17,-0.96667,75.0,15.1,5107899.0
N.J. Benson,Missouri St.,16,-3.41215,80.0,20.5,5107903.0
Michael Zanoni,Mercer,17,-3.14289,77.0,15.1,5108877.0
David Craig,Mercer,8,-3.55326,86.0,22.3,5108880.0
Clarence O. Daniels II,New Hampshire,3,-0.925596,78.0,25.5,5107188.0
Philip Alston,Loyola Chicago,3,-0.358736,78.0,28.6,5105968.0
Demarcus Demonia,East Texas A&M,3,-1.87758,79.0,26.5,4904479.0
DJ Richards,UTSA,14,-2.11225,77.0,20.9,5106843.0
Ibra Bayu,Valparaiso,16,-2.84152,80.0,15.6,5107869.0
Derrin Boyd,Lipscomb,11,0.0849571,75.0,18.5,4901927.0
Justin Williams,Tennessee St.,4,-4.63311,75.0,12.3,5108805.0
Nazim Derry,New Hampshire,17,-5.10278,74.0,20.0,5107185.0
Daiquan Copeland,Morgan St.,4,-7.50571,78.0,26.5,5107978.0
Trent Scott,Morehead St.,4,-6.30402,76.0,14.3,5107667.0
Rob Lawson,Morgan St.,5,-6.025,72.0,17.6,5107977.0
Denim Dawson,Nebraska,4,-1.6993,78.0,11.2,4913590.0
Promise C. Idiaru,UMKC,7,-5.06791,81.0,11.8,5109029.0
Precious C. Idiaru,UMKC,17,-5.0601,81.0,15.0,5109028.0
Joshua Jefferson,Saint Mary's,6,4.8414,80.0,17.5,4870564.0
Aidan Mahaney,Saint Mary's,1,1.97967,75.0,23.9,4684628.0
Chris Livingston,Kentucky,3,2.10268,78.0,15.1,4433622.0
Donovan Oday,McNeese St.,5,-4.80937,75.0,18.8,5107298.0
Tommie Williams,Lindenwood,7,-7.44394,76.0,17.7,5107689.0
Keon Thompson,Massachusetts,5,-5.48771,73.0,20.9,5106037.0
RJ Luis,Massachusetts,6,0.481344,78.0,26.3,5106035.0
Dion Brown,UMBC,3,-2.9939,75.0,21.9,5107242.0
Ernest Minton,Mississippi Valley St.,15,-3.8754,77.0,11.4,5108867.0
Brandon Trimble,Lindenwood,14,-3.24689,74.0,13.0,4289421.0
Juan Sebastian Gorosito,Portland,14,-0.423022,73.0,16.5,4870444.0
Kamari Lands,Louisville,10,-2.98343,80.0,17.3,4610140.0
Tae Davis,Seton Hall,7,1.88406,81.0,15.2,5105594.0
Moe Odum,Pacific,9,0.550344,73.0,24.1,5105457.0
Guillermo Diaz Graham,Pittsburgh,0,6.96542,84.0,18.5,5105410.0
Sean Jones,Marquette,5,-1.41137,70.0,18.6,5105600.0
Leland Walker,Eastern Kentucky,5,-5.11225,73.0,26.8,4712838.0
Tayshawn Comer,Eastern Kentucky,5,-3.21616,73.0,20.6,5106706.0
Chase Ross,Marquette,6,4.82023,76.0,14.5,5105598.0
Jerome Brewer Jr.,East Texas A&M,15,-0.817226,81.0,18.7,5108930.0
Alonzo Dodd,East Texas A&M,5,-3.09015,73.0,15.1,5108925.0
Tobe Awaka,Tennessee,13,4.86755,80.0,16.9,5105555.0
Julian Phillips,Tennessee,3,4.76954,80.0,19.5,5105553.0
Tommie Lewis,East Texas A&M,12,2.76954,74.0,17.1,5108920.0
Jayden Williams,Dartmouth,10,-6.12429,78.0,19.0,5106241.0
Brandon Mitchell-Day,Dartmouth,3,-2.87908,80.0,19.9,5106240.0
Jackson Munro,Dartmouth,17,-2.10195,80.0,19.1,5106242.0
Brody Robinson,Chattanooga,1,-3.6541,70.0,20.6,5107377.0
Kanye Clary,Penn St.,1,-4.06389,71.0,23.9,5105844.0
Kebba Njie,Penn St.,8,-0.19013,82.0,17.3,5105845.0
Mor Seck,Hawaii,0,-0.164903,85.0,15.9,5107205.0
Avery Brown,Columbia,5,-7.00258,76.0,22.6,5106235.0
Blair Thompson,Columbia,10,-3.89278,79.0,15.7,5106237.0
Kyrese Mullen,Hampton,8,-3.74266,79.0,18.2,5106697.0
Joshua Williams,Northwestern St.,5,-2.97733,77.0,10.9,5114458.0
Amari Bailey,UCLA,6,3.48647,77.0,23.5,5105638.0
Adem Bona,UCLA,0,9.22211,82.0,16.9,5105637.0
Tarris Reed Jr.,Michigan,16,-0.0185952,82.0,20.3,5105809.0
Dylan Andrews,UCLA,17,1.58472,74.0,17.3,5105636.0
Gedi Juozapaitis,Maine,11,-3.00828,76.0,22.6,4596787.0
Jaden Clayton,Maine,5,-3.52778,73.0,16.9,5107209.0
Braden Ilic,East Tennessee St.,17,-3.87694,82.0,12.7,5107373.0
Toby Onyekonwu,Stony Brook,5,-6.83226,72.0,23.0,5106719.0
Garrett Anderson,San Jose St.,10,-3.08819,79.0,18.3,5107812.0
Brody Rowbury,Southeastern Louisiana,8,-0.972109,83.0,19.0,5108917.0
Jamarques Lawrence,Nebraska,17,-0.440911,75.0,17.2,5105825.0
Jordan Tillmon,Florida A&M,5,-7.20408,74.0,22.5,5107413.0
Jordyn Surratt,USC Upstate,15,-2.42927,79.0,9.2,5107491.0
Justin Bailey,USC Upstate,11,1.12548,75.0,17.3,5107490.0
Jaylen Bates,Florida A&M,3,-1.41774,79.0,18.3,5107411.0
Benjamin Bayela,East Carolina,10,-2.08963,78.0,14.5,5106052.0
Alex Peavy,East Texas A&M,17,-3.65875,81.0,10.8,4402501.0
Mohamed Diarra,Missouri,16,0.865845,82.0,19.7,5105541.0
Justin Anderson,NJIT,10,-8.60785,75.0,17.3,5106657.0
Will Richardson,Fordham,10,-1.62594,75.0,17.0,5105887.0
Johannes Kirsipuu,Central Arkansas,5,-9.02476,74.0,24.4,5106686.0
Carl Daughtery Jr.,Central Arkansas,17,-8.22666,75.0,18.3,5106684.0
Anthony Dell'Orso,Campbell,3,-1.3386,78.0,22.9,5108141.0
Tony Osburn,Nebraska Omaha,14,-3.68212,74.0,17.3,5107268.0
Josh Baldwin,Cornell,17,-2.07712,77.0,11.3,5106245.0
Reggie Bass,Central Michigan,5,-4.39451,76.0,25.3,5108040.0
Larry Hughes Jr.,Saint Louis,17,0.681335,76.0,15.1,5105981.0
Hantz Louis-Jeune,Florida A&M,5,-2.07215,78.0,15.3,5107410.0
Peyton Williams,Florida A&M,17,-8.23973,79.0,18.4,5107409.0
Alec Rosner,Western Illinois,14,-2.59041,75.0,17.6,5108993.0
Pierce Bazil,Houston Christian,1,-8.69898,75.0,20.2,5107306.0
Chigozie Achara,Houston Christian,16,-10.1056,80.0,13.4,5107309.0
Garry Clark,Tarleton St.,3,0.27931,79.0,22.6,5108973.0
Jakorie Smith,Tarleton St.,6,4.15154,78.0,24.0,5108971.0
Lue Williams,Tarleton St.,3,-0.790208,77.0,21.9,5108968.0
Harvin Ibarguen,Northern Illinois,13,0.820351,81.0,12.2,5108025.0
Steven Jamerson II,San Diego,13,0.124941,82.0,9.3,5105417.0
Toto Fagbenle,Morgan St.,4,-5.98702,81.0,13.2,5107980.0
Jordan Simpson,South Carolina St.,6,-1.6272,77.0,19.8,5110432.0
Andrew King,Houston Christian,5,-5.04424,75.0,20.3,5107307.0
Rodrique Massenat,Austin Peay,6,-0.372406,77.0,13.3,5113343.0
Lance-Amir Paul,Nicholls St.,5,-5.33136,72.0,21.3,5108903.0
Corey Washington,Saint Peter's,13,1.3713,78.0,15.7,5110039.0
Marcell McCreary,Air Force,6,-1.07853,76.0,15.9,5113390.0
Chris Craig,Texas Southern,13,-0.424938,75.0,11.3,5110174.0
Rytis Petraitis,Air Force,2,5.17487,79.0,23.8,5113388.0
Corbin Green,Air Force,0,2.24015,77.0,21.4,5113386.0
Zytarious Mortle,Texas Southern,6,-2.6572,74.0,23.0,5110173.0
Lesown Hallums,South Carolina St.,5,-4.82793,74.0,22.0,5110431.0
Shaman Alston,South Carolina St.,5,-8.28407,76.0,20.1,5110435.0
Justin Wilson,South Carolina St.,8,-2.5981,80.0,19.0,5110436.0
Roy Clarke,St. Francis NY,5,-4.93618,76.0,17.4,5113487.0
O'Koye Parker,Delaware St.,10,-9.04879,75.0,30.1,5113438.0
Tiger Booker,Tarleton St.,9,-0.759935,70.0,25.6,5117820.0
Josh Rivera,Lafayette,7,-4.46368,79.0,27.7,5105681.0
Anthony Roberts,Purdue Fort Wayne,6,-1.23499,76.0,20.2,5106787.0
