Name,Team,cluster,BPM,Height,Usage,AthleteSourceId
Jalen Coleman-Lands,Kansas,12,4.43632,76.0,19.6,3911842.0
Camron Justice,Western Kentucky,11,0.409497,75.0,23.5,3911625.0
Traci Carter,Hartford,10,-2.64532,73.0,22.4,3906520.0
Jeriah Horne,Tulsa,3,4.42822,79.0,23.6,4066390.0
Eric Curry,Minnesota,7,0.543857,81.0,20.2,4066388.0
James Butler,Drexel,2,-0.215009,80.0,19.2,4067138.0
Charlie Moore,Miami FL,9,4.0041,71.0,22.7,4066345.0
Ben Shungu,Vermont,11,5.30536,74.0,26.1,4066789.0
Keon Clergeot,Southeastern Louisiana,1,-3.82579,73.0,23.9,4066460.0
Bryce Aiken,Seton Hall,9,6.48545,72.0,25.9,4066826.0
Peter Kiss,Bryant,9,0.976658,77.0,34.7,4070686.0
Kevin Marfo,Quinnipiac,8,2.83719,80.0,26.4,4066877.0
Jair Bolden,Butler,14,0.27775,75.0,19.3,4066872.0
Colin Slater,Long Beach St.,1,0.115691,73.0,21.2,4066475.0
Joey Brunk,Ohio St.,13,2.2274,83.0,15.1,4065763.0
Davion Mintz,Kentucky,14,4.1542,75.0,17.4,4065766.0
Tyson Jolly,Iona,3,1.76805,76.0,22.2,4066291.0
AJ Wilson,South Carolina,0,5.85707,79.0,13.0,4066866.0
Xavier Green,Maryland,17,1.0932,78.0,8.4,4067031.0
Tareq Coburn,St. John's,14,-0.0743426,77.0,17.1,4066515.0
Tavian Dunn-Martin,Florida Gulf Coast,9,1.41568,68.0,33.5,4067358.0
Jakolby Long,Bethune Cookman,7,-3.59877,76.0,12.5,4066295.0
Taze Moore,Houston,6,8.3355,77.0,19.2,4066808.0
Justin Edler-Davis,Cal St. Bakersfield,3,-0.746338,76.0,18.5,4396025.0
Greg Lee,Penn St.,3,-2.2256,81.0,19.1,4066811.0
Brandon Johnson,DePaul,3,-0.970438,80.0,17.4,4067410.0
Nick Robinson,Western Carolina,3,0.427392,78.0,25.6,4066509.0
Grant Golden,Richmond,2,2.98787,82.0,27.4,4066836.0
De'Monte Buckingham,UNC Greensboro,12,3.06314,76.0,20.6,4066833.0
Nick Sherod,Richmond,10,-2.97072,76.0,21.1,4066832.0
Randy Miller Jr.,North Carolina Central,10,-5.90815,74.0,20.7,4398239.0
Scott Spencer,Tulane,10,-2.1241,78.0,14.1,4065646.0
Eron Gordon,Valparaiso,17,-2.59604,75.0,12.5,4065815.0
Mitch Lightfoot,Kansas,15,7.85042,80.0,17.8,4066300.0
Nate Johnson,Xavier,14,2.42539,76.0,17.2,4067338.0
Drew Buggs,Winthrop,5,-1.3256,75.0,19.0,4066911.0
DJ Jones,Florida A&M,16,-3.84875,81.0,18.3,4066476.0
Keith Fisher III,Pepperdine,7,-2.92897,80.0,19.5,4066740.0
Ben Coupet Jr.,Southern Illinois,3,0.991736,79.0,19.5,4066780.0
Kenny Cooper,Tennessee St.,5,-0.71375,73.0,15.9,4067179.0
Monty Scott,Eastern Michigan,1,-2.40382,77.0,21.5,4067159.0
Nick Hopkins,Siena,14,1.97821,72.0,16.3,4067151.0
DeAndre Dishman,Middle Tennessee,8,1.64773,78.0,22.1,4067165.0
Osinachi Smart,Charleston,8,1.00443,80.0,13.3,4067221.0
Corey Allen,Georgia St.,1,1.16064,74.0,26.0,4067418.0
Justin Hopkins,Texas Southern,17,-2.24684,77.0,17.0,4067629.0
Damien Sears,Southern,16,-2.51356,79.0,18.1,4067150.0
Patrick Tape,San Francisco,15,6.13308,82.0,13.5,4066805.0
Jordan Bell,Pacific,7,0.298811,80.0,19.6,4067766.0
Jalen Dupree,Tennessee St.,8,-1.79374,80.0,23.3,4067190.0
Abdul Ado,Cincinnati,0,6.92931,83.0,10.8,4066288.0
Ethan Claycomb,Bellarmine,12,0.826094,79.0,17.8,4067013.0
Jaylen Fornes,UNC Wilmington,10,-1.0744,75.0,19.2,4067294.0
Trevor Anderson,Valparaiso,1,-1.53175,75.0,18.1,4067425.0
Darius Hicks,Jackson St.,4,-4.47467,80.0,11.8,4065698.0
Brevin Galloway,Boston College,1,-1.30287,74.0,21.5,4067219.0
Chevez Goodwin,USC,8,0.738818,81.0,23.4,4067218.0
Michael Henn,Denver,3,-1.82274,80.0,19.6,4066923.0
Jeremy Sheppard,Rhode Island,1,0.788773,73.0,20.5,4066445.0
Shawn Williams,Arkansas Pine Bluff,1,-2.43578,73.0,24.9,4897867.0
Ty Groce,Butler,17,1.72933,80.0,16.6,4067382.0
Chris Lester,New Hampshire,14,-2.85553,79.0,12.3,4066728.0
Dimencio Vaughn,Rider,6,1.78463,77.0,22.8,4067347.0
Brandon Carroll,William & Mary,6,1.51487,79.0,20.3,4067526.0
Shandon Goldman,Tennessee Tech,12,0.225964,82.0,14.1,4067820.0
Andre Jones,Louisiana Monroe,9,-1.01243,77.0,27.8,4067818.0
Josh Parrish,San Diego,15,2.12261,76.0,13.2,4066322.0
Nysier Brooks,Mississippi,13,4.29973,84.0,18.2,4066485.0
C.J. Keyser,Old Dominion,1,-4.34535,75.0,24.7,4066455.0
Jordan Jones,Marist,13,2.39859,80.0,19.7,4067302.0
Precious Ayah,Miami OH,13,2.83601,78.0,16.4,4067388.0
Andrew Garcia,Kent St.,15,1.46529,78.0,21.3,4066768.0
Michael Almonacy,Appalachian St.,1,-1.23929,72.0,20.9,4066766.0
Darian Adams,Jacksonville St.,9,3.01628,75.0,25.7,4067814.0
Jannson Williams,Eastern Kentucky,3,0.553275,81.0,21.0,4067001.0
Josh Ayeni,Chattanooga,7,-5.47505,79.0,23.3,4066518.0
Joshua Tomaic,San Diego St.,15,2.41693,81.0,14.6,4066375.0
Jared Chatham,Central Arkansas,3,-1.19537,80.0,20.4,4067640.0
Jacob Young,Oregon,9,1.19485,75.0,24.4,4066326.0
Andrew Jones,Texas,11,5.27348,76.0,22.1,4066325.0
Mikey Dixon,Idaho,1,-3.81547,74.0,27.8,4070682.0
John Pettway,Tennessee Tech,6,-1.04263,75.0,20.9,4067800.0
Kellon Taylor,McNeese St.,3,-2.64359,78.0,22.9,4066493.0
Chuba Ohams,Fordham,2,1.58215,81.0,28.3,4066856.0
Najee Garvin,Hampton,7,-5.09075,80.0,26.9,4066966.0
Brendan Barry,Dartmouth,14,2.51695,74.0,20.0,4066823.0
Jake Killingsworth,UC San Diego,12,0.346982,77.0,11.6,4066807.0
Ty Flowers,LIU,2,5.00668,81.0,25.0,4703209.0
Brison Gresham,Texas Southern,0,6.19041,81.0,18.1,4066799.0
Collin Smith,North Carolina A&T,7,-4.8604,83.0,25.3,4278481.0
Dallas Walton,Wake Forest,15,4.71135,84.0,16.2,4066353.0
Xavier Bishop,Montana St.,1,-0.235682,68.0,23.7,4067581.0
Dylan Painter,Delaware,2,2.72026,82.0,23.0,4065840.0
John Hall,UMass Lowell,3,-2.30064,79.0,16.9,4066996.0
Harrison Henderson,Central Michigan,3,-5.00609,83.0,27.3,4066434.0
Bitumba Baruti,Florida Atlantic,17,0.0640491,79.0,14.7,4066634.0
Sammy Friday IV,Eastern Illinois,8,-8.29783,81.0,21.9,4067353.0
Khadim Sy,Wake Forest,15,1.81122,82.0,16.3,4065740.0
Koby McEwen,Weber St.,11,1.26027,76.0,26.0,4066755.0
Justin Roberts,Niagara,10,-2.60183,70.0,13.8,4067403.0
Jason Carter,Ohio,3,0.73669,80.0,25.0,4067398.0
Kameron McGusty,Miami FL,11,4.92266,77.0,25.9,4066310.0
Jordan Shepherd,California,1,1.4004,76.0,27.6,4066308.0
Johnny McCants,New Mexico St.,0,6.93744,79.0,19.8,4067472.0
Rasheem Dunn,Robert Morris,5,-5.88444,74.0,26.8,4067955.0
Tommy Kuhse,Saint Mary's,11,5.78285,74.0,23.0,4066735.0
Elijah Thomas,Cal Baptist,3,-1.15759,77.0,18.3,4066734.0
Juwan Gray,Towson,12,0.374141,80.0,15.8,4066744.0
Nikola Djogo,Northeastern,3,2.35621,80.0,18.8,4065704.0
Aher Uguak,Loyola Chicago,15,3.57215,79.0,17.1,4066717.0
Bryson Williams,Texas Tech,2,6.48997,80.0,24.0,4066678.0
Everett Winchester,Florida Atlantic,7,-0.788042,78.0,18.9,4067456.0
Dontay Bassett,Weber St.,12,2.49583,81.0,20.1,4066258.0
David Jean-Baptiste,Chattanooga,11,2.038,73.0,21.8,4067255.0
Rodney Chatman,Vanderbilt,14,0.844135,73.0,16.3,4067250.0
Makale Foreman,California,1,-0.0268596,73.0,19.7,4067252.0
Chuck Champion,Albany,4,-3.81544,76.0,14.0,4067132.0
Sam Green,Howard,14,-4.15026,78.0,15.6,4067227.0
Ray Salnave,UMBC,4,-8.81223,75.0,26.9,4067329.0
Payton Willis,Minnesota,11,7.27973,76.0,24.0,4066230.0
John Fulkerson,Tennessee,8,6.12386,81.0,18.3,4066215.0
Clevon Brown,FIU,15,-0.265792,80.0,18.5,4066229.0
Jalen Johnson,Mercer,12,3.26585,78.0,21.2,4066216.0
Lazaro Rojas,UT Arlington,16,-8.86951,83.0,24.1,4066681.0
Quan Jackson,UAB,6,4.75003,76.0,21.5,4067781.0
Bryce Nze,Butler,6,4.96774,79.0,19.5,4067439.0
Mason Faulkner,Louisville,1,0.0406359,73.0,17.2,4067444.0
Tre Cobbs,Georgia Southern,5,-4.25299,72.0,17.4,4067443.0
Seventh Woods,Morgan St.,5,-5.73902,74.0,18.7,4065676.0
Aaron Cook,Georgia,9,-1.6481,74.0,23.7,4067063.0
Arkel Lamar,UMKC,3,0.939883,77.0,26.3,4066775.0
Patrick Good,Winthrop,12,3.95868,72.0,17.5,4067769.0
Te'Jon Lucas,BYU,9,0.448317,73.0,21.8,4066357.0
Jordan Bohannon,Iowa,14,4.75221,73.0,17.1,4066366.0
Justin Thomas,Alcorn St.,9,1.56672,72.0,21.1,4067394.0
Justin Kier,Arizona,11,2.96059,76.0,17.3,4066863.0
Nana Akenten,Southeast Missouri St.,3,-1.11261,78.0,18.9,4277969.0
Thomas Allen,N.C. State,1,0.194421,73.0,15.5,4277968.0
LaDavius Draine,Tulsa,17,-0.191457,76.0,14.1,4279101.0
Trey Wade,Arkansas,12,3.2623,78.0,10.9,4279111.0
Kyle Young,Ohio St.,2,5.33719,80.0,19.2,4277974.0
Anthony Gaines,Siena,7,-1.74375,77.0,21.9,4277972.0
David Maynard,The Citadel,12,-0.678263,76.0,16.2,4280049.0
Pauly Paulicap,West Virginia,16,-0.760142,80.0,18.3,4279706.0
Harrison Prieto,Florida St.,12,2.42512,80.0,12.4,4277856.0
Jason Strong,Northeastern,14,-1.77579,80.0,18.3,4279220.0
Brandon McKissic,Florida,17,0.749393,75.0,16.4,4280190.0
Ra Kpedi,Purdue Fort Wayne,13,1.01285,81.0,15.2,4278247.0
Bailey Patella,Vermont,17,-1.24158,77.0,11.2,4278246.0
Emmanuel Akot,Boise St.,17,1.13847,80.0,21.0,4278131.0
Alex Barcello,BYU,11,5.40436,74.0,23.8,4278130.0
Grant Anticevich,California,3,-0.728273,81.0,20.0,4278145.0
Austin McCullough,Campbell,12,-1.57584,77.0,13.9,4278142.0
Brad Davison,Wisconsin,14,5.68451,76.0,19.8,4277993.0
Kobe King,Valparaiso,3,-1.72177,76.0,24.6,4277992.0
Taj Benning,Fairfield,1,-0.493342,76.0,19.4,4279483.0
Parker Stewart,Indiana,14,1.98462,77.0,13.0,4278013.0
Marcus Carr,Texas,1,2.41414,74.0,22.2,4278014.0
Terrell Brown,San Diego,0,2.03783,82.0,21.3,4395997.0
Jordan Davis,Jacksonville,5,-0.837845,75.0,19.5,4278351.0
Vance Jackson,East Carolina,3,-0.549179,81.0,21.6,4066442.0
Luka Vasic,Charlotte,4,-6.07216,80.0,13.1,4278934.0
Donovan Sims,Middle Tennessee,9,1.56625,73.0,23.3,4279080.0
Kevin McAdoo,Detroit Mercy,14,-4.21277,74.0,17.5,4279331.0
Jalen Gibbs,Jacksonville St.,14,1.29063,75.0,18.1,4278993.0
Tydus Verhoeven,UTEP,16,0.253441,81.0,16.7,4278488.0
Eric Williams Jr.,Oregon,10,1.35524,79.0,18.2,4278490.0
Terrance McBride,Rice,5,-4.76842,74.0,14.0,4279474.0
Chris Knight,Loyola Chicago,0,5.87214,79.0,21.0,4279553.0
Aaryn Rai,Dartmouth,3,0.0425488,78.0,24.5,4279554.0
Scott Blakney,Montana,13,-6.64988,80.0,15.6,4278609.0
Admir Besovic,Little Rock,16,-7.95978,84.0,15.3,4278627.0
Eli Brooks,Michigan,11,5.5779,73.0,17.8,4277960.0
Darius McNeill,UTSA,5,-2.87319,75.0,16.7,4278139.0
Bryan Trimble Jr.,Akron,14,-0.878617,74.0,18.6,4278583.0
Jamaree Bouyea,San Francisco,11,7.24749,74.0,23.3,4280245.0
Marco Anthony,Utah,7,2.55896,77.0,20.0,4278034.0
Izaiah Brockington,Iowa St.,3,3.01104,76.0,26.0,4278412.0
Austin Williams,Hartford,9,-1.78238,76.0,29.3,4279709.0
Alex O'Connell,Creighton,11,3.36836,78.0,19.3,4277846.0
Jalen Ray,Hofstra,14,1.2347,74.0,18.9,4279206.0
Evan Gilyard II,UMKC,1,-0.202745,70.0,29.5,4279109.0
John Jones,Texas Southern,10,-3.82607,72.0,21.7,4278696.0
Daeqwon Plowden,Bowling Green,3,-0.915668,78.0,24.9,4279318.0
Nelly Cummings,Colgate,1,-2.48186,72.0,26.8,4279317.0
James Reese V,South Carolina,14,2.16776,76.0,15.8,4279322.0
Fatts Russell,Maryland,9,2.9495,71.0,26.8,4278371.0
Maceo Jack,Buffalo,12,0.674293,77.0,16.1,4278495.0
Terry Nolan Jr.,Towson,9,3.60407,76.0,23.6,4278494.0
Justin Mazzulla,Vermont,12,4.02612,75.0,15.8,4278493.0
Greg Calixte,Bryant,13,1.46564,80.0,14.4,4278362.0
Elyjah Williams,Northwestern,17,-0.510529,79.0,15.8,4279627.0
Sean Price,Charleston Southern,5,-5.27073,76.0,20.3,4278689.0
Jimmy Boeheim,Syracuse,3,2.26588,80.0,20.3,4279472.0
Tai Bibbs,Howard,14,-1.64591,75.0,15.9,4279470.0
Gabe Stefanini,San Francisco,11,1.25521,75.0,20.9,4279467.0
Randall Brumant,Howard,15,2.58578,79.0,16.7,4279466.0
Tamenang Choh,Brown,3,1.04371,77.0,29.4,4279463.0
Desmond Cambridge Jr.,Nevada,6,4.96432,76.0,23.9,4279462.0
Lenell Henry,Alcorn St.,7,0.112664,80.0,19.6,4278645.0
John Harrar,Penn St.,13,5.40572,81.0,21.7,4277980.0
Jamari Wheeler,Ohio St.,11,5.34575,73.0,14.8,4277978.0
Garrison Brooks,Mississippi St.,3,2.19477,81.0,18.4,4277908.0
Walker Miller,Monmouth,3,0.486302,82.0,25.4,4277910.0
Brandon Huffman,Jacksonville St.,13,-3.13822,82.0,21.4,4277912.0
Ejike Obinna,Saint Joseph's,8,-1.62736,82.0,22.9,4278125.0
Trae Berhow,Northern Iowa,12,2.47791,77.0,15.2,4280203.0
Jade' Smith,Pepperdine,5,-3.25959,76.0,21.5,4280202.0
Joe Quintana,Loyola Marymount,14,1.88292,74.0,18.4,4280163.0
Levi Stockard III,VCU,16,-0.139574,80.0,19.4,4277897.0
Mike McGuirl,Kansas St.,6,2.69069,75.0,18.0,4277895.0
Jacob Rigoni,Quinnipiac,14,-2.55175,78.0,17.2,4279743.0
Rich Kelly,Massachusetts,11,-1.0096,73.0,19.5,4279741.0
Chris Sodom,Delaware St.,16,-2.72944,87.0,11.9,4278568.0
Jaden Sayles,Stony Brook,8,-3.79296,81.0,17.6,4279310.0
Stef Smith,St. John's,1,0.0119047,74.0,19.2,4278244.0
Bryce Moragne,Florida A&M,15,0.364207,77.0,16.5,4279780.0
Javon Levi,UT Arlington,5,-1.31873,71.0,17.9,4280187.0
Josip Vrankic,Santa Clara,2,5.06815,81.0,25.8,4280250.0
Shaquille Walters,Northeastern,5,-4.10013,78.0,22.7,4280251.0
Marco Smith,Nebraska Omaha,1,-3.63758,74.0,17.1,4280189.0
Justin McCall,Cal St. Bakersfield,3,-2.43808,78.0,23.7,4278732.0
Cooper Neese,Indiana St.,1,-2.25156,76.0,23.9,4288068.0
Aaron Thompson,Butler,5,1.18972,74.0,18.6,4278552.0
Holland Woods,Grand Canyon,11,3.48308,73.0,22.8,4278657.0
Wyatt Wilkes,Florida St.,17,-1.39959,80.0,17.4,4277855.0
Malek Green,Canisius,3,-1.91008,79.0,28.2,4279878.0
Ike Obiagu,Seton Hall,0,8.25455,86.0,8.7,4277851.0
Anthony Polite,Florida St.,6,5.80849,78.0,19.7,4277852.0
Vin Baker Jr.,Milwaukee,8,-5.46256,81.0,18.8,4277830.0
Deontaye Buskey,Charleston Southern,10,-5.24531,73.0,22.0,4278684.0
Jordan Whitfield,Campbell,1,-1.9202,73.0,20.0,4278681.0
Phlandrous Fleming Jr.,Florida,6,5.07059,77.0,23.6,4278688.0
Jaheam Cornwall,Penn St.,4,-4.72799,72.0,13.9,4278690.0
Dajour Dickens,Hampton,0,3.63405,84.0,15.2,4278576.0
Paul Scruggs,Xavier,9,2.68414,77.0,23.4,4278591.0
Greg Elliott,Marquette,11,2.66531,75.0,20.8,4278570.0
Theo John,Duke,0,7.75924,81.0,13.4,4278569.0
Makai Ashton-Langford,Boston College,9,2.17653,75.0,21.5,4278574.0
Jamal Cain,Oakland,2,0.476285,79.0,26.5,4278572.0
Nate Watson,Providence,8,1.43016,82.0,23.0,4278573.0
Jermaine Jackson Jr.,Central Michigan,1,-4.46037,72.0,24.8,4279230.0
Javante McCoy,Boston University,11,0.0581096,77.0,26.4,4280041.0
Sukhmail Mathon,Boston University,2,2.51397,82.0,26.5,4280042.0
Walter Whyte,Boston University,3,0.129787,78.0,22.3,4280039.0
Paul Newman,Albany,16,-1.99843,81.0,17.7,4280043.0
Connor McCaffery,Iowa,10,5.25408,77.0,9.2,4277950.0
Jase Febres,Texas,14,3.09403,77.0,14.8,4277921.0
Marquis Godwin,Hampton,14,-2.90558,77.0,16.3,4279093.0
Zach Cooks,Hofstra,1,-1.25544,71.0,23.9,4278449.0
Isaiah Banks,FIU,17,-1.3295,77.0,13.6,4278975.0
Amorie Archibald,Louisiana Tech,11,2.69005,75.0,18.1,4279005.0
Exavian Christon,Louisiana Tech,10,-0.840978,76.0,9.5,4279006.0
Trent Frazier,Illinois,11,5.60773,74.0,18.4,4277936.0
Ricky Nelson,UT Rio Grande Valley,5,-6.1529,73.0,14.1,4278672.0
Cedrick Alley Jr.,UTSA,6,0.649572,78.0,21.5,4278259.0
Ethan Chargois,Oklahoma,2,6.36777,81.0,20.3,4278297.0
William Douglas,Prairie View A&M,5,-1.70539,77.0,25.1,4278296.0
Fabian White Jr.,Houston,2,9.3418,80.0,21.1,4278263.0
Keegan McDowell,Liberty,14,0.507237,78.0,14.3,4278884.0
Justyn Mutts,Virginia Tech,2,8.91268,79.0,23.1,4278693.0
Sarju Patel,Cornell,12,0.0189018,75.0,18.2,4280104.0
Victor Enoh,Marist,16,-1.5771,79.0,11.7,4278286.0
Jamal Johnson,UAB,14,-0.480425,76.0,16.8,4278281.0
Daniel Akin,Cal Baptist,8,0.265522,81.0,22.4,4279163.0
Brandon Horvath,Utah St.,2,3.83633,82.0,24.4,4279162.0
Jacob Gilyard,Richmond,9,7.44637,69.0,19.4,4278378.0
Stacy Beckton Jr.,American,3,-3.64321,76.0,23.7,4280025.0
Abayomi Iyiola,Hofstra,13,3.9959,82.0,16.7,4278475.0
Taylor Funk,Saint Joseph's,14,4.19677,80.0,17.9,4278395.0
Rocky Kreuser,North Dakota St.,3,1.0036,82.0,27.1,4279518.0
Noah Frederking,Evansville,10,-2.72921,76.0,15.3,4279133.0
Hunter Maldonado,Wyoming,9,6.54729,79.0,30.8,4280267.0
Rylan Bergersen,Eastern Washington,9,2.32746,78.0,22.1,4280143.0
Brock Miller,Utah St.,12,-0.144748,77.0,15.4,4278721.0
Mark Flagg,Saint Francis,16,-3.31946,81.0,20.2,4280256.0
Noah Horchler,Providence,12,6.84524,80.0,15.5,4278453.0
Justyn Hamilton,Kent St.,15,1.98267,83.0,17.0,4278334.0
De'Vondre Perry,Albany,6,-0.52586,79.0,21.6,4278335.0
Caleb Daniels,Villanova,11,3.91243,76.0,19.3,4278373.0
David Collins,Clemson,6,5.36395,76.0,20.6,4278306.0
Justin Brown,UAB,12,1.49222,78.0,13.7,4278307.0
JP Moorman II,UC Riverside,3,-0.106994,79.0,25.4,4278332.0
Scott Hitchon,Canisius,7,-4.60922,80.0,23.1,4279482.0
Justin Roberts,Georgia St.,1,0.584521,70.0,22.8,4397535.0
Nathan Cayo,Richmond,8,0.712302,79.0,19.6,4278380.0
Braxton Beverly,Eastern Kentucky,1,-3.01849,70.0,22.7,4278007.0
Eylijah Stephens,Minnesota,14,0.797543,75.0,18.4,4280074.0
James Karnik,Boston College,2,2.50567,81.0,20.9,4280080.0
Marques Wilson,Lehigh,5,-2.84312,76.0,22.3,4280081.0
Felipe Haase,Mercer,11,5.00745,81.0,21.7,4278110.0
David Beatty,North Carolina A&T,10,-4.96137,74.0,20.1,4278107.0
"Marcus Shaver, Jr.",Boise St.,11,3.50249,74.0,21.9,4280208.0
Tahirou Diabate,San Diego St.,16,-2.73235,81.0,18.9,4280209.0
Sam Iorio,Niagara,3,0.437636,79.0,21.0,4280029.0
"James Baker, Jr.",UNC Wilmington,15,2.60109,79.0,13.5,4279875.0
Devon Cooper,George Mason,14,-0.167202,76.0,18.3,4279876.0
Grayson Murphy,Belmont,6,4.93191,75.0,17.4,4279920.0
Greg Jones,Lipscomb,14,-0.827387,75.0,15.0,4278444.0
Parker Hazen,Lipscomb,15,-1.61614,80.0,17.7,4279172.0
Marten Linssen,Saint Louis,8,3.07862,80.0,23.1,4279174.0
Darnell Rogers,UMBC,1,-2.08768,62.0,24.0,4278386.0
Mileek McMillan,Western Michigan,7,-4.93728,81.0,23.1,4279176.0
Clyde Trapp Jr.,Charlotte,3,-2.29633,76.0,20.1,4277833.0
Darien Jackson,Tulsa,11,2.75932,75.0,18.9,4278408.0
Elijah Joiner,Iona,11,1.34899,75.0,20.7,4278407.0
A.J. Oliver II,Old Dominion,4,-2.95281,77.0,11.8,4592878.0
Stanley Umude,Arkansas,3,4.62867,78.0,20.1,4279532.0
Clifton Moore,La Salle,0,3.8335,82.0,21.5,4277945.0
Aljami Durham,Providence,1,1.46271,76.0,24.0,4277942.0
Noah Baumann,Georgia,14,1.55284,78.0,15.5,4278713.0
Caleb Green,Fairfield,1,-2.36583,70.0,16.1,4280068.0
Jacob Grandison,Illinois,12,6.18793,78.0,18.4,4280073.0
Matt Faw,NJIT,7,-1.77499,81.0,21.2,4280072.0
Austin Butler,Charlotte,12,0.361049,77.0,19.6,4280070.0
John Meeks,Charleston,11,1.14649,78.0,24.6,4280046.0
Jermaine Samuels,Villanova,2,6.5571,79.0,21.1,4278588.0
Caleb Simmons,San Jose St.,17,-6.27086,78.0,14.7,4278716.0
Cameron Christon,Grambling St.,3,-0.802916,78.0,21.5,4278638.0
Matt Halvorsen,Florida Gulf Coast,14,-3.83441,73.0,18.5,4280115.0
Michael Diggins,Illinois Chicago,16,-2.76058,80.0,16.9,4279245.0
Dominik Fragala,Delaware St.,1,-5.35011,72.0,22.4,4279737.0
Marcus McClary,Monmouth,17,-1.73982,75.0,18.3,4279736.0
Greg Kuakumensah,Niagara,15,0.862869,78.0,19.9,4279739.0
Roman Penn,Drake,9,-0.0813244,72.0,24.4,4279754.0
Lewis Djonkam,Radford,13,0.555503,81.0,16.3,4278422.0
Anthony Duruji,Florida,15,4.0086,79.0,18.0,4279008.0
Jarrod West,Louisville,11,3.27003,71.0,13.8,4279077.0
Darius George,Marshall,15,-1.20055,79.0,15.4,4279078.0
David Jenkins Jr.,Utah,14,-0.146256,73.0,20.7,4279527.0
Hayden Brown,The Citadel,2,0.625022,77.0,28.5,4280014.0
Bo Hodges,Butler,6,4.16284,77.0,22.6,4280018.0
Mladen Armus,Boise St.,16,1.25831,82.0,20.4,4280022.0
Tristan Clark,SMU,13,4.43775,82.0,13.5,4277885.0
Dre Marin,Southern Utah,14,0.480203,72.0,17.4,4278670.0
Tyler Polley,Connecticut,14,3.24971,81.0,16.1,4278230.0
Eliel Nsoseme,Georgia St.,0,3.3503,80.0,17.2,4278220.0
Lance Thomas,South Alabama,10,-1.70161,81.0,17.6,4277877.0
Darius Perry,UCF,9,3.89432,74.0,24.2,4277878.0
Trevor Moore,Morgan St.,10,-5.16534,77.0,17.0,4278218.0
Avery Diggs,Chattanooga,13,0.906777,82.0,21.2,4278461.0
Shelby Adams,Texas St.,11,2.89744,75.0,17.6,4280276.0
Reggie Miller,Abilene Christian,6,1.83005,72.0,14.6,4593747.0
PJ Pipes,Santa Clara,1,-0.228179,74.0,21.4,4279237.0
Geo Baker,Rutgers,1,2.57652,76.0,21.4,4277986.0
Trent Buttrick,Massachusetts,3,1.39264,80.0,19.8,4277981.0
Jahlil Jenkins,Stony Brook,1,-0.53188,72.0,21.6,4279625.0
Ledarrius Brewer,East Tennessee St.,3,-1.3186,77.0,27.7,4279897.0
Cedric Russell,Ohio St.,14,-0.56253,74.0,15.6,4280257.0
Malik Osborne,Florida St.,3,3.91273,81.0,16.8,4279098.0
Kris Bankston,Norfolk St.,13,4.8753,80.0,18.1,4280289.0
Remy Martin,Kansas,11,6.24602,72.0,20.9,4278133.0
Tyler Maye,North Carolina A&T,7,-3.86808,73.0,19.2,4278423.0
Justin Whatley,North Carolina A&T,17,-3.09803,81.0,15.4,4278249.0
Kaiden Rice,Georgetown,14,-1.15292,79.0,18.3,4280011.0
Umoja Gibson,Oklahoma,11,5.59516,73.0,19.4,4279087.0
Myles Lewis,McNeese St.,7,-2.7206,77.0,19.7,4280102.0
Justin Minaya,Providence,17,6.24854,79.0,12.4,4278111.0
Souley Boum,UTEP,9,3.60681,75.0,27.9,4280244.0
Kellan Grady,Kentucky,12,6.42913,77.0,13.4,4278349.0
Derrick Walker,Nebraska,13,5.6193,81.0,17.1,4278113.0
Zach Kent,Delaware St.,7,-10.5836,82.0,21.6,4278115.0
Paul Atkinson,Notre Dame,2,6.22435,81.0,24.3,4279699.0
Omar Habwe,Stony Brook,3,-3.00022,78.0,16.9,4279868.0
Charles Falden,James Madison,14,-0.433884,75.0,16.3,4279060.0
Ryan Schwieger,Loyola Chicago,3,0.527999,79.0,23.5,4279565.0
DeAndre Jones,Saint Louis,14,3.3191,71.0,14.0,4278267.0
Hayden Koval,Cincinnati,3,2.23583,85.0,14.0,4278265.0
Mike Okauru,UNC Wilmington,11,1.77179,76.0,21.6,4278057.0
Isaac Kante,LIU,8,-4.53606,80.0,21.5,4278066.0
Jay Jay Chandler,South Alabama,1,-3.03802,76.0,27.8,4278117.0
Mack Smith,Western Michigan,17,-2.55529,74.0,19.5,4279836.0
Antwan Walker,Rhode Island,15,2.68435,79.0,18.6,4278567.0
Jerome Desrosiers,Hawaii,12,2.19643,79.0,17.8,4279566.0
Jaylon Hall,Morehead St.,14,1.45321,77.0,17.6,4279497.0
A.J. Caldwell,Chattanooga,17,2.13894,77.0,10.8,4280264.0
Mamoudou Diarra,Tennessee Tech,3,-1.36377,81.0,18.4,4278219.0
Malik Williams,Louisville,2,4.96326,83.0,21.0,4277880.0
Gavin Kensmil,Stephen F. Austin,8,0.268886,79.0,26.7,4279493.0
Isaiah Coleman-Lands,Miami OH,14,-3.01909,72.0,15.0,4279432.0
Jalen Adaway,St. Bonaventure,3,1.00503,77.0,19.1,4279431.0
Dedric Boyd,Tennessee St.,14,-2.64596,76.0,21.2,4279854.0
Donald Carey,Georgetown,11,3.62869,77.0,19.2,4402802.0
Bobby Planutis,Purdue Fort Wayne,12,-0.582642,80.0,15.7,4279863.0
Jordan Cintron,Niagara,2,4.78525,80.0,18.8,4278891.0
Storm Murphy,Virginia Tech,11,1.45223,72.0,18.5,4280118.0
Keve Aluma,Virginia Tech,2,7.38036,81.0,26.4,4280120.0
Tray Hollowell,Morehead St.,14,-1.28316,75.0,20.1,4280119.0
Gabe Osabuohien,West Virginia,6,6.04269,79.0,21.7,4278051.0
Darious Hall,Central Arkansas,3,-3.87672,79.0,27.9,4278050.0
Jack Ferguson,Colgate,11,1.78489,75.0,18.7,4280048.0
Isiah Jasey,SMU,16,-0.230226,82.0,14.1,4278120.0
Savion Flagg,Sam Houston St.,3,3.30947,79.0,30.2,4278119.0
Alex Hunter,Furman,11,2.91281,71.0,18.9,4280016.0
Royce Hamm Jr.,UNLV,2,0.479745,81.0,19.8,4277920.0
Isaiah Whaley,Connecticut,0,8.02912,81.0,14.1,4278231.0
Ayo Akinwole,Drake,10,-1.95093,71.0,16.3,4279508.0
Jordan Roberts,Long Beach St.,7,-2.89968,81.0,20.3,4278751.0
Jarkel Joiner,Mississippi,1,2.8958,73.0,21.8,4278729.0
Vladimir Pinchuk,San Diego,8,-0.651887,83.0,17.2,4278701.0
Dimitrije Spasojevic,UMBC,8,-5.92172,81.0,24.9,4278250.0
Austin Phyfe,Northern Iowa,2,-0.00726087,81.0,28.0,4279169.0
Tywhon Pickford,Northern Iowa,12,2.06507,76.0,13.5,4279167.0
Kobe Webster,Nebraska,10,-1.92319,72.0,17.4,4279535.0
Jalon Pipkins,Purdue Fort Wayne,6,-2.62849,76.0,25.2,4278735.0
Brady Manek,North Carolina,12,8.01659,81.0,21.1,4277902.0
Naz Bohannon,Clemson,15,1.49747,78.0,17.3,4285366.0
Michael Akuchie,Youngstown St.,3,0.112691,80.0,24.4,4279695.0
Chris Lykes,Arkansas,1,1.08092,67.0,22.8,4277889.0
R.J. Cole,Connecticut,9,4.2563,73.0,24.3,4279789.0
Jordan Usher,Georgia Tech,6,3.59516,79.0,26.1,4278532.0
Chuck O'Bannon Jr.,TCU,6,6.16547,78.0,19.2,4278533.0
Christiaan Jones,Stetson,3,-1.41565,77.0,22.1,4278470.0
Ryan Burkhardt,Southeastern Louisiana,14,-1.54398,77.0,13.8,4278456.0
Tervell Beck,Kent St.,12,-1.31796,79.0,16.5,4278950.0
Chyree Walker,Radford,7,-5.5972,77.0,16.9,4279192.0
Myles Smith,Texas A&M Corpus Chris,10,-1.88971,72.0,18.3,4278341.0
Kamron Reaves,Florida A&M,10,-3.928,74.0,18.0,4279781.0
Jarvis Doles,Albany,7,-5.70228,81.0,20.7,4279195.0
Damari Milstead,Cal St. Fullerton,9,2.78856,74.0,21.9,4280171.0
Kane Williams,Georgia St.,9,3.66668,76.0,22.9,4280167.0
Evan Kuhlman,Evansville,10,-2.25411,80.0,16.8,4279131.0
Takal Molson,James Madison,6,0.339968,76.0,24.9,4279481.0
Da'Monte Williams,Illinois,17,5.15822,75.0,10.6,4277940.0
Mark Smith,Kansas St.,3,4.23394,76.0,22.1,4277939.0
Jack Nunge,Xavier,2,8.81615,84.0,21.6,4277948.0
Miryne Thomas,Ball St.,3,-1.54046,80.0,24.3,4279796.0
Kevin Johnson,Illinois Chicago,11,-1.70967,72.0,21.0,4278304.0
Ryghe Lyons,Nicholls St.,0,2.91819,83.0,16.7,4278303.0
Oliver Lynch-Daniels,Colgate,11,0.371488,74.0,14.8,4278275.0
Daejon Davis,Washington,6,2.81449,75.0,16.7,4278522.0
Jay Green,Northern Arizona,15,-6.97449,77.0,19.2,4278952.0
Cheikh Mbacke Diong,UCF,0,4.22445,83.0,15.4,4278951.0
Keaton Hervey,Missouri St.,12,0.310924,79.0,12.3,4278278.0
Marvin Nesbitt Jr.,UMKC,6,1.99638,76.0,26.0,4280195.0
Tyree Appleby,Florida,9,1.56735,73.0,23.6,4280299.0
Sam Waardenburg,Miami FL,12,7.10243,82.0,13.9,4079701.0
JD Notae,Arkansas,9,6.65184,74.0,29.9,4278435.0
Jarrod Simmons,Hofstra,13,5.16311,80.0,12.1,4279562.0
Carter Collins,Murray St.,14,1.24749,75.0,11.2,4278347.0
Azar Swain,Yale,1,-0.599485,72.0,28.3,4279697.0
Jesus Cruz,Fairfield,3,-0.135562,77.0,21.4,4279488.0
Curtis Haywood II,Tulsa,5,1.30148,77.0,11.9,4593833.0
Jordan Goldwire,Oklahoma,9,4.05492,75.0,22.1,4277845.0
Marek Nelson,UT Rio Grande Valley,6,2.31097,79.0,20.0,4279122.0
Marquis Eaton,Arkansas St.,1,-3.45827,74.0,23.6,4280139.0
Troy Green,New Orleans,6,0.142395,75.0,23.5,4279181.0
Donnie Tillman,New Mexico St.,3,0.838153,79.0,19.5,4278536.0
Brion Whitley,Southern,14,-1.6705,76.0,24.0,4279890.0
Lucas Williamson,Loyola Chicago,11,6.37343,76.0,23.3,4279147.0
Josh Anderson,Western Kentucky,6,3.49335,78.0,19.5,4279119.0
Jamir Moultrie,Kennesaw St.,14,-2.66807,71.0,18.4,4278365.0
Teddy Allen,New Mexico St.,3,3.74215,78.0,28.6,4277932.0
Kevin Anderson,Delaware,11,0.979208,77.0,18.7,4279189.0
Victor Bailey Jr.,Tennessee,17,0.450572,76.0,16.2,4278512.0
Chris Vogt,Wisconsin,0,6.15837,84.0,16.2,4279252.0
Jalanni White,Penn St.,8,1.70038,80.0,14.7,4279478.0
Abu Kigab,Boise St.,2,6.6141,79.0,25.3,4278513.0
Mike Adewunmi,UT Rio Grande Valley,3,-2.66084,77.0,19.0,4278256.0
Kyle Foster,Howard,11,1.91491,77.0,20.7,4279792.0
Cam Bacote,Western Carolina,10,-5.19497,75.0,17.0,4279797.0
Keyshawn Feazell,Creighton,15,2.23316,81.0,17.9,4278099.0
Greg Jones,Massachusetts,14,-0.0555444,79.0,14.1,4279211.0
Darius Banks,Chattanooga,6,3.55346,78.0,16.4,4279210.0
Collin Gillespie,Villanova,11,7.76048,75.0,22.4,4278585.0
Larry Owens,Northwestern St.,15,-2.79645,80.0,21.9,4278317.0
Ryan Allen,Delaware,1,-1.86359,74.0,21.7,4279190.0
Darryl Morsell,Marquette,11,1.51899,77.0,24.4,4277954.0
Luke Bolster,Columbia,10,-8.7893,72.0,9.9,4279465.0
San Antonio Brinson,Texas A&M Corpus Chris,7,-4.12408,80.0,19.3,4278448.0
Torrey Patton,Cleveland St.,9,-0.499103,77.0,28.1,4279311.0
Eric Parrish,Grambling St.,7,-2.6086,78.0,18.7,4610342.0
Ishmael El-Amin,Rhode Island,14,-0.543266,75.0,14.6,4279313.0
Jalyn Hinton,Southeastern Louisiana,13,5.57856,78.0,19.4,4897312.0
Manny Patterson,Southeast Missouri St.,15,-1.31608,80.0,23.3,4279241.0
Luke Loewe,Minnesota,14,-0.231603,76.0,14.9,4279227.0
D'Shawn Schwartz,George Mason,12,2.37116,79.0,21.4,4278501.0
Alfred Hollins,UTEP,15,-0.34065,78.0,17.7,4278515.0
Marcus Santos-Silva,Texas Tech,0,8.89458,79.0,20.6,4278420.0
Jaylen Minnett,Missouri St.,14,1.80455,73.0,19.3,4279244.0
David Kachelries,Stephen F. Austin,1,-0.503175,73.0,17.5,4278450.0
Elijah Gonzales,Louisiana Monroe,5,0.0217465,71.0,15.1,4702089.0
Kevion Nolan,Jacksonville,9,6.11009,74.0,23.9,4280064.0
Michael Flowers,Washington St.,11,5.48729,73.0,22.0,4279455.0
Marreon Jackson,Arizona St.,9,4.62329,73.0,24.4,4279451.0
Kimani Lawrence,Arizona St.,8,3.28545,78.0,20.2,4278134.0
Marcus Weathers,SMU,2,4.27049,77.0,22.9,4067390.0
Eli Scott,Loyola Marymount,3,0.569677,78.0,28.8,4280158.0
Michael Weathers,SMU,6,5.39401,75.0,23.9,4067391.0
Javan Johnson,DePaul,14,-0.0735008,78.0,16.7,4280280.0
Jordan Perkins,Longwood,5,-3.26678,73.0,15.6,4284169.0
Mamadou Doucoure,La Salle,16,-4.87462,81.0,11.9,4277988.0
Javon Greene,South Florida,5,1.69915,76.0,20.2,4278360.0
Jamir Harris,Seton Hall,14,0.354494,74.0,17.1,4277966.0
Myles Cale,Seton Hall,6,4.27564,78.0,17.5,4278579.0
Bryce Fowler,Sacramento St.,9,2.52877,78.0,32.8,4278663.0
James Lewis Jr.,Appalachian St.,8,-0.449301,80.0,13.9,4280003.0
Dalonte Brown,Miami OH,3,-1.36041,79.0,21.7,4279435.0
Dominick Pickett,UC Riverside,11,3.74308,75.0,18.9,4081600.0
Justin Forrest,Appalachian St.,5,-3.33512,74.0,25.6,4280137.0
Josh Carlton,Houston,2,7.74728,83.0,26.1,4278229.0
Michael Carter III,Portland St.,5,-2.89639,77.0,24.2,4897947.0
Alex Watson,Sacred Heart,10,-3.79962,75.0,15.7,4279645.0
E.J. Anosike,Cal St. Fullerton,2,2.45774,79.0,25.5,4279647.0
Trevion Brown,Drexel,17,-3.11976,74.0,19.1,4709927.0
Myles Carter,Delaware St.,1,-0.97325,73.0,26.5,4284101.0
Johquin Wiley,Hampton,4,-6.48966,71.0,11.1,4283602.0
Shavar Reynolds Jr.,Monmouth,1,-0.591162,74.0,25.9,4278578.0
Carl Pierre,Rice,12,1.76238,76.0,19.7,4278368.0
Michael Ertel,UAB,14,2.30135,74.0,17.3,4280260.0
Eral Penn,LIU,3,2.18739,79.0,25.4,4279628.0
Deshaun Highler,Sacramento St.,4,-8.70442,74.0,17.8,4279113.0
Melik Martin,Drexel,3,2.93379,78.0,20.1,4279733.0
George Papas,Monmouth,11,5.0937,77.0,21.3,4279735.0
Kameron Langley,North Carolina A&T,5,-1.47534,74.0,18.5,4279819.0
Yauhen Massalski,San Francisco,0,6.8764,81.0,26.0,4285624.0
Silvio De Sousa,Chattanooga,2,4.33399,81.0,27.3,4292484.0
Darius Quisenberry,Fordham,1,0.497514,74.0,24.7,4397790.0
Caleb Fuller,UC Davis,3,-0.39883,77.0,23.1,4397580.0
Brandon Slater,Villanova,12,6.85996,79.0,15.1,4397133.0
Luis Hurtado Jr.,Bryant,15,-1.74428,78.0,12.4,4279105.0
Tim Fuller,Utah Valley,13,4.12743,81.0,17.1,4397392.0
Damion Squire,Portland St.,1,-3.74942,73.0,21.8,4397579.0
Kihei Clark,Virginia,1,1.98153,70.0,19.9,4395677.0
Will McNair Jr.,New Mexico St.,15,3.02946,82.0,15.0,4396012.0
Nate Laszewski,Notre Dame,12,4.23372,82.0,14.3,4395665.0
Prentiss Hubb,Notre Dame,1,2.6232,75.0,18.3,4395664.0
Kody Stattmann,Virginia,10,0.232669,80.0,14.9,4395680.0
Tanner Groves,Oklahoma,2,6.03598,82.0,23.3,4278603.0
Leaky Black,North Carolina,12,7.22778,80.0,10.0,4395650.0
Nana Opoku,Mount St. Mary's,15,2.62024,81.0,18.3,4279871.0
Mohammed Abdulsalam,UNC Greensboro,8,-2.29288,81.0,21.3,4398232.0
Angelo Allegri,Eastern Washington,3,-0.878792,79.0,18.7,4398233.0
Deandre Thomas,Mount St. Mary's,10,-3.90973,77.0,18.1,4703168.0
Larry Moreno,St. Francis NY,14,-1.78709,72.0,20.0,4398007.0
Hunter Tyson,Clemson,3,4.3542,80.0,19.9,4395620.0
Montez Mathis,St. John's,6,0.415111,76.0,18.4,4397250.0
Caleb McConnell,Rutgers,6,4.70155,79.0,16.6,4397249.0
Emmanuel Dowuona,Tennessee St.,16,-5.43188,82.0,19.0,4397244.0
Eric Hunter Jr.,Purdue,11,3.43047,76.0,13.1,4397243.0
MJ Randolph,Florida A&M,9,-0.873855,76.0,29.3,4398142.0
Cameron Healy,Central Michigan,14,-2.70886,75.0,18.9,4278203.0
Jermaine Couisnard,South Carolina,9,-0.142299,76.0,28.6,4396948.0
Colin Castleton,Florida,0,6.96349,83.0,26.9,4397204.0
David DeJulius,Cincinnati,1,1.45194,72.0,26.2,4397202.0
Ricky Lindo Jr.,George Washington,6,2.84285,80.0,18.7,4397186.0
Thomas Kithier,Valparaiso,2,3.07524,80.0,24.4,4397211.0
Christian Bishop,Texas,2,7.27165,79.0,19.6,4397037.0
Bryce Golden,Butler,3,1.11236,81.0,19.2,4397026.0
Markeese Hastings,Western Michigan,8,-0.82554,79.0,19.0,4397025.0
Efe Odigie,Troy,3,-2.25959,81.0,28.2,4397868.0
Greg Williams Jr.,Louisiana,5,-1.48476,75.0,19.8,4397123.0
Marcellus Earlington,San Diego,3,-0.886934,78.0,28.6,4397124.0
DeVon Baker,Tulane,1,-2.08758,74.0,19.4,4397802.0
Coty Jude,UNC Asheville,10,-2.12216,81.0,13.1,4397803.0
Junior Ballard,Fresno St.,14,1.4852,75.0,14.6,4397365.0
Filip Rebraca,Iowa,8,3.90666,81.0,14.6,4398190.0
Josh LeBlanc Sr.,UAB,13,5.6567,79.0,11.5,4397074.0
Deante Johnson,Cleveland St.,13,3.01502,81.0,14.2,4399102.0
Tariq Silver,Austin Peay,1,-3.56045,77.0,21.4,4279332.0
Onyi Eyisi,Cal St. Northridge,8,-2.45264,81.0,21.6,4396816.0
Aljaz Kunc,Iowa St.,12,6.53348,80.0,13.2,4397167.0
Joey Hauser,Michigan St.,3,5.6762,81.0,17.2,4295180.0
Mezie Offurum,Mount St. Mary's,3,-0.839518,80.0,22.2,4396837.0
Riley Grigsby,Seattle,3,-1.94176,78.0,23.5,4396001.0
Jacob Eyman,Portland St.,16,-3.60259,82.0,13.1,4396000.0
Quinton Johnson II,UT Rio Grande Valley,14,-1.62201,76.0,14.5,4395996.0
Luke Frampton,Western Kentucky,14,0.64169,77.0,13.1,4278350.0
David Azore,UT Arlington,1,-3.18407,76.0,30.9,4280270.0
Jared Rodriguez,Idaho St.,3,-5.0858,80.0,19.7,4278606.0
Aaron Wheeler,St. John's,2,3.99873,81.0,19.7,4277982.0
Josiah Strong,Illinois St.,14,0.751091,75.0,16.9,4398146.0
Kyler Edwards,Houston,11,6.53154,76.0,21.5,4397081.0
Josh Mballa,Buffalo,8,-0.276874,79.0,24.1,4397084.0
Jose Perez,Manhattan,9,-1.36605,77.0,33.2,4397528.0
Zay Williams,Troy,3,1.39384,81.0,16.2,4397711.0
Drue Drinnon,Texas St.,5,-4.87318,73.0,18.0,4397358.0
Vincent Lee,Cal St. Fullerton,8,-1.81334,80.0,16.3,4397342.0
K.J. Hymes,Nevada,8,-3.01928,82.0,14.9,4397343.0
Daylen Kountz,Northern Colorado,11,-0.122179,76.0,29.0,4397060.0
Austin Trice,Old Dominion,8,0.507329,79.0,27.5,4397007.0
David McCormack,Kansas,8,6.82704,82.0,25.8,4397019.0
Jamal Bieniemy,UTEP,9,1.60166,77.0,25.3,4397027.0
Isaac Likekele,Oklahoma St.,6,3.80956,77.0,16.8,4397045.0
Maurice Calloo,Oregon St.,10,-5.03242,82.0,22.8,4397043.0
Kendric Davis,SMU,9,6.3583,72.0,27.6,4397066.0
Kaden Archie,Georgia Southern,7,-3.51476,78.0,20.7,4397065.0
Arashma Parks,Temple,16,-2.5038,81.0,10.6,4396652.0
Adam Seiko,San Diego St.,14,2.80687,75.0,11.6,4278704.0
Taevion Kinsey,Marshall,1,-2.00923,77.0,28.7,4397537.0
Cory Hightower,Winthrop,3,-0.0795234,79.0,24.3,4397655.0
Josiah Jeffers,Radford,9,0.997655,73.0,25.2,4397819.0
Cooper Kaifes,Samford,17,-0.18957,76.0,12.6,4397430.0
Cameron Burrell,Western Illinois,16,-4.30501,79.0,14.9,4702616.0
Robin Duncan,Vermont,15,2.17517,77.0,13.1,4396594.0
Ryan Davis,Vermont,2,5.46577,80.0,27.1,4396597.0
Matiss Kulackovskis,Bowling Green,12,-2.451,81.0,19.1,4279319.0
Yuat Alok,New Mexico St.,3,-1.8321,83.0,23.0,4397070.0
Kaosi Ezeagu,Kansas St.,13,1.08881,82.0,17.0,4397867.0
Luke Avdalovic,Pacific,14,-1.83219,77.0,15.7,4278644.0
Nik Mains,Northern Arizona,14,-1.10844,80.0,15.4,4278643.0
Nick Guadarrama,New Hampshire,3,-0.476846,77.0,22.8,4396578.0
Jayden Martinez,New Hampshire,3,0.0351723,79.0,21.4,4396579.0
Jack Clark,La Salle,3,-0.352474,80.0,23.8,4397152.0
Ed Croswell,Providence,13,6.29421,80.0,18.5,4397153.0
Jared Kimbrough,Hartford,15,-2.16035,80.0,13.7,4397154.0
Jahvon Quinerly,Alabama,1,0.265766,73.0,25.3,4397132.0
Jalen Slawson,Furman,2,7.58984,79.0,26.5,4398207.0
Daivien Williamson,Wake Forest,14,2.30196,73.0,16.5,4398180.0
Mike Bothwell,Furman,11,2.6476,75.0,25.0,4398203.0
Dre Fuller Jr.,UCF,6,0.429176,77.0,18.0,4396670.0
Bryce Workman,Jacksonville,8,-1.40832,79.0,23.8,4396696.0
Tyreese Davis,Jacksonville,14,2.93404,78.0,13.8,4396697.0
Mason Harrell,Texas St.,11,1.48937,69.0,20.3,4397702.0
Andre Kelly,California,2,4.16054,81.0,20.7,4397051.0
Matt Bradley,San Diego St.,9,5.50034,76.0,29.7,4397049.0
Rashun Williams,Radford,3,-0.796876,79.0,20.9,4396643.0
CJ White,Little Rock,10,-4.15807,77.0,18.8,4396639.0
Zion Griffin,Illinois Chicago,12,0.215814,78.0,19.2,4396988.0
George Conditt IV,Iowa St.,13,6.93093,81.0,16.6,4396989.0
Connor Crabtree,Richmond,12,-0.975027,78.0,13.6,4396658.0
Moses Wood,Portland,3,2.9953,80.0,21.1,4396657.0
Jamarius Burton,Pittsburgh,1,-1.16712,76.0,21.6,4396677.0
Dexter Dennis,Wichita St.,3,3.23197,77.0,16.2,4396676.0
Tavin Lovan,UAB,6,1.77292,76.0,18.9,4397726.0
Payton Moore,Denver,7,-3.95286,76.0,11.8,4397687.0
Drew Peterson,USC,3,5.01962,81.0,20.6,4397689.0
Quentin Millora-Brown,Vanderbilt,13,6.68501,82.0,12.8,4397691.0
Chris Mullins,Rice,5,-4.83733,75.0,19.7,4397690.0
Antwuan Butler,NJIT,1,-2.9468,72.0,16.0,4398043.0
Rey Idowu,Tulsa,8,-0.443922,81.0,20.1,4397373.0
Hunter Marks,Hartford,12,1.97088,81.0,17.3,4395886.0
Mason Forbes,Harvard,8,-0.125201,80.0,18.1,4397970.0
Sekou Toure,UC Santa Barbara,15,-1.2433,77.0,16.1,4397642.0
Xavier Johnson,Indiana,9,5.06021,75.0,28.0,4395669.0
Trevion Williams,Purdue,2,12.6577,82.0,33.8,4397246.0
Jordan Henderson,Canisius,14,-1.231,77.0,18.0,4398046.0
Isaiah Kelly,Yale,15,1.23878,79.0,18.2,4398015.0
Quinn Blair,William & Mary,15,-1.76589,79.0,18.1,4397603.0
Chase Audige,Northwestern,6,1.7982,76.0,24.3,4397602.0
L.J. Owens,UMBC,14,0.033361,75.0,16.8,4397601.0
Landers Nolley II,Memphis,1,2.70261,79.0,20.6,4395684.0
Isaiah Wilkins,Longwood,6,5.24422,76.0,22.0,4395681.0
Robert Braswell IV,Charlotte,12,0.779239,79.0,17.4,4395675.0
Jalen Carey,Rhode Island,6,-1.21965,75.0,21.6,4395673.0
Marque Maultsby,North Carolina Central,17,-3.12939,75.0,17.3,4396576.0
Rod Brown,Jacksonville,8,-0.594334,80.0,16.4,4278483.0
Michael Wynn,Akron,6,1.87124,78.0,14.3,4395689.0
Francis Okoro,Saint Louis,8,4.78647,81.0,20.0,4397105.0
Bryce Hamilton,UNLV,11,4.54398,76.0,33.6,4397433.0
Collin Welp,UC Irvine,3,2.28763,81.0,28.0,4279073.0
Zach Chappell,Sacramento St.,1,-3.7572,75.0,24.5,4397395.0
Miles Norris,UC Santa Barbara,3,2.10236,82.0,18.6,4397104.0
Seneca Knight,BYU,3,1.91462,78.0,19.2,4397398.0
Maizen Fausett,Southern Utah,3,1.67019,78.0,18.8,4397379.0
Caleb Nero,North Dakota,1,-4.25345,74.0,22.2,4397387.0
Dima Zdor,Grand Canyon,13,0.847506,82.0,12.4,4397390.0
Antonio Rizzuto,Towson,14,-0.456198,75.0,16.1,4395873.0
Erik Stevenson,South Carolina,1,3.81443,76.0,22.5,4396679.0
Morris Udeze,Wichita St.,8,-0.898403,80.0,22.9,4396681.0
Madiaw Niang,Florida Atlantic,8,-0.131708,81.0,15.4,4397482.0
Logan Johnson,Saint Mary's,6,5.3469,74.0,22.5,4396608.0
Jairus Hamilton,Western Kentucky,3,-3.5124,80.0,22.5,4395617.0
Caleb Catto,Florida Gulf Coast,14,-0.490647,77.0,14.6,4396688.0
Zach Scott,McNeese St.,14,-0.706814,76.0,16.4,4396689.0
Liam Robbins,Vanderbilt,0,3.70279,84.0,21.3,4397347.0
Jawaun Newton,Evansville,3,-1.96172,75.0,24.5,4397354.0
Shamar Givance,Evansville,9,-0.484084,70.0,31.3,4397353.0
Logan Dye,Samford,15,1.21719,81.0,23.2,4398246.0
Ralph Bissainthe,Central Michigan,7,-1.743,79.0,18.7,4279247.0
Jordan Lathon,Milwaukee,5,-3.9144,76.0,21.8,4397863.0
Coletrane Washington,Drexel,14,0.689056,76.0,13.9,4397425.0
Ithiel Horton,Pittsburgh,10,-1.57971,75.0,19.3,4397401.0
Matey Juric,Drexel,5,-1.7139,71.0,10.1,4397428.0
Camren Wynter,Drexel,9,1.4047,74.0,27.1,4397427.0
Kale Catchings,Harvard,15,0.547598,78.0,19.0,4397971.0
Amadou Sow,UC Santa Barbara,2,1.02259,81.0,25.4,4397644.0
Souleymane Diakite,NJIT,16,-5.57766,81.0,17.6,4396754.0
Kjell de Graaf,NJIT,17,-4.52796,82.0,11.6,4396755.0
Cantavio Dutreil,Sacred Heart,8,-6.95357,79.0,14.7,4396765.0
Ahsan Asadullah,Lipscomb,2,5.0419,81.0,31.6,4278445.0
Cameron Parker,Montana,9,-0.726024,74.0,24.3,4397999.0
Aaron Clarke,Sacred Heart,1,-4.70117,73.0,25.3,4397995.0
Cameron Wilbon,Sacramento St.,6,-2.76931,77.0,20.8,4397994.0
Koreem Ozier,Louisiana Monroe,1,-1.69783,73.0,19.6,4397996.0
Myles Thompson,Saint Francis,1,-5.61732,78.0,22.7,4398017.0
Marcus Bingham Jr.,Michigan St.,0,8.18322,84.0,23.2,4397212.0
Zac Watson,Longwood,8,0.40755,79.0,18.6,4397617.0
Jeremiah Gambrell Jr.,Prairie View A&M,1,-3.50786,75.0,22.9,4397884.0
Callum McRae,UC Riverside,8,1.31956,85.0,22.4,4397619.0
Oddyst Walker,Alcorn St.,17,-2.60543,74.0,19.3,4398293.0
Austin Smellie,Idaho St.,17,-2.0187,77.0,13.5,4397289.0
Foster Loyer,Davidson,11,5.3375,72.0,25.6,4397208.0
Brandon Johns Jr.,Michigan,7,-0.761727,80.0,15.8,4397206.0
Ethan Wright,Princeton,12,2.41033,76.0,20.9,4398005.0
KeShawn Curry,VCU,6,1.69159,76.0,19.7,4397228.0
Jaelin Llewellyn,Princeton,1,-0.66197,74.0,25.3,4398002.0
Drew Friberg,Princeton,12,2.138,79.0,13.6,4398004.0
Max Johns,Princeton,15,-2.56602,76.0,16.7,4398003.0
Isaac Chatman,North Alabama,7,-0.824309,78.0,11.6,4397339.0
Milos Stajcic,Campbell,7,-4.00194,82.0,20.0,4397334.0
Spencer Johnson,BYU,12,3.50552,77.0,14.9,4701219.0
Michael Forrest,Florida Atlantic,1,0.860276,73.0,22.3,4397485.0
"Antonio Daye, Jr.",Fordham,9,-0.271863,75.0,27.0,4397500.0
Chris Doherty,Northeastern,8,2.92309,79.0,22.5,4395666.0
Isaiah Mucius,Wake Forest,12,3.06471,80.0,15.8,4395686.0
Jamal Bey,Washington,10,1.08223,78.0,18.2,4397155.0
Trey Jemison,UAB,13,4.54778,84.0,15.1,4395623.0
John Newman III,Cincinnati,6,3.13516,77.0,16.0,4395622.0
Nathan Mensah,San Diego St.,0,7.15564,82.0,18.4,4397371.0
Will Richardson,Oregon,11,5.37113,77.0,23.1,4397101.0
Christian Anigwe,UC Davis,2,2.42885,81.0,22.4,4397396.0
George Maslennikov,Canisius,7,-3.4797,82.0,16.1,4702952.0
Alonzo Sule,James Madison,15,-1.16644,79.0,21.6,4280279.0
Ja'Shon Henry,Bradley,7,-4.93498,78.0,21.6,4397325.0
Darius McGhee,Liberty,9,5.07453,69.0,36.8,4396745.0
Rasir Bolton,Gonzaga,12,5.76627,75.0,16.5,4397242.0
Ari Boya,Bradley,0,7.34879,85.0,19.2,4397323.0
Elijah Parquet,Colorado,17,2.74255,76.0,12.8,4397062.0
Samuel Chaput,Monmouth,5,-5.45025,72.0,16.3,4398409.0
Nikkei Rutty,Monmouth,13,0.462821,80.0,8.4,4398408.0
Marcus Hammond,Niagara,11,2.25518,75.0,28.8,4398404.0
Steven Levnaic,Niagara,17,-3.07447,74.0,6.9,4398406.0
Jalen Pickett,Penn St.,9,4.44305,76.0,22.6,4398390.0
Justin Bean,Utah St.,2,8.99213,79.0,23.5,4278720.0
Cole Swider,Syracuse,12,4.08912,81.0,18.5,4397134.0
Jake Forrester,Temple,8,0.436995,81.0,18.8,4397009.0
Jerome Hunter,Xavier,7,-2.03317,80.0,19.0,4397011.0
Rob Phinisee,Indiana,4,0.971292,73.0,19.0,4397010.0
Tuukka Jaakkola,Cal Poly,16,-6.23163,82.0,18.2,4397363.0
Tim Finke,Wright St.,17,0.0211726,78.0,14.3,4396017.0
Deshon Parker,Cleveland St.,5,-1.30485,76.0,11.8,4397548.0
Warren Williams,Manhattan,8,-3.52603,81.0,21.5,4279701.0
Taurus Samuels,Dartmouth,10,-2.42641,73.0,19.1,4397960.0
Markquis Nowell,Kansas St.,9,6.57248,68.0,26.3,4397554.0
Tomas Verbinskis,Lafayette,17,-9.40369,80.0,12.3,4278382.0
Adrian Delph,Appalachian St.,11,2.35243,75.0,26.0,4397415.0
Luis Rodriguez,Mississippi,6,3.90481,78.0,16.8,4396969.0
Amari Kelly,UNC Wilmington,16,-1.1333,81.0,15.4,4396804.0
Carlos Curry,Georgia Southern,7,-5.10067,83.0,16.4,4396966.0
Tyler Harris,Memphis,1,1.60769,69.0,21.1,4396632.0
Alex Lomax,Memphis,5,3.53483,72.0,16.5,4396633.0
Jayden Hardaway,Memphis,10,3.33708,77.0,14.0,4396635.0
Madut Akec,Detroit Mercy,3,0.644979,79.0,22.1,4396647.0
Xavier Castaneda,Akron,11,2.37907,72.0,22.2,4396641.0
Michael Durr,Indiana,16,-0.506575,84.0,16.2,4396642.0
Race Thompson,Indiana,2,6.94081,80.0,19.9,4277947.0
Jabari Rice,New Mexico St.,11,2.36823,76.0,21.7,4280181.0
Warren Washington,Nevada,13,3.90533,84.0,20.5,4397093.0
Jaiden Delaire,Stanford,7,-0.708363,81.0,25.5,4397112.0
Lukas Kisunas,Stanford,13,-1.07724,82.0,17.7,4397116.0
Cormac Ryan,Notre Dame,11,5.86909,77.0,16.0,4397114.0
DaQuan Smith,Murray St.,17,-2.1073,73.0,13.8,4398347.0
Jarron Coleman,Missouri,5,-1.7485,77.0,21.3,4397811.0
Tayler Mattos,New Hampshire,8,-5.48403,83.0,18.7,4397814.0
Trevon Taylor,Cal Poly,15,0.368859,78.0,16.7,4397446.0
Connor Harding,Utah Valley,3,0.270505,78.0,19.8,4397648.0
AJ Green,Northern Iowa,11,2.72214,76.0,26.2,4397475.0
Matt Herasme,Marist,17,-0.505418,75.0,10.0,4398413.0
Samir Stewart,Manhattan,14,-0.350865,72.0,14.7,4398104.0
Christian Hinckson,Binghamton,3,-0.0781047,78.0,16.4,4398106.0
Elijah Buchanan,Manhattan,7,-2.52606,77.0,17.3,4398103.0
Ochai Agbaji,Kansas,12,7.44695,77.0,23.3,4397018.0
Joey Calcaterra,San Diego,1,-2.34442,75.0,19.7,4280214.0
Jamari Blackmon,North Alabama,1,-0.526024,73.0,21.6,4396763.0
Jeenathan Williams,Buffalo,11,1.69278,77.0,27.0,4397821.0
Ronaldo Segu,Buffalo,1,-0.984662,72.0,23.9,4397820.0
Brandon Martin,South Carolina,7,-1.36429,77.0,13.0,4397834.0
Bryson Mozone,USC Upstate,3,-0.854267,78.0,22.6,4397835.0
Nick Muszynski,Belmont,2,5.27869,83.0,28.3,4279923.0
Tate Pierson,Belmont,12,-0.879193,78.0,11.4,4279922.0
D.J. Burns Jr.,Winthrop,8,-0.419862,81.0,32.0,4396933.0
Alanzo Frink,East Carolina,7,-3.21253,80.0,21.5,4396950.0
Keyshawn Bryant,South Carolina,7,-0.625826,78.0,23.9,4396951.0
Jaylen Sims,UNC Wilmington,1,1.30271,78.0,26.1,4397570.0
Jack Hoiberg,UT Arlington,10,-5.15953,71.0,14.3,4277962.0
Brian White,Northwestern St.,5,-5.37049,66.0,16.6,4398266.0
Joe Bryant Jr.,Norfolk St.,9,1.52969,73.0,26.0,4398206.0
Jahmel Myers,New Orleans,8,-2.70042,78.0,16.2,4398093.0
Nate Roberts,Washington,16,-0.870762,83.0,16.0,4397158.0
Deon Stroud,Fresno St.,5,-1.78616,77.0,25.0,4397866.0
Ty Brewer,East Tennessee St.,3,0.825822,81.0,19.2,4594149.0
Ethan Igbanugo,North Dakota,10,-6.67634,74.0,21.4,4278634.0
Aanen Moody,Southern Utah,14,0.744279,75.0,13.7,4278631.0
Francis Lacis,Oral Roberts,17,2.53356,79.0,12.8,4398309.0
DeVante' Jones,Michigan,9,5.81951,73.0,22.1,4397506.0
KJ Buffen,UAB,2,2.48862,79.0,19.2,4396968.0
Tykei Greene,Stony Brook,2,2.11615,76.0,22.1,4398108.0
KC Hankton,Chattanooga,6,2.07918,79.0,15.4,4397200.0
Brendan Adams,George Washington,17,-1.11377,76.0,15.9,4396612.0
Michael Barber,Alabama St.,16,-2.51377,80.0,13.4,4398165.0
Josh Alexander,American,7,-5.49587,80.0,22.1,4397585.0
Demarius Jacobs,Ball St.,11,-0.109371,74.0,14.5,4397198.0
Jonathan Tchamwa Tchatchoua,Baylor,2,7.72882,80.0,16.6,4397436.0
Fred Thatch Jr.,Saint Louis,6,5.47624,75.0,19.5,4397199.0
Javon Freeman-Liberty,DePaul,9,5.75052,76.0,30.3,4397511.0
De'Torrion Ware,Morgan St.,10,-4.23742,76.0,24.1,4398326.0
Jahbril Price Noel,Wagner,14,-2.21605,79.0,13.4,4397675.0
Ajare Sanni,UC Santa Barbara,1,0.344648,75.0,23.1,4397676.0
Darryl Polk Jr.,Pepperdine,4,-3.91328,69.0,14.5,4397696.0
A.J. Reeves,Providence,14,3.93743,78.0,20.3,4397109.0
DeShaun Wade,Longwood,11,1.80898,74.0,18.8,4396618.0
Ian Krishnan,Central Connecticut,10,-6.90784,74.0,19.3,4397951.0
Joe Kasperzyk,Southeastern Louisiana,9,-3.54862,75.0,28.1,4397945.0
Jayden Gardner,Virginia,3,2.60828,78.0,26.9,4396614.0
Everette Hammond,UMass Lowell,10,-3.53164,75.0,19.4,4397833.0
Tolu Smith,Mississippi St.,8,3.12508,83.0,24.6,4397882.0
Brendan Medley-Bacon,McNeese St.,8,-2.19498,85.0,21.0,4398113.0
Justin Steers,Coppin St.,16,-4.03377,79.0,25.7,4398112.0
AJ Lawson,Texas Southern,7,-3.37581,77.0,20.1,4897771.0
Xavier Pinson,LSU,9,0.804876,74.0,24.5,4396953.0
Torrence Watson,Elon,1,-2.69258,77.0,21.6,4396952.0
Parker Braun,Santa Clara,15,3.71743,82.0,13.5,4396957.0
Danya Kingsby,Grambling St.,5,-8.18895,73.0,24.0,4396976.0
Darius Days,LSU,3,5.51093,79.0,21.1,4396978.0
Kamaka Hepa,Hawaii,3,1.42208,82.0,19.3,4397080.0
KJ Williams,Murray St.,2,4.36153,82.0,26.4,4398348.0
Diante Wood,Tennessee Tech,7,-3.46913,76.0,19.7,4395700.0
Austin Richie,Florida Gulf Coast,14,-1.77815,78.0,14.5,4397858.0
Jalen Hodge,James Madison,14,-2.31765,73.0,13.3,4397575.0
Kobe Julien,Louisiana,3,1.2001,78.0,26.4,4397659.0
Jacob Boonyasith,UMBC,14,-0.130022,75.0,14.6,4397587.0
Grehlon Easter,Cal St. Bakersfield,4,-4.87799,75.0,12.0,4398050.0
Tye Fagan,Mississippi,11,0.624642,75.0,20.6,4395719.0
Noah Locke,Louisville,10,-0.205243,75.0,20.2,4395713.0
Andrew Nembhard,Gonzaga,11,7.08475,77.0,19.6,4395712.0
Tyrone Lyons,Southern,15,1.19272,79.0,21.5,4398221.0
Trace Young,Alabama St.,3,-3.3837,80.0,25.1,4397447.0
Christian Agnew,UTEP,5,-2.98422,74.0,19.4,4396762.0
Ryan Greer,Northwestern,10,-0.781799,74.0,13.0,4397230.0
Gabe Kalscheur,Iowa St.,5,-1.25621,76.0,21.8,4397214.0
Gabe Brown,Michigan St.,12,5.01276,80.0,18.1,4397210.0
Amir Harris,George Washington,4,-3.88459,77.0,8.9,4397216.0
Flo Thamba,Baylor,13,6.55685,82.0,16.2,4395692.0
Osun Osunniyi,St. Bonaventure,0,8.15479,82.0,19.0,4397224.0
Vince Williams Jr.,VCU,2,8.45559,78.0,22.5,4397227.0
P.J. Byrd,Southern,5,-3.08159,73.0,19.0,4397229.0
Darius Beane,Cal St. Northridge,7,-6.88945,75.0,17.4,4397490.0
Cam Jones,South Carolina St.,7,-5.12946,78.0,21.7,4398322.0
Jomaru Brown,Eastern Kentucky,9,-4.60276,74.0,34.1,4398318.0
Maros Zeliznak,Jacksonville St.,16,-2.90866,83.0,16.3,4398323.0
Cameron Tyson,Seattle,14,0.0289917,74.0,22.7,4397285.0
Victor Ohia Obioha,Pepperdine,8,-1.81398,81.0,21.1,4397694.0
Jackson Stormo,Siena,8,0.902411,81.0,21.0,4397697.0
Gus Okafor,Southeastern Louisiana,3,-0.654619,78.0,22.6,4397641.0
Ludovic Dufeal,Gardner Webb,0,5.05576,80.0,13.3,4397530.0
Rob Peterson III,High Point,4,-4.49024,76.0,9.1,4397627.0
LJ Thorpe,UNC Asheville,9,-0.574286,77.0,34.7,4279050.0
Trevon Faulkner,Northern Kentucky,1,-0.0938185,76.0,20.7,4397774.0
Adrian Nelson,Northern Kentucky,8,1.0962,80.0,17.4,4397772.0
Braden Norris,Loyola Chicago,11,3.6558,72.0,18.3,4397778.0
Nick Honor,Clemson,1,0.93651,70.0,17.5,4396810.0
Harrison Butler,Southern Utah,3,-2.84103,77.0,20.4,4397380.0
Serrel Smith Jr.,South Florida,10,-5.66139,76.0,22.7,4397185.0
Sasha Stefanovic,Purdue,14,4.37412,77.0,16.3,4277985.0
Chance Moore,Jackson St.,4,-9.25039,80.0,32.5,4396683.0
Richard Njoku,Navy,8,0.582142,79.0,18.8,4398153.0
Jaylin Andrews,Loyola MD,1,-2.24042,76.0,21.5,4398132.0
Kenneth Jones,Loyola MD,5,-2.30632,72.0,17.4,4398136.0
Tray Maddox Jr.,Cal St. Fullerton,1,-0.821992,78.0,21.1,4397779.0
Christian Silva,Navy,10,1.37049,74.0,14.5,4398152.0
Malik Martin,Rhode Island,15,2.45443,78.0,15.2,4397470.0
Cooper Robb,Eastern Kentucky,14,-0.20386,73.0,14.9,4397469.0
Brandon Younger,Presbyterian,17,-1.26766,79.0,15.6,4397472.0
Jaylen Sebree,Morehead St.,15,-0.390911,79.0,18.7,4397481.0
James Akinjo,Baylor,9,4.9418,73.0,25.4,4397072.0
Dravon Mangum,Radford,3,-0.17721,80.0,18.6,4397471.0
Zep Jasper,Auburn,10,1.04785,73.0,12.5,4311618.0
Calvin Wishart,UC Santa Barbara,11,1.47737,74.0,15.4,4397521.0
Elijah McCadden,Georgia Southern,5,-2.48011,76.0,28.2,4397519.0
Nelson Phillips,Georgia St.,6,3.92217,76.0,16.6,4397533.0
Jared Bynum,Providence,9,4.23293,70.0,25.7,4397194.0
Jake Wojcik,Fairfield,10,0.490586,77.0,19.2,4397191.0
Andre Gustavson,Richmond,17,1.25084,77.0,11.5,4397193.0
Matt Grace,Richmond,12,3.12888,81.0,16.1,4397192.0
Sy Chatman,Illinois St.,8,-0.976782,80.0,26.2,4397162.0
Omar Silverio,Hofstra,14,-1.00591,75.0,20.6,4397181.0
Tre Wood,LIU,5,-5.35033,73.0,16.3,4397160.0
Samba Diallo,Manhattan,6,-0.336634,79.0,14.1,4397161.0
Michael Devoe,Georgia Tech,11,3.33976,77.0,27.1,4395631.0
Diego Willis,Stephen F. Austin,10,-2.08463,76.0,12.2,4396753.0
Joey Baker,Duke,14,2.68924,78.0,17.2,4395624.0
Blake Preston,Liberty,8,1.11402,81.0,25.9,4396747.0
Myles Dread,Penn St.,14,4.45186,76.0,12.2,4397239.0
Ryan Young,Northwestern,8,1.94423,82.0,26.4,4397232.0
Miller Kopp,Indiana,14,1.57406,79.0,13.7,4397231.0
Luther Muhammad,Arizona St.,10,-1.38298,75.0,19.3,4397234.0
Pete Nance,Northwestern,2,6.78884,82.0,25.3,4397233.0
Justin Ahrens,Ohio St.,10,1.94876,78.0,13.1,4397236.0
Myreon Jones,Florida,14,2.1672,75.0,17.0,4397238.0
John Knight III,Southern Utah,9,1.98665,75.0,25.7,4397421.0
Jules Bernard,UCLA,3,6.20249,79.0,20.7,4397127.0
Kyle Lofton,St. Bonaventure,9,1.7082,75.0,22.4,4397220.0
Jordan McCabe,UNLV,10,0.645594,72.0,15.6,4397100.0
Emmitt Matthews Jr.,Washington,3,0.84827,79.0,18.2,4397099.0
Francisco Caffaro,Virginia,8,-1.67703,85.0,16.9,4395679.0
Cameron Copeland,Austin Peay,6,0.286388,79.0,21.6,4396777.0
Carter Hendricksen,North Florida,1,-2.3411,79.0,26.5,4396776.0
Dorian James,North Florida,7,-0.94591,79.0,14.5,4396774.0
Trevante Anderson,Idaho,1,-4.36854,73.0,28.1,4397741.0
Dan Fotu,Saint Mary's,3,2.19747,79.0,23.9,4397722.0
Matthias Tass,Saint Mary's,2,6.9862,82.0,23.3,4397724.0
Dane Goodwin,Notre Dame,12,4.97885,78.0,18.1,4395667.0
Malik Jefferson,Mount St. Mary's,16,-0.201336,81.0,18.4,4397980.0
Kris Wooten,Elon,10,-4.07962,74.0,10.6,4397455.0
Anthony Crump,Northern Illinois,7,-2.91417,80.0,16.6,4397550.0
Kyle Colvin,Cal Poly,3,-4.87482,78.0,16.6,4397366.0
Elijah Harkless,Oklahoma,6,2.91077,75.0,21.9,4397449.0
Brendan Harrick,Cal St. Northridge,17,-4.01206,77.0,15.5,4397454.0
Jeameril Wilson,Lehigh,15,-1.66588,79.0,21.8,4398116.0
Tyrone Perry,Lafayette,11,-2.76373,74.0,19.4,4398070.0
DeAndre Williams,Memphis,2,8.12739,81.0,21.4,4397355.0
Nic Lynch,Lehigh,12,-1.97955,83.0,20.7,4398119.0
Trey McGowens,Nebraska,6,1.38702,76.0,16.3,4395670.0
Ladarius Marshall,Alcorn St.,16,-4.65454,79.0,13.4,4397708.0
Kristian Sjolund,Portland,3,0.204796,80.0,18.9,4395633.0
Kam Gibson,Vermont,10,-2.60684,75.0,19.6,4398273.0
Jake Stephens,VMI,2,8.33229,83.0,26.3,4398257.0
Ryan Larson,Wofford,11,1.46102,73.0,16.1,4398276.0
Isaiah Bigelow,Wofford,3,-0.05517,79.0,20.2,4398275.0
Kris Monroe,North Carolina Central,15,-2.05851,80.0,17.3,4397106.0
Jericole Hellems,N.C. State,14,1.19837,79.0,20.3,4395661.0
Tyrese Martin,Connecticut,3,4.50648,78.0,21.9,4397179.0
Dana Tate Jr.,Norfolk St.,3,-1.65431,79.0,19.1,4397180.0
Jamal Hartwell II,George Mason,10,-5.39096,70.0,17.0,4396817.0
Jordan Miller,Miami FL,2,7.11999,79.0,15.9,4396818.0
Berrick JeanLouis,Iona,6,2.84227,76.0,12.5,4703008.0
Elijah McNamara,Miami OH,7,-5.48636,81.0,17.1,4397853.0
Mekhi Lairy,Miami OH,1,-2.69048,68.0,28.5,4397850.0
Myja White,Miami OH,14,-4.22803,73.0,9.5,4397851.0
Anthony Roberts,Stony Brook,1,-3.1421,76.0,31.4,4701015.0
DeAndre Gholston,Milwaukee,1,-4.64688,77.0,26.6,4702934.0
Malik Miller,Morgan St.,6,3.49839,76.0,21.9,4398197.0
Tajion Jones,UNC Asheville,14,-0.00264401,77.0,17.5,4279052.0
Brock Cunningham,Texas,6,8.71356,78.0,10.9,4397079.0
KJ Simon,Tennessee Martin,6,1.9291,75.0,28.0,4397710.0
Raymond Bethea Jr.,Hampton,7,-4.84555,77.0,16.9,4398163.0
Spencer Rodgers,Kennesaw St.,1,-2.59031,76.0,21.1,4397715.0
Au'Diese Toney,Arkansas,15,4.01246,78.0,15.0,4395671.0
Ezekiel Richards,Northern Arizona,8,-2.08686,82.0,14.3,4397752.0
Trey Wertz,Notre Dame,10,0.0223619,77.0,14.8,4397753.0
Keshawn Justice,Santa Clara,14,4.09644,79.0,17.3,4397751.0
Jake Wolfe,Morehead St.,11,0.924718,77.0,13.1,4396750.0
Vado Morse,James Madison,1,-1.99354,72.0,25.6,4397972.0
Trajan Wesley,Louisiana,5,-2.66705,69.0,18.8,4397660.0
Uros Plavsic,Tennessee,8,3.01821,84.0,16.9,4397023.0
Lamar Norman Jr.,Western Michigan,11,-0.3911,73.0,27.4,4396803.0
Micheal Anumba,Winthrop,15,0.953919,76.0,14.6,4397840.0
Mate Colina,Hawaii,3,-4.43988,84.0,23.4,4397460.0
Theo Akwuba,Louisiana,0,4.31736,83.0,18.2,4397716.0
Elijah Weaver,Dayton,11,0.396239,78.0,19.1,4397139.0
Walter Ellis,Grand Canyon,10,3.55393,77.0,14.2,4397649.0
Andrew Funk,Bucknell,1,-2.54466,77.0,24.8,4397650.0
Jack Hemphill,St. Francis NY,7,-3.95224,81.0,20.3,4397633.0
Fletcher Tynen,Boston University,7,-2.52604,79.0,15.3,4397634.0
Tucker Richardson,Colgate,11,1.58864,77.0,21.2,4398040.0
Kahliel Spear,Robert Morris,2,-0.609022,79.0,23.0,4702997.0
Marlon Hargis,Saint Francis,3,-4.60134,79.0,19.0,4398054.0
Ben Vander Plas,Ohio,6,4.50429,80.0,20.3,4279448.0
LaQuill Hardnett,Buffalo,16,1.89904,80.0,14.9,4396610.0
Szymon Wojcik,UMBC,2,-0.77049,81.0,24.9,4397468.0
Damien Daniels,Abilene Christian,5,0.308869,67.0,18.2,4397957.0
Joe Pleasant,Wichita St.,7,0.0757578,79.0,10.7,4397958.0
Yor Anei,DePaul,0,4.31071,82.0,18.1,4397046.0
Joe Reece,Bowling Green,2,-1.08099,81.0,26.4,4703098.0
Kalu Ezikpe,Old Dominion,8,3.05494,80.0,22.4,4397564.0
Nicolas Timberlake,Towson,11,1.95249,76.0,20.7,4397595.0
Javon Pickett,Missouri,1,-0.811408,77.0,19.9,4396954.0
Jamir Moore,Charleston Southern,10,-3.01606,77.0,12.8,4397409.0
Tyger Campbell,UCLA,11,5.78041,71.0,19.3,4397128.0
Sadarius Bowser,Charleston Southern,8,-2.72613,81.0,14.1,4397413.0
Dominick Welch,St. Bonaventure,12,3.55426,77.0,17.2,4397221.0
John Walker III,Texas Southern,3,1.3816,81.0,22.8,4278121.0
Noah Gurley,Alabama,15,2.39079,80.0,19.1,4280015.0
Sherwyn Devonish,Morgan St.,4,-4.15606,73.0,16.7,4398196.0
Isaiah Burke,Morgan St.,11,-0.368709,73.0,17.5,4398199.0
Gerrale Gates,Holy Cross,3,-2.50374,78.0,30.5,4398092.0
Chris Austin,Portland,1,-1.4426,76.0,23.8,4396811.0
Sincere Carry,Kent St.,9,3.5803,73.0,27.0,4396807.0
Tobias Cameron,Abilene Christian,6,1.71848,77.0,18.9,4278255.0
Khalid Moore,Georgia Tech,7,-1.10798,79.0,14.6,4395632.0
Alex Caldwell,North Carolina Central,5,-4.24609,72.0,21.4,4715106.0
Jordan Brown,Louisiana,2,1.80224,83.0,26.5,4397340.0
Kobe Dickson,Cornell,7,-1.29005,81.0,21.9,4397937.0
Jaylan Gainey,Brown,0,3.96059,81.0,15.1,4397913.0
David Mitchell,Brown,7,-0.84512,78.0,11.6,4397914.0
Ike Nweke,Columbia,7,-9.37949,79.0,27.8,4397926.0
Adam Flagler,Baylor,11,5.83861,75.0,21.2,4397654.0
Matt Mims,South Dakota St.,12,0.707097,72.0,11.5,4398338.0
Daxton Carr,Idaho St.,17,-4.20156,79.0,11.6,4397362.0
Jayden Saddler,Southern,9,1.22424,73.0,23.0,4402919.0
Patrick Emilien,St. Francis NY,7,-3.88191,79.0,23.6,4397909.0
Adrian Martin,Western Michigan,10,-4.28372,75.0,12.2,4397906.0
Garrett Pascoe,Boston University,4,-6.9639,75.0,11.2,4397630.0
Alex Arians,South Dakota St.,11,1.63382,76.0,14.5,4279531.0
Elijah Hardy,Cal St. Northridge,1,-2.92339,74.0,25.9,4397156.0
Dalvin White,USC Upstate,1,-2.11372,70.0,20.1,4397832.0
Ebrima Dibba,Coastal Carolina,5,-0.409577,78.0,17.4,4397504.0
Kur Kuath,Marquette,0,9.41387,82.0,12.1,4397028.0
Lat Mayen,Nebraska,17,-0.673105,81.0,14.5,4277914.0
Jaxson Baker,Central Arkansas,10,-3.48956,79.0,15.9,4397988.0
Neftali Alvarez,Mercer,9,-3.73954,74.0,27.3,4398075.0
Adam Kunkel,Xavier,1,1.07722,76.0,20.0,4398300.0
Kevin Obanor,Texas Tech,12,4.63578,80.0,18.1,4398304.0
Riley Battin,Utah,10,0.965929,81.0,17.5,4397149.0
Finn Sullivan,Vermont,11,5.23437,76.0,16.9,4397759.0
Tevian Jones,Southern Utah,3,-4.12362,79.0,25.2,4397000.0
Lahat Thioune,Utah,8,-0.712343,82.0,19.5,4397151.0
Eric Ayala,Maryland,1,0.954218,77.0,24.8,4397184.0
Jr. Clay,Tennessee Tech,1,-1.23119,72.0,25.5,4398376.0
Sage Tolbert III,Temple,6,2.53419,80.0,13.1,4398355.0
Gabe McGlothan,Grand Canyon,3,2.50229,79.0,18.5,4398356.0
Matt Dentlinger,South Dakota St.,13,1.50374,80.0,16.1,4279530.0
Matt Balanc,Quinnipiac,14,-1.53109,76.0,21.7,4398397.0
Tyrese Williams,Quinnipiac,14,-1.78338,75.0,17.0,4398399.0
RJ Eytle-Rock,Utah St.,1,0.168393,76.0,18.4,4396591.0
Jose Placer,North Florida,1,-2.16211,73.0,27.1,4396592.0
Stephane Ingo,Maine,0,-0.30118,81.0,17.8,4395898.0
Hunter Thompson,Wyoming,17,-0.835223,82.0,12.0,4280268.0
Frankie Policelli,Stony Brook,3,-0.469987,79.0,17.6,4396789.0
Reggie Chaney,Houston,13,6.76651,80.0,13.3,4395708.0
Dwayne Cohill,Youngstown St.,9,-0.250432,74.0,27.2,4396791.0
Nygal Russell,Southeast Missouri St.,3,0.806502,76.0,17.3,4398354.0
Cam Williams,SIU Edwardsville,17,-5.58883,74.0,22.0,4703385.0
Keonte Kennedy,UTEP,6,1.58355,77.0,24.1,4397137.0
Kevin Samuel,Florida Gulf Coast,0,4.36562,83.0,19.4,4277915.0
Isaih Moore,Southern Miss,2,2.2999,82.0,23.5,4397384.0
Zach Nutall,SMU,17,0.205217,75.0,16.7,4398281.0
Ron Harper Jr.,Rutgers,3,5.33334,78.0,22.8,4397251.0
Eddy Kayouloud,Central Arkansas,3,0.00313904,79.0,23.6,4397987.0
Felix Lemetti,Nebraska Omaha,1,-3.7611,73.0,20.0,4398076.0
Garrison Wade,Dartmouth,7,-2.37492,78.0,17.7,4397962.0
Dean Noll,Cornell,9,2.75497,74.0,23.0,4397941.0
Max Samberg,Cornell,4,-5.38784,75.0,8.4,4397940.0
JC Butler,UC Irvine,5,-0.54469,77.0,15.6,4397596.0
Wes Slajchert,Dartmouth,4,-6.05877,76.0,10.0,4397961.0
Ogheneyole Akuwovo,Binghamton,8,-3.03565,81.0,19.6,4398164.0
David Singleton,UCLA,12,6.66596,76.0,11.8,4397131.0
Buddy Boeheim,Syracuse,11,3.52532,78.0,25.0,4395676.0
Both Gach,Utah,11,-0.185628,78.0,22.3,4397145.0
Tevin Brown,Murray St.,11,6.29673,77.0,21.8,4279886.0
Qon Murphy,New Hampshire,7,-5.29648,77.0,21.1,4398022.0
Dwight Murray Jr.,Rider,1,-0.0489979,72.0,22.2,4398029.0
Antoine Smith Jr.,Evansville,12,-4.45603,79.0,13.5,4398030.0
Taelyr Gatlin,Denver,14,-1.91553,75.0,12.6,4398061.0
Jase Townsend,San Diego,1,-2.23134,75.0,23.9,4398060.0
Jarred Godfrey,Purdue Fort Wayne,9,3.0903,77.0,24.8,4398080.0
Cody Riley,UCLA,3,3.35416,81.0,18.9,4278525.0
Jordan Campbell,Fresno St.,6,0.576659,76.0,19.8,4397089.0
Carlos Jurgens,Oral Roberts,17,-1.99853,76.0,15.9,4398306.0
Jaxon Knotek,American,17,-5.33127,78.0,17.2,4398212.0
Shakur Daniel,Tarleton St.,4,-3.63497,78.0,12.6,4397704.0
Sam Griesel,North Dakota St.,3,3.81929,78.0,23.2,4398213.0
Gerald Liddell,Alabama St.,3,-2.06453,80.0,20.9,4397076.0
Courtney Ramey,Texas,14,4.3249,75.0,17.2,4334018.0
Jarius Cook,North Dakota St.,14,-0.465149,75.0,15.9,4398214.0
Kaleb Hunter,UNC Greensboro,10,-1.5107,76.0,18.5,4280038.0
Alex Rivera,LIU,14,-1.78842,73.0,14.6,4396570.0
Allin Blunt,UMass Lowell,3,-1.93949,79.0,19.5,4396569.0
Sam Sessoms,Penn St.,9,0.593539,72.0,26.2,4395880.0
Desi Sills,Arkansas St.,6,0.734846,74.0,23.4,4395701.0
Keyshawn Embery-Simpson,Tulsa,10,-3.2901,75.0,12.5,4395703.0
Luka Brajkovic,Davidson,2,7.82997,82.0,24.1,4396787.0
Ethan Henderson,Texas A&M,13,5.44264,80.0,10.0,4395706.0
Antoine Davis,Detroit Mercy,9,1.51013,73.0,34.7,4397732.0
Chuck Hannah,Elon,12,0.769781,79.0,11.0,4397456.0
Adam Thistlewood,Colorado St.,17,-0.555129,78.0,11.1,4397271.0
Riley Abercrombie,Rice,12,-3.99104,82.0,17.1,4397265.0
Taeshon Cherry,Grand Canyon,6,4.96153,80.0,18.8,4397024.0
Kendle Moore,Colorado St.,11,2.8083,70.0,15.3,4397269.0
Cam Shelton,Loyola Marymount,17,-0.837949,74.0,16.4,4397305.0
Keith Haymon,Northern Arizona,10,-7.04348,79.0,20.9,4397304.0
Jared Rhoden,Seton Hall,3,1.63857,78.0,25.1,4397119.0
Ant Nelson,Manhattan,5,-3.22577,76.0,25.4,4397118.0
Nigel Hawkins,Stephen F. Austin,10,-1.81476,76.0,14.1,4397862.0
Daniel Sackey,New Orleans,5,-4.0718,69.0,15.6,4397512.0
Calvin Poulina,Bethune Cookman,4,-9.33631,80.0,11.3,4395882.0
Matthew Mayer,Baylor,6,7.55949,81.0,21.1,4395697.0
Malachi Smith,Chattanooga,11,6.06918,76.0,28.0,4397784.0
Grant Basile,Wright St.,2,2.49544,81.0,28.7,4397787.0
Skyelar Potter,Morehead St.,3,0.328413,75.0,19.4,4397783.0
Bodie Hume,Northern Colorado,3,0.43408,80.0,21.0,4397311.0
Nelson Boachie-Yiadom,Davidson,17,3.10324,80.0,9.3,4396786.0
Josh Roberts,Manhattan,13,1.63148,81.0,16.5,4397122.0
Matthue Cotton,Yale,10,-1.43797,77.0,18.2,4398012.0
Eze Dike,Yale,4,-4.06571,74.0,18.7,4398011.0
Aguek Arop,San Diego St.,6,5.08089,78.0,17.1,4397368.0
Philmon Gebrewhit,DePaul,10,-1.1797,79.0,12.9,4397991.0
Tyree Eady,North Dakota St.,11,2.55788,77.0,17.8,4279514.0
Mack Anderson,Montana,8,-2.07312,81.0,15.5,4397295.0
Jalen Gabbidon,Yale,6,2.70315,77.0,20.6,4279696.0
Kenny Strawbridge,Alabama St.,3,-1.55727,78.0,19.3,4395991.0
Evan Battey,Colorado,3,4.1703,80.0,20.1,4278506.0
Brandon Swaby,Incarnate Word,17,-3.35458,75.0,13.3,4398037.0
DJ Peavy,Austin Peay,4,-7.87173,74.0,17.8,4398224.0
Andrew Taylor,Marshall,9,0.585563,75.0,23.2,4592859.0
Fardaws Aimaq,Utah Valley,2,2.92552,83.0,28.7,4398226.0
Keshaun Saunders,Toledo,17,-4.48131,77.0,13.9,4397880.0
Jelani Williams,Penn,5,-1.27679,77.0,16.0,4279561.0
Dameane Douglas,Loyola Marymount,2,0.281828,79.0,22.5,4397669.0
Javian Davis,Mississippi St.,8,-2.07673,81.0,20.4,4592739.0
Tai Strickland,Temple,5,0.509273,74.0,22.3,4397253.0
Alexis Yetna,Seton Hall,3,2.31696,80.0,19.8,4278308.0
Davion Buster,Lamar,1,-2.69116,70.0,23.2,4398051.0
Timmy Allen,Texas,2,7.43857,78.0,24.4,4397148.0
Noah Kirkwood,Harvard,9,3.91666,79.0,28.4,4397968.0
Tamell Pearson,Western Illinois,8,-3.07541,82.0,20.6,4397727.0
Ricky Clemons,Campbell,15,1.19725,74.0,14.5,4397332.0
Matt Johnson II,Northern Colorado,11,-0.121617,74.0,20.1,4897941.0
Clayton Henry,New Mexico St.,14,2.51416,76.0,11.0,4396010.0
Ian Burke,Portland St.,12,2.39172,77.0,10.3,4395998.0
Myron Gordon,Bowling Green,9,3.09188,75.0,25.6,4398242.0
Khyre Thompson,UNC Greensboro,15,-3.3256,78.0,14.6,4398234.0
Chris Brandon,Northern Kentucky,13,2.15112,80.0,15.1,4397737.0
Jonas Harper,Boston University,14,-0.506371,74.0,13.9,4397631.0
Bernie Andre,Tennessee Martin,3,-3.41889,78.0,21.0,4397303.0
Grant Weatherford,Georgia Southern,10,-0.716462,74.0,8.9,3906672.0
Greg Summers,Navy,8,1.23766,76.0,21.3,4398149.0
John Carter Jr.,Navy,1,0.602113,76.0,24.0,4398147.0
Jayce Johnson,Siena,4,-9.5964,77.0,22.9,4397552.0
Josh Caldwell,Army,6,-1.36066,74.0,23.4,4397607.0
Aaron Duhart,Army,5,-2.69465,72.0,17.6,4397609.0
Abdul Mohamed,Montana St.,3,1.21374,79.0,17.5,4397559.0
Shaun Doss Jr.,SIU Edwardsville,3,-1.30042,76.0,20.0,4403367.0
Patrick Mwamba,UT Arlington,6,0.450469,79.0,22.8,4397685.0
Nathan McClure,IU Indy,10,-3.46741,76.0,14.3,4397701.0
Derek St. Hilaire,New Orleans,1,-1.7543,72.0,30.0,4398325.0
JJ Murray,North Texas,6,4.28825,73.0,9.9,4397560.0
Josh Jefferson,Middle Tennessee,11,4.46539,74.0,23.1,4397374.0
Abdou Ndiaye,Illinois St.,0,2.18165,81.0,11.0,4397375.0
Robinson Idehen,UC Santa Barbara,13,-1.11291,82.0,19.5,4397646.0
Tyler Stevenson,Southern Miss,3,-3.58172,80.0,24.5,4397707.0
Tyrece Radford,Texas A&M,11,6.43381,74.0,17.6,4395685.0
Prince Toyambi,Georgia Southern,8,1.88705,79.0,19.3,4396611.0
Trey Smith,San Jose St.,10,-3.01234,75.0,15.3,4397400.0
Michael Steadman,Massachusetts,7,-7.47238,82.0,25.8,4397393.0
Willy Isiani,Detroit Mercy,12,1.1203,80.0,11.8,4397740.0
Garrett Sturtz,Drake,2,7.28185,75.0,17.4,4397348.0
Ramiir Dixon-Conover,Saint Francis,5,-1.18968,75.0,23.6,4398016.0
Ronald Lucas,Delaware St.,16,-7.25751,78.0,11.1,4398122.0
Richardson Maitre,Samford,4,-3.44119,75.0,10.1,4397488.0
Tremell Murphy,Drake,3,3.51845,78.0,17.4,4397346.0
D.J. Wilkins,Drake,14,0.579955,74.0,18.4,4397350.0
Marvin Cannon,Charlotte,12,-2.08027,77.0,13.0,4397168.0
Ty Rowell,Cal Baptist,11,-0.0754386,74.0,16.8,4398423.0
Nikola Maric,Little Rock,2,0.133283,82.0,27.6,4397558.0
Terrell Brown Jr.,Washington,9,6.58993,75.0,31.8,4395997.0
A.J. Walker,Air Force,11,-1.49128,74.0,23.7,4397255.0
Brandon Mahan,UCF,6,4.63039,77.0,20.2,4396917.0
Michael Cubbage,St. Francis NY,6,-0.780207,76.0,27.2,4398412.0
Keith McGee,Morgan St.,1,-2.34596,75.0,19.8,4397356.0
Amari McCray,Grambling St.,7,-2.91492,82.0,23.8,4397673.0
KC Ndefo,Saint Peter's,0,7.76058,79.0,27.7,4398386.0
Josh Aldrich,USC Upstate,3,1.44737,80.0,15.3,4397838.0
Brandon Powell,Alabama A&M,4,-4.82596,75.0,8.9,4397898.0
Isaac Hippolyte,Coastal Carolina,16,-3.58892,79.0,12.7,4397509.0
Webster Filmore,North Carolina A&T,16,-1.72426,79.0,12.6,4398217.0
Max Rice,Boise St.,10,0.694152,77.0,12.8,4397263.0
Christian Gray,Cal St. Northridge,16,-4.52365,78.0,20.2,4397274.0
Jeremiah Bailey,Pacific,6,0.219403,78.0,23.3,4397671.0
Kyle Cardaci,Coppin St.,10,-1.75034,74.0,15.0,4397944.0
ShanQuan Hemphill,Drake,15,1.09402,78.0,20.0,4397747.0
C.J. Kelly,Massachusetts,1,-1.49664,77.0,22.5,4398208.0
D.J. Mitchell,Hartford,1,-4.4475,72.0,15.9,4395893.0
Tra'Von Fagan,Buffalo,2,3.35686,80.0,12.0,4397823.0
Kashawn Charles,Eastern Illinois,1,-4.4543,73.0,20.8,4398310.0
Jacob Tryon,Samford,0,3.45996,83.0,13.6,4397718.0
Aundre Hyatt,Rutgers,7,-1.94543,78.0,22.8,4396975.0
Khalil Shabazz,San Francisco,1,3.56772,72.0,22.8,4397745.0
Damian Chong Qui,Purdue Fort Wayne,5,-3.92007,68.0,20.3,4397976.0
Trendon Hankerson,Northern Illinois,1,1.14747,74.0,19.7,4397854.0
Tate Hall,Loyola Chicago,6,3.57185,78.0,14.2,4289536.0
Brendon Brooks,Southern,1,-1.68848,70.0,16.0,4402918.0
Kyle Luedtke,Nebraska Omaha,10,-4.264,77.0,15.2,4398237.0
Michael Nuga,UNLV,10,0.559589,74.0,17.1,4397315.0
LaTerrance Reed,Northwestern St.,1,-3.97336,73.0,17.4,4398265.0
Myles Parker,Alabama A&M,17,-3.31313,79.0,15.7,4703104.0
Christian Guess,Prairie View A&M,16,-0.947263,79.0,10.2,4396958.0
Isaiah Rollins,Southern,12,-0.575212,75.0,19.0,4398430.0
DeShang Weaver,Oral Roberts,12,-1.31135,79.0,18.1,4593825.0
Dante Treacy,UNC Greensboro,5,-3.34971,72.0,17.9,4397989.0
Michael Baer,Siena,7,-4.10032,79.0,14.4,4397031.0
Tyler Bertram,Binghamton,14,-4.01264,75.0,19.1,4397473.0
Jordan Gilliam,Texas Southern,10,-0.568049,77.0,13.2,4397615.0
Bentiu Panoam,North Dakota,1,-4.81526,74.0,17.1,4398189.0
Drew Cobb,Long Beach St.,10,-0.563494,76.0,12.2,4397496.0
Mikel Beyers,Marshall,3,-1.78421,82.0,19.2,4397545.0
Marquis Moore,Southern Utah,3,-5.06977,78.0,18.5,4397733.0
Isaiah White,USC,7,-1.38423,79.0,19.1,4395988.0
Jamie Ahale,Illinois Chicago,10,-4.42703,77.0,11.3,4397767.0
Nolan Bertain,Idaho,17,-4.62319,75.0,11.3,4397730.0
Nicolas Fennell,North Carolina Central,7,-2.28181,76.0,12.2,4398240.0
Warith Alatishe,Oregon St.,15,2.44601,80.0,22.2,4398127.0
Collins Joseph,Bethune Cookman,4,-6.44976,73.0,20.1,4398249.0
Noah Bigirumwami,Chicago St.,4,-7.79556,82.0,12.2,4396020.0
Prince Moss,Grambling St.,10,-3.07416,79.0,18.1,4280109.0
Azariah Seay,IU Indy,7,-7.57121,76.0,25.4,4397888.0
Jayveous McKinnis,Jackson St.,0,5.3718,79.0,20.1,4403417.0
Darrian Wilson,Jackson St.,10,-1.51118,76.0,7.3,4406975.0
Myles Johnson,UCLA,0,9.82731,82.0,13.7,4277987.0
Flynn Cameron,UC Riverside,14,1.19854,77.0,19.0,4293886.0
Onyebuchi Ezeakudo,Pittsburgh,10,-1.39135,72.0,9.2,4409403.0
D'Marco Baucum,Delaware St.,7,-4.88499,78.0,18.4,4410587.0
Ajiri Ogemuno-Johnson,Rider,8,0.368917,80.0,17.2,4406151.0
Kevin McCullar,Texas Tech,6,6.39229,78.0,20.9,4411057.0
Mekhi Long,Old Dominion,6,3.4121,79.0,15.9,4431804.0
Moses Flowers,Hartford,11,-0.22225,75.0,24.1,4432982.0
Rick Barros III,Sacramento St.,17,-6.37354,77.0,10.2,4592632.0
Colby Rogers,Siena,14,-1.03052,76.0,21.8,4592921.0
Jeremiah Hernandez,Kent St.,10,-2.38858,76.0,12.3,4433007.0
Alimamy Koroma,Cal Poly,3,-2.09074,80.0,27.8,4592922.0
Giovanni Santiago,Kent St.,14,1.64915,73.0,14.8,4593436.0
Tim Ceaser,Utah Valley,15,5.70288,81.0,13.7,4593882.0
Miroslav Stafl,Central Michigan,7,-12.8783,83.0,24.1,4592903.0
Giordan Williams,Santa Clara,14,-1.4121,76.0,17.9,4432146.0
Thomas Bell,North Texas,2,4.13549,78.0,28.7,4592870.0
Jalen Williams,Santa Clara,11,4.94916,78.0,24.9,4593803.0
Joshua Lusane,Campbell,6,3.11464,79.0,23.6,4592655.0
David Muoka,UNLV,0,6.84352,82.0,10.3,4593762.0
Anderson Kopp,UMKC,14,-0.292131,77.0,15.3,4593765.0
Corey Nickerson,Lamar,8,-4.15056,79.0,20.9,4593763.0
Zach Hobbs,Indiana St.,12,-0.267493,77.0,13.2,4897470.0
Jameer Nelson Jr.,Delaware,6,1.22916,73.0,23.4,4592444.0
Jamison Battle,Minnesota,3,0.344641,79.0,23.8,4431893.0
Chase Paar,Towson,16,-3.39125,82.0,19.0,4432076.0
Shawn Walker Jr.,Mercer,1,-2.17755,78.0,14.4,4897379.0
DaJuan Gordon,Missouri,1,-0.840049,75.0,20.2,4432891.0
David Didenko,Tennessee Martin,10,-6.00296,81.0,19.4,4592194.0
Marcus Foster,Furman,3,1.3327,76.0,19.1,4431953.0
Zach Newkirk,Central Connecticut,4,-11.8274,73.0,18.6,4593246.0
Stephane Ayangma,Central Connecticut,7,-6.68608,78.0,20.8,4593248.0
Gaige Prim,Missouri St.,2,5.0948,81.0,28.8,4592711.0
Elijah Ford,Wagner,6,2.67002,77.0,21.7,4593036.0
Will Martinez,Wagner,9,0.459769,77.0,24.0,4593037.0
Cole Henry,Northern Iowa,16,-1.55089,81.0,21.9,4433004.0
Antwan Kimmons,Northern Iowa,7,-5.47751,72.0,19.0,4433020.0
Akok Akok,Connecticut,15,6.46701,81.0,11.5,4431706.0
Jaden Bediako,Santa Clara,13,3.04396,82.0,14.3,4431889.0
AJ Stredic,Arkansas Pine Bluff,16,-8.13396,80.0,8.7,4594058.0
Keion Brooks Jr.,Kentucky,3,4.40643,79.0,21.3,4431689.0
Jalen Jackson,Texas A&M Corpus Chris,5,-2.76779,71.0,17.5,4592869.0
Armando Bacot,North Carolina,2,8.69119,82.0,25.0,4431674.0
Max Agbonkpolo,USC,3,1.50121,81.0,18.8,4431700.0
Emanuel Miller,TCU,2,4.90429,79.0,19.3,4432872.0
Quenton Jackson,Texas A&M,6,6.77273,77.0,26.6,4592829.0
Andre Gordon,Texas A&M,6,4.26112,74.0,13.8,4431779.0
Drew Lutz,Incarnate Word,1,-3.12482,73.0,20.8,4593757.0
Messiah Thompson,Campbell,1,-3.0811,68.0,20.9,4432127.0
Brandon Stone,Robert Morris,15,-2.4909,83.0,21.2,4432906.0
Lance Jones,Southern Illinois,9,2.96071,73.0,29.9,4432002.0
Amin Adamu,Montana St.,3,-0.472215,77.0,21.1,4592615.0
Josh Thomas,Milwaukee,3,-4.02784,76.0,20.9,4593291.0
Mahamadou Diawara,Stetson,16,-5.10184,82.0,22.3,4432875.0
De'Vion Harmon,Oregon,1,2.47019,74.0,18.4,4431703.0
Victor Iwuakor,UNLV,16,4.87402,79.0,11.7,4431724.0
Jalen Hill,Oklahoma,2,6.21169,78.0,16.1,4592214.0
Ellis Jefferson,Lamar,5,-8.33291,72.0,16.2,4067375.0
Toumani Camara,Dayton,2,3.45963,80.0,24.8,4431736.0
Sahvir Wheeler,Kentucky,9,2.0373,69.0,22.4,4431725.0
Tyrese Jenkins,Norfolk St.,12,0.196326,78.0,14.3,4595430.0
Donovan Gregory,Appalachian St.,6,2.99251,77.0,21.8,4432904.0
Doug Edert,Saint Peter's,11,2.8291,74.0,16.5,4432977.0
Hassan Drame,Saint Peter's,15,3.36072,79.0,16.7,4593387.0
Emmanuel Tshimanga,UC Irvine,8,-1.62806,84.0,17.8,4592961.0
Isaiah Lee,UC Irvine,5,-0.939554,74.0,13.7,4592958.0
Ofure Ujadughele,UC Irvine,7,0.811518,77.0,14.2,4432132.0
Matt Johnson,Detroit Mercy,1,-0.934444,76.0,17.4,4592487.0
Ja'Shonte Wright-McLeish,Maine,14,-3.76542,76.0,15.0,4432151.0
Robert Carpenter,Mississippi Valley St.,3,-4.68555,79.0,27.5,4592486.0
Cole Bajema,Washington,10,-1.49771,79.0,15.0,4431757.0
Ata Turgut,Maine,10,-7.68787,81.0,16.3,4592906.0
Trevin Knell,BYU,14,0.586937,77.0,15.6,4593744.0
Gage Bobe,Evansville,4,-7.81947,72.0,11.4,4592682.0
Braelen Bridges,Georgia,13,2.03266,83.0,21.8,4593259.0
Jaylin Hunter,Old Dominion,5,1.07103,72.0,17.9,4592875.0
Trenton Massner,Western Illinois,9,2.13812,74.0,24.1,4594126.0
Jovan Zelenbaba,Northwestern St.,5,-6.6031,76.0,19.1,4594125.0
Robert Chougkaz,Northwestern St.,7,-4.94697,81.0,14.4,4594128.0
Mika Adams-Woods,Cincinnati,1,1.43513,75.0,19.4,4431831.0
Kane Milling,UC Davis,14,0.47655,76.0,12.9,4593062.0
Zane Meeks,San Francisco,17,1.95617,81.0,18.6,4593064.0
David Skogman,Buffalo,12,2.66532,82.0,14.2,4593409.0
Ben Roderick,Ohio,17,-3.76157,77.0,16.8,4593447.0
Jaxon Brenchley,Utah,6,2.45354,77.0,13.9,4592431.0
Kobe Langley,UNC Greensboro,9,2.15312,73.0,20.8,4433026.0
Eli Lawrence,Middle Tennessee,3,1.39449,77.0,20.8,4432029.0
Josh Kunen,San Francisco,17,2.80241,80.0,12.3,4432026.0
Shamar Wright,SIU Edwardsville,3,-1.23014,79.0,19.6,4433129.0
Mickey Pearson Jr.,Ball St.,7,-6.19836,79.0,20.6,4431796.0
Yuri Collins,Saint Louis,9,3.18811,72.0,24.3,4432957.0
Samuell Williamson,Louisville,7,-1.06848,79.0,21.0,4431676.0
Gibson Jimerson,Saint Louis,14,2.43749,77.0,19.4,4432008.0
Terrence Hargrove Jr.,Saint Louis,17,0.0703658,76.0,17.1,4592484.0
Quinn Slazinski,Iona,3,-0.630734,81.0,22.9,4431768.0
Phoenix Ford,UTSA,16,-2.30579,80.0,11.6,4278381.0
Seth Pinkney,FIU,13,-1.13554,85.0,11.5,4593362.0
Kendall Lewis,Illinois St.,15,1.86318,79.0,17.6,4593851.0
Justin Webster,UNLV,14,-0.0690095,75.0,14.6,4432918.0
Darrius Hughes,Nebraska Omaha,7,-10.5487,79.0,27.0,4593782.0
Mysta Goodloe,USC Upstate,6,-0.441798,77.0,20.8,4592766.0
Immanuel Allen,Abilene Christian,11,0.546044,76.0,21.0,4593749.0
Marlon Ruffin,Portland St.,3,-4.12881,77.0,24.3,4593785.0
Jalyn McCreary,South Florida,15,0.872323,80.0,20.4,4432050.0
Wildens Leveque,South Carolina,13,5.10911,82.0,14.8,4431805.0
Jaime Jaquez Jr.,UCLA,3,7.22159,79.0,23.8,4432848.0
De'Sean Allen-Eikens,New Orleans,7,-5.47237,78.0,17.3,4593738.0
Goran Miladinovic,Marshall,7,-4.80034,84.0,16.5,4592865.0
Taz Sherman,West Virginia,9,2.85635,76.0,27.5,4592307.0
Zach Iyeyemi,Houston Christian,8,-8.44031,81.0,21.0,4593753.0
Brady Danielson,North Dakota,17,-2.2761,76.0,14.2,4593736.0
Malachi Rhodes,Bucknell,7,-7.87222,80.0,21.9,4433064.0
Xander Rice,Bucknell,1,-2.49509,75.0,23.1,4593080.0
James Bishop,George Washington,1,-2.97727,74.0,26.7,4431770.0
Edward Oliver-Hampton,South Carolina St.,7,-2.39835,80.0,20.3,4592668.0
Chris Shelton,Youngstown St.,14,-3.99444,76.0,19.3,4592667.0
Chandler Turner,Bowling Green,3,-0.479441,79.0,17.1,4432130.0
Trey Diggs,Bowling Green,14,-1.94497,78.0,16.7,4593401.0
Ryan Langborg,Princeton,12,2.30933,76.0,15.2,4597863.0
Jawaun Daniels,Prairie View A&M,3,-1.53106,79.0,23.7,4594103.0
Trae Hannibal,Murray St.,6,2.80445,74.0,23.2,4593008.0
Robert Jones,Iowa St.,16,2.37331,81.0,17.7,4593702.0
Jordan King,East Tennessee St.,11,0.454424,72.0,21.2,4593372.0
Rob Higgins,St. Francis NY,1,-2.74081,73.0,20.8,4593104.0
Trey Quartlebaum,St. Francis NY,10,-6.72439,74.0,14.6,4433061.0
Ali Ali,Akron,1,-1.75746,80.0,24.3,4592700.0
Jermaine Hamlin,Eastern Illinois,16,-7.83232,82.0,21.5,4592609.0
Greg Tribble,Akron,5,-0.394404,73.0,17.9,4592697.0
Hakim Hart,Maryland,12,6.9724,80.0,14.2,4431984.0
Luke Smith,Belmont,11,0.801347,72.0,16.2,4402243.0
Trey Hutcheson,Albany,14,1.14861,77.0,13.3,4433012.0
Alex Ducas,Saint Mary's,14,3.57535,79.0,17.8,4432971.0
Kyle Bowen,Saint Mary's,12,7.32668,80.0,9.4,4431902.0
Nahiem Alleyne,Virginia Tech,14,1.89135,76.0,17.3,4432934.0
Jalen Cone,Northern Arizona,1,-4.21763,71.0,31.9,4431698.0
Hunter Cattoor,Virginia Tech,11,6.78334,75.0,15.1,4432954.0
Keaston Willis,Louisiana Tech,14,2.12061,75.0,18.2,4593756.0
Demond Robinson,Kennesaw St.,15,-2.60639,80.0,22.5,4433069.0
Ismael Massoud,Kansas St.,14,1.26863,81.0,15.3,4431761.0
Donovan Ivory,Green Bay,3,-2.71033,78.0,27.7,4592915.0
Ody Oguama,Cincinnati,8,1.03829,81.0,18.6,4432075.0
Tre' Williams,Oregon St.,4,-5.50105,78.0,16.9,4432873.0
Tasos Kamateros,South Dakota,3,0.99571,80.0,21.5,4593838.0
Charles Pride,Bryant,3,4.16509,76.0,23.0,4593263.0
Michael Green III,Robert Morris,1,-4.16894,71.0,20.8,4593261.0
Jake LaRavia,Wake Forest,2,8.89585,80.0,21.6,4592691.0
Seikou Sisoho Jawara,Weber St.,11,-0.989357,75.0,19.4,4593773.0
Armaan Franklin,Virginia,1,2.0653,76.0,22.7,4431744.0
Bryson Etienne,Texas Southern,1,-0.889548,75.0,22.8,4594120.0
Eric Lovett,FIU,10,-5.28186,77.0,24.0,4592851.0
Jamon Battle,UNC Asheville,15,-1.98581,77.0,16.0,4592754.0
Ryan Moffatt,Colgate,12,3.80182,78.0,13.6,4593087.0
Trent Stephney,UNC Asheville,5,-2.88382,74.0,18.0,4592753.0
Tahj Small,Tarleton St.,3,-1.87471,77.0,24.4,4593929.0
Yahuza Rasas,Texas Southern,7,-1.91003,79.0,16.1,4594119.0
Jarred Hyder,California,4,-5.39549,75.0,15.5,4593047.0
Evan Taylor,Lehigh,3,0.101675,78.0,21.1,4432122.0
Ezra Manjon,UC Davis,1,-2.20834,71.0,28.6,4432033.0
Max Fiedler,Rice,2,4.65929,83.0,23.0,4431964.0
Ade Adebayo,UC Davis,15,-0.159826,77.0,8.2,4592953.0
Zach Crisler,Fairfield,17,-2.1979,81.0,16.5,4431936.0
Braden Bell,Marist,3,-1.32655,79.0,17.3,4593334.0
Anthony Holland,Fresno St.,12,6.2393,77.0,14.1,4593051.0
Brandton Chatfield,Seattle,0,2.27744,82.0,13.8,4592671.0
Jacob Toppin,Kentucky,2,6.68544,81.0,15.8,4592461.0
Jake Betlow,Lehigh,14,-4.73746,74.0,17.2,4593111.0
Darrious Agnew,Alcorn St.,8,-3.15603,80.0,25.3,4593690.0
Reed Fenton,Lehigh,10,-4.7336,76.0,17.1,4431962.0
Noah Williams,Washington St.,5,0.673422,77.0,24.8,4432850.0
Tylan Pope,Tulane,2,5.80178,78.0,14.7,4593827.0
Nobal Days,Tulane,16,1.26676,81.0,10.6,4432886.0
Alex Hemenway,Clemson,14,0.701347,76.0,15.4,4433001.0
Jamir Chaplin,South Florida,6,2.2263,77.0,21.1,4431925.0
B.J. Mack,Wofford,2,3.80339,80.0,30.8,4431837.0
Chase Hunter,Clemson,11,1.32935,76.0,16.8,4592184.0
Al-Amir Dawes,Clemson,14,2.86928,74.0,19.6,4431730.0
DJ Harvey,Detroit Mercy,3,-1.72713,78.0,18.3,4278010.0
Kofi Cockburn,Illinois,8,4.73934,84.0,30.7,4432828.0
Devante Carter,Nicholls St.,6,0.0955887,75.0,22.2,4593407.0
Ken Evans,Jackson St.,5,-1.58048,77.0,21.5,4594079.0
Jonas James III,Jackson St.,5,-4.46234,72.0,20.8,4594075.0
Rocket Watts,Mississippi St.,17,-3.302,74.0,18.9,4432818.0
Malik Hall,Michigan St.,2,4.49219,80.0,20.6,4592693.0
Tyrell Jones,South Alabama,5,-4.87094,73.0,19.1,4432853.0
Javon Franklin,South Alabama,13,6.7899,79.0,20.8,4592747.0
Allen Flanigan,Auburn,7,-1.85,78.0,17.4,4432874.0
Jaylin Williams,Auburn,3,3.03799,80.0,20.3,4431776.0
Julius Marble II,Michigan St.,8,1.11737,81.0,21.2,4433031.0
Damion Baugh,TCU,9,3.05768,76.0,23.3,4431766.0
Ellis Magnuson,Eastern Washington,5,-5.68204,74.0,11.6,4592585.0
Dereon Seabron,N.C. State,2,4.1215,79.0,26.3,4431811.0
Boogie Ellis,USC,1,2.33535,75.0,21.8,4593106.0
Titus Wright,Western Michigan,8,-1.68493,80.0,14.7,4593454.0
Amari Davis,Missouri,1,-2.1367,74.0,18.7,4431937.0
EJ Jarvis,Yale,8,2.85744,80.0,22.7,4431872.0
Josh Corbin,Winthrop,10,-8.54262,75.0,19.9,4592773.0
Dante Wilcox,FIU,16,-1.72908,78.0,14.1,4432143.0
August Mahoney,Yale,17,-2.80016,76.0,15.9,4593361.0
Spencer Jones,Stanford,12,6.17378,79.0,20.7,4592427.0
Chase Claxton,Winthrop,15,2.06098,79.0,9.3,4431928.0
James Keefe,Stanford,13,3.43836,81.0,13.5,4433018.0
Christian Ings,Norfolk St.,5,-3.22595,74.0,23.1,4431996.0
Oumar Ballo,Arizona,13,6.76896,84.0,19.2,4594109.0
Josiah Allick,UMKC,15,-1.93589,80.0,24.5,4593968.0
Sam Martin,UMKC,10,-4.87247,72.0,10.4,4593971.0
Shykeim Phillips,UNC Wilmington,6,3.32255,74.0,21.2,4592975.0
Keli Leaupepe,Loyola Marymount,3,1.37844,78.0,18.8,4432031.0
Anton Watson,Gonzaga,2,9.47462,80.0,20.8,4431705.0
Darion Spottsville,Eastern Michigan,6,0.0869007,76.0,15.5,4593425.0
Jason Gibson,Towson,11,4.02604,73.0,17.2,4592985.0
Charles Thompson,Towson,0,6.91474,79.0,19.7,4433103.0
Keeshawn Barthelemy,Colorado,1,2.01059,74.0,22.0,4581504.0
Ben Wight,William & Mary,15,-0.335045,81.0,21.8,4433119.0
N'Faly Dante,Oregon,13,5.9613,83.0,20.4,4592401.0
Trey Calvin,Wright St.,11,0.679986,72.0,21.4,4431915.0
Demarkus Lampley,Sam Houston St.,14,-0.438662,74.0,17.5,4594132.0
Luke Bumbalough,Ball St.,14,-1.16724,73.0,15.9,4593397.0
Jay Heath,Arizona St.,1,1.56909,75.0,20.0,4592181.0
Julian Rishwain,San Francisco,12,3.33709,77.0,16.4,4431875.0
CJ Felder,Florida,15,5.70276,79.0,14.1,4592180.0
Tre Jackson,Iowa St.,11,1.55718,72.0,16.5,4431999.0
KK Curry,Tennessee Martin,7,-3.79034,78.0,23.1,4431933.0
Drew Timme,Gonzaga,2,6.3368,82.0,29.6,4431695.0
Jacob Johnson,UMKC,17,-2.80278,77.0,10.3,4593970.0
Anthony Walker,Miami FL,6,1.42282,81.0,21.4,4592205.0
Keishawn Davidson,Tennessee Tech,1,-1.03089,74.0,17.0,4593730.0
Anthony Selden,Gardner Webb,6,1.48509,78.0,18.1,4592663.0
Tom Welch,Loyola Chicago,2,5.72346,80.0,20.0,4432136.0
Ja'Monta Black,Missouri St.,12,1.71689,76.0,13.6,4592709.0
Marquise Kennedy,Loyola Chicago,6,3.9876,73.0,21.6,4433019.0
Abdoul Karim Coulibaly,St. Bonaventure,3,-1.44246,81.0,21.7,4432889.0
Coreyoun Rushin,Chicago St.,7,-1.63631,77.0,22.5,4592597.0
Tyem Freeman,UCF,12,2.11408,78.0,18.3,4897194.0
Jacco Fritz,Canisius,15,1.91485,82.0,15.9,4593148.0
Jovan Stulic,Little Rock,12,0.187776,77.0,12.8,4432118.0
Kobe Brown,Missouri,2,4.79521,80.0,23.5,4431752.0
Armon Harried,Canisius,7,-3.09058,77.0,23.0,4593149.0
Tyler Wahl,Wisconsin,2,5.7384,81.0,20.7,4433105.0
Dontavius King,North Carolina Central,16,-3.53656,79.0,23.4,4598389.0
Blaze Nield,Utah Valley,11,-0.0914071,73.0,16.2,4593745.0
Nate Lliteras,Longwood,3,-0.121402,79.0,17.2,4432036.0
Osborn Shema,Iona,13,3.47976,84.0,14.3,4703016.0
Luke Ruggery,Saint Francis,10,-7.72803,71.0,13.8,4593116.0
Josh Cohen,Saint Francis,8,1.47058,82.0,24.0,4593120.0
Brad McCabe,Saint Francis,14,-2.32922,78.0,14.7,4593119.0
Rienk Mast,Bradley,2,4.10631,81.0,22.4,4592677.0
Ville Tahvanainen,Bradley,10,0.422309,76.0,16.0,4433093.0
Alondes Williams,Wake Forest,9,6.22118,77.0,29.8,4592216.0
Noel Coleman,Hawaii,1,0.714017,73.0,24.4,4593795.0
James Jean-Marie,Portland St.,15,-5.27383,80.0,25.3,4593797.0
Malik Porter,Idaho St.,8,-2.96541,77.0,26.7,4592594.0
Hunter Woods,Elon,6,0.0916725,78.0,16.3,4592950.0
Tarik Cool,Idaho St.,5,-4.62876,76.0,25.0,4592593.0
Zac Ervin,Elon,10,-4.389,77.0,16.9,4431950.0
Devon Dunn,Fairleigh Dickinson,1,-5.60306,73.0,21.0,4431949.0
Brandon Rush,Fairleigh Dickinson,1,-4.85554,75.0,27.6,4593240.0
Dylan van Eyck,Iona,2,6.18017,80.0,18.2,4593320.0
Caleb Fields,Arkansas St.,5,-2.25587,72.0,17.2,4593869.0
Stephen Clark,The Citadel,0,1.93634,80.0,18.9,4593469.0
Trey Anderson,San Jose St.,14,-1.56564,79.0,17.2,4593007.0
Cobe Williams,Louisiana Tech,1,0.835293,72.0,22.6,4592858.0
Bryce Williams,Oklahoma St.,9,2.05144,74.0,25.1,4593018.0
Miles Jones,UNC Greensboro,7,-1.25603,78.0,18.6,4592762.0
Terrell Williams,Southern,12,-0.392976,78.0,16.8,4594110.0
Jalen Gaffney,Connecticut,5,0.782259,75.0,20.6,4431732.0
Seth Lundy,Penn St.,3,1.28432,78.0,21.4,4431775.0
Rahsaan Edwards,South Carolina St.,5,-2.1489,71.0,19.5,4593417.0
Dahmir Bishop,Saint Joseph's,4,-4.67307,77.0,15.0,4701028.0
Tyler Stephenson-Moore,Stony Brook,12,0.530719,75.0,12.5,4592935.0
Mouhamadou Gueye,Pittsburgh,0,5.04143,81.0,18.8,4592933.0
Daniel Ogoro,Youngstown St.,17,-3.91579,77.0,10.0,4593433.0
Daniel Ramsey,Tennessee Tech,8,-3.40966,81.0,22.4,4431762.0
E.J. Liddell,Ohio St.,2,10.0122,79.0,30.5,4432821.0
Adonis Arms,Texas Tech,6,7.08318,77.0,19.7,4406489.0
Joe French,Bethune Cookman,14,-5.00678,77.0,22.1,4592996.0
Jaelen House,New Mexico,9,3.7616,72.0,29.7,4431763.0
Desmond Williams,Troy,14,0.621312,73.0,16.0,4593930.0
Lars Thiemann,California,8,1.63718,85.0,19.2,4433099.0
Zach Freemantle,Xavier,3,2.54668,81.0,20.4,4432869.0
Marcus Domask,Southern Illinois,9,3.9738,78.0,26.1,4431943.0
Trent Brown,Southern Illinois,14,-1.1885,74.0,10.0,4592722.0
Josh Endicott,Tennessee Martin,7,-2.33315,81.0,18.8,4592295.0
Emmanuel Adedoyin,North Florida,5,-2.73332,74.0,14.7,4594333.0
Ja'Mier Fletcher,Wagner,13,-1.32163,79.0,12.0,4593038.0
Alphonso Anderson,Pacific,3,0.50571,78.0,25.5,4066575.0
Trayce Jackson-Davis,Indiana,0,10.2661,81.0,26.2,4431684.0
Luke Phillips,Louisiana Monroe,12,-1.5736,82.0,14.9,4593912.0
Langston Powell,Louisiana Monroe,17,-4.61428,77.0,13.0,4593909.0
Jalen Warren,Illinois Chicago,1,-4.222,75.0,21.7,4592250.0
Chance Hunter,Cal Baptist,17,-3.44868,78.0,20.5,4592943.0
Joshua Morgan,USC,0,3.40712,83.0,14.4,4431830.0
Romelle Mansel,Long Beach St.,16,-5.11906,81.0,14.3,4431835.0
Jalen White,UNC Greensboro,7,-4.70908,77.0,20.1,4594139.0
Emmanuel Izunabor,High Point,16,-3.99856,80.0,16.1,4431998.0
Bryant Randleman,High Point,6,-0.100564,75.0,14.4,4592743.0
Yarden Willis,Binghamton,16,-8.30621,84.0,19.2,4592897.0
Kuany Kuany,California,6,2.95763,81.0,16.8,4432021.0
David Roddy,Colorado St.,2,9.66648,77.0,28.8,4593041.0
DeAngelo Epps,Hampton,3,-2.31216,77.0,16.0,4597989.0
Robbie Beran,Northwestern,12,3.20609,81.0,13.7,4431737.0
James Rojas,Alabama,6,3.33606,80.0,18.8,4592740.0
Jaylen Forbes,Tulane,11,2.84049,77.0,22.5,4431722.0
Jaden Shackelford,Alabama,14,2.79745,75.0,21.9,4432846.0
Juwan Gary,Alabama,15,4.12808,78.0,18.7,4431707.0
Ben Sheppard,Belmont,12,2.1197,78.0,22.2,4433076.0
Noah Fernandes,Massachusetts,9,0.474898,71.0,25.0,4431791.0
Juwan Perdue,Jacksonville St.,8,-2.93736,78.0,17.4,4433059.0
PJ Fuller,Washington,5,-0.404149,76.0,19.5,4431717.0
Caleb Mills,Florida St.,9,2.094,76.0,25.5,4412211.0
Francisco Farabello,TCU,14,4.05644,75.0,12.3,4431952.0
Aidan Igiehon,Grand Canyon,16,-6.41875,82.0,18.2,4431697.0
Josh Nickelberry,La Salle,14,-3.25367,76.0,20.9,4432845.0
Steele Venters,Eastern Washington,11,0.697232,79.0,22.2,4592579.0
Diante Smith,South Alabama,14,0.564186,78.0,13.0,4431819.0
Taryn Todd,New Mexico,6,1.66073,77.0,16.6,4592288.0
Dequan Morris,Arkansas Pine Bluff,6,-2.06679,76.0,25.1,4594059.0
Ethan Anderson,USC,17,0.476255,73.0,14.7,4431808.0
Kshun Stokes,Arkansas Pine Bluff,1,-5.25602,74.0,15.3,4594054.0
Markedric Bell,Prairie View A&M,15,-0.0134664,80.0,13.2,4594055.0
Mylik Wilson,Texas Tech,6,7.99594,75.0,13.0,4432902.0
Caleb Asberry,Texas St.,11,4.16012,75.0,24.1,4593924.0
Isiah Small,Texas St.,3,2.11453,80.0,22.6,4593923.0
Micah Thomas,Indiana St.,1,-1.604,72.0,21.2,4897467.0
Clayton Carpenter,Lamar,16,-4.90006,81.0,11.8,4703632.0
Russhard Cruickshank,Eastern Kentucky,10,-4.47527,72.0,15.6,4593473.0
Jalen Bridges,West Virginia,12,6.7154,79.0,15.5,4432946.0
Aaron Estrada,Hofstra,9,4.01628,75.0,27.8,4593385.0
Matthew Lee,Saint Peter's,5,-2.31503,72.0,20.3,4593388.0
Ayinde Hikim,UMass Lowell,9,-3.24174,71.0,26.9,4431843.0
Mike DePersia,IU Indy,5,-3.94715,71.0,14.8,4432965.0
Taveion White,Binghamton,16,-2.6426,80.0,13.0,4432139.0
Jordan Wright,Vanderbilt,6,3.50426,78.0,22.9,4432920.0
Julien Wooden,James Madison,3,-2.51447,80.0,17.0,4433127.0
Zion Tordoff,Houston Christian,8,-4.399,80.0,16.0,4593335.0
Tyler Morman,Southern Miss,16,-6.38174,80.0,10.7,4593131.0
Jacob Germany,UTSA,8,-2.82352,83.0,28.9,4432877.0
Luka Barisic,Western Illinois,3,-3.81178,82.0,25.1,4593286.0
Omar Payne,Illinois,0,3.90453,82.0,15.0,4432825.0
Austin Crowley,Mississippi,5,-1.22311,77.0,19.5,4431758.0
Bahaide Haidara,St. Francis NY,15,-1.82179,78.0,11.5,4592440.0
Jalen Graham,Arizona St.,8,2.81073,81.0,25.8,4432855.0
Hall Elisias,Bryant,0,5.40786,80.0,16.7,4593267.0
Khalil Robinson,Howard,5,-4.44734,72.0,13.3,4432102.0
William FitzPatrick,Sacramento St.,10,-3.42672,75.0,15.2,4592634.0
Charles Smith IV,Old Dominion,17,-3.38634,77.0,18.1,4431798.0
Khalyl Waters,Troy,3,-0.999083,77.0,21.1,4593931.0
Jack Forrest,Saint Joseph's,17,-3.34667,77.0,16.9,4701032.0
Nick Caldwell,Southeastern Louisiana,17,-4.14175,79.0,16.8,4594148.0
Tyler Cochran,Ball St.,6,0.976631,74.0,24.8,4431930.0
Jakevan Leftridge,Troy,6,0.684028,79.0,13.7,4432030.0
Kruz Perrott-Hunt,South Dakota,1,-1.69058,75.0,24.4,4394666.0
Terrell Burden,Kennesaw St.,9,-0.881451,70.0,25.7,4592262.0
Nate Jenkins,Green Bay,1,-3.99427,74.0,18.5,4592209.0
J.J. Miles,East Carolina,10,-2.60101,79.0,16.4,4592967.0
Tremont Robinson-White,East Carolina,5,0.402316,73.0,18.0,4592968.0
Nyzaiah Chambers,Norfolk St.,7,-2.433,79.0,15.5,4593404.0
Leslie Nkereuwem,Longwood,8,-2.10111,79.0,24.1,4432064.0
Dame Adelekun,Dartmouth,2,6.01609,80.0,24.0,4702963.0
Allen Powell,Rider,1,-2.06396,74.0,20.1,4593364.0
Nate Ogbu,Dartmouth,7,-1.8652,79.0,15.1,4593315.0
Hunter Goodrick,South Dakota,15,0.93629,79.0,17.6,4593836.0
Nikc Jackson,Air Force,7,-1.3047,80.0,22.1,4593025.0
Daryl Anderson,Norfolk St.,17,-4.11638,78.0,10.2,4593406.0
Masai Olowokere,Central Arkansas,17,-3.08894,77.0,15.3,4596536.0
Caleb Burgess,Hofstra,5,-4.33516,75.0,12.6,4592954.0
Josh Vazquez,Montana,10,-3.96793,75.0,15.4,4592603.0
Kyle Owens,Montana,17,-7.40741,80.0,18.6,4592602.0
Kadin Shedrick,Virginia,0,7.03906,83.0,17.1,4431710.0
CJ Wilbourn,Wright St.,17,-5.13306,79.0,13.2,4432141.0
Kalil Thomas,UMass Lowell,17,-0.907633,77.0,17.0,4592912.0
Connor Nelson,American,6,-0.200256,78.0,16.3,4593072.0
Jordan Jones,Cornell,3,-0.701232,77.0,24.6,4593310.0
Marcus Filien,Cornell,15,-3.7491,79.0,8.0,4593307.0
LaQuan Butler,UT Rio Grande Valley,10,-8.8301,72.0,23.4,4594143.0
Bas Leyte,UNC Greensboro,8,2.44022,82.0,21.7,4593682.0
EJ Williams,Alabama A&M,16,-2.43705,82.0,19.1,4594016.0
Louis Tang,VMI,16,-10.4168,76.0,17.0,4593711.0
Garrett Hicks,Alabama A&M,1,-1.10172,72.0,21.8,4594014.0
Camden Vander Zwaag,Air Force,14,-2.46761,76.0,15.4,4593028.0
Kassim Nicholson,Tennessee St.,3,-0.14003,79.0,19.0,4593280.0
Kmani Doughty,New Orleans,14,-0.78588,77.0,17.1,4432969.0
Raquan Brown,South Carolina St.,7,-5.92826,75.0,14.9,4432948.0
Rodney Carson Jr.,New Orleans,10,-5.90718,75.0,12.6,4593813.0
Dajuan Harris Jr.,Kansas,5,4.89167,73.0,13.1,4431983.0
Tyler Thomas,Sacred Heart,1,-3.0037,75.0,26.4,4593126.0
R.J. McGee,Tulane,12,3.13408,77.0,11.0,4593828.0
Sean Yoder,Navy,5,-2.41197,75.0,16.9,4433132.0
Tyler Nelson,Navy,3,1.0914,78.0,22.1,4593139.0
P.J. Roach Jr.,Navy,4,-4.55912,73.0,7.6,4593142.0
Jaylen Walker,Navy,3,0.126572,77.0,15.5,4593141.0
Daniel Deaver,Navy,7,-0.0507316,80.0,28.2,4593145.0
Patrick Dorsey,Navy,6,1.46827,77.0,16.9,4593143.0
Neal Quinn,Lafayette,2,3.75552,84.0,28.6,4593100.0
Leo O'Boyle,Lafayette,14,-5.32481,79.0,19.7,4432065.0
Ethan Brittain-Watts,Boston University,10,-5.00138,74.0,15.4,4431909.0
Mervin James,Rider,3,-0.702798,79.0,25.3,4592283.0
C.J. Brim,North Alabama,1,-2.08298,69.0,21.6,4592284.0
Brandon Newman,Purdue,10,1.67007,77.0,19.5,4592726.0
Jalen Thomas,Georgia St.,7,1.46615,82.0,17.4,4593903.0
Alonzo Verge Jr.,Nebraska,9,4.53219,75.0,31.8,4592358.0
Keshad Johnson,San Diego St.,15,5.55286,79.0,16.5,4431786.0
Trey Pulliam,San Diego St.,5,0.696233,75.0,20.1,4593083.0
James Moors,Colorado St.,13,3.39745,82.0,17.8,4593039.0
Isaiah Stevens,Colorado St.,9,3.91878,72.0,23.6,4432117.0
Kyle Rose,Fordham,14,1.67981,76.0,13.9,4592315.0
Wheza Panzo,Stetson,14,-0.723856,79.0,10.9,4592296.0
Fousseyni Drame,Saint Peter's,15,2.46769,79.0,15.8,4432970.0
Daryl Banks III,Saint Peter's,1,1.54725,75.0,22.4,4593386.0
Dylan Disu,Texas,0,5.10385,81.0,22.2,4432866.0
Charlie Weber,East Tennessee St.,12,-0.0830277,81.0,12.6,4593666.0
Vonnie Patterson,East Tennessee St.,17,-2.82717,76.0,13.5,4593664.0
Scotty Pippen Jr.,Vanderbilt,9,6.66926,75.0,34.4,4431785.0
Mykel Derring,Merrimack,14,-2.12968,74.0,13.0,4594254.0
Mikey Watkins,Merrimack,5,-4.27083,71.0,23.2,4594256.0
Devin Jensen,Merrimack,17,-4.53302,77.0,10.9,4594261.0
Kareem Reid,Gardner Webb,0,2.29853,81.0,23.6,4592662.0
Damani McEntire,Bethune Cookman,4,-0.273765,76.0,15.8,4592639.0
Blondeau Tchoukuiegno,New Hampshire,1,-0.628683,74.0,21.5,4593989.0
Miles James,Cal St. Northridge,4,-5.92529,78.0,15.8,4592972.0
Kyle Rode,Liberty,11,2.05868,79.0,18.4,4592272.0
Shiloh Robinson,Liberty,15,1.46284,79.0,17.6,4592271.0
Charles Coleman,Saint Joseph's,15,-0.315901,84.0,14.4,4431807.0
Ludgy Debaut,East Carolina,16,1.28305,84.0,10.7,4592970.0
Andrei Savrasov,Georgia Southern,3,-0.188472,79.0,23.2,4433073.0
Russel Tchewa,South Florida,8,-3.99953,84.0,19.4,4432888.0
Terrence Shannon Jr.,Texas Tech,11,4.72875,78.0,22.1,4432847.0
Clarence Nadolny,Texas Tech,6,4.11957,75.0,16.0,4431841.0
Tyreek Smith,Oklahoma St.,13,6.13234,79.0,14.5,4431764.0
Donovan Clay,Missouri St.,12,4.43684,80.0,13.6,4592730.0
Sita Conteh,Coppin St.,10,-5.46995,80.0,15.1,4593442.0
Carter Murphy,Air Force,17,-3.32029,76.0,15.7,4432057.0
Nathan Scott,Eastern Michigan,3,0.342803,80.0,16.5,4595437.0
Maleeck Harden-Hayes,North Dakota St.,3,-2.00415,79.0,17.2,4431974.0
Travis Evee,Rice,11,0.105052,73.0,21.1,4593712.0
Austin Johnson,UC Irvine,0,3.55852,81.0,14.9,4592959.0
Noah Waterman,Detroit Mercy,12,0.165829,83.0,15.6,4593355.0
Justin Hohn,UC Irvine,11,2.59062,74.0,20.4,4433009.0
John McGriff,Binghamton,1,-5.01459,72.0,27.1,4432056.0
Brenton Mills,Bowling Green,17,-5.08857,75.0,12.6,4592891.0
Shakem Johnson,Tennessee St.,8,0.661648,79.0,16.6,4593726.0
Hakon Hjalmarsson,Binghamton,5,-10.0608,75.0,22.8,4592890.0
Adham Eleeda,Bryant,14,-1.07562,77.0,14.7,4593304.0
Julian Champagnie,St. John's,6,4.9245,80.0,25.5,4592479.0
Yvan Ouedraogo,Grand Canyon,16,-1.15319,81.0,15.3,4592706.0
Josh Oduro,George Mason,2,4.46996,81.0,30.3,4432068.0
Marcus Sasser,Houston,11,7.27437,74.0,24.7,4432107.0
Tanner Shulman,Lipscomb,17,-4.6477,76.0,8.9,4592275.0
Antonio Gordon,Southeastern Louisiana,7,-8.90708,81.0,21.0,4431972.0
Justin Winston,Robert Morris,3,-5.81969,80.0,22.7,4431854.0
Tre Gomillion,Cleveland St.,11,1.10974,76.0,20.2,4592883.0
RayQuan Evans,Florida St.,9,2.37174,76.0,19.4,4592190.0
Miles Brown,Ohio,14,-0.603817,73.0,11.6,4593449.0
Greg Outlaw,Pacific,3,-3.65319,76.0,19.2,4593242.0
Marvin Price,Western Carolina,7,-8.21398,77.0,25.9,4897358.0
Malik Curry,West Virginia,9,2.19933,73.0,28.3,4592874.0
Shon Robinson,San Jose St.,3,-0.362538,81.0,20.7,4593017.0
Joey Reilly,Sacred Heart,14,-5.3792,72.0,14.3,4593093.0
Yavuz Gultekin,San Diego,3,-1.91203,79.0,20.7,4432878.0
Mark Freeman,Illinois St.,5,-5.26106,70.0,25.4,4432988.0
Samari Curtis,Bowling Green,9,-2.44333,76.0,22.9,4431792.0
Akol Arop,Nebraska Omaha,7,-4.38132,77.0,17.2,4431820.0
Dru Kuxhausen,Northern Colorado,14,-0.0642517,71.0,15.8,4593774.0
"Cedric Henderson, Jr.",Campbell,3,0.342268,78.0,23.0,4592657.0
Quirin Emanga,Northeastern,17,-2.43011,77.0,11.6,4592982.0
Kevin Cross,Tulane,2,6.6827,80.0,27.6,4592703.0
T.J. Weeks Jr.,Massachusetts,12,2.12235,76.0,17.8,4433108.0
Joe Petrakis,Western Carolina,12,-1.47008,82.0,16.0,4592211.0
David Sloan,East Tennessee St.,9,1.37998,72.0,23.8,4592212.0
Tre Mitchell,Texas,2,7.09938,81.0,26.0,4432840.0
Naheem McLeod,Florida St.,13,-2.04266,88.0,17.6,4897004.0
Tyler Burton,Richmond,3,2.06641,79.0,24.0,4431914.0
Michael Moreno,Eastern Kentucky,3,1.76014,79.0,19.7,4431810.0
Damian Dunn,Temple,1,0.221532,77.0,27.6,4431946.0
Josh Pierre-Louis,UC Santa Barbara,6,0.898361,76.0,21.9,4431795.0
Curt Lewis,Eastern Kentucky,3,-3.24425,77.0,21.5,4593474.0
Tariq Balogun,Eastern Kentucky,13,-2.23031,82.0,13.0,4593475.0
Brayden Parker,Idaho St.,15,-1.84827,80.0,22.8,4592600.0
Isiaih Mosley,Missouri St.,11,3.93292,77.0,30.8,4432879.0
Isaiah Hill,Fresno St.,5,0.712575,72.0,20.7,4593830.0
Alex Morales,Wagner,6,5.10503,78.0,27.4,4593034.0
Dexter Akanno,Oregon St.,17,-4.24093,77.0,16.4,4431877.0
Symir Torrence,Syracuse,5,-1.81509,75.0,17.7,4431696.0
Marko Sarenac,Marshall,10,-2.09764,79.0,13.1,4592862.0
Brian Taylor,Central Michigan,12,0.15967,78.0,13.7,4593256.0
Shawn Stith,Cal St. Bakersfield,8,-2.65745,80.0,21.8,4594131.0
Deonte Billups,Purdue Fort Wayne,14,0.506805,76.0,20.1,4593718.0
Antonio Reeves,Illinois St.,11,-0.509367,77.0,26.9,4592686.0
Rylan Jones,Utah St.,11,2.19451,72.0,16.7,4431751.0
Jeremiah Davenport,Cincinnati,3,2.38896,79.0,24.0,4592898.0
Russell Dean,Hampton,5,-2.77158,76.0,29.2,4592665.0
Davion Warren,Texas Tech,6,5.35915,78.0,22.6,4592666.0
Tosan Evbuomwan,Princeton,2,5.81548,80.0,31.8,4597865.0
Axel Okongo,Eastern Michigan,16,-5.1143,84.0,8.0,4593012.0
Tyler Millin,Middle Tennessee,17,-0.999745,79.0,12.6,4592866.0
DJ Rodman,Washington St.,12,4.22017,78.0,12.4,4432103.0
Orlando Robinson,Fresno St.,2,9.59866,84.0,33.8,4593049.0
Lamar Wright,SIU Edwardsville,15,-2.35944,79.0,17.6,4593691.0
Jesus Carralero,Campbell,6,2.21192,80.0,27.1,4592654.0
Nick Fiorillo,Vermont,3,1.46343,79.0,17.7,4592946.0
Quinton Ford,UC Riverside,4,-7.74448,75.0,16.0,4592977.0
Jae'Lyn Withers,Louisville,7,-0.520406,80.0,21.1,4431740.0
Kalib Boone,Oklahoma St.,0,8.38778,81.0,27.4,4432854.0
Marcus Watson,North Carolina A&T,3,-2.39778,78.0,27.4,4897640.0
Rob Perry,Stetson,3,-3.26025,76.0,25.2,4592297.0
Keylan Boone,Oklahoma St.,12,4.56361,80.0,17.6,4431901.0
Avery Anderson III,Oklahoma St.,6,2.83969,75.0,25.2,4432851.0
Chris Ledlum,Harvard,3,-2.13876,78.0,31.9,4431728.0
Omari Moore,San Jose St.,9,1.69361,78.0,26.3,4593095.0
Blake Lampman,Oakland,14,-0.817885,75.0,12.9,4593343.0
Madison Monroe,Western Carolina,7,-9.1462,75.0,17.0,4897359.0
Noah Thomasson,Niagara,1,-2.41621,75.0,21.2,4593752.0
Dimon Carrigan,West Virginia,0,6.16718,81.0,12.6,4592849.0
Idan Tretout,Harvard,4,-6.58991,76.0,22.5,4432930.0
Isaiah Thompson,Purdue,14,2.98245,73.0,11.4,4431749.0
Luka Sakota,Harvard,14,-0.844675,78.0,19.1,4593336.0
Sean Conway,VMI,17,-1.04428,77.0,15.9,4593716.0
Jordyn Adams,Lamar,1,-5.01261,75.0,25.2,4432903.0
Daniel Mading,UC Riverside,17,-4.04462,81.0,12.4,4592978.0
Zyon Pullin,UC Riverside,9,1.96379,76.0,25.0,4592979.0
Ibrahima Diallo,San Jose St.,16,-7.00598,84.0,26.2,4592720.0
Calvin Solomon,Stephen F. Austin,6,4.6966,79.0,22.9,4594155.0
Charlie Daniels,Minnesota,16,0.413376,81.0,13.6,4594154.0
Joseph Yesufu,Kansas,5,1.48868,72.0,16.3,4431856.0
Jordan Minor,Merrimack,0,2.38518,80.0,29.3,4594263.0
Ziggy Reid,Merrimack,3,-2.93064,78.0,21.8,4594264.0
Jordan McKoy,Merrimack,17,-2.214,77.0,10.4,4594265.0
Justin Connolly,Merrimack,16,-4.43525,79.0,9.9,4594266.0
Christian Koloko,Arizona,0,11.2204,85.0,20.6,4431778.0
Keyshaun Langley,UNC Greensboro,9,2.73884,73.0,21.2,4431864.0
James Glisson III,Mercer,3,0.607732,78.0,21.5,4593676.0
Chase Johnston,Stetson,14,-0.12799,74.0,21.2,4612709.0
Kamar Robertson,Mercer,6,-1.02635,74.0,21.2,4593674.0
Donta Scott,Maryland,3,2.51465,80.0,20.6,4432852.0
Makhi Mitchell,Rhode Island,0,1.63128,81.0,25.7,4431708.0
Makhel Mitchell,Rhode Island,0,2.73746,82.0,23.4,4431777.0
Devan Cambridge,Auburn,17,2.89291,78.0,15.0,4567588.0
Kyle Sturdivant,Georgia Tech,1,-0.821507,74.0,17.8,4431774.0
Isaiah Mobley,USC,2,6.95074,82.0,22.6,4432815.0
Julien Franklin,Cal Poly,7,-3.3458,79.0,14.4,4431954.0
Jarod Lucas,Oregon St.,14,0.97225,76.0,18.8,4431765.0
Roman Silva,Oregon St.,8,0.628081,85.0,18.5,4592414.0
Sean Miller-Moore,Grand Canyon,15,2.04354,76.0,19.5,4592413.0
B.J. Maxwell,IU Indy,7,-4.2367,77.0,23.8,3922057.0
Chico Carter Jr.,South Carolina,1,-4.34906,75.0,23.4,4593683.0
Bryan Greenlee,Florida Atlantic,1,0.25134,72.0,19.0,4592701.0
Tyrese Samuel,Seton Hall,8,0.21512,82.0,21.4,4432105.0
Quinn Richey,Samford,14,-1.29594,77.0,11.1,4432096.0
Aaron Deloney,Vermont,11,2.43336,72.0,23.5,4431940.0
Charles Manning Jr.,South Alabama,9,-0.838592,76.0,32.0,4593021.0
Jake van der Heijden,Bucknell,14,-1.96472,81.0,12.6,4593081.0
Alex Timmerman,Bucknell,15,-4.10906,81.0,19.8,4593082.0
Da'Shawn Phillip,Maryland Eastern Shore,5,-1.63906,77.0,20.4,4593381.0
Kevon Voyles,Maryland Eastern Shore,6,-2.01815,75.0,20.8,4593380.0
Paul Mulcahy,Rutgers,9,2.51178,78.0,20.4,4432849.0
Jovan Blacksher Jr.,Grand Canyon,9,3.58457,71.0,25.2,4431826.0
Terreon Randolph,Grambling St.,16,-5.37427,80.0,17.4,4594073.0
Caleb Hunter,Mississippi Valley St.,1,-4.7473,70.0,24.5,4594088.0
Zahad Munford,Grambling St.,4,-6.6232,75.0,17.6,4594070.0
Tra'Michael Moton,Grambling St.,5,-2.22854,73.0,22.3,4594071.0
Cameron Brown,Saint Joseph's,17,1.14949,77.0,16.4,4592476.0
Hyunjung Lee,Davidson,12,4.36121,79.0,23.6,4592308.0
Elijah Pepper,UC Davis,1,0.635485,76.0,24.5,4432077.0
Aaron Murphy,UC Davis,16,-3.36026,78.0,11.7,4432060.0
Tristan Green,Denver,13,0.0663398,81.0,13.7,4593703.0
John Tonje,Colorado St.,12,0.501413,77.0,18.3,4593043.0
"Rudy Fitzgibbons, III",The Citadel,1,-2.89613,72.0,19.4,4593470.0
Antwon Jackson,Arkansas St.,8,-0.58695,79.0,14.3,4432004.0
Roscoe Eastmond,Southeastern Louisiana,5,-9.03629,69.0,19.7,4593700.0
Mo Arnold,Southern Miss,4,-7.43057,73.0,15.2,4592260.0
Caleb Grill,Iowa St.,12,4.92038,75.0,13.5,4431973.0
Kamari Williams,Miami OH,12,-0.932828,79.0,14.4,4592182.0
JJ Riggins,Quinnipiac,7,-4.81188,78.0,21.3,4432089.0
Brendan McGuire,Quinnipiac,3,-1.56217,79.0,16.2,4433042.0
Morgan Safford,Wofford,17,-0.498516,77.0,14.7,4593739.0
RaeQuan Battle,Montana St.,11,1.15795,77.0,24.0,4431726.0
Xavier Cork,TCU,13,4.91365,81.0,13.9,4593722.0
Bernardo Da Silva,Hawaii,8,2.5187,81.0,18.6,4431868.0
Malcolm Dandridge,Memphis,0,4.95891,81.0,23.4,4431738.0
Lester Quinones,Memphis,12,5.69857,77.0,16.1,4431720.0
Japannah Kellogg III,Green Bay,16,-3.49825,80.0,17.9,4592887.0
Lucas Stieber,Green Bay,5,-2.97757,75.0,13.9,4592889.0
Jordan Dingle,Penn,1,-1.26586,75.0,33.7,4593351.0
Keegan Records,Colgate,2,4.77009,82.0,20.1,4593089.0
Jonah Charles,Penn,14,-1.05611,76.0,15.5,4593350.0
Tevin Brewer,FIU,9,-0.0843624,68.0,27.7,4592852.0
Max Martz,Penn,12,1.42837,78.0,15.2,4593353.0
Lucas Monroe,Penn,8,-0.652787,78.0,17.4,4593352.0
Moulaye Sissoko,Dayton,13,3.48531,81.0,16.3,4431824.0
Quinten Post,Boston College,2,2.33029,84.0,24.7,4593016.0
Tyson Jackson,New Orleans,13,-1.47541,81.0,17.2,4431818.0
Golden Dike,Loyola MD,8,-0.987754,82.0,17.0,4593122.0
Iverson Molinar,Mississippi St.,9,3.34575,75.0,26.6,4432885.0
Quincy Olivari,Rice,3,-2.72255,75.0,21.2,4432070.0
Jan Zidek,Pepperdine,3,-2.14483,81.0,22.6,4593792.0
Jake Boggs,South Florida,10,-1.57269,79.0,15.8,4431899.0
Sedrick Altman,Rider,4,-4.31753,74.0,12.0,4432935.0
Owen McCormack,Presbyterian,17,-2.73533,81.0,15.1,4592758.0
Wilfried Likayi,Coastal Carolina,7,0.368262,81.0,15.6,4593814.0
Khydarius Smith,USC Upstate,8,-4.56702,80.0,16.7,4433079.0
Damari Monsanto,Wake Forest,14,3.90307,78.0,22.4,4432916.0
Garrick Green,Coastal Carolina,6,2.2743,78.0,17.2,4593880.0
Keishawn Brewton,Buffalo,10,-3.21681,74.0,20.6,4593881.0
Tristen Newton,East Carolina,9,4.26567,77.0,27.9,4592965.0
Sean Sutherlin,Minnesota,6,-0.2561,77.0,19.8,4593987.0
Brandon Suggs,East Carolina,6,1.4542,78.0,20.5,4592966.0
Wendell Moore Jr.,Duke,11,7.96656,77.0,20.3,4592187.0
Nick Johnson,New Hampshire,3,-1.3141,76.0,17.8,4593988.0
Trevin Dorius,Utah St.,13,2.61284,84.0,17.7,4066764.0
Jacob Groves,Oklahoma,12,0.922074,81.0,15.2,4592583.0
Oscar Tshiebwe,Kentucky,2,11.2162,81.0,24.8,4432827.0
B. Artis White,Western Michigan,5,-3.21258,70.0,22.1,4432137.0
Sean McNeil,West Virginia,14,2.58654,75.0,17.2,4592306.0
J'Wan Roberts,Houston,13,6.99356,79.0,11.8,4433068.0
D.J. Jeffries,Mississippi St.,3,1.87047,79.0,18.5,4431682.0
Akrum Ahemed,Canisius,17,-4.07911,77.0,16.8,4593147.0
Harry Morrice,North Carolina A&T,6,0.906805,83.0,14.6,4593415.0
Russell Jones Jr.,Winthrop,5,-0.784139,68.0,17.5,4592771.0
Marko Lukic,Little Rock,3,-0.382302,79.0,25.5,4432042.0
Isaiah Lewis,Northern Arizona,7,-7.77616,78.0,14.3,4592625.0
Hason Ward,VCU,0,5.71709,81.0,18.4,4592495.0
John-Michael Wright,High Point,1,-0.526443,72.0,28.9,4592741.0
Brenden Tucker,Charleston,1,-1.48005,75.0,23.3,4597990.0
Trevon Reddish,Presbyterian,5,-2.82531,76.0,20.3,4597991.0
Dan Petcash,Binghamton,14,-0.70248,76.0,11.8,4592893.0
Justin Moore,Villanova,11,5.49512,76.0,23.3,4592491.0
Chris Arcidiacono,Villanova,10,2.24677,77.0,11.7,4592490.0
C.J. Walker,UCF,15,1.39723,80.0,17.6,4592403.0
Boo Buie,Northwestern,9,1.98767,74.0,26.8,4592712.0
Christian Ray,La Salle,17,0.732928,78.0,12.0,4592448.0
Noah Carter,Northern Iowa,3,3.32556,78.0,28.1,4431923.0
Romar Reid,Manhattan,10,-6.7372,74.0,15.0,4593324.0
Cyrus Largie,Florida Gulf Coast,6,0.5192,75.0,18.7,4592249.0
Tre Williams,Duquesne,7,-0.653857,79.0,21.6,4432147.0
Jordan Walker,UAB,9,2.69061,71.0,33.4,4396656.0
Paxson Wojcik,Brown,17,-1.46901,77.0,17.7,4433125.0
Keith Clemons,Loyola Chicago,12,0.865947,73.0,12.6,4592695.0
Avery Felts,Arkansas St.,14,0.161439,74.0,11.7,4431959.0
Mario McKinney Jr.,New Mexico St.,5,-3.41399,73.0,23.4,4896928.0
Malcolm Farrington,Arkansas St.,12,-1.45319,75.0,16.2,4431957.0
Tray Jackson,Seton Hall,3,0.740491,82.0,17.7,4593010.0
Grant Ledford,Chattanooga,17,-0.618578,77.0,16.3,4433029.0
Jason Holliday,Southern,4,-3.08505,77.0,19.6,4593685.0
Vito Cubrilo,Northeastern,17,-3.75435,76.0,14.0,4592981.0
Sam Freeman,Pacific,8,-3.85726,82.0,17.5,4431771.0
Isaiah Powell,Vermont,3,1.33301,78.0,18.3,4592945.0
Jubrile Belo,Montana St.,2,2.37182,81.0,23.5,4592617.0
Tyson Walker,Michigan St.,9,1.4147,72.0,22.6,4432129.0
Dakota Rivers,Florida Gulf Coast,17,-0.783,80.0,14.2,4592248.0
Qwanzi Samuels,George Washington,17,-1.39843,81.0,10.7,4592251.0
Quincy Guerrier,Oregon,3,3.12026,80.0,19.9,4432996.0
Joseph Girard III,Syracuse,1,2.97094,73.0,22.5,4431746.0
Maks Klanjscek,Maine,1,-4.7321,76.0,20.5,4593967.0
Jaren Holmes,St. Bonaventure,1,0.960422,76.0,22.2,4701016.0
Zion Williams,Gardner Webb,6,-0.201152,76.0,18.8,4593965.0
Jesse Edwards,Syracuse,0,11.862,83.0,18.8,4431816.0
Max Abmas,Oral Roberts,1,0.724958,72.0,29.4,4432932.0
Elijah Lufile,Oral Roberts,13,-1.83154,79.0,20.5,4593822.0
Dominic Brewton,Alcorn St.,6,1.08007,76.0,21.5,4594037.0
Tre Armstrong,Cal Baptist,14,-0.12466,77.0,17.9,4593806.0
Reed Nottage,Cal Baptist,17,-1.31313,79.0,19.0,4593807.0
Michael Shanks,Belmont,12,-1.32788,78.0,14.6,4433075.0
Sam Hofman,Houston Christian,14,-4.07229,77.0,14.7,4592901.0
Tyson Etienne,Wichita St.,1,0.66923,74.0,23.7,4432887.0
Moses Bol,Milwaukee,13,-0.792761,85.0,9.6,4593840.0
Darin Green Jr.,UCF,14,2.13586,76.0,20.2,4593839.0
Harwin Francois,McNeese St.,17,-2.72774,77.0,11.6,4592723.0
Oscar Lopez Jr.,Central Michigan,1,-2.26814,76.0,23.2,4432040.0
T.J. Bickerstaff,Boston College,7,2.49554,81.0,18.3,4592778.0
Mate Okros,Drexel,12,2.17169,78.0,12.3,4592777.0
Hunter McIntosh,Elon,1,-2.27626,74.0,23.8,4592948.0
Gabe Quinnett,Idaho,10,-6.58039,76.0,11.0,4592592.0
Patrick McCaffery,Iowa,3,3.89702,81.0,20.8,4432836.0
DeWayne Cox,Prairie View A&M,6,0.831752,74.0,16.0,4594100.0
Essam Mostafa,Coastal Carolina,8,-0.714293,81.0,23.9,4433052.0
Jalen Hawkins,Norfolk St.,11,0.246351,74.0,22.7,4593134.0
Cam Spencer,Loyola MD,11,3.22653,76.0,24.3,4433083.0
Alfonso Plummer,Illinois,14,3.42415,73.0,20.4,4592434.0
Brendan Wenzel,Wyoming,12,2.26277,79.0,12.0,4433110.0
Branden Carlson,Utah,2,4.52709,84.0,24.9,4592435.0
Perry Cowan,Brown,12,-2.75882,76.0,12.7,4432960.0
Dan Friday,Brown,5,-4.35662,76.0,29.3,4593253.0
Alonzo Gaffney,Arizona St.,17,5.14576,81.0,11.5,4431694.0
Eric Dixon,Villanova,2,7.50859,80.0,21.3,4431718.0
Jamir Thomas,Youngstown St.,13,0.761585,80.0,17.8,4593431.0
Enrique Freeman,Akron,13,5.23669,79.0,23.0,4592699.0
Khristion Courseault,Houston Christian,1,-6.93282,74.0,23.0,4593063.0
Ta'lon Cooper,Morehead St.,9,1.9736,76.0,18.5,4432959.0
Grant Sherfield,Nevada,9,1.17387,74.0,29.7,4431794.0
David McCoy,Mississippi Valley St.,6,-0.747219,72.0,15.6,4593270.0
Denijay Harris,Southern Miss,7,-5.09699,78.0,15.2,4593268.0
LJ Bryan,Morehead St.,13,-0.803487,81.0,16.3,4593680.0
Ques Glover,Samford,9,1.36224,72.0,32.4,4592827.0
KJ Hunt,Denver,9,-2.75635,75.0,31.0,4593678.0
Kwane Marble,Loyola Marymount,17,-1.9546,77.0,15.6,4593129.0
Carson Bischoff,UT Arlington,10,-0.804181,76.0,12.9,4593101.0
Jesse Zarzuela,Coppin St.,1,-3.23948,75.0,27.6,4897759.0
Alec Woodard,Austin Peay,17,-0.381556,74.0,15.8,4432150.0
Liam McChesney,Illinois St.,3,-1.08822,82.0,15.0,4433038.0
Erik Czumbel,UTSA,17,-3.73854,75.0,12.5,4593285.0
Olivier Nkamhoua,Tennessee,2,6.06976,80.0,21.0,4431832.0
Jordan Skipper-Brown,Murray St.,0,2.98496,78.0,17.2,4593465.0
Coryon Mason,Abilene Christian,1,0.253984,72.0,21.1,4593750.0
George Dixon,Western Illinois,8,0.204103,77.0,13.7,4593468.0
Keondre Kennedy,UMBC,11,0.768837,78.0,22.8,4592938.0
Allan Jeanne-Rose,Fairfield,17,-1.37735,79.0,16.7,4593277.0
George Tinsley,Binghamton,17,-1.00867,78.0,14.6,4432126.0
Amadou Sylla,Tennessee Tech,8,-1.86814,80.0,17.6,4593732.0
Joel Brown,California,5,-0.00341274,75.0,16.4,4431787.0
Kenan Blackshear,Nevada,6,1.34017,78.0,17.6,4592846.0
Davonte Gaines,George Mason,2,4.80668,79.0,16.0,4431961.0
Kayne Henry,Jacksonville St.,3,1.51682,79.0,18.6,4593671.0
Hunter Dean,George Washington,13,0.695892,82.0,11.4,4593273.0
Jaxon Etter,Georgia,14,0.64733,76.0,11.9,4594269.0
Rodney Howard,Georgia Tech,8,1.54133,82.0,16.0,4433010.0
Casey Morsell,N.C. State,10,0.0260979,75.0,16.6,4431704.0
Ebby Asamoah,Delaware,14,1.94637,76.0,13.2,4597790.0
Tyler Robertson,Portland,9,3.93062,78.0,23.5,4592580.0
Kevin Easley Jr.,Duquesne,3,0.0861604,79.0,19.1,4398159.0
Isaiah Wong,Miami FL,11,1.72894,75.0,23.5,4431727.0
Sammy Hunter,Mississippi,17,-1.99842,81.0,16.4,4433011.0
Johnny Juzang,UCLA,3,2.96411,79.0,25.2,4432817.0
Will Baker,Nevada,15,-0.689409,84.0,24.5,4431691.0
Donovan Williams,UNLV,3,2.71209,78.0,28.7,4592304.0
Jalen Windham,Ball St.,14,-3.00041,77.0,22.0,4433123.0
Cameron Shockley-Okeke,Columbia,14,-4.40471,78.0,19.8,4593296.0
Nick Stampley,Troy,10,-2.78844,78.0,15.0,4593932.0
Joel Soriano,St. John's,0,5.27008,83.0,16.1,4592317.0
DJ Horne,Arizona St.,1,1.43997,73.0,22.1,4431993.0
Christian Braun,Kansas,2,9.24483,78.0,20.2,4431767.0
Tristan Enaruna,Iowa St.,15,2.07992,80.0,15.9,4431734.0
Jalen Wilson,Kansas,2,7.88397,80.0,19.2,4431714.0
Dae Dae Grant,Miami OH,1,0.574986,74.0,27.8,4593444.0
PJ Henry,Texas Southern,5,-1.57474,70.0,20.2,4431987.0
Jahcobi Neath,Wisconsin,10,-1.48979,76.0,13.2,4432066.0
Joe Toussaint,Iowa,9,3.81292,72.0,18.0,4432880.0
Kvonn Cramer,Hofstra,15,4.48813,78.0,15.2,4592957.0
Collin Cooper,Central Arkansas,14,-3.01313,74.0,16.7,4431932.0
Derrick Carter-Hollinger,Montana,17,-0.884448,77.0,16.4,4592605.0
Dischon Thomas,Colorado St.,3,3.88562,81.0,20.9,4593040.0
DQ Nicholas,Southeast Missouri St.,11,-0.0828553,73.0,16.8,4593687.0
Broc Finstuen,Cleveland St.,2,0.378394,76.0,21.2,4593788.0
Emmanuel Bandoumel,SMU,14,1.51197,76.0,18.4,4593107.0
Steve Settle III,Howard,3,-0.0655706,82.0,20.9,4704043.0
Cam Krystkowiak,Dartmouth,15,1.37428,81.0,16.3,4593313.0
Ty Gordon,Nicholls St.,11,-0.395877,73.0,28.1,4599257.0
Jahmir Young,Charlotte,11,3.67234,73.0,28.1,4433133.0
Caleb Stone-Carrawell,Austin Peay,11,-1.09099,79.0,24.3,4592841.0
Jordan Preaster,North Florida,5,-4.49137,78.0,23.3,4592995.0
Travion McCray,Western Carolina,9,-1.0571,73.0,23.5,4593720.0
Jalen Benjamin,Mount St. Mary's,1,-2.18625,70.0,25.9,4431903.0
Tyler Harris,Western Carolina,17,-2.42666,78.0,13.9,4593721.0
Ahmir Langlais,USC Upstate,8,-2.45009,80.0,22.7,4593724.0
Greg Dolan,Cornell,11,0.441292,75.0,14.9,4593308.0
Sam DeVault,Bellarmine,14,-6.16233,82.0,24.4,4432966.0
Marcus Tsohonis,VCU,1,-1.50719,75.0,20.9,4592438.0
Isaiah Palermo,Little Rock,3,-2.9236,77.0,20.6,4431834.0
Pierre Crockrell II,Pacific,5,-4.21678,72.0,18.8,4432962.0
Cameron Tucker,Alabama A&M,5,-4.06146,73.0,18.8,4594012.0
Kamdyn Curfman,VMI,14,-0.205777,73.0,19.9,4593713.0
Jalen Johnson,Alabama A&M,3,-1.90041,79.0,26.3,4594013.0
Douglas Wilson,South Dakota St.,2,1.77445,79.0,32.0,4593842.0
Tory San Antonio,Cal St. Fullerton,10,-0.0830545,75.0,10.5,4432108.0
Baylor Scheierman,South Dakota St.,11,7.17937,78.0,22.6,4593841.0
RayJ Dennis,Toledo,11,1.04582,74.0,20.5,4431941.0
Noah Freidel,South Dakota St.,11,-2.01783,76.0,28.1,4431956.0
Josiah-Jordan James,Tennessee,6,8.6694,78.0,18.0,4431685.0
Drew Pember,UNC Asheville,2,6.05279,82.0,27.8,4431793.0
Mahki Morris,Abilene Christian,11,1.89095,75.0,20.6,4593748.0
Chris Maidoh,Fairfield,13,2.75459,82.0,17.7,4593276.0
Jamison Overton,Weber St.,15,-1.51752,78.0,21.0,4593976.0
Airion Simmons,Abilene Christian,2,6.65544,77.0,29.3,4433077.0
Nathan Johnson,UMBC,15,-1.00801,79.0,14.0,4592939.0
Ben Krikke,Valparaiso,3,0.475167,81.0,24.5,4592733.0
Lagio Grantsaan,Morgan St.,3,-1.27633,80.0,21.5,4593392.0
Tanner Holden,Wright St.,3,0.971102,78.0,27.9,4431990.0
Collin Warren,McNeese St.,5,-5.62085,76.0,24.7,4593781.0
Bryson Langdon,Northern Kentucky,5,-3.35175,69.0,16.8,4593305.0
Lance Terry,Gardner Webb,11,1.03178,74.0,21.3,4432121.0
Chris Harris,Southeast Missouri St.,1,-3.3904,75.0,23.1,4593686.0
Sam Griffin,Tulsa,1,-0.866168,75.0,26.5,4432994.0
Nicolas Elame,UT Arlington,6,0.0256737,75.0,21.4,4593919.0
Chris Mann,Army,3,-3.05277,78.0,20.9,4593075.0
Carlos Paez,Austin Peay,5,-0.880571,70.0,15.7,4433055.0
Sean Bairstow,Utah St.,15,0.280671,80.0,19.5,4593102.0
Kuba Karwowski,Sam Houston St.,0,2.5783,86.0,14.8,4593103.0
Khalid Thomas,Portland St.,6,1.32104,82.0,23.6,4592361.0
Zeb Graham,Presbyterian,4,-5.72979,73.0,12.7,4592756.0
Mason Gillis,Purdue,12,6.44071,78.0,12.5,4431753.0
Dou Gueye,Louisiana,7,-2.1685,81.0,21.0,4593896.0
Reggie James,Coppin St.,15,-2.60536,76.0,10.7,4593000.0
Mike Peake,New Mexico St.,12,3.46708,79.0,14.7,4572450.0
Nick Ongenda,DePaul,8,1.24942,83.0,20.1,4431760.0
Josh Navarro,Fordham,1,-0.339304,70.0,17.2,4592316.0
Charlie Easley,South Dakota St.,12,4.55721,74.0,13.2,4592707.0
Carlos Marshall Jr.,Tennessee St.,1,-1.67937,78.0,24.5,4593725.0
Issac McBride,Oral Roberts,1,-1.58439,72.0,24.3,4431769.0
KJ Johnson,Lipscomb,5,-7.65209,75.0,21.8,4592273.0
Xavier Johnson,George Mason,5,0.0629263,73.0,19.0,4592439.0
Xavier Johnson,UT Rio Grande Valley,1,-5.67954,71.0,25.4,4597988.0
Qudus Wahab,Maryland,8,-0.618216,83.0,21.3,4431739.0
Timothy Ighoefe,Georgetown,16,1.28782,84.0,14.9,4431991.0
Myron Gardner,Little Rock,3,-1.92248,78.0,21.5,4431772.0
Malcolm Wilson,Georgetown,0,1.11349,84.0,11.3,4595429.0
Jordan Johnson,Denver,1,-3.86001,73.0,21.1,4897289.0
John Stansbury,Delaware St.,5,-4.59903,75.0,22.8,4599907.0
Mikal Dawson,Akron,14,2.84154,77.0,13.1,4609661.0
Santiago Vescovi,Tennessee,11,9.22231,75.0,19.9,4609299.0
Nick Ferrarini,Nebraska Omaha,1,-6.35121,77.0,26.1,4702678.0
Miles Coleman,NJIT,1,-4.42397,77.0,28.3,4701159.0
Nico Galette,Sacred Heart,3,-0.411482,78.0,23.0,4703183.0
Mike Hood,Coppin St.,1,-5.41557,74.0,21.2,4702075.0
Fidelis Okereke,Cal St. Northridge,8,-0.0917613,78.0,17.1,4702496.0
Mwani Wilkinson,LSU,6,6.39557,77.0,9.4,4567590.0
Kris Murray,Iowa,2,9.70243,80.0,24.2,4594326.0
DJ Davis,UC Irvine,1,0.244143,73.0,23.7,4702628.0
Jalen Brown,Pacific,10,-5.50163,75.0,12.4,4701210.0
Jesper Granlund,Longwood,17,-0.819548,78.0,11.2,4702126.0
Tyree Campbell,Cal Baptist,12,-0.352638,77.0,12.4,4702036.0
David Bohm,Northern Kentucky,7,-2.64908,81.0,20.7,4702716.0
Tyree Corbett,Coppin St.,8,-1.63582,79.0,28.2,4703126.0
Dylan Addae-Wusu,St. John's,9,2.85397,76.0,20.2,4590361.0
Jordan Wood,Howard,4,-9.16811,81.0,17.6,4704048.0
Martez Robinson,Delaware St.,4,-7.64502,74.0,21.2,4703996.0
Joey St. Pierre,Milwaukee,16,-1.07394,82.0,16.4,4702939.0
Travis Henson,Cal St. Bakersfield,3,-2.86149,78.0,17.1,4702471.0
Noel Brown,George Washington,16,-5.6808,83.0,16.4,4700963.0
Dillon Jones,Weber St.,2,4.19402,78.0,19.6,4702159.0
Ishmael Leggett,Rhode Island,5,-1.13357,74.0,20.3,4606837.0
Frank Anselem,Syracuse,13,3.81831,82.0,11.3,4701842.0
Ryan Claflin,Green Bay,17,-3.49164,78.0,12.4,4702926.0
Ricardo Wright,Marist,1,-2.78197,76.0,27.7,4703831.0
Hakim Byrd,UMBC,5,-7.59346,70.0,19.6,4590396.0
Raheim Sullivan,Marist,1,-1.32053,73.0,22.8,4703830.0
Javon Cooley,Marist,17,-0.68761,77.0,12.2,4703833.0
Viktor Lakhin,Cincinnati,8,0.514659,83.0,23.2,4701192.0
Kelton Talford,Winthrop,13,-1.57264,79.0,22.3,4576140.0
Rayshon Harrison,Presbyterian,1,-1.30991,76.0,28.7,4702195.0
Jeremiah Williams,Temple,9,2.24397,77.0,20.4,4701222.0
Austin Inge,Navy,5,-3.26257,72.0,16.5,4702521.0
Nicholas McMullen,Murray St.,8,0.077316,80.0,18.6,4703266.0
Rudi Williams,Coastal Carolina,11,3.50279,74.0,24.5,4700534.0
Camren Pierce,Cal Poly,5,-3.26614,70.0,23.5,4702351.0
Trevon Allfrey,Utah Tech,7,-4.69903,79.0,28.1,4701249.0
Connor Kochera,William & Mary,1,-2.85861,77.0,19.8,4585606.0
Yuri Covington,William & Mary,4,-6.56546,73.0,20.2,4702871.0
Andre Mulibea,Utah Tech,17,-1.89588,78.0,18.5,4701246.0
Frank Staine,Utah Tech,17,0.379156,78.0,17.0,4701245.0
Jake Milkereit,William & Mary,17,-4.09399,77.0,12.1,4702870.0
Cameron Gooden,Utah Tech,5,-1.63502,71.0,20.9,4701244.0
Myles Hunter,Youngstown St.,12,-3.5621,77.0,15.2,4702989.0
Joe Anderson,Furman,11,3.67605,72.0,14.6,4703811.0
Tristan da Silva,Colorado,15,3.15618,82.0,18.0,4702382.0
Nique Clifford,Colorado,15,2.91436,78.0,16.8,4702384.0
Craig Porter Jr.,Wichita St.,6,5.92424,74.0,18.3,4701233.0
Mason Madsen,Cincinnati,17,1.18844,76.0,17.8,4581506.0
Gabe Madsen,Utah,14,0.566558,78.0,19.9,4432753.0
Tari Eason,LSU,2,10.6389,80.0,30.8,4433192.0
Jahmyl Telfort,Northeastern,7,-3.62425,79.0,25.7,4702785.0
Mike Saunders Jr.,Cincinnati,5,-0.743888,72.0,22.3,4432403.0
Latrell Wrightsell Jr.,Cal St. Fullerton,10,-2.14995,75.0,16.2,4702484.0
Micaiah Abii,Liberty,3,-1.99604,79.0,20.7,4700844.0
Donovan Newby,Milwaukee,11,-0.579769,73.0,15.8,4702932.0
Cameron Steele,Abilene Christian,3,2.64523,80.0,18.1,4703600.0
Jaylen Clark,UCLA,6,7.38395,77.0,20.2,4432247.0
Vas Pandza,Seattle,17,-3.98832,80.0,15.2,4702010.0
DeMarr Langford Jr.,Boston College,6,1.70519,77.0,19.3,4433165.0
Donchevell Nugent,Maryland Eastern Shore,5,-3.88161,72.0,24.3,4704097.0
Mike Mensah,Maryland Eastern Shore,17,-7.20108,77.0,22.4,4704096.0
Deven Richmond,Howard,15,-4.38781,76.0,13.1,4704044.0
Johnathan DeJurnett,Purdue Fort Wayne,13,-0.00791855,80.0,14.3,4702942.0
Kasen Harrison,Lamar,5,-5.55818,73.0,25.4,4703629.0
Isaiah Cottrell,West Virginia,7,-1.00576,82.0,19.0,4432201.0
Lincoln Smith,Lamar,7,-4.41306,77.0,20.6,4703630.0
Mason Senigaur,Lamar,7,-4.62228,78.0,12.0,4703631.0
DJ Jackson,Alabama St.,4,-6.05883,73.0,16.4,4712291.0
Jamari Sibley,UTEP,15,0.219149,80.0,15.2,4433168.0
TJ Berger,San Diego,10,-2.93352,76.0,12.0,4433589.0
Jahlil White,Temple,7,1.6897,79.0,19.9,4432514.0
Caleb Love,North Carolina,1,2.83564,76.0,25.4,4433144.0
Collin Holloway,Georgetown,3,-1.47017,78.0,19.1,4701559.0
Coleman Hawkins,Illinois,2,6.42947,82.0,19.3,4432976.0
Nijel Pack,Kansas St.,11,7.59446,72.0,23.8,4576062.0
Justice Hill,Murray St.,9,2.40726,72.0,23.1,4703264.0
Caleb Murphy,South Florida,5,-2.48276,76.0,24.8,4567587.0
Ze'Rik Onyema,UTEP,13,1.03558,80.0,14.7,4703082.0
Myles Ruth,Monmouth,5,-1.20211,72.0,17.9,4703427.0
Garvin Clarke,Akron,5,-1.78281,72.0,16.6,4433221.0
DeAndre Pinckney,Southern Miss,3,-2.19275,80.0,18.6,4703112.0
Giancarlo Rosado,Florida Atlantic,8,-1.25144,80.0,23.2,4585611.0
Winston Hill,Presbyterian,2,1.1237,79.0,25.5,4702197.0
Jeremy Robinson,North Carolina A&T,14,-3.48406,77.0,18.0,4704088.0
Detalian Brown,North Alabama,4,-4.91987,75.0,18.2,4700848.0
Will Soucie,North Alabama,7,-2.06227,77.0,18.3,4613134.0
Tahlik Chavez,Charleston Southern,14,-1.03981,74.0,19.0,4703010.0
Bryce Kennedy,Northern Colorado,17,-3.60202,79.0,10.2,4702085.0
Chad Baker,San Diego St.,6,4.94237,79.0,25.4,4897532.0
Deivon Smith,Georgia Tech,5,-1.26232,73.0,22.3,4433184.0
Mounir Hima,Duquesne,16,-4.30975,83.0,14.5,4700878.0
Andersson Garcia,Mississippi St.,2,7.63387,79.0,19.5,4702431.0
Luis Kortright,Quinnipiac,4,-6.21523,75.0,19.6,4703435.0
D'Moi Hodge,Cleveland St.,11,4.13317,76.0,22.9,4702702.0
Tymu Chenery,Quinnipiac,17,-1.42952,78.0,15.7,4703434.0
Jayson Woodrich,Cleveland St.,14,-2.97023,79.0,15.0,4702699.0
Yahel Hill,Cleveland St.,1,-4.50568,72.0,22.1,4702698.0
Tyler Moffe,The Citadel,1,-3.83488,73.0,23.3,3948762.0
Silas Mason,UNC Asheville,13,-2.60001,79.0,12.1,4702142.0
Josh Bannan,Montana,2,1.02575,81.0,24.8,4702058.0
Noah Farrakhan,Eastern Michigan,1,-2.38593,74.0,30.0,4432203.0
Anwar Gill,La Salle,5,-1.92966,76.0,19.3,4700969.0
Robby Beasley III,Montana,1,-0.798223,75.0,21.4,4432435.0
Dean Reiber,Rutgers,15,3.41258,82.0,20.6,4581507.0
Jhamir Brickus,La Salle,11,-1.75603,71.0,18.8,4700970.0
Russell Harrison,Louisiana Monroe,12,0.0643112,79.0,17.8,4702096.0
Mike Miles Jr.,TCU,9,2.76609,74.0,27.0,4432550.0
Dante Harris,Georgetown,5,-0.985311,72.0,23.3,4596531.0
Terell Strickland,James Madison,15,-4.18549,72.0,17.3,4702767.0
Terrence Edwards,James Madison,6,-0.281676,78.0,25.8,4702766.0
Rondel Walker,Oklahoma St.,6,4.92225,76.0,13.1,4433163.0
Michael Thomas,Louisiana,5,-4.83028,73.0,17.5,4702105.0
Matthew-Alexander Moncrieffe,Oklahoma St.,16,0.759439,79.0,18.5,4610395.0
Luke O'Brien,Colorado,17,2.20946,78.0,11.9,4702380.0
Jabari Walker,Colorado,2,3.21425,81.0,27.0,4432446.0
Tyree Ihenacho,James Madison,4,-0.162129,76.0,14.2,4702666.0
Mike Bekelja,Duquesne,4,-6.75749,74.0,8.9,4700874.0
Mitchell Sueker,North Dakota,3,-4.37013,81.0,24.2,4702668.0
Cameron Smith,Cal St. Bakersfield,7,-0.583624,79.0,21.3,4702472.0
Johnny Davis,Wisconsin,3,5.14269,77.0,31.6,4432356.0
D'Ante Bell,New Orleans,16,-8.3169,81.0,14.9,4703650.0
Mayowa Akinsanya,Maryland Eastern Shore,7,-8.07893,79.0,15.3,4704101.0
Jalen Speer,Florida A&M,1,-5.99513,73.0,23.8,4704015.0
Nate Martin,Texas St.,16,-0.320955,80.0,15.5,4702068.0
Dylan Dawson,Texas St.,10,-3.92306,75.0,11.3,4702066.0
Keith Littles,Florida A&M,5,-4.10272,76.0,16.8,4704017.0
DA Houston,Longwood,1,-0.911168,73.0,17.6,4585602.0
Shannon Grant,Mercer,8,-5.47542,82.0,27.3,4703815.0
Jalen White,Nicholls St.,10,-2.58224,76.0,10.5,4703532.0
Terren Frank,Vanderbilt,7,-3.08738,80.0,15.4,4433146.0
Bryce Thompson,Oklahoma St.,17,0.295626,77.0,21.3,4432200.0
Emmit Taylor III,Idaho St.,14,-2.25548,76.0,16.6,4701580.0
Latrell Jossell,Stephen F. Austin,14,0.217875,71.0,16.1,4601284.0
Andrew Carr,Delaware,15,2.94182,81.0,18.5,4702743.0
Christopher Smith,Delaware St.,4,-10.9818,80.0,14.6,4703998.0
Ebenezer Dowuona,N.C. State,0,2.86571,83.0,9.1,4432447.0
Bryan Hart,Radford,10,-0.989418,73.0,17.3,4702216.0
Trey Galloway,Indiana,6,1.33235,76.0,16.8,4432315.0
Mikal Starks,Portland St.,5,-4.57374,73.0,15.4,4702888.0
Aziz Bandaogo,Akron,0,0.336136,84.0,17.3,4703576.0
Jade Tse,Houston Christian,5,-11.1283,73.0,22.2,4703613.0
Bowen Born,Northern Iowa,11,1.32555,71.0,16.9,4703913.0
Donte Powers,Sam Houston St.,10,-2.52539,74.0,16.7,4703683.0
Ahmad Rand,Oregon St.,15,1.57077,80.0,19.9,4701206.0
Kian Scroggins,Sam Houston St.,16,-7.14569,79.0,17.7,4703685.0
Kobe Stewart,Presbyterian,6,-0.147096,78.0,15.0,4702196.0
Nendah Tarke,Coppin St.,6,1.18566,76.0,24.0,4704077.0
D'Rell Roberts,Prairie View A&M,1,-6.89409,79.0,32.9,4703188.0
Kendall Munson,Pepperdine,16,-2.44768,79.0,13.2,4433229.0
Dailin Smith,Alabama A&M,7,-2.73516,78.0,20.6,4703106.0
Anjay Cortez,Alabama A&M,7,-6.6066,80.0,18.4,4703108.0
JoVon McClanahan,Hawaii,5,-1.59255,70.0,17.6,4702504.0
Andrew Welage,Wright St.,12,-2.61569,78.0,14.2,4702995.0
Adama Sanogo,Connecticut,8,3.92979,81.0,27.3,4702023.0
Jordan O'Neal,Alabama St.,16,-2.6182,79.0,18.8,4703116.0
Cheikh Faye,Charleston Southern,7,-2.43957,79.0,18.6,4703236.0
Ra'Heim Moss,Toledo,11,3.49795,76.0,15.0,4703538.0
Jonathan Aybar,North Florida,8,0.326532,81.0,25.1,4700854.0
Dawson Garcia,North Carolina,3,1.71047,83.0,23.7,4432188.0
Josh Berenbaum,North Florida,4,-5.87107,80.0,15.9,4700855.0
Jadyn Parker,North Florida,15,-0.880933,82.0,19.0,4700856.0
PJ Hall,Clemson,2,4.91233,82.0,29.0,4701225.0
Terrell Ard Jr.,Presbyterian,7,-5.30044,79.0,18.1,4703134.0
Emmanuel Ansong,Green Bay,3,-2.12259,76.0,21.2,4702930.0
Grant Huffman,Davidson,6,1.23581,75.0,13.6,4432522.0
Abou Ousmane,North Texas,8,-0.139309,82.0,25.7,4702773.0
Michael Jones,Davidson,12,5.46097,77.0,17.7,4396784.0
Dayvion McKnight,Western Kentucky,9,0.657303,73.0,27.8,4574710.0
Vukasin Masic,Maine,1,-4.78315,77.0,20.9,4702764.0
Brent Davis,The Citadel,1,-3.68129,75.0,18.8,4703801.0
Caleb McGill,UC Davis,4,-9.21716,80.0,16.5,4702346.0
Nighael Ceaser,Texas St.,2,2.18152,80.0,21.1,4702071.0
Graham Ike,Wyoming,8,-0.969038,81.0,35.3,4703396.0
Andre Jackson,Connecticut,6,5.19644,78.0,15.7,4432190.0
Jalen Dalcourt,Louisiana,14,-1.27422,73.0,19.0,4703343.0
Chance McMillian,Grand Canyon,10,1.68984,75.0,18.1,4702027.0
RJ Duhart,Appalachian St.,0,2.68368,81.0,8.5,4702600.0
LaDamien Bradford,Louisiana Tech,6,-0.0346609,77.0,14.2,4433576.0
Hayden Hefner,Texas A&M,6,1.22102,78.0,18.5,4433279.0
Tanor Ngom,Florida St.,13,2.18606,86.0,21.4,4701240.0
Jonah Carrasco,IU Indy,16,-6.85234,81.0,15.7,4702711.0
Nick Blake,Pacific,3,-2.07213,78.0,22.0,4703391.0
Liam Sorensen,Idaho St.,5,-5.33908,76.0,23.5,4701579.0
Gianmarco Arletti,Delaware,15,-2.32829,78.0,15.1,4702742.0
Kam Farris,Robert Morris,14,-5.52385,75.0,17.2,4702996.0
Zool Kueth,Northern Illinois,10,-2.55013,79.0,15.2,4703524.0
Adong Makuoi,Northern Illinois,8,-4.39078,81.0,20.6,4703525.0
Enoch Cheeks,Robert Morris,6,-0.0155346,75.0,18.4,4703000.0
Freddy Hicks,Tarleton St.,3,1.22487,78.0,23.0,4705373.0
Briggs McClain,Hartford,17,-8.08349,76.0,22.7,4702189.0
Devin Askew,Texas,5,1.66508,75.0,11.6,4702467.0
Brycen Long,Houston Christian,11,-0.711536,74.0,15.5,4586322.0
Xavier DuSell,Wyoming,14,0.614138,76.0,14.4,4703394.0
Trey Phipps,Oral Roberts,14,-1.44968,74.0,18.6,4601286.0
Moussa Cisse,Oklahoma St.,0,6.1553,82.0,20.0,4701208.0
Za-Ontay Boothman,Houston Christian,4,-11.1396,73.0,22.8,4703614.0
Tytan Anderson,Northern Iowa,16,-2.92626,78.0,14.3,4703914.0
Walker Kessler,Auburn,0,15.7419,85.0,19.0,4433136.0
Le'Tre Darthard,Utah Valley,14,1.0261,76.0,16.8,4702362.0
Nate Pryor,New Mexico St.,17,-3.12858,75.0,13.2,4702460.0
Rati Andronikashvili,Creighton,4,-3.04128,76.0,14.0,4701555.0
Beon Riley,Hawaii,7,-2.2958,78.0,18.9,4702505.0
Ryan Kalkbrenner,Creighton,0,10.6905,85.0,20.0,4576060.0
Rollie Worster,Utah,5,1.68631,76.0,17.0,4701995.0
Darlinstone Dubar,Hofstra,12,2.78349,79.0,16.8,4598640.0
Julian Larry,Indiana St.,6,2.35047,75.0,10.9,4703907.0
Cam Holden,Towson,6,5.10213,77.0,25.4,4703407.0
Mason Archambault,South Dakota,11,3.00031,72.0,19.7,4702648.0
Cam Bryant,Georgia Southern,17,-1.043,79.0,18.0,4702115.0
Darius Miles,Alabama,3,3.25762,78.0,17.8,4433561.0
Keon Ellis,Alabama,12,9.33662,78.0,16.8,4702177.0
Eric Reed Jr.,Southeast Missouri St.,1,-0.144751,74.0,23.3,4703377.0
Ryan Rollins,Toledo,9,4.00866,76.0,28.2,4591725.0
"Kenneth Lofton, Jr.",Louisiana Tech,2,7.27289,79.0,34.4,4585610.0
Eugene Brown III,Ohio St.,17,1.77838,78.0,12.7,4433179.0
Kenny Hunter,Louisiana Tech,13,-1.33233,82.0,17.3,4432313.0
Bryce McBride,Eastern Michigan,1,-1.50974,74.0,21.8,4703077.0
Setric Millner Jr.,Toledo,3,1.86823,79.0,21.0,4703540.0
Toby Okani,Duquesne,7,-3.23598,80.0,15.9,4700873.0
Tyson Acuff,Duquesne,14,-2.12454,76.0,12.7,4606831.0
Dezmond McKinney,North Dakota St.,4,-5.39042,72.0,22.2,4702669.0
Kaden Metheny,Bowling Green,5,-4.94808,71.0,18.5,4703572.0
Shawndarius Cowart,Grambling St.,6,-0.658329,75.0,17.4,4702762.0
David Green,Louisiana Tech,12,1.9238,79.0,18.6,4702763.0
Cam Young,Bowling Green,7,-4.09822,79.0,18.8,4703573.0
Courtney Carter,SIU Edwardsville,5,-1.92284,73.0,16.6,4703382.0
Frank Jakubicek,Belmont,15,-0.261892,80.0,15.9,4703221.0
Brandyn Talbot,UT Arlington,10,-6.8871,77.0,17.4,4702054.0
Abdou Tsimbila,Fordham,16,-5.37409,81.0,17.4,4702329.0
Leo Colimerio,Fresno St.,15,4.48638,79.0,11.7,4703241.0
Jamarcus Jones,Jackson St.,13,-3.43235,79.0,19.7,4703203.0
Destin Whitaker,Fresno St.,14,1.44884,77.0,10.1,4703240.0
Braxton Meah,Fresno St.,13,-2.09113,85.0,16.7,4703242.0
Jamal Shead,Houston,9,4.94742,73.0,21.2,4432241.0
CJ Huntley,Appalachian St.,12,1.70589,82.0,13.5,4702602.0
Max Murrell,Stanford,17,-1.35685,81.0,16.6,4585601.0
Michael O'Connell,Stanford,5,-0.744476,74.0,19.8,4683635.0
Daniel Foster,Nevada,5,-0.556217,78.0,11.4,4702876.0
Eddie Lampkin Jr.,TCU,13,6.87888,83.0,16.7,4433191.0
Jordan Ivy-Curry,UTSA,1,-3.58084,74.0,29.5,4703122.0
Davion Bradford,Kansas St.,16,-1.16957,84.0,15.4,4700530.0
Gethro Muscadin,New Mexico,2,1.53837,82.0,25.5,4575838.0
Jalen Terry,DePaul,1,-1.59348,72.0,16.2,4702387.0
Joe Hampton,Long Beach St.,7,-4.85481,80.0,29.8,4702587.0
Jadon Jones,Long Beach St.,12,4.90815,77.0,16.5,4611534.0
Jermaine Marshall,Samford,2,0.130379,78.0,25.7,4703575.0
Justin Johnson,UT Rio Grande Valley,3,-3.01288,78.0,27.3,4703110.0
Myles Foster,Monmouth,8,0.179916,79.0,23.7,4703425.0
Gedi Juozapaitis,Georgia Southern,14,-0.772067,76.0,16.2,4596787.0
Dom Martinelli,St. Thomas,3,-6.81401,76.0,21.1,4702290.0
Ty Berry,Northwestern,14,0.966232,75.0,16.3,4702288.0
Cam'Ron Fletcher,Florida St.,6,2.29752,79.0,23.0,4432182.0
Kentrell Garnett,Louisiana,10,1.60577,73.0,12.3,4702106.0
Nate Heise,Northern Iowa,12,4.14792,76.0,14.2,4703912.0
Jarren Cook,Sam Houston St.,14,-1.28198,76.0,15.5,4703679.0
Justin Hill,Longwood,9,2.07289,72.0,26.7,4702127.0
Alex Peterson,Kennesaw St.,13,0.990193,79.0,12.3,4700839.0
Brandon Stroud,Kennesaw St.,7,-1.02168,78.0,18.4,4433177.0
John Hugley,Pittsburgh,8,-0.53685,81.0,30.2,4432897.0
Elton Walker,Austin Peay,7,-0.888093,76.0,15.5,4703214.0
Noah Collier,Pittsburgh,16,-4.47777,80.0,10.7,4432204.0
Femi Odukale,Pittsburgh,5,-0.733637,77.0,23.4,4701839.0
Rifen Miguel,Troy,16,-5.48539,80.0,20.1,4703533.0
JT Shumate,Toledo,12,7.47655,79.0,18.4,4703541.0
Jalin Anderson,Loyola Marymount,1,-3.40255,75.0,21.5,4701211.0
Christian Shumate,McNeese St.,8,-2.35765,79.0,25.0,4701228.0
E.J. Clark,Alabama St.,1,-4.22202,71.0,19.8,4703117.0
Cem Kirciman,Green Bay,7,-4.57988,80.0,18.6,4702925.0
Josiah Fulcher,Bowling Green,3,-3.31359,75.0,15.3,4703571.0
Fah'mir Ali,Charleston,5,-5.80734,70.0,24.2,4702211.0
Caleb Huffman,Nicholls St.,17,-5.90202,76.0,25.0,4703557.0
Robert ''RJ'' Glasper,Incarnate Word,1,-4.77434,72.0,26.4,4066245.0
William Jeffress,Pittsburgh,4,-1.48782,79.0,13.2,4701841.0
Mawot Mag,Rutgers,7,-0.629235,79.0,16.9,4602948.0
Courvoisier McCauley,DePaul,12,2.35898,77.0,14.9,4701557.0
Kobe Elvis,Dayton,11,0.9459,74.0,19.6,4683135.0
Jason Spurgin,Southern Utah,13,2.86433,83.0,16.1,4702155.0
Chuck Harris,Butler,1,-0.375927,74.0,24.3,4701551.0
Nick Fleming,Southern Utah,5,-3.97369,73.0,17.0,4702153.0
Kyndall Davis,LIU,6,-0.619205,77.0,18.6,4703205.0
Will Carius,Western Illinois,14,-1.81528,79.0,19.1,4702623.0
Jake Kosakowski,UC San Diego,12,-0.237136,78.0,18.3,4702605.0
Bryce Pope,UC San Diego,1,-2.98014,75.0,22.3,4702606.0
Eduardo Andre,Nebraska,16,-0.300312,83.0,18.0,4702281.0
Lu'Cye Patterson,Missouri St.,11,0.289017,73.0,16.8,4703979.0
Nelly Junior Joseph,Iona,2,5.59929,81.0,23.7,4703015.0
LJ Cryer,Baylor,11,4.65165,73.0,21.4,4433149.0
Saquan Singleton,New Mexico,15,0.468402,78.0,14.8,4703252.0
Shaquan Jules,Radford,8,-3.49823,79.0,19.9,4702215.0
Xavier Lipscomb,Radford,4,-8.08168,74.0,18.8,4702218.0
Dawson Baker,UC Irvine,1,-1.83723,76.0,24.0,4702626.0
Isaiah Wilson,Richmond,4,-3.85846,72.0,13.3,4700973.0
Sam Towns,Ohio,7,-4.90538,81.0,15.9,4703531.0
Drake Jeffries,Wyoming,12,5.35792,77.0,11.3,4703397.0
Zed Key,Ohio St.,8,2.093,80.0,22.1,4432401.0
Cameron Matthews,Mississippi St.,6,7.64429,79.0,11.3,4432394.0
Olivier-Maxence Prosper,Marquette,3,1.87011,80.0,16.1,4595400.0
Tony Toney,UAB,12,3.41551,74.0,9.7,4703133.0
Justin Lewis,Marquette,3,2.89561,79.0,26.1,4432239.0
Oso Ighodaro,Marquette,13,5.8677,81.0,13.6,4601023.0
Terence Lewis Jr.,Jackson St.,8,1.22392,78.0,17.9,4702774.0
Simeon Kirkland,New Orleans,8,-0.591385,82.0,18.0,4703132.0
Chaz Lanier,North Florida,17,0.338489,76.0,11.2,4700852.0
Corey McKeithan,Rider,10,-3.15246,70.0,14.4,4433243.0
Gabe O'Neal,Bowling Green,7,-9.80112,79.0,20.4,4703555.0
Jalen Harris,Cal St. Fullerton,1,-2.47979,73.0,25.8,4702482.0
Wil Tattersall,UC Riverside,12,1.08743,79.0,15.5,4702357.0
Desmond Polk,SIU Edwardsville,4,-6.90772,76.0,13.8,4432527.0
Paris Dawson,Portland St.,10,-2.1836,74.0,15.1,4702138.0
Giancarlo Valdez,Stetson,5,-9.07901,75.0,16.1,4700857.0
Teiano Hardee,Sacramento St.,7,-9.07927,77.0,22.4,4702146.0
LeChaun DuHart,Maine,10,-10.2631,70.0,22.7,4700994.0
Adefolalrin Adetogun,Maine,4,-5.752,73.0,16.9,4700996.0
Kyle LeGreair,Detroit Mercy,15,-0.521199,72.0,5.4,4567749.0
Jonathan Komagum,Sacramento St.,16,-0.403433,81.0,13.3,4703542.0
Shamir Bogues,Tarleton St.,6,2.32371,76.0,15.9,4705380.0
Steven Verplancken Jr.,Southern Illinois,14,1.2692,76.0,12.2,4703924.0
Ben Carlson,Wisconsin,7,-4.25924,81.0,15.1,4433166.0
J.D. Muila,Southern Illinois,16,-1.56431,80.0,15.1,4703922.0
Jabe Mullins,Saint Mary's,14,3.86143,78.0,14.8,4701181.0
Steven Crowl,Wisconsin,12,4.67839,84.0,17.8,4588201.0
Mitchell Saxen,Saint Mary's,8,0.995507,82.0,26.2,4701182.0
Chris Childs,Bryant,10,-5.14776,74.0,17.5,4703139.0
Thomas Howell,Louisiana Monroe,8,-1.75928,80.0,17.4,4702092.0
Mikey Howell,Bradley,5,-0.755728,75.0,15.9,4702604.0
Jace Roquemore,UC San Diego,5,-2.69558,77.0,15.2,4702611.0
Toni Rocak,UC San Diego,3,-3.49737,80.0,36.6,4702610.0
Tyrell Roberts,Washington St.,1,1.40262,71.0,21.1,4702609.0
Kaden Rasheed,UC San Diego,14,-2.16004,73.0,12.9,4702608.0
Javion May,Sam Houston St.,6,4.84919,74.0,14.1,4703680.0
Donavan Yap,Fresno St.,4,-5.62,77.0,19.9,4703386.0
Jeremiah Oden,Wyoming,12,3.02046,80.0,14.6,4703399.0
D'Maurian Williams,Gardner Webb,1,0.714026,77.0,23.0,4702065.0
Colin Golson Jr.,Eastern Michigan,7,-6.10996,78.0,19.8,4703512.0
Jamaine Mann,Vanderbilt,8,3.06478,78.0,17.6,4589479.0
Phillip Russell,Southeast Missouri St.,1,-0.817573,70.0,23.9,4701120.0
Marques Warrick,Northern Kentucky,1,0.0479514,74.0,27.3,4702714.0
Trey Robinson,Northern Kentucky,6,0.504378,78.0,15.4,4702713.0
Jordan Sears,Gardner Webb,5,-3.54055,71.0,21.7,4702063.0
Garrett Hien,Furman,3,-1.52704,81.0,19.2,4703810.0
Coleman Stucke,Northeastern,14,0.0666895,79.0,15.7,4589480.0
Jaron Williams,Robert Morris,17,-5.19006,78.0,16.6,4703403.0
Drew Thelwell,Morehead St.,4,-5.35607,75.0,17.4,4703260.0
Johni Broome,Morehead St.,0,7.03264,82.0,30.5,4433569.0
Kasen Jennings,Kennesaw St.,1,-2.93426,75.0,18.2,4700841.0
Jacob Nicolds,Utah Tech,7,-4.23617,77.0,16.6,4408086.0
Michael Eads Jr.,Appalachian St.,17,-1.99542,76.0,13.3,4702601.0
Kirshon Thrash,Presbyterian,4,-5.60683,75.0,13.9,4585614.0
Efe Abogidi,Washington St.,0,9.07901,82.0,19.5,4702463.0
Godsgift ''GG'' Ezedinma,Incarnate Word,17,-9.00882,79.0,14.8,4703624.0
Brayan Au,Louisiana,4,-6.96661,76.0,16.8,4702108.0
Javontae Hopkins,Tarleton St.,17,-3.27279,72.0,14.8,4705377.0
R.J. Blakney,Dayton,12,4.0184,78.0,16.0,4700864.0
Juhlawnei Stone,Cal Baptist,13,1.28411,79.0,23.3,4702041.0
Trey Thomas,Vanderbilt,14,-0.77645,71.0,17.6,4702531.0
Kayo Goncalves,South Alabama,10,1.24115,80.0,11.4,4402692.0
Erickson Bans,Bryant,4,-7.86288,71.0,17.6,4703138.0
Jovan Tucker,Mercer,10,-3.49235,75.0,11.9,4703816.0
Jaron Pierre Jr.,Southern Miss,10,-5.46592,76.0,23.0,4703115.0
Nathaniel Pollard Jr.,Maryland Eastern Shore,6,0.828769,77.0,20.4,4704102.0
Justin Wright,North Carolina Central,11,-0.196596,73.0,24.9,4704109.0
Isaiah Addo-Ankrah,UTSA,14,-0.138819,78.0,14.3,4703125.0
Jonathan Bolden,Bethune Cookman,4,-8.51353,79.0,12.1,4702632.0
Colby Jones,Xavier,6,6.96002,78.0,19.9,4433378.0
Malik Henry,George Mason,13,1.59966,80.0,16.0,4606836.0
Eric Lee,Alabama A&M,4,-3.77291,76.0,15.9,4703109.0
Ethan Kilgore,Idaho,17,-6.83516,77.0,13.1,4701575.0
Tanner Christensen,Idaho,8,-3.82006,82.0,21.4,4701576.0
Malique Jacobs,Kent St.,6,3.52745,76.0,23.6,4703551.0
Mark Sears,Ohio,9,3.6531,73.0,29.5,4703530.0
Jordan Hall,Saint Joseph's,9,3.68198,79.0,26.6,4701031.0
Vince Cole,Coastal Carolina,14,0.834484,78.0,23.3,4702008.0
Posh Alexander,St. John's,9,7.07724,72.0,23.2,4433156.0
Aidan Carpenter,Siena,1,-5.61039,76.0,26.2,4703516.0
Jaemyn Brakefield,Mississippi,15,0.362259,80.0,16.8,4432169.0
Emorie Knox,Charleston Southern,4,-12.3391,72.0,16.7,4590397.0
Matt Cross,Louisville,3,1.45494,79.0,18.7,4433563.0
Darius Burford,Elon,9,0.069486,72.0,25.6,4702759.0
Earl Timberlake,Memphis,16,2.22776,78.0,18.4,4432193.0
Tristan Ikpe,Sam Houston St.,6,4.01423,78.0,18.6,4703681.0
Michael Graham,Elon,0,4.10358,80.0,22.9,4702761.0
Kylen Milton,Arkansas Pine Bluff,1,-5.02707,76.0,23.4,4703071.0
Keshawn Williams,Northern Illinois,1,-1.24545,75.0,26.2,4602029.0
Jacob Falko,Binghamton,1,-1.75402,75.0,24.8,4702061.0
Mardrez McBride,North Texas,14,2.58658,74.0,16.9,4702770.0
Rubin Jones,North Texas,11,1.91049,77.0,17.2,4432430.0
Shemar Rathan-Mayes,Youngstown St.,1,-2.55447,71.0,16.6,4702990.0
Boogie Anderson,South Dakota,17,-5.05819,75.0,18.1,4702646.0
Marcus Garrett,Bethune Cookman,9,-2.64986,73.0,30.2,4703258.0
Brantly Stevenson,Cal Poly,5,-0.136278,76.0,18.5,4702353.0
Dontrell McQuarters,Alcorn St.,7,-0.171464,79.0,14.5,4705266.0
Steven Ashworth,Utah St.,11,3.87259,73.0,17.6,4701991.0
Alijah Martin,Florida Atlantic,11,4.6235,74.0,21.5,4702656.0
VonCameron Davis,Kent St.,17,-4.13364,77.0,17.2,4589474.0
Dylan Robertson,Bethune Cookman,8,-1.41916,81.0,13.1,4703682.0
TJ Bamba,Washington St.,3,2.31915,77.0,19.8,4596365.0
Josh Morgan,Incarnate Word,1,-6.46898,75.0,20.0,4703621.0
Samkelo Cele,Marist,3,-2.1475,77.0,20.1,4703202.0
Mike Sixsmith,Sacred Heart,10,-3.57213,72.0,13.4,4703178.0
Omar Parchman,Arkansas Pine Bluff,8,-4.88956,80.0,10.4,4703152.0
Matthew Murrell,Mississippi,11,2.41084,76.0,20.3,4702442.0
Travonta Doolittle,Arkansas Pine Bluff,17,-8.3082,76.0,13.8,4703148.0
Byron Joshua,Alcorn St.,5,-3.05827,71.0,19.2,4703131.0
Zach Edey,Purdue,2,11.3559,88.0,34.2,4600663.0
Eric Boone,North Carolina Central,5,0.546409,74.0,24.2,4702114.0
Marcus Fitzgerald Jr.,Tennessee St.,1,-2.66209,74.0,22.2,4703415.0
Petar Krivokapic,FIU,10,-2.4014,76.0,16.2,4702675.0
Javaunte Hawkins,FIU,1,-3.23673,71.0,19.2,4702674.0
K.D. Johnson,Auburn,6,2.88898,72.0,22.8,4432363.0
Demetric Horton,North Carolina A&T,11,3.47508,77.0,20.1,4702944.0
Darweshi Hunter,Northern Illinois,17,-4.86845,77.0,15.7,4596869.0
Tanner Mans,VMI,12,-0.584275,78.0,11.4,4703870.0
Jacob Hutson,Loyola Chicago,3,-2.05011,82.0,24.4,4590402.0
Jackson Threadgill,Charlotte,12,-1.62444,78.0,11.5,4702738.0
Zach Anderson,Florida Gulf Coast,12,-0.171739,79.0,12.7,4700870.0
Jake Evans,Northern Kentucky,5,-2.59931,73.0,13.9,4702717.0
Jamel Horton,Albany,9,-0.644822,76.0,24.8,4700941.0
Juston Betz,Bellarmine,6,2.38089,75.0,13.0,4700822.0
C.J. Roberts,Lamar,1,-4.82092,73.0,28.6,4702019.0
Dallion Johnson,Penn St.,10,-2.43653,75.0,14.4,4433567.0
Kedrian Johnson,West Virginia,6,3.5471,75.0,17.4,4279756.0
Clifford Omoruyi,Rutgers,13,2.49305,83.0,19.1,4433155.0
Josh Gray,South Carolina,16,3.31718,84.0,15.5,4706679.0
Damani Hayes,South Dakota,13,0.85385,76.0,11.0,4702651.0
Brandon Whitney,Montana,1,-1.11728,73.0,20.2,4585617.0
Latrell Jones,Nicholls St.,12,-0.753799,77.0,22.0,4701200.0
Henry Coleman III,Texas A&M,8,5.66856,80.0,19.2,4432186.0
Jabri Abdur-Rahim,Georgia,3,-1.59816,80.0,20.1,4432191.0
Mark Williams,Duke,0,13.1483,84.0,18.6,4701232.0
Jeremy Roach,Duke,1,2.21957,73.0,17.7,4433135.0
Tyrin Lawrence,Vanderbilt,17,-0.619188,76.0,16.4,4702530.0
Reece Beekman,Virginia,6,7.39102,74.0,16.8,4432187.0
Ryan Myers,Iona,10,-4.07436,72.0,19.4,4703009.0
Sam'i Roe,Nebraska Omaha,4,-9.45662,73.0,19.3,4702677.0
Alyn Breed,Providence,4,-1.73802,75.0,18.8,4585590.0
Markise Davis,Arkansas St.,3,-0.402096,80.0,16.6,4702130.0
Marcel Stevens,Cal St. Northridge,5,-5.57268,74.0,11.2,4702493.0
Keyon Wesley,Arkansas St.,16,-3.40834,81.0,13.4,4702136.0
Koby Brea,Dayton,12,2.13361,78.0,17.6,4591259.0
Hassan Diarra,Texas A&M,5,0.337207,74.0,23.7,4433160.0
Jaron Rillie,Samford,12,-3.16163,75.0,14.6,4703836.0
Norchad Omier,Arkansas St.,2,6.77701,79.0,27.8,4702134.0
Simeon Fryer,Texas A&M Corpus Chris,17,0.682263,77.0,13.6,4703703.0
Lamont Butler,San Diego St.,6,3.34415,74.0,19.7,4433183.0
Christian Fussell,Middle Tennessee,7,-2.18943,82.0,15.9,4590357.0
Tai'Reon Joseph,Radford,10,-3.51192,74.0,14.7,4703215.0
Jaden Ivey,Purdue,11,5.47417,76.0,27.7,4433218.0
Ethan Morton,Purdue,12,5.27659,78.0,9.3,4433151.0
Anthony Blunt,UMass Lowell,10,-4.66263,74.0,15.2,4700954.0
Micah Peavy,TCU,7,2.04101,79.0,19.2,4432185.0
Dylan O'Hearn,NJIT,10,-6.09353,76.0,20.2,4701158.0
Kareem Thompson,Oral Roberts,3,1.10657,77.0,16.2,4702657.0
Nick Farrar,Charleston,3,-0.104737,78.0,26.4,4573135.0
Ahamadou Fofana,Canisius,5,-2.09873,73.0,18.8,4702949.0
Siem Uijtendaal,Canisius,10,-3.52971,78.0,17.5,4702950.0
Nehemiah Benson,Rider,17,-1.86823,79.0,14.5,4705270.0
Bryce Monroe,San Diego,5,-5.13055,71.0,18.0,4703677.0
Xavier Bell,Drexel,1,-2.25231,75.0,21.5,4612161.0
Iyen Enaruna,Evansville,7,-10.6015,81.0,20.1,4703895.0
Kieffer Punter,Troy,11,1.33112,77.0,15.9,4702044.0
Ja'Quavian Florence,Charleston Southern,10,-9.59877,76.0,18.3,4702026.0
Lorne Bowman II,Wisconsin,10,-2.11179,74.0,19.3,4432259.0
Nick Brennen,Manhattan,10,-2.4121,77.0,10.9,4703175.0
Kellen Amos,Binghamton,3,-3.49166,79.0,27.9,4701166.0
Colton Sandage,Western Illinois,11,0.450095,74.0,20.2,4702620.0
De'Lazarus Keys,Texas A&M Corpus Chris,8,-2.49066,80.0,17.4,4703701.0
Nick Jourdain,Temple,7,4.36509,80.0,18.4,4701221.0
Zach Visentin,Idaho St.,7,-4.92391,81.0,17.7,4585870.0
David N'Guessan,Virginia Tech,15,4.22426,81.0,17.2,4701984.0
Trey Farrer,Utah Valley,7,-2.66318,81.0,15.7,4702363.0
Eric Gaines,LSU,6,4.1476,74.0,21.6,4682883.0
Dante Maddox Jr.,Cal St. Fullerton,6,-0.774559,74.0,20.6,4702487.0
Asa McCord,Utah Valley,11,1.54737,78.0,16.2,4702366.0
Darius Lee,Houston Christian,6,5.01428,78.0,26.9,4703615.0
Henry Abraham,Eastern Illinois,4,-6.2187,72.0,13.8,4703231.0
Carson Towt,Northern Arizona,8,-0.575207,79.0,20.2,4702120.0
Koby Jeffries,Tennessee Martin,5,-1.812,75.0,14.0,4623861.0
Bayron Matos,South Florida,16,-4.57486,81.0,12.3,4612507.0
Dishon Jackson,Washington St.,0,3.42304,82.0,19.0,4432926.0
Josh Smith,Stetson,3,-1.98168,80.0,19.5,4700859.0
Jyare Davis,Delaware,8,0.092943,79.0,22.7,4701989.0
Philip Pepple Jr.,Idaho,8,-1.73734,79.0,13.9,4703383.0
Junior Madut,Hawaii,3,-0.0904602,78.0,21.5,4610175.0
Juan Felix Rodriguez,Stony Brook,17,-2.61736,72.0,15.1,4701163.0
Obinna Anochili-Killen,Marshall,2,3.00599,80.0,20.1,4432441.0
David Early,Marshall,10,-3.94293,76.0,15.8,4702695.0
Pelle Larsson,Arizona,11,4.69374,77.0,17.1,4601025.0
Ian Martinez,Maryland,5,0.337562,75.0,17.4,4601026.0
Luke Appel,South Dakota St.,2,-0.224865,80.0,25.2,4702644.0
Jeremiah Pope,Rider,10,-5.10062,76.0,15.5,4288898.0
Jordan Kellier,Siena,7,-2.82637,78.0,21.6,4702457.0
Dusan Mahorcic,Utah,8,-0.88939,82.0,24.1,4703903.0
Jaden House,High Point,3,-2.78657,75.0,23.7,4702104.0
Zach Austin,High Point,3,4.28799,77.0,21.9,4702099.0
Alex Holt,High Point,13,-1.51947,80.0,18.7,4702103.0
Andrej Jakimovski,Washington St.,14,3.11844,80.0,15.4,4702466.0
Jaylon Gibson,N.C. State,8,0.516659,82.0,11.7,4576139.0
Naje Smith,Boise St.,2,7.39063,79.0,16.4,4702873.0
Cam Hayes,N.C. State,1,-3.68994,75.0,22.6,4701837.0
Shakeel Moore,Mississippi St.,6,3.60123,73.0,18.2,4602027.0
Pavle Kuzmanovic,Boise St.,14,-0.75083,77.0,18.3,4702872.0
A.J. Hoggard,Michigan St.,9,2.43525,76.0,25.7,4432206.0
Kailex Stephens,Indiana St.,3,-1.27644,79.0,18.5,4703906.0
Jarrett Hensley,Cincinnati,7,-1.87043,80.0,13.2,4703828.0
David Walker,Cal St. Bakersfield,3,-4.89736,76.0,23.0,4702079.0
Tyler Kolek,Marquette,5,0.506108,75.0,19.7,4433225.0
Pier-Olivier Racine,Fairleigh Dickinson,7,-10.6108,80.0,16.0,4703145.0
Joe Munden Jr.,Fairleigh Dickinson,4,-8.82073,76.0,20.8,4703144.0
Marques Watson,Manhattan,10,-4.16805,77.0,12.6,4703172.0
Jalen Moore,Oakland,9,-0.789895,71.0,29.2,4702724.0
Trey Townsend,Oakland,6,2.14766,78.0,17.8,4702721.0
Micah Parrish,Oakland,6,1.16474,77.0,17.3,4702719.0
Sin'Cere McMahon,Winthrop,10,-2.592,73.0,20.7,4703879.0
Javonte Johnson,New Mexico,12,1.62434,78.0,11.7,4683803.0
Nolan Dorsey,Holy Cross,17,-5.4136,77.0,8.2,4703253.0
Evan Johnson,Georgia St.,10,-3.3165,71.0,20.2,4702109.0
Jamal Mashburn Jr.,New Mexico,1,-2.54926,74.0,27.1,4432408.0
Hunter Dickinson,Michigan,2,9.6026,85.0,26.8,4432180.0
Jaden McClanahan,Utah Valley,5,-1.08468,70.0,17.4,4702365.0
Amari Williams,Drexel,0,4.08434,82.0,27.5,4702745.0
Johnell Davis,Florida Atlantic,6,1.65782,75.0,19.4,4702655.0
Niels Lane,Florida,15,0.010818,77.0,11.5,4565449.0
Gideon George,BYU,3,2.592,78.0,20.2,4701218.0
Ahron Ulis,Iowa,5,0.857602,75.0,17.3,4432454.0
Keegan Murray,Iowa,2,13.2833,80.0,28.1,4594327.0
Kellen Tynes,Montana St.,5,-1.35516,75.0,14.1,4702078.0
Emeka Udenyi,Seattle,8,1.79709,78.0,16.2,4702013.0
Jalen Celestine,California,14,0.926518,79.0,17.6,4598611.0
Alem Huseinovic,Nevada,17,-4.395,76.0,11.9,4702875.0
Zahir Porter,Weber St.,1,-4.0384,78.0,18.9,4405290.0
JaKobe Coles,TCU,6,3.55783,79.0,19.1,4432282.0
Osayi Osifo,Jacksonville,13,-0.984076,80.0,19.6,4702251.0
Viktor Rajkovic,Seattle,7,0.871173,78.0,14.9,4702014.0
Kobe Sanders,Cal Poly,17,-1.75443,78.0,18.1,4702352.0
Howard Fleming Jr.,Illinois St.,6,2.04873,77.0,17.1,4703899.0
Dyson Koehler,Weber St.,12,-1.98679,79.0,9.6,4702350.0
Boden Skunberg,North Dakota St.,17,-3.70787,77.0,16.3,4702671.0
Sam Hines Jr.,South Florida,4,-2.73964,78.0,17.5,4702687.0
Derek Fountain,Mississippi St.,6,2.51754,81.0,14.9,4702432.0
Darrion Trammell,Seattle,9,5.06309,70.0,28.4,4702011.0
Jaylin Williams,Arkansas,2,7.22707,82.0,18.6,4432823.0
Isaiah Range,Alabama St.,17,-3.67771,75.0,19.4,4705379.0
Myles Stute,Vanderbilt,12,4.25107,79.0,14.4,4433340.0
Puff Johnson,North Carolina,12,5.31631,80.0,14.2,4701846.0
Joseph Bamisile,George Washington,3,1.10401,76.0,27.1,4432537.0
Darius Maddox,Virginia Tech,12,4.22749,77.0,16.5,4432257.0
Isiah Dasher,Saint Peter's,10,-2.7612,76.0,16.5,4701199.0
Davonte Davis,Arkansas,6,2.19838,76.0,18.1,4432197.0
Isaiah Rivera,Colorado St.,15,0.939232,77.0,14.5,4703224.0
Dre Davis,Louisville,3,0.633925,77.0,22.9,4701318.0
Matteo Picarelli,UMBC,12,-1.93673,74.0,13.9,4701172.0
Hunter Schofield,Utah Tech,3,-2.14851,80.0,26.1,4701250.0
Devontae Blanton,Eastern Kentucky,3,-1.11535,78.0,20.2,4703234.0
Tafari Simms,Milwaukee,3,-4.99888,79.0,19.2,4702936.0
Selton Miguel,Kansas St.,7,-1.02374,76.0,21.0,4433187.0
Aly Khalifa,Charlotte,3,2.1618,83.0,21.6,4702739.0
Dom London,Maryland Eastern Shore,1,-0.438416,73.0,17.7,4700872.0
Tyler Brelsford,Bryant,4,-7.80556,76.0,18.2,4606833.0
Supreme Cook,Fairfield,8,-2.74654,81.0,26.5,4702946.0
Tony Perkins,Iowa,11,4.36374,76.0,21.1,4433130.0
Julian Strawther,Gonzaga,12,6.29357,79.0,17.6,4432181.0
Jamahri Harvey,UNC Wilmington,10,-5.95137,77.0,16.6,4702775.0
Duke Miles,Troy,9,4.54311,74.0,23.7,4702049.0
Clarence Jackson,Wichita St.,7,0.468488,79.0,17.9,4701238.0
Jaden Seymour,East Tennessee St.,8,1.52943,80.0,13.7,4432433.0
Jordan Geronimo,Indiana,15,2.78746,78.0,20.0,4432512.0
Ricky Council IV,Wichita St.,6,3.31379,78.0,24.4,4701234.0
Max Brooks,UMass Lowell,0,3.8747,79.0,22.7,4700953.0
Chris Youngblood,Kennesaw St.,12,1.47618,76.0,19.7,4706557.0
Terrance Williams II,Michigan,12,1.98289,79.0,15.0,4702236.0
"Lamar Oden, Jr.",Drexel,10,-2.22602,78.0,16.5,4585866.0
Tobias Rotegaard,Long Beach St.,10,-4.54346,79.0,16.6,4703135.0
Jalen Cook,Tulane,9,3.40404,72.0,28.2,4433566.0
John Square Jr.,Fairleigh Dickinson,2,3.17197,78.0,19.5,4703146.0
Wynton Brown,Northern Arizona,7,-7.46985,80.0,15.3,4702119.0
Christian Turner,Troy,8,-0.685495,79.0,17.7,4702052.0
Sam Mennenga,Davidson,15,2.48183,81.0,18.6,4700862.0
Tyler Patterson,Montana St.,14,0.115799,80.0,13.5,4702074.0
Touba Traore,Niagara,16,-5.18675,83.0,17.7,4703431.0
Ray'Sean Taylor,SIU Edwardsville,9,1.83411,73.0,28.5,4703380.0
Wendell Green Jr.,Auburn,9,5.09037,71.0,26.5,4433198.0
Trey Bonham,VMI,9,1.95869,72.0,27.1,4703868.0
Dylan Branson,Southeast Missouri St.,5,-3.38463,77.0,13.5,4703379.0
Devin Evans,Nebraska Omaha,12,-3.89973,81.0,14.1,4702681.0
Bryce Johnson,Sacred Heart,15,-2.94494,78.0,17.3,4703180.0
Max Shulga,Utah St.,11,4.64944,76.0,16.9,4701992.0
Grant Nelson,North Dakota St.,15,2.04919,83.0,22.3,4702670.0
Isaiah Pope,Utah Tech,5,-4.70803,78.0,19.9,4701255.0
Demaree King,Jacksonville St.,11,3.30006,72.0,18.7,4703244.0
Jaylin Jackson-Posey,Stephen F. Austin,6,1.08997,74.0,18.8,4703691.0
Jayson Kent,Bradley,17,-3.03441,79.0,20.8,4703889.0
JaCobi Wood,Belmont,5,-3.01609,74.0,19.9,4703220.0
Andre Weir,Florida Gulf Coast,0,-2.89079,82.0,21.9,4741885.0
Kadary Richmond,Seton Hall,9,3.60741,78.0,24.2,4701845.0
Even Brauns,Belmont,16,-1.25326,81.0,16.5,4703219.0
Cameron Sheffield,Rice,10,-3.28095,78.0,13.8,4432321.0
Kendal Coleman,Northwestern St.,8,-1.96507,80.0,24.5,4703671.0
Damaria Franklin,Illinois Chicago,3,-0.148061,75.0,31.5,4703420.0
Kerwin Walton,North Carolina,14,0.770593,77.0,13.5,4567079.0
Dwon Odom,Xavier,11,2.20176,74.0,16.6,4432632.0
Jhaylon Martinez,UC Riverside,7,-8.33892,83.0,18.5,4703388.0
Tre Coleman,Nevada,10,0.441335,79.0,11.6,4433217.0
Marcus Williams,Texas A&M,5,-1.17012,74.0,24.0,4703400.0
Ronald Polite III,George Mason,5,-6.86176,74.0,23.6,4567711.0
Mekhi Gray,NJIT,17,-4.03806,76.0,17.5,4701160.0
Xavier Fuller,South Dakota,7,-5.28699,76.0,22.8,4702647.0
Dalton Banks,Southern Illinois,5,-1.16942,74.0,15.2,4703921.0
Andre Curbelo,Illinois,5,-2.3792,73.0,32.0,4432195.0
Kaleb Thornton,Northern Illinois,5,-3.34947,72.0,20.8,4703521.0
Will Pruitt,Lipscomb,11,0.366841,75.0,17.4,4590356.0
JJ Flores,Western Illinois,17,-5.22963,75.0,12.9,4702619.0
Chinedu Kingsley Okanu,Northern Illinois,8,-3.86954,79.0,20.6,4703523.0
Kamari Brown,Georgia Southern,3,0.2948,75.0,20.1,4702113.0
Bennedict Mathurin,Arizona,11,5.85641,78.0,23.5,4683634.0
Bradley Akhile,Incarnate Word,15,-5.86551,79.0,16.7,4703619.0
Corey Walker Jr.,South Florida,6,7.77524,80.0,18.0,4290822.0
Darnell Brodie,Drake,8,-1.87441,82.0,19.8,4397121.0
Leon Ayers III,Duquesne,1,-2.33056,77.0,23.6,4703813.0
Rashad Smith,Idaho,14,-2.32205,76.0,18.6,4702028.0
Montre Gipson,Tarleton St.,9,2.17782,71.0,24.5,4705372.0
Vladislav Goldin,Florida Atlantic,0,0.820873,85.0,20.9,4700818.0
Brock Gilbert,Utah Tech,5,-5.75634,70.0,16.4,4701243.0
Dylan Brougham,Nebraska Omaha,15,-2.05397,81.0,15.1,4702679.0
Emon Washington,Illinois St.,10,-3.56938,77.0,12.7,4703900.0
Rongie Gordon,UAB,15,4.53682,80.0,12.0,4432400.0
Caleb Lohner,BYU,7,-0.486498,80.0,19.8,4432208.0
Nana Antwi-Boasiako,Stephen F. Austin,15,-1.23626,81.0,17.2,4703693.0
Nick Gazelas,Montana St.,12,-1.19791,76.0,15.1,4702072.0
Noah Taitz,Stanford,10,-1.15735,75.0,17.0,4432398.0
Jay Pal,Jacksonville St.,15,3.06983,81.0,13.8,4703247.0
Jalen Finch,Jacksonville St.,9,-0.00353425,73.0,18.9,4703243.0
Kevin Osawe,Little Rock,10,-5.49906,79.0,17.0,4703072.0
Jacob Ognacevic,Lipscomb,3,-3.76048,79.0,22.4,4703983.0
Brandon Angel,Stanford,12,0.866361,80.0,18.4,4590354.0
Sheldon Edwards,Valparaiso,3,1.91192,76.0,24.1,4703982.0
Jacksen Greco,Mercer,14,-2.50935,75.0,13.1,4703818.0
Kobe Williamson,Seattle,15,3.39563,80.0,14.9,4702017.0
Justin Amadi,James Madison,13,2.09031,79.0,17.3,4702765.0
Pierce Spencer,Nicholls St.,6,1.14657,75.0,16.8,4703670.0
Josiah Freeman,Western Michigan,10,-4.02357,75.0,12.8,4703544.0
Mylyjael Poteat,Rice,8,-4.58285,81.0,26.8,4590358.0
Tommy Murr,Lipscomb,1,-3.49795,73.0,18.9,4700835.0
Vuk Vulikic,UC San Diego,4,-8.90992,77.0,15.2,4703081.0
BJ Marable,UNC Asheville,16,-8.32674,81.0,11.8,4702141.0
Micah Schnyders,Eastern Illinois,4,-11.1671,76.0,14.8,4703230.0
Caden Boser,UMKC,14,-0.732881,80.0,14.5,4702638.0
William Dunn,Youngstown St.,12,-1.19255,80.0,17.0,4702992.0
Bakari LaStrap,IU Indy,5,-12.2963,72.0,27.8,4702710.0
Kenny White Jr.,Tennessee Tech,3,-1.95477,79.0,21.1,4703423.0
Carvell Teasett,Northwestern St.,1,-3.00201,73.0,24.7,4703672.0
Zion Styles,Maryland Eastern Shore,5,-5.5824,75.0,24.9,4704099.0
Daniel Batcho,Texas Tech,13,7.85027,83.0,12.8,4683631.0
Dalen Terry,Arizona,11,7.43036,79.0,15.1,4433159.0
Tibet Gorener,San Jose St.,17,-3.47667,81.0,15.9,4702371.0
Azuolas Tubelis,Arizona,2,6.40531,83.0,26.7,4702372.0
Max Klesmit,Wofford,11,1.34237,75.0,24.2,4703885.0
Sam Godwin,Wofford,8,0.965699,81.0,23.0,4703886.0
Kerr Kriisa,Arizona,1,2.12384,75.0,18.8,4683633.0
Keondre Montgomery,Alcorn St.,3,-2.56426,79.0,22.3,4432410.0
Lachlan Bofinger,UTSA,16,-2.71244,78.0,14.3,4703124.0
Kyler Filewich,Southern Illinois,8,-4.20351,81.0,22.4,4703923.0
Luke Kasubke,Kansas St.,10,-0.479205,77.0,11.2,4432443.0
RJ Davis,North Carolina,11,5.49344,72.0,20.3,4433176.0
Justin Powell,Tennessee,14,3.09663,78.0,13.3,4432250.0
Kailen Rains,Cal St. Northridge,4,-6.60279,78.0,10.9,4590351.0
Devon Hancock,Milwaukee,10,-8.05611,75.0,14.4,4702933.0
C.J. Wilcher,Nebraska,12,1.8346,77.0,15.1,4432590.0
Dylan Cardwell,Auburn,0,12.7735,83.0,11.5,4433174.0
Alex Merkviladze,Loyola Marymount,17,-4.80612,80.0,16.1,4702495.0
Atin Wright,Cal St. Northridge,1,-3.39372,73.0,25.1,4702491.0
Isiah Warfield,Liberty,15,-1.0875,77.0,8.0,4700843.0
Jeff Woodward,Colgate,8,-0.94921,83.0,24.7,4702503.0
Kyle Jenkins,Lafayette,17,-2.93559,79.0,19.2,4704950.0
Mikeal Brown-Jones,VCU,2,2.81171,80.0,19.1,4433224.0
Johnny Brown,Florida A&M,12,0.0055144,81.0,15.6,4704021.0
Sam Thomson,Colgate,8,-3.86999,81.0,17.5,4702501.0
Ronnie DeGray III,Missouri,3,3.59828,78.0,17.5,4701128.0
Frantisek Barton,Mount St. Mary's,16,-4.83776,79.0,16.0,4703170.0
Adrian Baldwin Jr.,VCU,9,4.30966,73.0,23.2,4433182.0
Jon Brantley,Lafayette,10,-10.7238,75.0,26.5,4704949.0
Josh Reaves,Mount St. Mary's,14,-3.046,76.0,16.7,4703169.0
Quinton Mincey,UMass Lowell,7,-3.1443,79.0,16.4,4567710.0
Dyondre Dominguez,Massachusetts,17,-4.06743,81.0,16.1,4701126.0
Josh Adoh,Bucknell,1,-6.11051,75.0,23.3,4702498.0
Andre Screen,Bucknell,8,-1.99128,84.0,25.7,4702499.0
Dakota Leffew,Mount St. Mary's,10,-3.53422,77.0,17.7,4703167.0
Kaodirichi Akobundu-Ehiogu,UT Arlington,0,6.04369,81.0,10.1,4403467.0
Javohn Garcia,Massachusetts,6,0.702535,74.0,17.2,4701125.0
DaJion Humphrey,Holy Cross,14,-4.19882,76.0,16.4,4589475.0
Malcolm Townsel,Holy Cross,15,-5.12859,77.0,11.8,4702510.0
Louth-M Coulibaly,Holy Cross,16,-4.97655,80.0,16.9,4702513.0
Judson Martindale,Holy Cross,7,-6.14089,78.0,19.4,4702512.0
Caelan Jones,Boston University,14,-2.58108,77.0,15.5,4702488.0
Miles Brewster,Boston University,17,-4.70578,75.0,13.5,4702490.0
Anthony Morales,Boston University,6,-0.498294,80.0,22.2,4590364.0
Bo Montgomery,Holy Cross,10,-6.46048,77.0,19.8,4702509.0
Colin Smalls,American,1,-5.24872,74.0,20.1,4433245.0
Johnny O'Neil,American,3,-2.54702,81.0,20.1,4702481.0
Matt Rogers,American,8,-0.237228,81.0,21.5,4575108.0
Jalen Rucker,Army,1,-0.342287,70.0,27.7,4705299.0
Eric Sondberg,Lafayette,4,-9.60949,79.0,17.1,4704951.0
Charlie Peterson,Army,8,-1.84815,81.0,18.9,4705305.0
Jared Cross,Army,17,-4.92876,75.0,12.0,4705304.0
Nigel Scantlebury,Central Connecticut,9,-2.24017,72.0,25.4,4703142.0
Alonso Faure,Loyola MD,16,-4.10875,82.0,19.9,4702520.0
Matt Dove,Army,8,-3.84385,82.0,18.6,4705307.0
Wade Jackson,Loyola MD,10,-7.91211,75.0,14.0,4589477.0
Quadry Adams,St. Bonaventure,17,-3.32174,75.0,14.6,4585591.0
Tre Mitchell,Central Connecticut,10,-5.52111,75.0,19.5,4703143.0
Dominic Parolin,Lehigh,7,-1.81266,80.0,16.5,4702518.0
Lorenzo Donadio,American,17,-3.05408,76.0,11.3,4702478.0
Josh Banks,VCU,17,-4.3367,77.0,16.3,4432402.0
Floyd Rideau Jr.,USC Upstate,4,-9.48437,76.0,16.8,4704083.0
Latavian Lawrence,South Carolina St.,3,-1.31741,78.0,18.2,4704080.0
Oumar Diahame,Saint Peter's,0,3.46605,82.0,9.8,4703529.0
Dylan Penn,Bellarmine,9,-0.235665,75.0,31.7,4700826.0
Garrett Tipton,Bellarmine,17,-3.62711,76.0,17.9,4700825.0
Alec Pfriem,Bellarmine,12,1.41256,77.0,15.0,4700823.0
Jamille Reynolds,UCF,15,-3.02317,82.0,21.2,4432407.0
Isaiah Adams,UCF,5,-2.58966,78.0,21.3,4433527.0
Malik Edmead,Merrimack,9,-2.14102,70.0,27.0,4703155.0
CJ Fleming,Bellarmine,14,0.911578,72.0,20.8,4700829.0
Jemel Davis,South Carolina St.,7,-2.02413,81.0,20.8,4898328.0
Vuk Stevanic,St. Francis NY,4,-5.87395,80.0,13.0,4703184.0
DeLonnie Hunt,Wagner,1,-0.0168424,72.0,14.6,4703199.0
Zahree Harrison,Saint Francis,4,-8.75418,72.0,16.3,4703193.0
Ronell Giles Jr.,Saint Francis,10,-3.52563,76.0,21.6,4703194.0
Maxwell Land,Saint Francis,10,-3.37779,76.0,17.5,4433582.0
Joseph Octave,Air Force,3,-3.04423,76.0,25.3,4708045.0
Glen McClintock,Northeastern,5,-0.960629,74.0,14.0,4432051.0
John Akot Aguer,Mississippi Valley St.,16,-6.3666,80.0,12.6,4899808.0
Jadan Coleman,Tulane,14,0.843545,76.0,20.1,4602024.0
Sion James,Tulane,6,3.26908,77.0,14.2,4602025.0
Terry Collins,Mississippi Valley St.,1,-4.06534,75.0,21.7,4705894.0
Devin Gordon,Mississippi Valley St.,14,-6.00363,76.0,22.5,4705893.0
Dallas Howell,North Alabama,17,-3.71508,79.0,18.3,4709454.0
Austin Patterson,Wofford,11,2.05925,75.0,12.5,4710625.0
Chad Venning,Morgan St.,16,-3.16102,82.0,26.6,4711312.0
Reese Dixon-Waters,USC,14,2.78872,77.0,16.5,4711593.0
Mustapha Amzil,Dayton,3,0.953625,82.0,17.5,4711607.0
Carter Whitt,Wake Forest,4,-5.55991,75.0,17.0,4711679.0
Meechie Johnson Jr.,Ohio St.,10,-0.51544,74.0,19.0,4710770.0
Charlie Yoder,Incarnate Word,5,-2.9108,76.0,23.9,4712412.0
Franck Kepnang,Oregon,0,0.938218,83.0,16.9,4711400.0
Sadaidriene Hall,Stephen F. Austin,2,6.57659,77.0,21.8,4713935.0
Jordan Nesbitt,Saint Louis,3,2.93119,78.0,17.3,4714246.0
David Jones,DePaul,6,5.49715,78.0,26.3,4713010.0
Stephan Swenson,Stetson,5,-4.71157,74.0,21.7,4700860.0
Reid Grant,North Dakota,4,-10.9772,75.0,15.9,4897278.0
Paul Bruns,North Dakota,14,-1.4419,76.0,22.4,4897282.0
Daniel Titus,Coppin St.,10,-5.88035,80.0,16.7,4897758.0
Alex Rojas,Coppin St.,12,-1.79341,77.0,10.5,4897756.0
Matt Cerruti,Albany,14,1.4425,76.0,17.2,4896617.0
KJ Jenkins,New Mexico,14,-1.87403,74.0,20.1,4897526.0
Ethan Price,Eastern Washington,3,-1.75418,82.0,19.1,4897852.0
Luka Savicevic,Eastern Michigan,10,-7.0325,75.0,16.2,4898292.0
Mo Njie,Eastern Michigan,15,-4.31869,82.0,19.0,4898293.0
Jalin Billingsley,Georgetown,7,-3.41875,80.0,13.6,4687376.0
Tyler Beard,Georgetown,5,-5.64976,74.0,18.0,4433195.0
David Shriver,Hartford,12,-1.27712,78.0,15.2,4902627.0
Trey Sampson,Arkansas Pine Bluff,7,-5.24697,81.0,25.0,4897865.0
Kimo Ferrari,Brown,10,-1.22135,72.0,12.5,4702980.0
Caleb Houstan,Michigan,14,3.51096,80.0,17.0,4433623.0
Frankie Collins,Michigan,5,-1.55733,73.0,21.6,4433616.0
Moussa Diabate,Michigan,8,3.56742,83.0,20.1,4433249.0
Manny Littles,Nicholls St.,8,-3.18091,79.0,20.1,4897327.0
Qua Grant,Wichita St.,5,1.53854,73.0,19.0,4897201.0
Sydney Curry,Louisville,13,3.36823,80.0,24.9,4897146.0
El Ellis,Louisville,1,-0.989301,75.0,24.2,4897145.0
Gyasi Powell,Jacksonville,10,-3.18106,74.0,16.5,4897562.0
George Pridgett,Jacksonville,10,-1.66812,70.0,15.1,4897566.0
Chuks Isitua,IU Indy,16,-6.03482,83.0,17.1,4433271.0
Cameron Butler,North Carolina Central,16,-9.42095,82.0,14.8,4898289.0
Ryan Mutombo,Georgetown,8,0.0747384,86.0,20.9,4683739.0
Aminu Mohammed,Georgetown,6,1.80506,77.0,25.2,4433252.0
Daeshun Ruffin,Mississippi,9,1.42295,69.0,32.2,4432638.0
Sean Pedulla,Virginia Tech,11,3.64219,73.0,23.0,4709131.0
Elijah Hutchins-Everett,Austin Peay,8,-3.57474,83.0,25.0,4433161.0
Drew Calderon,Austin Peay,10,-1.94749,76.0,15.4,4897237.0
Honor Huff,VMI,11,-3.35783,70.0,19.5,4897365.0
Brennan Watkins,VMI,10,-7.3613,71.0,16.6,4897364.0
Tylor Perry,North Texas,11,6.27878,71.0,23.5,4897518.0
Alvin Tumblin,Stetson,15,-1.23104,79.0,18.4,4897621.0
Walter Clayton Jr.,Iona,11,2.98122,74.0,21.9,4896372.0
Simon Wilbar,Indiana St.,3,-2.02719,83.0,17.9,4897468.0
James Lee,NJIT,6,-1.0508,75.0,19.0,4897181.0
Bryce Harris,Howard,7,-8.09774,76.0,25.2,4897768.0
Luke Goode,Illinois,10,2.6933,79.0,13.7,4683743.0
Elijah Hawkins,Howard,9,-1.82871,71.0,29.3,4897766.0
Jaylen Murray,Saint Peter's,5,-3.57795,71.0,25.1,4683865.0
Preston Phillips,Evansville,7,-2.18809,80.0,9.1,4897456.0
Javian McCollum,Siena,11,-2.67105,74.0,19.5,4898267.0
Jared Billups,Siena,15,0.403341,76.0,13.9,4898266.0
Alex Anderson,South Alabama,8,-1.97806,78.0,15.1,4897173.0
Amir Spears,Duquesne,1,-3.80958,75.0,25.4,4897090.0
Yusef Salih,Idaho,10,-3.3713,72.0,13.6,4897877.0
Pat Kelly,Fordham,17,-2.48835,80.0,13.5,4432014.0
Antrell Charlton,Fordham,6,1.03587,77.0,16.9,4897085.0
Rostyslav Novitskyi,Fordham,15,-0.85284,82.0,14.6,4897084.0
Mario Haskett Jr,Hampton,10,-4.02087,74.0,14.7,4897632.0
Denham Wojcik,Harvard,4,-4.26762,73.0,12.1,4610138.0
Kamari McGee,Green Bay,1,-5.11161,72.0,26.9,4897723.0
Cade Meyer,Green Bay,3,-3.20443,80.0,21.4,4897724.0
Louis Lesmond,Harvard,14,-1.14729,78.0,15.5,4898222.0
DeeJuan Pruitt,SIU Edwardsville,7,-2.68439,80.0,22.3,4897293.0
Kyree Brown,Seattle,5,-3.20744,72.0,15.2,4896942.0
DJ Patrick,South Florida,10,-3.56521,78.0,17.2,4897129.0
Ryan Cornish,Dartmouth,6,-2.75821,75.0,25.3,4898190.0
Casey Jones,Eastern Washington,15,-3.95122,78.0,12.7,4897857.0
Harrison Ingram,Stanford,3,3.41742,80.0,22.1,4433618.0
Maxime Raynaud,Stanford,2,2.17576,85.0,21.5,4898371.0
Mason Landdeck,Eastern Washington,4,-8.35047,74.0,22.4,4897855.0
Chase Thompson,Southeast Missouri St.,17,-1.99092,79.0,12.2,4897305.0
Dale Bonner,Baylor,5,3.50776,74.0,12.9,4601289.0
Jordan Hawkins,Connecticut,10,-0.667299,77.0,21.3,4683750.0
Jorell Saterfield,UTEP,14,0.390624,76.0,12.5,4897578.0
Justin Harmon,Utah Valley,7,-1.17841,76.0,24.9,4896970.0
Marshall Kearing,South Alabama,15,1.47698,81.0,16.3,4897174.0
Erik Oliver,South Dakota,17,-3.99102,73.0,19.1,4897256.0
Zakai Zeigler,Tennessee,9,4.9966,69.0,22.4,4883573.0
Clarence Rupert,Saint Peter's,7,1.53517,80.0,20.1,4898258.0
Ajay Mitchell,UC Santa Barbara,11,0.282327,76.0,19.2,4900671.0
Marchelus Avery,New Mexico St.,7,0.917792,80.0,17.0,4896927.0
Cole Anderson,UC Santa Barbara,14,-0.47254,76.0,14.9,4900668.0
Atiki Ally Atiki,BYU,0,1.5925,81.0,16.2,4896973.0
RJ Felton,East Carolina,10,-4.59583,75.0,19.9,4708215.0
Christian Wright,Georgia,5,-1.80745,75.0,16.6,4896464.0
Kevin Cunningham,St. Thomas,14,-2.23923,72.0,13.6,4897239.0
Josiah Morris,Tennessee Martin,17,-6.10555,78.0,13.8,4897335.0
Anders Nelson,St. Thomas,1,-2.93239,72.0,29.8,4897242.0
Parker Bjorklund,St. Thomas,2,-2.41713,78.0,27.3,4897243.0
Riley Miller,St. Thomas,14,0.219342,75.0,21.7,4897244.0
Trazarien White,UNC Wilmington,8,-0.536725,78.0,17.8,4897714.0
Yaw Obeng-Mensah,UMBC,8,-1.16526,79.0,21.5,4898002.0
Nika Metskhvarishvili,Louisiana Monroe,3,-0.886956,80.0,25.4,4897141.0
Josh Baker,UNLV,12,1.0103,76.0,13.3,4897538.0
Jarius Hicklen,North Florida,1,-1.45831,75.0,22.7,4897614.0
Rob Brown III,Niagara,10,-5.1978,76.0,13.9,4898228.0
Taran Armstrong,Cal Baptist,9,-1.86444,77.0,24.8,4896850.0
Tyler Rice,William & Mary,5,-7.29322,73.0,22.7,4897718.0
Carlos Stewart,Santa Clara,6,0.546475,73.0,21.4,4683956.0
Julian Lewis,William & Mary,4,-5.43909,78.0,21.0,4897717.0
Gus Etchison,Western Michigan,4,-9.15401,71.0,25.9,4898348.0
Kevin Davis,Bethune Cookman,3,-1.23847,78.0,24.4,4899526.0
Justice Williams,LSU,4,-0.384842,75.0,12.5,4683676.0
Mike Meadows,Portland,1,-0.878401,74.0,15.8,4339478.0
Julien Soumaoro,Gardner Webb,5,-3.84779,71.0,17.3,4897626.0
Erik Reynolds II,Saint Joseph's,1,-0.442399,74.0,20.7,4683952.0
Francis Nwaokorie,UC San Diego,2,2.83963,79.0,22.2,4897686.0
Darius Johnson,UCF,5,-1.03547,73.0,20.6,4684809.0
Jasin Sinani,Milwaukee,4,-9.01893,75.0,12.2,4838557.0
Johnathan Massie,McNeese St.,4,-3.98272,77.0,16.4,4897338.0
Mason Stark,Northern Arizona,14,-3.37518,74.0,14.2,4897937.0
Sebastian Forsling,New Mexico,16,-1.9424,84.0,10.9,4897528.0
Matt Mayers,Robert Morris,15,-0.645685,80.0,16.3,4898180.0
Marquis Barnett,Presbyterian,17,-0.0433192,76.0,15.3,4897641.0
Shemarri Allen,UMKC,13,-0.071772,76.0,12.7,4897232.0
Owen Long,Youngstown St.,12,0.242704,74.0,15.5,4606875.0
Jamarion Sharp,Western Kentucky,0,8.11433,89.0,12.9,4897696.0
Malachi Wideman,Jackson St.,4,-6.69456,77.0,32.9,4899538.0
Tim Dalger,Tulsa,7,-4.00281,79.0,20.8,4897153.0
Nikita Konstantynovskyi,Tulsa,8,-1.2623,82.0,16.5,4897154.0
Nolan Naess,Army,12,-2.04755,80.0,14.4,4897934.0
Dhieu Deing,UTSA,1,-1.19441,77.0,28.4,4897688.0
Isaiah Gray,Cornell,4,-8.12977,75.0,17.7,4702973.0
Chris Manon,Cornell,6,1.82127,77.0,30.6,4702972.0
Sean Hansen,Cornell,3,-0.230803,81.0,22.8,4702971.0
Augustas Marciulionis,Saint Mary's,5,-1.02894,76.0,19.6,4897197.0
Jalen Smith,SMU,17,0.534484,76.0,8.7,4690767.0
Zhuric Phelps,SMU,5,-0.622126,75.0,18.2,4699725.0
Jay Allen-Tovar,New Mexico,15,0.849268,81.0,16.6,4897529.0
Julian Reese,Maryland,8,1.10447,81.0,20.6,4683742.0
DJ Burns,Murray St.,8,6.26659,79.0,12.3,4594111.0
Isaac Haney,Missouri St.,10,-1.04972,74.0,14.3,4897477.0
Chase Davis,Maryland Eastern Shore,10,-4.8847,75.0,19.5,4898269.0
Justin Neely,Albany,7,-6.95126,77.0,25.6,4896620.0
Aaron Reddish,Albany,4,-6.69512,79.0,22.0,4896621.0
Ny'Mire Little,Albany,4,-11.0644,76.0,24.8,4896619.0
Max Christie,Michigan St.,14,2.29862,78.0,17.2,4432582.0
Zion Russell,Northern Illinois,5,-4.62869,72.0,15.6,4898334.0
Basheer Jihad,Ball St.,7,-5.1502,81.0,20.4,4898009.0
Dezi Jones,Quinnipiac,11,-1.01489,70.0,22.0,4898242.0
George Smith,Penn,3,-1.43446,76.0,14.1,4898227.0
Nick Spinoso,Penn,15,-2.35871,81.0,20.6,4898224.0
Arian Dehnavi,Central Connecticut,16,-5.59218,82.0,14.7,4896533.0
Trenton McLaughlin,Central Connecticut,17,-2.81435,78.0,15.3,4896538.0
Javier Esquerra Trelles,Wagner,4,-9.07941,73.0,18.1,4897950.0
Zaire Williams,Wagner,17,-0.911334,76.0,15.3,4897951.0
Kenny Pohto,Wichita St.,15,3.27255,83.0,19.7,4684445.0
Greg Spurlock,Coppin St.,4,-7.74007,77.0,11.7,4897755.0
Michael Moshkovitz,Penn,6,0.719089,79.0,17.5,4702956.0
Quay Kimble,UNC Asheville,12,-0.894916,70.0,13.5,4283783.0
Liam Murphy,Columbia,14,-3.26978,79.0,18.6,4702975.0
Aaron Cash,Texas A&M,8,5.63386,78.0,10.5,4896467.0
Manny Obaseki,Texas A&M,7,-0.146482,76.0,18.1,4433277.0
Ryan Nembhard,Creighton,5,0.540999,72.0,22.1,4433629.0
Taje' Kelly,Charleston Southern,8,-3.69126,80.0,20.9,4896986.0
Cedric Garrett,Northwestern St.,1,-1.42464,77.0,19.3,4897318.0
Zurabi Zhgenti,Northwestern St.,7,-8.66749,81.0,19.6,4897320.0
Julian Roper II,Northwestern,10,3.13303,75.0,12.5,4683949.0
Emareyon McDonald,Northwestern St.,1,-3.20336,74.0,20.1,4897315.0
Shaun Riley II,Northwestern St.,16,-7.10205,78.0,18.8,4897317.0
Jalen King,Northwestern St.,17,-5.38806,77.0,16.0,4897316.0
Casey Simmons,Northwestern,7,-1.01056,78.0,15.3,4432692.0
Wayne McKinney II,San Diego,5,0.63193,72.0,17.1,4897202.0
Matt Knowling,Yale,15,2.31485,77.0,15.2,4898246.0
Bez Mbeng,Yale,6,1.59167,76.0,16.2,4898237.0
Camron McNeil,Radford,4,-7.0722,77.0,19.1,4897647.0
Imo Essien,Old Dominion,5,-8.93894,71.0,14.7,4897541.0
Quincy Clark,Lipscomb,4,-7.91977,74.0,17.8,4897581.0
Trae Benham,Lipscomb,12,0.669558,75.0,20.0,4897579.0
Jalen Sullinger,Kent St.,5,-5.9946,70.0,20.2,4898316.0
Joe Charles,Louisiana,12,3.37307,79.0,16.7,4708075.0
C.J. Noland,Oklahoma,11,4.07853,74.0,16.2,4694228.0
Bijan Cortes,Oklahoma,5,-2.0606,75.0,17.7,4612129.0
Coltie Young,Jackson St.,17,-3.13753,75.0,18.8,4899535.0
John Butler,Florida St.,15,2.8452,85.0,16.4,4432588.0
Josh Uduje,Coastal Carolina,17,-2.32062,77.0,17.3,4897224.0
Josh Farmer,UTSA,4,-10.6963,81.0,19.3,4897689.0
Ta'Quan Woodley,South Carolina,16,1.82778,80.0,13.3,4684446.0
Lamin Sabally,UTSA,4,-6.95831,79.0,14.5,4897691.0
Christian Tucker,UTSA,4,-5.34544,75.0,16.5,4897692.0
Jalen Warley,Florida St.,5,-0.519808,78.0,15.7,4683147.0
Cam Carter,Mississippi St.,5,-1.07722,75.0,18.3,4898380.0
Josh Odunowo,Columbia,8,-0.241519,78.0,18.8,4702976.0
Patrick Harding,Columbia,8,-4.70054,81.0,20.0,4702977.0
Paul Bizimana,Eastern Illinois,7,-3.25495,80.0,20.7,4897265.0
Pedro Lopez-Sanvicente,Denver,15,-1.46198,80.0,10.5,4897291.0
Coban Porter,Denver,14,-4.30312,76.0,23.1,4897288.0
Touko Tainamo,Denver,15,-2.55309,81.0,16.3,4897292.0
Frankie Fidler,Nebraska Omaha,3,-2.50338,79.0,22.4,4897263.0
Donte Houston Jr.,UT Rio Grande Valley,15,-6.17689,81.0,17.0,4896965.0
Mouhamed Gueye,Washington St.,15,3.45133,83.0,18.9,4712863.0
Caleb Furst,Purdue,15,4.09047,82.0,13.1,4433598.0
Mikel Henderson,Tennessee Martin,10,-3.91868,73.0,18.2,4897330.0
Grant Hurst,Tennessee Martin,4,-6.28535,74.0,9.8,4897332.0
Jalen Duren,Memphis,0,9.39587,83.0,23.0,4433621.0
Emoni Bates,Memphis,3,-0.55972,81.0,23.2,4433620.0
Aboubacar Traore,Long Beach St.,13,5.83932,77.0,19.0,4897670.0
Aymeric Toussaint,Marshall,13,-3.36621,81.0,13.3,4897505.0
Fousseyni Traore,BYU,2,6.65481,78.0,20.3,4712348.0
Benny Williams,Syracuse,7,-2.80348,80.0,13.5,4575472.0
Luke Turner,Wofford,17,-1.69354,79.0,15.2,4684160.0
Mekhi Collins,Nicholls St.,13,0.149985,80.0,12.5,4897326.0
Ben Nau,St. Thomas,17,-7.3329,74.0,15.4,4897240.0
Ryan Maxwell,Nicholls St.,16,-3.22933,79.0,9.4,4897325.0
Noa Gonsalves,Utah Tech,17,-0.340636,73.0,11.9,4896874.0
JD Davison,Alabama,9,3.9465,75.0,20.7,4576085.0
Elijah Stephens,American,5,-5.31099,69.0,17.8,4897139.0
Desmond Watson,Davidson,4,-6.65986,77.0,19.1,4897098.0
Charles Lampten,Charleston,0,2.735,83.0,10.4,4896999.0
Kino Lilly Jr.,Brown,11,-0.775965,72.0,22.6,4898208.0
Raekwon Horton,Charleston,3,1.67416,78.0,14.6,4896996.0
Reyne Smith,Charleston,14,1.93944,74.0,17.3,4896994.0
Ben Burnham,Charleston,3,1.72581,79.0,18.4,4896997.0
D.J. Smith,Little Rock,5,-6.7062,72.0,19.0,4897215.0
Quion Burns,LIU,17,-2.67528,77.0,14.2,4897990.0
Jordan Jones,Mercer,11,-2.07326,72.0,15.7,4897378.0
Bensley Joseph,Miami FL,10,-0.794218,73.0,12.6,4683753.0
Ezekiel Alley,Portland St.,1,-0.394071,73.0,24.3,4712247.0
Luke Chicone,Youngstown St.,5,-4.4957,70.0,16.1,4898197.0
Darius DeAveiro,Valparaiso,4,-3.92309,72.0,10.9,4897486.0
Kevion Taylor,Valparaiso,14,-0.597387,78.0,20.1,4897488.0
Milos Ilic,Loyola MD,17,-5.60548,81.0,17.4,4897890.0
David Brown III,Loyola MD,4,-8.00429,77.0,12.9,4897893.0
Kam Jones,Marquette,14,2.12798,76.0,18.7,4697268.0
Noah Harris,Marist,10,-1.27396,73.0,17.3,4896379.0
Jao Ituka,Marist,9,-0.0665348,73.0,35.4,4896378.0
Julian Hammond III,Colorado,5,0.452851,75.0,16.4,4692907.0
Nate Tshimanga,Troy,4,-8.17989,82.0,17.1,4709322.0
Keisei Tominaga,Nebraska,14,1.12325,74.0,17.0,4897433.0
AJ Braun,Wright St.,8,-5.19974,81.0,20.4,4709318.0
Geronimo Rubio De La Rosa,Columbia,1,-3.96373,74.0,22.1,4898213.0
Ian Motta,Bucknell,10,-7.42498,78.0,12.6,4897910.0
Nazir Williams,Cornell,11,-3.87927,75.0,21.5,4898217.0
Elvin Edmonds IV,Bucknell,5,-3.4788,74.0,14.3,4897911.0
Brandon Betson,Chicago St.,1,-4.35784,73.0,24.7,4896861.0
Brandon Weatherspoon,Florida Atlantic,12,0.761132,76.0,15.6,4897476.0
Teddy Bayi Ba Mandeng,Chicago St.,16,-4.7737,81.0,12.9,4896865.0
Favour Chukwukelu,Chicago St.,17,-2.72889,73.0,12.2,4896867.0
Simas Lukosius,Butler,3,-0.413796,78.0,20.4,4897411.0
Zeke Mayo,South Dakota St.,11,2.14636,75.0,16.4,4897251.0
Peyton Watson,UCLA,7,2.41336,80.0,21.2,4576087.0
Rahdir Hicks,Towson,4,-1.81397,72.0,10.4,4897712.0
Kaleb Stewart,Louisiana Tech,14,-3.39694,75.0,15.7,4897498.0
Izaiah Robinson,Dartmouth,10,-6.07868,75.0,17.7,4702967.0
Deaquan Williams,South Carolina St.,16,-5.09784,80.0,19.5,4286093.0
Johnny Hughes III,Incarnate Word,3,-7.25762,80.0,32.0,4897345.0
Noah Robledo,Columbia,10,-4.31241,77.0,17.9,4683745.0
Denver Jones,FIU,1,-0.666415,76.0,24.3,4897493.0
Aquan Smart,FIU,5,-6.07988,75.0,22.2,4590400.0
Blake Jones,George Mason,17,-1.02333,82.0,9.8,4897083.0
Artese Stapleton,Radford,5,-1.30171,74.0,24.3,4708648.0
Chandler Jacobs,Colorado St.,6,1.71225,75.0,16.6,4897513.0
Amoro Lado,Hawaii,14,-3.66644,74.0,17.7,4897665.0
Randy Tucker,Green Bay,17,-5.53477,76.0,15.1,4897725.0
Conley Garrison,Furman,12,5.64816,73.0,14.4,4897385.0
Brandon Brown,Arkansas Pine Bluff,6,-1.95513,77.0,25.9,4897863.0
Brahm Harris,Arkansas Pine Bluff,17,-9.60881,78.0,14.0,4897864.0
Juan Reyna,Alabama St.,14,-5.54432,74.0,19.3,4897872.0
Jayme Mitchell,Alabama St.,17,-5.3876,77.0,15.0,4897873.0
Paul King,Alcorn St.,5,-5.33047,72.0,20.9,4899680.0
Derrick Tezeno,Stephen F. Austin,15,-0.404085,77.0,13.5,4896946.0
Great Osobor,Montana St.,13,1.00328,80.0,20.4,4897921.0
Daniel Ortiz,North Alabama,1,-2.37598,72.0,29.6,4897604.0
Pape Momar Cisse,North Alabama,17,-4.54706,82.0,13.2,4897609.0
Bryce McGowens,Nebraska,3,-0.673336,79.0,26.2,4576086.0
Alex Tew,Weber St.,16,-4.74394,83.0,18.5,4897981.0
Houston Mallette,Pepperdine,14,0.723978,77.0,19.6,4709141.0
Mike Mitchell Jr.,Pepperdine,5,-1.03275,74.0,19.3,4897176.0
Brock McClure,Lamar,3,-3.36038,78.0,16.3,4896925.0
Matt Norman,North Dakota,1,-4.29485,76.0,20.6,4897277.0
Valentin Catt,Lamar,16,-2.47739,82.0,14.4,4896923.0
Tsotne Tsartsidze,North Dakota,8,-4.56327,81.0,19.4,4897280.0
TK Smith,Troy,10,-1.17214,77.0,20.9,4703552.0
Jabari Smith,Auburn,2,7.00491,82.0,26.2,4432639.0
Kevin Kalu,UTEP,16,-6.76417,81.0,11.1,4897577.0
Christyon Eugene,Troy,5,-1.3525,75.0,19.3,4897147.0
Brayon Freeman,George Washington,9,-2.16704,74.0,24.1,4613126.0
Kowacie Reeves,Florida,14,0.3908,78.0,17.6,4683757.0
Mohab Yasser,East Tennessee St.,12,1.10363,77.0,16.2,4897386.0
Oscar Berry,Fairleigh Dickinson,12,-1.56255,76.0,13.7,4897999.0
Anquan Hill,Fairleigh Dickinson,7,-2.30489,81.0,18.6,4709320.0
Chase Barrs,Florida A&M,16,-4.55148,81.0,12.5,4432939.0
Arthur Kaluma,Creighton,3,0.527401,79.0,23.7,4433599.0
Kalib Clinton,Charleston Southern,7,-8.88059,77.0,26.3,4896984.0
Zek Montgomery,Bradley,10,-5.71153,78.0,18.9,4897446.0
Trey Alexander,Creighton,5,1.67128,76.0,17.6,4433268.0
Ibbe Klintman,Central Arkansas,17,-4.93816,80.0,12.5,4897015.0
Kristians Feierbergs,Maine,3,-4.55023,80.0,20.4,4897162.0
Byron Ireland,Maine,5,-8.29762,73.0,25.1,4897160.0
Josh Minott,Memphis,2,8.53619,80.0,21.7,4687718.0
Brian Matthews,North Dakota,8,-4.40193,81.0,16.8,4897284.0
Aaron Scott,North Texas,15,3.36323,79.0,15.2,4897517.0
Peter Filipovity,Maine,7,-6.6838,79.0,24.7,4897167.0
Clark Slajchert,Penn,1,-3.08391,73.0,22.8,4702954.0
Tevin Olison,Youngstown St.,11,0.0871431,76.0,21.7,4898195.0
Troy D'Amico,Southern Illinois,7,1.10411,79.0,12.1,4897483.0
Trey Moss,South Florida,4,-7.13562,75.0,15.7,4708220.0
Corey Perkins,Delaware St.,5,-8.34361,74.0,17.3,4897761.0
Avery Richardson,Delaware St.,4,-8.22875,69.0,14.7,4897765.0
Samuel Silverstein,Harvard,15,1.04259,78.0,11.0,4702961.0
Jordan Jefferson,Little Rock,14,-2.19457,74.0,18.8,4897214.0
Avontez Ledet,Lamar,10,-5.81624,74.0,17.6,4896920.0
Deiman Reyes,Lamar,16,-5.70637,80.0,9.8,4684465.0
Hugo Clarkin,Sacramento St.,15,-5.03868,84.0,9.8,4703347.0
Tedrick Wilcox Jr.,St. Francis NY,3,-2.48725,78.0,16.2,4897958.0
Kanye Jones,Boston College,4,-8.27429,76.0,16.4,4791225.0
CJ Lane,Eastern Illinois,10,-7.25602,77.0,22.2,4897266.0
Kejuan Clements,Eastern Illinois,5,-6.45318,74.0,21.5,4897264.0
Michael Wardy,Eastern Kentucky,13,2.21827,79.0,15.9,4896991.0
Tyson Degenhart,Boise St.,12,6.13647,79.0,16.1,4898260.0
Jaeden Zackery,Boston College,11,3.3852,74.0,16.7,4896615.0
Charles Bediako,Alabama,13,9.67161,84.0,15.9,4565203.0
Jayden Nunn,VCU,6,2.29428,76.0,17.4,4896614.0
Nick Kern,VCU,7,-2.31104,78.0,14.3,4684145.0
Jalen Breazeale,USC Upstate,5,-6.20274,70.0,18.8,4897648.0
Jordan Gainey,USC Upstate,11,1.26927,76.0,21.0,4897649.0
Keshon Gilbert,UNLV,5,3.18291,76.0,17.7,4585618.0
Nick Alves,USC Upstate,7,-6.14143,78.0,18.6,4897650.0
Montez Young Jr.,UT Arlington,7,0.281008,77.0,15.0,4897136.0
Jalen DeLoach,VCU,0,3.21775,81.0,18.9,4432483.0
Shemar Wilson,UT Arlington,8,-1.15375,81.0,18.0,4897135.0
Jaylin Gibson,Mount St. Mary's,6,-0.7535,75.0,15.9,4897975.0
Kobe Bufkin,Michigan,17,0.0137201,76.0,17.2,4683736.0
Joel Murray,Long Beach St.,9,-0.427833,72.0,27.1,4897669.0
Brandon Johnson,East Carolina,8,1.76813,80.0,13.9,4897055.0
Rodolfo Rufino Bolis,Eastern Illinois,7,-3.19374,79.0,19.6,4897268.0
Marco Foster,New Hampshire,14,0.9909,74.0,17.3,4897193.0
Mikey West,Bethune Cookman,4,-9.78491,73.0,24.4,4702550.0
Langston Wilson,Washington,7,-1.37189,81.0,15.7,4898376.0
Sam Alajiki,California,14,1.49043,79.0,13.9,4708166.0
Kyrell Luc,Holy Cross,1,-4.70507,70.0,25.5,4897904.0
Caleb Kenney,Holy Cross,16,-2.39951,77.0,12.8,4897907.0
Ramon Walker Jr.,Houston,17,2.37089,76.0,10.1,4708176.0
Tyrese Hunter,Iowa St.,9,3.41256,72.0,25.0,4683751.0
AJ Taylor,Grambling St.,7,-4.37545,80.0,20.5,4592327.0
Davis Larson,Duquesne,17,-4.83387,77.0,10.3,4897091.0
Malik Lamin,Grambling St.,16,-4.30224,83.0,13.9,4897848.0
Sam Thompson,Southeast Missouri St.,16,-4.00327,82.0,19.3,4897307.0
Blake Sisley,Evansville,17,-5.93925,80.0,20.6,4897452.0
Jamiya Neal,Arizona St.,4,-1.06219,78.0,13.3,4837237.0
Will Richard,Belmont,2,4.03701,77.0,21.3,4897262.0
Malachi Smith,Dayton,9,5.5138,72.0,22.3,4683861.0
DaRon Holmes II,Dayton,0,8.4012,82.0,19.3,4433607.0
Deshon Proctor,Houston Christian,7,-3.96353,77.0,16.4,4897351.0
Boston Stanton III,IU Indy,4,-11.5861,77.0,18.7,4898073.0
Ja'Heim Hudson,Georgia St.,7,-1.05681,79.0,15.3,4897218.0
Jackie Johnson III,Duquesne,1,-3.79294,71.0,26.5,4897088.0
Miles Kelly,Georgia Tech,17,-1.15306,77.0,16.5,4696317.0
Dallan Coleman,Georgia Tech,14,0.0963636,78.0,13.2,4433595.0
Enoch Boakye,Arizona St.,16,0.233797,82.0,13.1,4898110.0
J'Quan Ewing,Southern,16,-3.33821,81.0,15.1,4897807.0
Jaden Campbell,Samford,6,2.57997,77.0,19.3,4897375.0
Wesley Cardet Jr.,Samford,7,-3.43824,78.0,19.8,4897374.0
Jaden Ray,Sam Houston St.,5,-0.0250713,70.0,19.8,4896937.0
Javon Grant,Sam Houston St.,9,-2.73969,71.0,23.4,4896935.0
Damon Nicholas Jr.,Sam Houston St.,4,-2.64968,76.0,18.8,4896936.0
Nicolas Pavrette,Central Michigan,16,-4.71384,83.0,14.5,4898285.0
Isaac Mushila,Texas A&M Corpus Chris,2,1.97854,77.0,23.5,4897300.0
Jack Webb,Central Michigan,4,-5.98196,76.0,6.1,4898284.0
Tucker DeVries,Drake,3,5.57846,79.0,24.2,4837238.0
Dimitrius Underwood,Charleston,6,3.98844,76.0,26.8,4077059.0
Damian Forrest,North Alabama,16,-6.07664,82.0,18.9,4897608.0
Malaki Branham,Ohio St.,11,4.21078,77.0,23.4,4565201.0
Paolo Banchero,Duke,2,7.03346,82.0,27.2,4432573.0
AJ Griffin,Duke,12,6.33861,78.0,16.9,4432585.0
Trevor Keels,Duke,11,4.82945,76.0,20.1,4432645.0
Joe Ostrowsky,Central Connecticut,5,-5.81053,72.0,16.7,4896530.0
Davonte Sweatman,Central Connecticut,5,-6.03886,68.0,21.7,4896531.0
Babacar Faye,Charleston,8,-0.142232,80.0,15.8,4897000.0
Dylan Hayman,Incarnate Word,17,-7.55606,78.0,13.7,4897346.0
Jace Carter,Illinois Chicago,3,-2.05533,77.0,17.5,4898186.0
Filip Skobalj,Illinois Chicago,12,-1.56955,79.0,16.5,4898188.0
Benjamin Griscti,Incarnate Word,12,-4.1688,83.0,15.6,4897348.0
Osei Price,Oakland,17,-2.23918,77.0,9.9,4898170.0
JoJo Peterson,Purdue Fort Wayne,5,-2.35513,77.0,15.7,4898175.0
Kobe Johnson,West Virginia,17,0.783783,75.0,10.4,4686333.0
Roger McFarlane,Southeastern Louisiana,3,-2.57562,77.0,13.9,4897313.0
Esahia Nyiwe,St. John's,15,2.53229,82.0,11.5,4897419.0
Walyn Napper,Southern Miss,5,-2.69165,72.0,22.4,4897557.0
Brooks Allen,St. Thomas,3,-0.645229,79.0,18.5,4897249.0
Ryan Lindberg,St. Thomas,12,-2.79665,75.0,11.8,4897248.0
Burt Hedstrom,St. Thomas,14,-3.61199,76.0,15.4,4897246.0
Justin Faison,UMass Lowell,1,-2.9868,72.0,20.8,4290752.0
Brody Peebles,Liberty,10,-3.20048,74.0,17.5,4897570.0
Cahiem Brown,Norfolk St.,5,-3.50134,77.0,28.9,4898282.0
Rivaldo Soares,Oregon,17,0.823486,78.0,14.3,4898116.0
Joseph Venzant,Liberty,6,0.807798,75.0,11.4,4897572.0
Willie Guy,North Dakota St.,11,-3.21767,71.0,12.9,4897272.0
Camryn Weston,Middle Tennessee,9,3.77282,75.0,25.2,4897511.0
Teafale Lenard Jr,Middle Tennessee,0,5.39802,79.0,16.5,4897509.0
Jayden Jackson,Northern Arizona,4,-7.60035,76.0,18.4,4897936.0
Andrew Morgan,North Dakota St.,8,-4.94884,82.0,22.9,4897275.0
Justin Bufford,Middle Tennessee,17,0.90628,78.0,11.6,4897508.0
Jemeil King,Idaho,11,-3.88762,77.0,21.7,4407459.0
Alvaro Cardenas Torre,San Jose St.,5,-3.11663,73.0,16.8,4897535.0
"Myron (MJ) Amey, Jr.",San Jose St.,1,-2.6004,77.0,26.9,4897534.0
Dyllan Taylor,Jackson St.,5,-4.05767,73.0,15.3,4288220.0
Zavian McLean,Columbia,1,-6.08736,76.0,18.9,4702974.0
Isa Silva,Stanford,5,-3.1978,76.0,19.0,4433614.0
O'Mar Stanley,St. John's,13,0.852684,80.0,13.6,4703032.0
Ryan Schmitt,Illinois St.,16,-1.74562,83.0,16.9,4897463.0
Jeremiah Kendall,Prairie View A&M,8,-0.916356,78.0,18.4,4897812.0
Cameron Henry,Indiana St.,9,1.06878,78.0,29.2,4897469.0
Xavier Bledson,Indiana St.,9,-1.46515,78.0,25.2,4897464.0
Mike Marsh,Jacksonville,15,-0.643832,82.0,22.5,4897563.0
Raekwon Rogers,Wagner,2,1.75856,80.0,22.9,4289551.0
JP Pegues,Furman,14,-1.88487,73.0,14.8,4897381.0
Tevin Smith,Denver,15,-2.27774,77.0,21.5,4897287.0
Tyrese Hughey,Furman,15,-1.36808,78.0,14.1,4897382.0
Chucky Hepburn,Wisconsin,14,3.02045,74.0,15.4,4590360.0
KJ Lee,Western Illinois,17,-7.34612,80.0,12.5,4897229.0
Breon Pass,N.C. State,10,-3.373,72.0,15.9,4697269.0
Terquavion Smith,N.C. State,1,2.87128,76.0,26.1,4683940.0
Jaden Akins,Michigan St.,6,3.70371,76.0,14.0,4683730.0
Rashad Bolden,Southern Miss,10,-6.85079,72.0,17.8,4897558.0
Nate Santos,Pittsburgh,10,-3.72644,79.0,16.1,4433585.0
Vasilije Vucinic,Portland,16,-7.79794,82.0,19.9,4897191.0
Chika Nduka,Portland,15,0.342929,77.0,16.3,4897190.0
Matija Svetozarevic,Portland,10,-3.6189,80.0,15.4,4897189.0
Gabriel Vargas,Arkansas Pine Bluff,4,-12.7638,77.0,13.9,4897862.0
Luc Therrien,Hampton,16,-4.1019,82.0,7.4,4897631.0
Isaiah Caldwell,Army,6,-1.46279,76.0,11.5,4897929.0
Bent Leuchten,UC Irvine,2,0.714865,84.0,27.5,4897676.0
Sherman Brashear,Western Kentucky,10,-3.73457,77.0,15.2,4897695.0
Vonterius Woolbright,Western Carolina,5,-2.37374,77.0,25.9,4897357.0
TJ Small,Army,17,-3.98404,74.0,14.1,4897933.0
Keller Boothby,Cornell,12,3.49448,79.0,11.0,4702970.0
Hubertas Pivorius,Northern Kentucky,12,-3.30402,74.0,19.4,4898167.0
Patrick Baldwin Jr.,Milwaukee,7,-4.49632,81.0,27.2,4433246.0
Dalton Knecht,Northern Colorado,12,-2.01122,78.0,19.2,4897943.0
Kur Jongkuch,Northern Colorado,13,-1.2788,81.0,19.2,4897945.0
Zach Bloch,Northern Colorado,4,-6.20557,73.0,11.9,4897944.0
Sam Vinson,Northern Kentucky,6,1.67915,77.0,21.3,4898164.0
Jonathan Kurtas,SIU Edwardsville,16,-4.24615,82.0,15.7,4897294.0
Carson Basham,Pepperdine,16,-0.81616,82.0,15.9,4699582.0
Maxwell Lewis,Pepperdine,6,0.177309,79.0,29.4,4684286.0
Zach Hicks,Temple,14,3.0146,79.0,17.4,4708214.0
Hysier Miller,Temple,10,-1.46993,73.0,16.8,4708218.0
D'Angelo Stines,Old Dominion,10,-4.61314,73.0,14.0,4897542.0
Ben Knostman,Lehigh,5,-9.58274,77.0,13.7,4897896.0
Aj Burgin,Idaho St.,10,-4.07207,76.0,17.7,4897897.0
Keith Higgins Jr,Lehigh,14,-1.47646,76.0,19.0,4897894.0
Tyler Whitney-Sidney,Lehigh,5,-5.77313,74.0,19.7,4683862.0
Tamar Bates,Indiana,10,-1.99312,77.0,17.2,4683933.0
Malcolm Chimezie,Boston University,8,-2.57094,80.0,15.5,4684448.0
Curt Hopf,Bellarmine,15,-2.01542,80.0,15.5,4897013.0
Jayden Brown,Central Connecticut,7,-6.87912,80.0,20.2,4896536.0
Guy Ragland Jr.,Cornell,12,0.31332,80.0,25.7,4898218.0
Ja'Sean Jackson,Abilene Christian,5,-2.95795,72.0,13.3,4896504.0
Noah McDavid,Tarleton St.,10,-1.52297,77.0,13.5,4896949.0
Jayshawn Moore,Tarleton St.,16,-5.05841,78.0,17.0,4896960.0
Wade Taylor IV,Texas A&M,9,1.64489,72.0,29.5,4683833.0
Tommy Schmock,Ohio,14,-0.7981,71.0,15.0,4407066.0
Kooper Jacobi,Toledo,7,-6.12113,78.0,16.3,4898343.0
Chris Nix,Tennessee Martin,8,-0.496905,81.0,20.7,4897331.0
DeAngelo Ware,Prairie View A&M,5,-4.14456,72.0,13.0,4897811.0
Zee Hamoda,Utah St.,7,-4.55808,79.0,23.1,4897548.0
Glenn Taylor Jr.,Oregon St.,11,0.85612,78.0,16.8,4833075.0
Marcus Banks,Western Carolina,14,-3.38921,74.0,17.4,4897361.0
Marlow Gilmore,Western Carolina,13,1.18732,77.0,17.0,4897360.0
Jaden Byers,Pacific,7,-7.71211,74.0,22.9,4897170.0
Khaleb Wilson-Rouse,Pacific,1,-2.50914,74.0,14.9,4897169.0
Stephen Faramade,Texas A&M Corpus Chris,16,-5.17498,81.0,18.5,4897304.0
Terrion Murdix,Texas A&M Corpus Chris,9,1.77637,73.0,27.2,4897301.0
Kevin Miller,Central Michigan,9,-2.64091,72.0,25.1,4898283.0
Tyrese Nickelson,Texas A&M Corpus Chris,5,-6.10424,74.0,14.4,4897298.0
Dan Luers,Eastern Illinois,5,-5.38665,76.0,16.5,4707008.0
Trevian Tennyson,Texas A&M Corpus Chris,1,-3.53142,76.0,24.0,4897296.0
Jason Roche,The Citadel,14,-0.574321,77.0,14.8,4897373.0
Tyrel Morgan,Texas St.,15,-0.770367,77.0,18.5,4897157.0
Langdon Hatton,William & Mary,7,-8.34348,82.0,17.2,4897719.0
Langston Redfield,UC Irvine,17,-2.6827,75.0,9.7,4897677.0
Bryce Johnson,Chicago St.,17,-3.47624,75.0,16.9,4896859.0
Devin Carter,South Carolina,9,1.38204,75.0,27.6,4433188.0
Payton Sparks,Ball St.,8,-1.96767,81.0,24.7,4898008.0
Jaylin Sellers,Ball St.,12,-0.681041,76.0,15.3,4898010.0
Jacobi Wright,South Carolina,4,-4.01007,74.0,17.3,4683836.0
Jahsean Corbett,Chicago St.,3,-4.63539,78.0,22.3,4896860.0
Jameon ''J.J.'' Harris,Chicago St.,10,-5.81103,75.0,19.9,4896857.0
Kedrick Green,Chicago St.,5,-7.63936,74.0,21.9,4896864.0
Lazar Stefanovic,Utah,10,-1.25394,79.0,18.3,4708167.0
Blake Wesley,Notre Dame,9,1.47636,77.0,30.7,4683935.0
RayQuan Taylor,UT Rio Grande Valley,8,-2.06223,81.0,16.4,4896966.0
Dashawn Davis,Oregon St.,9,0.329667,74.0,23.0,4898119.0
Trae English,McNeese St.,5,-5.59432,72.0,19.8,4897337.0
Sebastian Thomas,Rhode Island,5,-4.295,73.0,16.6,4897065.0
Khalil Brantley,La Salle,5,-3.14262,73.0,26.0,4709132.0
Andre Washington,LIU,4,-9.49355,71.0,15.6,4897987.0
Shane Dezonie,Vanderbilt,5,-0.733709,77.0,14.2,4683732.0
Noah Reynolds,Wyoming,10,-2.6157,75.0,17.5,4897551.0
Keaton Norris,Wright St.,14,-1.27711,72.0,7.7,4898194.0
David Joplin,Marquette,17,-2.19829,79.0,22.3,4684306.0
Stevie Mitchell,Marquette,6,1.68157,74.0,16.6,4683840.0
Payton Sandfort,Iowa,14,3.95046,79.0,21.9,4697270.0
Lamaj Lewis,Loyola Marymount,4,-4.02708,78.0,11.6,4896979.0
Matthew Cleveland,Florida St.,3,-0.915219,79.0,24.3,4897007.0
Tyty Washington Jr.,Kentucky,9,6.60826,75.0,22.2,4683749.0
Kendall Brown,Baylor,2,7.786,80.0,17.5,4433254.0
Jeremy Sochan,Baylor,2,8.94783,81.0,20.0,4610139.0
Andre Snoddy,Central Connecticut,8,-4.3245,78.0,19.0,4896537.0
Ryan Hawkins,Creighton,3,4.97516,79.0,20.0,4897413.0
Camren Hunter,Central Arkansas,9,-0.261356,75.0,24.6,4897018.0
Connor Hickman,Bradley,14,0.130904,75.0,15.5,4897447.0
KJ Simpson,Colorado,5,-0.711696,74.0,24.2,4683834.0
Darius Simmons,Tennessee Martin,10,-5.84771,71.0,19.6,4402209.0
AJ Clayton,Ohio,12,-0.446583,79.0,16.1,4898339.0
Terry Roberts,Bradley,9,5.06147,75.0,29.8,4897444.0
Dancell Leter,Utah Tech,3,0.814923,80.0,21.5,4896875.0
Malevy Leons,Bradley,12,5.48193,81.0,15.4,4897449.0
Dominique Alexander,Chicago St.,5,-1.67683,70.0,19.1,4896858.0
Kennedy Chandler,Tennessee,9,7.36443,72.0,25.2,4432646.0
Brandon Huntley-Hatfield,Tennessee,16,-0.364578,82.0,19.6,4432680.0
Preston Ruedinger,Valparaiso,17,-1.10834,74.0,11.7,4897485.0
Cam Crawford,Indiana St.,15,-2.28105,77.0,10.8,4897466.0
Timothy Barnes,UMKC,12,-0.181484,75.0,12.8,4897230.0
Jack Chapman,UMKC,7,-3.41976,79.0,11.5,4897234.0
Veljko Ilic,Loyola MD,2,-1.77384,82.0,24.5,4897888.0
Matt Allocco,Princeton,12,0.806511,76.0,10.4,4898232.0
Jaden Cooper,Columbia,5,-5.61645,75.0,19.0,4898212.0
Nana Owusu-Anane,Brown,7,-4.08152,80.0,20.8,4898210.0
Jalen Lake,Colorado St.,14,-0.510216,76.0,15.3,4897514.0
Robbie Stankard,Columbia,4,-9.06428,81.0,17.3,4898214.0
Blaise Beauchamp,Evansville,1,-5.45276,75.0,23.3,4897454.0
Sebastien Lamaute,Fairleigh Dickinson,10,-6.24704,74.0,18.2,4897996.0
Efton Reid,LSU,15,1.56306,83.0,17.8,4433594.0
Alex Fudge,LSU,6,2.54065,80.0,16.3,4896481.0
Brandon Murray,LSU,17,2.47136,77.0,17.1,4684166.0
Dalen Ridgnal,Georgia,3,-0.583588,79.0,14.8,4896465.0
Kario Oquendo,Georgia,3,-0.883622,76.0,26.5,4896463.0
Linton Acliese III,Eastern Washington,3,0.68267,78.0,23.5,4609216.0
Anthony Pritchard,Tulsa,5,-2.65674,75.0,19.4,4897155.0
Cameron Hildreth,Wake Forest,6,1.44728,76.0,18.5,4696316.0
Duke Deen,Troy,1,0.189037,68.0,22.9,4897149.0
Kyle Duke,North Carolina A&T,5,-8.32061,76.0,17.7,4897639.0
Wooga Poplar,Miami FL,17,-3.24889,77.0,17.6,4897397.0
Sam Lecholat,Montana St.,15,-1.63967,79.0,13.7,4897926.0
Sam Ihekwoaba,Maine,6,-2.97451,77.0,23.4,4897161.0
Ian Schieffelin,Clemson,7,0.0841875,79.0,19.8,4693954.0
Curtis Jones,Buffalo,10,-1.37757,77.0,12.9,4898369.0
Jayden Taylor,Butler,1,0.504864,76.0,19.9,4589483.0
Rakeim Gary,South Carolina St.,10,-5.20344,70.0,21.0,4898329.0
Antonio TJ Madlock,South Carolina St.,1,-0.585692,75.0,21.1,4898331.0
Omer Croskey,South Carolina St.,17,-3.30626,78.0,18.3,4593418.0
Claudell Harris Jr.,Charleston Southern,1,-4.24766,75.0,21.6,4896985.0
Nolan Hickman,Gonzaga,12,4.146,74.0,14.4,4683737.0
Hunter Sallis,Gonzaga,12,5.04106,77.0,14.5,4433281.0
Chet Holmgren,Gonzaga,0,15.0043,84.0,21.4,4433255.0
CJ Fulton,Lafayette,11,-1.61169,74.0,14.6,4897901.0
Chris Rubayo,Lafayette,0,0.0316043,81.0,10.9,4897903.0
Kaleb Brown,Missouri,4,-4.17913,78.0,13.0,4690766.0
Trevon Brazile,Missouri,0,5.12997,81.0,16.3,4698719.0
Nick Filchner,Merrimack,14,-7.49949,79.0,13.0,4897984.0
Kohen Thompson,Maryland Eastern Shore,10,-2.54385,79.0,11.0,4898271.0
Brian Washington,Cal St. Bakersfield,13,0.461975,78.0,6.8,4897655.0
Ivan Reynolds,Cal St. Bakersfield,4,-3.7964,76.0,9.9,4897656.0
Dalph Panopio,Cal St. Bakersfield,5,-3.55019,73.0,18.6,4897653.0
Kaleb Higgins,Cal St. Bakersfield,1,-1.83852,70.0,25.0,4897654.0
Lonnell Martin Jr.,Montana,10,-2.17745,76.0,15.1,4897914.0
Isaiah Reddish,Kennesaw St.,15,-0.110902,77.0,17.3,4897567.0
Ibrahim Wattara,Fairleigh Dickinson,7,-8.49623,77.0,22.7,4897997.0
Ansley Almonor,Fairleigh Dickinson,12,-4.05646,79.0,16.3,4897995.0
Antoine Jacks,Fairleigh Dickinson,4,-8.98462,70.0,17.7,4897993.0
TJ Long,Fairfield,12,0.141145,76.0,19.4,4896370.0
Xzavier Long,Canisius,7,-2.8458,79.0,18.3,4896367.0
Daniel Umoh,Mississippi Valley St.,8,-6.26559,81.0,11.0,4899810.0
Gary Grant,Mississippi Valley St.,7,-4.94185,78.0,26.6,4899805.0
Elijah Davis,Mississippi Valley St.,4,-7.08676,73.0,13.1,4899806.0
Kadar Waller,Mississippi Valley St.,5,-7.06409,72.0,21.9,4899807.0
Ethan Taylor,Air Force,5,-0.942692,77.0,20.5,4903265.0
Jake Heidbreder,Air Force,12,0.928393,77.0,15.7,4903264.0
Lucas Moerman,Air Force,16,-0.37928,80.0,16.0,4903271.0
Jeffrey Mills,Air Force,17,-5.46038,76.0,16.0,4903269.0
Luke Brown,Ball St.,10,-5.86762,73.0,15.7,4912654.0
Evan Nelson,Harvard,10,-3.40653,74.0,18.9,4702960.0
