year_from,year_to,player_id,cluster_from,cluster_to,cluster_changed,bpm_from,bpm_to,bpm_change
2019,2020,4279176.0,6,6,False,,,
2019,2020,4397100.0,3,3,False,,,
2019,2020,4285366.0,16,16,False,,,
2019,2020,4067287.0,8,6,True,,,
2019,2020,4070762.0,14,14,False,,,
2019,2020,4278355.0,2,15,True,,,
2019,2020,4280113.0,9,9,False,,,
2019,2020,3912279.0,9,9,False,,,
2019,2020,3941317.0,1,1,False,,,
2019,2020,4278507.0,14,14,False,,,
2019,2020,3935019.0,1,1,False,,,
2019,2020,4277845.0,8,1,True,,,
2019,2020,4396950.0,11,2,True,,,
2019,2020,4070742.0,8,12,True,,,
2019,2020,4065731.0,9,9,False,,,
2019,2020,4279889.0,2,2,False,,,
2019,2020,4397644.0,16,15,True,,,
2019,2020,4278335.0,1,10,True,,,
2019,2020,4066757.0,14,14,False,,,
2019,2020,4395880.0,4,14,True,,,
2019,2020,4067164.0,4,4,False,,,
2019,2020,4397635.0,14,3,True,,,
2019,2020,4278204.0,16,5,True,,,
2019,2020,4067900.0,3,7,True,,,
2019,2020,4280158.0,15,15,False,,,
2019,2020,4066777.0,6,6,False,,,
2019,2020,3911895.0,10,6,True,,,
2019,2020,4278334.0,16,11,True,,,
2019,2020,4278408.0,1,1,False,,,
2019,2020,4398021.0,13,17,True,,,
2019,2020,4067650.0,4,17,True,,,
2019,2020,4067893.0,16,6,True,,,
2019,2020,4396612.0,12,7,True,,,
2019,2020,4066440.0,9,9,False,,,
2019,2020,4397570.0,13,6,True,,,
2019,2020,4277930.0,17,4,True,,,
2019,2020,4280301.0,6,10,True,,,
2019,2020,4398369.0,4,3,True,,,
2019,2020,4279641.0,10,12,True,,,
2019,2020,4278562.0,15,9,True,,,
2019,2020,4395714.0,15,10,True,,,
2019,2020,4280016.0,17,17,False,,,
2019,2020,4067365.0,4,4,False,,,
2019,2020,4066643.0,17,7,True,,,
2019,2020,4398243.0,17,12,True,,,
2019,2020,4397993.0,16,16,False,,,
2019,2020,4397425.0,12,13,True,,,
2019,2020,4067781.0,1,1,False,,,
2019,2020,4066839.0,1,4,True,,,
2019,2020,4397712.0,13,13,False,,,
2019,2020,4067435.0,8,3,True,,,
2019,2020,4279851.0,8,1,True,,,
2019,2020,4398184.0,14,1,True,,,
2019,2020,4280209.0,16,16,False,,,
2019,2020,4066342.0,5,2,True,,,
2019,2020,4396998.0,6,10,True,,,
2019,2020,4067383.0,2,10,True,,,
2019,2020,4398257.0,10,10,False,,,
2019,2020,3908515.0,17,10,True,,,
2019,2020,4066501.0,17,13,True,,,
2019,2020,3906547.0,1,1,False,,,
2019,2020,3960812.0,13,10,True,,,
2019,2020,4067675.0,8,0,True,,,
2019,2020,4278532.0,6,6,False,,,
2019,2020,4279139.0,10,10,False,,,
2019,2020,4397123.0,7,1,True,,,
2019,2020,4397027.0,1,12,True,,,
2019,2020,3948855.0,9,9,False,,,
2019,2020,4397266.0,15,15,False,,,
2019,2020,4397018.0,10,1,True,,,
2019,2020,4279649.0,3,3,False,,,
2019,2020,4067307.0,10,10,False,,,
2019,2020,4279061.0,7,7,False,,,
2019,2020,4066973.0,4,4,False,,,
2019,2020,4397558.0,16,16,False,,,
2019,2020,4334018.0,3,4,True,,,
2019,2020,4278706.0,6,10,True,,,
2019,2020,3913555.0,10,10,False,,,
2019,2020,4066442.0,6,10,True,,,
2019,2020,4066265.0,1,1,False,,,
2019,2020,4397033.0,10,10,False,,,
2019,2020,4278594.0,6,14,True,,,
2019,2020,4397125.0,10,1,True,,,
2019,2020,4067814.0,4,3,True,,,
2019,2020,4279101.0,17,4,True,,,
2019,2020,4066999.0,10,6,True,,,
2019,2020,4398251.0,6,16,True,,,
2019,2020,3948760.0,7,3,True,,,
2019,2020,4397680.0,10,15,True,,,
2019,2020,4397554.0,3,14,True,,,
2019,2020,4278333.0,1,1,False,,,
2019,2020,4397382.0,7,12,True,,,
2019,2020,4397960.0,13,12,True,,,
2019,2020,4279473.0,7,13,True,,,
2019,2020,3913700.0,15,15,False,,,
2019,2020,4395727.0,9,16,True,,,
2019,2020,4066752.0,13,13,False,,,
2019,2020,4278582.0,9,9,False,,,
2019,2020,4067328.0,16,2,True,,,
2019,2020,4396803.0,13,13,False,,,
2019,2020,4066354.0,14,14,False,,,
2019,2020,4066331.0,13,0,True,,,
2019,2020,4280190.0,1,14,True,,,
2019,2020,4280184.0,17,13,True,,,
2019,2020,4278449.0,14,4,True,,,
2019,2020,4396633.0,3,14,True,,,
2019,2020,4397667.0,2,15,True,,,
2019,2020,3907090.0,2,15,True,,,
2019,2020,3913185.0,16,16,False,,,
2019,2020,4278566.0,0,6,True,,,
2019,2020,3922039.0,14,14,False,,,
2019,2020,3958145.0,2,2,False,,,
2019,2020,4278119.0,10,7,True,,,
2019,2020,4067858.0,10,15,True,,,
2019,2020,4397396.0,5,16,True,,,
2019,2020,4397320.0,5,5,False,,,
2019,2020,4396673.0,13,13,False,,,
2019,2020,4066269.0,1,14,True,,,
2019,2020,3912333.0,4,14,True,,,
2019,2020,4065719.0,6,0,True,,,
2019,2020,3946957.0,4,17,True,,,
2019,2020,4397456.0,10,2,True,,,
2019,2020,4066610.0,14,14,False,,,
2019,2020,4397850.0,4,14,True,,,
2019,2020,4398245.0,16,6,True,,,
2019,2020,4396591.0,7,4,True,,,
2019,2020,4278525.0,11,16,True,,,
2019,2020,4280620.0,6,6,False,,,
2019,2020,4397957.0,3,3,False,,,
2019,2020,4277951.0,10,15,True,,,
2019,2020,4397863.0,7,3,True,,,
2019,2020,4280264.0,0,10,True,,,
2019,2020,4396753.0,0,12,True,,,
2019,2020,4397220.0,4,14,True,,,
2019,2020,4397904.0,1,4,True,,,
2019,2020,4395987.0,3,3,False,,,
2019,2020,4066816.0,11,16,True,,,
2019,2020,4280077.0,11,11,False,,,
2019,2020,3907110.0,2,15,True,,,
2019,2020,4067230.0,16,16,False,,,
2019,2020,3907561.0,1,1,False,,,
2019,2020,4398177.0,3,8,True,,,
2019,2020,3919336.0,15,15,False,,,
2019,2020,4067788.0,6,6,False,,,
2019,2020,4397552.0,8,6,True,,,
2019,2020,4279434.0,10,10,False,,,
2019,2020,4397568.0,4,4,False,,,
2019,2020,4397097.0,7,1,True,,,
2019,2020,4397779.0,4,4,False,,,
2019,2020,3915081.0,17,17,False,,,
2019,2020,4278038.0,7,3,True,,,
2019,2020,4278556.0,17,17,False,,,
2019,2020,4396629.0,1,1,False,,,
2019,2020,4398211.0,4,4,False,,,
2019,2020,4284076.0,13,13,False,,,
2019,2020,3946031.0,4,4,False,,,
2019,2020,4396979.0,2,15,True,,,
2019,2020,4066845.0,3,3,False,,,
2019,2020,4284169.0,3,3,False,,,
2019,2020,4397214.0,17,13,True,,,
2019,2020,4067806.0,16,6,True,,,
2019,2020,4277975.0,15,15,False,,,
2019,2020,4395722.0,14,14,False,,,
2019,2020,4066830.0,9,10,True,,,
2019,2020,4279532.0,15,6,True,,,
2019,2020,3936313.0,0,13,True,,,
2019,2020,4398119.0,11,16,True,,,
2019,2020,4278485.0,9,9,False,,,
2019,2020,4397634.0,11,5,True,,,
2019,2020,4067382.0,1,1,False,,,
2019,2020,4067561.0,5,10,True,,,
2019,2020,4066486.0,14,14,False,,,
2019,2020,4398149.0,11,5,True,,,
2019,2020,4066213.0,17,4,True,,,
2019,2020,4278094.0,1,14,True,,,
2019,2020,4397427.0,3,14,True,,,
2019,2020,4280046.0,10,6,True,,,
2019,2020,4397817.0,17,13,True,,,
2019,2020,4067265.0,8,14,True,,,
2019,2020,4280042.0,11,16,True,,,
2019,2020,4067446.0,10,15,True,,,
2019,2020,3913196.0,2,9,True,,,
2019,2020,4397722.0,13,2,True,,,
2019,2020,4066656.0,15,15,False,,,
2019,2020,4067184.0,12,13,True,,,
2019,2020,4280087.0,15,11,True,,,
2019,2020,4067921.0,11,6,True,,,
2019,2020,4066276.0,4,4,False,,,
2019,2020,4067798.0,7,7,False,,,
2019,2020,4278277.0,10,7,True,,,
2019,2020,4278588.0,10,10,False,,,
2019,2020,4397772.0,16,2,True,,,
2019,2020,67081.0,11,2,True,,,
2019,2020,3907473.0,6,13,True,,,
2019,2020,4396025.0,6,13,True,,,
2019,2020,4066721.0,7,4,True,,,
2019,2020,4278046.0,16,15,True,,,
2019,2020,4067390.0,16,15,True,,,
2019,2020,4395704.0,4,14,True,,,
2019,2020,3906789.0,15,16,True,,,
2019,2020,4278603.0,11,2,True,,,
2019,2020,4066749.0,17,10,True,,,
2019,2020,4397910.0,7,12,True,,,
2019,2020,4395888.0,17,13,True,,,
2019,2020,4278051.0,11,1,True,,,
2019,2020,4279162.0,6,10,True,,,
2019,2020,4277813.0,11,5,True,,,
2019,2020,4066893.0,4,14,True,,,
2019,2020,4066242.0,1,9,True,,,
2019,2020,4396770.0,11,16,True,,,
2019,2020,4397457.0,11,16,True,,,
2019,2020,4399103.0,0,6,True,,,
2019,2020,4277974.0,2,2,False,,,
2019,2020,4277883.0,10,10,False,,,
2019,2020,4397526.0,16,2,True,,,
2019,2020,4066914.0,15,1,True,,,
2019,2020,4398108.0,8,6,True,,,
2019,2020,4279735.0,1,14,True,,,
2019,2020,4067916.0,6,6,False,,,
2019,2020,4280074.0,13,4,True,,,
2019,2020,4278502.0,15,15,False,,,
2019,2020,4398351.0,4,4,False,,,
2019,2020,4397738.0,1,4,True,,,
2019,2020,4397443.0,13,13,False,,,
2019,2020,4067379.0,1,15,True,,,
2019,2020,3914043.0,12,12,False,,,
2019,2020,4278032.0,2,15,True,,,
2019,2020,4397594.0,4,4,False,,,
2019,2020,4067156.0,4,3,True,,,
2019,2020,4397186.0,11,2,True,,,
2019,2020,4397702.0,3,4,True,,,
2019,2020,3947736.0,10,15,True,,,
2019,2020,4396688.0,7,4,True,,,
2019,2020,4067559.0,4,4,False,,,
2019,2020,4397191.0,13,17,True,,,
2019,2020,4396585.0,9,9,False,,,
2019,2020,4066446.0,10,14,True,,,
2019,2020,4397181.0,8,12,True,,,
2019,2020,4279896.0,13,13,False,,,
2019,2020,3913552.0,16,16,False,,,
2019,2020,4278721.0,13,13,False,,,
2019,2020,4066664.0,14,14,False,,,
2019,2020,4279875.0,10,6,True,,,
2019,2020,4284075.0,4,4,False,,,
2019,2020,4280195.0,6,10,True,,,
2019,2020,4277933.0,6,10,True,,,
2019,2020,4397949.0,3,14,True,,,
2019,2020,4398264.0,13,12,True,,,
2019,2020,4278233.0,11,11,False,,,
2019,2020,4396779.0,3,1,True,,,
2019,2020,4395694.0,17,13,True,,,
2019,2020,4397655.0,6,6,False,,,
2019,2020,4278458.0,14,14,False,,,
2019,2020,3913234.0,17,17,False,,,
2019,2020,4066929.0,2,2,False,,,
2019,2020,4397687.0,8,7,True,,,
2019,2020,4395669.0,14,3,True,,,
2019,2020,4397459.0,13,13,False,,,
2019,2020,3135097.0,6,10,True,,,
2019,2020,3919424.0,5,16,True,,,
2019,2020,4278076.0,9,2,True,,,
2019,2020,4279461.0,13,4,True,,,
2019,2020,4280059.0,12,16,True,,,
2019,2020,4066574.0,10,14,True,,,
2019,2020,4278473.0,3,12,True,,,
2019,2020,4396791.0,7,7,False,,,
2019,2020,4279089.0,2,2,False,,,
2019,2020,4066958.0,4,4,False,,,
2019,2020,4280201.0,14,14,False,,,
2019,2020,3917350.0,9,15,True,,,
2019,2020,4280083.0,3,3,False,,,
2019,2020,4067568.0,10,1,True,,,
2019,2020,3920205.0,6,16,True,,,
2019,2020,4280626.0,12,12,False,,,
2019,2020,4397675.0,8,17,True,,,
2019,2020,4067810.0,2,16,True,,,
2019,2020,4397999.0,3,3,False,,,
2019,2020,4067321.0,16,5,True,,,
2019,2020,4279635.0,3,3,False,,,
2019,2020,3913239.0,10,10,False,,,
2019,2020,4396953.0,14,14,False,,,
2019,2020,3130753.0,10,17,True,,,
2019,2020,4277871.0,11,16,True,,,
2019,2020,4397161.0,11,6,True,,,
2019,2020,4397148.0,15,6,True,,,
2019,2020,4280257.0,13,4,True,,,
2019,2020,4067388.0,11,2,True,,,
2019,2020,3911894.0,12,7,True,,,
2019,2020,4397569.0,3,8,True,,,
2019,2020,3947128.0,10,10,False,,,
2019,2020,3947248.0,6,10,True,,,
2019,2020,4277885.0,2,11,True,,,
2019,2020,4398027.0,12,13,True,,,
2019,2020,4279518.0,10,10,False,,,
2019,2020,4067729.0,13,12,True,,,
2019,2020,4396763.0,3,4,True,,,
2019,2020,4067187.0,13,12,True,,,
2019,2020,4397433.0,12,6,True,,,
2019,2020,4278317.0,11,16,True,,,
2019,2020,4277939.0,17,13,True,,,
2019,2020,4397371.0,9,9,False,,,
2019,2020,4278420.0,15,15,False,,,
2019,2020,4398203.0,1,17,True,,,
2019,2020,4397816.0,10,6,True,,,
2019,2020,4398355.0,11,5,True,,,
2019,2020,3907406.0,7,15,True,,,
2019,2020,4067455.0,7,10,True,,,
2019,2020,4396638.0,16,10,True,,,
2019,2020,4279557.0,10,10,False,,,
2019,2020,4278238.0,12,12,False,,,
2019,2020,4395709.0,14,3,True,,,
2019,2020,3913221.0,7,12,True,,,
2019,2020,4397485.0,3,4,True,,,
2019,2020,4279792.0,13,13,False,,,
2019,2020,4067946.0,4,3,True,,,
2019,2020,4067529.0,6,7,True,,,
2019,2020,4067667.0,1,6,True,,,
2019,2020,3946975.0,6,8,True,,,
2019,2020,4278704.0,7,17,True,,,
2019,2020,4278393.0,6,6,False,,,
2019,2020,4398087.0,15,15,False,,,
2019,2020,4066361.0,14,4,True,,,
2019,2020,4397111.0,7,1,True,,,
2019,2020,4397234.0,12,13,True,,,
2019,2020,4397215.0,15,15,False,,,
2019,2020,3907021.0,4,17,True,,,
2019,2020,4279227.0,0,17,True,,,
2019,2020,4397330.0,6,6,False,,,
2019,2020,3941310.0,13,13,False,,,
2019,2020,4070750.0,12,0,True,,,
2019,2020,4397466.0,6,5,True,,,
2019,2020,4395879.0,12,13,True,,,
2019,2020,4065847.0,3,3,False,,,
2019,2020,4397724.0,16,15,True,,,
2019,2020,3924894.0,4,4,False,,,
2019,2020,4396584.0,13,12,True,,,
2019,2020,4398092.0,6,6,False,,,
2019,2020,4278389.0,9,9,False,,,
2019,2020,4067734.0,13,13,False,,,
2019,2020,4279206.0,13,4,True,,,
2019,2020,4395873.0,13,13,False,,,
2019,2020,4397838.0,0,10,True,,,
2019,2020,4399102.0,11,11,False,,,
2019,2020,4067468.0,13,13,False,,,
2019,2020,4278746.0,6,13,True,,,
2019,2020,4280277.0,11,6,True,,,
2019,2020,3947238.0,9,9,False,,,
2019,2020,4066487.0,7,7,False,,,
2019,2020,3947674.0,14,14,False,,,
2019,2020,3911628.0,4,3,True,,,
2019,2020,4066469.0,4,13,True,,,
2019,2020,4067760.0,4,4,False,,,
2019,2020,3906964.0,15,6,True,,,
2019,2020,4398219.0,5,15,True,,,
2019,2020,4278620.0,6,5,True,,,
2019,2020,4278380.0,16,10,True,,,
2019,2020,3906763.0,4,17,True,,,
2019,2020,3908335.0,1,1,False,,,
2019,2020,4279189.0,3,7,True,,,
2019,2020,3913717.0,16,11,True,,,
2019,2020,4066303.0,1,1,False,,,
2019,2020,4278445.0,15,15,False,,,
2019,2020,4397961.0,8,0,True,,,
2019,2020,4279627.0,2,16,True,,,
2019,2020,4397935.0,1,15,True,,,
2019,2020,4277902.0,10,10,False,,,
2019,2020,4066327.0,9,9,False,,,
2019,2020,4278128.0,2,16,True,,,
2019,2020,4395994.0,8,8,False,,,
2019,2020,3936178.0,11,6,True,,,
2019,2020,4279871.0,11,16,True,,,
2019,2020,4278265.0,9,9,False,,,
2019,2020,4397465.0,6,4,True,,,
2019,2020,4278690.0,7,4,True,,,
2019,2020,4397361.0,3,3,False,,,
2019,2020,4397839.0,16,5,True,,,
2019,2020,4279530.0,16,2,True,,,
2019,2020,4279535.0,4,4,False,,,
2019,2020,4067340.0,4,13,True,,,
2019,2020,4278338.0,3,1,True,,,
2019,2020,4279815.0,15,15,False,,,
2019,2020,3914639.0,12,13,True,,,
2019,2020,4067086.0,14,14,False,,,
2019,2020,4397348.0,7,2,True,,,
2019,2020,4395632.0,7,8,True,,,
2019,2020,3907507.0,16,11,True,,,
2019,2020,3920183.0,13,17,True,,,
2019,2020,4066657.0,14,14,False,,,
2019,2020,4067957.0,15,14,True,,,
2019,2020,4066946.0,12,1,True,,,
2019,2020,4396676.0,10,13,True,,,
2019,2020,4397107.0,7,1,True,,,
2019,2020,4278242.0,8,8,False,,,
2019,2020,4397607.0,8,1,True,,,
2019,2020,4398068.0,2,2,False,,,
2019,2020,4397209.0,10,1,True,,,
2019,2020,4280081.0,0,3,True,,,
2019,2020,3919455.0,13,13,False,,,
2019,2020,4279121.0,4,4,False,,,
2019,2020,4278506.0,15,15,False,,,
2019,2020,3906520.0,3,3,False,,,
2019,2020,4067962.0,16,16,False,,,
2019,2020,4397455.0,0,13,True,,,
2019,2020,4396639.0,12,7,True,,,
2019,2020,4066441.0,14,3,True,,,
2019,2020,4397373.0,16,16,False,,,
2019,2020,4280175.0,8,3,True,,,
2019,2020,3908865.0,6,6,False,,,
2019,2020,4280109.0,7,6,True,,,
2019,2020,4279133.0,13,13,False,,,
2019,2020,4397105.0,11,5,True,,,
2019,2020,4395617.0,6,6,False,,,
2019,2020,4397250.0,6,1,True,,,
2019,2020,4280248.0,11,11,False,,,
2019,2020,4065762.0,1,17,True,,,
2019,2020,4278501.0,10,13,True,,,
2019,2020,4397118.0,3,3,False,,,
2019,2020,3907779.0,9,9,False,,,
2019,2020,3906781.0,2,2,False,,,
2019,2020,4397642.0,5,11,True,,,
2019,2020,4067429.0,14,14,False,,,
2019,2020,3913173.0,15,5,True,,,
2019,2020,4396963.0,13,6,True,,,
2019,2020,4279156.0,16,2,True,,,
2019,2020,4397648.0,10,17,True,,,
2019,2020,4278950.0,5,2,True,,,
2019,2020,4395896.0,0,12,True,,,
2019,2020,4397119.0,0,10,True,,,
2019,2020,4397684.0,13,13,False,,,
2019,2020,4279106.0,16,6,True,,,
2019,2020,4067610.0,12,12,False,,,
2019,2020,4067583.0,6,10,True,,,
2019,2020,4067966.0,6,6,False,,,
2019,2020,4066362.0,5,16,True,,,
2019,2020,4279819.0,3,3,False,,,
2019,2020,3912284.0,16,9,True,,,
2019,2020,4067621.0,17,1,True,,,
2019,2020,4397046.0,9,9,False,,,
2019,2020,3948642.0,4,3,True,,,
2019,2020,4066911.0,14,3,True,,,
2019,2020,3946038.0,7,7,False,,,
2019,2020,4067210.0,7,4,True,,,
2019,2020,4067275.0,3,3,False,,,
2019,2020,4397821.0,6,6,False,,,
2019,2020,4066517.0,11,6,True,,,
2019,2020,3936191.0,13,17,True,,,
2019,2020,4277850.0,1,1,False,,,
2019,2020,4066471.0,1,14,True,,,
2019,2020,3924895.0,9,9,False,,,
2019,2020,4067960.0,16,16,False,,,
2019,2020,4397216.0,16,11,True,,,
2019,2020,4397564.0,9,15,True,,,
2019,2020,3907022.0,15,15,False,,,
2019,2020,4397236.0,10,17,True,,,
2019,2020,3947051.0,12,12,False,,,
2019,2020,4285624.0,9,9,False,,,
2019,2020,4397255.0,4,4,False,,,
2019,2020,3919348.0,7,13,True,,,
2019,2020,4067956.0,7,7,False,,,
2019,2020,4067088.0,6,16,True,,,
2019,2020,4397496.0,7,7,False,,,
2019,2020,4396579.0,6,6,False,,,
2019,2020,4396685.0,16,11,True,,,
2019,2020,4066614.0,5,11,True,,,
2019,2020,4277957.0,10,17,True,,,
2019,2020,4395650.0,1,1,False,,,
2019,2020,4065774.0,3,1,True,,,
2019,2020,4397980.0,16,16,False,,,
2019,2020,4278105.0,15,9,True,,,
2019,2020,4066460.0,4,7,True,,,
2019,2020,4398309.0,0,0,False,,,
2019,2020,4066919.0,4,14,True,,,
2019,2020,4279884.0,3,12,True,,,
2019,2020,3906788.0,8,3,True,,,
2019,2020,4398399.0,7,4,True,,,
2019,2020,4397916.0,7,14,True,,,
2019,2020,4067243.0,0,6,True,,,
2019,2020,4280037.0,1,14,True,,,
2019,2020,4397830.0,11,5,True,,,
2019,2020,3934620.0,15,15,False,,,
2019,2020,4397989.0,7,14,True,,,
2019,2020,3923213.0,11,16,True,,,
2019,2020,4397353.0,3,3,False,,,
2019,2020,4398002.0,12,4,True,,,
2019,2020,3937100.0,17,13,True,,,
2019,2020,4397519.0,7,7,False,,,
2019,2020,4397964.0,12,1,True,,,
2019,2020,3912845.0,16,11,True,,,
2019,2020,4067426.0,13,4,True,,,
2019,2020,4283586.0,8,8,False,,,
2019,2020,4066604.0,15,10,True,,,
2019,2020,4398213.0,6,6,False,,,
2019,2020,4397449.0,5,1,True,,,
2019,2020,4067326.0,15,0,True,,,
2019,2020,4397154.0,2,9,True,,,
2019,2020,4277916.0,7,3,True,,,
2019,2020,4279781.0,3,8,True,,,
2019,2020,3943608.0,7,0,True,,,
2019,2020,4397516.0,16,2,True,,,
2019,2020,4067530.0,7,3,True,,,
2019,2020,4067167.0,11,10,True,,,
2019,2020,3922051.0,13,4,True,,,
2019,2020,4278085.0,1,1,False,,,
2019,2020,4398061.0,7,12,True,,,
2019,2020,4403365.0,12,6,True,,,
2019,2020,4398190.0,16,15,True,,,
2019,2020,4278371.0,3,14,True,,,
2019,2020,4067106.0,10,10,False,,,
2019,2020,4278217.0,1,1,False,,,
2019,2020,3912282.0,16,16,False,,,
2019,2020,4278674.0,10,10,False,,,
2019,2020,3911896.0,2,11,True,,,
2019,2020,4398359.0,3,3,False,,,
2019,2020,4067700.0,15,15,False,,,
2019,2020,4397414.0,4,4,False,,,
2019,2020,4067103.0,10,6,True,,,
2019,2020,4398403.0,13,6,True,,,
2019,2020,4397556.0,5,5,False,,,
2019,2020,4066224.0,11,15,True,,,
2019,2020,4066789.0,7,1,True,,,
2019,2020,4278530.0,5,15,True,,,
2019,2020,4067632.0,1,4,True,,,
2019,2020,3907786.0,10,6,True,,,
2019,2020,4397853.0,0,11,True,,,
2019,2020,4280207.0,4,4,False,,,
2019,2020,4066848.0,13,7,True,,,
2019,2020,4397545.0,16,6,True,,,
2019,2020,4066401.0,2,2,False,,,
2019,2020,4067715.0,13,13,False,,,
2019,2020,4397585.0,16,16,False,,,
2019,2020,4397501.0,1,1,False,,,
2019,2020,4277895.0,1,4,True,,,
2019,2020,4398163.0,4,6,True,,,
2019,2020,3908862.0,5,15,True,,,
2019,2020,4397183.0,13,6,True,,,
2019,2020,3947072.0,15,16,True,,,
2019,2020,3915208.0,10,6,True,,,
2019,2020,4280072.0,10,6,True,,,
2019,2020,4397601.0,13,13,False,,,
2019,2020,4278072.0,12,4,True,,,
2019,2020,4067386.0,7,12,True,,,
2019,2020,4067698.0,17,17,False,,,
2019,2020,4396569.0,6,7,True,,,
2019,2020,4279117.0,2,6,True,,,
2019,2020,3946977.0,1,3,True,,,
2019,2020,4066595.0,17,17,False,,,
2019,2020,4279513.0,6,6,False,,,
2019,2020,4397312.0,5,2,True,,,
2019,2020,4277954.0,7,1,True,,,
2019,2020,4067329.0,14,14,False,,,
2019,2020,3943610.0,17,13,True,,,
2019,2020,4278250.0,11,16,True,,,
2019,2020,4279733.0,7,1,True,,,
2019,2020,4067716.0,6,10,True,,,
2019,2020,4066667.0,10,10,False,,,
2019,2020,4397307.0,13,17,True,,,
2019,2020,4396679.0,1,1,False,,,
2019,2020,4278229.0,9,16,True,,,
2019,2020,4279455.0,4,4,False,,,
2019,2020,3945564.0,15,15,False,,,
2019,2020,4396589.0,3,14,True,,,
2019,2020,4066800.0,3,3,False,,,
2019,2020,4397573.0,10,6,True,,,
2019,2020,4396978.0,10,10,False,,,
2019,2020,4066906.0,16,15,True,,,
2019,2020,4397510.0,5,15,True,,,
2019,2020,4397470.0,6,1,True,,,
2019,2020,4397185.0,13,8,True,,,
2019,2020,4067218.0,16,2,True,,,
2019,2020,3913175.0,3,3,False,,,
2019,2020,4397690.0,3,12,True,,,
2019,2020,3922037.0,12,13,True,,,
2019,2020,4395681.0,10,1,True,,,
2019,2020,3946030.0,13,13,False,,,
2019,2020,4067118.0,17,0,True,,,
2019,2020,4397803.0,13,10,True,,,
2019,2020,4066314.0,13,17,True,,,
2019,2020,4277986.0,3,14,True,,,
2019,2020,4396006.0,15,16,True,,,
2019,2020,4397014.0,7,14,True,,,
2019,2020,4397168.0,6,6,False,,,
2019,2020,4278615.0,6,7,True,,,
2019,2020,4397060.0,7,8,True,,,
2019,2020,4395631.0,1,14,True,,,
2019,2020,4279197.0,15,6,True,,,
2019,2020,4398280.0,1,1,False,,,
2019,2020,4065703.0,4,4,False,,,
2019,2020,4397537.0,10,14,True,,,
2019,2020,4397450.0,4,4,False,,,
2019,2020,4066345.0,12,14,True,,,
2019,2020,4066933.0,14,4,True,,,
2019,2020,4397235.0,12,4,True,,,
2019,2020,4397845.0,1,14,True,,,
2019,2020,3907019.0,9,9,False,,,
2019,2020,4277918.0,4,14,True,,,
2019,2020,4396787.0,15,15,False,,,
2019,2020,4067524.0,4,4,False,,,
2019,2020,4398287.0,16,5,True,,,
2019,2020,4278016.0,1,7,True,,,
2019,2020,4067000.0,11,11,False,,,
2019,2020,4397942.0,2,6,True,,,
2019,2020,4396677.0,3,14,True,,,
2019,2020,4398300.0,13,4,True,,,
2019,2020,4279463.0,15,6,True,,,
2019,2020,4067901.0,3,17,True,,,
2019,2020,4065669.0,17,17,False,,,
2019,2020,4067719.0,14,4,True,,,
2019,2020,4397951.0,13,13,False,,,
2019,2020,4398343.0,13,13,False,,,
2019,2020,4398196.0,3,3,False,,,
2019,2020,4398025.0,16,16,False,,,
2019,2020,4301313.0,3,4,True,,,
2019,2020,4067629.0,5,5,False,,,
2019,2020,4278065.0,15,15,False,,,
2019,2020,4396678.0,3,7,True,,,
2019,2020,4277852.0,1,1,False,,,
2019,2020,4067078.0,16,11,True,,,
2019,2020,4278121.0,5,11,True,,,
2019,2020,4066628.0,10,6,True,,,
2019,2020,4397179.0,6,6,False,,,
2019,2020,4278310.0,3,3,False,,,
2019,2020,4065763.0,2,16,True,,,
2019,2020,4397718.0,6,10,True,,,
2019,2020,4067140.0,2,16,True,,,
2019,2020,4278352.0,14,14,False,,,
2019,2020,4279648.0,9,9,False,,,
2019,2020,4278341.0,4,14,True,,,
2019,2020,4066366.0,4,4,False,,,
2019,2020,4359118.0,11,11,False,,,
2019,2020,4066996.0,16,0,True,,,
2019,2020,4278417.0,13,13,False,,,
2019,2020,4398121.0,0,12,True,,,
2019,2020,4409222.0,1,1,False,,,
2019,2020,4279251.0,7,7,False,,,
2019,2020,4285659.0,1,15,True,,,
2019,2020,4279210.0,1,4,True,,,
2019,2020,4278609.0,16,16,False,,,
2019,2020,4067789.0,13,13,False,,,
2019,2020,4280025.0,10,1,True,,,
2019,2020,4067712.0,4,4,False,,,
2019,2020,3913188.0,1,4,True,,,
2019,2020,4066405.0,6,15,True,,,
2019,2020,4396818.0,2,6,True,,,
2019,2020,4280091.0,13,4,True,,,
2019,2020,4279647.0,15,15,False,,,
2019,2020,4397946.0,11,16,True,,,
2019,2020,4396809.0,3,3,False,,,
2019,2020,3914046.0,5,16,True,,,
2019,2020,4065805.0,14,14,False,,,
2019,2020,3948791.0,17,12,True,,,
2019,2020,4396968.0,5,15,True,,,
2019,2020,4277833.0,7,0,True,,,
2019,2020,4398109.0,8,12,True,,,
2019,2020,4397356.0,4,17,True,,,
2019,2020,4398293.0,8,12,True,,,
2019,2020,4280137.0,4,14,True,,,
2019,2020,4396917.0,13,10,True,,,
2019,2020,4397892.0,2,16,True,,,
2019,2020,4396578.0,1,10,True,,,
2019,2020,4065667.0,17,4,True,,,
2019,2020,4280256.0,5,16,True,,,
2019,2020,4067207.0,9,9,False,,,
2019,2020,3907608.0,8,7,True,,,
2019,2020,4066700.0,4,7,True,,,
2019,2020,4066808.0,1,1,False,,,
2019,2020,4397653.0,3,3,False,,,
2019,2020,4280040.0,17,17,False,,,
2019,2020,4397066.0,3,14,True,,,
2019,2020,4278696.0,13,12,True,,,
2019,2020,4396682.0,9,9,False,,,
2019,2020,4397862.0,12,3,True,,,
2019,2020,4397166.0,6,1,True,,,
2019,2020,4398319.0,11,10,True,,,
2019,2020,4398375.0,1,13,True,,,
2019,2020,4397790.0,14,14,False,,,
2019,2020,4397833.0,3,4,True,,,
2019,2020,4397221.0,0,10,True,,,
2019,2020,4397694.0,2,2,False,,,
2019,2020,4279531.0,17,7,True,,,
2019,2020,4397671.0,12,0,True,,,
2019,2020,4279466.0,10,6,True,,,
2019,2020,4067348.0,15,15,False,,,
2019,2020,4067357.0,6,10,True,,,
2019,2020,4067360.0,9,9,False,,,
2019,2020,4067430.0,1,16,True,,,
2019,2020,4278644.0,17,13,True,,,
2019,2020,4067656.0,17,13,True,,,
2019,2020,4280187.0,14,14,False,,,
2019,2020,3936080.0,12,13,True,,,
2019,2020,3919435.0,15,15,False,,,
2019,2020,3924916.0,17,4,True,,,
2019,2020,4397081.0,1,4,True,,,
2019,2020,4278544.0,11,7,True,,,
2019,2020,4278235.0,4,14,True,,,
2019,2020,4397726.0,16,14,True,,,
2019,2020,4278495.0,13,13,False,,,
2019,2020,4065813.0,15,15,False,,,
2019,2020,4280203.0,10,17,True,,,
2019,2020,4067358.0,4,4,False,,,
2019,2020,4067464.0,3,4,True,,,
2019,2020,4066320.0,10,14,True,,,
2019,2020,4398390.0,14,14,False,,,
2019,2020,4278244.0,4,4,False,,,
2019,2020,4397511.0,1,14,True,,,
2019,2020,4397987.0,6,6,False,,,
2019,2020,4066877.0,5,15,True,,,
2019,2020,4397928.0,4,3,True,,,
2019,2020,4398060.0,12,4,True,,,
2019,2020,4397774.0,2,7,True,,,
2019,2020,4277897.0,16,11,True,,,
2019,2020,4396807.0,14,14,False,,,
2019,2020,4397652.0,7,14,True,,,
2019,2020,4397996.0,12,3,True,,,
2019,2020,4278516.0,14,14,False,,,
2019,2020,4398078.0,13,13,False,,,
2019,2020,4398283.0,15,15,False,,,
2019,2020,4398107.0,17,12,True,,,
2019,2020,4066246.0,2,11,True,,,
2019,2020,4277846.0,17,1,True,,,
2019,2020,4397589.0,12,4,True,,,
2019,2020,3908336.0,13,10,True,,,
2019,2020,4066878.0,4,4,False,,,
2019,2020,4066494.0,10,10,False,,,
2019,2020,4067050.0,1,10,True,,,
2019,2020,4396693.0,7,7,False,,,
2019,2020,4397954.0,6,6,False,,,
2019,2020,4279846.0,3,14,True,,,
2019,2020,4398400.0,12,12,False,,,
2019,2020,4067338.0,17,17,False,,,
2019,2020,4279435.0,10,6,True,,,
2019,2020,4397710.0,7,0,True,,,
2019,2020,4398147.0,6,12,True,,,
2019,2020,4397748.0,16,5,True,,,
2019,2020,4395874.0,16,7,True,,,
2019,2020,4280214.0,12,4,True,,,
2019,2020,4397101.0,1,1,False,,,
2019,2020,4396951.0,6,1,True,,,
2019,2020,4066932.0,6,7,True,,,
2019,2020,4398096.0,0,12,True,,,
2019,2020,4398404.0,17,4,True,,,
2019,2020,4066827.0,10,7,True,,,
2019,2020,4397099.0,10,6,True,,,
2019,2020,4278681.0,13,4,True,,,
2019,2020,3936278.0,15,15,False,,,
2019,2020,4280047.0,14,14,False,,,
2019,2020,4279514.0,17,13,True,,,
2019,2020,4397131.0,17,13,True,,,
2019,2020,4397230.0,8,12,True,,,
2019,2020,4277854.0,12,4,True,,,
2019,2020,4279516.0,0,12,True,,,
2019,2020,4066402.0,10,17,True,,,
2019,2020,4280279.0,16,15,True,,,
2019,2020,4277971.0,1,10,True,,,
2019,2020,4398141.0,7,4,True,,,
2019,2020,4279150.0,15,15,False,,,
2019,2020,4396594.0,7,7,False,,,
2019,2020,4397329.0,6,1,True,,,
2019,2020,4067606.0,1,1,False,,,
2019,2020,3920137.0,1,4,True,,,
2019,2020,4278554.0,1,10,True,,,
2019,2020,4278569.0,9,9,False,,,
2019,2020,4398063.0,6,13,True,,,
2019,2020,4065637.0,15,6,True,,,
2019,2020,4397732.0,4,14,True,,,
2019,2020,4397599.0,8,3,True,,,
2019,2020,4278680.0,1,3,True,,,
2019,2020,4397590.0,3,3,False,,,
2019,2020,3948766.0,16,16,False,,,
2019,2020,4277886.0,2,9,True,,,
2019,2020,4397807.0,0,13,True,,,
2019,2020,4070755.0,4,3,True,,,
2019,2020,4067030.0,4,4,False,,,
2019,2020,4066882.0,16,6,True,,,
2019,2020,4398206.0,3,4,True,,,
2019,2020,4278349.0,4,4,False,,,
2019,2020,4397189.0,15,9,True,,,
2019,2020,4397650.0,13,12,True,,,
2019,2020,4066496.0,4,14,True,,,
2019,2020,4278736.0,4,4,False,,,
2019,2020,4279325.0,10,4,True,,,
2019,2020,3913243.0,10,10,False,,,
2019,2020,4398199.0,4,12,True,,,
2019,2020,4065812.0,3,3,False,,,
2019,2020,4397210.0,13,17,True,,,
2019,2020,4278332.0,10,0,True,,,
2019,2020,4397224.0,9,9,False,,,
2019,2020,4067089.0,14,14,False,,,
2019,2020,4279786.0,6,6,False,,,
2019,2020,4396001.0,10,6,True,,,
2019,2020,4278663.0,7,4,True,,,
2019,2020,4397705.0,13,3,True,,,
2019,2020,3913169.0,6,10,True,,,
2019,2020,4067579.0,17,17,False,,,
2019,2020,3922045.0,4,3,True,,,
2019,2020,4395702.0,17,4,True,,,
2019,2020,4279701.0,16,16,False,,,
2019,2020,4397625.0,7,12,True,,,
2019,2020,4398281.0,10,4,True,,,
2019,2020,4397832.0,3,3,False,,,
2019,2020,4398408.0,5,5,False,,,
2019,2020,4277964.0,9,15,True,,,
2019,2020,4067590.0,17,17,False,,,
2019,2020,4397753.0,14,14,False,,,
2019,2020,4278685.0,6,7,True,,,
2019,2020,4397275.0,6,7,True,,,
2019,2020,4277889.0,4,4,False,,,
2019,2020,3913240.0,6,4,True,,,
2019,2020,4278116.0,0,9,True,,,
2019,2020,4397271.0,17,17,False,,,
2019,2020,4278891.0,5,5,False,,,
2019,2020,4280015.0,10,16,True,,,
2019,2020,4067181.0,4,3,True,,,
2019,2020,4066500.0,1,1,False,,,
2019,2020,4278688.0,1,15,True,,,
2019,2020,4065816.0,14,14,False,,,
2019,2020,4398106.0,11,1,True,,,
2019,2020,4398316.0,11,10,True,,,
2019,2020,3946947.0,17,17,False,,,
2019,2020,4397479.0,1,6,True,,,
2019,2020,4397298.0,17,13,True,,,
2019,2020,4397001.0,14,14,False,,,
2019,2020,4395695.0,4,14,True,,,
2019,2020,4398297.0,11,5,True,,,
2019,2020,3924873.0,1,1,False,,,
2019,2020,4067655.0,1,8,True,,,
2019,2020,4398304.0,15,10,True,,,
2019,2020,4280111.0,6,6,False,,,
2019,2020,4279553.0,15,15,False,,,
2019,2020,4066763.0,7,7,False,,,
2019,2020,4280181.0,1,10,True,,,
2019,2020,4278694.0,8,3,True,,,
2019,2020,4397322.0,9,11,True,,,
2019,2020,4278695.0,11,16,True,,,
2019,2020,4067219.0,17,1,True,,,
2019,2020,4277972.0,1,1,False,,,
2019,2020,4067769.0,17,13,True,,,
2019,2020,4280075.0,17,4,True,,,
2019,2020,4397481.0,10,0,True,,,
2019,2020,4066343.0,2,15,True,,,
2019,2020,4397572.0,7,6,True,,,
2019,2020,3907599.0,16,10,True,,,
2019,2020,4066266.0,4,13,True,,,
2019,2020,3913548.0,7,3,True,,,
2019,2020,4066232.0,15,15,False,,,
2019,2020,3935015.0,4,13,True,,,
2019,2020,4397805.0,1,14,True,,,
2019,2020,4280103.0,4,7,True,,,
2019,2020,4280048.0,17,17,False,,,
2019,2020,4066240.0,15,1,True,,,
2019,2020,4278580.0,15,10,True,,,
2019,2020,4279739.0,7,6,True,,,
2019,2020,4397306.0,13,4,True,,,
2019,2020,4278407.0,7,3,True,,,
2019,2020,4278378.0,14,14,False,,,
2019,2020,4067405.0,13,13,False,,,
2019,2020,4398311.0,3,3,False,,,
2019,2020,4395630.0,1,10,True,,,
2019,2020,3906965.0,12,13,True,,,
2019,2020,4397490.0,7,7,False,,,
2019,2020,4398223.0,4,14,True,,,
2019,2020,4278057.0,7,3,True,,,
2019,2020,4396576.0,8,12,True,,,
2019,2020,3914289.0,15,14,True,,,
2019,2020,4278576.0,9,11,True,,,
2019,2020,4397246.0,15,15,False,,,
2019,2020,3913549.0,6,12,True,,,
2019,2020,4067031.0,12,12,False,,,
2019,2020,4398420.0,5,5,False,,,
2019,2020,4067366.0,14,4,True,,,
2019,2020,4067102.0,1,4,True,,,
2019,2020,4279078.0,10,10,False,,,
2019,2020,4280165.0,7,6,True,,,
2019,2020,3936277.0,15,6,True,,,
2019,2020,4397977.0,11,11,False,,,
2019,2020,4397636.0,4,13,True,,,
2019,2020,4396993.0,17,14,True,,,
2019,2020,4277921.0,13,13,False,,,
2019,2020,4397968.0,7,7,False,,,
2019,2020,4395992.0,13,13,False,,,
2019,2020,3948775.0,16,2,True,,,
2019,2020,4397036.0,4,14,True,,,
2019,2020,4398366.0,10,10,False,,,
2019,2020,4067887.0,3,7,True,,,
2019,2020,4066253.0,10,10,False,,,
2019,2020,4066785.0,5,9,True,,,
2019,2020,4067710.0,6,6,False,,,
2019,2020,4066598.0,6,6,False,,,
2019,2020,4397955.0,11,11,False,,,
2019,2020,4067318.0,11,16,True,,,
2019,2020,4397528.0,4,3,True,,,
2019,2020,3906509.0,6,1,True,,,
2019,2020,4066790.0,15,15,False,,,
2019,2020,4397428.0,7,7,False,,,
2019,2020,4397616.0,12,13,True,,,
2019,2020,4398384.0,8,12,True,,,
2019,2020,4395664.0,3,4,True,,,
2019,2020,4279190.0,4,4,False,,,
2019,2020,4066883.0,1,3,True,,,
2019,2020,4397638.0,13,12,True,,,
2019,2020,4398017.0,6,6,False,,,
2019,2020,4397854.0,8,7,True,,,
2019,2020,4066633.0,7,10,True,,,
2019,2020,4397759.0,13,1,True,,,
2019,2020,4397617.0,11,16,True,,,
2019,2020,4398073.0,9,9,False,,,
2019,2020,4278585.0,4,14,True,,,
2019,2020,4279470.0,12,12,False,,,
2019,2020,4398122.0,11,7,True,,,
2019,2020,4279241.0,16,16,False,,,
2019,2020,4279886.0,17,14,True,,,
2019,2020,4279448.0,10,15,True,,,
2019,2020,4397802.0,3,4,True,,,
2019,2020,3911625.0,4,13,True,,,
2019,2020,4397249.0,1,1,False,,,
2019,2020,4397238.0,12,4,True,,,
2019,2020,3906730.0,2,16,True,,,
2019,2020,4397868.0,11,6,True,,,
2019,2020,4277978.0,1,7,True,,,
2019,2020,4279482.0,7,6,True,,,
2019,2020,4066735.0,7,3,True,,,
2019,2020,4279751.0,5,15,True,,,
2019,2020,4277993.0,13,13,False,,,
2019,2020,4398180.0,4,4,False,,,
2019,2020,4397051.0,16,16,False,,,
2019,2020,4396741.0,12,12,False,,,
2019,2020,3924906.0,17,10,True,,,
2019,2020,4397112.0,11,6,True,,,
2019,2020,4397789.0,17,13,True,,,
2019,2020,4396776.0,6,10,True,,,
2019,2020,4396952.0,13,12,True,,,
2019,2020,4067707.0,15,15,False,,,
2019,2020,4279173.0,6,6,False,,,
2019,2020,4279923.0,15,15,False,,,
2019,2020,4065699.0,14,14,False,,,
2019,2020,4395701.0,7,13,True,,,
2019,2020,4397820.0,7,12,True,,,
2019,2020,4397127.0,10,6,True,,,
2019,2020,4397929.0,17,13,True,,,
2019,2020,4278263.0,16,6,True,,,
2019,2020,4397331.0,12,1,True,,,
2019,2020,4278743.0,2,16,True,,,
2019,2020,4397019.0,2,15,True,,,
2019,2020,4278881.0,17,13,True,,,
2019,2020,4066629.0,13,13,False,,,
2019,2020,4398059.0,2,6,True,,,
2019,2020,4280155.0,4,3,True,,,
2019,2020,4065714.0,15,15,False,,,
2019,2020,4398354.0,3,7,True,,,
2019,2020,3960595.0,9,2,True,,,
2019,2020,4398093.0,6,16,True,,,
2019,2020,4279894.0,17,13,True,,,
2019,2020,4279318.0,16,10,True,,,
2019,2020,3912821.0,6,2,True,,,
2019,2020,4280284.0,3,7,True,,,
2019,2020,3913163.0,3,14,True,,,
2019,2020,4278643.0,10,10,False,,,
2019,2020,4288068.0,4,13,True,,,
2019,2020,4279695.0,10,10,False,,,
2019,2020,4278951.0,9,9,False,,,
2019,2020,4067442.0,14,14,False,,,
2019,2020,4396972.0,4,4,False,,,
2019,2020,4280094.0,16,0,True,,,
2019,2020,4067645.0,4,17,True,,,
2019,2020,4283577.0,5,11,True,,,
2019,2020,4067622.0,7,8,True,,,
2019,2020,4397311.0,10,6,True,,,
2019,2020,4280268.0,13,6,True,,,
2019,2020,4067800.0,7,1,True,,,
2019,2020,4066646.0,6,10,True,,,
2019,2020,4279836.0,13,17,True,,,
2019,2020,4398178.0,16,11,True,,,
2019,2020,3907340.0,7,1,True,,,
2019,2020,4278307.0,17,10,True,,,
2019,2020,4396007.0,4,13,True,,,
2019,2020,4066368.0,15,10,True,,,
2019,2020,4277925.0,3,3,False,,,
2019,2020,4278684.0,3,4,True,,,
2019,2020,4397415.0,13,12,True,,,
2019,2020,4278600.0,13,17,True,,,
2019,2020,4397682.0,9,10,True,,,
2019,2020,4066786.0,4,4,False,,,
2019,2020,4397792.0,13,13,False,,,
2019,2020,4067683.0,4,4,False,,,
2019,2020,4067119.0,16,15,True,,,
2019,2020,4278456.0,13,13,False,,,
2019,2020,4067878.0,3,3,False,,,
2019,2020,4278979.0,13,13,False,,,
2019,2020,4396836.0,8,8,False,,,
2019,2020,4278524.0,10,15,True,,,
2019,2020,4066479.0,13,13,False,,,
2019,2020,4066880.0,15,15,False,,,
2019,2020,4278527.0,6,15,True,,,
2019,2020,4279005.0,4,4,False,,,
2019,2020,4397303.0,6,6,False,,,
2019,2020,4279900.0,12,13,True,,,
2019,2020,4072622.0,7,7,False,,,
2019,2020,4277812.0,10,10,False,,,
2019,2020,4067775.0,12,7,True,,,
2019,2020,4398070.0,12,13,True,,,
2019,2020,3948728.0,3,13,True,,,
2019,2020,4067576.0,1,14,True,,,
2019,2020,4067951.0,6,6,False,,,
2019,2020,4283595.0,11,6,True,,,
2019,2020,3951584.0,4,13,True,,,
2019,2020,4067687.0,16,5,True,,,
2019,2020,4067699.0,4,13,True,,,
2019,2020,4278932.0,16,2,True,,,
2019,2020,3923564.0,16,16,False,,,
2019,2020,4278033.0,5,2,True,,,
2019,2020,4066748.0,2,15,True,,,
2019,2020,4067070.0,8,8,False,,,
2019,2020,4280011.0,17,13,True,,,
2019,2020,4278130.0,13,17,True,,,
2019,2020,4077221.0,16,15,True,,,
2019,2020,4397049.0,4,4,False,,,
2019,2020,4397506.0,14,14,False,,,
2019,2020,4067377.0,17,17,False,,,
2019,2020,4397998.0,11,16,True,,,
2019,2020,4278470.0,6,6,False,,,
2019,2020,4067241.0,4,4,False,,,
2019,2020,4279147.0,1,1,False,,,
2019,2020,4065814.0,9,16,True,,,
2019,2020,4397660.0,3,7,True,,,
2019,2020,3914072.0,3,3,False,,,
2019,2020,4278565.0,13,4,True,,,
2019,2020,4079701.0,10,10,False,,,
2019,2020,4396909.0,10,17,True,,,
2019,2020,4278402.0,1,1,False,,,
2019,2020,4277940.0,1,0,True,,,
2019,2020,3949224.0,4,4,False,,,
2019,2020,4395988.0,6,6,False,,,
2019,2020,4403414.0,12,4,True,,,
2019,2020,4067336.0,7,3,True,,,
2019,2020,4279486.0,6,11,True,,,
2019,2020,4283592.0,6,12,True,,,
2019,2020,4395878.0,16,16,False,,,
2019,2020,4397840.0,7,10,True,,,
2019,2020,4279474.0,12,4,True,,,
2019,2020,4279090.0,12,13,True,,,
2019,2020,3917986.0,3,3,False,,,
2019,2020,4396761.0,7,8,True,,,
2019,2020,4396762.0,3,1,True,,,
2019,2020,4397958.0,16,6,True,,,
2019,2020,3948863.0,13,17,True,,,
2019,2020,4396742.0,16,16,False,,,
2019,2020,3913699.0,15,16,True,,,
2019,2020,4398029.0,7,3,True,,,
2019,2020,3947221.0,14,14,False,,,
2019,2020,4279202.0,0,10,True,,,
2019,2020,3948149.0,16,2,True,,,
2019,2020,4284123.0,17,13,True,,,
2019,2020,4278368.0,13,13,False,,,
2019,2020,4066936.0,16,2,True,,,
2019,2020,4398022.0,8,12,True,,,
2019,2020,4066215.0,9,2,True,,,
2019,2020,4066728.0,0,0,False,,,
2019,2020,4397167.0,7,6,True,,,
2019,2020,4397890.0,8,3,True,,,
2019,2020,4279134.0,3,14,True,,,
2019,2020,4397679.0,0,0,False,,,
2019,2020,4066395.0,15,6,True,,,
2019,2020,4067724.0,7,14,True,,,
2019,2020,4397829.0,13,4,True,,,
2019,2020,4397233.0,0,6,True,,,
2019,2020,3912836.0,13,14,True,,,
2019,2020,4398295.0,10,7,True,,,
2019,2020,4397478.0,16,2,True,,,
2019,2020,3922231.0,1,1,False,,,
2019,2020,4066489.0,10,15,True,,,
2019,2020,4066866.0,9,9,False,,,
2019,2020,4067197.0,4,4,False,,,
2019,2020,4278592.0,7,12,True,,,
2019,2020,4067433.0,4,3,True,,,
2019,2020,4277967.0,3,14,True,,,
2019,2020,4395997.0,14,14,False,,,
2019,2020,3906519.0,0,13,True,,,
2019,2020,4066889.0,16,15,True,,,
2019,2020,4277943.0,16,10,True,,,
2019,2020,4280020.0,15,2,True,,,
2019,2020,4280099.0,0,4,True,,,
2019,2020,4398363.0,11,11,False,,,
2019,2020,4280043.0,9,11,True,,,
2019,2020,4066761.0,1,1,False,,,
2019,2020,3915648.0,1,1,False,,,
2019,2020,4277950.0,3,13,True,,,
2019,2020,4278040.0,16,10,True,,,
2019,2020,4279788.0,16,16,False,,,
2019,2020,4397380.0,5,6,True,,,
2019,2020,4067349.0,14,3,True,,,
2019,2020,4278591.0,14,1,True,,,
2019,2020,4278347.0,17,13,True,,,
2019,2020,4280013.0,5,11,True,,,
2019,2020,4066943.0,6,6,False,,,
2019,2020,3917311.0,4,4,False,,,
2019,2020,4399106.0,13,4,True,,,
2019,2020,3913224.0,9,15,True,,,
2019,2020,4067073.0,16,16,False,,,
2019,2020,3946983.0,8,7,True,,,
2019,2020,4277936.0,4,13,True,,,
2019,2020,3934623.0,15,15,False,,,
2019,2020,4278007.0,13,13,False,,,
2019,2020,4397096.0,11,9,True,,,
2019,2020,4397815.0,13,13,False,,,
2019,2020,4397310.0,7,4,True,,,
2019,2020,4277815.0,11,5,True,,,
2019,2020,4067341.0,3,4,True,,,
2019,2020,4279791.0,11,16,True,,,
2019,2020,4277922.0,16,2,True,,,
2019,2020,4398010.0,9,9,False,,,
2019,2020,4066949.0,4,4,False,,,
2019,2020,4278555.0,4,4,False,,,
2019,2020,4395626.0,1,14,True,,,
2019,2020,4395712.0,14,14,False,,,
2019,2020,4279167.0,6,6,False,,,
2019,2020,4278977.0,10,10,False,,,
2019,2020,4080375.0,3,3,False,,,
2019,2020,4066235.0,16,6,True,,,
2019,2020,4278602.0,15,10,True,,,
2019,2020,4278732.0,16,11,True,,,
2019,2020,4397424.0,9,9,False,,,
2019,2020,4279565.0,7,4,True,,,
2019,2020,4278579.0,13,0,True,,,
2019,2020,4396974.0,10,6,True,,,
2019,2020,3912295.0,14,14,False,,,
2019,2020,4067091.0,16,16,False,,,
2019,2020,4279505.0,11,16,True,,,
2019,2020,4397751.0,13,17,True,,,
2019,2020,4398062.0,12,12,False,,,
2019,2020,4278982.0,15,15,False,,,
2019,2020,4066352.0,10,10,False,,,
2019,2020,4277880.0,15,15,False,,,
2019,2020,4279488.0,6,6,False,,,
2019,2020,4398051.0,17,4,True,,,
2019,2020,4279521.0,4,13,True,,,
2019,2020,4279181.0,3,14,True,,,
2019,2020,4397689.0,12,6,True,,,
2019,2020,4066413.0,4,14,True,,,
2019,2020,3908903.0,17,17,False,,,
2019,2020,4396817.0,12,13,True,,,
2019,2020,4280036.0,9,16,True,,,
2019,2020,4402918.0,3,4,True,,,
2019,2020,3936293.0,1,1,False,,,
2019,2020,4395620.0,12,10,True,,,
2019,2020,4398348.0,2,15,True,,,
2019,2020,4397579.0,8,3,True,,,
2019,2020,4066596.0,0,4,True,,,
2019,2020,4065653.0,10,1,True,,,
2019,2020,4399105.0,16,6,True,,,
2019,2020,3913238.0,12,13,True,,,
2019,2020,3908320.0,17,13,True,,,
2019,2020,4280018.0,1,1,False,,,
2019,2020,4066850.0,15,15,False,,,
2019,2020,4278621.0,7,7,False,,,
2019,2020,4279741.0,4,4,False,,,
2019,2020,4066838.0,15,15,False,,,
2019,2020,4066371.0,14,14,False,,,
2019,2020,4078506.0,9,9,False,,,
2019,2020,4402919.0,3,3,False,,,
2019,2020,4398310.0,4,17,True,,,
2019,2020,4397926.0,16,16,False,,,
2019,2020,4397345.0,10,6,True,,,
2019,2020,3922038.0,16,6,True,,,
2019,2020,3907020.0,13,10,True,,,
2019,2020,4279734.0,13,4,True,,,
2019,2020,4278975.0,1,10,True,,,
2019,2020,4278268.0,14,14,False,,,
2019,2020,4279093.0,0,12,True,,,
2019,2020,4398132.0,13,13,False,,,
2019,2020,3904634.0,11,9,True,,,
2019,2020,3936173.0,4,12,True,,,
2019,2020,4397289.0,7,13,True,,,
2019,2020,4398113.0,11,11,False,,,
2019,2020,4279212.0,11,16,True,,,
2019,2020,4067151.0,17,4,True,,,
2019,2020,4396632.0,4,13,True,,,
2019,2020,3923228.0,6,11,True,,,
2019,2020,4067389.0,7,0,True,,,
2019,2020,4277892.0,1,1,False,,,
2019,2020,4396694.0,12,12,False,,,
2019,2020,4397631.0,17,13,True,,,
2019,2020,4278297.0,15,6,True,,,
2019,2020,4066710.0,6,12,True,,,
2019,2020,4065750.0,14,14,False,,,
2019,2020,4398370.0,5,5,False,,,
2019,2020,4398098.0,2,15,True,,,
2019,2020,4066382.0,14,14,False,,,
2019,2020,4278267.0,14,14,False,,,
2019,2020,3155501.0,7,7,False,,,
2019,2020,4397003.0,16,11,True,,,
2019,2020,3919349.0,13,17,True,,,
2019,2020,4395670.0,1,3,True,,,
2019,2020,4277980.0,5,2,True,,,
2019,2020,4067177.0,17,17,False,,,
2019,2020,4395665.0,10,10,False,,,
2019,2020,4278269.0,6,6,False,,,
2019,2020,4067138.0,16,15,True,,,
2019,2020,4280250.0,15,15,False,,,
2019,2020,4066991.0,13,4,True,,,
2019,2020,4066868.0,13,0,True,,,
2019,2020,4278259.0,13,0,True,,,
2019,2020,4278117.0,1,3,True,,,
2019,2020,3906549.0,11,11,False,,,
2019,2020,4280139.0,3,4,True,,,
2019,2020,3906667.0,13,10,True,,,
2019,2020,4397749.0,16,2,True,,,
2019,2020,3908808.0,4,17,True,,,
2019,2020,4279699.0,2,15,True,,,
2019,2020,4067361.0,10,7,True,,,
2019,2020,4067603.0,4,15,True,,,
2019,2020,3914279.0,15,10,True,,,
2019,2020,4397165.0,12,12,False,,,
2019,2020,4278360.0,10,14,True,,,
2019,2020,4395724.0,13,4,True,,,
2019,2020,4397500.0,3,3,False,,,
2019,2020,4066952.0,3,8,True,,,
2019,2020,3906684.0,13,1,True,,,
2019,2020,4280118.0,17,4,True,,,
2019,2020,4278733.0,11,11,False,,,
2019,2020,4397716.0,11,9,True,,,
2019,2020,4397976.0,3,4,True,,,
2019,2020,4397295.0,16,16,False,,,
2019,2020,4277835.0,10,15,True,,,
2019,2020,3907609.0,6,6,False,,,
2019,2020,4397488.0,8,1,True,,,
2019,2020,4285365.0,6,6,False,,,
2019,2020,4279109.0,4,3,True,,,
2019,2020,3949238.0,3,8,True,,,
2019,2020,4278515.0,6,6,False,,,
2019,2020,4278953.0,4,4,False,,,
2019,2020,3946973.0,10,1,True,,,
2019,2020,4279220.0,6,6,False,,,
2019,2020,3924917.0,10,6,True,,,
2019,2020,4280038.0,6,10,True,,,
2019,2020,4397002.0,14,14,False,,,
2019,2020,4278199.0,14,14,False,,,
2019,2020,4395713.0,13,17,True,,,
2019,2020,4397354.0,12,13,True,,,
2019,2020,4397024.0,13,0,True,,,
2019,2020,4067661.0,16,16,False,,,
2019,2020,4279920.0,14,14,False,,,
2019,2020,4065656.0,1,14,True,,,
2019,2020,3948024.0,3,8,True,,,
2019,2020,4067431.0,4,3,True,,,
2019,2020,4067873.0,0,7,True,,,
2019,2020,4397379.0,11,10,True,,,
2019,2020,3947671.0,3,14,True,,,
2019,2020,4397109.0,10,1,True,,,
2019,2020,4278728.0,16,16,False,,,
2019,2020,4067220.0,16,6,True,,,
2019,2020,4397737.0,16,2,True,,,
2019,2020,4066965.0,4,4,False,,,
2019,2020,4396816.0,5,11,True,,,
2019,2020,4278145.0,6,6,False,,,
2019,2020,4066825.0,9,9,False,,,
2019,2020,4067472.0,2,2,False,,,
2019,2020,4278552.0,7,3,True,,,
2019,2020,4065650.0,2,9,True,,,
2019,2020,4280151.0,17,17,False,,,
2019,2020,4279483.0,12,6,True,,,
2019,2020,4396954.0,0,6,True,,,
2019,2020,4066377.0,14,14,False,,,
2019,2020,3952207.0,11,11,False,,,
2019,2020,4279208.0,4,4,False,,,
2019,2020,4278657.0,3,14,True,,,
2019,2020,4397847.0,7,4,True,,,
2019,2020,4280116.0,7,7,False,,,
2019,2020,3913218.0,17,17,False,,,
2019,2020,4279736.0,7,6,True,,,
2019,2020,4280115.0,4,17,True,,,
2019,2020,4278523.0,17,17,False,,,
2019,2020,4280276.0,7,12,True,,,
2019,2020,4279556.0,12,4,True,,,
2019,2020,4397269.0,7,17,True,,,
2019,2020,4397395.0,3,3,False,,,
2019,2020,4398155.0,12,12,False,,,
2019,2020,4066512.0,10,0,True,,,
2019,2020,4397482.0,6,11,True,,,
2019,2020,4279478.0,16,16,False,,,
2019,2020,4067680.0,11,11,False,,,
2019,2020,4398176.0,8,12,True,,,
2019,2020,3948700.0,14,4,True,,,
2019,2020,4066288.0,9,9,False,,,
2019,2020,4279119.0,1,1,False,,,
2019,2020,4279430.0,6,6,False,,,
2019,2020,4279743.0,17,13,True,,,
2019,2020,4279077.0,12,4,True,,,
2019,2020,4067129.0,5,5,False,,,
2019,2020,4397139.0,7,7,False,,,
2019,2020,4397010.0,3,3,False,,,
2019,2020,4398116.0,16,10,True,,,
2019,2020,3907620.0,13,12,True,,,
2019,2020,4277994.0,9,15,True,,,
2019,2020,3947156.0,9,15,True,,,
2019,2020,4279143.0,4,4,False,,,
2019,2020,4277992.0,13,6,True,,,
2019,2020,4067807.0,1,4,True,,,
2019,2020,4398104.0,3,3,False,,,
2019,2020,4279882.0,0,6,True,,,
2019,2020,4397388.0,0,7,True,,,
2019,2020,4066743.0,12,4,True,,,
2019,2020,4396597.0,6,10,True,,,
2019,2020,4280138.0,7,1,True,,,
2019,2020,3908857.0,10,10,False,,,
2019,2020,4396812.0,12,13,True,,,
2019,2020,4397091.0,7,7,False,,,
2019,2020,3948134.0,4,10,True,,,
2019,2020,4397365.0,12,4,True,,,
2019,2020,4277983.0,16,5,True,,,
2019,2020,3913217.0,1,1,False,,,
2019,2020,4067255.0,4,4,False,,,
2019,2020,4397347.0,9,9,False,,,
2019,2020,4066437.0,15,15,False,,,
2019,2020,4397909.0,0,11,True,,,
2019,2020,4066315.0,6,10,True,,,
2019,2020,3936079.0,3,3,False,,,
2019,2020,4278517.0,12,17,True,,,
2019,2020,4066821.0,17,12,True,,,
2019,2020,4065705.0,15,15,False,,,
2019,2020,4279439.0,0,7,True,,,
2019,2020,4395708.0,9,2,True,,,
2019,2020,4397243.0,12,4,True,,,
2019,2020,4277915.0,9,9,False,,,
2019,2020,4398413.0,7,1,True,,,
2019,2020,4067640.0,6,11,True,,,
2019,2020,4067362.0,7,17,True,,,
2019,2020,3948776.0,17,4,True,,,
2019,2020,3906578.0,4,17,True,,,
2019,2020,4066795.0,10,15,True,,,
2019,2020,4278362.0,16,16,False,,,
2019,2020,4397693.0,10,10,False,,,
2019,2020,4397145.0,17,7,True,,,
2019,2020,3941313.0,11,5,True,,,
2019,2020,4067325.0,15,15,False,,,
2019,2020,4398097.0,7,12,True,,,
2019,2020,4403413.0,3,3,False,,,
2019,2020,4067192.0,4,12,True,,,
2019,2020,4067738.0,16,16,False,,,
2019,2020,4066822.0,17,13,True,,,
2019,2020,4280080.0,16,16,False,,,
2019,2020,4072626.0,14,14,False,,,
2019,2020,4066237.0,2,2,False,,,
2019,2020,4278403.0,9,9,False,,,
2019,2020,4067117.0,9,15,True,,,
2019,2020,4280058.0,3,12,True,,,
2019,2020,4397548.0,7,3,True,,,
2019,2020,nan,16,15,True,,,
2019,2020,4398233.0,0,13,True,,,
2019,2020,4065846.0,2,15,True,,,
2019,2020,4397305.0,3,14,True,,,
2019,2020,3975762.0,16,11,True,,,
2019,2020,3938909.0,14,3,True,,,
2019,2020,4397440.0,7,7,False,,,
2019,2020,4277987.0,9,9,False,,,
2019,2020,3913229.0,6,8,True,,,
2019,2020,4067679.0,4,4,False,,,
2019,2020,4066672.0,12,13,True,,,
2019,2020,4067370.0,1,14,True,,,
2019,2020,4278559.0,16,5,True,,,
2019,2020,3948713.0,12,12,False,,,
2019,2020,4397995.0,4,4,False,,,
2019,2020,3924908.0,17,4,True,,,
2019,2020,4067855.0,13,6,True,,,
2019,2020,4067396.0,6,11,True,,,
2019,2020,4066467.0,15,10,True,,,
2019,2020,3920203.0,14,3,True,,,
2019,2020,4397972.0,4,12,True,,,
2019,2020,4397016.0,14,14,False,,,
2019,2020,4397242.0,4,4,False,,,
2019,2020,4396689.0,13,12,True,,,
2019,2020,4278064.0,7,4,True,,,
2019,2020,4397149.0,10,10,False,,,
2019,2020,4067607.0,4,4,False,,,
2019,2020,4397446.0,7,7,False,,,
2019,2020,4066847.0,2,15,True,,,
2019,2020,4067636.0,11,16,True,,,
2019,2020,4066449.0,13,13,False,,,
2019,2020,4398273.0,4,13,True,,,
2019,2020,4279245.0,10,10,False,,,
2019,2020,4066797.0,7,6,True,,,
2019,2020,4066632.0,17,17,False,,,
2019,2020,4284080.0,6,10,True,,,
2019,2020,3912825.0,13,13,False,,,
2019,2020,4278492.0,0,12,True,,,
2019,2020,4283602.0,3,3,False,,,
2019,2020,3946036.0,10,10,False,,,
2019,2020,3913789.0,4,13,True,,,
2019,2020,4081600.0,7,17,True,,,
2019,2020,4398409.0,8,3,True,,,
2019,2020,4397711.0,9,15,True,,,
2019,2020,3914059.0,4,17,True,,,
2019,2020,3912281.0,14,3,True,,,
2019,2020,4398314.0,4,6,True,,,
2019,2020,4397251.0,10,10,False,,,
2019,2020,4278573.0,2,15,True,,,
2019,2020,4066651.0,10,10,False,,,
2019,2020,4398225.0,8,3,True,,,
2019,2020,4395671.0,6,10,True,,,
2019,2020,4278264.0,11,16,True,,,
2019,2020,4279116.0,4,14,True,,,
2019,2020,3923558.0,3,8,True,,,
2019,2020,4280044.0,3,14,True,,,
2019,2020,4397649.0,0,17,True,,,
2019,2020,4277878.0,7,3,True,,,
2019,2020,4396614.0,15,15,False,,,
2019,2020,3938913.0,6,6,False,,,
2019,2020,4277984.0,1,1,False,,,
2019,2020,4397932.0,6,15,True,,,
2019,2020,4279237.0,13,17,True,,,
2019,2020,4398080.0,4,3,True,,,
2019,2020,3913676.0,11,16,True,,,
2019,2020,4070687.0,14,14,False,,,
2019,2020,4066828.0,7,12,True,,,
2019,2020,4278133.0,14,14,False,,,
2019,2020,4398276.0,3,7,True,,,
2019,2020,3948131.0,6,4,True,,,
2019,2020,4398210.0,7,12,True,,,
2019,2020,4397153.0,16,15,True,,,
2019,2020,4277985.0,0,13,True,,,
2019,2020,3920287.0,6,6,False,,,
2019,2020,4398005.0,0,13,True,,,
2019,2020,4398125.0,13,13,False,,,
2019,2020,3950760.0,9,9,False,,,
2019,2020,4067271.0,17,10,True,,,
2019,2020,4067120.0,14,14,False,,,
2019,2020,4067766.0,6,1,True,,,
2019,2020,4397350.0,4,4,False,,,
2019,2020,3921425.0,13,10,True,,,
2019,2020,4397383.0,10,10,False,,,
2019,2020,4277832.0,5,1,True,,,
2019,2020,4066390.0,10,10,False,,,
2019,2020,4279905.0,12,3,True,,,
2019,2020,4397469.0,7,1,True,,,
2019,2020,4279244.0,4,4,False,,,
2019,2020,4397394.0,3,4,True,,,
2019,2020,4280102.0,6,11,True,,,
2019,2020,4397248.0,16,16,False,,,
2019,2020,3947024.0,0,0,False,,,
2019,2020,4397728.0,2,16,True,,,
2019,2020,4278303.0,6,9,True,,,
2019,2020,4066852.0,13,1,True,,,
2019,2020,3913170.0,16,11,True,,,
2019,2020,4278356.0,12,8,True,,,
2019,2020,4280245.0,1,1,False,,,
2019,2020,4279868.0,6,6,False,,,
2019,2020,4396027.0,11,16,True,,,
2019,2020,4066378.0,9,15,True,,,
2019,2020,4066492.0,13,17,True,,,
2019,2020,4066974.0,5,9,True,,,
2019,2020,4279246.0,11,5,True,,,
2019,2020,4280167.0,14,14,False,,,
2019,2020,4278522.0,14,1,True,,,
2019,2020,4278202.0,5,5,False,,,
2019,2020,4067017.0,14,4,True,,,
2019,2020,4395697.0,6,1,True,,,
2019,2020,4279554.0,6,15,True,,,
2019,2020,4398136.0,4,7,True,,,
2019,2020,4279780.0,11,5,True,,,
2019,2020,4067237.0,16,6,True,,,
2019,2020,4280143.0,6,4,True,,,
2019,2020,4397231.0,6,13,True,,,
2019,2020,4279902.0,13,13,False,,,
2019,2020,4278018.0,9,9,False,,,
2019,2020,3924911.0,9,9,False,,,
2019,2020,4280173.0,6,10,True,,,
2019,2020,4396769.0,16,11,True,,,
2019,2020,4280012.0,6,6,False,,,
2019,2020,4278993.0,6,12,True,,,
2019,2020,4066718.0,3,7,True,,,
2019,2020,4067895.0,13,6,True,,,
2019,2020,4067611.0,10,10,False,,,
2019,2020,4397408.0,17,12,True,,,
2019,2020,4397646.0,2,2,False,,,
2019,2020,4398307.0,12,12,False,,,
2019,2020,4397587.0,13,7,True,,,
2019,2020,4066836.0,15,15,False,,,
2019,2020,4397086.0,0,10,True,,,
2019,2020,4398103.0,8,3,True,,,
2019,2020,4395677.0,4,3,True,,,
2019,2020,4397512.0,8,3,True,,,
2019,2020,4066277.0,16,16,False,,,
2019,2020,4067101.0,15,15,False,,,
2019,2020,4278448.0,11,6,True,,,
2019,2020,4278699.0,6,10,True,,,
2019,2020,4066892.0,0,12,True,,,
2019,2020,4280270.0,8,14,True,,,
2019,2020,4398046.0,17,13,True,,,
2019,2020,4397458.0,7,12,True,,,
2019,2020,4065761.0,14,14,False,,,
2019,2020,4278123.0,7,13,True,,,
2019,2020,4067347.0,1,1,False,,,
2019,2020,4397411.0,0,12,True,,,
2019,2020,4067608.0,10,10,False,,,
2019,2020,3906508.0,1,4,True,,,
2019,2020,4277942.0,13,4,True,,,
2019,2020,4278481.0,15,15,False,,,
2019,2020,4278720.0,15,15,False,,,
2019,2020,4278586.0,2,2,False,,,
2019,2020,4066435.0,17,4,True,,,
2019,2020,4279080.0,4,3,True,,,
2019,2020,3922033.0,6,6,False,,,
2019,2020,4278107.0,12,4,True,,,
2019,2020,4397733.0,6,6,False,,,
2019,2020,4065777.0,11,6,True,,,
2019,2020,4279118.0,4,4,False,,,
2019,2020,4278124.0,14,14,False,,,
2019,2020,4280260.0,4,4,False,,,
2019,2020,4065675.0,17,17,False,,,
2019,2020,4395622.0,0,1,True,,,
2019,2020,4070682.0,0,4,True,,,
2019,2020,4067594.0,4,14,True,,,
2019,2020,4067346.0,7,4,True,,,
2019,2020,4398130.0,6,7,True,,,
2019,2020,4280119.0,0,4,True,,,
2019,2020,3947715.0,10,13,True,,,
2019,2020,4279213.0,16,16,False,,,
2019,2020,4066720.0,10,10,False,,,
2019,2020,3913701.0,4,13,True,,,
2019,2020,4397678.0,14,3,True,,,
2019,2020,4397045.0,14,14,False,,,
2019,2020,3948799.0,6,6,False,,,
2019,2020,4397725.0,7,1,True,,,
2019,2020,3907108.0,8,12,True,,,
2019,2020,4398142.0,7,1,True,,,
2019,2020,4066287.0,17,4,True,,,
2019,2020,4067301.0,14,6,True,,,
2019,2020,4067291.0,16,15,True,,,
2019,2020,4279625.0,4,4,False,,,
2019,2020,4278045.0,6,10,True,,,
2019,2020,4398197.0,1,5,True,,,
2019,2020,4067398.0,15,6,True,,,
2019,2020,3908524.0,13,4,True,,,
2019,2020,4078950.0,13,4,True,,,
2019,2020,4279464.0,16,11,True,,,
2019,2020,4067099.0,10,17,True,,,
2019,2020,4277982.0,10,12,True,,,
2019,2020,4396641.0,8,8,False,,,
2019,2020,4066397.0,11,16,True,,,
2019,2020,4066637.0,14,4,True,,,
2019,2020,4279697.0,17,4,True,,,
2019,2020,4397239.0,13,13,False,,,
2019,2020,4397767.0,0,17,True,,,
2019,2020,3911567.0,14,14,False,,,
2019,2020,4396642.0,5,16,True,,,
2019,2020,3948866.0,4,12,True,,,
2019,2020,4277844.0,6,13,True,,,
2019,2020,4066515.0,17,13,True,,,
2019,2020,4067595.0,10,6,True,,,
2019,2020,4067458.0,15,15,False,,,
2019,2020,3906672.0,7,7,False,,,
2019,2020,4397192.0,0,8,True,,,
2019,2020,4066477.0,5,5,False,,,
2019,2020,4066249.0,10,10,False,,,
2019,2020,4279073.0,15,15,False,,,
2019,2020,4398341.0,13,13,False,,,
2019,2020,4278304.0,3,3,False,,,
2019,2020,4278606.0,6,6,False,,,
2019,2020,3907407.0,17,13,True,,,
2019,2020,4067295.0,10,4,True,,,
2019,2020,4396014.0,16,0,True,,,
2019,2020,4066717.0,5,5,False,,,
2019,2020,4065792.0,7,7,False,,,
2019,2020,4067626.0,14,14,False,,,
2019,2020,4396959.0,15,15,False,,,
2019,2020,4395667.0,13,13,False,,,
2019,2020,4066813.0,10,7,True,,,
2019,2020,4398077.0,13,12,True,,,
2019,2020,4397136.0,10,10,False,,,
2019,2020,4066317.0,17,4,True,,,
2019,2020,4067770.0,15,1,True,,,
2019,2020,3911624.0,11,9,True,,,
2019,2020,4067670.0,16,16,False,,,
2019,2020,3130580.0,2,9,True,,,
2019,2020,4397405.0,12,12,False,,,
2019,2020,4398325.0,8,3,True,,,
2019,2020,4067741.0,10,10,False,,,
2019,2020,4397328.0,0,0,False,,,
2019,2020,4278670.0,7,13,True,,,
2019,2020,4395661.0,6,13,True,,,
2019,2020,4066250.0,6,4,True,,,
2019,2020,4066997.0,14,4,True,,,
2019,2020,4066322.0,7,2,True,,,
2019,2020,4066414.0,13,10,True,,,
2019,2020,3936192.0,17,13,True,,,
2019,2020,4066796.0,14,3,True,,,
2019,2020,4395676.0,13,13,False,,,
2019,2020,4066802.0,10,6,True,,,
2019,2020,4397696.0,1,7,True,,,
2019,2020,4398067.0,7,7,False,,,
2019,2020,4284101.0,12,4,True,,,
2019,2020,4397398.0,12,6,True,,,
2019,2020,4066856.0,11,15,True,,,
2019,2020,4397193.0,1,1,False,,,
2019,2020,4066751.0,4,6,True,,,
2019,2020,4067053.0,10,6,True,,,
2019,2020,4066316.0,2,2,False,,,
2019,2020,4398043.0,3,3,False,,,
2019,2020,4397178.0,11,6,True,,,
2019,2020,4395698.0,4,14,True,,,
2019,2020,3135098.0,17,14,True,,,
2019,2020,4277814.0,10,10,False,,,
2019,2020,4396020.0,8,7,True,,,
2019,2020,4279921.0,0,6,True,,,
2019,2020,4066307.0,15,15,False,,,
2019,2020,4397614.0,13,13,False,,,
2019,2020,4067001.0,10,0,True,,,
2019,2020,4395686.0,12,6,True,,,
2019,2020,4066768.0,6,1,True,,,
2019,2020,4279639.0,11,6,True,,,
2019,2020,4398329.0,7,12,True,,,
2019,2020,4067395.0,14,14,False,,,
2019,2020,4398040.0,7,17,True,,,
2019,2020,4067122.0,10,12,True,,,
2019,2020,4397071.0,4,14,True,,,
2019,2020,4277935.0,3,8,True,,,
2019,2020,4279566.0,6,17,True,,,
2019,2020,4397580.0,7,17,True,,,
2019,2020,3924900.0,1,1,False,,,
2019,2020,3138514.0,4,4,False,,,
2019,2020,4066301.0,1,14,True,,,
2019,2020,4066736.0,4,4,False,,,
2019,2020,4277868.0,6,16,True,,,
2019,2020,4072630.0,4,6,True,,,
2019,2020,4067791.0,15,16,True,,,
2019,2020,4277926.0,7,3,True,,,
2019,2020,3913248.0,12,13,True,,,
2019,2020,4278230.0,13,17,True,,,
2019,2020,4397080.0,12,10,True,,,
2019,2020,4066695.0,6,1,True,,,
2019,2020,4398162.0,11,11,False,,,
2019,2020,4397627.0,8,11,True,,,
2019,2020,4278738.0,15,15,False,,,
2019,2020,4396961.0,10,10,False,,,
2019,2020,4278751.0,11,11,False,,,
2019,2020,3935012.0,7,4,True,,,
2019,2020,4278536.0,10,6,True,,,
2019,2020,4398430.0,12,8,True,,,
2019,2020,4397688.0,17,10,True,,,
2019,2020,4067737.0,13,0,True,,,
2019,2020,3941312.0,5,5,False,,,
2019,2020,4067414.0,7,12,True,,,
2019,2020,4397413.0,16,16,False,,,
2019,2020,4398246.0,11,16,True,,,
2019,2020,4066811.0,6,6,False,,,
2019,2020,4279102.0,15,1,True,,,
2019,2020,4397325.0,5,16,True,,,
2019,2020,4278240.0,6,14,True,,,
2019,2020,4067735.0,14,14,False,,,
2019,2020,4066428.0,1,1,False,,,
2019,2020,3913553.0,17,4,True,,,
2019,2020,4278203.0,4,4,False,,,
2019,2020,3914638.0,1,15,True,,,
2019,2020,4067865.0,16,5,True,,,
2019,2020,4397037.0,2,15,True,,,
2019,2020,4397094.0,15,15,False,,,
2019,2020,4279252.0,9,2,True,,,
2019,2020,3906544.0,16,6,True,,,
2019,2020,4278707.0,17,17,False,,,
2019,2020,4397062.0,8,7,True,,,
2019,2020,4066799.0,9,9,False,,,
2019,2020,4397464.0,16,16,False,,,
2019,2020,4066976.0,17,17,False,,,
2019,2020,4278578.0,12,1,True,,,
2019,2020,4066807.0,13,13,False,,,
2019,2020,4396745.0,13,17,True,,,
2019,2020,4397475.0,4,4,False,,,
2019,2020,4278134.0,10,0,True,,,
2019,2020,4279508.0,4,7,True,,,
2019,2020,4067012.0,4,14,True,,,
2019,2020,4067130.0,14,14,False,,,
2019,2020,4278995.0,3,3,False,,,
2019,2020,4287948.0,11,6,True,,,
2019,2020,4398425.0,16,16,False,,,
2019,2020,4066909.0,8,12,True,,,
2019,2020,4397619.0,16,15,True,,,
2019,2020,4397834.0,6,11,True,,,
2019,2020,4397368.0,11,16,True,,,
2019,2020,4066934.0,3,4,True,,,
2019,2020,4067967.0,6,5,True,,,
2019,2020,4279060.0,10,10,False,,,
2019,2020,4279805.0,4,12,True,,,
2019,2020,4278306.0,14,1,True,,,
2019,2020,4398154.0,7,7,False,,,
2019,2020,4066359.0,12,13,True,,,
2019,2020,4080105.0,9,9,False,,,
2019,2020,4397891.0,13,6,True,,,
2019,2020,4066630.0,4,7,True,,,
2019,2020,4397633.0,6,0,True,,,
2019,2020,4397486.0,16,16,False,,,
2019,2020,4279050.0,3,15,True,,,
2019,2020,4395719.0,7,10,True,,,
2019,2020,4277869.0,14,14,False,,,
2019,2020,3913554.0,14,12,True,,,
2019,2020,3913216.0,17,12,True,,,
2019,2020,4397567.0,1,1,False,,,
2019,2020,4398179.0,4,4,False,,,
2019,2020,4397835.0,0,13,True,,,
2019,2020,3948606.0,4,12,True,,,
2019,2020,4279087.0,4,4,False,,,
2019,2020,4397227.0,1,1,False,,,
2019,2020,4397533.0,16,1,True,,,
2019,2020,4283580.0,7,8,True,,,
2019,2020,4403417.0,9,2,True,,,
2019,2020,4396696.0,11,11,False,,,
2019,2020,4066466.0,17,12,True,,,
2019,2020,4073466.0,9,9,False,,,
2019,2020,4279313.0,17,4,True,,,
2019,2020,4278542.0,10,1,True,,,
2019,2020,3947017.0,0,4,True,,,
2019,2020,4280041.0,4,4,False,,,
2019,2020,4397813.0,3,3,False,,,
2019,2020,4279703.0,3,12,True,,,
2019,2020,4397184.0,17,4,True,,,
2019,2020,4279472.0,6,6,False,,,
2019,2020,4278572.0,11,10,True,,,
2019,2020,4279052.0,12,17,True,,,
2019,2020,4397914.0,7,10,True,,,
2019,2020,4279221.0,8,7,True,,,
2019,2020,4398221.0,16,6,True,,,
2019,2020,4397761.0,9,5,True,,,
2019,2020,4067175.0,2,16,True,,,
2019,2020,4396649.0,16,16,False,,,
2019,2020,4398386.0,11,9,True,,,
2019,2020,3947014.0,4,4,False,,,
2019,2020,4280061.0,3,6,True,,,
2019,2020,4279131.0,13,10,True,,,
2019,2020,4280070.0,4,6,True,,,
2019,2020,4311618.0,13,13,False,,,
2019,2020,3938916.0,11,15,True,,,
2019,2020,3906782.0,17,13,True,,,
2019,2020,4066292.0,5,1,True,,,
2019,2020,4396618.0,12,12,False,,,
2019,2020,4397643.0,17,13,True,,,
2019,2020,4398266.0,3,3,False,,,
2019,2020,4397521.0,7,7,False,,,
2019,2020,4066476.0,11,11,False,,,
2019,2020,3913787.0,9,9,False,,,
2019,2020,4277960.0,12,13,True,,,
2019,2020,4067051.0,4,4,False,,,
2019,2020,4277908.0,2,15,True,,,
2019,2020,4279512.0,15,16,True,,,
2019,2020,4398008.0,7,12,True,,,
2019,2020,4398218.0,7,12,True,,,
2019,2020,4398318.0,14,3,True,,,
2019,2020,4066443.0,14,14,False,,,
2019,2020,4279240.0,10,6,True,,,
2019,2020,3936177.0,11,16,True,,,
2019,2020,4279451.0,14,14,False,,,
2019,2020,3914286.0,4,4,False,,,
2019,2020,4398362.0,4,3,True,,,
2019,2020,4397226.0,9,9,False,,,
2019,2020,4279650.0,11,8,True,,,
2019,2020,4398376.0,3,14,True,,,
2019,2020,4397363.0,16,16,False,,,
2019,2020,4077382.0,15,15,False,,,
2020,2021,4593276.0,11,11,False,,,
2020,2021,4279176.0,6,8,True,,,
2020,2021,4432107.0,13,4,True,,,
2020,2021,4593719.0,3,7,True,,,
2020,2021,4397100.0,3,3,False,,,
2020,2021,4285366.0,16,15,True,,,
2020,2021,4278074.0,14,14,False,,,
2020,2021,4067631.0,3,3,False,,,
2020,2021,4278290.0,16,6,True,,,
2020,2021,4278099.0,8,15,True,,,
2020,2021,4592316.0,3,8,True,,,
2020,2021,4278507.0,14,14,False,,,
2020,2021,4277855.0,17,17,False,,,
2020,2021,4277845.0,1,1,False,,,
2020,2021,4070742.0,12,12,False,,,
2020,2021,4065731.0,9,9,False,,,
2020,2021,4279889.0,2,2,False,,,
2020,2021,4397644.0,15,15,False,,,
2020,2021,4593447.0,13,17,True,,,
2020,2021,4278335.0,10,10,False,,,
2020,2021,4431749.0,13,13,False,,,
2020,2021,4432075.0,5,16,True,,,
2020,2021,4594072.0,0,6,True,,,
2020,2021,4395880.0,14,3,True,,,
2020,2021,4067164.0,4,3,True,,,
2020,2021,4431779.0,3,3,False,,,
2020,2021,4592315.0,8,8,False,,,
2020,2021,4278204.0,5,16,True,,,
2020,2021,4294217.0,2,10,True,,,
2020,2021,4279497.0,7,7,False,,,
2020,2021,4067375.0,3,3,False,,,
2020,2021,4280158.0,15,15,False,,,
2020,2021,4279169.0,2,15,True,,,
2020,2021,4593122.0,5,5,False,,,
2020,2021,4592771.0,3,3,False,,,
2020,2021,4066777.0,6,6,False,,,
2020,2021,4592936.0,8,8,False,,,
2020,2021,4066817.0,6,13,True,,,
2020,2021,4278334.0,11,16,True,,,
2020,2021,4278408.0,1,2,True,,,
2020,2021,4593903.0,9,16,True,,,
2020,2021,4396612.0,7,12,True,,,
2020,2021,4066440.0,9,9,False,,,
2020,2021,4397570.0,6,6,False,,,
2020,2021,4280301.0,10,10,False,,,
2020,2021,4279641.0,12,6,True,,,
2020,2021,4431736.0,16,15,True,,,
2020,2021,4431790.0,3,4,True,,,
2020,2021,4432854.0,9,9,False,,,
2020,2021,4592216.0,6,1,True,,,
2020,2021,4280016.0,17,17,False,,,
2020,2021,4432944.0,7,3,True,,,
2020,2021,4593340.0,5,16,True,,,
2020,2021,4067439.0,2,15,True,,,
2020,2021,4066380.0,2,2,False,,,
2020,2021,4432962.0,3,14,True,,,
2020,2021,4067781.0,1,1,False,,,
2020,2021,4592843.0,6,10,True,,,
2020,2021,4432848.0,1,10,True,,,
2020,2021,4279851.0,1,3,True,,,
2020,2021,4278142.0,17,17,False,,,
2020,2021,4066342.0,2,2,False,,,
2020,2021,4396998.0,10,10,False,,,
2020,2021,4431909.0,12,12,False,,,
2020,2021,4398257.0,10,15,True,,,
2020,2021,4397134.0,10,17,True,,,
2020,2021,4433129.0,6,6,False,,,
2020,2021,4432996.0,5,10,True,,,
2020,2021,4278532.0,6,1,True,,,
2020,2021,4592707.0,12,7,True,,,
2020,2021,4397123.0,1,1,False,,,
2020,2021,4433076.0,6,10,True,,,
2020,2021,4397027.0,12,3,True,,,
2020,2021,4397018.0,1,17,True,,,
2020,2021,4277903.0,16,11,True,,,
2020,2021,4279649.0,3,14,True,,,
2020,2021,4431996.0,7,3,True,,,
2020,2021,4279061.0,7,7,False,,,
2020,2021,4432855.0,9,9,False,,,
2020,2021,4397558.0,16,16,False,,,
2020,2021,4334018.0,4,4,False,,,
2020,2021,4592588.0,7,3,True,,,
2020,2021,4278706.0,10,1,True,,,
2020,2021,4066442.0,10,0,True,,,
2020,2021,4397033.0,10,10,False,,,
2020,2021,4593700.0,3,3,False,,,
2020,2021,4592750.0,0,6,True,,,
2020,2021,4593272.0,3,8,True,,,
2020,2021,4397125.0,1,10,True,,,
2020,2021,4067814.0,3,4,True,,,
2020,2021,4279101.0,4,12,True,,,
2020,2021,4432957.0,3,3,False,,,
2020,2021,4066999.0,6,10,True,,,
2020,2021,4432899.0,0,8,True,,,
2020,2021,4593773.0,7,17,True,,,
2020,2021,4593806.0,13,13,False,,,
2020,2021,4593818.0,13,12,True,,,
2020,2021,4066669.0,15,15,False,,,
2020,2021,4397680.0,15,10,True,,,
2020,2021,4397554.0,14,14,False,,,
2020,2021,4593702.0,16,16,False,,,
2020,2021,4432147.0,16,16,False,,,
2020,2021,4280190.0,14,14,False,,,
2020,2021,4280184.0,13,13,False,,,
2020,2021,4278449.0,4,4,False,,,
2020,2021,4396633.0,14,14,False,,,
2020,2021,4594016.0,11,11,False,,,
2020,2021,4278489.0,11,16,True,,,
2020,2021,4278566.0,6,6,False,,,
2020,2021,4278119.0,7,10,True,,,
2020,2021,4397396.0,16,16,False,,,
2020,2021,4593150.0,4,4,False,,,
2020,2021,4397263.0,0,17,True,,,
2020,2021,4593713.0,13,17,True,,,
2020,2021,4593242.0,6,6,False,,,
2020,2021,4592453.0,3,4,True,,,
2020,2021,4593930.0,4,12,True,,,
2020,2021,4065719.0,0,16,True,,,
2020,2021,4593091.0,12,13,True,,,
2020,2021,4397456.0,2,10,True,,,
2020,2021,4397850.0,14,4,True,,,
2020,2021,4398245.0,6,5,True,,,
2020,2021,4396591.0,4,4,False,,,
2020,2021,4431941.0,7,4,True,,,
2020,2021,4278525.0,16,15,True,,,
2020,2021,4279854.0,12,13,True,,,
2020,2021,4397957.0,3,3,False,,,
2020,2021,4433133.0,14,4,True,,,
2020,2021,4277951.0,15,15,False,,,
2020,2021,4066455.0,4,4,False,,,
2020,2021,4592476.0,13,13,False,,,
2020,2021,4431839.0,3,3,False,,,
2020,2021,4280264.0,10,0,True,,,
2020,2021,4396753.0,12,13,True,,,
2020,2021,4397220.0,14,14,False,,,
2020,2021,4593469.0,0,9,True,,,
2020,2021,4593362.0,9,2,True,,,
2020,2021,4431993.0,4,4,False,,,
2020,2021,4431999.0,12,0,True,,,
2020,2021,4280077.0,11,8,True,,,
2020,2021,4278735.0,13,4,True,,,
2020,2021,4431699.0,9,2,True,,,
2020,2021,4397552.0,6,7,True,,,
2020,2021,4397568.0,4,4,False,,,
2020,2021,4397779.0,4,4,False,,,
2020,2021,4279457.0,7,7,False,,,
2020,2021,4397851.0,12,13,True,,,
2020,2021,4278038.0,3,3,False,,,
2020,2021,4278556.0,17,17,False,,,
2020,2021,4284076.0,13,17,True,,,
2020,2021,4284169.0,3,3,False,,,
2020,2021,4066457.0,14,14,False,,,
2020,2021,4397214.0,13,12,True,,,
2020,2021,4594100.0,2,1,True,,,
2020,2021,4431760.0,9,9,False,,,
2020,2021,4279532.0,6,14,True,,,
2020,2021,4065775.0,12,10,True,,,
2020,2021,4398119.0,16,6,True,,,
2020,2021,4431990.0,2,10,True,,,
2020,2021,4278485.0,9,2,True,,,
2020,2021,4397634.0,5,10,True,,,
2020,2021,4067382.0,1,10,True,,,
2020,2021,4066393.0,2,2,False,,,
2020,2021,4280244.0,4,4,False,,,
2020,2021,4398149.0,5,15,True,,,
2020,2021,4397427.0,14,14,False,,,
2020,2021,4592489.0,4,12,True,,,
2020,2021,4397228.0,6,7,True,,,
2020,2021,4396670.0,1,7,True,,,
2020,2021,4280042.0,16,15,True,,,
2020,2021,4431730.0,7,4,True,,,
2020,2021,4432869.0,10,15,True,,,
2020,2021,4397744.0,17,10,True,,,
2020,2021,4593386.0,12,12,False,,,
2020,2021,4593051.0,13,13,False,,,
2020,2021,4067352.0,6,12,True,,,
2020,2021,4397065.0,7,11,True,,,
2020,2021,4431775.0,13,6,True,,,
2020,2021,4593135.0,15,15,False,,,
2020,2021,4397722.0,2,10,True,,,
2020,2021,4431964.0,16,2,True,,,
2020,2021,4280087.0,11,11,False,,,
2020,2021,4592317.0,11,15,True,,,
2020,2021,4592743.0,8,3,True,,,
2020,2021,4278588.0,10,10,False,,,
2020,2021,4397772.0,2,2,False,,,
2020,2021,4067418.0,4,4,False,,,
2020,2021,4593018.0,7,7,False,,,
2020,2021,4396025.0,13,13,False,,,
2020,2021,4278046.0,15,15,False,,,
2020,2021,4067390.0,15,15,False,,,
2020,2021,4594055.0,6,11,True,,,
2020,2021,4431912.0,12,13,True,,,
2020,2021,4278603.0,2,15,True,,,
2020,2021,4398347.0,12,13,True,,,
2020,2021,4594132.0,13,17,True,,,
2020,2021,4592866.0,0,12,True,,,
2020,2021,4397910.0,12,8,True,,,
2020,2021,4592976.0,0,2,True,,,
2020,2021,4592698.0,16,2,True,,,
2020,2021,4432029.0,6,0,True,,,
2020,2021,4279162.0,10,15,True,,,
2020,2021,4278051.0,1,5,True,,,
2020,2021,4277813.0,5,1,True,,,
2020,2021,4398157.0,6,6,False,,,
2020,2021,4396770.0,16,16,False,,,
2020,2021,4592680.0,13,17,True,,,
2020,2021,4397457.0,16,11,True,,,
2020,2021,4399103.0,6,12,True,,,
2020,2021,4277974.0,2,10,True,,,
2020,2021,4067864.0,16,16,False,,,
2020,2021,4592249.0,7,10,True,,,
2020,2021,4278246.0,10,10,False,,,
2020,2021,4398108.0,6,6,False,,,
2020,2021,4279735.0,14,17,True,,,
2020,2021,4280074.0,4,4,False,,,
2020,2021,4592722.0,12,17,True,,,
2020,2021,4592295.0,10,16,True,,,
2020,2021,4397550.0,5,8,True,,,
2020,2021,4279172.0,11,5,True,,,
2020,2021,4431843.0,3,3,False,,,
2020,2021,4278032.0,15,10,True,,,
2020,2021,4397702.0,4,4,False,,,
2020,2021,4593083.0,7,3,True,,,
2020,2021,4279797.0,12,17,True,,,
2020,2021,4593765.0,13,12,True,,,
2020,2021,4431758.0,7,7,False,,,
2020,2021,4396688.0,4,13,True,,,
2020,2021,4397191.0,17,4,True,,,
2020,2021,4594254.0,0,17,True,,,
2020,2021,4592958.0,7,7,False,,,
2020,2021,4280009.0,12,8,True,,,
2020,2021,4397181.0,12,12,False,,,
2020,2021,4593664.0,0,10,True,,,
2020,2021,4278721.0,13,13,False,,,
2020,2021,4279875.0,6,16,True,,,
2020,2021,4284075.0,4,4,False,,,
2020,2021,4280195.0,10,1,True,,,
2020,2021,4594058.0,11,11,False,,,
2020,2021,4278233.0,11,6,True,,,
2020,2021,4593703.0,11,6,True,,,
2020,2021,4397655.0,6,6,False,,,
2020,2021,4431985.0,12,8,True,,,
2020,2021,4397687.0,7,7,False,,,
2020,2021,4592403.0,11,9,True,,,
2020,2021,4395669.0,3,14,True,,,
2020,2021,4593817.0,0,12,True,,,
2020,2021,4432812.0,1,1,False,,,
2020,2021,4593750.0,4,4,False,,,
2020,2021,4397332.0,0,5,True,,,
2020,2021,4594133.0,6,13,True,,,
2020,2021,4432092.0,16,16,False,,,
2020,2021,4066394.0,13,4,True,,,
2020,2021,4280059.0,16,0,True,,,
2020,2021,4433127.0,0,6,True,,,
2020,2021,4279089.0,2,2,False,,,
2020,2021,4280201.0,14,14,False,,,
2020,2021,4280083.0,3,3,False,,,
2020,2021,4592617.0,5,15,True,,,
2020,2021,4592745.0,6,8,True,,,
2020,2021,4432141.0,16,10,True,,,
2020,2021,4593774.0,17,13,True,,,
2020,2021,4593803.0,1,1,False,,,
2020,2021,4395623.0,11,9,True,,,
2020,2021,4395684.0,6,1,True,,,
2020,2021,4067302.0,16,9,True,,,
2020,2021,4397841.0,14,14,False,,,
2020,2021,4431695.0,2,2,False,,,
2020,2021,4397675.0,17,0,True,,,
2020,2021,4277920.0,11,16,True,,,
2020,2021,4397999.0,3,14,True,,,
2020,2021,4067321.0,5,16,True,,,
2020,2021,4279450.0,6,7,True,,,
2020,2021,4279635.0,3,4,True,,,
2020,2021,4594261.0,17,13,True,,,
2020,2021,4279922.0,17,13,True,,,
2020,2021,4396953.0,14,14,False,,,
2020,2021,4592921.0,13,12,True,,,
2020,2021,4593126.0,12,4,True,,,
2020,2021,4277871.0,16,15,True,,,
2020,2021,4397161.0,6,11,True,,,
2020,2021,4592935.0,13,12,True,,,
2020,2021,4067444.0,14,14,False,,,
2020,2021,4397148.0,6,14,True,,,
2020,2021,4280257.0,4,4,False,,,
2020,2021,4067388.0,2,16,True,,,
2020,2021,4592849.0,9,9,False,,,
2020,2021,4592778.0,6,15,True,,,
2020,2021,4593790.0,9,2,True,,,
2020,2021,4593372.0,13,4,True,,,
2020,2021,4397355.0,15,1,True,,,
2020,2021,4397237.0,5,16,True,,,
2020,2021,4593240.0,13,17,True,,,
2020,2021,4279706.0,9,9,False,,,
2020,2021,4279518.0,10,15,True,,,
2020,2021,4279180.0,3,3,False,,,
2020,2021,4396763.0,4,4,False,,,
2020,2021,4594153.0,10,10,False,,,
2020,2021,4397433.0,6,14,True,,,
2020,2021,4278317.0,16,16,False,,,
2020,2021,4277939.0,13,13,False,,,
2020,2021,4395892.0,0,13,True,,,
2020,2021,4431966.0,16,7,True,,,
2020,2021,4397371.0,9,9,False,,,
2020,2021,4278420.0,15,15,False,,,
2020,2021,4398203.0,17,4,True,,,
2020,2021,4396638.0,10,15,True,,,
2020,2021,4397485.0,4,17,True,,,
2020,2021,4432934.0,13,4,True,,,
2020,2021,4067529.0,7,10,True,,,
2020,2021,4431947.0,9,11,True,,,
2020,2021,4278704.0,17,13,True,,,
2020,2021,4065751.0,10,10,False,,,
2020,2021,4278393.0,6,16,True,,,
2020,2021,4397111.0,1,1,False,,,
2020,2021,4432931.0,13,13,False,,,
2020,2021,4279227.0,17,4,True,,,
2020,2021,4593881.0,4,12,True,,,
2020,2021,4597916.0,12,4,True,,,
2020,2021,4278567.0,16,2,True,,,
2020,2021,4593427.0,1,8,True,,,
2020,2021,4067696.0,4,17,True,,,
2020,2021,4278640.0,13,10,True,,,
2020,2021,4397330.0,6,6,False,,,
2020,2021,4593813.0,8,17,True,,,
2020,2021,4397724.0,15,15,False,,,
2020,2021,4396584.0,12,13,True,,,
2020,2021,4432059.0,1,1,False,,,
2020,2021,4398092.0,6,6,False,,,
2020,2021,4594154.0,5,16,True,,,
2020,2021,4432903.0,4,12,True,,,
2020,2021,4279206.0,4,4,False,,,
2020,2021,4395873.0,13,13,False,,,
2020,2021,4395996.0,0,12,True,,,
2020,2021,4397838.0,10,11,True,,,
2020,2021,4399102.0,11,9,True,,,
2020,2021,4397375.0,9,9,False,,,
2020,2021,4592212.0,3,14,True,,,
2020,2021,4280277.0,6,12,True,,,
2020,2021,4431987.0,8,3,True,,,
2020,2021,4594119.0,16,11,True,,,
2020,2021,4431903.0,4,4,False,,,
2020,2021,4593111.0,12,12,False,,,
2020,2021,4592965.0,14,3,True,,,
2020,2021,4067190.0,16,16,False,,,
2020,2021,4593134.0,1,4,True,,,
2020,2021,4592250.0,3,4,True,,,
2020,2021,4278620.0,5,7,True,,,
2020,2021,4592491.0,4,4,False,,,
2020,2021,4066357.0,14,14,False,,,
2020,2021,4278380.0,10,6,True,,,
2020,2021,4279189.0,7,3,True,,,
2020,2021,4278445.0,15,15,False,,,
2020,2021,4593248.0,6,16,True,,,
2020,2021,4279192.0,16,16,False,,,
2020,2021,4593683.0,3,4,True,,,
2020,2021,4279627.0,16,15,True,,,
2020,2021,4277902.0,10,10,False,,,
2020,2021,4593690.0,6,16,True,,,
2020,2021,4592878.0,13,13,False,,,
2020,2021,4278128.0,16,16,False,,,
2020,2021,4395994.0,8,12,True,,,
2020,2021,4279871.0,16,16,False,,,
2020,2021,4593976.0,6,6,False,,,
2020,2021,4278265.0,9,9,False,,,
2020,2021,4397727.0,11,11,False,,,
2020,2021,4592273.0,4,4,False,,,
2020,2021,4278690.0,4,4,False,,,
2020,2021,4397293.0,6,7,True,,,
2020,2021,4397839.0,5,5,False,,,
2020,2021,4279530.0,2,2,False,,,
2020,2021,4279535.0,4,13,True,,,
2020,2021,4278050.0,11,11,False,,,
2020,2021,4067385.0,15,15,False,,,
2020,2021,4593869.0,3,3,False,,,
2020,2021,4279815.0,15,15,False,,,
2020,2021,4593760.0,16,11,True,,,
2020,2021,4397348.0,2,10,True,,,
2020,2021,4065655.0,14,14,False,,,
2020,2021,4592413.0,2,7,True,,,
2020,2021,4395632.0,8,0,True,,,
2020,2021,4592182.0,13,0,True,,,
2020,2021,4594088.0,3,3,False,,,
2020,2021,4431831.0,7,13,True,,,
2020,2021,4593965.0,7,1,True,,,
2020,2021,4396012.0,11,16,True,,,
2020,2021,4431818.0,11,16,True,,,
2020,2021,4396676.0,13,13,False,,,
2020,2021,4397107.0,1,14,True,,,
2020,2021,4278242.0,8,8,False,,,
2020,2021,4397607.0,1,1,False,,,
2020,2021,4397209.0,1,14,True,,,
2020,2021,4431704.0,12,12,False,,,
2020,2021,4280081.0,3,14,True,,,
2020,2021,4431701.0,3,8,True,,,
2020,2021,4279121.0,4,4,False,,,
2020,2021,4278506.0,15,15,False,,,
2020,2021,4594152.0,7,1,True,,,
2020,2021,4432954.0,17,17,False,,,
2020,2021,3906520.0,3,14,True,,,
2020,2021,4593041.0,15,15,False,,,
2020,2021,4431973.0,0,13,True,,,
2020,2021,4397455.0,13,0,True,,,
2020,2021,4396639.0,7,12,True,,,
2020,2021,4593682.0,10,16,True,,,
2020,2021,4066441.0,3,3,False,,,
2020,2021,4397373.0,16,16,False,,,
2020,2021,4280109.0,6,7,True,,,
2020,2021,4279133.0,13,13,False,,,
2020,2021,4398033.0,3,3,False,,,
2020,2021,4593423.0,1,1,False,,,
2020,2021,4395617.0,6,17,True,,,
2020,2021,4397250.0,1,6,True,,,
2020,2021,4280248.0,11,0,True,,,
2020,2021,4278501.0,13,10,True,,,
2020,2021,4397118.0,3,3,False,,,
2020,2021,4066313.0,4,14,True,,,
2020,2021,4397116.0,16,5,True,,,
2020,2021,4397400.0,12,13,True,,,
2020,2021,4278125.0,5,16,True,,,
2020,2021,4431936.0,16,12,True,,,
2020,2021,4594075.0,3,3,False,,,
2020,2021,4594265.0,8,7,True,,,
2020,2021,4398299.0,12,17,True,,,
2020,2021,4592903.0,11,16,True,,,
2020,2021,4397648.0,17,13,True,,,
2020,2021,4278950.0,2,16,True,,,
2020,2021,4397119.0,10,10,False,,,
2020,2021,4065739.0,4,3,True,,,
2020,2021,4431746.0,4,3,True,,,
2020,2021,4592296.0,12,13,True,,,
2020,2021,4592695.0,4,17,True,,,
2020,2021,4594073.0,5,5,False,,,
2020,2021,4592948.0,4,4,False,,,
2020,2021,4397206.0,10,10,False,,,
2020,2021,4066833.0,6,6,False,,,
2020,2021,4592857.0,1,10,True,,,
2020,2021,4592605.0,2,11,True,,,
2020,2021,4279819.0,3,14,True,,,
2020,2021,4431889.0,11,11,False,,,
2020,2021,4593291.0,0,10,True,,,
2020,2021,4397046.0,9,9,False,,,
2020,2021,4593453.0,3,3,False,,,
2020,2021,4066911.0,3,8,True,,,
2020,2021,4592276.0,12,8,True,,,
2020,2021,4397128.0,3,14,True,,,
2020,2021,4431761.0,13,6,True,,,
2020,2021,4397821.0,6,10,True,,,
2020,2021,4278053.0,1,14,True,,,
2020,2021,4277850.0,1,15,True,,,
2020,2021,4397564.0,15,9,True,,,
2020,2021,4431994.0,8,3,True,,,
2020,2021,4397236.0,17,17,False,,,
2020,2021,4285624.0,9,9,False,,,
2020,2021,4397255.0,4,4,False,,,
2020,2021,4593125.0,15,15,False,,,
2020,2021,4067088.0,16,6,True,,,
2020,2021,4593344.0,3,12,True,,,
2020,2021,4396948.0,4,3,True,,,
2020,2021,4397208.0,17,12,True,,,
2020,2021,4396579.0,6,10,True,,,
2020,2021,4593718.0,6,7,True,,,
2020,2021,4396685.0,11,11,False,,,
2020,2021,4066614.0,11,5,True,,,
2020,2021,4277957.0,17,10,True,,,
2020,2021,4280003.0,11,5,True,,,
2020,2021,4433108.0,1,4,True,,,
2020,2021,4395650.0,1,1,False,,,
2020,2021,4065774.0,1,8,True,,,
2020,2021,4397980.0,16,16,False,,,
2020,2021,4278105.0,9,2,True,,,
2020,2021,4432920.0,6,1,True,,,
2020,2021,4066460.0,7,4,True,,,
2020,2021,4398309.0,0,0,False,,,
2020,2021,4066981.0,6,6,False,,,
2020,2021,4432008.0,17,17,False,,,
2020,2021,4066919.0,14,14,False,,,
2020,2021,4398399.0,4,12,True,,,
2020,2021,4432076.0,2,11,True,,,
2020,2021,4431734.0,11,6,True,,,
2020,2021,4397916.0,14,14,False,,,
2020,2021,4592893.0,7,7,False,,,
2020,2021,4280037.0,14,14,False,,,
2020,2021,4074930.0,11,16,True,,,
2020,2021,4592594.0,15,5,True,,,
2020,2021,4279754.0,14,14,False,,,
2020,2021,4592770.0,5,2,True,,,
2020,2021,4397989.0,14,8,True,,,
2020,2021,4397353.0,3,14,True,,,
2020,2021,4397519.0,7,7,False,,,
2020,2021,4397964.0,1,12,True,,,
2020,2021,4398213.0,6,6,False,,,
2020,2021,4432818.0,4,12,True,,,
2020,2021,4431698.0,13,13,False,,,
2020,2021,4397449.0,1,1,False,,,
2020,2021,4278006.0,14,8,True,,,
2020,2021,4397154.0,9,2,True,,,
2020,2021,4277916.0,3,14,True,,,
2020,2021,4279781.0,8,8,False,,,
2020,2021,4278628.0,3,14,True,,,
2020,2021,4396811.0,0,13,True,,,
2020,2021,4280283.0,12,12,False,,,
2020,2021,4278085.0,1,14,True,,,
2020,2021,4398061.0,12,7,True,,,
2020,2021,4593277.0,11,8,True,,,
2020,2021,4278336.0,14,3,True,,,
2020,2021,4592205.0,11,6,True,,,
2020,2021,4398190.0,15,15,False,,,
2020,2021,4278371.0,14,14,False,,,
2020,2021,4278217.0,1,14,True,,,
2020,2021,4593129.0,1,10,True,,,
2020,2021,4278674.0,10,10,False,,,
2020,2021,4066310.0,4,4,False,,,
2020,2021,4592911.0,4,8,True,,,
2020,2021,4431724.0,5,5,False,,,
2020,2021,4067008.0,3,14,True,,,
2020,2021,4067320.0,3,4,True,,,
2020,2021,4593280.0,6,16,True,,,
2020,2021,4593256.0,7,0,True,,,
2020,2021,4397787.0,11,2,True,,,
2020,2021,4592966.0,1,1,False,,,
2020,2021,4432847.0,10,1,True,,,
2020,2021,4397414.0,4,3,True,,,
2020,2021,4431902.0,5,0,True,,,
2020,2021,4398403.0,6,4,True,,,
2020,2021,4066789.0,1,14,True,,,
2020,2021,4278530.0,15,9,True,,,
2020,2021,4592606.0,13,4,True,,,
2020,2021,4278412.0,1,6,True,,,
2020,2021,4431765.0,13,13,False,,,
2020,2021,4433011.0,6,16,True,,,
2020,2021,4397853.0,11,11,False,,,
2020,2021,4065840.0,2,15,True,,,
2020,2021,4397545.0,6,10,True,,,
2020,2021,4593968.0,16,16,False,,,
2020,2021,4066401.0,2,15,True,,,
2020,2021,4397585.0,16,16,False,,,
2020,2021,4592733.0,10,10,False,,,
2020,2021,4277895.0,4,3,True,,,
2020,2021,4396768.0,12,10,True,,,
2020,2021,4398163.0,6,6,False,,,
2020,2021,4397183.0,6,10,True,,,
2020,2021,4592754.0,5,16,True,,,
2020,2021,4431767.0,17,1,True,,,
2020,2021,4280072.0,6,10,True,,,
2020,2021,4396976.0,3,8,True,,,
2020,2021,4397601.0,13,13,False,,,
2020,2021,4278072.0,4,13,True,,,
2020,2021,4432971.0,17,10,True,,,
2020,2021,4280267.0,14,14,False,,,
2020,2021,4397426.0,6,10,True,,,
2020,2021,4433018.0,5,11,True,,,
2020,2021,4396569.0,7,12,True,,,
2020,2021,4594264.0,12,6,True,,,
2020,2021,4398419.0,17,10,True,,,
2020,2021,4279513.0,6,6,False,,,
2020,2021,4397312.0,2,16,True,,,
2020,2021,4277954.0,1,1,False,,,
2020,2021,4067329.0,14,12,True,,,
2020,2021,4592952.0,6,6,False,,,
2020,2021,4396989.0,9,11,True,,,
2020,2021,4431674.0,15,2,True,,,
2020,2021,4278250.0,16,16,False,,,
2020,2021,4592988.0,0,0,False,,,
2020,2021,4395707.0,12,12,False,,,
2020,2021,4279733.0,1,1,False,,,
2020,2021,4431827.0,6,10,True,,,
2020,2021,4396679.0,1,4,True,,,
2020,2021,4278229.0,16,16,False,,,
2020,2021,4279455.0,4,14,True,,,
2020,2021,4592439.0,7,8,True,,,
2020,2021,4065646.0,13,12,True,,,
2020,2021,4066296.0,15,10,True,,,
2020,2021,4067205.0,4,4,False,,,
2020,2021,4593089.0,2,2,False,,,
2020,2021,4396978.0,10,10,False,,,
2020,2021,4593292.0,12,4,True,,,
2020,2021,4397470.0,1,10,True,,,
2020,2021,4431675.0,15,15,False,,,
2020,2021,4397185.0,8,12,True,,,
2020,2021,4067218.0,2,16,True,,,
2020,2021,4397690.0,12,4,True,,,
2020,2021,4397133.0,0,10,True,,,
2020,2021,4431785.0,3,14,True,,,
2020,2021,4396656.0,3,14,True,,,
2020,2021,4592361.0,17,10,True,,,
2020,2021,4395681.0,1,1,False,,,
2020,2021,4398016.0,7,14,True,,,
2020,2021,4065815.0,7,7,False,,,
2020,2021,4397803.0,10,17,True,,,
2020,2021,4593417.0,8,12,True,,,
2020,2021,4277986.0,14,4,True,,,
2020,2021,4431815.0,8,3,True,,,
2020,2021,4431684.0,9,15,True,,,
2020,2021,4397014.0,14,4,True,,,
2020,2021,4397168.0,6,8,True,,,
2020,2021,4398037.0,12,7,True,,,
2020,2021,4432872.0,11,15,True,,,
2020,2021,4593097.0,13,4,True,,,
2020,2021,4278615.0,7,4,True,,,
2020,2021,4397060.0,8,4,True,,,
2020,2021,4395631.0,14,4,True,,,
2020,2021,4593397.0,13,13,False,,,
2020,2021,4593730.0,3,4,True,,,
2020,2021,4397537.0,14,10,True,,,
2020,2021,4397450.0,4,14,True,,,
2020,2021,4597990.0,0,3,True,,,
2020,2021,4066345.0,14,14,False,,,
2020,2021,4397235.0,4,4,False,,,
2020,2021,4398397.0,12,6,True,,,
2020,2021,4277918.0,14,14,False,,,
2020,2021,4396787.0,15,15,False,,,
2020,2021,4398287.0,5,5,False,,,
2020,2021,4397814.0,16,11,True,,,
2020,2021,4396677.0,14,7,True,,,
2020,2021,4398300.0,4,4,False,,,
2020,2021,4396933.0,15,15,False,,,
2020,2021,4397959.0,15,1,True,,,
2020,2021,4066703.0,1,1,False,,,
2020,2021,4066575.0,10,6,True,,,
2020,2021,4397951.0,13,13,False,,,
2020,2021,4398343.0,13,0,True,,,
2020,2021,4592615.0,6,1,True,,,
2020,2021,4593334.0,6,6,False,,,
2020,2021,4067159.0,12,14,True,,,
2020,2021,4431739.0,9,2,True,,,
2020,2021,4398196.0,3,3,False,,,
2020,2021,4592402.0,1,10,True,,,
2020,2021,4067629.0,5,7,True,,,
2020,2021,4592260.0,0,8,True,,,
2020,2021,4066379.0,17,17,False,,,
2020,2021,4277852.0,1,10,True,,,
2020,2021,4278121.0,11,16,True,,,
2020,2021,4066628.0,6,10,True,,,
2020,2021,4397179.0,6,10,True,,,
2020,2021,4278310.0,3,3,False,,,
2020,2021,4397718.0,10,16,True,,,
2020,2021,4278352.0,14,14,False,,,
2020,2021,4592492.0,4,14,True,,,
2020,2021,4593882.0,6,11,True,,,
2020,2021,4278341.0,14,3,True,,,
2020,2021,4066366.0,4,4,False,,,
2020,2021,4594013.0,11,15,True,,,
2020,2021,4397122.0,9,2,True,,,
2020,2021,4593267.0,9,9,False,,,
2020,2021,4397603.0,10,6,True,,,
2020,2021,4278748.0,16,6,True,,,
2020,2021,4066996.0,0,0,False,,,
2020,2021,4432820.0,14,14,False,,,
2020,2021,4567588.0,0,0,False,,,
2020,2021,4592865.0,11,16,True,,,
2020,2021,4431805.0,5,16,True,,,
2020,2021,4395662.0,9,9,False,,,
2020,2021,4279210.0,4,6,True,,,
2020,2021,4278609.0,16,16,False,,,
2020,2021,4592890.0,12,4,True,,,
2020,2021,4397084.0,15,15,False,,,
2020,2021,4593896.0,6,6,False,,,
2020,2021,4592914.0,10,10,False,,,
2020,2021,4592851.0,13,13,False,,,
2020,2021,4396818.0,6,10,True,,,
2020,2021,4280091.0,4,4,False,,,
2020,2021,4279647.0,15,11,True,,,
2020,2021,4595437.0,6,6,False,,,
2020,2021,4396809.0,3,3,False,,,
2020,2021,4592711.0,15,15,False,,,
2020,2021,4066837.0,10,13,True,,,
2020,2021,4396968.0,15,15,False,,,
2020,2021,4277833.0,0,7,True,,,
2020,2021,4432973.0,12,0,True,,,
2020,2021,4592922.0,16,15,True,,,
2020,2021,4398293.0,12,1,True,,,
2020,2021,4592180.0,11,9,True,,,
2020,2021,4280137.0,14,3,True,,,
2020,2021,4396917.0,10,10,False,,,
2020,2021,4396578.0,10,10,False,,,
2020,2021,4280256.0,16,5,True,,,
2020,2021,4066700.0,7,1,True,,,
2020,2021,4431737.0,6,10,True,,,
2020,2021,4593839.0,17,13,True,,,
2020,2021,4066808.0,1,14,True,,,
2020,2021,4593036.0,6,15,True,,,
2020,2021,4280040.0,17,13,True,,,
2020,2021,4593924.0,4,4,False,,,
2020,2021,4397066.0,14,14,False,,,
2020,2021,4593834.0,6,6,False,,,
2020,2021,4278696.0,12,12,False,,,
2020,2021,4432118.0,13,0,True,,,
2020,2021,4397862.0,3,7,True,,,
2020,2021,4594126.0,17,14,True,,,
2020,2021,4398319.0,10,6,True,,,
2020,2021,4397790.0,14,3,True,,,
2020,2021,4397198.0,1,17,True,,,
2020,2021,4397833.0,4,3,True,,,
2020,2021,4397221.0,10,10,False,,,
2020,2021,4397694.0,2,2,False,,,
2020,2021,4279531.0,7,17,True,,,
2020,2021,4593706.0,13,12,True,,,
2020,2021,4397671.0,0,1,True,,,
2020,2021,4396774.0,11,16,True,,,
2020,2021,4067910.0,0,17,True,,,
2020,2021,4293446.0,16,11,True,,,
2020,2021,4066872.0,13,13,False,,,
2020,2021,4593831.0,11,11,False,,,
2020,2021,4398279.0,2,2,False,,,
2020,2021,4067360.0,9,15,True,,,
2020,2021,4278644.0,13,17,True,,,
2020,2021,4593367.0,16,16,False,,,
2020,2021,4431832.0,16,16,False,,,
2020,2021,4280187.0,14,14,False,,,
2020,2021,4593080.0,8,4,True,,,
2020,2021,4432933.0,8,11,True,,,
2020,2021,4592263.0,12,8,True,,,
2020,2021,4431673.0,10,10,False,,,
2020,2021,4592827.0,7,3,True,,,
2020,2021,4397081.0,4,1,True,,,
2020,2021,4280039.0,10,6,True,,,
2020,2021,4432817.0,13,4,True,,,
2020,2021,4278544.0,7,10,True,,,
2020,2021,4431923.0,17,10,True,,,
2020,2021,4278235.0,14,14,False,,,
2020,2021,4431875.0,12,17,True,,,
2020,2021,4397726.0,14,1,True,,,
2020,2021,4592881.0,3,7,True,,,
2020,2021,4280203.0,17,4,True,,,
2020,2021,4067358.0,4,3,True,,,
2020,2021,4592655.0,15,15,False,,,
2020,2021,4431787.0,8,1,True,,,
2020,2021,4398390.0,14,14,False,,,
2020,2021,4066678.0,15,6,True,,,
2020,2021,4592482.0,10,10,False,,,
2020,2021,4278244.0,4,4,False,,,
2020,2021,4397511.0,14,14,False,,,
2020,2021,4397987.0,6,10,True,,,
2020,2021,4066877.0,15,5,True,,,
2020,2021,4432984.0,12,17,True,,,
2020,2021,4398060.0,4,4,False,,,
2020,2021,4395998.0,0,13,True,,,
2020,2021,4397774.0,7,4,True,,,
2020,2021,4593756.0,13,4,True,,,
2020,2021,4277897.0,11,16,True,,,
2020,2021,4278231.0,9,9,False,,,
2020,2021,4397996.0,3,3,False,,,
2020,2021,4594148.0,10,15,True,,,
2020,2021,4278516.0,14,14,False,,,
2020,2021,4432000.0,2,10,True,,,
2020,2021,4592485.0,5,16,True,,,
2020,2021,4066246.0,11,15,True,,,
2020,2021,4277846.0,1,6,True,,,
2020,2021,4593047.0,3,3,False,,,
2020,2021,4397589.0,4,12,True,,,
2020,2021,4278281.0,13,13,False,,,
2020,2021,4066878.0,4,4,False,,,
2020,2021,4593821.0,16,16,False,,,
2020,2021,4398400.0,12,8,True,,,
2020,2021,4067338.0,17,17,False,,,
2020,2021,4279435.0,6,10,True,,,
2020,2021,4398147.0,12,13,True,,,
2020,2021,4592204.0,14,1,True,,,
2020,2021,4067445.0,10,10,False,,,
2020,2021,4397308.0,12,13,True,,,
2020,2021,4280214.0,4,4,False,,,
2020,2021,4397101.0,1,4,True,,,
2020,2021,4396951.0,1,15,True,,,
2020,2021,4592899.0,7,17,True,,,
2020,2021,4398404.0,4,4,False,,,
2020,2021,4397099.0,6,6,False,,,
2020,2021,4278681.0,4,4,False,,,
2020,2021,4432026.0,16,7,True,,,
2020,2021,4280047.0,14,14,False,,,
2020,2021,4279514.0,13,10,True,,,
2020,2021,4066995.0,16,16,False,,,
2020,2021,4397131.0,13,17,True,,,
2020,2021,4397230.0,12,17,True,,,
2020,2021,4593762.0,9,9,False,,,
2020,2021,4277854.0,4,4,False,,,
2020,2021,4432877.0,16,16,False,,,
2020,2021,4608788.0,12,12,False,,,
2020,2021,4280279.0,15,6,True,,,
2020,2021,4592933.0,9,9,False,,,
2020,2021,4277971.0,10,12,True,,,
2020,2021,4279150.0,15,15,False,,,
2020,2021,4396594.0,7,8,True,,,
2020,2021,4284074.0,16,11,True,,,
2020,2021,4067606.0,1,8,True,,,
2020,2021,4593721.0,7,6,True,,,
2020,2021,4593246.0,8,7,True,,,
2020,2021,4278569.0,9,9,False,,,
2020,2021,4397732.0,14,14,False,,,
2020,2021,4593830.0,3,3,False,,,
2020,2021,4397590.0,3,3,False,,,
2020,2021,4592358.0,14,14,False,,,
2020,2021,4432150.0,17,13,True,,,
2020,2021,4396975.0,12,10,True,,,
2020,2021,4279317.0,4,17,True,,,
2020,2021,4431763.0,1,1,False,,,
2020,2021,4398206.0,4,4,False,,,
2020,2021,4278349.0,4,10,True,,,
2020,2021,4592262.0,3,3,False,,,
2020,2021,4592448.0,1,10,True,,,
2020,2021,4397650.0,12,13,True,,,
2020,2021,4397212.0,9,9,False,,,
2020,2021,4592968.0,3,3,False,,,
2020,2021,4066496.0,14,14,False,,,
2020,2021,4278736.0,4,4,False,,,
2020,2021,4279325.0,4,1,True,,,
2020,2021,4431808.0,3,3,False,,,
2020,2021,4397210.0,17,17,False,,,
2020,2021,4278332.0,0,6,True,,,
2020,2021,4397224.0,9,9,False,,,
2020,2021,4594106.0,5,3,True,,,
2020,2021,4396001.0,6,6,False,,,
2020,2021,4278663.0,4,14,True,,,
2020,2021,4397705.0,3,12,True,,,
2020,2021,4593407.0,1,14,True,,,
2020,2021,4432004.0,5,11,True,,,
2020,2021,4279701.0,16,9,True,,,
2020,2021,4398281.0,4,4,False,,,
2020,2021,4397832.0,3,4,True,,,
2020,2021,4398408.0,5,5,False,,,
2020,2021,4431915.0,12,12,False,,,
2020,2021,4593037.0,3,14,True,,,
2020,2021,4397753.0,14,13,True,,,
2020,2021,4279487.0,13,13,False,,,
2020,2021,4432849.0,7,7,False,,,
2020,2021,4592944.0,11,16,True,,,
2020,2021,4278116.0,9,9,False,,,
2020,2021,4592928.0,16,6,True,,,
2020,2021,4593732.0,16,11,True,,,
2020,2021,4592626.0,0,8,True,,,
2020,2021,4397271.0,17,17,False,,,
2020,2021,4278891.0,5,2,True,,,
2020,2021,4280015.0,16,15,True,,,
2020,2021,4067322.0,6,15,True,,,
2020,2021,4593285.0,13,13,False,,,
2020,2021,4278688.0,15,14,True,,,
2020,2021,4398106.0,1,11,True,,,
2020,2021,4066216.0,13,13,False,,,
2020,2021,4395695.0,14,14,False,,,
2020,2021,4431899.0,12,10,True,,,
2020,2021,4398304.0,10,15,True,,,
2020,2021,4593305.0,3,4,True,,,
2020,2021,4593449.0,8,7,True,,,
2020,2021,4593034.0,6,14,True,,,
2020,2021,4067250.0,1,3,True,,,
2020,2021,4594138.0,4,3,True,,,
2020,2021,4280181.0,10,10,False,,,
2020,2021,4278694.0,3,12,True,,,
2020,2021,4278450.0,7,14,True,,,
2020,2021,4066755.0,3,4,True,,,
2020,2021,4592285.0,13,17,True,,,
2020,2021,4432866.0,0,15,True,,,
2020,2021,4594114.0,1,1,False,,,
2020,2021,4278695.0,16,11,True,,,
2020,2021,4397343.0,5,16,True,,,
2020,2021,4277972.0,1,7,True,,,
2020,2021,4592691.0,15,15,False,,,
2020,2021,4280075.0,4,4,False,,,
2020,2021,4592950.0,6,1,True,,,
2020,2021,4593722.0,2,2,False,,,
2020,2021,4397481.0,0,1,True,,,
2020,2021,4593728.0,1,6,True,,,
2020,2021,4592767.0,4,3,True,,,
2020,2021,4593259.0,16,16,False,,,
2020,2021,4431712.0,4,14,True,,,
2020,2021,4280103.0,7,17,True,,,
2020,2021,4280048.0,17,17,False,,,
2020,2021,4279739.0,6,16,True,,,
2020,2021,4593271.0,7,12,True,,,
2020,2021,4278580.0,10,15,True,,,
2020,2021,4278407.0,3,14,True,,,
2020,2021,4278378.0,14,14,False,,,
2020,2021,4398209.0,16,5,True,,,
2020,2021,4594333.0,7,7,False,,,
2020,2021,4067663.0,0,0,False,,,
2020,2021,4593911.0,11,5,True,,,
2020,2021,4592283.0,6,6,False,,,
2020,2021,4289536.0,1,1,False,,,
2020,2021,4397490.0,7,3,True,,,
2020,2021,4278057.0,3,14,True,,,
2020,2021,4593907.0,16,9,True,,,
2020,2021,4396576.0,12,12,False,,,
2020,2021,4278576.0,11,9,True,,,
2020,2021,4397246.0,15,15,False,,,
2020,2021,4396988.0,0,12,True,,,
2020,2021,4432902.0,1,1,False,,,
2020,2021,4592765.0,8,8,False,,,
2020,2021,4067031.0,12,12,False,,,
2020,2021,4592985.0,4,4,False,,,
2020,2021,4067366.0,4,14,True,,,
2020,2021,4279078.0,10,2,True,,,
2020,2021,4592912.0,13,17,True,,,
2020,2021,4397334.0,6,16,True,,,
2020,2021,4067808.0,3,3,False,,,
2020,2021,4592709.0,0,17,True,,,
2020,2021,4277921.0,13,17,True,,,
2020,2021,4596451.0,7,12,True,,,
2020,2021,4066806.0,14,4,True,,,
2020,2021,4397204.0,15,9,True,,,
2020,2021,4592412.0,13,17,True,,,
2020,2021,4593470.0,12,4,True,,,
2020,2021,4397036.0,14,14,False,,,
2020,2021,4066502.0,6,1,True,,,
2020,2021,4066325.0,4,4,False,,,
2020,2021,4397955.0,11,9,True,,,
2020,2021,4592945.0,0,10,True,,,
2020,2021,4397428.0,7,7,False,,,
2020,2021,4395664.0,4,4,False,,,
2020,2021,4592619.0,6,0,True,,,
2020,2021,4279190.0,4,4,False,,,
2020,2021,4396643.0,0,12,True,,,
2020,2021,4398326.0,10,4,True,,,
2020,2021,4278256.0,6,6,False,,,
2020,2021,4398017.0,6,6,False,,,
2020,2021,4397854.0,7,4,True,,,
2020,2021,4431794.0,3,14,True,,,
2020,2021,4277938.0,16,7,True,,,
2020,2021,4397759.0,1,13,True,,,
2020,2021,4397617.0,16,2,True,,,
2020,2021,4398073.0,9,9,False,,,
2020,2021,4278585.0,14,14,False,,,
2020,2021,4594069.0,3,3,False,,,
2020,2021,4432072.0,3,3,False,,,
2020,2021,4398122.0,7,11,True,,,
2020,2021,4279241.0,16,16,False,,,
2020,2021,4279886.0,14,14,False,,,
2020,2021,4432068.0,16,15,True,,,
2020,2021,4592592.0,0,13,True,,,
2020,2021,4067522.0,3,4,True,,,
2020,2021,4279448.0,15,10,True,,,
2020,2021,4592938.0,0,6,True,,,
2020,2021,4397249.0,1,1,False,,,
2020,2021,4592307.0,4,4,False,,,
2020,2021,4397238.0,4,4,False,,,
2020,2021,4432030.0,7,12,True,,,
2020,2021,4397530.0,9,9,False,,,
2020,2021,4432918.0,13,17,True,,,
2020,2021,4277978.0,7,1,True,,,
2020,2021,4279174.0,16,2,True,,,
2020,2021,4279482.0,6,12,True,,,
2020,2021,4592666.0,6,14,True,,,
2020,2021,4432042.0,7,17,True,,,
2020,2021,4066735.0,3,14,True,,,
2020,2021,4279751.0,15,6,True,,,
2020,2021,4277993.0,13,13,False,,,
2020,2021,4398180.0,4,4,False,,,
2020,2021,4397051.0,16,15,True,,,
2020,2021,4432886.0,11,11,False,,,
2020,2021,4592665.0,5,3,True,,,
2020,2021,4592648.0,8,13,True,,,
2020,2021,4592214.0,11,10,True,,,
2020,2021,4066783.0,8,3,True,,,
2020,2021,4397112.0,6,6,False,,,
2020,2021,4397736.0,16,2,True,,,
2020,2021,4279215.0,17,13,True,,,
2020,2021,4396776.0,10,4,True,,,
2020,2021,4396952.0,12,13,True,,,
2020,2021,4279923.0,15,15,False,,,
2020,2021,4395701.0,13,1,True,,,
2020,2021,4397820.0,12,4,True,,,
2020,2021,4397127.0,6,10,True,,,
2020,2021,4067150.0,11,2,True,,,
2020,2021,4278263.0,6,15,True,,,
2020,2021,4594014.0,4,4,False,,,
2020,2021,4593757.0,3,4,True,,,
2020,2021,4067625.0,15,15,False,,,
2020,2021,4432828.0,15,2,True,,,
2020,2021,4278743.0,16,11,True,,,
2020,2021,4397019.0,15,15,False,,,
2020,2021,4278881.0,13,17,True,,,
2020,2021,4398354.0,7,1,True,,,
2020,2021,4398093.0,16,11,True,,,
2020,2021,4279318.0,10,6,True,,,
2020,2021,4431972.0,11,16,True,,,
2020,2021,4593807.0,12,13,True,,,
2020,2021,4592306.0,13,13,False,,,
2020,2021,4432932.0,4,14,True,,,
2020,2021,4593043.0,17,13,True,,,
2020,2021,4278643.0,10,10,False,,,
2020,2021,4278066.0,2,16,True,,,
2020,2021,4288068.0,13,13,False,,,
2020,2021,4593413.0,3,8,True,,,
2020,2021,4279695.0,10,10,False,,,
2020,2021,4278951.0,9,2,True,,,
2020,2021,4067442.0,14,7,True,,,
2020,2021,4593149.0,12,6,True,,,
2020,2021,4396972.0,4,4,False,,,
2020,2021,4283577.0,11,11,False,,,
2020,2021,4432885.0,4,4,False,,,
2020,2021,4397311.0,6,10,True,,,
2020,2021,4280268.0,6,17,True,,,
2020,2021,4067800.0,1,7,True,,,
2020,2021,4279836.0,17,13,True,,,
2020,2021,4593263.0,6,10,True,,,
2020,2021,4278307.0,10,13,True,,,
2020,2021,4397707.0,16,6,True,,,
2020,2021,4592941.0,3,4,True,,,
2020,2021,4397280.0,13,8,True,,,
2020,2021,4397415.0,12,13,True,,,
2020,2021,4278600.0,17,17,False,,,
2020,2021,4593932.0,16,6,True,,,
2020,2021,4278456.0,13,13,False,,,
2020,2021,4067878.0,3,3,False,,,
2020,2021,4396836.0,8,8,False,,,
2020,2021,4600099.0,3,3,False,,,
2020,2021,4278524.0,15,15,False,,,
2020,2021,4432852.0,10,10,False,,,
2020,2021,4279005.0,4,3,True,,,
2020,2021,4280150.0,10,10,False,,,
2020,2021,4397880.0,7,17,True,,,
2020,2021,4600484.0,6,6,False,,,
2020,2021,4277812.0,10,10,False,,,
2020,2021,4067775.0,7,12,True,,,
2020,2021,4398070.0,13,13,False,,,
2020,2021,4067425.0,7,17,True,,,
2020,2021,4066634.0,12,1,True,,,
2020,2021,4283595.0,6,6,False,,,
2020,2021,4593788.0,10,10,False,,,
2020,2021,4593770.0,7,7,False,,,
2020,2021,4432070.0,4,4,False,,,
2020,2021,4278932.0,2,16,True,,,
2020,2021,4397933.0,3,3,False,,,
2020,2021,4278645.0,11,16,True,,,
2020,2021,4592657.0,10,6,True,,,
2020,2021,4066875.0,16,11,True,,,
2020,2021,4280011.0,13,13,False,,,
2020,2021,4397421.0,14,14,False,,,
2020,2021,4278130.0,17,14,True,,,
2020,2021,4397049.0,4,4,False,,,
2020,2021,4397506.0,14,14,False,,,
2020,2021,4278470.0,6,10,True,,,
2020,2021,4279147.0,1,1,False,,,
2020,2021,4278565.0,4,4,False,,,
2020,2021,4278402.0,1,1,False,,,
2020,2021,4592438.0,4,4,False,,,
2020,2021,4277940.0,0,17,True,,,
2020,2021,4593712.0,4,4,False,,,
2020,2021,4594139.0,8,6,True,,,
2020,2021,4395893.0,13,17,True,,,
2020,2021,4395988.0,6,10,True,,,
2020,2021,4397454.0,13,12,True,,,
2020,2021,4593841.0,6,10,True,,,
2020,2021,4593931.0,11,6,True,,,
2020,2021,4067252.0,4,4,False,,,
2020,2021,4397840.0,10,7,True,,,
2020,2021,4279155.0,3,3,False,,,
2020,2021,4396762.0,1,12,True,,,
2020,2021,4397958.0,6,6,False,,,
2020,2021,4592846.0,11,1,True,,,
2020,2021,4593444.0,4,4,False,,,
2020,2021,4594123.0,11,6,True,,,
2020,2021,4398029.0,3,4,True,,,
2020,2021,4432826.0,1,1,False,,,
2020,2021,4279202.0,10,10,False,,,
2020,2021,4397595.0,6,12,True,,,
2020,2021,4592703.0,6,11,True,,,
2020,2021,4278368.0,13,13,False,,,
2020,2021,4398022.0,12,6,True,,,
2020,2021,4066215.0,2,15,True,,,
2020,2021,4066728.0,0,12,True,,,
2020,2021,4397167.0,6,10,True,,,
2020,2021,4592697.0,7,7,False,,,
2020,2021,4593454.0,5,16,True,,,
2020,2021,4592271.0,16,16,False,,,
2020,2021,4067233.0,12,12,False,,,
2020,2021,4592702.0,10,6,True,,,
2020,2021,4593074.0,0,12,True,,,
2020,2021,4279111.0,10,10,False,,,
2020,2021,4593680.0,16,5,True,,,
2020,2021,4397233.0,6,10,True,,,
2020,2021,4066866.0,9,11,True,,,
2020,2021,4067197.0,4,4,False,,,
2020,2021,4592829.0,1,14,True,,,
2020,2021,4277967.0,14,14,False,,,
2020,2021,4395997.0,14,14,False,,,
2020,2021,4065698.0,11,11,False,,,
2020,2021,4277943.0,10,15,True,,,
2020,2021,4592187.0,7,1,True,,,
2020,2021,4592870.0,15,10,True,,,
2020,2021,4280099.0,4,4,False,,,
2020,2021,4593676.0,6,10,True,,,
2020,2021,4280043.0,11,16,True,,,
2020,2021,4592397.0,0,13,True,,,
2020,2021,4277950.0,13,0,True,,,
2020,2021,4397028.0,9,9,False,,,
2020,2021,4278040.0,10,17,True,,,
2020,2021,4432031.0,10,10,False,,,
2020,2021,4397380.0,6,6,False,,,
2020,2021,4278591.0,1,14,True,,,
2020,2021,4278347.0,13,4,True,,,
2020,2021,4431709.0,5,6,True,,,
2020,2021,4280013.0,11,16,True,,,
2020,2021,4396960.0,7,4,True,,,
2020,2021,4431732.0,3,4,True,,,
2020,2021,4594125.0,12,7,True,,,
2020,2021,4398217.0,11,2,True,,,
2020,2021,4593473.0,13,13,False,,,
2020,2021,4399106.0,4,13,True,,,
2020,2021,4066937.0,9,9,False,,,
2020,2021,4431834.0,8,7,True,,,
2020,2021,4397745.0,1,4,True,,,
2020,2021,4277936.0,13,17,True,,,
2020,2021,4431804.0,11,6,True,,,
2020,2021,4278007.0,13,17,True,,,
2020,2021,4397096.0,9,16,True,,,
2020,2021,4432117.0,4,14,True,,,
2020,2021,4397815.0,13,7,True,,,
2020,2021,4397310.0,4,8,True,,,
2020,2021,4432907.0,10,15,True,,,
2020,2021,4277815.0,5,16,True,,,
2020,2021,4279493.0,15,2,True,,,
2020,2021,4277922.0,2,2,False,,,
2020,2021,4395712.0,14,17,True,,,
2020,2021,4279167.0,6,7,True,,,
2020,2021,4066235.0,6,10,True,,,
2020,2021,4398054.0,7,10,True,,,
2020,2021,4593139.0,11,6,True,,,
2020,2021,4278602.0,10,10,False,,,
2020,2021,4278732.0,11,16,True,,,
2020,2021,4397424.0,9,9,False,,,
2020,2021,4593936.0,9,15,True,,,
2020,2021,4431726.0,17,12,True,,,
2020,2021,4067100.0,13,0,True,,,
2020,2021,4278579.0,0,17,True,,,
2020,2021,4592859.0,1,10,True,,,
2020,2021,4592700.0,8,10,True,,,
2020,2021,4279505.0,16,11,True,,,
2020,2021,4397751.0,17,13,True,,,
2020,2021,4278982.0,15,15,False,,,
2020,2021,4406151.0,16,2,True,,,
2020,2021,4397620.0,11,1,True,,,
2020,2021,4592712.0,4,4,False,,,
2020,2021,4431717.0,3,7,True,,,
2020,2021,4593720.0,7,3,True,,,
2020,2021,4594143.0,3,3,False,,,
2020,2021,4279488.0,6,6,False,,,
2020,2021,4431901.0,10,10,False,,,
2020,2021,4398051.0,4,4,False,,,
2020,2021,4432813.0,15,15,False,,,
2020,2021,4066434.0,11,15,True,,,
2020,2021,4279181.0,14,4,True,,,
2020,2021,4431689.0,16,15,True,,,
2020,2021,4397689.0,6,10,True,,,
2020,2021,4066413.0,14,4,True,,,
2020,2021,4067970.0,4,4,False,,,
2020,2021,4594144.0,7,7,False,,,
2020,2021,4396817.0,13,13,False,,,
2020,2021,4431703.0,12,4,True,,,
2020,2021,4432122.0,6,6,False,,,
2020,2021,4402918.0,4,3,True,,,
2020,2021,4395620.0,10,10,False,,,
2020,2021,4067410.0,6,10,True,,,
2020,2021,4278693.0,15,16,True,,,
2020,2021,4398348.0,15,15,False,,,
2020,2021,4397579.0,3,14,True,,,
2020,2021,4593716.0,13,13,False,,,
2020,2021,4594059.0,1,10,True,,,
2020,2021,4592603.0,12,13,True,,,
2020,2021,4593731.0,8,5,True,,,
2020,2021,4597788.0,17,7,True,,,
2020,2021,4066850.0,15,1,True,,,
2020,2021,4279741.0,4,4,False,,,
2020,2021,4279163.0,11,5,True,,,
2020,2021,4431893.0,17,10,True,,,
2020,2021,4592693.0,10,5,True,,,
2020,2021,4402919.0,3,14,True,,,
2020,2021,4398310.0,17,13,True,,,
2020,2021,4432977.0,17,13,True,,,
2020,2021,4431751.0,14,3,True,,,
2020,2021,4397232.0,15,15,False,,,
2020,2021,4431937.0,4,4,False,,,
2020,2021,4432137.0,12,4,True,,,
2020,2021,4397342.0,5,16,True,,,
2020,2021,4432103.0,12,13,True,,,
2020,2021,4279098.0,10,10,False,,,
2020,2021,4593687.0,3,3,False,,,
2020,2021,4279734.0,4,4,False,,,
2020,2021,4431719.0,12,6,True,,,
2020,2021,4278268.0,14,14,False,,,
2020,2021,4279093.0,12,13,True,,,
2020,2021,4593049.0,15,15,False,,,
2020,2021,4398132.0,13,1,True,,,
2020,2021,4593842.0,15,15,False,,,
2020,2021,4397289.0,13,7,True,,,
2020,2021,4431744.0,7,1,True,,,
2020,2021,4279212.0,16,6,True,,,
2020,2021,4067151.0,4,17,True,,,
2020,2021,4397124.0,1,6,True,,,
2020,2021,4396632.0,13,4,True,,,
2020,2021,4067389.0,0,8,True,,,
2020,2021,4277892.0,1,1,False,,,
2020,2021,4593410.0,3,3,False,,,
2020,2021,4397631.0,13,13,False,,,
2020,2021,4592427.0,17,10,True,,,
2020,2021,4278297.0,6,6,False,,,
2020,2021,4594149.0,6,10,True,,,
2020,2021,4594155.0,11,5,True,,,
2020,2021,4593245.0,11,1,True,,,
2020,2021,4396766.0,0,13,True,,,
2020,2021,4397003.0,11,16,True,,,
2020,2021,4278444.0,17,13,True,,,
2020,2021,4395670.0,3,1,True,,,
2020,2021,4277980.0,2,15,True,,,
2020,2021,4397211.0,2,2,False,,,
2020,2021,4592297.0,4,4,False,,,
2020,2021,4431705.0,1,2,True,,,
2020,2021,4395665.0,10,2,True,,,
2020,2021,4278269.0,6,11,True,,,
2020,2021,4593425.0,7,3,True,,,
2020,2021,4431956.0,17,4,True,,,
2020,2021,4431676.0,7,16,True,,,
2020,2021,4067138.0,15,15,False,,,
2020,2021,4280250.0,15,15,False,,,
2020,2021,4066868.0,0,13,True,,,
2020,2021,4278259.0,0,10,True,,,
2020,2021,4592308.0,17,17,False,,,
2020,2021,4278117.0,3,4,True,,,
2020,2021,4396947.0,8,3,True,,,
2020,2021,4280139.0,4,14,True,,,
2020,2021,4397749.0,2,16,True,,,
2020,2021,4066308.0,14,3,True,,,
2020,2021,4431682.0,10,1,True,,,
2020,2021,4396610.0,2,2,False,,,
2020,2021,4067361.0,7,7,False,,,
2020,2021,4278708.0,12,3,True,,,
2020,2021,4278014.0,14,14,False,,,
2020,2021,4397668.0,10,10,False,,,
2020,2021,4432874.0,0,14,True,,,
2020,2021,4278360.0,14,1,True,,,
2020,2021,4431795.0,7,1,True,,,
2020,2021,4397500.0,3,14,True,,,
2020,2021,4280118.0,4,4,False,,,
2020,2021,4593819.0,0,0,False,,,
2020,2021,4067955.0,3,3,False,,,
2020,2021,4397716.0,9,9,False,,,
2020,2021,4397976.0,4,14,True,,,
2020,2021,4397295.0,16,2,True,,,
2020,2021,4277835.0,15,15,False,,,
2020,2021,4593785.0,6,4,True,,,
2020,2021,4433019.0,1,1,False,,,
2020,2021,4397488.0,1,8,True,,,
2020,2021,4285365.0,6,10,True,,,
2020,2021,4279109.0,3,3,False,,,
2020,2021,4431766.0,3,7,True,,,
2020,2021,4593387.0,11,11,False,,,
2020,2021,4279652.0,7,4,True,,,
2020,2021,4278953.0,4,7,True,,,
2020,2021,4279220.0,6,10,True,,,
2020,2021,4280038.0,10,13,True,,,
2020,2021,4397002.0,14,14,False,,,
2020,2021,4431685.0,1,1,False,,,
2020,2021,4395713.0,17,13,True,,,
2020,2021,4397354.0,13,4,True,,,
2020,2021,4067661.0,16,2,True,,,
2020,2021,4279920.0,14,14,False,,,
2020,2021,4397812.0,10,12,True,,,
2020,2021,4397109.0,1,13,True,,,
2020,2021,4397379.0,10,10,False,,,
2020,2021,4395624.0,13,12,True,,,
2020,2021,4397740.0,0,10,True,,,
2020,2021,4278728.0,16,13,True,,,
2020,2021,4432050.0,16,9,True,,,
2020,2021,4397737.0,2,2,False,,,
2020,2021,4432851.0,3,1,True,,,
2020,2021,4396816.0,11,11,False,,,
2020,2021,4278145.0,6,6,False,,,
2020,2021,4067472.0,2,15,True,,,
2020,2021,4278552.0,3,3,False,,,
2020,2021,4280151.0,17,17,False,,,
2020,2021,4279483.0,6,6,False,,,
2020,2021,4432825.0,9,2,True,,,
2020,2021,4396954.0,6,10,True,,,
2020,2021,4432873.0,12,0,True,,,
2020,2021,4593466.0,3,14,True,,,
2020,2021,4279208.0,4,14,True,,,
2020,2021,4278657.0,14,13,True,,,
2020,2021,4594256.0,1,3,True,,,
2020,2021,4431722.0,7,4,True,,,
2020,2021,4592688.0,0,6,True,,,
2020,2021,4278638.0,10,10,False,,,
2020,2021,4279736.0,6,6,False,,,
2020,2021,4397032.0,17,17,False,,,
2020,2021,4280115.0,17,13,True,,,
2020,2021,4280276.0,12,1,True,,,
2020,2021,4432904.0,0,1,True,,,
2020,2021,4397269.0,17,17,False,,,
2020,2021,4397395.0,3,17,True,,,
2020,2021,4398155.0,12,13,True,,,
2020,2021,4066512.0,0,10,True,,,
2020,2021,4066217.0,7,12,True,,,
2020,2021,4280160.0,4,8,True,,,
2020,2021,4279232.0,16,11,True,,,
2020,2021,4279478.0,16,11,True,,,
2020,2021,4592259.0,0,7,True,,,
2020,2021,4067680.0,11,6,True,,,
2020,2021,4593106.0,1,4,True,,,
2020,2021,4066288.0,9,9,False,,,
2020,2021,4279119.0,1,1,False,,,
2020,2021,4279430.0,6,7,True,,,
2020,2021,4431930.0,6,1,True,,,
2020,2021,4279743.0,13,13,False,,,
2020,2021,4279077.0,4,14,True,,,
2020,2021,4595430.0,10,12,True,,,
2020,2021,4433105.0,1,1,False,,,
2020,2021,4397139.0,7,7,False,,,
2020,2021,4397010.0,3,3,False,,,
2020,2021,4396637.0,0,13,True,,,
2020,2021,4431861.0,0,0,False,,,
2020,2021,4594122.0,13,12,True,,,
2020,2021,4398116.0,10,6,True,,,
2020,2021,4066230.0,13,4,True,,,
2020,2021,4397190.0,16,5,True,,,
2020,2021,4431797.0,8,3,True,,,
2020,2021,4277994.0,15,6,True,,,
2020,2021,4593919.0,7,3,True,,,
2020,2021,4431940.0,12,8,True,,,
2020,2021,4279143.0,4,4,False,,,
2020,2021,4277906.0,0,7,True,,,
2020,2021,4398104.0,3,3,False,,,
2020,2021,4433093.0,17,17,False,,,
2020,2021,4279882.0,6,13,True,,,
2020,2021,4593795.0,3,12,True,,,
2020,2021,4593392.0,6,10,True,,,
2020,2021,4592477.0,12,8,True,,,
2020,2021,4066743.0,4,13,True,,,
2020,2021,4278513.0,6,15,True,,,
2020,2021,4432850.0,3,14,True,,,
2020,2021,4396597.0,10,15,True,,,
2020,2021,4592479.0,10,10,False,,,
2020,2021,4396812.0,13,4,True,,,
2020,2021,4433077.0,1,1,False,,,
2020,2021,4397365.0,4,13,True,,,
2020,2021,4397155.0,1,10,True,,,
2020,2021,4592959.0,5,11,True,,,
2020,2021,4592723.0,13,17,True,,,
2020,2021,4067255.0,4,4,False,,,
2020,2021,4432875.0,16,16,False,,,
2020,2021,4432889.0,11,10,True,,,
2020,2021,4278348.0,0,13,True,,,
2020,2021,4397347.0,9,9,False,,,
2020,2021,4397909.0,11,10,True,,,
2020,2021,4592272.0,10,10,False,,,
2020,2021,4278517.0,17,4,True,,,
2020,2021,4592602.0,6,10,True,,,
2020,2021,4279311.0,1,15,True,,,
2020,2021,4592883.0,1,6,True,,,
2020,2021,4395708.0,2,2,False,,,
2020,2021,4397243.0,4,4,False,,,
2020,2021,4397535.0,4,14,True,,,
2020,2021,4277915.0,9,9,False,,,
2020,2021,4593261.0,3,3,False,,,
2020,2021,4398413.0,1,0,True,,,
2020,2021,4067640.0,11,6,True,,,
2020,2021,4431914.0,16,10,True,,,
2020,2021,4278443.0,3,14,True,,,
2020,2021,4278362.0,16,16,False,,,
2020,2021,4397009.0,16,16,False,,,
2020,2021,4397693.0,10,10,False,,,
2020,2021,4067733.0,6,6,False,,,
2020,2021,4397145.0,7,7,False,,,
2020,2021,4432829.0,2,9,True,,,
2020,2021,4593880.0,6,10,True,,,
2020,2021,4433099.0,5,5,False,,,
2020,2021,4593102.0,7,7,False,,,
2020,2021,4280080.0,16,6,True,,,
2020,2021,4278312.0,3,3,False,,,
2020,2021,4278403.0,9,9,False,,,
2020,2021,4397548.0,3,8,True,,,
2020,2021,nan,15,1,True,,,
2020,2021,4431727.0,6,4,True,,,
2020,2021,4398233.0,13,13,False,,,
2020,2021,4432879.0,10,14,True,,,
2020,2021,4593736.0,12,12,False,,,
2020,2021,4397305.0,14,14,False,,,
2020,2021,4432105.0,0,2,True,,,
2020,2021,4566434.0,10,10,False,,,
2020,2021,3911842.0,13,13,False,,,
2020,2021,4277987.0,9,9,False,,,
2020,2021,4431823.0,1,14,True,,,
2020,2021,4593747.0,8,1,True,,,
2020,2021,4066332.0,11,15,True,,,
2020,2021,4066711.0,6,16,True,,,
2020,2021,4592943.0,6,6,False,,,
2020,2021,4397995.0,4,4,False,,,
2020,2021,4397156.0,8,3,True,,,
2020,2021,4278488.0,5,2,True,,,
2020,2021,4397972.0,12,4,True,,,
2020,2021,4397242.0,4,14,True,,,
2020,2021,4592461.0,10,6,True,,,
2020,2021,4592830.0,11,11,False,,,
2020,2021,4396689.0,12,12,False,,,
2020,2021,4397149.0,10,10,False,,,
2020,2021,4592686.0,13,4,True,,,
2020,2021,4067403.0,13,13,False,,,
2020,2021,4593929.0,6,10,True,,,
2020,2021,4398273.0,13,13,False,,,
2020,2021,4279245.0,10,6,True,,,
2020,2021,4066797.0,6,6,False,,,
2020,2021,4592741.0,4,14,True,,,
2020,2021,4284080.0,10,10,False,,,
2020,2021,4431826.0,3,14,True,,,
2020,2021,4283602.0,3,3,False,,,
2020,2021,4081600.0,17,17,False,,,
2020,2021,4398409.0,3,3,False,,,
2020,2021,4397711.0,15,16,True,,,
2020,2021,4279432.0,13,4,True,,,
2020,2021,4398044.0,5,11,True,,,
2020,2021,4398314.0,6,4,True,,,
2020,2021,4432064.0,5,2,True,,,
2020,2021,4432108.0,8,4,True,,,
2020,2021,4397251.0,10,10,False,,,
2020,2021,4066780.0,10,17,True,,,
2020,2021,4593062.0,12,13,True,,,
2020,2021,4278573.0,15,2,True,,,
2020,2021,4592868.0,14,14,False,,,
2020,2021,4593286.0,6,0,True,,,
2020,2021,4432891.0,1,1,False,,,
2020,2021,4398207.0,1,15,True,,,
2020,2021,4395671.0,10,10,False,,,
2020,2021,4278264.0,16,16,False,,,
2020,2021,4279116.0,14,4,True,,,
2020,2021,4279626.0,3,6,True,,,
2020,2021,4592593.0,3,7,True,,,
2020,2021,4432077.0,1,1,False,,,
2020,2021,4597989.0,12,7,True,,,
2020,2021,4397649.0,17,17,False,,,
2020,2021,4277878.0,3,14,True,,,
2020,2021,4396614.0,15,6,True,,,
2020,2021,4593337.0,7,6,True,,,
2020,2021,4279237.0,17,4,True,,,
2020,2021,4398080.0,3,14,True,,,
2020,2021,4432066.0,3,3,False,,,
2020,2021,4278133.0,14,14,False,,,
2020,2021,4398276.0,7,7,False,,,
2020,2021,4398210.0,12,1,True,,,
2020,2021,4593923.0,15,10,True,,,
2020,2021,4396754.0,9,5,True,,,
2020,2021,4397153.0,15,11,True,,,
2020,2021,4277985.0,13,17,True,,,
2020,2021,4278570.0,7,17,True,,,
2020,2021,4398125.0,13,13,False,,,
2020,2021,4593674.0,7,7,False,,,
2020,2021,4592758.0,6,10,True,,,
2020,2021,4433017.0,2,16,True,,,
2020,2021,4593672.0,13,13,False,,,
2020,2021,4433042.0,8,7,True,,,
2020,2021,4592875.0,12,4,True,,,
2020,2021,4067766.0,1,15,True,,,
2020,2021,4593358.0,17,13,True,,,
2020,2021,4397350.0,4,13,True,,,
2020,2021,4593468.0,15,11,True,,,
2020,2021,4277832.0,1,10,True,,,
2020,2021,4066390.0,10,10,False,,,
2020,2021,4280210.0,13,12,True,,,
2020,2021,4278649.0,13,4,True,,,
2020,2021,4397469.0,1,12,True,,,
2020,2021,4431696.0,7,3,True,,,
2020,2021,4431791.0,8,14,True,,,
2020,2021,4278423.0,3,1,True,,,
2020,2021,4279244.0,4,4,False,,,
2020,2021,4397026.0,10,6,True,,,
2020,2021,4396681.0,5,16,True,,,
2020,2021,4431711.0,1,7,True,,,
2020,2021,4432965.0,3,7,True,,,
2020,2021,4593333.0,8,11,True,,,
2020,2021,4280102.0,11,16,True,,,
2020,2021,4278303.0,9,9,False,,,
2020,2021,4593100.0,16,15,True,,,
2020,2021,4280245.0,1,14,True,,,
2020,2021,4592891.0,13,4,True,,,
2020,2021,4599909.0,6,12,True,,,
2020,2021,4279868.0,6,10,True,,,
2020,2021,4066492.0,17,17,False,,,
2020,2021,4279246.0,5,11,True,,,
2020,2021,4280167.0,14,3,True,,,
2020,2021,4278522.0,1,14,True,,,
2020,2021,4592181.0,4,4,False,,,
2020,2021,4067017.0,4,4,False,,,
2020,2021,4395697.0,1,1,False,,,
2020,2021,4398136.0,7,7,False,,,
2020,2021,4432887.0,13,4,True,,,
2020,2021,4279780.0,5,16,True,,,
2020,2021,4278422.0,11,2,True,,,
2020,2021,4280143.0,4,14,True,,,
2020,2021,4398268.0,15,1,True,,,
2020,2021,4397231.0,13,13,False,,,
2020,2021,4397392.0,2,9,True,,,
2020,2021,4592739.0,5,11,True,,,
2020,2021,4278018.0,9,11,True,,,
2020,2021,4432815.0,16,15,True,,,
2020,2021,4398153.0,16,2,True,,,
2020,2021,4280173.0,10,10,False,,,
2020,2021,4397575.0,4,17,True,,,
2020,2021,4397646.0,2,2,False,,,
2020,2021,4431928.0,2,2,False,,,
2020,2021,4397587.0,7,12,True,,,
2020,2021,4431725.0,3,3,False,,,
2020,2021,4066836.0,15,15,False,,,
2020,2021,4432840.0,15,15,False,,,
2020,2021,4398103.0,3,1,True,,,
2020,2021,4395677.0,3,3,False,,,
2020,2021,4397512.0,3,3,False,,,
2020,2021,4432970.0,11,6,True,,,
2020,2021,4066277.0,16,16,False,,,
2020,2021,4278448.0,6,6,False,,,
2020,2021,4278699.0,10,6,True,,,
2020,2021,4066892.0,12,0,True,,,
2020,2021,4593040.0,2,10,True,,,
2020,2021,4280270.0,14,1,True,,,
2020,2021,4398046.0,13,12,True,,,
2020,2021,4278123.0,13,17,True,,,
2020,2021,4432129.0,3,14,True,,,
2020,2021,4593737.0,6,6,False,,,
2020,2021,4067224.0,14,6,True,,,
2020,2021,4592753.0,8,3,True,,,
2020,2021,4067608.0,10,10,False,,,
2020,2021,4398232.0,11,16,True,,,
2020,2021,4396790.0,0,7,True,,,
2020,2021,4277942.0,4,4,False,,,
2020,2021,4278120.0,16,11,True,,,
2020,2021,4278720.0,15,15,False,,,
2020,2021,4593095.0,7,1,True,,,
2020,2021,4066859.0,7,7,False,,,
2020,2021,4279080.0,3,8,True,,,
2020,2021,4593343.0,0,12,True,,,
2020,2021,4279863.0,6,17,True,,,
2020,2021,4592434.0,17,17,False,,,
2020,2021,4592777.0,17,13,True,,,
2020,2021,4398240.0,1,7,True,,,
2020,2021,4278107.0,4,4,False,,,
2020,2021,4432052.0,13,13,False,,,
2020,2021,4397733.0,6,5,True,,,
2020,2021,4065777.0,6,6,False,,,
2020,2021,4279118.0,4,4,False,,,
2020,2021,4280260.0,4,4,False,,,
2020,2021,4395622.0,1,12,True,,,
2020,2021,4431778.0,9,9,False,,,
2020,2021,4592248.0,9,9,False,,,
2020,2021,4070682.0,4,13,True,,,
2020,2021,4067594.0,14,4,True,,,
2020,2021,4592580.0,0,17,True,,,
2020,2021,4433132.0,12,8,True,,,
2020,2021,4279230.0,4,4,False,,,
2020,2021,4277851.0,9,9,False,,,
2020,2021,4397866.0,6,6,False,,,
2020,2021,4432959.0,4,3,True,,,
2020,2021,4280119.0,4,13,True,,,
2020,2021,4593782.0,11,8,True,,,
2020,2021,4395886.0,10,6,True,,,
2020,2021,4279213.0,16,2,True,,,
2020,2021,4397202.0,4,3,True,,,
2020,2021,4066720.0,10,10,False,,,
2020,2021,4278111.0,10,0,True,,,
2020,2021,4432065.0,13,13,False,,,
2020,2021,4397045.0,14,1,True,,,
2020,2021,4432994.0,4,4,False,,,
2020,2021,4397725.0,1,1,False,,,
2020,2021,4284625.0,3,3,False,,,
2020,2021,4066993.0,14,14,False,,,
2020,2021,4398142.0,1,14,True,,,
2020,2021,4592960.0,0,8,True,,,
2020,2021,4279625.0,4,4,False,,,
2020,2021,4278045.0,10,17,True,,,
2020,2021,4398197.0,5,1,True,,,
2020,2021,4067398.0,6,6,False,,,
2020,2021,4279479.0,7,3,True,,,
2020,2021,4433055.0,3,4,True,,,
2020,2021,4592484.0,10,13,True,,,
2020,2021,4277982.0,12,10,True,,,
2020,2021,4396641.0,8,3,True,,,
2020,2021,4397239.0,13,13,False,,,
2020,2021,4397767.0,17,13,True,,,
2020,2021,4396642.0,16,15,True,,,
2020,2021,4431752.0,1,15,True,,,
2020,2021,4592654.0,6,14,True,,,
2020,2021,4280251.0,7,1,True,,,
2020,2021,4066515.0,13,17,True,,,
2020,2021,4067221.0,5,2,True,,,
2020,2021,4065636.0,12,12,False,,,
2020,2021,4067458.0,15,15,False,,,
2020,2021,3906672.0,7,8,True,,,
2020,2021,4398338.0,17,17,False,,,
2020,2021,4397192.0,8,17,True,,,
2020,2021,4592858.0,7,7,False,,,
2020,2021,4279073.0,15,15,False,,,
2020,2021,4398341.0,13,12,True,,,
2020,2021,4432126.0,10,6,True,,,
2020,2021,4278304.0,3,1,True,,,
2020,2021,4278606.0,6,6,False,,,
2020,2021,4593401.0,13,17,True,,,
2020,2021,4066717.0,5,2,True,,,
2020,2021,4592487.0,8,13,True,,,
2020,2021,4395667.0,13,13,False,,,
2020,2021,4593148.0,5,5,False,,,
2020,2021,4397730.0,0,13,True,,,
2020,2021,4067353.0,16,16,False,,,
2020,2021,4432038.0,12,4,True,,,
2020,2021,4067670.0,16,16,False,,,
2020,2021,4594129.0,11,16,True,,,
2020,2021,4398325.0,3,4,True,,,
2020,2021,4432033.0,4,4,False,,,
2020,2021,4431835.0,11,6,True,,,
2020,2021,4278670.0,13,17,True,,,
2020,2021,4593787.0,12,1,True,,,
2020,2021,4067274.0,4,14,True,,,
2020,2021,4592874.0,14,14,False,,,
2020,2021,4395661.0,13,10,True,,,
2020,2021,4066322.0,2,10,True,,,
2020,2021,4396786.0,2,11,True,,,
2020,2021,4066414.0,10,10,False,,,
2020,2021,4279307.0,7,3,True,,,
2020,2021,4066796.0,3,14,True,,,
2020,2021,4395676.0,13,4,True,,,
2020,2021,4397696.0,7,4,True,,,
2020,2021,4433012.0,12,8,True,,,
2020,2021,4284101.0,4,4,False,,,
2020,2021,4592585.0,3,7,True,,,
2020,2021,4592255.0,2,5,True,,,
2020,2021,4067582.0,17,4,True,,,
2020,2021,4397193.0,1,10,True,,,
2020,2021,4593436.0,7,4,True,,,
2020,2021,4398043.0,3,3,False,,,
2020,2021,4066399.0,15,15,False,,,
2020,2021,4397178.0,6,11,True,,,
2020,2021,4397811.0,7,14,True,,,
2020,2021,4397434.0,6,14,True,,,
2020,2021,4277814.0,10,10,False,,,
2020,2021,4432127.0,3,4,True,,,
2020,2021,4432846.0,17,4,True,,,
2020,2021,4593671.0,15,10,True,,,
2020,2021,4279921.0,6,10,True,,,
2020,2021,4067749.0,17,13,True,,,
2020,2021,4431933.0,16,5,True,,,
2020,2021,4593244.0,12,12,False,,,
2020,2021,4067001.0,0,10,True,,,
2020,2021,4593060.0,16,8,True,,,
2020,2021,4593104.0,12,12,False,,,
2020,2021,4395686.0,6,6,False,,,
2020,2021,4066768.0,1,16,True,,,
2020,2021,4279639.0,6,6,False,,,
2020,2021,4431720.0,7,10,True,,,
2020,2021,4433103.0,16,16,False,,,
2020,2021,4398040.0,17,1,True,,,
2020,2021,4397071.0,14,4,True,,,
2020,2021,4432827.0,15,15,False,,,
2020,2021,4397580.0,17,6,True,,,
2020,2021,4592190.0,7,7,False,,,
2020,2021,4278342.0,8,8,False,,,
2020,2021,4278461.0,16,16,False,,,
2020,2021,4432821.0,15,15,False,,,
2020,2021,4277868.0,16,16,False,,,
2020,2021,4592587.0,0,3,True,,,
2020,2021,4278230.0,17,13,True,,,
2020,2021,4067456.0,8,11,True,,,
2020,2021,4594263.0,5,15,True,,,
2020,2021,4592414.0,16,2,True,,,
2020,2021,4277947.0,9,15,True,,,
2020,2021,4593064.0,10,10,False,,,
2020,2021,4278751.0,11,5,True,,,
2020,2021,4609299.0,3,4,True,,,
2020,2021,4278536.0,6,15,True,,,
2020,2021,4398430.0,8,8,False,,,
2020,2021,4397688.0,10,17,True,,,
2020,2021,4594032.0,11,2,True,,,
2020,2021,4397413.0,16,5,True,,,
2020,2021,4411057.0,1,1,False,,,
2020,2021,4398246.0,16,6,True,,,
2020,2021,4067915.0,11,11,False,,,
2020,2021,4066811.0,6,15,True,,,
2020,2021,4431721.0,16,16,False,,,
2020,2021,4397325.0,16,10,True,,,
2020,2021,4278240.0,14,6,True,,,
2020,2021,4593908.0,7,12,True,,,
2020,2021,4067735.0,14,14,False,,,
2020,2021,4067818.0,14,3,True,,,
2020,2021,4431810.0,10,17,True,,,
2020,2021,4066428.0,1,14,True,,,
2020,2021,4278203.0,4,12,True,,,
2020,2021,4397037.0,15,2,True,,,
2020,2021,4402802.0,4,17,True,,,
2020,2021,4397094.0,15,15,False,,,
2020,2021,4279252.0,2,5,True,,,
2020,2021,4280049.0,0,0,False,,,
2020,2021,4432935.0,12,7,True,,,
2020,2021,4593388.0,3,3,False,,,
2020,2021,4432953.0,13,17,True,,,
2020,2021,4431864.0,4,4,False,,,
2020,2021,4432876.0,17,13,True,,,
2020,2021,4433102.0,8,8,False,,,
2020,2021,4278707.0,17,17,False,,,
2020,2021,4397062.0,7,17,True,,,
2020,2021,4066799.0,9,9,False,,,
2020,2021,4278578.0,1,14,True,,,
2020,2021,4066807.0,13,13,False,,,
2020,2021,4396745.0,17,4,True,,,
2020,2021,4593107.0,7,13,True,,,
2020,2021,4278134.0,0,16,True,,,
2020,2021,4279508.0,7,4,True,,,
2020,2021,4279322.0,17,1,True,,,
2020,2021,4592730.0,10,6,True,,,
2020,2021,4397368.0,16,1,True,,,
2020,2021,4279060.0,10,17,True,,,
2020,2021,4278306.0,1,3,True,,,
2020,2021,4398352.0,8,1,True,,,
2020,2021,4080105.0,9,9,False,,,
2020,2021,4397633.0,0,6,True,,,
2020,2021,4432819.0,12,14,True,,,
2020,2021,4067415.0,5,9,True,,,
2020,2021,4279050.0,15,14,True,,,
2020,2021,4395719.0,10,10,False,,,
2020,2021,4277869.0,14,14,False,,,
2020,2021,4592706.0,11,11,False,,,
2020,2021,4593320.0,2,10,True,,,
2020,2021,4397835.0,13,13,False,,,
2020,2021,4279087.0,4,13,True,,,
2020,2021,4397227.0,1,1,False,,,
2020,2021,4592284.0,3,7,True,,,
2020,2021,4432880.0,3,3,False,,,
2020,2021,4403417.0,2,9,True,,,
2020,2021,4396696.0,11,16,True,,,
2020,2021,4432988.0,3,14,True,,,
2020,2021,4592979.0,3,14,True,,,
2020,2021,4593415.0,11,16,True,,,
2020,2021,4279313.0,4,4,False,,,
2020,2021,4065662.0,3,3,False,,,
2020,2021,4277966.0,13,4,True,,,
2020,2021,4592435.0,9,9,False,,,
2020,2021,4066326.0,3,14,True,,,
2020,2021,4280041.0,4,4,False,,,
2020,2021,4397184.0,4,4,False,,,
2020,2021,4397011.0,6,0,True,,,
2020,2021,4278572.0,10,10,False,,,
2020,2021,4279052.0,17,17,False,,,
2020,2021,4280168.0,5,16,True,,,
2020,2021,4594022.0,11,11,False,,,
2020,2021,4572450.0,16,2,True,,,
2020,2021,4398221.0,6,6,False,,,
2020,2021,4397761.0,5,5,False,,,
2020,2021,4279205.0,16,9,True,,,
2020,2021,4593844.0,6,7,True,,,
2020,2021,4278079.0,1,1,False,,,
2020,2021,4398386.0,9,9,False,,,
2020,2021,4593726.0,16,16,False,,,
2020,2021,4280061.0,6,6,False,,,
2020,2021,4431738.0,2,9,True,,,
2020,2021,4397316.0,10,13,True,,,
2020,2021,4592756.0,3,8,True,,,
2020,2021,4279131.0,10,10,False,,,
2020,2021,4280070.0,6,15,True,,,
2020,2021,4311618.0,13,4,True,,,
2020,2021,4593797.0,11,16,True,,,
2020,2021,4432002.0,3,14,True,,,
2020,2021,4431962.0,13,12,True,,,
2020,2021,4592967.0,0,4,True,,,
2020,2021,4593008.0,1,3,True,,,
2020,2021,4066292.0,1,15,True,,,
2020,2021,4396618.0,12,4,True,,,
2020,2021,4593465.0,2,2,False,,,
2020,2021,4593304.0,12,13,True,,,
2020,2021,4398266.0,3,4,True,,,
2020,2021,4066476.0,11,16,True,,,
2020,2021,4593966.0,7,12,True,,,
2020,2021,4593364.0,8,13,True,,,
2020,2021,4277960.0,13,4,True,,,
2020,2021,4277908.0,15,16,True,,,
2020,2021,4279512.0,16,16,False,,,
2020,2021,4433069.0,9,16,True,,,
2020,2021,4431998.0,11,11,False,,,
2020,2021,4594038.0,3,8,True,,,
2020,2021,4395685.0,15,10,True,,,
2020,2021,4592662.0,9,9,False,,,
2020,2021,4594131.0,5,16,True,,,
2020,2021,4279451.0,14,14,False,,,
2020,2021,4279650.0,8,11,True,,,
2020,2021,4398376.0,14,14,False,,,
2020,2021,4397363.0,16,11,True,,,
2020,2021,4593247.0,7,8,True,,,
2020,2021,4397988.0,13,12,True,,,
2021,2022,4593276.0,11,2,True,,,
2021,2022,4279176.0,8,6,True,,,
2021,2022,4432107.0,4,14,True,,,
2021,2022,4397100.0,3,3,False,,,
2021,2022,4285366.0,15,16,True,,,
2021,2022,4278099.0,15,16,True,,,
2021,2022,4593404.0,5,5,False,,,
2021,2022,4592316.0,8,4,True,,,
2021,2022,4702644.0,16,16,False,,,
2021,2022,4703557.0,4,6,True,,,
2021,2022,4596536.0,7,13,True,,,
2021,2022,4702766.0,11,6,True,,,
2021,2022,4703979.0,8,4,True,,,
2021,2022,4277855.0,17,0,True,,,
2021,2022,4701221.0,9,11,True,,,
2021,2022,4701128.0,10,10,False,,,
2021,2022,4277845.0,1,14,True,,,
2021,2022,4702710.0,8,3,True,,,
2021,2022,4610395.0,16,16,False,,,
2021,2022,4701576.0,16,16,False,,,
2021,2022,4397644.0,15,15,False,,,
2021,2022,4593447.0,17,12,True,,,
2021,2022,4278335.0,10,1,True,,,
2021,2022,4431749.0,13,17,True,,,
2021,2022,4592184.0,8,4,True,,,
2021,2022,4432075.0,16,5,True,,,
2021,2022,4395880.0,3,14,True,,,
2021,2022,4431779.0,3,1,True,,,
2021,2022,4592315.0,8,13,True,,,
2021,2022,4279497.0,7,4,True,,,
2021,2022,4067375.0,3,8,True,,,
2021,2022,4278716.0,12,12,False,,,
2021,2022,4280158.0,15,15,False,,,
2021,2022,4279169.0,15,15,False,,,
2021,2022,4593122.0,5,16,True,,,
2021,2022,4592771.0,3,3,False,,,
2021,2022,4279628.0,15,15,False,,,
2021,2022,4702610.0,15,15,False,,,
2021,2022,4278334.0,16,9,True,,,
2021,2022,4278408.0,2,10,True,,,
2021,2022,4593903.0,16,11,True,,,
2021,2022,4396612.0,12,13,True,,,
2021,2022,4397570.0,6,4,True,,,
2021,2022,4431736.0,15,15,False,,,
2021,2022,4432854.0,9,9,False,,,
2021,2022,4592216.0,1,14,True,,,
2021,2022,4066823.0,17,4,True,,,
2021,2022,4397121.0,16,16,False,,,
2021,2022,4396000.0,9,11,True,,,
2021,2022,4280016.0,17,17,False,,,
2021,2022,4701200.0,6,10,True,,,
2021,2022,4705372.0,17,4,True,,,
2021,2022,4700844.0,6,6,False,,,
2021,2022,4067439.0,15,15,False,,,
2021,2022,4703155.0,3,14,True,,,
2021,2022,4712291.0,8,8,False,,,
2021,2022,4432962.0,14,3,True,,,
2021,2022,4067781.0,1,1,False,,,
2021,2022,4433165.0,7,6,True,,,
2021,2022,4432848.0,10,15,True,,,
2021,2022,4278142.0,17,10,True,,,
2021,2022,4702925.0,6,7,True,,,
2021,2022,4702027.0,13,12,True,,,
2021,2022,4431909.0,12,12,False,,,
2021,2022,4593475.0,9,5,True,,,
2021,2022,4703243.0,3,14,True,,,
2021,2022,4700854.0,16,5,True,,,
2021,2022,4398257.0,15,15,False,,,
2021,2022,4397134.0,17,10,True,,,
2021,2022,4433129.0,6,6,False,,,
2021,2022,4397384.0,15,15,False,,,
2021,2022,4432996.0,10,10,False,,,
2021,2022,4703523.0,11,16,True,,,
2021,2022,4278532.0,1,1,False,,,
2021,2022,4592707.0,7,17,True,,,
2021,2022,4397123.0,1,3,True,,,
2021,2022,4433076.0,10,17,True,,,
2021,2022,4397027.0,3,14,True,,,
2021,2022,4702719.0,10,10,False,,,
2021,2022,4703613.0,3,3,False,,,
2021,2022,4397304.0,12,12,False,,,
2021,2022,4277948.0,15,15,False,,,
2021,2022,4703555.0,16,6,True,,,
2021,2022,4702109.0,4,12,True,,,
2021,2022,4703138.0,7,8,True,,,
2021,2022,4397018.0,17,10,True,,,
2021,2022,4593828.0,1,10,True,,,
2021,2022,4431996.0,3,3,False,,,
2021,2022,4432855.0,9,15,True,,,
2021,2022,4593739.0,6,0,True,,,
2021,2022,4702075.0,4,4,False,,,
2021,2022,4702767.0,7,7,False,,,
2021,2022,4397558.0,16,15,True,,,
2021,2022,4703010.0,12,13,True,,,
2021,2022,4593814.0,10,6,True,,,
2021,2022,4334018.0,4,13,True,,,
2021,2022,4066442.0,0,6,True,,,
2021,2022,4593700.0,3,3,False,,,
2021,2022,4702518.0,6,11,True,,,
2021,2022,4067814.0,4,14,True,,,
2021,2022,4279101.0,12,0,True,,,
2021,2022,4432957.0,3,14,True,,,
2021,2022,4592495.0,9,9,False,,,
2021,2022,4597991.0,7,7,False,,,
2021,2022,4593773.0,17,4,True,,,
2021,2022,4593806.0,13,13,False,,,
2021,2022,4279006.0,12,12,False,,,
2021,2022,4278131.0,6,7,True,,,
2021,2022,4398164.0,2,16,True,,,
2021,2022,4701125.0,1,1,False,,,
2021,2022,4397554.0,14,14,False,,,
2021,2022,4593702.0,16,11,True,,,
2021,2022,4710625.0,0,17,True,,,
2021,2022,4432147.0,16,11,True,,,
2021,2022,4702990.0,4,4,False,,,
2021,2022,4397274.0,5,11,True,,,
2021,2022,4701163.0,3,7,True,,,
2021,2022,4280190.0,14,1,True,,,
2021,2022,4278449.0,4,4,False,,,
2021,2022,4396633.0,14,3,True,,,
2021,2022,4702372.0,15,15,False,,,
2021,2022,4433059.0,5,16,True,,,
2021,2022,4594016.0,11,11,False,,,
2021,2022,4397199.0,1,1,False,,,
2021,2022,4703403.0,7,7,False,,,
2021,2022,4593833.0,12,8,True,,,
2021,2022,4278119.0,10,15,True,,,
2021,2022,4397396.0,16,2,True,,,
2021,2022,4397263.0,17,12,True,,,
2021,2022,4593713.0,17,13,True,,,
2021,2022,4593242.0,6,6,False,,,
2021,2022,4593930.0,12,13,True,,,
2021,2022,4703347.0,2,16,True,,,
2021,2022,4397456.0,10,10,False,,,
2021,2022,4433183.0,3,1,True,,,
2021,2022,4397850.0,4,4,False,,,
2021,2022,4703670.0,0,1,True,,,
2021,2022,4279890.0,7,4,True,,,
2021,2022,4396591.0,4,4,False,,,
2021,2022,4431941.0,4,4,False,,,
2021,2022,4278525.0,15,6,True,,,
2021,2022,4279854.0,13,13,False,,,
2021,2022,4397957.0,3,3,False,,,
2021,2022,4433133.0,4,14,True,,,
2021,2022,4066455.0,4,12,True,,,
2021,2022,4592476.0,13,0,True,,,
2021,2022,4280264.0,0,13,True,,,
2021,2022,4396753.0,13,12,True,,,
2021,2022,4432197.0,1,7,True,,,
2021,2022,4397362.0,0,0,False,,,
2021,2022,4703397.0,17,17,False,,,
2021,2022,4703677.0,3,12,True,,,
2021,2022,4397220.0,14,14,False,,,
2021,2022,4593469.0,9,9,False,,,
2021,2022,4703142.0,3,14,True,,,
2021,2022,4593362.0,2,9,True,,,
2021,2022,4431993.0,4,4,False,,,
2021,2022,4431999.0,0,1,True,,,
2021,2022,4703828.0,6,11,True,,,
2021,2022,4396969.0,1,1,False,,,
2021,2022,4278735.0,4,1,True,,,
2021,2022,4278010.0,13,6,True,,,
2021,2022,4397552.0,7,8,True,,,
2021,2022,4396837.0,1,6,True,,,
2021,2022,4702785.0,6,6,False,,,
2021,2022,4397779.0,4,4,False,,,
2021,2022,4397851.0,13,13,False,,,
2021,2022,4701839.0,1,3,True,,,
2021,2022,4594269.0,17,7,True,,,
2021,2022,4702159.0,15,15,False,,,
2021,2022,4284169.0,3,3,False,,,
2021,2022,4397214.0,12,3,True,,,
2021,2022,4594100.0,1,1,False,,,
2021,2022,4433073.0,10,6,True,,,
2021,2022,4431760.0,9,16,True,,,
2021,2022,4702127.0,14,14,False,,,
2021,2022,4279532.0,14,10,True,,,
2021,2022,4398119.0,6,10,True,,,
2021,2022,4431714.0,15,10,True,,,
2021,2022,4431990.0,10,15,True,,,
2021,2022,4702072.0,13,17,True,,,
2021,2022,4397634.0,10,6,True,,,
2021,2022,4067382.0,10,0,True,,,
2021,2022,4280244.0,4,14,True,,,
2021,2022,4398149.0,15,1,True,,,
2021,2022,4397427.0,14,14,False,,,
2021,2022,4703224.0,7,10,True,,,
2021,2022,4397472.0,6,1,True,,,
2021,2022,4397228.0,7,1,True,,,
2021,2022,4396670.0,7,1,True,,,
2021,2022,4700822.0,7,10,True,,,
2021,2022,4280042.0,15,15,False,,,
2021,2022,4280073.0,10,17,True,,,
2021,2022,4702460.0,8,7,True,,,
2021,2022,4431730.0,4,4,False,,,
2021,2022,4432869.0,15,10,True,,,
2021,2022,4593386.0,12,4,True,,,
2021,2022,4593051.0,13,10,True,,,
2021,2022,4397065.0,11,7,True,,,
2021,2022,4431775.0,6,10,True,,,
2021,2022,4703252.0,3,5,True,,,
2021,2022,4397722.0,10,10,False,,,
2021,2022,4431964.0,2,15,True,,,
2021,2022,4278034.0,6,6,False,,,
2021,2022,4592317.0,15,9,True,,,
2021,2022,4398212.0,6,0,True,,,
2021,2022,4592743.0,3,7,True,,,
2021,2022,4703214.0,7,6,True,,,
2021,2022,4278588.0,10,15,True,,,
2021,2022,4397772.0,2,15,True,,,
2021,2022,4594071.0,3,3,False,,,
2021,2022,4067418.0,4,4,False,,,
2021,2022,4433218.0,4,14,True,,,
2021,2022,4593018.0,7,3,True,,,
2021,2022,4396025.0,13,6,True,,,
2021,2022,4599257.0,4,4,False,,,
2021,2022,4067390.0,15,15,False,,,
2021,2022,4432823.0,9,15,True,,,
2021,2022,4594055.0,11,16,True,,,
2021,2022,4567587.0,3,3,False,,,
2021,2022,4701557.0,13,17,True,,,
2021,2022,4278603.0,15,15,False,,,
2021,2022,4398347.0,13,13,False,,,
2021,2022,4594132.0,17,13,True,,,
2021,2022,4406489.0,15,1,True,,,
2021,2022,4592866.0,12,7,True,,,
2021,2022,4432029.0,0,1,True,,,
2021,2022,4279162.0,15,15,False,,,
2021,2022,4278051.0,5,15,True,,,
2021,2022,4067581.0,4,4,False,,,
2021,2022,4066493.0,16,6,True,,,
2021,2022,4278308.0,10,6,True,,,
2021,2022,4433563.0,17,6,True,,,
2021,2022,4278255.0,1,1,False,,,
2021,2022,4683135.0,7,4,True,,,
2021,2022,4600663.0,9,15,True,,,
2021,2022,4277974.0,10,10,False,,,
2021,2022,4592249.0,10,1,True,,,
2021,2022,4278246.0,10,12,True,,,
2021,2022,4398108.0,6,10,True,,,
2021,2022,4279735.0,17,4,True,,,
2021,2022,4278884.0,17,17,False,,,
2021,2022,4702351.0,3,3,False,,,
2021,2022,4280074.0,4,13,True,,,
2021,2022,4592722.0,17,13,True,,,
2021,2022,4397819.0,3,14,True,,,
2021,2022,4396697.0,6,10,True,,,
2021,2022,4592295.0,16,6,True,,,
2021,2022,4397550.0,8,11,True,,,
2021,2022,4397888.0,12,12,False,,,
2021,2022,4703126.0,6,15,True,,,
2021,2022,4279172.0,5,16,True,,,
2021,2022,4431843.0,3,3,False,,,
2021,2022,4397702.0,4,4,False,,,
2021,2022,4593083.0,3,3,False,,,
2021,2022,4279797.0,17,12,True,,,
2021,2022,4593765.0,12,13,True,,,
2021,2022,4431758.0,7,3,True,,,
2021,2022,4593016.0,16,15,True,,,
2021,2022,4396688.0,13,13,False,,,
2021,2022,4397697.0,2,16,True,,,
2021,2022,4397191.0,4,13,True,,,
2021,2022,4594254.0,17,13,True,,,
2021,2022,4592958.0,7,7,False,,,
2021,2022,4397181.0,12,13,True,,,
2021,2022,4432188.0,10,6,True,,,
2021,2022,4593664.0,10,0,True,,,
2021,2022,4278721.0,13,13,False,,,
2021,2022,4279875.0,16,10,True,,,
2021,2022,4280195.0,1,15,True,,,
2021,2022,4703205.0,1,1,False,,,
2021,2022,4594058.0,11,11,False,,,
2021,2022,4702017.0,6,10,True,,,
2021,2022,4703921.0,7,7,False,,,
2021,2022,4593703.0,6,5,True,,,
2021,2022,4397655.0,6,10,True,,,
2021,2022,4593038.0,16,2,True,,,
2021,2022,4702216.0,13,13,False,,,
2021,2022,4397687.0,7,0,True,,,
2021,2022,4592403.0,9,16,True,,,
2021,2022,4703870.0,12,17,True,,,
2021,2022,4395669.0,14,14,False,,,
2021,2022,4702743.0,10,2,True,,,
2021,2022,4593750.0,4,4,False,,,
2021,2022,4702601.0,0,0,False,,,
2021,2022,4397332.0,5,10,True,,,
2021,2022,4397137.0,1,1,False,,,
2021,2022,4432250.0,14,13,True,,,
2021,2022,4396747.0,15,15,False,,,
2021,2022,4433127.0,6,7,True,,,
2021,2022,4278350.0,17,13,True,,,
2021,2022,4703521.0,3,3,False,,,
2021,2022,4278701.0,16,6,True,,,
2021,2022,4592617.0,15,9,True,,,
2021,2022,4397559.0,15,6,True,,,
2021,2022,4397043.0,12,6,True,,,
2021,2022,4397858.0,13,13,False,,,
2021,2022,4432141.0,10,16,True,,,
2021,2022,4593774.0,13,17,True,,,
2021,2022,4593803.0,1,14,True,,,
2021,2022,4683803.0,12,17,True,,,
2021,2022,4395623.0,9,9,False,,,
2021,2022,4395684.0,1,4,True,,,
2021,2022,4067302.0,9,2,True,,,
2021,2022,4703983.0,17,10,True,,,
2021,2022,4702085.0,2,13,True,,,
2021,2022,4431695.0,2,15,True,,,
2021,2022,4594261.0,13,0,True,,,
2021,2022,4397675.0,0,13,True,,,
2021,2022,4277920.0,16,15,True,,,
2021,2022,4397999.0,14,14,False,,,
2021,2022,4701208.0,9,9,False,,,
2021,2022,4279922.0,13,17,True,,,
2021,2022,4396953.0,14,3,True,,,
2021,2022,4277981.0,10,10,False,,,
2021,2022,4397089.0,6,6,False,,,
2021,2022,4592921.0,12,13,True,,,
2021,2022,4593126.0,4,4,False,,,
2021,2022,4703683.0,7,12,True,,,
2021,2022,4277968.0,13,13,False,,,
2021,2022,4397161.0,11,1,True,,,
2021,2022,4592935.0,12,17,True,,,
2021,2022,4067444.0,14,3,True,,,
2021,2022,4397148.0,14,15,True,,,
2021,2022,4702674.0,13,4,True,,,
2021,2022,4280257.0,4,13,True,,,
2021,2022,4700856.0,16,16,False,,,
2021,2022,4067388.0,16,2,True,,,
2021,2022,4278574.0,14,14,False,,,
2021,2022,4397945.0,3,14,True,,,
2021,2022,4592849.0,9,9,False,,,
2021,2022,4592778.0,15,15,False,,,
2021,2022,4593372.0,4,4,False,,,
2021,2022,4585870.0,16,11,True,,,
2021,2022,4395703.0,12,12,False,,,
2021,2022,4397355.0,1,15,True,,,
2021,2022,4593691.0,9,11,True,,,
2021,2022,4398208.0,10,4,True,,,
2021,2022,4593240.0,17,4,True,,,
2021,2022,4703266.0,11,16,True,,,
2021,2022,4279706.0,9,11,True,,,
2021,2022,4703016.0,16,2,True,,,
2021,2022,4279518.0,15,15,False,,,
2021,2022,4396763.0,4,4,False,,,
2021,2022,4703619.0,11,7,True,,,
2021,2022,4397433.0,14,14,False,,,
2021,2022,4703889.0,13,6,True,,,
2021,2022,4278317.0,16,16,False,,,
2021,2022,4592852.0,4,14,True,,,
2021,2022,4277939.0,13,15,True,,,
2021,2022,4280280.0,6,13,True,,,
2021,2022,4703231.0,0,8,True,,,
2021,2022,4395892.0,13,13,False,,,
2021,2022,4397371.0,9,9,False,,,
2021,2022,4278420.0,15,9,True,,,
2021,2022,4398203.0,4,4,False,,,
2021,2022,4431953.0,7,10,True,,,
2021,2022,4593145.0,6,6,False,,,
2021,2022,4593827.0,6,2,True,,,
2021,2022,4397485.0,17,4,True,,,
2021,2022,4702487.0,4,7,True,,,
2021,2022,4432934.0,4,13,True,,,
2021,2022,4702352.0,12,7,True,,,
2021,2022,4278704.0,13,13,False,,,
2021,2022,4702113.0,13,6,True,,,
2021,2022,4592981.0,8,7,True,,,
2021,2022,4593141.0,4,6,True,,,
2021,2022,4433527.0,1,8,True,,,
2021,2022,4279227.0,4,13,True,,,
2021,2022,4593881.0,12,12,False,,,
2021,2022,4278567.0,2,16,True,,,
2021,2022,4279195.0,2,6,True,,,
2021,2022,4703525.0,16,16,False,,,
2021,2022,4585617.0,3,4,True,,,
2021,2022,4593813.0,17,12,True,,,
2021,2022,4431925.0,0,1,True,,,
2021,2022,4397724.0,15,15,False,,,
2021,2022,4700969.0,3,3,False,,,
2021,2022,4702699.0,13,13,False,,,
2021,2022,4398092.0,6,6,False,,,
2021,2022,4594154.0,16,11,True,,,
2021,2022,4432903.0,12,3,True,,,
2021,2022,4279206.0,4,13,True,,,
2021,2022,4395873.0,13,13,False,,,
2021,2022,4701245.0,6,1,True,,,
2021,2022,4395996.0,12,13,True,,,
2021,2022,4701845.0,1,14,True,,,
2021,2022,4397838.0,11,10,True,,,
2021,2022,4399102.0,9,2,True,,,
2021,2022,4397375.0,9,9,False,,,
2021,2022,4700859.0,16,6,True,,,
2021,2022,4592212.0,14,14,False,,,
2021,2022,4431987.0,3,3,False,,,
2021,2022,4702774.0,15,10,True,,,
2021,2022,4397471.0,10,6,True,,,
2021,2022,4594119.0,11,11,False,,,
2021,2022,4431903.0,4,3,True,,,
2021,2022,4586322.0,4,17,True,,,
2021,2022,4593111.0,12,13,True,,,
2021,2022,4592965.0,3,14,True,,,
2021,2022,4067190.0,16,16,False,,,
2021,2022,4702126.0,0,0,False,,,
2021,2022,4593134.0,4,4,False,,,
2021,2022,4592250.0,4,3,True,,,
2021,2022,4592491.0,4,4,False,,,
2021,2022,4066357.0,14,3,True,,,
2021,2022,4278380.0,6,16,True,,,
2021,2022,4433009.0,3,1,True,,,
2021,2022,4279189.0,3,4,True,,,
2021,2022,4067063.0,1,3,True,,,
2021,2022,4278445.0,15,15,False,,,
2021,2022,4593248.0,16,11,True,,,
2021,2022,4585610.0,15,15,False,,,
2021,2022,4279192.0,16,11,True,,,
2021,2022,4593683.0,4,3,True,,,
2021,2022,4700839.0,16,2,True,,,
2021,2022,4700941.0,3,3,False,,,
2021,2022,4279627.0,15,0,True,,,
2021,2022,4277902.0,10,10,False,,,
2021,2022,4593690.0,16,6,True,,,
2021,2022,4592878.0,13,12,True,,,
2021,2022,4701219.0,7,10,True,,,
2021,2022,4279871.0,16,16,False,,,
2021,2022,4593976.0,6,6,False,,,
2021,2022,4278265.0,9,6,True,,,
2021,2022,4397727.0,11,16,True,,,
2021,2022,4592273.0,4,3,True,,,
2021,2022,4703146.0,5,15,True,,,
2021,2022,4278690.0,4,12,True,,,
2021,2022,4702044.0,12,17,True,,,
2021,2022,4397079.0,1,1,False,,,
2021,2022,4702353.0,7,7,False,,,
2021,2022,4397747.0,15,16,True,,,
2021,2022,4279530.0,2,2,False,,,
2021,2022,4279535.0,13,13,False,,,
2021,2022,4278050.0,11,6,True,,,
2021,2022,4593869.0,3,3,False,,,
2021,2022,4279789.0,14,14,False,,,
2021,2022,4703396.0,16,15,True,,,
2021,2022,4397348.0,10,10,False,,,
2021,2022,4592413.0,7,16,True,,,
2021,2022,4395632.0,0,6,True,,,
2021,2022,4278286.0,16,5,True,,,
2021,2022,4592182.0,0,17,True,,,
2021,2022,4594088.0,3,12,True,,,
2021,2022,4431831.0,13,4,True,,,
2021,2022,4593965.0,1,7,True,,,
2021,2022,4396012.0,16,16,False,,,
2021,2022,4431818.0,16,16,False,,,
2021,2022,4396676.0,13,1,True,,,
2021,2022,4432089.0,6,6,False,,,
2021,2022,4397607.0,1,1,False,,,
2021,2022,4432036.0,1,10,True,,,
2021,2022,4431704.0,12,12,False,,,
2021,2022,4280081.0,14,3,True,,,
2021,2022,4701222.0,14,14,False,,,
2021,2022,4702695.0,13,12,True,,,
2021,2022,4278506.0,15,10,True,,,
2021,2022,4702926.0,0,0,False,,,
2021,2022,4432954.0,17,17,False,,,
2021,2022,4431777.0,9,9,False,,,
2021,2022,4711679.0,8,8,False,,,
2021,2022,3906520.0,14,3,True,,,
2021,2022,4593041.0,15,15,False,,,
2021,2022,4397596.0,1,7,True,,,
2021,2022,4431973.0,13,17,True,,,
2021,2022,4432021.0,5,10,True,,,
2021,2022,4703394.0,17,13,True,,,
2021,2022,4397455.0,0,12,True,,,
2021,2022,4396639.0,12,12,False,,,
2021,2022,4593682.0,16,15,True,,,
2021,2022,4278365.0,4,4,False,,,
2021,2022,4431718.0,5,15,True,,,
2021,2022,4397373.0,16,16,False,,,
2021,2022,4703886.0,2,15,True,,,
2021,2022,4705377.0,8,7,True,,,
2021,2022,4280109.0,7,12,True,,,
2021,2022,4703624.0,6,0,True,,,
2021,2022,4279133.0,13,13,False,,,
2021,2022,4395689.0,10,1,True,,,
2021,2022,4395617.0,17,6,True,,,
2021,2022,4397250.0,6,1,True,,,
2021,2022,4397704.0,7,8,True,,,
2021,2022,4700841.0,0,4,True,,,
2021,2022,4432208.0,10,11,True,,,
2021,2022,4278501.0,10,17,True,,,
2021,2022,4397118.0,3,3,False,,,
2021,2022,4397116.0,5,5,False,,,
2021,2022,4397400.0,13,12,True,,,
2021,2022,4702775.0,12,12,False,,,
2021,2022,4397409.0,0,13,True,,,
2021,2022,4278125.0,16,16,False,,,
2021,2022,4431936.0,12,0,True,,,
2021,2022,4594075.0,3,3,False,,,
2021,2022,4700954.0,7,8,True,,,
2021,2022,4594265.0,7,0,True,,,
2021,2022,4592903.0,16,11,True,,,
2021,2022,4397648.0,13,7,True,,,
2021,2022,4278950.0,16,10,True,,,
2021,2022,4397119.0,10,6,True,,,
2021,2022,4567711.0,8,3,True,,,
2021,2022,4432401.0,2,16,True,,,
2021,2022,4702604.0,3,3,False,,,
2021,2022,4431746.0,3,4,True,,,
2021,2022,4702382.0,10,10,False,,,
2021,2022,4701233.0,1,1,False,,,
2021,2022,4278952.0,8,7,True,,,
2021,2022,4592296.0,13,13,False,,,
2021,2022,4067179.0,8,3,True,,,
2021,2022,4592695.0,17,17,False,,,
2021,2022,4594073.0,5,11,True,,,
2021,2022,4592948.0,4,4,False,,,
2021,2022,4397206.0,10,6,True,,,
2021,2022,4066833.0,6,10,True,,,
2021,2022,4592605.0,11,6,True,,,
2021,2022,4279819.0,14,3,True,,,
2021,2022,4703836.0,7,7,False,,,
2021,2022,4431889.0,11,9,True,,,
2021,2022,4593291.0,10,6,True,,,
2021,2022,4397046.0,9,9,False,,,
2021,2022,4702996.0,17,13,True,,,
2021,2022,4398356.0,2,10,True,,,
2021,2022,4066911.0,8,7,True,,,
2021,2022,4705373.0,6,6,False,,,
2021,2022,4397128.0,14,4,True,,,
2021,2022,4431761.0,6,13,True,,,
2021,2022,4397821.0,10,14,True,,,
2021,2022,4396804.0,11,11,False,,,
2021,2022,4397564.0,9,15,True,,,
2021,2022,4397236.0,17,13,True,,,
2021,2022,4397265.0,13,13,False,,,
2021,2022,4285624.0,9,9,False,,,
2021,2022,4397255.0,4,4,False,,,
2021,2022,4432195.0,14,3,True,,,
2021,2022,4396948.0,3,14,True,,,
2021,2022,4397208.0,12,4,True,,,
2021,2022,4396579.0,10,10,False,,,
2021,2022,4593718.0,7,1,True,,,
2021,2022,4703542.0,5,5,False,,,
2021,2022,4280003.0,5,16,True,,,
2021,2022,4433108.0,4,10,True,,,
2021,2022,4395650.0,1,10,True,,,
2021,2022,4397980.0,16,11,True,,,
2021,2022,4432920.0,1,1,False,,,
2021,2022,4066460.0,4,4,False,,,
2021,2022,4398309.0,0,0,False,,,
2021,2022,4702687.0,6,8,True,,,
2021,2022,4432008.0,17,13,True,,,
2021,2022,4702952.0,6,11,True,,,
2021,2022,4398399.0,12,13,True,,,
2021,2022,4432076.0,11,5,True,,,
2021,2022,4701991.0,3,4,True,,,
2021,2022,4431734.0,6,16,True,,,
2021,2022,4703098.0,16,15,True,,,
2021,2022,4592893.0,7,13,True,,,
2021,2022,4706557.0,13,17,True,,,
2021,2022,4280299.0,14,14,False,,,
2021,2022,4592594.0,5,16,True,,,
2021,2022,4279754.0,14,14,False,,,
2021,2022,4397989.0,8,3,True,,,
2021,2022,4397353.0,14,14,False,,,
2021,2022,4397519.0,7,3,True,,,
2021,2022,4398213.0,6,15,True,,,
2021,2022,4701182.0,9,9,False,,,
2021,2022,4432818.0,12,13,True,,,
2021,2022,4431698.0,13,4,True,,,
2021,2022,4432946.0,10,10,False,,,
2021,2022,4703184.0,16,8,True,,,
2021,2022,4397449.0,1,1,False,,,
2021,2022,4703382.0,3,7,True,,,
2021,2022,4277945.0,16,9,True,,,
2021,2022,4397154.0,2,16,True,,,
2021,2022,4702934.0,4,12,True,,,
2021,2022,4593988.0,6,6,False,,,
2021,2022,4279781.0,8,12,True,,,
2021,2022,4293886.0,10,13,True,,,
2021,2022,4279122.0,0,1,True,,,
2021,2022,4295180.0,15,10,True,,,
2021,2022,4581504.0,4,4,False,,,
2021,2022,4397676.0,4,4,False,,,
2021,2022,4396811.0,13,4,True,,,
2021,2022,4431841.0,7,1,True,,,
2021,2022,4398061.0,7,13,True,,,
2021,2022,4593277.0,8,16,True,,,
2021,2022,4592205.0,6,1,True,,,
2021,2022,4398190.0,15,16,True,,,
2021,2022,4278371.0,14,14,False,,,
2021,2022,4066518.0,16,6,True,,,
2021,2022,4700530.0,16,16,False,,,
2021,2022,4397691.0,2,2,False,,,
2021,2022,4593129.0,10,7,True,,,
2021,2022,4066310.0,4,14,True,,,
2021,2022,4702702.0,1,1,False,,,
2021,2022,4585614.0,7,12,True,,,
2021,2022,4432400.0,16,16,False,,,
2021,2022,4431724.0,5,1,True,,,
2021,2022,4431768.0,10,6,True,,,
2021,2022,4593280.0,16,16,False,,,
2021,2022,4593256.0,0,10,True,,,
2021,2022,4397787.0,2,15,True,,,
2021,2022,4592966.0,1,1,False,,,
2021,2022,4432847.0,1,1,False,,,
2021,2022,4431902.0,0,10,True,,,
2021,2022,4593355.0,17,10,True,,,
2021,2022,4066789.0,14,14,False,,,
2021,2022,4278412.0,6,1,True,,,
2021,2022,4397346.0,10,10,False,,,
2021,2022,4431765.0,13,13,False,,,
2021,2022,4433011.0,16,0,True,,,
2021,2022,4597790.0,17,17,False,,,
2021,2022,4397853.0,11,11,False,,,
2021,2022,4701246.0,0,7,True,,,
2021,2022,4065840.0,15,15,False,,,
2021,2022,4397545.0,10,6,True,,,
2021,2022,4593968.0,16,16,False,,,
2021,2022,4397585.0,16,6,True,,,
2021,2022,4592733.0,10,10,False,,,
2021,2022,4703194.0,12,3,True,,,
2021,2022,4277895.0,3,1,True,,,
2021,2022,4398163.0,6,6,False,,,
2021,2022,4397473.0,4,13,True,,,
2021,2022,4592754.0,16,16,False,,,
2021,2022,4431774.0,4,4,False,,,
2021,2022,4431767.0,1,10,True,,,
2021,2022,4066388.0,1,6,True,,,
2021,2022,4280072.0,10,6,True,,,
2021,2022,4396976.0,8,12,True,,,
2021,2022,4397601.0,13,13,False,,,
2021,2022,4606837.0,7,3,True,,,
2021,2022,4701160.0,6,7,True,,,
2021,2022,4432971.0,10,13,True,,,
2021,2022,4280267.0,14,14,False,,,
2021,2022,4397778.0,17,4,True,,,
2021,2022,4433018.0,11,2,True,,,
2021,2022,4702765.0,2,2,False,,,
2021,2022,4602024.0,12,13,True,,,
2021,2022,4396569.0,12,6,True,,,
2021,2022,4431764.0,9,2,True,,,
2021,2022,4594264.0,6,6,False,,,
2021,2022,4277954.0,1,4,True,,,
2021,2022,4067329.0,12,12,False,,,
2021,2022,4705894.0,3,4,True,,,
2021,2022,4066375.0,15,16,True,,,
2021,2022,4396989.0,11,2,True,,,
2021,2022,4431674.0,2,15,True,,,
2021,2022,4278250.0,16,6,True,,,
2021,2022,4397374.0,4,17,True,,,
2021,2022,4432200.0,12,13,True,,,
2021,2022,4703885.0,17,4,True,,,
2021,2022,4279733.0,1,10,True,,,
2021,2022,4593081.0,0,13,True,,,
2021,2022,4396679.0,4,4,False,,,
2021,2022,4278229.0,16,2,True,,,
2021,2022,4279455.0,14,4,True,,,
2021,2022,4592439.0,8,3,True,,,
2021,2022,4067132.0,7,8,True,,,
2021,2022,4702520.0,16,16,False,,,
2021,2022,4702120.0,16,16,False,,,
2021,2022,4065646.0,12,12,False,,,
2021,2022,4066826.0,4,14,True,,,
2021,2022,4601026.0,10,1,True,,,
2021,2022,4593089.0,2,2,False,,,
2021,2022,4396978.0,10,10,False,,,
2021,2022,4397470.0,10,10,False,,,
2021,2022,4397185.0,12,12,False,,,
2021,2022,4067218.0,16,16,False,,,
2021,2022,4431837.0,10,15,True,,,
2021,2022,4397690.0,4,3,True,,,
2021,2022,4397133.0,10,10,False,,,
2021,2022,4431785.0,14,14,False,,,
2021,2022,4396656.0,14,14,False,,,
2021,2022,4592361.0,10,1,True,,,
2021,2022,4596531.0,3,3,False,,,
2021,2022,4395681.0,1,1,False,,,
2021,2022,4398016.0,14,3,True,,,
2021,2022,4065815.0,7,7,False,,,
2021,2022,4397000.0,4,6,True,,,
2021,2022,4397803.0,17,13,True,,,
2021,2022,4593417.0,12,3,True,,,
2021,2022,4602029.0,8,4,True,,,
2021,2022,4277986.0,4,4,False,,,
2021,2022,4431684.0,15,9,True,,,
2021,2022,4397168.0,8,10,True,,,
2021,2022,4280029.0,6,6,False,,,
2021,2022,4398037.0,7,7,False,,,
2021,2022,4432872.0,15,10,True,,,
2021,2022,4701995.0,3,3,False,,,
2021,2022,4278483.0,11,16,True,,,
2021,2022,4280208.0,1,4,True,,,
2021,2022,4431776.0,10,10,False,,,
2021,2022,4702466.0,12,10,True,,,
2021,2022,4397060.0,4,4,False,,,
2021,2022,4395631.0,4,14,True,,,
2021,2022,4593397.0,13,13,False,,,
2021,2022,4593730.0,4,4,False,,,
2021,2022,4397537.0,10,4,True,,,
2021,2022,4405290.0,7,13,True,,,
2021,2022,4703241.0,7,2,True,,,
2021,2022,4704015.0,7,12,True,,,
2021,2022,4597990.0,3,4,True,,,
2021,2022,4066345.0,14,14,False,,,
2021,2022,4703242.0,2,2,False,,,
2021,2022,4398397.0,6,13,True,,,
2021,2022,4396787.0,15,15,False,,,
2021,2022,4703621.0,3,12,True,,,
2021,2022,4397814.0,11,11,False,,,
2021,2022,4703423.0,11,6,True,,,
2021,2022,4396677.0,7,4,True,,,
2021,2022,4398300.0,4,4,False,,,
2021,2022,4396933.0,15,15,False,,,
2021,2022,4702666.0,3,8,True,,,
2021,2022,4598611.0,13,13,False,,,
2021,2022,4612161.0,4,4,False,,,
2021,2022,4397654.0,17,4,True,,,
2021,2022,4066575.0,6,6,False,,,
2021,2022,4397951.0,13,13,False,,,
2021,2022,4700870.0,8,10,True,,,
2021,2022,4592615.0,1,10,True,,,
2021,2022,4593334.0,6,6,False,,,
2021,2022,4067159.0,14,4,True,,,
2021,2022,4431739.0,2,16,True,,,
2021,2022,4278395.0,10,10,False,,,
2021,2022,4398196.0,3,8,True,,,
2021,2022,4592634.0,13,13,False,,,
2021,2022,4067629.0,7,7,False,,,
2021,2022,4592701.0,3,4,True,,,
2021,2022,4702065.0,4,4,False,,,
2021,2022,4592260.0,8,8,False,,,
2021,2022,4592600.0,16,6,True,,,
2021,2022,4277852.0,10,1,True,,,
2021,2022,4066258.0,6,10,True,,,
2021,2022,4278121.0,16,15,True,,,
2021,2022,4397179.0,10,10,False,,,
2021,2022,4065676.0,3,3,False,,,
2021,2022,4703131.0,3,3,False,,,
2021,2022,4397718.0,16,9,True,,,
2021,2022,4593744.0,17,13,True,,,
2021,2022,4593882.0,11,2,True,,,
2021,2022,4278341.0,3,12,True,,,
2021,2022,4703234.0,10,6,True,,,
2021,2022,4066366.0,4,17,True,,,
2021,2022,4585590.0,7,8,True,,,
2021,2022,4594013.0,15,6,True,,,
2021,2022,4397122.0,2,2,False,,,
2021,2022,4593267.0,9,9,False,,,
2021,2022,4397603.0,6,10,True,,,
2021,2022,4567590.0,2,1,True,,,
2021,2022,4585606.0,4,12,True,,,
2021,2022,4703680.0,1,1,False,,,
2021,2022,4066996.0,0,6,True,,,
2021,2022,4278493.0,10,10,False,,,
2021,2022,4567588.0,0,10,True,,,
2021,2022,4592865.0,16,11,True,,,
2021,2022,4396608.0,4,1,True,,,
2021,2022,4431805.0,16,2,True,,,
2021,2022,4703183.0,6,6,False,,,
2021,2022,4279210.0,6,1,True,,,
2021,2022,4278609.0,16,16,False,,,
2021,2022,4702357.0,13,17,True,,,
2021,2022,4592890.0,4,12,True,,,
2021,2022,4397084.0,15,15,False,,,
2021,2022,4433569.0,9,9,False,,,
2021,2022,4592982.0,17,7,True,,,
2021,2022,4593896.0,6,11,True,,,
2021,2022,4592851.0,13,12,True,,,
2021,2022,4396818.0,10,10,False,,,
2021,2022,4279647.0,11,15,True,,,
2021,2022,4595437.0,6,10,True,,,
2021,2022,4592711.0,15,15,False,,,
2021,2022,4398306.0,1,0,True,,,
2021,2022,4593143.0,1,1,False,,,
2021,2022,4279247.0,6,6,False,,,
2021,2022,4396968.0,15,15,False,,,
2021,2022,4277833.0,7,6,True,,,
2021,2022,4703541.0,2,10,True,,,
2021,2022,4702463.0,9,9,False,,,
2021,2022,4398007.0,3,4,True,,,
2021,2022,4700953.0,9,9,False,,,
2021,2022,4395692.0,5,5,False,,,
2021,2022,4592922.0,15,16,True,,,
2021,2022,4398293.0,1,0,True,,,
2021,2022,4397715.0,4,12,True,,,
2021,2022,4592180.0,9,2,True,,,
2021,2022,4398159.0,6,6,False,,,
2021,2022,4280137.0,3,3,False,,,
2021,2022,4396917.0,10,1,True,,,
2021,2022,4278373.0,13,17,True,,,
2021,2022,4593753.0,16,5,True,,,
2021,2022,4396578.0,10,6,True,,,
2021,2022,4280256.0,5,11,True,,,
2021,2022,4280014.0,15,15,False,,,
2021,2022,4701211.0,12,4,True,,,
2021,2022,4702071.0,15,16,True,,,
2021,2022,4431737.0,10,10,False,,,
2021,2022,4396017.0,10,13,True,,,
2021,2022,4593839.0,13,13,False,,,
2021,2022,4066808.0,14,1,True,,,
2021,2022,4703899.0,8,1,True,,,
2021,2022,4593036.0,15,1,True,,,
2021,2022,4602027.0,1,1,False,,,
2021,2022,4702058.0,6,15,True,,,
2021,2022,4703516.0,0,12,True,,,
2021,2022,4593924.0,4,14,True,,,
2021,2022,4397066.0,14,14,False,,,
2021,2022,4611534.0,17,17,False,,,
2021,2022,4278696.0,12,13,True,,,
2021,2022,4432118.0,0,17,True,,,
2021,2022,4701984.0,5,16,True,,,
2021,2022,4397862.0,7,12,True,,,
2021,2022,4594126.0,14,14,False,,,
2021,2022,4397790.0,3,4,True,,,
2021,2022,4702504.0,3,3,False,,,
2021,2022,4397198.0,17,7,True,,,
2021,2022,4702104.0,7,6,True,,,
2021,2022,4397833.0,3,12,True,,,
2021,2022,4397221.0,10,17,True,,,
2021,2022,4397694.0,2,11,True,,,
2021,2022,4279531.0,17,17,False,,,
2021,2022,4432136.0,2,2,False,,,
2021,2022,4397671.0,1,6,True,,,
2021,2022,4396774.0,16,11,True,,,
2021,2022,4703982.0,4,10,True,,,
2021,2022,4066872.0,13,13,False,,,
2021,2022,4280022.0,5,11,True,,,
2021,2022,4403367.0,6,6,False,,,
2021,2022,4592970.0,9,11,True,,,
2021,2022,4700848.0,12,12,False,,,
2021,2022,4702432.0,10,1,True,,,
2021,2022,4397685.0,6,1,True,,,
2021,2022,4397641.0,6,6,False,,,
2021,2022,4278644.0,17,13,True,,,
2021,2022,4431832.0,16,15,True,,,
2021,2022,4280187.0,14,3,True,,,
2021,2022,4593080.0,4,4,False,,,
2021,2022,4592827.0,3,14,True,,,
2021,2022,4397081.0,1,4,True,,,
2021,2022,4280039.0,6,10,True,,,
2021,2022,4432817.0,4,4,False,,,
2021,2022,4431923.0,10,10,False,,,
2021,2022,4702491.0,13,4,True,,,
2021,2022,4431875.0,17,17,False,,,
2021,2022,4703924.0,13,13,False,,,
2021,2022,4397726.0,1,1,False,,,
2021,2022,4432441.0,5,9,True,,,
2021,2022,4280203.0,4,17,True,,,
2021,2022,4703679.0,13,13,False,,,
2021,2022,4067358.0,3,14,True,,,
2021,2022,4592655.0,15,1,True,,,
2021,2022,4431787.0,1,3,True,,,
2021,2022,4703110.0,6,6,False,,,
2021,2022,4398390.0,14,14,False,,,
2021,2022,4066678.0,6,10,True,,,
2021,2022,4278244.0,4,4,False,,,
2021,2022,4397511.0,14,14,False,,,
2021,2022,4397987.0,10,10,False,,,
2021,2022,4066877.0,5,15,True,,,
2021,2022,4398060.0,4,4,False,,,
2021,2022,4395998.0,13,17,True,,,
2021,2022,4397774.0,4,4,False,,,
2021,2022,4703015.0,9,15,True,,,
2021,2022,4593756.0,4,13,True,,,
2021,2022,4703701.0,6,6,False,,,
2021,2022,4277897.0,16,11,True,,,
2021,2022,4703188.0,3,3,False,,,
2021,2022,4278231.0,9,9,False,,,
2021,2022,4396592.0,4,4,False,,,
2021,2022,4397996.0,3,4,True,,,
2021,2022,4594148.0,15,0,True,,,
2021,2022,4702678.0,12,4,True,,,
2021,2022,4703571.0,0,13,True,,,
2021,2022,4593912.0,10,10,False,,,
2021,2022,4277846.0,6,10,True,,,
2021,2022,4593047.0,3,8,True,,,
2021,2022,4433119.0,16,2,True,,,
2021,2022,4432888.0,11,11,False,,,
2021,2022,4703629.0,14,3,True,,,
2021,2022,4700874.0,0,8,True,,,
2021,2022,4278281.0,13,13,False,,,
2021,2022,4702509.0,12,12,False,,,
2021,2022,4396765.0,11,16,True,,,
2021,2022,4703115.0,3,12,True,,,
2021,2022,4705304.0,0,12,True,,,
2021,2022,4067338.0,17,13,True,,,
2021,2022,4702106.0,17,13,True,,,
2021,2022,4279435.0,10,10,False,,,
2021,2022,4703810.0,16,6,True,,,
2021,2022,4703167.0,7,12,True,,,
2021,2022,4703900.0,0,12,True,,,
2021,2022,4702716.0,6,0,True,,,
2021,2022,4398147.0,13,4,True,,,
2021,2022,4432435.0,4,4,False,,,
2021,2022,4397602.0,1,1,False,,,
2021,2022,4280214.0,4,12,True,,,
2021,2022,4397101.0,4,14,True,,,
2021,2022,4396951.0,15,11,True,,,
2021,2022,4398075.0,14,3,True,,,
2021,2022,4398404.0,4,4,False,,,
2021,2022,4397099.0,6,10,True,,,
2021,2022,4278681.0,4,4,False,,,
2021,2022,4598389.0,6,16,True,,,
2021,2022,4432026.0,7,10,True,,,
2021,2022,4279514.0,10,10,False,,,
2021,2022,4397131.0,17,17,False,,,
2021,2022,4397230.0,17,12,True,,,
2021,2022,4593762.0,9,9,False,,,
2021,2022,4398226.0,15,15,False,,,
2021,2022,4432877.0,16,6,True,,,
2021,2022,4280279.0,6,16,True,,,
2021,2022,4592933.0,9,9,False,,,
2021,2022,4396594.0,8,10,True,,,
2021,2022,4593721.0,6,13,True,,,
2021,2022,4593246.0,7,8,True,,,
2021,2022,4278569.0,9,9,False,,,
2021,2022,4398146.0,4,13,True,,,
2021,2022,4397732.0,14,14,False,,,
2021,2022,4431792.0,4,14,True,,,
2021,2022,4593830.0,3,3,False,,,
2021,2022,4592358.0,14,14,False,,,
2021,2022,4432150.0,13,12,True,,,
2021,2022,4703169.0,12,13,True,,,
2021,2022,4396975.0,10,6,True,,,
2021,2022,4702738.0,0,17,True,,,
2021,2022,4279317.0,17,4,True,,,
2021,2022,4431763.0,1,14,True,,,
2021,2022,4433229.0,2,11,True,,,
2021,2022,4398206.0,4,14,True,,,
2021,2022,4432550.0,4,14,True,,,
2021,2022,4278349.0,10,17,True,,,
2021,2022,4277932.0,14,14,False,,,
2021,2022,4592262.0,3,14,True,,,
2021,2022,4592448.0,10,0,True,,,
2021,2022,4397436.0,2,2,False,,,
2021,2022,4397650.0,13,4,True,,,
2021,2022,4397212.0,9,9,False,,,
2021,2022,4592968.0,3,3,False,,,
2021,2022,4704077.0,1,1,False,,,
2021,2022,4431808.0,3,0,True,,,
2021,2022,4397210.0,17,17,False,,,
2021,2022,4278332.0,6,6,False,,,
2021,2022,4397224.0,9,9,False,,,
2021,2022,4593324.0,7,12,True,,,
2021,2022,4703615.0,1,14,True,,,
2021,2022,4703923.0,16,16,False,,,
2021,2022,4396001.0,6,6,False,,,
2021,2022,4278663.0,14,14,False,,,
2021,2022,4396570.0,13,13,False,,,
2021,2022,4280289.0,16,2,True,,,
2021,2022,4593407.0,14,1,True,,,
2021,2022,4704088.0,6,17,True,,,
2021,2022,4432004.0,11,5,True,,,
2021,2022,4279701.0,9,16,True,,,
2021,2022,4702647.0,17,6,True,,,
2021,2022,4398281.0,4,0,True,,,
2021,2022,4397832.0,4,4,False,,,
2021,2022,4398408.0,5,5,False,,,
2021,2022,4431856.0,4,12,True,,,
2021,2022,4431915.0,12,4,True,,,
2021,2022,4593037.0,14,14,False,,,
2021,2022,4397753.0,13,7,True,,,
2021,2022,4432849.0,7,14,True,,,
2021,2022,4703112.0,16,10,True,,,
2021,2022,4594266.0,9,11,True,,,
2021,2022,4432130.0,6,10,True,,,
2021,2022,4593732.0,11,16,True,,,
2021,2022,4397271.0,17,0,True,,,
2021,2022,4278533.0,10,10,False,,,
2021,2022,4278891.0,2,15,True,,,
2021,2022,4280015.0,15,16,True,,,
2021,2022,4279481.0,6,1,True,,,
2021,2022,4701318.0,7,6,True,,,
2021,2022,4593285.0,13,7,True,,,
2021,2022,4432169.0,0,10,True,,,
2021,2022,4278688.0,14,1,True,,,
2021,2022,4398106.0,11,6,True,,,
2021,2022,4278729.0,4,4,False,,,
2021,2022,4433159.0,1,10,True,,,
2021,2022,4066216.0,13,10,True,,,
2021,2022,4431899.0,10,12,True,,,
2021,2022,4280068.0,12,3,True,,,
2021,2022,4398304.0,15,10,True,,,
2021,2022,4067820.0,0,0,False,,,
2021,2022,4703220.0,4,7,True,,,
2021,2022,4593305.0,4,3,True,,,
2021,2022,4593449.0,7,13,True,,,
2021,2022,4593034.0,14,15,True,,,
2021,2022,4279796.0,16,6,True,,,
2021,2022,4601025.0,7,10,True,,,
2021,2022,4702499.0,9,16,True,,,
2021,2022,4067250.0,3,13,True,,,
2021,2022,4702177.0,1,10,True,,,
2021,2022,4280181.0,10,4,True,,,
2021,2022,4702013.0,16,16,False,,,
2021,2022,4278450.0,14,4,True,,,
2021,2022,4066755.0,4,4,False,,,
2021,2022,4397401.0,13,12,True,,,
2021,2022,4432866.0,15,9,True,,,
2021,2022,4397343.0,16,5,True,,,
2021,2022,4277972.0,7,6,True,,,
2021,2022,4592691.0,15,15,False,,,
2021,2022,4432512.0,16,9,True,,,
2021,2022,4592950.0,1,1,False,,,
2021,2022,4703895.0,16,11,True,,,
2021,2022,4593722.0,2,2,False,,,
2021,2022,4397481.0,1,16,True,,,
2021,2022,4397906.0,12,12,False,,,
2021,2022,4701199.0,3,12,True,,,
2021,2022,4703144.0,6,8,True,,,
2021,2022,4602025.0,1,1,False,,,
2021,2022,4066445.0,4,4,False,,,
2021,2022,4066966.0,6,6,False,,,
2021,2022,4593989.0,3,3,False,,,
2021,2022,4278583.0,13,13,False,,,
2021,2022,4593259.0,16,2,True,,,
2021,2022,4702211.0,3,3,False,,,
2021,2022,4702288.0,1,13,True,,,
2021,2022,4702503.0,2,16,True,,,
2021,2022,4278139.0,13,3,True,,,
2021,2022,4280048.0,17,17,False,,,
2021,2022,4432402.0,13,12,True,,,
2021,2022,4279739.0,16,16,False,,,
2021,2022,4278407.0,14,4,True,,,
2021,2022,4279008.0,0,10,True,,,
2021,2022,4278378.0,14,14,False,,,
2021,2022,4594333.0,7,7,False,,,
2021,2022,4702136.0,16,11,True,,,
2021,2022,4279462.0,4,1,True,,,
2021,2022,4395633.0,17,10,True,,,
2021,2022,4701158.0,4,12,True,,,
2021,2022,4585866.0,12,13,True,,,
2021,2022,4592283.0,6,6,False,,,
2021,2022,4289536.0,1,10,True,,,
2021,2022,4702602.0,6,10,True,,,
2021,2022,4703116.0,11,5,True,,,
2021,2022,4397490.0,3,12,True,,,
2021,2022,4278057.0,14,4,True,,,
2021,2022,4396576.0,12,12,False,,,
2021,2022,4278576.0,9,9,False,,,
2021,2022,4397246.0,15,15,False,,,
2021,2022,4396988.0,12,10,True,,,
2021,2022,4592957.0,2,2,False,,,
2021,2022,4590397.0,3,8,True,,,
2021,2022,4278494.0,14,14,False,,,
2021,2022,4432902.0,1,1,False,,,
2021,2022,4067031.0,12,0,True,,,
2021,2022,4592985.0,4,17,True,,,
2021,2022,4703435.0,3,8,True,,,
2021,2022,4703540.0,6,10,True,,,
2021,2022,4279105.0,7,7,False,,,
2021,2022,4279078.0,2,10,True,,,
2021,2022,4702616.0,16,11,True,,,
2021,2022,4592912.0,17,0,True,,,
2021,2022,4397334.0,16,6,True,,,
2021,2022,4592709.0,17,17,False,,,
2021,2022,4702196.0,8,1,True,,,
2021,2022,4703693.0,9,5,True,,,
2021,2022,4277921.0,17,13,True,,,
2021,2022,4433144.0,3,4,True,,,
2021,2022,4397204.0,9,15,True,,,
2021,2022,4397393.0,16,6,True,,,
2021,2022,4593470.0,4,4,False,,,
2021,2022,4432443.0,8,13,True,,,
2021,2022,4701238.0,15,6,True,,,
2021,2022,4066325.0,4,1,True,,,
2021,2022,4432180.0,15,15,False,,,
2021,2022,4431957.0,13,13,False,,,
2021,2022,4397074.0,2,2,False,,,
2021,2022,4702134.0,15,15,False,,,
2021,2022,4702997.0,15,15,False,,,
2021,2022,4703193.0,8,8,False,,,
2021,2022,4431991.0,11,11,False,,,
2021,2022,4592945.0,10,10,False,,,
2021,2022,4703434.0,6,13,True,,,
2021,2022,4702115.0,0,0,False,,,
2021,2022,4397428.0,7,7,False,,,
2021,2022,4433177.0,6,6,False,,,
2021,2022,4702670.0,16,10,True,,,
2021,2022,4395664.0,4,4,False,,,
2021,2022,4279190.0,4,4,False,,,
2021,2022,4396643.0,12,6,True,,,
2021,2022,4398326.0,4,12,True,,,
2021,2022,4278256.0,6,6,False,,,
2021,2022,4702512.0,7,12,True,,,
2021,2022,4398017.0,6,6,False,,,
2021,2022,4397854.0,4,1,True,,,
2021,2022,4278490.0,6,6,False,,,
2021,2022,4431794.0,14,14,False,,,
2021,2022,4703172.0,8,12,True,,,
2021,2022,4593120.0,2,15,True,,,
2021,2022,4397759.0,13,1,True,,,
2021,2022,4397617.0,2,5,True,,,
2021,2022,4278585.0,14,4,True,,,
2021,2022,4278512.0,4,0,True,,,
2021,2022,4594110.0,5,10,True,,,
2021,2022,4398122.0,11,11,False,,,
2021,2022,4279241.0,16,16,False,,,
2021,2022,4279886.0,14,10,True,,,
2021,2022,4432068.0,15,15,False,,,
2021,2022,4702061.0,1,4,True,,,
2021,2022,4703178.0,17,7,True,,,
2021,2022,4592592.0,13,12,True,,,
2021,2022,4279448.0,10,10,False,,,
2021,2022,4592938.0,6,10,True,,,
2021,2022,4397249.0,1,1,False,,,
2021,2022,4592307.0,4,4,False,,,
2021,2022,4397238.0,4,13,True,,,
2021,2022,4700963.0,11,11,False,,,
2021,2022,4702068.0,11,16,True,,,
2021,2022,4703143.0,13,12,True,,,
2021,2022,4432030.0,12,7,True,,,
2021,2022,4278113.0,9,2,True,,,
2021,2022,4397530.0,9,9,False,,,
2021,2022,4431959.0,17,17,False,,,
2021,2022,4432187.0,1,1,False,,,
2021,2022,4432918.0,17,13,True,,,
2021,2022,4277978.0,1,17,True,,,
2021,2022,4702675.0,7,13,True,,,
2021,2022,4279174.0,2,15,True,,,
2021,2022,4701031.0,14,14,False,,,
2021,2022,4279482.0,12,6,True,,,
2021,2022,4592666.0,14,1,True,,,
2021,2022,4703831.0,6,4,True,,,
2021,2022,4432042.0,17,4,True,,,
2021,2022,4066735.0,14,14,False,,,
2021,2022,4277993.0,13,4,True,,,
2021,2022,4398180.0,4,17,True,,,
2021,2022,4067013.0,17,17,False,,,
2021,2022,4397051.0,15,15,False,,,
2021,2022,4589480.0,0,13,True,,,
2021,2022,4432886.0,11,11,False,,,
2021,2022,4592665.0,3,3,False,,,
2021,2022,4592214.0,10,2,True,,,
2021,2022,4397112.0,6,6,False,,,
2021,2022,4397104.0,10,10,False,,,
2021,2022,4396776.0,4,6,True,,,
2021,2022,4396952.0,13,12,True,,,
2021,2022,4279923.0,15,15,False,,,
2021,2022,4395701.0,1,1,False,,,
2021,2022,4703671.0,16,15,True,,,
2021,2022,4397820.0,4,4,False,,,
2021,2022,4702478.0,17,7,True,,,
2021,2022,4278115.0,6,8,True,,,
2021,2022,4397152.0,6,6,False,,,
2021,2022,4397127.0,10,10,False,,,
2021,2022,4067150.0,2,11,True,,,
2021,2022,4610175.0,6,6,False,,,
2021,2022,4278263.0,15,15,False,,,
2021,2022,4703868.0,4,14,True,,,
2021,2022,4594014.0,4,12,True,,,
2021,2022,4703420.0,6,14,True,,,
2021,2022,4593757.0,4,3,True,,,
2021,2022,4703703.0,7,13,True,,,
2021,2022,4432828.0,2,15,True,,,
2021,2022,4703145.0,2,11,True,,,
2021,2022,4397019.0,15,15,False,,,
2021,2022,4702251.0,5,16,True,,,
2021,2022,4702496.0,11,5,True,,,
2021,2022,4702626.0,4,4,False,,,
2021,2022,4702638.0,0,17,True,,,
2021,2022,4398354.0,1,10,True,,,
2021,2022,4700873.0,1,11,True,,,
2021,2022,4702103.0,11,16,True,,,
2021,2022,4398093.0,11,16,True,,,
2021,2022,4701250.0,6,6,False,,,
2021,2022,4279318.0,6,6,False,,,
2021,2022,4280120.0,15,15,False,,,
2021,2022,4397072.0,14,14,False,,,
2021,2022,4398127.0,15,15,False,,,
2021,2022,4431972.0,16,8,True,,,
2021,2022,4593807.0,13,13,False,,,
2021,2022,4592306.0,13,13,False,,,
2021,2022,4432932.0,14,4,True,,,
2021,2022,4593043.0,13,17,True,,,
2021,2022,4702108.0,7,8,True,,,
2021,2022,4278643.0,10,13,True,,,
2021,2022,4278066.0,16,16,False,,,
2021,2022,4396657.0,10,10,False,,,
2021,2022,4288068.0,13,4,True,,,
2021,2022,4279695.0,10,15,True,,,
2021,2022,4278951.0,2,9,True,,,
2021,2022,4593149.0,6,6,False,,,
2021,2022,4702930.0,10,16,True,,,
2021,2022,4431770.0,14,4,True,,,
2021,2022,4433160.0,3,3,False,,,
2021,2022,4702521.0,8,3,True,,,
2021,2022,4593971.0,7,7,False,,,
2021,2022,4432885.0,4,14,True,,,
2021,2022,4581506.0,10,0,True,,,
2021,2022,4575108.0,6,16,True,,,
2021,2022,4397311.0,10,10,False,,,
2021,2022,4280268.0,17,13,True,,,
2021,2022,4280171.0,3,14,True,,,
2021,2022,4395673.0,11,1,True,,,
2021,2022,4067800.0,7,1,True,,,
2021,2022,4279836.0,13,4,True,,,
2021,2022,4592961.0,11,16,True,,,
2021,2022,4705266.0,6,6,False,,,
2021,2022,4593263.0,10,10,False,,,
2021,2022,4278307.0,13,17,True,,,
2021,2022,4397707.0,6,6,False,,,
2021,2022,4431700.0,7,10,True,,,
2021,2022,4592954.0,3,3,False,,,
2021,2022,4397460.0,16,16,False,,,
2021,2022,4397415.0,13,4,True,,,
2021,2022,4593932.0,6,12,True,,,
2021,2022,4701837.0,3,12,True,,,
2021,2022,4702218.0,7,8,True,,,
2021,2022,4278456.0,13,17,True,,,
2021,2022,4703614.0,12,8,True,,,
2021,2022,4703215.0,12,12,False,,,
2021,2022,4432852.0,10,10,False,,,
2021,2022,4280163.0,17,13,True,,,
2021,2022,4279005.0,3,4,True,,,
2021,2022,4397880.0,17,7,True,,,
2021,2022,4432398.0,12,0,True,,,
2021,2022,4592440.0,15,16,True,,,
2021,2022,4702387.0,13,7,True,,,
2021,2022,4398070.0,13,4,True,,,
2021,2022,4704083.0,0,12,True,,,
2021,2022,4067425.0,17,4,True,,,
2021,2022,4066634.0,1,0,True,,,
2021,2022,4593788.0,10,10,False,,,
2021,2022,4591725.0,4,14,True,,,
2021,2022,4394666.0,13,4,True,,,
2021,2022,4432070.0,4,6,True,,,
2021,2022,4701580.0,0,13,True,,,
2021,2022,4598640.0,8,10,True,,,
2021,2022,4702721.0,16,10,True,,,
2021,2022,4278645.0,16,6,True,,,
2021,2022,4592657.0,6,10,True,,,
2021,2022,4702759.0,1,14,True,,,
2021,2022,4280011.0,13,13,False,,,
2021,2022,4397421.0,14,14,False,,,
2021,2022,4278130.0,14,4,True,,,
2021,2022,4397049.0,4,14,True,,,
2021,2022,4397506.0,14,14,False,,,
2021,2022,4278470.0,10,6,True,,,
2021,2022,4279147.0,1,14,True,,,
2021,2022,4703879.0,12,4,True,,,
2021,2022,4702078.0,1,8,True,,,
2021,2022,4590356.0,7,7,False,,,
2021,2022,4593433.0,8,0,True,,,
2021,2022,4703139.0,13,12,True,,,
2021,2022,4403467.0,9,9,False,,,
2021,2022,4592438.0,4,12,True,,,
2021,2022,4277940.0,17,0,True,,,
2021,2022,4593712.0,4,4,False,,,
2021,2022,4594139.0,6,11,True,,,
2021,2022,4395893.0,17,13,True,,,
2021,2022,4703000.0,1,7,True,,,
2021,2022,4395988.0,10,6,True,,,
2021,2022,4397454.0,12,12,False,,,
2021,2022,4408086.0,6,6,False,,,
2021,2022,4593841.0,10,10,False,,,
2021,2022,4593931.0,6,6,False,,,
2021,2022,4606833.0,7,8,True,,,
2021,2022,4067252.0,4,13,True,,,
2021,2022,4397840.0,7,5,True,,,
2021,2022,4396762.0,12,7,True,,,
2021,2022,4397958.0,6,11,True,,,
2021,2022,4592846.0,1,1,False,,,
2021,2022,4593444.0,4,4,False,,,
2021,2022,4702495.0,6,6,False,,,
2021,2022,4398239.0,12,12,False,,,
2021,2022,4432363.0,1,1,False,,,
2021,2022,4701028.0,12,8,True,,,
2021,2022,4398029.0,4,3,True,,,
2021,2022,4397595.0,12,4,True,,,
2021,2022,4592703.0,11,15,True,,,
2021,2022,4278368.0,13,17,True,,,
2021,2022,4398022.0,6,6,False,,,
2021,2022,4702074.0,12,13,True,,,
2021,2022,4066215.0,15,15,False,,,
2021,2022,4431811.0,16,15,True,,,
2021,2022,4397669.0,16,15,True,,,
2021,2022,4703379.0,7,7,False,,,
2021,2022,4066728.0,12,13,True,,,
2021,2022,4397167.0,10,10,False,,,
2021,2022,4592697.0,7,3,True,,,
2021,2022,4397708.0,5,11,True,,,
2021,2022,4593454.0,16,16,False,,,
2021,2022,4433136.0,9,9,False,,,
2021,2022,4592271.0,16,10,True,,,
2021,2022,4067391.0,14,1,True,,,
2021,2022,4431974.0,10,6,True,,,
2021,2022,4279111.0,10,10,False,,,
2021,2022,4593680.0,5,16,True,,,
2021,2022,4397233.0,10,15,True,,,
2021,2022,4433135.0,7,4,True,,,
2021,2022,4066866.0,11,9,True,,,
2021,2022,4592829.0,14,14,False,,,
2021,2022,4397630.0,8,8,False,,,
2021,2022,4702648.0,17,4,True,,,
2021,2022,4278435.0,14,14,False,,,
2021,2022,4703544.0,13,13,False,,,
2021,2022,4395997.0,14,14,False,,,
2021,2022,4065698.0,11,8,True,,,
2021,2022,4703170.0,16,11,True,,,
2021,2022,4592187.0,1,14,True,,,
2021,2022,4592870.0,10,15,True,,,
2021,2022,4593087.0,17,17,False,,,
2021,2022,4593676.0,10,10,False,,,
2021,2022,4280043.0,16,16,False,,,
2021,2022,4703008.0,1,0,True,,,
2021,2022,4279878.0,15,6,True,,,
2021,2022,4702092.0,16,16,False,,,
2021,2022,4277950.0,0,13,True,,,
2021,2022,4397028.0,9,9,False,,,
2021,2022,4432031.0,10,10,False,,,
2021,2022,4397380.0,6,6,False,,,
2021,2022,4592579.0,10,4,True,,,
2021,2022,4397783.0,10,13,True,,,
2021,2022,4278591.0,14,14,False,,,
2021,2022,4278347.0,4,13,True,,,
2021,2022,4396777.0,10,1,True,,,
2021,2022,4702052.0,11,5,True,,,
2021,2022,4703072.0,6,12,True,,,
2021,2022,4431732.0,4,3,True,,,
2021,2022,4594125.0,7,12,True,,,
2021,2022,4398217.0,2,11,True,,,
2021,2022,4432185.0,6,11,True,,,
2021,2022,4702655.0,1,1,False,,,
2021,2022,4593473.0,13,12,True,,,
2021,2022,4703377.0,17,4,True,,,
2021,2022,4431834.0,7,6,True,,,
2021,2022,4397745.0,4,4,False,,,
2021,2022,4277936.0,17,4,True,,,
2021,2022,4431804.0,6,1,True,,,
2021,2022,4278007.0,17,3,True,,,
2021,2022,4432190.0,7,1,True,,,
2021,2022,4700829.0,17,17,False,,,
2021,2022,4432117.0,14,14,False,,,
2021,2022,4702628.0,4,4,False,,,
2021,2022,4279493.0,2,5,True,,,
2021,2022,4702669.0,3,8,True,,,
2021,2022,4065766.0,4,13,True,,,
2021,2022,4702008.0,13,4,True,,,
2021,2022,4395712.0,17,14,True,,,
2021,2022,4397944.0,17,12,True,,,
2021,2022,4066923.0,13,10,True,,,
2021,2022,4279167.0,7,10,True,,,
2021,2022,4278631.0,17,17,False,,,
2021,2022,4398054.0,10,6,True,,,
2021,2022,4593139.0,6,6,False,,,
2021,2022,4433279.0,13,1,True,,,
2021,2022,4278732.0,16,6,True,,,
2021,2022,4704080.0,11,6,True,,,
2021,2022,4702089.0,3,3,False,,,
2021,2022,4431726.0,12,10,True,,,
2021,2022,4278579.0,17,1,True,,,
2021,2022,4592859.0,10,14,True,,,
2021,2022,4592700.0,10,4,True,,,
2021,2022,4593406.0,17,0,True,,,
2021,2022,4397751.0,13,10,True,,,
2021,2022,4703343.0,12,13,True,,,
2021,2022,4406151.0,2,16,True,,,
2021,2022,4431984.0,10,17,True,,,
2021,2022,4592712.0,4,14,True,,,
2021,2022,4431717.0,7,7,False,,,
2021,2022,4702876.0,7,7,False,,,
2021,2022,4593720.0,3,14,True,,,
2021,2022,4594143.0,3,12,True,,,
2021,2022,4279488.0,6,6,False,,,
2021,2022,4431901.0,10,10,False,,,
2021,2022,4398051.0,4,4,False,,,
2021,2022,4066434.0,15,6,True,,,
2021,2022,4702671.0,0,12,True,,,
2021,2022,4279181.0,4,1,True,,,
2021,2022,4431689.0,15,10,True,,,
2021,2022,4397689.0,10,10,False,,,
2021,2022,4396817.0,13,12,True,,,
2021,2022,4431703.0,4,4,False,,,
2021,2022,4703400.0,14,3,True,,,
2021,2022,4432122.0,6,10,True,,,
2021,2022,4402918.0,3,4,True,,,
2021,2022,4395620.0,10,10,False,,,
2021,2022,4067410.0,10,6,True,,,
2021,2022,4700534.0,7,14,True,,,
2021,2022,4278693.0,16,15,True,,,
2021,2022,4398348.0,15,15,False,,,
2021,2022,4397579.0,14,4,True,,,
2021,2022,4593716.0,13,13,False,,,
2021,2022,4594059.0,10,1,True,,,
2021,2022,4592603.0,13,12,True,,,
2021,2022,4701126.0,6,0,True,,,
2021,2022,4702119.0,11,11,False,,,
2021,2022,4279741.0,4,4,False,,,
2021,2022,4279163.0,5,5,False,,,
2021,2022,4431893.0,10,10,False,,,
2021,2022,4592693.0,5,10,True,,,
2021,2022,4402919.0,14,14,False,,,
2021,2022,4398310.0,13,12,True,,,
2021,2022,4432977.0,13,17,True,,,
2021,2022,4433079.0,2,16,True,,,
2021,2022,4431751.0,3,14,True,,,
2021,2022,4397194.0,3,14,True,,,
2021,2022,4397232.0,15,15,False,,,
2021,2022,4431937.0,4,12,True,,,
2021,2022,4432137.0,4,3,True,,,
2021,2022,4397342.0,16,16,False,,,
2021,2022,4432103.0,13,10,True,,,
2021,2022,4279098.0,10,10,False,,,
2021,2022,4593687.0,3,4,True,,,
2021,2022,4593268.0,16,11,True,,,
2021,2022,4279093.0,13,13,False,,,
2021,2022,4593049.0,15,15,False,,,
2021,2022,4585601.0,10,12,True,,,
2021,2022,4070686.0,14,14,False,,,
2021,2022,4398132.0,1,6,True,,,
2021,2022,4593842.0,15,15,False,,,
2021,2022,4397289.0,7,7,False,,,
2021,2022,4431744.0,1,4,True,,,
2021,2022,4702936.0,6,6,False,,,
2021,2022,4433174.0,2,9,True,,,
2021,2022,4067151.0,17,13,True,,,
2021,2022,4397124.0,6,6,False,,,
2021,2022,4396632.0,4,4,False,,,
2021,2022,4702651.0,5,5,False,,,
2021,2022,4431946.0,6,4,True,,,
2021,2022,4703672.0,4,4,False,,,
2021,2022,4703913.0,4,4,False,,,
2021,2022,4397631.0,13,13,False,,,
2021,2022,4396957.0,2,16,True,,,
2021,2022,4592427.0,10,10,False,,,
2021,2022,4278297.0,6,15,True,,,
2021,2022,4432522.0,7,7,False,,,
2021,2022,4594149.0,10,10,False,,,
2021,2022,4702600.0,11,9,True,,,
2021,2022,4402243.0,17,17,False,,,
2021,2022,4594155.0,5,1,True,,,
2021,2022,4396010.0,13,13,False,,,
2021,2022,4701032.0,13,12,True,,,
2021,2022,4592726.0,1,13,True,,,
2021,2022,4278444.0,13,13,False,,,
2021,2022,4395670.0,1,1,False,,,
2021,2022,4277980.0,15,2,True,,,
2021,2022,4397211.0,2,15,True,,,
2021,2022,4592297.0,4,6,True,,,
2021,2022,4431705.0,2,15,True,,,
2021,2022,4395665.0,2,10,True,,,
2021,2022,4398189.0,13,7,True,,,
2021,2022,4593425.0,3,1,True,,,
2021,2022,4592583.0,10,10,False,,,
2021,2022,4431956.0,4,4,False,,,
2021,2022,4431676.0,16,6,True,,,
2021,2022,4433155.0,2,2,False,,,
2021,2022,4067138.0,15,15,False,,,
2021,2022,4280250.0,15,15,False,,,
2021,2022,4278259.0,10,6,True,,,
2021,2022,4592308.0,17,10,True,,,
2021,2022,4278117.0,4,4,False,,,
2021,2022,4702949.0,4,3,True,,,
2021,2022,4682883.0,8,1,True,,,
2021,2022,4589479.0,5,5,False,,,
2021,2022,4280139.0,14,3,True,,,
2021,2022,4066308.0,3,4,True,,,
2021,2022,4432430.0,7,7,False,,,
2021,2022,4431682.0,1,6,True,,,
2021,2022,4703106.0,8,8,False,,,
2021,2022,4396610.0,2,5,True,,,
2021,2022,4433061.0,13,12,True,,,
2021,2022,4702350.0,11,17,True,,,
2021,2022,4433184.0,3,3,False,,,
2021,2022,4278014.0,14,4,True,,,
2021,2022,4432407.0,16,5,True,,,
2021,2022,4702713.0,6,1,True,,,
2021,2022,4432874.0,14,7,True,,,
2021,2022,4702714.0,4,4,False,,,
2021,2022,4278360.0,1,1,False,,,
2021,2022,4431795.0,1,1,False,,,
2021,2022,4397500.0,14,14,False,,,
2021,2022,4432394.0,0,1,True,,,
2021,2022,4591259.0,13,17,True,,,
2021,2022,4280118.0,4,4,False,,,
2021,2022,4397093.0,5,2,True,,,
2021,2022,4067955.0,3,3,False,,,
2021,2022,4278713.0,0,17,True,,,
2021,2022,4397716.0,9,9,False,,,
2021,2022,4397976.0,14,3,True,,,
2021,2022,4397295.0,2,5,True,,,
2021,2022,4278381.0,16,11,True,,,
2021,2022,4593785.0,4,6,True,,,
2021,2022,4433019.0,1,1,False,,,
2021,2022,4397488.0,8,8,False,,,
2021,2022,4279109.0,3,4,True,,,
2021,2022,4431766.0,7,14,True,,,
2021,2022,4593387.0,11,16,True,,,
2021,2022,4432916.0,10,10,False,,,
2021,2022,4702049.0,14,14,False,,,
2021,2022,4705380.0,1,1,False,,,
2021,2022,4279220.0,10,13,True,,,
2021,2022,4280038.0,13,13,False,,,
2021,2022,4432969.0,1,10,True,,,
2021,2022,4593678.0,3,14,True,,,
2021,2022,4431685.0,1,1,False,,,
2021,2022,4702096.0,6,17,True,,,
2021,2022,4700860.0,3,3,False,,,
2021,2022,4395713.0,13,13,False,,,
2021,2022,4397354.0,4,6,True,,,
2021,2022,4398423.0,4,4,False,,,
2021,2022,4279920.0,14,1,True,,,
2021,2022,4397109.0,13,13,False,,,
2021,2022,4397379.0,10,10,False,,,
2021,2022,4395624.0,12,17,True,,,
2021,2022,4397740.0,10,17,True,,,
2021,2022,4432050.0,9,16,True,,,
2021,2022,4397737.0,2,2,False,,,
2021,2022,4432851.0,1,1,False,,,
2021,2022,4396816.0,11,16,True,,,
2021,2022,4278145.0,6,6,False,,,
2021,2022,4067472.0,15,9,True,,,
2021,2022,4278552.0,3,3,False,,,
2021,2022,4279483.0,6,4,True,,,
2021,2022,4432825.0,2,9,True,,,
2021,2022,4396954.0,10,4,True,,,
2021,2022,4432873.0,0,8,True,,,
2021,2022,4397160.0,8,3,True,,,
2021,2022,4703907.0,8,1,True,,,
2021,2022,4702677.0,12,12,False,,,
2021,2022,4278657.0,13,4,True,,,
2021,2022,4594256.0,3,3,False,,,
2021,2022,4431983.0,7,3,True,,,
2021,2022,4431722.0,4,10,True,,,
2021,2022,4701575.0,6,7,True,,,
2021,2022,4278638.0,10,4,True,,,
2021,2022,4279736.0,6,6,False,,,
2021,2022,4398224.0,8,8,False,,,
2021,2022,4280115.0,13,13,False,,,
2021,2022,4280276.0,1,1,False,,,
2021,2022,4432904.0,1,1,False,,,
2021,2022,4703407.0,15,1,True,,,
2021,2022,4593474.0,10,6,True,,,
2021,2022,4574710.0,3,14,True,,,
2021,2022,4432527.0,12,8,True,,,
2021,2022,4397269.0,17,17,False,,,
2021,2022,4397395.0,17,4,True,,,
2021,2022,4704950.0,6,0,True,,,
2021,2022,4279478.0,11,16,True,,,
2021,2022,4593106.0,4,4,False,,,
2021,2022,4066288.0,9,9,False,,,
2021,2022,4279119.0,1,1,False,,,
2021,2022,4593748.0,7,1,True,,,
2021,2022,4431930.0,1,1,False,,,
2021,2022,4703912.0,7,10,True,,,
2021,2022,4279743.0,13,13,False,,,
2021,2022,4279077.0,14,1,True,,,
2021,2022,4595430.0,12,10,True,,,
2021,2022,4703524.0,17,12,True,,,
2021,2022,4701243.0,7,3,True,,,
2021,2022,4433105.0,1,15,True,,,
2021,2022,4397139.0,7,7,False,,,
2021,2022,4432926.0,5,9,True,,,
2021,2022,4397010.0,3,0,True,,,
2021,2022,4398116.0,6,10,True,,,
2021,2022,4066230.0,4,14,True,,,
2021,2022,4066766.0,4,12,True,,,
2021,2022,4593919.0,3,1,True,,,
2021,2022,4431940.0,8,17,True,,,
2021,2022,4397158.0,5,16,True,,,
2021,2022,4398104.0,3,17,True,,,
2021,2022,4433093.0,17,13,True,,,
2021,2022,4279645.0,7,7,False,,,
2021,2022,4397884.0,4,4,False,,,
2021,2022,4593792.0,17,13,True,,,
2021,2022,4593795.0,12,4,True,,,
2021,2022,4593392.0,10,6,True,,,
2021,2022,4701255.0,3,7,True,,,
2021,2022,4590396.0,4,3,True,,,
2021,2022,4278513.0,15,15,False,,,
2021,2022,4593838.0,10,10,False,,,
2021,2022,4396597.0,15,15,False,,,
2021,2022,4432850.0,14,3,True,,,
2021,2022,4592479.0,10,1,True,,,
2021,2022,4613134.0,7,6,True,,,
2021,2022,4279897.0,1,6,True,,,
2021,2022,4433077.0,1,15,True,,,
2021,2022,4397365.0,13,13,False,,,
2021,2022,4397155.0,10,12,True,,,
2021,2022,4592959.0,11,9,True,,,
2021,2022,4592723.0,17,13,True,,,
2021,2022,4067255.0,4,4,False,,,
2021,2022,4432875.0,16,11,True,,,
2021,2022,4592663.0,0,1,True,,,
2021,2022,4432889.0,10,16,True,,,
2021,2022,4397347.0,9,9,False,,,
2021,2022,4397909.0,10,6,True,,,
2021,2022,4066245.0,4,4,False,,,
2021,2022,4592272.0,10,10,False,,,
2021,2022,4278296.0,1,3,True,,,
2021,2022,4279876.0,7,13,True,,,
2021,2022,4592288.0,7,1,True,,,
2021,2022,4592602.0,10,12,True,,,
2021,2022,4279311.0,15,14,True,,,
2021,2022,4395991.0,6,6,False,,,
2021,2022,4278220.0,2,9,True,,,
2021,2022,4702195.0,4,4,False,,,
2021,2022,4594327.0,9,15,True,,,
2021,2022,4701218.0,6,10,True,,,
2021,2022,4432143.0,16,11,True,,,
2021,2022,4395708.0,2,2,False,,,
2021,2022,4592883.0,6,1,True,,,
2021,2022,4702471.0,12,6,True,,,
2021,2022,4065704.0,17,10,True,,,
2021,2022,4397243.0,4,17,True,,,
2021,2022,4433217.0,7,12,True,,,
2021,2022,4397535.0,14,3,True,,,
2021,2022,4702010.0,12,12,False,,,
2021,2022,4396784.0,17,17,False,,,
2021,2022,4277915.0,9,9,False,,,
2021,2022,4593261.0,3,3,False,,,
2021,2022,4702490.0,12,0,True,,,
2021,2022,4398413.0,0,12,True,,,
2021,2022,4067640.0,6,6,False,,,
2021,2022,4703801.0,0,12,True,,,
2021,2022,4700970.0,14,7,True,,,
2021,2022,4431914.0,10,10,False,,,
2021,2022,4278362.0,16,2,True,,,
2021,2022,4397009.0,16,16,False,,,
2021,2022,4397145.0,7,7,False,,,
2021,2022,4593039.0,16,2,True,,,
2021,2022,4703415.0,4,4,False,,,
2021,2022,4592740.0,11,10,True,,,
2021,2022,4593880.0,10,10,False,,,
2021,2022,4433099.0,5,16,True,,,
2021,2022,4593102.0,7,10,True,,,
2021,2022,4278453.0,6,10,True,,,
2021,2022,4397823.0,10,10,False,,,
2021,2022,4280080.0,6,10,True,,,
2021,2022,4576140.0,16,2,True,,,
2021,2022,4397548.0,8,7,True,,,
2021,2022,4431727.0,4,4,False,,,
2021,2022,4398233.0,13,10,True,,,
2021,2022,4432879.0,14,14,False,,,
2021,2022,4702668.0,6,6,False,,,
2021,2022,4589477.0,8,12,True,,,
2021,2022,4397701.0,7,7,False,,,
2021,2022,4705893.0,13,13,False,,,
2021,2022,4702587.0,6,6,False,,,
2021,2022,4701234.0,6,1,True,,,
2021,2022,4397339.0,11,11,False,,,
2021,2022,4593736.0,12,0,True,,,
2021,2022,4397305.0,14,7,True,,,
2021,2022,4432105.0,2,16,True,,,
2021,2022,3911842.0,13,17,True,,,
2021,2022,4066229.0,16,16,False,,,
2021,2022,4702023.0,15,15,False,,,
2021,2022,4277987.0,9,9,False,,,
2021,2022,4279331.0,12,13,True,,,
2021,2022,4432239.0,6,10,True,,,
2021,2022,4700857.0,7,7,False,,,
2021,2022,4703551.0,1,1,False,,,
2021,2022,4593747.0,1,1,False,,,
2021,2022,4703202.0,1,13,True,,,
2021,2022,4592943.0,6,0,True,,,
2021,2022,4703244.0,13,17,True,,,
2021,2022,4397995.0,4,4,False,,,
2021,2022,4397156.0,3,3,False,,,
2021,2022,4703530.0,14,14,False,,,
2021,2022,4432632.0,4,7,True,,,
2021,2022,4278488.0,2,16,True,,,
2021,2022,4397972.0,4,4,False,,,
2021,2022,4397242.0,14,17,True,,,
2021,2022,4592461.0,6,10,True,,,
2021,2022,4612709.0,4,4,False,,,
2021,2022,4396689.0,12,13,True,,,
2021,2022,4397340.0,15,15,False,,,
2021,2022,4432146.0,7,13,True,,,
2021,2022,4593273.0,5,16,True,,,
2021,2022,4702989.0,13,13,False,,,
2021,2022,4277912.0,9,16,True,,,
2021,2022,4397149.0,10,6,True,,,
2021,2022,4592686.0,4,4,False,,,
2021,2022,4067403.0,13,13,False,,,
2021,2022,4593929.0,10,6,True,,,
2021,2022,4395666.0,2,15,True,,,
2021,2022,4398273.0,13,13,False,,,
2021,2022,4279245.0,6,11,True,,,
2021,2022,4592741.0,14,4,True,,,
2021,2022,4702623.0,10,13,True,,,
2021,2022,4433340.0,12,17,True,,,
2021,2022,4431826.0,14,14,False,,,
2021,2022,4283602.0,3,8,True,,,
2021,2022,4081600.0,17,17,False,,,
2021,2022,4702870.0,8,0,True,,,
2021,2022,4398409.0,3,3,False,,,
2021,2022,4397711.0,16,16,False,,,
2021,2022,4277969.0,1,0,True,,,
2021,2022,4279432.0,4,13,True,,,
2021,2022,4432064.0,2,5,True,,,
2021,2022,4432108.0,4,0,True,,,
2021,2022,4397251.0,10,10,False,,,
2021,2022,4066780.0,17,10,True,,,
2021,2022,4593062.0,13,13,False,,,
2021,2022,4278573.0,2,16,True,,,
2021,2022,4593286.0,0,6,True,,,
2021,2022,4432891.0,1,7,True,,,
2021,2022,4398207.0,15,15,False,,,
2021,2022,4433026.0,8,1,True,,,
2021,2022,4395671.0,10,10,False,,,
2021,2022,4279310.0,16,16,False,,,
2021,2022,4592593.0,7,3,True,,,
2021,2022,4432077.0,1,4,True,,,
2021,2022,4703247.0,7,5,True,,,
2021,2022,4597989.0,7,6,True,,,
2021,2022,4397649.0,17,13,True,,,
2021,2022,4277878.0,14,14,False,,,
2021,2022,4396810.0,4,4,False,,,
2021,2022,4396614.0,6,15,True,,,
2021,2022,4433582.0,7,12,True,,,
2021,2022,4288898.0,12,12,False,,,
2021,2022,4279237.0,4,4,False,,,
2021,2022,4398080.0,14,14,False,,,
2021,2022,4278672.0,3,3,False,,,
2021,2022,4432066.0,3,12,True,,,
2021,2022,4432051.0,7,3,True,,,
2021,2022,4278133.0,14,14,False,,,
2021,2022,4279527.0,4,13,True,,,
2021,2022,4398276.0,7,4,True,,,
2021,2022,4432315.0,7,7,False,,,
2021,2022,4593923.0,10,15,True,,,
2021,2022,4398265.0,13,4,True,,,
2021,2022,4396754.0,5,11,True,,,
2021,2022,4397153.0,11,2,True,,,
2021,2022,4277985.0,17,17,False,,,
2021,2022,4278570.0,17,4,True,,,
2021,2022,4592758.0,10,6,True,,,
2021,2022,4593674.0,7,1,True,,,
2021,2022,4703833.0,13,0,True,,,
2021,2022,4066734.0,10,6,True,,,
2021,2022,4433042.0,7,6,True,,,
2021,2022,4592875.0,4,3,True,,,
2021,2022,4067766.0,15,6,True,,,
2021,2022,4397350.0,13,4,True,,,
2021,2022,4702531.0,13,13,False,,,
2021,2022,4593468.0,11,5,True,,,
2021,2022,4592625.0,6,8,True,,,
2021,2022,4700823.0,10,17,True,,,
2021,2022,4432321.0,13,13,False,,,
2021,2022,4593745.0,7,7,False,,,
2021,2022,4066390.0,10,10,False,,,
2021,2022,4703391.0,7,6,True,,,
2021,2022,4397469.0,12,13,True,,,
2021,2022,4431696.0,3,3,False,,,
2021,2022,4431791.0,14,14,False,,,
2021,2022,4432966.0,10,13,True,,,
2021,2022,4278423.0,1,6,True,,,
2021,2022,4279244.0,4,13,True,,,
2021,2022,4397026.0,6,10,True,,,
2021,2022,4396681.0,16,16,False,,,
2021,2022,4703572.0,4,3,True,,,
2021,2022,4432965.0,7,3,True,,,
2021,2022,4280102.0,16,16,False,,,
2021,2022,4702026.0,12,12,False,,,
2021,2022,4278303.0,9,9,False,,,
2021,2022,4612507.0,16,11,True,,,
2021,2022,4596365.0,7,1,True,,,
2021,2022,4278110.0,10,10,False,,,
2021,2022,4593100.0,15,15,False,,,
2021,2022,4067165.0,1,15,True,,,
2021,2022,4280245.0,14,14,False,,,
2021,2022,4702608.0,13,13,False,,,
2021,2022,4592891.0,4,12,True,,,
2021,2022,4278351.0,3,3,False,,,
2021,2022,4279868.0,10,6,True,,,
2021,2022,4702944.0,1,10,True,,,
2021,2022,4280167.0,3,14,True,,,
2021,2022,4278522.0,14,1,True,,,
2021,2022,4592181.0,4,4,False,,,
2021,2022,4395697.0,1,1,False,,,
2021,2022,4711607.0,10,10,False,,,
2021,2022,4398136.0,7,3,True,,,
2021,2022,4432887.0,4,4,False,,,
2021,2022,4279780.0,16,10,True,,,
2021,2022,4278422.0,2,2,False,,,
2021,2022,4703811.0,0,17,True,,,
2021,2022,4280143.0,14,14,False,,,
2021,2022,4397231.0,13,13,False,,,
2021,2022,4397392.0,9,2,True,,,
2021,2022,4702724.0,14,14,False,,,
2021,2022,4592739.0,11,5,True,,,
2021,2022,4278247.0,5,2,True,,,
2021,2022,4432815.0,15,15,False,,,
2021,2022,4398153.0,2,16,True,,,
2021,2022,4278218.0,7,12,True,,,
2021,2022,4702770.0,17,13,True,,,
2021,2022,4702365.0,3,3,False,,,
2021,2022,4431798.0,17,12,True,,,
2021,2022,4397575.0,17,13,True,,,
2021,2022,4702281.0,5,5,False,,,
2021,2022,4397646.0,2,2,False,,,
2021,2022,4339478.0,4,4,False,,,
2021,2022,4431928.0,2,5,True,,,
2021,2022,4702472.0,1,6,True,,,
2021,2022,4397587.0,12,13,True,,,
2021,2022,4431725.0,3,14,True,,,
2021,2022,4066836.0,15,15,False,,,
2021,2022,4432840.0,15,15,False,,,
2021,2022,4398103.0,1,6,True,,,
2021,2022,4702620.0,4,4,False,,,
2021,2022,4701841.0,12,8,True,,,
2021,2022,4704021.0,0,17,True,,,
2021,2022,4395677.0,3,4,True,,,
2021,2022,4397512.0,3,3,False,,,
2021,2022,4433187.0,8,6,True,,,
2021,2022,4700872.0,13,4,True,,,
2021,2022,4432970.0,6,16,True,,,
2021,2022,4433182.0,3,14,True,,,
2021,2022,4703813.0,1,6,True,,,
2021,2022,4703264.0,3,14,True,,,
2021,2022,4702153.0,8,12,True,,,
2021,2022,4278448.0,6,6,False,,,
2021,2022,4593040.0,10,10,False,,,
2021,2022,4700826.0,4,14,True,,,
2021,2022,4567079.0,17,13,True,,,
2021,2022,4280270.0,1,4,True,,,
2021,2022,4702871.0,3,8,True,,,
2021,2022,4398046.0,12,13,True,,,
2021,2022,4402692.0,13,0,True,,,
2021,2022,4593025.0,16,11,True,,,
2021,2022,4396647.0,7,10,True,,,
2021,2022,4432129.0,14,14,False,,,
2021,2022,4433176.0,3,4,True,,,
2021,2022,4396635.0,0,13,True,,,
2021,2022,4432408.0,12,4,True,,,
2021,2022,4702063.0,4,3,True,,,
2021,2022,4397609.0,3,3,False,,,
2021,2022,4066863.0,1,4,True,,,
2021,2022,4398237.0,12,12,False,,,
2021,2022,4592753.0,3,3,False,,,
2021,2022,4397229.0,7,3,True,,,
2021,2022,4398232.0,16,16,False,,,
2021,2022,4278634.0,7,12,True,,,
2021,2022,4702484.0,3,12,True,,,
2021,2022,4277942.0,4,4,False,,,
2021,2022,4278120.0,11,11,False,,,
2021,2022,4278720.0,15,15,False,,,
2021,2022,4593095.0,1,14,True,,,
2021,2022,4433068.0,9,2,True,,,
2021,2022,4279080.0,8,4,True,,,
2021,2022,4593343.0,12,13,True,,,
2021,2022,4279863.0,17,17,False,,,
2021,2022,4592434.0,17,17,False,,,
2021,2022,4702764.0,12,4,True,,,
2021,2022,4592777.0,13,17,True,,,
2021,2022,4432590.0,13,17,True,,,
2021,2022,4398240.0,7,7,False,,,
2021,2022,4702950.0,12,12,False,,,
2021,2022,4432446.0,15,15,False,,,
2021,2022,4278107.0,4,12,True,,,
2021,2022,4702011.0,14,14,False,,,
2021,2022,4397733.0,5,6,True,,,
2021,2022,4433156.0,14,14,False,,,
2021,2022,4703209.0,15,10,True,,,
2021,2022,4576060.0,9,2,True,,,
2021,2022,4280260.0,4,13,True,,,
2021,2022,4395622.0,12,1,True,,,
2021,2022,4431778.0,9,9,False,,,
2021,2022,4592248.0,9,0,True,,,
2021,2022,4070682.0,13,4,True,,,
2021,2022,4278386.0,4,4,False,,,
2021,2022,4592580.0,17,14,True,,,
2021,2022,4433132.0,8,12,True,,,
2021,2022,4279230.0,4,4,False,,,
2021,2022,4702646.0,7,7,False,,,
2021,2022,4277851.0,9,9,False,,,
2021,2022,4397866.0,6,3,True,,,
2021,2022,4432959.0,3,14,True,,,
2021,2022,4593724.0,11,16,True,,,
2021,2022,4280119.0,13,13,False,,,
2021,2022,4589475.0,7,13,True,,,
2021,2022,4396750.0,7,7,False,,,
2021,2022,4397898.0,8,8,False,,,
2021,2022,4593782.0,8,6,True,,,
2021,2022,4395886.0,6,10,True,,,
2021,2022,4702657.0,13,10,True,,,
2021,2022,4397202.0,3,4,True,,,
2021,2022,4278111.0,0,10,True,,,
2021,2022,4432065.0,13,13,False,,,
2021,2022,4702611.0,7,7,False,,,
2021,2022,4433192.0,9,15,True,,,
2021,2022,4397045.0,1,1,False,,,
2021,2022,4432994.0,4,4,False,,,
2021,2022,4702442.0,8,4,True,,,
2021,2022,4431757.0,13,12,True,,,
2021,2022,4397504.0,3,7,True,,,
2021,2022,4702138.0,12,12,False,,,
2021,2022,4398142.0,14,14,False,,,
2021,2022,4702467.0,3,7,True,,,
2021,2022,4592773.0,17,12,True,,,
2021,2022,4278689.0,7,7,False,,,
2021,2022,4279625.0,4,4,False,,,
2021,2022,4398197.0,1,15,True,,,
2021,2022,4067398.0,6,15,True,,,
2021,2022,4433007.0,8,12,True,,,
2021,2022,4433055.0,4,3,True,,,
2021,2022,4398050.0,13,8,True,,,
2021,2022,4703219.0,16,11,True,,,
2021,2022,4592484.0,13,0,True,,,
2021,2022,4433163.0,1,1,False,,,
2021,2022,4277982.0,10,10,False,,,
2021,2022,4396641.0,3,4,True,,,
2021,2022,4397239.0,13,17,True,,,
2021,2022,4397767.0,13,12,True,,,
2021,2022,4431740.0,15,6,True,,,
2021,2022,4701232.0,9,9,False,,,
2021,2022,4278275.0,17,17,False,,,
2021,2022,4397007.0,15,15,False,,,
2021,2022,4396642.0,15,11,True,,,
2021,2022,4431752.0,15,15,False,,,
2021,2022,4397200.0,10,10,False,,,
2021,2022,4433001.0,17,17,False,,,
2021,2022,4066485.0,5,2,True,,,
2021,2022,4592654.0,14,15,True,,,
2021,2022,4280251.0,1,7,True,,,
2021,2022,4703830.0,3,3,False,,,
2021,2022,4066515.0,17,13,True,,,
2021,2022,4433031.0,16,16,False,,,
2021,2022,4702130.0,0,10,True,,,
2021,2022,4067221.0,2,16,True,,,
2021,2022,4592699.0,2,2,False,,,
2021,2022,3906672.0,8,12,True,,,
2021,2022,4398338.0,17,17,False,,,
2021,2022,4397192.0,17,10,True,,,
2021,2022,4592858.0,7,4,True,,,
2021,2022,4433225.0,17,3,True,,,
2021,2022,4433224.0,11,2,True,,,
2021,2022,4279073.0,15,6,True,,,
2021,2022,4432126.0,6,10,True,,,
2021,2022,4278304.0,1,4,True,,,
2021,2022,4278606.0,6,6,False,,,
2021,2022,4593401.0,17,13,True,,,
2021,2022,4066717.0,2,10,True,,,
2021,2022,4592487.0,13,13,False,,,
2021,2022,4395667.0,13,17,True,,,
2021,2022,4593148.0,5,10,True,,,
2021,2022,4432206.0,8,14,True,,,
2021,2022,4576062.0,14,4,True,,,
2021,2022,4280202.0,1,3,True,,,
2021,2022,4397730.0,13,0,True,,,
2021,2022,4067353.0,16,16,False,,,
2021,2022,4703117.0,3,4,True,,,
2021,2022,4702114.0,3,3,False,,,
2021,2022,4701181.0,12,17,True,,,
2021,2022,4398325.0,4,4,False,,,
2021,2022,4703180.0,16,16,False,,,
2021,2022,4432033.0,4,3,True,,,
2021,2022,4431835.0,6,11,True,,,
2021,2022,4433149.0,13,17,True,,,
2021,2022,4702019.0,4,3,True,,,
2021,2022,4431707.0,15,10,True,,,
2021,2022,4278670.0,17,4,True,,,
2021,2022,4702932.0,4,4,False,,,
2021,2022,4594070.0,12,12,False,,,
2021,2022,4592874.0,14,14,False,,,
2021,2022,4432241.0,3,14,True,,,
2021,2022,4395661.0,10,13,True,,,
2021,2022,4431786.0,15,2,True,,,
2021,2022,4277914.0,10,13,True,,,
2021,2022,4703199.0,12,4,True,,,
2021,2022,4066322.0,10,2,True,,,
2021,2022,4396786.0,11,10,True,,,
2021,2022,4395676.0,4,4,False,,,
2021,2022,4592762.0,0,6,True,,,
2021,2022,4397696.0,4,3,True,,,
2021,2022,4397994.0,6,6,False,,,
2021,2022,4433012.0,8,13,True,,,
2021,2022,4284101.0,4,4,False,,,
2021,2022,4592585.0,7,7,False,,,
2021,2022,4702946.0,5,15,True,,,
2021,2022,4397193.0,10,1,True,,,
2021,2022,4593436.0,4,13,True,,,
2021,2022,4433198.0,14,14,False,,,
2021,2022,4398043.0,3,3,False,,,
2021,2022,4397132.0,4,4,False,,,
2021,2022,4397811.0,14,3,True,,,
2021,2022,4433378.0,1,15,True,,,
2021,2022,4700864.0,10,10,False,,,
2021,2022,4702100.0,17,13,True,,,
2021,2022,4702215.0,2,5,True,,,
2021,2022,4432127.0,4,4,False,,,
2021,2022,4432846.0,4,4,False,,,
2021,2022,4593671.0,10,10,False,,,
2021,2022,4431933.0,5,6,True,,,
2021,2022,4593418.0,6,12,True,,,
2021,2022,4700862.0,6,10,True,,,
2021,2022,4279737.0,4,4,False,,,
2021,2022,4701244.0,3,3,False,,,
2021,2022,4592667.0,17,13,True,,,
2021,2022,4594079.0,8,6,True,,,
2021,2022,4067001.0,10,10,False,,,
2021,2022,4593104.0,12,4,True,,,
2021,2022,4431753.0,10,17,True,,,
2021,2022,4395686.0,6,17,True,,,
2021,2022,4406975.0,7,12,True,,,
2021,2022,4592887.0,5,11,True,,,
2021,2022,4066768.0,16,10,True,,,
2021,2022,4703427.0,1,1,False,,,
2021,2022,4433151.0,8,17,True,,,
2021,2022,3948762.0,3,4,True,,,
2021,2022,4606831.0,12,13,True,,,
2021,2022,4594103.0,10,6,True,,,
2021,2022,4708045.0,7,6,True,,,
2021,2022,4431720.0,10,17,True,,,
2021,2022,4702761.0,9,9,False,,,
2021,2022,4433103.0,16,9,True,,,
2021,2022,4398040.0,1,4,True,,,
2021,2022,4278623.0,16,15,True,,,
2021,2022,4396611.0,5,2,True,,,
2021,2022,4432827.0,15,15,False,,,
2021,2022,4397580.0,6,6,False,,,
2021,2022,4592190.0,7,1,True,,,
2021,2022,4410587.0,7,6,True,,,
2021,2022,4278461.0,16,2,True,,,
2021,2022,4593781.0,8,3,True,,,
2021,2022,4432821.0,15,15,False,,,
2021,2022,4278230.0,13,13,False,,,
2021,2022,4592889.0,7,7,False,,,
2021,2022,4705305.0,16,5,True,,,
2021,2022,4067456.0,11,7,True,,,
2021,2022,4702933.0,0,12,True,,,
2021,2022,4594263.0,15,15,False,,,
2021,2022,4396755.0,6,6,False,,,
2021,2022,4702362.0,17,13,True,,,
2021,2022,4701016.0,4,4,False,,,
2021,2022,4592414.0,2,16,True,,,
2021,2022,4277947.0,15,15,False,,,
2021,2022,4593064.0,10,13,True,,,
2021,2022,4280189.0,12,4,True,,,
2021,2022,4397867.0,5,2,True,,,
2021,2022,4278751.0,5,6,True,,,
2021,2022,4609299.0,4,14,True,,,
2021,2022,4278536.0,15,10,True,,,
2021,2022,4703077.0,4,4,False,,,
2021,2022,4398430.0,8,17,True,,,
2021,2022,4683635.0,1,3,True,,,
2021,2022,4595400.0,6,10,True,,,
2021,2022,4609661.0,17,17,False,,,
2021,2022,4397413.0,5,5,False,,,
2021,2022,4411057.0,1,1,False,,,
2021,2022,4398246.0,6,16,True,,,
2021,2022,4398214.0,13,13,False,,,
2021,2022,4702698.0,7,4,True,,,
2021,2022,4066811.0,15,6,True,,,
2021,2022,4397325.0,10,6,True,,,
2021,2022,4702501.0,16,16,False,,,
2021,2022,4431810.0,17,10,True,,,
2021,2022,4067818.0,3,14,True,,,
2021,2022,4703122.0,13,4,True,,,
2021,2022,4590361.0,7,14,True,,,
2021,2022,4278203.0,12,13,True,,,
2021,2022,4397037.0,2,2,False,,,
2021,2022,4398234.0,13,16,True,,,
2021,2022,4397114.0,4,17,True,,,
2021,2022,4402802.0,17,4,True,,,
2021,2022,4279252.0,5,9,True,,,
2021,2022,4432836.0,10,10,False,,,
2021,2022,4703512.0,0,6,True,,,
2021,2022,4067294.0,13,12,True,,,
2021,2022,4280049.0,0,17,True,,,
2021,2022,4432935.0,7,8,True,,,
2021,2022,4593388.0,3,3,False,,,
2021,2022,4397430.0,8,13,True,,,
2021,2022,4431864.0,4,14,True,,,
2021,2022,4592677.0,10,15,True,,,
2021,2022,4703009.0,4,12,True,,,
2021,2022,4433052.0,16,16,False,,,
2021,2022,4703399.0,6,10,True,,,
2021,2022,4592898.0,10,10,False,,,
2021,2022,4397062.0,17,7,True,,,
2021,2022,4066799.0,9,9,False,,,
2021,2022,4397615.0,12,12,False,,,
2021,2022,4701225.0,16,15,True,,,
2021,2022,4683634.0,10,10,False,,,
2021,2022,4395675.0,13,17,True,,,
2021,2022,4278578.0,14,4,True,,,
2021,2022,4066807.0,13,17,True,,,
2021,2022,4396745.0,4,14,True,,,
2021,2022,4593107.0,13,13,False,,,
2021,2022,4703175.0,8,12,True,,,
2021,2022,4278134.0,16,16,False,,,
2021,2022,4702763.0,12,10,True,,,
2021,2022,4278278.0,10,13,True,,,
2021,2022,4703681.0,16,1,True,,,
2021,2022,4593970.0,7,0,True,,,
2021,2022,4703630.0,11,6,True,,,
2021,2022,4279508.0,4,12,True,,,
2021,2022,4279322.0,1,13,True,,,
2021,2022,4066764.0,9,9,False,,,
2021,2022,4592730.0,6,10,True,,,
2021,2022,4703903.0,15,6,True,,,
2021,2022,4397368.0,1,1,False,,,
2021,2022,4701551.0,4,4,False,,,
2021,2022,4279060.0,17,13,True,,,
2021,2022,4397560.0,1,1,False,,,
2021,2022,4278306.0,3,1,True,,,
2021,2022,4705299.0,3,4,True,,,
2021,2022,4703573.0,11,8,True,,,
2021,2022,4397633.0,6,6,False,,,
2021,2022,4702742.0,12,7,True,,,
2021,2022,4702197.0,16,15,True,,,
2021,2022,4593825.0,13,10,True,,,
2021,2022,4279050.0,14,14,False,,,
2021,2022,4395719.0,10,7,True,,,
2021,2022,4279709.0,10,14,True,,,
2021,2022,4592706.0,11,11,False,,,
2021,2022,4593320.0,10,2,True,,,
2021,2022,4397835.0,13,10,True,,,
2021,2022,4397387.0,4,4,False,,,
2021,2022,4279087.0,13,17,True,,,
2021,2022,4397227.0,1,1,False,,,
2021,2022,4592284.0,7,3,True,,,
2021,2022,4432880.0,3,14,True,,,
2021,2022,4403417.0,9,9,False,,,
2021,2022,4396696.0,16,16,False,,,
2021,2022,4432988.0,14,3,True,,,
2021,2022,4592979.0,14,14,False,,,
2021,2022,4593415.0,16,9,True,,,
2021,2022,4279313.0,4,13,True,,,
2021,2022,4702773.0,16,15,True,,,
2021,2022,4277966.0,4,13,True,,,
2021,2022,4592435.0,9,15,True,,,
2021,2022,4066326.0,14,14,False,,,
2021,2022,4397784.0,14,14,False,,,
2021,2022,4280041.0,4,4,False,,,
2021,2022,4610342.0,1,7,True,,,
2021,2022,4396789.0,6,13,True,,,
2021,2022,4279756.0,7,1,True,,,
2021,2022,4397184.0,4,4,False,,,
2021,2022,4397011.0,0,6,True,,,
2021,2022,4704017.0,8,12,True,,,
2021,2022,4278572.0,10,15,True,,,
2021,2022,4279052.0,17,13,True,,,
2021,2022,4572450.0,2,10,True,,,
2021,2022,4398221.0,6,10,True,,,
2021,2022,4432247.0,16,1,True,,,
2021,2022,4398386.0,9,9,False,,,
2021,2022,4593726.0,16,16,False,,,
2021,2022,4431738.0,9,9,False,,,
2021,2022,4702606.0,0,4,True,,,
2021,2022,4592756.0,8,8,False,,,
2021,2022,4279131.0,10,12,True,,,
2021,2022,4280070.0,15,10,True,,,
2021,2022,4311618.0,4,12,True,,,
2021,2022,4593797.0,16,16,False,,,
2021,2022,4432002.0,14,14,False,,,
2021,2022,4431962.0,12,12,False,,,
2021,2022,4592967.0,4,13,True,,,
2021,2022,4593008.0,3,1,True,,,
2021,2022,4396618.0,4,17,True,,,
2021,2022,4593465.0,2,5,True,,,
2021,2022,4593304.0,13,13,False,,,
2021,2022,4703236.0,13,6,True,,,
2021,2022,4398266.0,4,3,True,,,
2021,2022,4066476.0,16,11,True,,,
2021,2022,4397882.0,15,15,False,,,
2021,2022,4596787.0,13,13,False,,,
2021,2022,4593364.0,13,12,True,,,
2021,2022,4277960.0,4,4,False,,,
2021,2022,4277908.0,16,16,False,,,
2021,2022,4433069.0,16,16,False,,,
2021,2022,4431769.0,13,4,True,,,
2021,2022,4431998.0,11,16,True,,,
2021,2022,4593686.0,3,3,False,,,
2021,2022,4066353.0,2,10,True,,,
2021,2022,4703168.0,13,12,True,,,
2021,2022,4395685.0,10,10,False,,,
2021,2022,4592662.0,9,9,False,,,
2021,2022,4594131.0,16,6,True,,,
2021,2022,4432403.0,3,3,False,,,
2021,2022,4279451.0,14,14,False,,,
2021,2022,4279431.0,10,10,False,,,
2021,2022,4066300.0,9,2,True,,,
2021,2022,4397363.0,11,11,False,,,
2021,2022,4398376.0,14,3,True,,,
2021,2022,4397070.0,16,6,True,,,
2021,2022,4433004.0,7,11,True,,,
2021,2022,4397988.0,12,12,False,,,
2022,2023,4593276.0,2,9,True,,,
2022,2023,4432107.0,14,14,False,,,
2022,2023,4701166.0,6,6,False,,,
2022,2023,4397100.0,3,12,True,,,
2022,2023,4593072.0,1,17,True,,,
2022,2023,4593404.0,5,16,True,,,
2022,2023,4896979.0,8,5,True,,,
2022,2023,4703557.0,6,1,True,,,
2022,2023,4697270.0,17,10,True,,,
2022,2023,4596536.0,13,0,True,,,
2022,2023,4702766.0,6,15,True,,,
2022,2023,4703979.0,4,4,False,,,
2022,2023,4897904.0,3,3,False,,,
2022,2023,4701221.0,11,16,True,,,
2022,2023,4431868.0,15,16,True,,,
2022,2023,4593738.0,6,6,False,,,
2022,2023,4610395.0,16,5,True,,,
2022,2023,4701576.0,16,15,True,,,
2022,2023,4593447.0,12,13,True,,,
2022,2023,4431749.0,17,4,True,,,
2022,2023,4592184.0,4,4,False,,,
2022,2023,4432075.0,5,16,True,,,
2022,2023,4702980.0,13,13,False,,,
2022,2023,4898208.0,4,4,False,,,
2022,2023,4395880.0,14,14,False,,,
2022,2023,4431779.0,1,8,True,,,
2022,2023,4592315.0,13,1,True,,,
2022,2023,4703240.0,17,12,True,,,
2022,2023,4702329.0,11,9,True,,,
2022,2023,4897327.0,16,11,True,,,
2022,2023,4593122.0,16,16,False,,,
2022,2023,4592771.0,3,4,True,,,
2022,2023,4279628.0,15,16,True,,,
2022,2023,4897153.0,6,6,False,,,
2022,2023,4897996.0,12,12,False,,,
2022,2023,4897897.0,12,8,True,,,
2022,2023,4593903.0,11,16,True,,,
2022,2023,4396612.0,13,4,True,,,
2022,2023,4897725.0,12,13,True,,,
2022,2023,4898180.0,2,2,False,,,
2022,2023,4431736.0,15,15,False,,,
2022,2023,4432854.0,9,15,True,,,
2022,2023,4397121.0,16,16,False,,,
2022,2023,4396000.0,11,11,False,,,
2022,2023,4898369.0,12,4,True,,,
2022,2023,4701200.0,10,6,True,,,
2022,2023,4705372.0,4,17,True,,,
2022,2023,4590354.0,10,10,False,,,
2022,2023,4704951.0,0,13,True,,,
2022,2023,4433125.0,13,10,True,,,
2022,2023,4700852.0,13,17,True,,,
2022,2023,4703155.0,14,3,True,,,
2022,2023,4432962.0,3,3,False,,,
2022,2023,4397425.0,13,13,False,,,
2022,2023,4433165.0,6,7,True,,,
2022,2023,4432848.0,15,15,False,,,
2022,2023,4897508.0,6,1,True,,,
2022,2023,4896864.0,7,3,True,,,
2022,2023,4897325.0,11,0,True,,,
2022,2023,4897194.0,10,6,True,,,
2022,2023,4898194.0,7,7,False,,,
2022,2023,4573135.0,10,10,False,,,
2022,2023,4702027.0,12,17,True,,,
2022,2023,4431909.0,12,4,True,,,
2022,2023,4593475.0,5,5,False,,,
2022,2023,4703243.0,14,14,False,,,
2022,2023,4897951.0,1,12,True,,,
2022,2023,4898218.0,10,6,True,,,
2022,2023,4700854.0,5,15,True,,,
2022,2023,4398257.0,15,15,False,,,
2022,2023,4896464.0,3,12,True,,,
2022,2023,4433129.0,6,1,True,,,
2022,2023,4397384.0,15,15,False,,,
2022,2023,4897893.0,12,12,False,,,
2022,2023,4597863.0,17,13,True,,,
2022,2023,4432996.0,10,10,False,,,
2022,2023,4431796.0,6,10,True,,,
2022,2023,4683757.0,13,6,True,,,
2022,2023,4897419.0,9,5,True,,,
2022,2023,4592707.0,17,17,False,,,
2022,2023,4397123.0,3,17,True,,,
2022,2023,4433076.0,17,4,True,,,
2022,2023,4592939.0,10,0,True,,,
2022,2023,4702719.0,10,1,True,,,
2022,2023,4703613.0,3,8,True,,,
2022,2023,4397304.0,12,13,True,,,
2022,2023,4897975.0,1,3,True,,,
2022,2023,4277948.0,15,15,False,,,
2022,2023,4703555.0,6,16,True,,,
2022,2023,4702109.0,12,12,False,,,
2022,2023,4900668.0,17,17,False,,,
2022,2023,4593828.0,10,10,False,,,
2022,2023,4412211.0,14,14,False,,,
2022,2023,4431996.0,3,7,True,,,
2022,2023,4432855.0,15,2,True,,,
2022,2023,4593739.0,0,10,True,,,
2022,2023,4702075.0,4,13,True,,,
2022,2023,4703010.0,13,13,False,,,
2022,2023,4593814.0,6,11,True,,,
2022,2023,4334018.0,13,13,False,,,
2022,2023,4432948.0,12,6,True,,,
2022,2023,4593700.0,3,3,False,,,
2022,2023,4702518.0,11,16,True,,,
2022,2023,4432957.0,14,14,False,,,
2022,2023,4597991.0,7,11,True,,,
2022,2023,4593773.0,4,4,False,,,
2022,2023,4593806.0,13,13,False,,,
2022,2023,4898167.0,13,12,True,,,
2022,2023,4278131.0,7,6,True,,,
2022,2023,4897232.0,5,14,True,,,
2022,2023,4593385.0,14,14,False,,,
2022,2023,4398164.0,16,16,False,,,
2022,2023,4896467.0,16,6,True,,,
2022,2023,4897921.0,2,15,True,,,
2022,2023,4896860.0,6,6,False,,,
2022,2023,4397554.0,14,14,False,,,
2022,2023,4433038.0,10,16,True,,,
2022,2023,4593702.0,11,11,False,,,
2022,2023,4897381.0,13,4,True,,,
2022,2023,4397960.0,12,12,False,,,
2022,2023,4710625.0,17,13,True,,,
2022,2023,4432147.0,11,16,True,,,
2022,2023,4432433.0,16,16,False,,,
2022,2023,4397937.0,16,16,False,,,
2022,2023,4702990.0,4,7,True,,,
2022,2023,4398030.0,17,13,True,,,
2022,2023,4396803.0,4,4,False,,,
2022,2023,4898227.0,13,17,True,,,
2022,2023,4898329.0,12,3,True,,,
2022,2023,4396633.0,3,1,True,,,
2022,2023,4702372.0,15,15,False,,,
2022,2023,4896985.0,12,4,True,,,
2022,2023,4433059.0,16,5,True,,,
2022,2023,4592597.0,11,16,True,,,
2022,2023,4594016.0,11,11,False,,,
2022,2023,4432151.0,13,13,False,,,
2022,2023,4397199.0,1,1,False,,,
2022,2023,4701992.0,10,14,True,,,
2022,2023,4897098.0,12,6,True,,,
2022,2023,4567710.0,11,10,True,,,
2022,2023,4397396.0,2,16,True,,,
2022,2023,4897579.0,17,13,True,,,
2022,2023,4397263.0,12,4,True,,,
2022,2023,4708218.0,12,3,True,,,
2022,2023,4593713.0,13,13,False,,,
2022,2023,4593242.0,6,6,False,,,
2022,2023,4897298.0,7,8,True,,,
2022,2023,4593930.0,13,13,False,,,
2022,2023,4703531.0,11,16,True,,,
2022,2023,4593007.0,10,13,True,,,
2022,2023,4594109.0,2,2,False,,,
2022,2023,4433183.0,1,14,True,,,
2022,2023,4433595.0,13,13,False,,,
2022,2023,4397850.0,4,4,False,,,
2022,2023,4703670.0,1,1,False,,,
2022,2023,4279890.0,4,12,True,,,
2022,2023,4396591.0,4,7,True,,,
2022,2023,4431941.0,4,14,True,,,
2022,2023,4897896.0,7,8,True,,,
2022,2023,4432056.0,3,12,True,,,
2022,2023,4279854.0,13,17,True,,,
2022,2023,4433188.0,14,1,True,,,
2022,2023,4703135.0,12,13,True,,,
2022,2023,4397957.0,3,3,False,,,
2022,2023,4433133.0,14,14,False,,,
2022,2023,4897863.0,1,1,False,,,
2022,2023,4896986.0,16,16,False,,,
2022,2023,4897723.0,3,12,True,,,
2022,2023,4702014.0,6,7,True,,,
2022,2023,4897692.0,8,7,True,,,
2022,2023,4592476.0,0,10,True,,,
2022,2023,4280264.0,13,13,False,,,
2022,2023,4432197.0,7,1,True,,,
2022,2023,4883573.0,14,14,False,,,
2022,2023,4397362.0,0,7,True,,,
2022,2023,4397220.0,14,4,True,,,
2022,2023,4593469.0,9,15,True,,,
2022,2023,4701559.0,7,16,True,,,
2022,2023,4898260.0,10,10,False,,,
2022,2023,4703142.0,14,3,True,,,
2022,2023,4433010.0,16,16,False,,,
2022,2023,4593362.0,9,9,False,,,
2022,2023,4431993.0,4,4,False,,,
2022,2023,4431999.0,1,17,True,,,
2022,2023,4396969.0,1,1,False,,,
2022,2023,4397552.0,8,6,True,,,
2022,2023,4897755.0,8,7,True,,,
2022,2023,4897650.0,5,16,True,,,
2022,2023,4397285.0,13,4,True,,,
2022,2023,4396837.0,6,16,True,,,
2022,2023,4702785.0,6,4,True,,,
2022,2023,4703906.0,10,6,True,,,
2022,2023,4397779.0,4,4,False,,,
2022,2023,4701839.0,3,1,True,,,
2022,2023,4897901.0,4,14,True,,,
2022,2023,4897284.0,5,11,True,,,
2022,2023,4593909.0,12,17,True,,,
2022,2023,4702159.0,15,15,False,,,
2022,2023,4397214.0,3,1,True,,,
2022,2023,4433073.0,6,10,True,,,
2022,2023,4897758.0,12,0,True,,,
2022,2023,4702127.0,14,3,True,,,
2022,2023,4398119.0,10,13,True,,,
2022,2023,4684286.0,1,6,True,,,
2022,2023,4431714.0,10,15,True,,,
2022,2023,4431990.0,15,10,True,,,
2022,2023,4702072.0,17,12,True,,,
2022,2023,4592211.0,13,12,True,,,
2022,2023,4897289.0,4,4,False,,,
2022,2023,4896861.0,4,4,False,,,
2022,2023,4397634.0,6,6,False,,,
2022,2023,4898271.0,12,12,False,,,
2022,2023,4432960.0,13,0,True,,,
2022,2023,4280244.0,14,4,True,,,
2022,2023,4612129.0,7,7,False,,,
2022,2023,4397427.0,14,4,True,,,
2022,2023,4898316.0,12,17,True,,,
2022,2023,4703224.0,10,10,False,,,
2022,2023,4897262.0,10,17,True,,,
2022,2023,4897941.0,4,4,False,,,
2022,2023,4700822.0,10,1,True,,,
2022,2023,4280073.0,17,17,False,,,
2022,2023,4431730.0,4,4,False,,,
2022,2023,4432869.0,10,15,True,,,
2022,2023,4593386.0,4,4,False,,,
2022,2023,4593051.0,10,17,True,,,
2022,2023,4397065.0,7,6,True,,,
2022,2023,4602948.0,6,10,True,,,
2022,2023,4431775.0,10,10,False,,,
2022,2023,4703252.0,5,11,True,,,
2022,2023,4431964.0,15,2,True,,,
2022,2023,4278034.0,6,6,False,,,
2022,2023,4592317.0,9,15,True,,,
2022,2023,4398212.0,0,10,True,,,
2022,2023,4592743.0,7,3,True,,,
2022,2023,4897714.0,5,6,True,,,
2022,2023,4397772.0,15,10,True,,,
2022,2023,4593836.0,16,16,False,,,
2022,2023,4594071.0,3,3,False,,,
2022,2023,4278330.0,13,13,False,,,
2022,2023,4593253.0,3,1,True,,,
2022,2023,4702972.0,1,1,False,,,
2022,2023,4684306.0,0,10,True,,,
2022,2023,4567587.0,3,8,True,,,
2022,2023,4701557.0,17,10,True,,,
2022,2023,4703682.0,16,16,False,,,
2022,2023,4702488.0,13,12,True,,,
2022,2023,4278603.0,15,15,False,,,
2022,2023,4398347.0,13,4,True,,,
2022,2023,4912654.0,12,17,True,,,
2022,2023,4592866.0,7,0,True,,,
2022,2023,4703260.0,8,4,True,,,
2022,2023,4897914.0,13,13,False,,,
2022,2023,4432029.0,1,10,True,,,
2022,2023,4704102.0,15,15,False,,,
2022,2023,4397151.0,16,11,True,,,
2022,2023,4683952.0,4,4,False,,,
2022,2023,4897229.0,0,12,True,,,
2022,2023,4397023.0,16,2,True,,,
2022,2023,4433563.0,6,1,True,,,
2022,2023,4700818.0,9,2,True,,,
2022,2023,4897411.0,6,4,True,,,
2022,2023,4278255.0,1,1,False,,,
2022,2023,4683135.0,4,4,False,,,
2022,2023,4593749.0,4,10,True,,,
2022,2023,4896379.0,13,12,True,,,
2022,2023,4897929.0,1,7,True,,,
2022,2023,4600663.0,15,15,False,,,
2022,2023,4592249.0,1,7,True,,,
2022,2023,4398108.0,10,0,True,,,
2022,2023,4702351.0,3,3,False,,,
2022,2023,4683865.0,3,4,True,,,
2022,2023,4594120.0,12,1,True,,,
2022,2023,4704109.0,4,4,False,,,
2022,2023,4397819.0,14,3,True,,,
2022,2023,4396697.0,10,7,True,,,
2022,2023,4683147.0,3,7,True,,,
2022,2023,4592722.0,13,13,False,,,
2022,2023,4592295.0,6,16,True,,,
2022,2023,4397550.0,11,5,True,,,
2022,2023,4703126.0,15,16,True,,,
2022,2023,4431843.0,3,3,False,,,
2022,2023,4432982.0,10,4,True,,,
2022,2023,4397186.0,1,2,True,,,
2022,2023,4397702.0,4,4,False,,,
2022,2023,4431758.0,3,1,True,,,
2022,2023,4593016.0,15,15,False,,,
2022,2023,4396688.0,13,7,True,,,
2022,2023,4397697.0,16,16,False,,,
2022,2023,4432454.0,3,12,True,,,
2022,2023,4593028.0,13,17,True,,,
2022,2023,4397191.0,13,12,True,,,
2022,2023,4594254.0,13,12,True,,,
2022,2023,4593017.0,10,7,True,,,
2022,2023,4432188.0,6,15,True,,,
2022,2023,4897287.0,16,6,True,,,
2022,2023,4432638.0,14,14,False,,,
2022,2023,4897256.0,13,0,True,,,
2022,2023,4702028.0,13,12,True,,,
2022,2023,4703221.0,16,16,False,,,
2022,2023,4702017.0,10,11,True,,,
2022,2023,4703921.0,7,3,True,,,
2022,2023,4433161.0,16,6,True,,,
2022,2023,4397655.0,10,10,False,,,
2022,2023,4593038.0,2,16,True,,,
2022,2023,4898331.0,3,3,False,,,
2022,2023,4704097.0,3,3,False,,,
2022,2023,4395669.0,14,14,False,,,
2022,2023,4702743.0,2,10,True,,,
2022,2023,4897240.0,12,13,True,,,
2022,2023,4703600.0,10,17,True,,,
2022,2023,4699582.0,16,16,False,,,
2022,2023,4897987.0,8,3,True,,,
2022,2023,4397332.0,10,14,True,,,
2022,2023,4397137.0,1,17,True,,,
2022,2023,4432250.0,13,13,False,,,
2022,2023,4432203.0,4,4,False,,,
2022,2023,4897214.0,7,13,True,,,
2022,2023,4896949.0,13,12,True,,,
2022,2023,4396747.0,15,2,True,,,
2022,2023,4433127.0,7,10,True,,,
2022,2023,4278350.0,13,17,True,,,
2022,2023,4396791.0,14,14,False,,,
2022,2023,4897933.0,13,12,True,,,
2022,2023,4592444.0,1,14,True,,,
2022,2023,4703521.0,3,3,False,,,
2022,2023,4593308.0,4,4,False,,,
2022,2023,4593116.0,12,17,True,,,
2022,2023,4592617.0,9,15,True,,,
2022,2023,4431943.0,14,14,False,,,
2022,2023,4683631.0,9,9,False,,,
2022,2023,4593840.0,2,2,False,,,
2022,2023,4683803.0,17,17,False,,,
2022,2023,4431932.0,13,13,False,,,
2022,2023,4395623.0,9,9,False,,,
2022,2023,4395684.0,4,10,True,,,
2022,2023,4703983.0,10,10,False,,,
2022,2023,4431695.0,15,15,False,,,
2022,2023,4397675.0,13,12,True,,,
2022,2023,4397999.0,14,14,False,,,
2022,2023,4701208.0,9,9,False,,,
2022,2023,4897551.0,12,4,True,,,
2022,2023,4397089.0,6,1,True,,,
2022,2023,4396953.0,3,14,True,,,
2022,2023,4593126.0,4,17,True,,,
2022,2023,4703683.0,12,4,True,,,
2022,2023,4592935.0,17,4,True,,,
2022,2023,4702674.0,4,12,True,,,
2022,2023,4397148.0,15,15,False,,,
2022,2023,4700856.0,16,9,True,,,
2022,2023,4278574.0,14,14,False,,,
2022,2023,4397945.0,14,3,True,,,
2022,2023,4592778.0,15,15,False,,,
2022,2023,4593372.0,4,4,False,,,
2022,2023,4898190.0,1,4,True,,,
2022,2023,4395703.0,12,12,False,,,
2022,2023,4397355.0,15,15,False,,,
2022,2023,4897088.0,4,4,False,,,
2022,2023,4702970.0,17,13,True,,,
2022,2023,4592682.0,12,13,True,,,
2022,2023,4593691.0,11,6,True,,,
2022,2023,4897852.0,6,10,True,,,
2022,2023,4398208.0,4,14,True,,,
2022,2023,4593240.0,4,17,True,,,
2022,2023,4703266.0,16,16,False,,,
2022,2023,4702875.0,7,13,True,,,
2022,2023,4703016.0,2,10,True,,,
2022,2023,4396763.0,4,4,False,,,
2022,2023,4397106.0,10,6,True,,,
2022,2023,4290822.0,1,9,True,,,
2022,2023,4703889.0,6,10,True,,,
2022,2023,4431710.0,9,9,False,,,
2022,2023,4592852.0,14,4,True,,,
2022,2023,4684448.0,5,11,True,,,
2022,2023,4897357.0,3,14,True,,,
2022,2023,4280280.0,13,13,False,,,
2022,2023,4703231.0,8,13,True,,,
2022,2023,4395892.0,13,12,True,,,
2022,2023,4397371.0,9,9,False,,,
2022,2023,4398203.0,4,4,False,,,
2022,2023,4431953.0,10,13,True,,,
2022,2023,4593145.0,6,15,True,,,
2022,2023,4398355.0,5,10,True,,,
2022,2023,4709131.0,4,4,False,,,
2022,2023,4897958.0,13,4,True,,,
2022,2023,4432939.0,11,11,False,,,
2022,2023,4593827.0,2,9,True,,,
2022,2023,4397485.0,4,4,False,,,
2022,2023,4702487.0,7,17,True,,,
2022,2023,4432934.0,13,13,False,,,
2022,2023,4702352.0,7,3,True,,,
2022,2023,4278704.0,13,17,True,,,
2022,2023,4897718.0,3,12,True,,,
2022,2023,4702113.0,6,6,False,,,
2022,2023,4397234.0,12,12,False,,,
2022,2023,4710770.0,12,4,True,,,
2022,2023,4701120.0,4,14,True,,,
2022,2023,4433527.0,8,6,True,,,
2022,2023,4278567.0,16,16,False,,,
2022,2023,4431807.0,16,0,True,,,
2022,2023,4279195.0,6,6,False,,,
2022,2023,4703525.0,16,16,False,,,
2022,2023,4585617.0,4,4,False,,,
2022,2023,4899535.0,0,13,True,,,
2022,2023,4431925.0,1,0,True,,,
2022,2023,4897382.0,16,10,True,,,
2022,2023,4700969.0,3,3,False,,,
2022,2023,4702699.0,13,13,False,,,
2022,2023,4398092.0,6,15,True,,,
2022,2023,4702995.0,17,17,False,,,
2022,2023,4898213.0,3,4,True,,,
2022,2023,4701245.0,1,1,False,,,
2022,2023,4701845.0,14,14,False,,,
2022,2023,4397838.0,10,13,True,,,
2022,2023,4399102.0,2,5,True,,,
2022,2023,4700859.0,6,15,True,,,
2022,2023,4431987.0,3,3,False,,,
2022,2023,4702774.0,10,15,True,,,
2022,2023,4397471.0,6,10,True,,,
2022,2023,4594119.0,11,6,True,,,
2022,2023,4431903.0,3,4,True,,,
2022,2023,4586322.0,17,17,False,,,
2022,2023,4592965.0,14,14,False,,,
2022,2023,4702126.0,0,13,True,,,
2022,2023,4896994.0,13,13,False,,,
2022,2023,4700996.0,8,12,True,,,
2022,2023,4594111.0,2,15,True,,,
2022,2023,4898266.0,5,11,True,,,
2022,2023,4702873.0,10,15,True,,,
2022,2023,4897157.0,16,10,True,,,
2022,2023,4897864.0,12,8,True,,,
2022,2023,4897696.0,9,9,False,,,
2022,2023,4592491.0,4,4,False,,,
2022,2023,4433009.0,1,3,True,,,
2022,2023,4896621.0,8,7,True,,,
2022,2023,4898210.0,11,15,True,,,
2022,2023,4897265.0,6,6,False,,,
2022,2023,4278445.0,15,11,True,,,
2022,2023,4593683.0,3,17,True,,,
2022,2023,4432057.0,0,4,True,,,
2022,2023,4700839.0,2,16,True,,,
2022,2023,4701219.0,10,17,True,,,
2022,2023,4277988.0,11,16,True,,,
2022,2023,4397727.0,16,11,True,,,
2022,2023,4592273.0,3,4,True,,,
2022,2023,4703146.0,15,5,True,,,
2022,2023,4896536.0,11,11,False,,,
2022,2023,4702044.0,17,13,True,,,
2022,2023,4397079.0,1,10,True,,,
2022,2023,4702353.0,7,4,True,,,
2022,2023,4279530.0,2,10,True,,,
2022,2023,4683750.0,13,17,True,,,
2022,2023,4897202.0,7,7,False,,,
2022,2023,4593869.0,3,3,False,,,
2022,2023,4397348.0,10,10,False,,,
2022,2023,4395632.0,6,15,True,,,
2022,2023,4899526.0,6,6,False,,,
2022,2023,4592182.0,17,13,True,,,
2022,2023,4431831.0,4,4,False,,,
2022,2023,4741885.0,9,16,True,,,
2022,2023,4396012.0,16,11,True,,,
2022,2023,4431818.0,16,16,False,,,
2022,2023,4396676.0,1,10,True,,,
2022,2023,4432089.0,6,5,True,,,
2022,2023,4897724.0,6,16,True,,,
2022,2023,4432036.0,10,10,False,,,
2022,2023,4431704.0,12,17,True,,,
2022,2023,4592915.0,6,10,True,,,
2022,2023,4897639.0,7,7,False,,,
2022,2023,4433607.0,9,15,True,,,
2022,2023,4432954.0,17,17,False,,,
2022,2023,4431777.0,9,9,False,,,
2022,2023,4702961.0,10,10,False,,,
2022,2023,4711679.0,8,8,False,,,
2022,2023,4397596.0,7,0,True,,,
2022,2023,4431973.0,17,17,False,,,
2022,2023,4432021.0,10,6,True,,,
2022,2023,4703394.0,13,13,False,,,
2022,2023,4396639.0,12,4,True,,,
2022,2023,4593682.0,15,6,True,,,
2022,2023,4278365.0,4,13,True,,,
2022,2023,4897509.0,9,1,True,,,
2022,2023,4431718.0,15,15,False,,,
2022,2023,4703886.0,15,2,True,,,
2022,2023,4705377.0,7,3,True,,,
2022,2023,4397105.0,15,9,True,,,
2022,2023,4395617.0,6,10,True,,,
2022,2023,4702971.0,10,15,True,,,
2022,2023,4397250.0,1,13,True,,,
2022,2023,4397704.0,8,7,True,,,
2022,2023,4700841.0,4,13,True,,,
2022,2023,4898175.0,0,8,True,,,
2022,2023,4432208.0,11,16,True,,,
2022,2023,4433168.0,16,0,True,,,
2022,2023,4683861.0,14,3,True,,,
2022,2023,4397118.0,3,3,False,,,
2022,2023,4702973.0,8,10,True,,,
2022,2023,4397116.0,5,2,True,,,
2022,2023,4397400.0,12,13,True,,,
2022,2023,4702775.0,12,12,False,,,
2022,2023,4897517.0,16,2,True,,,
2022,2023,4278125.0,16,2,True,,,
2022,2023,4431936.0,0,0,False,,,
2022,2023,4594265.0,0,12,True,,,
2022,2023,4702498.0,4,1,True,,,
2022,2023,4897984.0,13,0,True,,,
2022,2023,4592903.0,11,11,False,,,
2022,2023,4567711.0,3,14,True,,,
2022,2023,4601289.0,1,14,True,,,
2022,2023,4432401.0,16,15,True,,,
2022,2023,4699725.0,1,14,True,,,
2022,2023,4397659.0,6,13,True,,,
2022,2023,4431746.0,4,4,False,,,
2022,2023,4702382.0,10,10,False,,,
2022,2023,4702371.0,0,13,True,,,
2022,2023,4701233.0,1,14,True,,,
2022,2023,4565203.0,2,9,True,,,
2022,2023,4592296.0,13,17,True,,,
2022,2023,4397206.0,6,15,True,,,
2022,2023,4897162.0,6,10,True,,,
2022,2023,4592605.0,6,10,True,,,
2022,2023,4703836.0,7,7,False,,,
2022,2023,4431889.0,9,16,True,,,
2022,2023,4397046.0,9,9,False,,,
2022,2023,4278934.0,12,13,True,,,
2022,2023,4702996.0,13,12,True,,,
2022,2023,4398356.0,10,10,False,,,
2022,2023,4593336.0,13,12,True,,,
2022,2023,4705373.0,6,15,True,,,
2022,2023,4398275.0,10,6,True,,,
2022,2023,4397128.0,4,14,True,,,
2022,2023,4431761.0,13,13,False,,,
2022,2023,4397358.0,3,3,False,,,
2022,2023,4897346.0,7,7,False,,,
2022,2023,4396804.0,11,9,True,,,
2022,2023,4897872.0,13,4,True,,,
2022,2023,4585618.0,1,14,True,,,
2022,2023,4397216.0,8,8,False,,,
2022,2023,4897294.0,11,11,False,,,
2022,2023,4397564.0,15,9,True,,,
2022,2023,4397236.0,13,13,False,,,
2022,2023,4397265.0,13,17,True,,,
2022,2023,4432195.0,3,3,False,,,
2022,2023,4697269.0,12,7,True,,,
2022,2023,4713010.0,1,6,True,,,
2022,2023,4396948.0,14,4,True,,,
2022,2023,4397208.0,4,14,True,,,
2022,2023,4396579.0,10,6,True,,,
2022,2023,4593718.0,1,0,True,,,
2022,2023,4697268.0,17,17,False,,,
2022,2023,4433281.0,10,10,False,,,
2022,2023,4433108.0,10,13,True,,,
2022,2023,4395650.0,10,10,False,,,
2022,2023,4397980.0,11,15,True,,,
2022,2023,4432920.0,1,1,False,,,
2022,2023,4702687.0,8,16,True,,,
2022,2023,4432008.0,13,17,True,,,
2022,2023,4702952.0,11,16,True,,,
2022,2023,4398399.0,13,13,False,,,
2022,2023,4701991.0,4,14,True,,,
2022,2023,4431734.0,16,15,True,,,
2022,2023,4897224.0,0,4,True,,,
2022,2023,4897656.0,8,8,False,,,
2022,2023,4703098.0,15,15,False,,,
2022,2023,4702975.0,13,12,True,,,
2022,2023,4592893.0,13,17,True,,,
2022,2023,4703134.0,11,11,False,,,
2022,2023,4706557.0,17,17,False,,,
2022,2023,4280299.0,14,14,False,,,
2022,2023,4279754.0,14,14,False,,,
2022,2023,4397989.0,3,3,False,,,
2022,2023,4397353.0,14,14,False,,,
2022,2023,4896859.0,13,13,False,,,
2022,2023,4397519.0,3,10,True,,,
2022,2023,4897338.0,8,3,True,,,
2022,2023,4398213.0,15,1,True,,,
2022,2023,4701182.0,9,15,True,,,
2022,2023,4432818.0,13,12,True,,,
2022,2023,4431698.0,4,4,False,,,
2022,2023,4702189.0,6,3,True,,,
2022,2023,4432946.0,10,10,False,,,
2022,2023,4703184.0,8,10,True,,,
2022,2023,4397449.0,1,14,True,,,
2022,2023,4277945.0,9,9,False,,,
2022,2023,4397154.0,16,11,True,,,
2022,2023,4702934.0,12,4,True,,,
2022,2023,4593988.0,6,6,False,,,
2022,2023,4293886.0,13,14,True,,,
2022,2023,4279122.0,1,1,False,,,
2022,2023,4398004.0,17,17,False,,,
2022,2023,4683940.0,4,14,True,,,
2022,2023,4295180.0,10,10,False,,,
2022,2023,4897149.0,4,4,False,,,
2022,2023,4397676.0,4,4,False,,,
2022,2023,4898116.0,10,6,True,,,
2022,2023,4592841.0,7,12,True,,,
2022,2023,4585611.0,16,2,True,,,
2022,2023,4897761.0,3,3,False,,,
2022,2023,4593277.0,16,5,True,,,
2022,2023,4592205.0,1,6,True,,,
2022,2023,4896481.0,11,11,False,,,
2022,2023,4398190.0,16,15,True,,,
2022,2023,4700530.0,16,2,True,,,
2022,2023,4397691.0,2,5,True,,,
2022,2023,4593129.0,7,7,False,,,
2022,2023,4702702.0,1,1,False,,,
2022,2023,4897139.0,3,3,False,,,
2022,2023,4431724.0,1,9,True,,,
2022,2023,4593256.0,10,6,True,,,
2022,2023,4397787.0,15,10,True,,,
2022,2023,4592966.0,1,1,False,,,
2022,2023,4432847.0,1,14,True,,,
2022,2023,4432680.0,11,16,True,,,
2022,2023,4431902.0,10,10,False,,,
2022,2023,4593355.0,10,0,True,,,
2022,2023,4592671.0,9,2,True,,,
2022,2023,4431765.0,13,4,True,,,
2022,2023,4433011.0,0,13,True,,,
2022,2023,4597790.0,17,13,True,,,
2022,2023,4432181.0,10,10,False,,,
2022,2023,4593968.0,16,2,True,,,
2022,2023,4432139.0,11,2,True,,,
2022,2023,4592733.0,10,10,False,,,
2022,2023,4703194.0,3,12,True,,,
2022,2023,4398163.0,6,6,False,,,
2022,2023,4898258.0,16,2,True,,,
2022,2023,4431774.0,4,3,True,,,
2022,2023,4592754.0,16,16,False,,,
2022,2023,4606837.0,3,4,True,,,
2022,2023,4397601.0,13,13,False,,,
2022,2023,4701160.0,7,7,False,,,
2022,2023,4703132.0,16,11,True,,,
2022,2023,4432971.0,13,17,True,,,
2022,2023,4280267.0,14,14,False,,,
2022,2023,4397778.0,4,4,False,,,
2022,2023,4433018.0,2,5,True,,,
2022,2023,4702765.0,2,5,True,,,
2022,2023,4602024.0,13,13,False,,,
2022,2023,4396569.0,6,17,True,,,
2022,2023,4431764.0,2,2,False,,,
2022,2023,4594264.0,6,6,False,,,
2022,2023,4432191.0,6,17,True,,,
2022,2023,4279696.0,1,1,False,,,
2022,2023,4705894.0,4,3,True,,,
2022,2023,4709454.0,0,13,True,,,
2022,2023,4897337.0,3,3,False,,,
2022,2023,4431674.0,15,15,False,,,
2022,2023,4432200.0,13,3,True,,,
2022,2023,4703885.0,4,1,True,,,
2022,2023,4898237.0,1,1,False,,,
2022,2023,4593081.0,13,12,True,,,
2022,2023,4396679.0,4,14,True,,,
2022,2023,4592439.0,3,7,True,,,
2022,2023,4692907.0,3,3,False,,,
2022,2023,4397076.0,6,15,True,,,
2022,2023,4702520.0,16,16,False,,,
2022,2023,4702120.0,16,15,True,,,
2022,2023,4601026.0,1,10,True,,,
2022,2023,4897055.0,16,10,True,,,
2022,2023,4703538.0,10,1,True,,,
2022,2023,4433166.0,11,16,True,,,
2022,2023,4593089.0,2,2,False,,,
2022,2023,4397470.0,10,6,True,,,
2022,2023,4593967.0,4,4,False,,,
2022,2023,4896531.0,3,4,True,,,
2022,2023,4397185.0,12,17,True,,,
2022,2023,4897654.0,3,14,True,,,
2022,2023,4431837.0,15,10,True,,,
2022,2023,4397690.0,3,3,False,,,
2022,2023,4397133.0,10,10,False,,,
2022,2023,4701228.0,16,16,False,,,
2022,2023,4396656.0,14,14,False,,,
2022,2023,4897712.0,8,3,True,,,
2022,2023,4395681.0,1,10,True,,,
2022,2023,4897155.0,3,3,False,,,
2022,2023,4897004.0,2,9,True,,,
2022,2023,4593093.0,13,4,True,,,
2022,2023,4397000.0,6,4,True,,,
2022,2023,4593417.0,3,12,True,,,
2022,2023,4837238.0,10,10,False,,,
2022,2023,4896538.0,13,13,False,,,
2022,2023,4602029.0,4,4,False,,,
2022,2023,4431684.0,9,15,True,,,
2022,2023,4280029.0,6,10,True,,,
2022,2023,4398037.0,7,1,True,,,
2022,2023,4433221.0,3,8,True,,,
2022,2023,4432872.0,10,15,True,,,
2022,2023,4701995.0,3,14,True,,,
2022,2023,4431776.0,10,10,False,,,
2022,2023,4280208.0,4,14,True,,,
2022,2023,4702466.0,10,0,True,,,
2022,2023,4397060.0,4,4,False,,,
2022,2023,4593397.0,13,12,True,,,
2022,2023,4431820.0,16,6,True,,,
2022,2023,4593730.0,4,4,False,,,
2022,2023,4397537.0,4,14,True,,,
2022,2023,4405290.0,13,6,True,,,
2022,2023,4703241.0,2,10,True,,,
2022,2023,4623861.0,7,7,False,,,
2022,2023,4597990.0,4,12,True,,,
2022,2023,4593351.0,4,4,False,,,
2022,2023,4703242.0,2,2,False,,,
2022,2023,4897894.0,13,17,True,,,
2022,2023,4398397.0,13,13,False,,,
2022,2023,4433589.0,12,12,False,,,
2022,2023,4703922.0,16,16,False,,,
2022,2023,4897296.0,4,4,False,,,
2022,2023,4432483.0,9,9,False,,,
2022,2023,4897293.0,6,16,True,,,
2022,2023,4897215.0,3,4,True,,,
2022,2023,4897242.0,4,14,True,,,
2022,2023,4703621.0,12,12,False,,,
2022,2023,4703423.0,6,6,False,,,
2022,2023,4396677.0,4,14,True,,,
2022,2023,4398300.0,4,17,True,,,
2022,2023,4396933.0,15,15,False,,,
2022,2023,4897907.0,11,11,False,,,
2022,2023,4702666.0,8,7,True,,,
2022,2023,4701172.0,17,17,False,,,
2022,2023,4612161.0,4,12,True,,,
2022,2023,4397654.0,4,14,True,,,
2022,2023,4397031.0,0,16,True,,,
2022,2023,4683836.0,8,13,True,,,
2022,2023,4700870.0,10,15,True,,,
2022,2023,4593334.0,6,10,True,,,
2022,2023,4703552.0,12,12,False,,,
2022,2023,4431739.0,16,5,True,,,
2022,2023,4278395.0,10,10,False,,,
2022,2023,4702065.0,4,7,True,,,
2022,2023,4592701.0,4,7,True,,,
2022,2023,4592260.0,8,8,False,,,
2022,2023,4898073.0,8,12,True,,,
2022,2023,4592600.0,6,15,True,,,
2022,2023,4432313.0,16,2,True,,,
2022,2023,4702967.0,12,12,False,,,
2022,2023,4897483.0,7,10,True,,,
2022,2023,4592609.0,11,11,False,,,
2022,2023,4278121.0,15,6,True,,,
2022,2023,4897695.0,13,12,True,,,
2022,2023,4431872.0,15,9,True,,,
2022,2023,4703131.0,3,3,False,,,
2022,2023,4897981.0,11,16,True,,,
2022,2023,4593882.0,2,0,True,,,
2022,2023,4703234.0,6,6,False,,,
2022,2023,4897538.0,13,7,True,,,
2022,2023,4585590.0,8,7,True,,,
2022,2023,4594013.0,6,16,True,,,
2022,2023,4397122.0,2,2,False,,,
2022,2023,4897562.0,12,4,True,,,
2022,2023,4585606.0,12,17,True,,,
2022,2023,4897604.0,4,4,False,,,
2022,2023,4897995.0,10,10,False,,,
2022,2023,4897331.0,16,16,False,,,
2022,2023,4703680.0,1,1,False,,,
2022,2023,4703575.0,15,15,False,,,
2022,2023,4567588.0,10,10,False,,,
2022,2023,4433083.0,14,1,True,,,
2022,2023,4396608.0,1,14,True,,,
2022,2023,4431805.0,2,11,True,,,
2022,2023,4898282.0,3,3,False,,,
2022,2023,4703183.0,6,6,False,,,
2022,2023,4702357.0,17,0,True,,,
2022,2023,4432193.0,11,15,True,,,
2022,2023,4702482.0,4,4,False,,,
2022,2023,4433569.0,9,9,False,,,
2022,2023,4396818.0,10,10,False,,,
2022,2023,4702679.0,16,2,True,,,
2022,2023,4398306.0,0,10,True,,,
2022,2023,4593143.0,1,13,True,,,
2022,2023,4396968.0,15,15,False,,,
2022,2023,4703541.0,10,10,False,,,
2022,2023,4398007.0,4,4,False,,,
2022,2023,4897379.0,7,13,True,,,
2022,2023,4601286.0,13,4,True,,,
2022,2023,4700953.0,9,9,False,,,
2022,2023,4395692.0,5,5,False,,,
2022,2023,4592922.0,16,6,True,,,
2022,2023,4398293.0,0,0,False,,,
2022,2023,4397715.0,12,13,True,,,
2022,2023,4703125.0,13,17,True,,,
2022,2023,4278373.0,17,4,True,,,
2022,2023,4593753.0,5,5,False,,,
2022,2023,4396578.0,6,7,True,,,
2022,2023,4592996.0,13,13,False,,,
2022,2023,4280014.0,15,6,True,,,
2022,2023,4701211.0,4,3,True,,,
2022,2023,4683633.0,4,4,False,,,
2022,2023,4702071.0,16,15,True,,,
2022,2023,4431737.0,10,10,False,,,
2022,2023,4396017.0,13,12,True,,,
2022,2023,4593839.0,13,13,False,,,
2022,2023,4897614.0,4,4,False,,,
2022,2023,4703899.0,1,8,True,,,
2022,2023,4602027.0,1,1,False,,,
2022,2023,4702058.0,15,15,False,,,
2022,2023,4593924.0,14,17,True,,,
2022,2023,4397066.0,14,14,False,,,
2022,2023,4611534.0,17,1,True,,,
2022,2023,4897135.0,16,5,True,,,
2022,2023,4701984.0,16,2,True,,,
2022,2023,4397862.0,12,4,True,,,
2022,2023,4594126.0,14,14,False,,,
2022,2023,4397790.0,4,4,False,,,
2022,2023,4897608.0,11,16,True,,,
2022,2023,4702504.0,3,14,True,,,
2022,2023,4397198.0,7,17,True,,,
2022,2023,4279561.0,1,1,False,,,
2022,2023,4702104.0,6,4,True,,,
2022,2023,4397833.0,12,4,True,,,
2022,2023,4279531.0,17,6,True,,,
2022,2023,4896372.0,14,14,False,,,
2022,2023,4432136.0,2,2,False,,,
2022,2023,4593313.0,10,10,False,,,
2022,2023,4396774.0,11,2,True,,,
2022,2023,4703982.0,10,1,True,,,
2022,2023,4896537.0,11,6,True,,,
2022,2023,4684445.0,10,15,True,,,
2022,2023,4683730.0,1,1,False,,,
2022,2023,4431728.0,6,15,True,,,
2022,2023,4403367.0,6,4,True,,,
2022,2023,4592970.0,11,11,False,,,
2022,2023,4700848.0,12,13,True,,,
2022,2023,4701159.0,6,4,True,,,
2022,2023,4702432.0,1,15,True,,,
2022,2023,4397685.0,1,10,True,,,
2022,2023,4397641.0,6,6,False,,,
2022,2023,4433616.0,3,14,True,,,
2022,2023,4593307.0,0,7,True,,,
2022,2023,4278644.0,13,17,True,,,
2022,2023,4431832.0,15,15,False,,,
2022,2023,4593080.0,4,4,False,,,
2022,2023,4433195.0,8,4,True,,,
2022,2023,4592827.0,14,4,True,,,
2022,2023,4280039.0,10,6,True,,,
2022,2023,4432930.0,12,4,True,,,
2022,2023,4897669.0,14,3,True,,,
2022,2023,4706679.0,9,16,True,,,
2022,2023,4431923.0,10,10,False,,,
2022,2023,4702491.0,4,4,False,,,
2022,2023,4431875.0,17,12,True,,,
2022,2023,4703924.0,13,13,False,,,
2022,2023,4397726.0,1,1,False,,,
2022,2023,4432441.0,9,10,True,,,
2022,2023,4431787.0,3,3,False,,,
2022,2023,4592655.0,1,1,False,,,
2022,2023,4703110.0,6,6,False,,,
2022,2023,4398390.0,14,14,False,,,
2022,2023,4397987.0,10,6,True,,,
2022,2023,4398060.0,4,4,False,,,
2022,2023,4397774.0,4,13,True,,,
2022,2023,4703015.0,15,15,False,,,
2022,2023,4593756.0,13,13,False,,,
2022,2023,4703701.0,6,6,False,,,
2022,2023,4396807.0,14,14,False,,,
2022,2023,4396592.0,4,4,False,,,
2022,2023,4592747.0,2,15,True,,,
2022,2023,4897640.0,6,6,False,,,
2022,2023,4897526.0,13,13,False,,,
2022,2023,4594148.0,0,15,True,,,
2022,2023,4703691.0,1,3,True,,,
2022,2023,4896875.0,6,11,True,,,
2022,2023,4397180.0,6,10,True,,,
2022,2023,4896946.0,10,11,True,,,
2022,2023,4433119.0,2,16,True,,,
2022,2023,4898188.0,17,17,False,,,
2022,2023,4432888.0,11,5,True,,,
2022,2023,4703629.0,3,14,True,,,
2022,2023,4278281.0,13,17,True,,,
2022,2023,4897090.0,3,3,False,,,
2022,2023,4593131.0,11,5,True,,,
2022,2023,4702509.0,12,6,True,,,
2022,2023,4702236.0,10,6,True,,,
2022,2023,4896615.0,1,4,True,,,
2022,2023,4703115.0,12,13,True,,,
2022,2023,4433629.0,3,4,True,,,
2022,2023,4705304.0,12,7,True,,,
2022,2023,4702106.0,13,17,True,,,
2022,2023,4703810.0,6,10,True,,,
2022,2023,4701846.0,10,10,False,,,
2022,2023,4703167.0,12,7,True,,,
2022,2023,4897313.0,6,6,False,,,
2022,2023,4592869.0,3,3,False,,,
2022,2023,4594037.0,1,4,True,,,
2022,2023,4397710.0,1,1,False,,,
2022,2023,4432435.0,4,13,True,,,
2022,2023,4397602.0,1,1,False,,,
2022,2023,4897563.0,16,16,False,,,
2022,2023,4897447.0,13,0,True,,,
2022,2023,4280214.0,12,4,True,,,
2022,2023,4397101.0,14,14,False,,,
2022,2023,4396951.0,11,6,True,,,
2022,2023,4398075.0,3,3,False,,,
2022,2023,4897018.0,4,14,True,,,
2022,2023,4897237.0,12,12,False,,,
2022,2023,4898371.0,15,16,True,,,
2022,2023,4687376.0,12,16,True,,,
2022,2023,4398404.0,4,17,True,,,
2022,2023,4899807.0,3,3,False,,,
2022,2023,4397099.0,10,10,False,,,
2022,2023,4686333.0,0,7,True,,,
2022,2023,4594012.0,3,7,True,,,
2022,2023,4897456.0,11,16,True,,,
2022,2023,4432026.0,10,0,True,,,
2022,2023,4590360.0,13,4,True,,,
2022,2023,4590364.0,1,6,True,,,
2022,2023,4279514.0,10,0,True,,,
2022,2023,4397131.0,17,17,False,,,
2022,2023,4593762.0,9,9,False,,,
2022,2023,4398226.0,15,15,False,,,
2022,2023,4432877.0,6,6,False,,,
2022,2023,4280279.0,16,15,True,,,
2022,2023,4396594.0,10,15,True,,,
2022,2023,4431949.0,12,13,True,,,
2022,2023,4593721.0,13,0,True,,,
2022,2023,4397732.0,14,4,True,,,
2022,2023,4431792.0,14,14,False,,,
2022,2023,4593830.0,3,4,True,,,
2022,2023,4431950.0,13,13,False,,,
2022,2023,4897689.0,8,16,True,,,
2022,2023,4432150.0,12,17,True,,,
2022,2023,4396975.0,6,6,False,,,
2022,2023,4702738.0,17,13,True,,,
2022,2023,4279317.0,4,4,False,,,
2022,2023,4431763.0,14,14,False,,,
2022,2023,4433229.0,11,9,True,,,
2022,2023,4897670.0,2,15,True,,,
2022,2023,4398206.0,14,14,False,,,
2022,2023,4432550.0,14,14,False,,,
2022,2023,4713935.0,15,15,False,,,
2022,2023,4395700.0,6,3,True,,,
2022,2023,4592262.0,14,14,False,,,
2022,2023,4592448.0,0,15,True,,,
2022,2023,4397436.0,2,10,True,,,
2022,2023,4694228.0,1,0,True,,,
2022,2023,4397650.0,4,17,True,,,
2022,2023,4897300.0,15,15,False,,,
2022,2023,4704077.0,1,6,True,,,
2022,2023,4431808.0,0,7,True,,,
2022,2023,4897641.0,10,1,True,,,
2022,2023,4398199.0,7,4,True,,,
2022,2023,4703685.0,11,5,True,,,
2022,2023,4397224.0,9,9,False,,,
2022,2023,4703923.0,16,15,True,,,
2022,2023,4396001.0,6,6,False,,,
2022,2023,4396570.0,13,0,True,,,
2022,2023,4280289.0,2,2,False,,,
2022,2023,4897542.0,12,8,True,,,
2022,2023,4704088.0,17,0,True,,,
2022,2023,4279701.0,16,2,True,,,
2022,2023,4702530.0,7,10,True,,,
2022,2023,4702647.0,6,6,False,,,
2022,2023,4398281.0,0,4,True,,,
2022,2023,4397832.0,4,4,False,,,
2022,2023,4398408.0,5,5,False,,,
2022,2023,4431856.0,12,12,False,,,
2022,2023,4431915.0,4,4,False,,,
2022,2023,4397753.0,7,4,True,,,
2022,2023,4432849.0,14,1,True,,,
2022,2023,4703112.0,10,10,False,,,
2022,2023,4606836.0,2,5,True,,,
2022,2023,4432130.0,10,6,True,,,
2022,2023,4683862.0,3,14,True,,,
2022,2023,4278533.0,10,10,False,,,
2022,2023,4702493.0,7,12,True,,,
2022,2023,4897477.0,12,4,True,,,
2022,2023,4897990.0,7,6,True,,,
2022,2023,4280015.0,16,10,True,,,
2022,2023,4592906.0,7,7,False,,,
2022,2023,4431824.0,2,2,False,,,
2022,2023,4396652.0,11,16,True,,,
2022,2023,4279481.0,1,1,False,,,
2022,2023,4701318.0,6,10,True,,,
2022,2023,4593285.0,7,7,False,,,
2022,2023,4432169.0,10,10,False,,,
2022,2023,4683737.0,17,13,True,,,
2022,2023,4398106.0,6,7,True,,,
2022,2023,4278729.0,4,4,False,,,
2022,2023,4712863.0,16,15,True,,,
2022,2023,4703815.0,16,16,False,,,
2022,2023,4683676.0,8,12,True,,,
2022,2023,4897176.0,3,4,True,,,
2022,2023,4897812.0,16,15,True,,,
2022,2023,4398304.0,10,10,False,,,
2022,2023,4709141.0,17,13,True,,,
2022,2023,4703220.0,7,14,True,,,
2022,2023,4601025.0,10,10,False,,,
2022,2023,4593449.0,13,4,True,,,
2022,2023,4279796.0,6,10,True,,,
2022,2023,4702499.0,16,15,True,,,
2022,2023,4589483.0,6,1,True,,,
2022,2023,4709132.0,3,14,True,,,
2022,2023,4280181.0,4,10,True,,,
2022,2023,4593119.0,13,10,True,,,
2022,2023,4702013.0,16,0,True,,,
2022,2023,4897514.0,13,13,False,,,
2022,2023,4897557.0,3,3,False,,,
2022,2023,4397401.0,12,4,True,,,
2022,2023,4702976.0,2,11,True,,,
2022,2023,4431961.0,10,10,False,,,
2022,2023,4432866.0,9,9,False,,,
2022,2023,4067219.0,12,4,True,,,
2022,2023,4432512.0,9,9,False,,,
2022,2023,4592950.0,1,1,False,,,
2022,2023,4593722.0,2,5,True,,,
2022,2023,4397481.0,16,10,True,,,
2022,2023,4897649.0,4,4,False,,,
2022,2023,4701199.0,12,6,True,,,
2022,2023,4703144.0,8,6,True,,,
2022,2023,4693954.0,6,10,True,,,
2022,2023,4602025.0,1,1,False,,,
2022,2023,4897686.0,15,10,True,,,
2022,2023,4896936.0,8,10,True,,,
2022,2023,4593989.0,3,3,False,,,
2022,2023,4897000.0,16,5,True,,,
2022,2023,4897449.0,10,10,False,,,
2022,2023,4278583.0,13,13,False,,,
2022,2023,4593259.0,2,16,True,,,
2022,2023,4432182.0,1,6,True,,,
2022,2023,4702288.0,13,1,True,,,
2022,2023,4702503.0,16,15,True,,,
2022,2023,4278139.0,3,3,False,,,
2022,2023,4432121.0,4,13,True,,,
2022,2023,4433245.0,4,4,False,,,
2022,2023,4432402.0,12,13,True,,,
2022,2023,4702956.0,1,0,True,,,
2022,2023,4896465.0,6,10,True,,,
2022,2023,4279462.0,1,14,True,,,
2022,2023,4395633.0,10,10,False,,,
2022,2023,4701158.0,12,13,True,,,
2022,2023,4585866.0,13,6,True,,,
2022,2023,4592283.0,6,6,False,,,
2022,2023,4702602.0,10,10,False,,,
2022,2023,4703116.0,5,5,False,,,
2022,2023,4396576.0,12,13,True,,,
2022,2023,4896970.0,6,14,True,,,
2022,2023,4592957.0,2,9,True,,,
2022,2023,4590397.0,8,3,True,,,
2022,2023,4896504.0,7,8,True,,,
2022,2023,4703435.0,8,3,True,,,
2022,2023,4703540.0,10,10,False,,,
2022,2023,4897191.0,11,16,True,,,
2022,2023,4279105.0,7,7,False,,,
2022,2023,4898242.0,4,14,True,,,
2022,2023,4592912.0,0,13,True,,,
2022,2023,4592709.0,17,13,True,,,
2022,2023,4702196.0,1,10,True,,,
2022,2023,4703693.0,5,5,False,,,
2022,2023,4433144.0,4,4,False,,,
2022,2023,4397204.0,15,9,True,,,
2022,2023,4432443.0,13,7,True,,,
2022,2023,4701238.0,6,6,False,,,
2022,2023,4897167.0,6,6,False,,,
2022,2023,4432180.0,15,15,False,,,
2022,2023,4397447.0,6,6,False,,,
2022,2023,4431957.0,13,12,True,,,
2022,2023,4702134.0,15,15,False,,,
2022,2023,4702997.0,15,15,False,,,
2022,2023,4398323.0,16,11,True,,,
2022,2023,4431991.0,11,9,True,,,
2022,2023,4703434.0,13,0,True,,,
2022,2023,4433177.0,6,1,True,,,
2022,2023,4898380.0,3,7,True,,,
2022,2023,4593851.0,10,15,True,,,
2022,2023,4702670.0,10,15,True,,,
2022,2023,4703253.0,0,13,True,,,
2022,2023,4702512.0,12,10,True,,,
2022,2023,4431794.0,14,4,True,,,
2022,2023,4397854.0,1,13,True,,,
2022,2023,4278490.0,6,15,True,,,
2022,2023,4703172.0,12,7,True,,,
2022,2023,4593120.0,15,15,False,,,
2022,2023,4593752.0,4,14,True,,,
2022,2023,4397759.0,1,10,True,,,
2022,2023,4397617.0,5,2,True,,,
2022,2023,4278512.0,0,17,True,,,
2022,2023,4594110.0,10,6,True,,,
2022,2023,4898009.0,11,6,True,,,
2022,2023,4432068.0,15,15,False,,,
2022,2023,4702061.0,4,4,False,,,
2022,2023,4703178.0,7,12,True,,,
2022,2023,4897581.0,8,3,True,,,
2022,2023,4279448.0,10,10,False,,,
2022,2023,4397802.0,12,12,False,,,
2022,2023,4397249.0,1,1,False,,,
2022,2023,4397238.0,13,1,True,,,
2022,2023,4700963.0,11,16,True,,,
2022,2023,4702068.0,16,16,False,,,
2022,2023,4278113.0,2,15,True,,,
2022,2023,4397868.0,15,16,True,,,
2022,2023,4397530.0,9,9,False,,,
2022,2023,4431959.0,17,13,True,,,
2022,2023,4432918.0,13,13,False,,,
2022,2023,4432187.0,1,14,True,,,
2022,2023,4702675.0,13,13,False,,,
2022,2023,4703831.0,4,13,True,,,
2022,2023,4432042.0,4,7,True,,,
2022,2023,4432204.0,16,11,True,,,
2022,2023,4398180.0,17,13,True,,,
2022,2023,4397051.0,15,16,True,,,
2022,2023,4589480.0,13,13,False,,,
2022,2023,4700843.0,7,7,False,,,
2022,2023,4592665.0,3,3,False,,,
2022,2023,4702431.0,15,5,True,,,
2022,2023,4592214.0,2,10,True,,,
2022,2023,4397112.0,6,6,False,,,
2022,2023,4590400.0,3,3,False,,,
2022,2023,4397104.0,10,10,False,,,
2022,2023,4396776.0,6,10,True,,,
2022,2023,4396952.0,12,6,True,,,
2022,2023,4897280.0,6,10,True,,,
2022,2023,4684809.0,3,14,True,,,
2022,2023,4703380.0,14,4,True,,,
2022,2023,4395701.0,1,7,True,,,
2022,2023,4702478.0,7,13,True,,,
2022,2023,4397152.0,6,10,True,,,
2022,2023,4703868.0,14,14,False,,,
2022,2023,4897277.0,4,17,True,,,
2022,2023,4594014.0,12,4,True,,,
2022,2023,4703420.0,14,1,True,,,
2022,2023,4433277.0,12,7,True,,,
2022,2023,4683949.0,1,0,True,,,
2022,2023,4896530.0,3,12,True,,,
2022,2023,4703703.0,13,7,True,,,
2022,2023,4897464.0,14,14,False,,,
2022,2023,4702251.0,16,16,False,,,
2022,2023,4702496.0,5,16,True,,,
2022,2023,4702626.0,4,4,False,,,
2022,2023,4703386.0,8,3,True,,,
2022,2023,4398354.0,10,13,True,,,
2022,2023,4592209.0,7,8,True,,,
2022,2023,4700873.0,11,6,True,,,
2022,2023,4702103.0,16,11,True,,,
2022,2023,4433614.0,3,7,True,,,
2022,2023,4593807.0,13,13,False,,,
2022,2023,4592306.0,13,17,True,,,
2022,2023,4432932.0,4,4,False,,,
2022,2023,4592720.0,11,9,True,,,
2022,2023,4593043.0,17,10,True,,,
2022,2023,4278643.0,13,10,True,,,
2022,2023,4896997.0,10,10,False,,,
2022,2023,4278066.0,16,16,False,,,
2022,2023,4396657.0,10,10,False,,,
2022,2023,4288068.0,4,17,True,,,
2022,2023,4593149.0,6,6,False,,,
2022,2023,4897397.0,6,10,True,,,
2022,2023,4702930.0,16,0,True,,,
2022,2023,4431770.0,4,4,False,,,
2022,2023,4433160.0,3,8,True,,,
2022,2023,4433566.0,14,14,False,,,
2022,2023,4702521.0,3,3,False,,,
2022,2023,4690767.0,0,7,True,,,
2022,2023,4897375.0,1,13,True,,,
2022,2023,4896984.0,11,5,True,,,
2022,2023,4897282.0,4,13,True,,,
2022,2023,4581506.0,0,13,True,,,
2022,2023,4837237.0,8,1,True,,,
2022,2023,4575108.0,16,15,True,,,
2022,2023,4593409.0,2,10,True,,,
2022,2023,4280268.0,13,10,True,,,
2022,2023,4395673.0,1,3,True,,,
2022,2023,4592961.0,16,5,True,,,
2022,2023,4575472.0,8,6,True,,,
2022,2023,4705266.0,6,6,False,,,
2022,2023,4593263.0,10,10,False,,,
2022,2023,4397707.0,6,6,False,,,
2022,2023,4431700.0,10,6,True,,,
2022,2023,4592954.0,3,3,False,,,
2022,2023,4897498.0,13,0,True,,,
2022,2023,4702155.0,2,2,False,,,
2022,2023,4398165.0,5,11,True,,,
2022,2023,4683751.0,14,4,True,,,
2022,2023,4433599.0,6,6,False,,,
2022,2023,4701837.0,12,4,True,,,
2022,2023,4702105.0,3,3,False,,,
2022,2023,4702218.0,8,7,True,,,
2022,2023,4897007.0,6,6,False,,,
2022,2023,4432852.0,10,6,True,,,
2022,2023,4280163.0,13,12,True,,,
2022,2023,4397741.0,3,3,False,,,
2022,2023,4397880.0,7,12,True,,,
2022,2023,4896928.0,7,6,True,,,
2022,2023,4431954.0,12,0,True,,,
2022,2023,4898217.0,7,14,True,,,
2022,2023,4396966.0,11,16,True,,,
2022,2023,4897146.0,2,16,True,,,
2022,2023,4593063.0,12,4,True,,,
2022,2023,4702387.0,7,7,False,,,
2022,2023,4398070.0,4,13,True,,,
2022,2023,4704083.0,12,12,False,,,
2022,2023,4896850.0,3,14,True,,,
2022,2023,4593075.0,6,6,False,,,
2022,2023,4394666.0,4,4,False,,,
2022,2023,4432070.0,6,4,True,,,
2022,2023,4896463.0,6,4,True,,,
2022,2023,4431816.0,9,9,False,,,
2022,2023,4897249.0,10,1,True,,,
2022,2023,4598640.0,10,10,False,,,
2022,2023,4702721.0,10,6,True,,,
2022,2023,4592657.0,10,10,False,,,
2022,2023,4702759.0,14,4,True,,,
2022,2023,4397049.0,14,4,True,,,
2022,2023,4702078.0,8,1,True,,,
2022,2023,4703879.0,4,4,False,,,
2022,2023,4590356.0,7,4,True,,,
2022,2023,4403467.0,9,9,False,,,
2022,2023,4703139.0,12,4,True,,,
2022,2023,4592438.0,12,3,True,,,
2022,2023,4593712.0,4,4,False,,,
2022,2023,4703000.0,7,14,True,,,
2022,2023,4898119.0,14,3,True,,,
2022,2023,4898186.0,6,10,True,,,
2022,2023,4408086.0,6,2,True,,,
2022,2023,4897433.0,13,17,True,,,
2022,2023,4593841.0,10,10,False,,,
2022,2023,4683753.0,12,7,True,,,
2022,2023,4898267.0,4,14,True,,,
2022,2023,4606833.0,8,17,True,,,
2022,2023,4431877.0,12,7,True,,,
2022,2023,4396762.0,7,12,True,,,
2022,2023,4397958.0,11,16,True,,,
2022,2023,4592846.0,1,14,True,,,
2022,2023,4593444.0,4,4,False,,,
2022,2023,4701192.0,15,9,True,,,
2022,2023,4702495.0,6,6,False,,,
2022,2023,4897572.0,1,2,True,,,
2022,2023,4592953.0,7,16,True,,,
2022,2023,4432363.0,1,4,True,,,
2022,2023,4701028.0,8,1,True,,,
2022,2023,4398029.0,3,4,True,,,
2022,2023,4397595.0,4,4,False,,,
2022,2023,4592703.0,15,15,False,,,
2022,2023,4702074.0,13,13,False,,,
2022,2023,4703379.0,7,7,False,,,
2022,2023,4897145.0,4,14,True,,,
2022,2023,4397167.0,10,10,False,,,
2022,2023,4592697.0,3,3,False,,,
2022,2023,4397708.0,11,5,True,,,
2022,2023,4593454.0,16,16,False,,,
2022,2023,4592271.0,10,10,False,,,
2022,2023,4431974.0,6,10,True,,,
2022,2023,4897999.0,17,17,False,,,
2022,2023,4593680.0,16,5,True,,,
2022,2023,4703914.0,11,15,True,,,
2022,2023,4592975.0,1,3,True,,,
2022,2023,4397233.0,15,10,True,,,
2022,2023,4433135.0,4,4,False,,,
2022,2023,4701206.0,9,9,False,,,
2022,2023,4702648.0,4,4,False,,,
2022,2023,4703170.0,11,11,False,,,
2022,2023,4702954.0,4,4,False,,,
2022,2023,4593087.0,17,17,False,,,
2022,2023,4593676.0,10,6,True,,,
2022,2023,4703008.0,0,10,True,,,
2022,2023,4279878.0,6,15,True,,,
2022,2023,4703532.0,0,17,True,,,
2022,2023,4277950.0,13,17,True,,,
2022,2023,4702092.0,16,6,True,,,
2022,2023,4432031.0,10,10,False,,,
2022,2023,4397380.0,6,6,False,,,
2022,2023,4592579.0,4,17,True,,,
2022,2023,4397783.0,13,4,True,,,
2022,2023,4396777.0,1,12,True,,,
2022,2023,4702052.0,5,7,True,,,
2022,2023,4897173.0,16,3,True,,,
2022,2023,4703072.0,12,6,True,,,
2022,2023,4897326.0,2,11,True,,,
2022,2023,4897218.0,11,6,True,,,
2022,2023,4431732.0,3,12,True,,,
2022,2023,4897348.0,10,10,False,,,
2022,2023,4703576.0,9,9,False,,,
2022,2023,4398217.0,11,16,True,,,
2022,2023,4432185.0,11,1,True,,,
2022,2023,4702655.0,1,1,False,,,
2022,2023,4703377.0,4,12,True,,,
2022,2023,4431834.0,6,1,True,,,
2022,2023,4397745.0,4,14,True,,,
2022,2023,4431804.0,1,1,False,,,
2022,2023,4432190.0,1,1,False,,,
2022,2023,4896973.0,9,9,False,,,
2022,2023,4432117.0,14,14,False,,,
2022,2023,4702628.0,4,4,False,,,
2022,2023,4898339.0,10,10,False,,,
2022,2023,4601023.0,2,2,False,,,
2022,2023,4432410.0,13,6,True,,,
2022,2023,4708215.0,12,4,True,,,
2022,2023,4898246.0,10,10,False,,,
2022,2023,4397944.0,12,13,True,,,
2022,2023,4897766.0,3,14,True,,,
2022,2023,4066923.0,10,10,False,,,
2022,2023,4896370.0,17,13,True,,,
2022,2023,4703071.0,4,3,True,,,
2022,2023,4278631.0,17,4,True,,,
2022,2023,4398054.0,6,6,False,,,
2022,2023,4593139.0,6,10,True,,,
2022,2023,4433279.0,1,7,True,,,
2022,2023,4704080.0,6,6,False,,,
2022,2023,4703133.0,17,1,True,,,
2022,2023,4431726.0,10,4,True,,,
2022,2023,4592859.0,14,14,False,,,
2022,2023,4592700.0,4,12,True,,,
2022,2023,4593406.0,0,13,True,,,
2022,2023,4397751.0,10,13,True,,,
2022,2023,4703343.0,13,13,False,,,
2022,2023,4406151.0,16,15,True,,,
2022,2023,4432282.0,1,15,True,,,
2022,2023,4431854.0,6,6,False,,,
2022,2023,4431984.0,17,10,True,,,
2022,2023,4433179.0,10,10,False,,,
2022,2023,4433243.0,12,3,True,,,
2022,2023,4592712.0,14,14,False,,,
2022,2023,4431717.0,7,3,True,,,
2022,2023,4702876.0,7,7,False,,,
2022,2023,4431901.0,10,10,False,,,
2022,2023,4897469.0,14,14,False,,,
2022,2023,4703082.0,2,16,True,,,
2022,2023,4702671.0,12,4,True,,,
2022,2023,4431689.0,10,6,True,,,
2022,2023,4397689.0,10,14,True,,,
2022,2023,4396817.0,12,13,True,,,
2022,2023,4431703.0,4,14,True,,,
2022,2023,4703400.0,3,4,True,,,
2022,2023,4432122.0,10,6,True,,,
2022,2023,4395620.0,10,10,False,,,
2022,2023,4593352.0,16,6,True,,,
2022,2023,4700534.0,14,14,False,,,
2022,2023,4278693.0,15,15,False,,,
2022,2023,4398348.0,15,15,False,,,
2022,2023,4593716.0,13,13,False,,,
2022,2023,4592603.0,12,13,True,,,
2022,2023,4701126.0,0,10,True,,,
2022,2023,4896942.0,3,3,False,,,
2022,2023,4897169.0,7,4,True,,,
2022,2023,4279163.0,5,2,True,,,
2022,2023,4431893.0,10,13,True,,,
2022,2023,4592693.0,10,10,False,,,
2022,2023,4402919.0,14,3,True,,,
2022,2023,4432977.0,17,12,True,,,
2022,2023,4433079.0,16,16,False,,,
2022,2023,4431751.0,14,3,True,,,
2022,2023,4397194.0,14,4,True,,,
2022,2023,4397232.0,15,2,True,,,
2022,2023,4397926.0,16,16,False,,,
2022,2023,4431937.0,12,6,True,,,
2022,2023,4702505.0,11,6,True,,,
2022,2023,4897926.0,7,5,True,,,
2022,2023,4397342.0,16,16,False,,,
2022,2023,4897065.0,3,3,False,,,
2022,2023,4432103.0,10,10,False,,,
2022,2023,4593687.0,4,14,True,,,
2022,2023,4593268.0,11,16,True,,,
2022,2023,4279093.0,13,13,False,,,
2022,2023,4585601.0,12,10,True,,,
2022,2023,4398132.0,6,6,False,,,
2022,2023,4433618.0,6,14,True,,,
2022,2023,4704099.0,8,1,True,,,
2022,2023,4696317.0,13,13,False,,,
2022,2023,4397289.0,7,7,False,,,
2022,2023,4431744.0,4,10,True,,,
2022,2023,4398113.0,5,2,True,,,
2022,2023,4433174.0,9,9,False,,,
2022,2023,4397124.0,6,15,True,,,
2022,2023,4396632.0,4,4,False,,,
2022,2023,4702651.0,5,5,False,,,
2022,2023,4431946.0,4,4,False,,,
2022,2023,4703913.0,4,4,False,,,
2022,2023,4397631.0,13,4,True,,,
2022,2023,4396957.0,16,16,False,,,
2022,2023,4592427.0,10,10,False,,,
2022,2023,4432522.0,7,14,True,,,
2022,2023,4594149.0,10,10,False,,,
2022,2023,4897578.0,13,13,False,,,
2022,2023,4594155.0,1,1,False,,,
2022,2023,4702054.0,12,13,True,,,
2022,2023,4701032.0,12,13,True,,,
2022,2023,4684145.0,12,2,True,,,
2022,2023,4592726.0,13,1,True,,,
2022,2023,4432102.0,3,7,True,,,
2022,2023,4708167.0,12,4,True,,,
2022,2023,4592297.0,6,4,True,,,
2022,2023,4431705.0,15,2,True,,,
2022,2023,4684166.0,7,3,True,,,
2022,2023,4395665.0,10,10,False,,,
2022,2023,4592583.0,10,10,False,,,
2022,2023,4431956.0,4,13,True,,,
2022,2023,4711312.0,9,16,True,,,
2022,2023,4431676.0,6,1,True,,,
2022,2023,4433155.0,2,9,True,,,
2022,2023,4433191.0,2,16,True,,,
2022,2023,4702949.0,3,8,True,,,
2022,2023,4682883.0,1,14,True,,,
2022,2023,4589479.0,5,6,True,,,
2022,2023,4432430.0,7,1,True,,,
2022,2023,4431682.0,6,1,True,,,
2022,2023,4703106.0,8,5,True,,,
2022,2023,4396610.0,5,16,True,,,
2022,2023,4433061.0,12,13,True,,,
2022,2023,4702350.0,17,17,False,,,
2022,2023,4593350.0,13,17,True,,,
2022,2023,4897719.0,11,16,True,,,
2022,2023,4567749.0,2,7,True,,,
2022,2023,4433184.0,3,3,False,,,
2022,2023,4278014.0,4,14,True,,,
2022,2023,4703203.0,5,5,False,,,
2022,2023,4432407.0,5,15,True,,,
2022,2023,4702713.0,1,1,False,,,
2022,2023,4432874.0,7,10,True,,,
2022,2023,4702714.0,4,4,False,,,
2022,2023,4702762.0,7,3,True,,,
2022,2023,4431795.0,1,1,False,,,
2022,2023,4897717.0,8,7,True,,,
2022,2023,4397500.0,14,14,False,,,
2022,2023,4898170.0,7,13,True,,,
2022,2023,4432394.0,1,1,False,,,
2022,2023,4591259.0,17,13,True,,,
2022,2023,4702481.0,6,10,True,,,
2022,2023,4897013.0,10,0,True,,,
2022,2023,4397093.0,2,9,True,,,
2022,2023,4278713.0,17,17,False,,,
2022,2023,4397716.0,9,11,True,,,
2022,2023,4397976.0,3,3,False,,,
2022,2023,4703996.0,8,14,True,,,
2022,2023,4397295.0,5,5,False,,,
2022,2023,4431952.0,13,0,True,,,
2022,2023,4433019.0,1,7,True,,,
2022,2023,4431766.0,14,14,False,,,
2022,2023,4433123.0,13,13,False,,,
2022,2023,4593387.0,16,6,True,,,
2022,2023,4432916.0,10,17,True,,,
2022,2023,4432537.0,10,6,True,,,
2022,2023,4897244.0,17,17,False,,,
2022,2023,4705380.0,1,1,False,,,
2022,2023,4397962.0,6,13,True,,,
2022,2023,4432969.0,10,1,True,,,
2022,2023,4433268.0,7,4,True,,,
2022,2023,4431685.0,1,1,False,,,
2022,2023,4700860.0,3,14,True,,,
2022,2023,4900671.0,4,14,True,,,
2022,2023,4395713.0,13,13,False,,,
2022,2023,4397354.0,6,10,True,,,
2022,2023,4397379.0,10,10,False,,,
2022,2023,4395624.0,17,13,True,,,
2022,2023,4432050.0,16,15,True,,,
2022,2023,4398112.0,5,5,False,,,
2022,2023,4431697.0,16,11,True,,,
2022,2023,4397737.0,2,2,False,,,
2022,2023,4432851.0,1,14,True,,,
2022,2023,4396816.0,16,11,True,,,
2022,2023,4432825.0,9,9,False,,,
2022,2023,4396954.0,4,10,True,,,
2022,2023,4397160.0,3,3,False,,,
2022,2023,4703907.0,1,7,True,,,
2022,2023,4703258.0,14,3,True,,,
2022,2023,4594256.0,3,7,True,,,
2022,2023,4704043.0,10,6,True,,,
2022,2023,4431983.0,3,14,True,,,
2022,2023,4431722.0,10,4,True,,,
2022,2023,4278638.0,4,10,True,,,
2022,2023,4897476.0,17,17,False,,,
2022,2023,4432904.0,1,14,True,,,
2022,2023,4897378.0,7,12,True,,,
2022,2023,4703407.0,1,14,True,,,
2022,2023,4574710.0,14,14,False,,,
2022,2023,4432527.0,8,0,True,,,
2022,2023,4397269.0,17,13,True,,,
2022,2023,4897943.0,10,10,False,,,
2022,2023,4397395.0,4,4,False,,,
2022,2023,4903269.0,0,7,True,,,
2022,2023,4397482.0,10,16,True,,,
2022,2023,4704950.0,0,6,True,,,
2022,2023,4593106.0,4,14,True,,,
2022,2023,4707008.0,7,12,True,,,
2022,2023,4595430.0,10,12,True,,,
2022,2023,4703524.0,12,0,True,,,
2022,2023,4433105.0,15,1,True,,,
2022,2023,4397139.0,7,4,True,,,
2022,2023,4398116.0,10,10,False,,,
2022,2023,4431940.0,17,4,True,,,
2022,2023,4277992.0,6,6,False,,,
2022,2023,4897251.0,17,4,True,,,
2022,2023,4897541.0,7,12,True,,,
2022,2023,4398104.0,17,4,True,,,
2022,2023,4433093.0,13,17,True,,,
2022,2023,4397884.0,4,12,True,,,
2022,2023,4593792.0,13,13,False,,,
2022,2023,4593795.0,4,4,False,,,
2022,2023,4701255.0,7,14,True,,,
2022,2023,4683742.0,16,2,True,,,
2022,2023,4593838.0,10,6,True,,,
2022,2023,4432850.0,3,3,False,,,
2022,2023,4613134.0,6,6,False,,,
2022,2023,4279897.0,6,1,True,,,
2022,2023,4433077.0,15,1,True,,,
2022,2023,4397365.0,13,12,True,,,
2022,2023,4397155.0,12,1,True,,,
2022,2023,4592959.0,9,11,True,,,
2022,2023,4592723.0,13,17,True,,,
2022,2023,4702711.0,11,5,True,,,
2022,2023,4432875.0,11,16,True,,,
2022,2023,4592663.0,1,6,True,,,
2022,2023,4432889.0,16,15,True,,,
2022,2023,4397347.0,9,9,False,,,
2022,2023,4397909.0,6,5,True,,,
2022,2023,4433620.0,6,6,False,,,
2022,2023,4592272.0,10,17,True,,,
2022,2023,4897374.0,6,6,False,,,
2022,2023,4278296.0,3,14,True,,,
2022,2023,4279876.0,13,13,False,,,
2022,2023,4592602.0,12,10,True,,,
2022,2023,4395991.0,6,6,False,,,
2022,2023,4702195.0,4,14,True,,,
2022,2023,4897910.0,12,12,False,,,
2022,2023,4701218.0,10,1,True,,,
2022,2023,4896996.0,10,7,True,,,
2022,2023,4592883.0,1,1,False,,,
2022,2023,4395708.0,2,2,False,,,
2022,2023,4702471.0,6,10,True,,,
2022,2023,4708214.0,13,13,False,,,
2022,2023,4397243.0,17,1,True,,,
2022,2023,4433217.0,12,10,True,,,
2022,2023,4396784.0,17,17,False,,,
2022,2023,4277915.0,9,9,False,,,
2022,2023,4593261.0,3,3,False,,,
2022,2023,4593380.0,1,1,False,,,
2022,2023,4702490.0,0,1,True,,,
2022,2023,4398413.0,12,6,True,,,
2022,2023,4701989.0,16,6,True,,,
2022,2023,4684160.0,0,13,True,,,
2022,2023,4432753.0,13,13,False,,,
2022,2023,4703801.0,12,0,True,,,
2022,2023,4700970.0,7,7,False,,,
2022,2023,4897085.0,1,7,True,,,
2022,2023,4431914.0,10,15,True,,,
2022,2023,4397009.0,16,15,True,,,
2022,2023,4593039.0,2,16,True,,,
2022,2023,4703415.0,4,4,False,,,
2022,2023,4592740.0,10,15,True,,,
2022,2023,4433099.0,16,16,False,,,
2022,2023,4593102.0,10,10,False,,,
2022,2023,4432447.0,9,11,True,,,
2022,2023,4397823.0,10,15,True,,,
2022,2023,4593010.0,10,6,True,,,
2022,2023,4576140.0,2,2,False,,,
2022,2023,4397548.0,7,3,True,,,
2022,2023,4431727.0,4,14,True,,,
2022,2023,4898010.0,17,17,False,,,
2022,2023,4398233.0,10,10,False,,,
2022,2023,4897577.0,11,5,True,,,
2022,2023,4432879.0,14,14,False,,,
2022,2023,4702668.0,6,6,False,,,
2022,2023,4431793.0,15,15,False,,,
2022,2023,4701234.0,1,4,True,,,
2022,2023,4398322.0,6,3,True,,,
2022,2023,4594326.0,15,10,True,,,
2022,2023,4593736.0,0,17,True,,,
2022,2023,4397305.0,7,14,True,,,
2022,2023,4432105.0,16,15,True,,,
2022,2023,4897848.0,16,5,True,,,
2022,2023,4702023.0,15,15,False,,,
2022,2023,4593082.0,16,15,True,,,
2022,2023,4703551.0,1,1,False,,,
2022,2023,4897548.0,8,6,True,,,
2022,2023,4592943.0,0,6,True,,,
2022,2023,4703244.0,17,4,True,,,
2022,2023,4703530.0,14,4,True,,,
2022,2023,4702963.0,15,15,False,,,
2022,2023,4432632.0,7,3,True,,,
2022,2023,4278488.0,16,9,True,,,
2022,2023,4592490.0,12,13,True,,,
2022,2023,4397972.0,4,4,False,,,
2022,2023,4703081.0,8,0,True,,,
2022,2023,4397242.0,17,4,True,,,
2022,2023,4592461.0,10,10,False,,,
2022,2023,4612709.0,4,4,False,,,
2022,2023,4396689.0,13,13,False,,,
2022,2023,4397340.0,15,15,False,,,
2022,2023,4897470.0,17,17,False,,,
2022,2023,4898002.0,15,6,True,,,
2022,2023,4593273.0,16,2,True,,,
2022,2023,4702989.0,13,13,False,,,
2022,2023,4397149.0,6,6,False,,,
2022,2023,4397446.0,10,6,True,,,
2022,2023,4592686.0,4,13,True,,,
2022,2023,4593929.0,6,7,True,,,
2022,2023,4395666.0,15,15,False,,,
2022,2023,4398273.0,13,17,True,,,
2022,2023,4897147.0,3,4,True,,,
2022,2023,4711593.0,17,6,True,,,
2022,2023,4592741.0,4,13,True,,,
2022,2023,4703109.0,8,8,False,,,
2022,2023,4433340.0,17,13,True,,,
2022,2023,4431826.0,14,3,True,,,
2022,2023,4702739.0,15,15,False,,,
2022,2023,4702870.0,0,6,True,,,
2022,2023,4714246.0,6,6,False,,,
2022,2023,4397711.0,16,15,True,,,
2022,2023,4433598.0,2,10,True,,,
2022,2023,4593381.0,3,1,True,,,
2022,2023,4432064.0,5,16,True,,,
2022,2023,4897301.0,14,14,False,,,
2022,2023,4432108.0,0,7,True,,,
2022,2023,4278475.0,2,5,True,,,
2022,2023,4593062.0,13,13,False,,,
2022,2023,4432891.0,7,6,True,,,
2022,2023,4398207.0,15,15,False,,,
2022,2023,4433026.0,1,3,True,,,
2022,2023,4432077.0,4,14,True,,,
2022,2023,4703247.0,5,2,True,,,
2022,2023,4683933.0,12,13,True,,,
2022,2023,4397649.0,13,17,True,,,
2022,2023,4396810.0,4,4,False,,,
2022,2023,4396614.0,15,15,False,,,
2022,2023,4433582.0,12,13,True,,,
2022,2023,4898224.0,16,15,True,,,
2022,2023,4398080.0,14,14,False,,,
2022,2023,4705270.0,6,16,True,,,
2022,2023,4278672.0,3,3,False,,,
2022,2023,4432051.0,3,3,False,,,
2022,2023,4601284.0,13,4,True,,,
2022,2023,4279527.0,13,13,False,,,
2022,2023,4398276.0,4,14,True,,,
2022,2023,4432315.0,7,17,True,,,
2022,2023,4396754.0,11,11,False,,,
2022,2023,4397153.0,2,2,False,,,
2022,2023,4278570.0,4,17,True,,,
2022,2023,4398005.0,10,13,True,,,
2022,2023,4592758.0,6,10,True,,,
2022,2023,4593674.0,1,4,True,,,
2022,2023,4703833.0,0,13,True,,,
2022,2023,4702099.0,10,10,False,,,
2022,2023,4433042.0,6,8,True,,,
2022,2023,4592875.0,3,14,True,,,
2022,2023,4397350.0,4,13,True,,,
2022,2023,4903264.0,17,17,False,,,
2022,2023,4702531.0,13,13,False,,,
2022,2023,4700823.0,17,7,True,,,
2022,2023,4432321.0,13,10,True,,,
2022,2023,4593745.0,7,3,True,,,
2022,2023,4433075.0,7,6,True,,,
2022,2023,4683736.0,12,14,True,,,
2022,2023,4703391.0,6,6,False,,,
2022,2023,4397469.0,13,13,False,,,
2022,2023,4431696.0,3,3,False,,,
2022,2023,4431791.0,14,14,False,,,
2022,2023,4431762.0,6,11,True,,,
2022,2023,4397026.0,10,16,True,,,
2022,2023,4396681.0,16,15,True,,,
2022,2023,4703572.0,3,13,True,,,
2022,2023,4596365.0,1,4,True,,,
2022,2023,4278110.0,10,10,False,,,
2022,2023,4593100.0,15,15,False,,,
2022,2023,4067165.0,15,15,False,,,
2022,2023,4592891.0,12,13,True,,,
2022,2023,4278351.0,3,1,True,,,
2022,2023,4702066.0,13,0,True,,,
2022,2023,4702944.0,10,17,True,,,
2022,2023,4613126.0,3,3,False,,,
2022,2023,4593361.0,7,17,True,,,
2022,2023,4592181.0,4,4,False,,,
2022,2023,4897315.0,4,13,True,,,
2022,2023,4395697.0,1,10,True,,,
2022,2023,4711607.0,10,10,False,,,
2022,2023,4398136.0,3,14,True,,,
2022,2023,4897291.0,16,7,True,,,
2022,2023,4278422.0,2,16,True,,,
2022,2023,4590358.0,16,5,True,,,
2022,2023,4896614.0,1,1,False,,,
2022,2023,4397231.0,13,17,True,,,
2022,2023,4397392.0,2,2,False,,,
2022,2023,4702724.0,14,14,False,,,
2022,2023,4592739.0,5,5,False,,,
2022,2023,4278247.0,2,5,True,,,
2022,2023,4897535.0,7,4,True,,,
2022,2023,4702770.0,13,12,True,,,
2022,2023,4431798.0,12,12,False,,,
2022,2023,4397575.0,13,13,False,,,
2022,2023,4897190.0,16,5,True,,,
2022,2023,4702281.0,5,9,True,,,
2022,2023,4702472.0,6,6,False,,,
2022,2023,4432186.0,15,16,True,,,
2022,2023,4431928.0,5,10,True,,,
2022,2023,4339478.0,4,4,False,,,
2022,2023,4397587.0,13,4,True,,,
2022,2023,4431725.0,14,3,True,,,
2022,2023,4432840.0,15,10,True,,,
2022,2023,4898269.0,12,0,True,,,
2022,2023,4702620.0,4,13,True,,,
2022,2023,4395677.0,4,14,True,,,
2022,2023,4397512.0,3,7,True,,,
2022,2023,4433187.0,6,3,True,,,
2022,2023,4433182.0,14,14,False,,,
2022,2023,4432970.0,16,6,True,,,
2022,2023,4703813.0,6,4,True,,,
2022,2023,4703264.0,14,3,True,,,
2022,2023,4702153.0,12,3,True,,,
2022,2023,4593040.0,10,10,False,,,
2022,2023,4700826.0,14,4,True,,,
2022,2023,4567079.0,13,17,True,,,
2022,2023,4702871.0,8,4,True,,,
2022,2023,4702041.0,2,11,True,,,
2022,2023,4398046.0,13,4,True,,,
2022,2023,4903265.0,3,7,True,,,
2022,2023,4432129.0,14,4,True,,,
2022,2023,4433176.0,4,4,False,,,
2022,2023,4897945.0,16,16,False,,,
2022,2023,4396635.0,13,13,False,,,
2022,2023,4432408.0,4,4,False,,,
2022,2023,4702063.0,3,4,True,,,
2022,2023,4709318.0,16,16,False,,,
2022,2023,4592251.0,0,0,False,,,
2022,2023,4592753.0,3,7,True,,,
2022,2023,4397229.0,3,14,True,,,
2022,2023,4433130.0,1,1,False,,,
2022,2023,4398232.0,16,5,True,,,
2022,2023,4278634.0,12,12,False,,,
2022,2023,4702484.0,12,14,True,,,
2022,2023,4897446.0,6,1,True,,,
2022,2023,4593095.0,14,14,False,,,
2022,2023,4433068.0,2,2,False,,,
2022,2023,4593343.0,13,13,False,,,
2022,2023,4279863.0,17,17,False,,,
2022,2023,4432845.0,13,13,False,,,
2022,2023,4592901.0,13,6,True,,,
2022,2023,4592777.0,17,13,True,,,
2022,2023,4432590.0,17,13,True,,,
2022,2023,4398240.0,7,5,True,,,
2022,2023,4704048.0,0,6,True,,,
2022,2023,4702950.0,12,0,True,,,
2022,2023,4702011.0,14,14,False,,,
2022,2023,4433156.0,14,3,True,,,
2022,2023,4700878.0,11,9,True,,,
2022,2023,4576060.0,2,2,False,,,
2022,2023,4702380.0,0,10,True,,,
2022,2023,4592248.0,0,10,True,,,
2022,2023,4897243.0,15,10,True,,,
2022,2023,4592580.0,14,14,False,,,
2022,2023,4433132.0,12,7,True,,,
2022,2023,4702646.0,7,3,True,,,
2022,2023,4397866.0,3,0,True,,,
2022,2023,4432959.0,14,3,True,,,
2022,2023,4593724.0,16,2,True,,,
2022,2023,4396750.0,7,7,False,,,
2022,2023,4397898.0,8,8,False,,,
2022,2023,4395886.0,10,13,True,,,
2022,2023,4702657.0,10,1,True,,,
2022,2023,4397202.0,4,14,True,,,
2022,2023,4597865.0,15,15,False,,,
2022,2023,4432065.0,13,17,True,,,
2022,2023,4702611.0,7,7,False,,,
2022,2023,4397045.0,1,1,False,,,
2022,2023,4432994.0,4,4,False,,,
2022,2023,4702442.0,4,4,False,,,
2022,2023,4431757.0,12,13,True,,,
2022,2023,4702138.0,12,12,False,,,
2022,2023,4280104.0,17,13,True,,,
2022,2023,4702467.0,7,14,True,,,
2022,2023,4897486.0,8,8,False,,,
2022,2023,4897174.0,2,16,True,,,
2022,2023,4592773.0,12,13,True,,,
2022,2023,4897084.0,9,9,False,,,
2022,2023,4398197.0,15,1,True,,,
2022,2023,4409403.0,0,3,True,,,
2022,2023,4433007.0,12,8,True,,,
2022,2023,4433055.0,3,3,False,,,
2022,2023,4432257.0,17,13,True,,,
2022,2023,4703219.0,11,2,True,,,
2022,2023,4592484.0,0,10,True,,,
2022,2023,4433163.0,1,12,True,,,
2022,2023,4396641.0,4,14,True,,,
2022,2023,4397239.0,17,17,False,,,
2022,2023,4431740.0,6,6,False,,,
2022,2023,4278275.0,17,17,False,,,
2022,2023,4396642.0,11,16,True,,,
2022,2023,4833075.0,10,6,True,,,
2022,2023,4431752.0,15,15,False,,,
2022,2023,4897511.0,14,14,False,,,
2022,2023,4397200.0,10,10,False,,,
2022,2023,4433001.0,17,17,False,,,
2022,2023,4703830.0,3,12,True,,,
2022,2023,4433031.0,16,16,False,,,
2022,2023,4702130.0,10,10,False,,,
2022,2023,4683840.0,1,1,False,,,
2022,2023,4592699.0,2,15,True,,,
2022,2023,4398338.0,17,13,True,,,
2022,2023,4397192.0,10,10,False,,,
2022,2023,4592858.0,4,14,True,,,
2022,2023,4433225.0,3,14,True,,,
2022,2023,4433224.0,2,2,False,,,
2022,2023,4432126.0,10,6,True,,,
2022,2023,4278606.0,6,6,False,,,
2022,2023,4897444.0,14,14,False,,,
2022,2023,4708166.0,7,0,True,,,
2022,2023,4432906.0,16,16,False,,,
2022,2023,4395898.0,9,9,False,,,
2022,2023,4700835.0,4,7,True,,,
2022,2023,4395667.0,17,13,True,,,
2022,2023,4897570.0,13,17,True,,,
2022,2023,4593148.0,10,15,True,,,
2022,2023,4432206.0,14,14,False,,,
2022,2023,4576062.0,4,4,False,,,
2022,2023,4703388.0,11,11,False,,,
2022,2023,4696316.0,1,1,False,,,
2022,2023,4703117.0,4,13,True,,,
2022,2023,4896874.0,7,13,True,,,
2022,2023,4280064.0,14,14,False,,,
2022,2023,4702114.0,3,3,False,,,
2022,2023,4701181.0,17,17,False,,,
2022,2023,4703180.0,16,15,True,,,
2022,2023,4432033.0,3,14,True,,,
2022,2023,4431835.0,11,16,True,,,
2022,2023,4703032.0,16,2,True,,,
2022,2023,4433149.0,17,17,False,,,
2022,2023,4431707.0,10,1,True,,,
2022,2023,4702932.0,4,13,True,,,
2022,2023,4594070.0,12,0,True,,,
2022,2023,4431708.0,9,2,True,,,
2022,2023,4432241.0,14,14,False,,,
2022,2023,4897275.0,16,16,False,,,
2022,2023,4431786.0,2,10,True,,,
2022,2023,4703199.0,4,3,True,,,
2022,2023,4701842.0,2,5,True,,,
2022,2023,4396786.0,10,2,True,,,
2022,2023,4897263.0,4,6,True,,,
2022,2023,4397994.0,6,6,False,,,
2022,2023,4433012.0,13,12,True,,,
2022,2023,4397398.0,6,10,True,,,
2022,2023,4702946.0,15,15,False,,,
2022,2023,4431830.0,9,9,False,,,
2022,2023,4397193.0,1,7,True,,,
2022,2023,4278013.0,13,4,True,,,
2022,2023,4596869.0,12,17,True,,,
2022,2023,4593436.0,13,13,False,,,
2022,2023,4898008.0,5,5,False,,,
2022,2023,4585591.0,7,6,True,,,
2022,2023,4433198.0,14,14,False,,,
2022,2023,4702745.0,9,15,True,,,
2022,2023,4397132.0,4,14,True,,,
2022,2023,4397811.0,3,4,True,,,
2022,2023,4433378.0,15,14,True,,,
2022,2023,4700864.0,10,10,False,,,
2022,2023,4702100.0,13,13,False,,,
2022,2023,4702215.0,5,2,True,,,
2022,2023,4683833.0,14,14,False,,,
2022,2023,4432127.0,4,3,True,,,
2022,2023,4431933.0,6,5,True,,,
2022,2023,4585602.0,7,7,False,,,
2022,2023,4700862.0,10,15,True,,,
2022,2023,4701244.0,3,14,True,,,
2022,2023,4594079.0,6,3,True,,,
2022,2023,4431691.0,16,15,True,,,
2022,2023,4897467.0,4,4,False,,,
2022,2023,4593104.0,4,3,True,,,
2022,2023,4431753.0,17,10,True,,,
2022,2023,4433151.0,17,1,True,,,
2022,2023,4703427.0,1,3,True,,,
2022,2023,4432853.0,3,4,True,,,
2022,2023,4902627.0,17,13,True,,,
2022,2023,4708045.0,6,6,False,,,
2022,2023,4606831.0,13,4,True,,,
2022,2023,4712348.0,15,15,False,,,
2022,2023,4398015.0,16,16,False,,,
2022,2023,4702761.0,9,2,True,,,
2022,2023,4433103.0,9,15,True,,,
2022,2023,4398040.0,4,14,True,,,
2022,2023,4278623.0,15,16,True,,,
2022,2023,4397390.0,16,2,True,,,
2022,2023,4897201.0,3,14,True,,,
2022,2023,4432827.0,15,15,False,,,
2022,2023,4897197.0,3,4,True,,,
2022,2023,4705379.0,7,12,True,,,
2022,2023,4397580.0,6,7,True,,,
2022,2023,4702605.0,17,12,True,,,
2022,2023,4592401.0,2,15,True,,,
2022,2023,4431772.0,6,15,True,,,
2022,2023,4702609.0,4,17,True,,,
2022,2023,4683956.0,1,4,True,,,
2022,2023,4702974.0,12,7,True,,,
2022,2023,4397080.0,10,10,False,,,
2022,2023,4592889.0,7,7,False,,,
2022,2023,4705305.0,5,16,True,,,
2022,2023,4898232.0,17,10,True,,,
2022,2023,4592766.0,1,1,False,,,
2022,2023,4594263.0,15,15,False,,,
2022,2023,4396755.0,6,10,True,,,
2022,2023,4702362.0,13,4,True,,,
2022,2023,4701016.0,4,3,True,,,
2022,2023,4277947.0,15,15,False,,,
2022,2023,4431694.0,0,0,False,,,
2022,2023,4593064.0,13,10,True,,,
2022,2023,4397867.0,2,16,True,,,
2022,2023,4897015.0,12,8,True,,,
2022,2023,4432514.0,11,6,True,,,
2022,2023,4609299.0,14,1,True,,,
2022,2023,4703077.0,4,4,False,,,
2022,2023,4593353.0,17,17,False,,,
2022,2023,4398430.0,17,12,True,,,
2022,2023,4683635.0,3,3,False,,,
2022,2023,4700825.0,13,4,True,,,
2022,2023,4595400.0,10,10,False,,,
2022,2023,4896927.0,11,6,True,,,
2022,2023,4411057.0,1,1,False,,,
2022,2023,4398246.0,16,15,True,,,
2022,2023,4702888.0,8,3,True,,,
2022,2023,4897373.0,13,13,False,,,
2022,2023,4398214.0,13,13,False,,,
2022,2023,4702698.0,4,13,True,,,
2022,2023,4897768.0,11,16,True,,,
2022,2023,4397325.0,6,5,True,,,
2022,2023,4702501.0,16,6,True,,,
2022,2023,4431810.0,10,10,False,,,
2022,2023,4703122.0,4,4,False,,,
2022,2023,4590361.0,14,1,True,,,
2022,2023,4278203.0,13,4,True,,,
2022,2023,4588201.0,10,15,True,,,
2022,2023,4397037.0,2,15,True,,,
2022,2023,4397114.0,17,4,True,,,
2022,2023,4432836.0,10,10,False,,,
2022,2023,4703512.0,6,6,False,,,
2022,2023,4280049.0,17,17,False,,,
2022,2023,4592946.0,10,0,True,,,
2022,2023,4431864.0,14,14,False,,,
2022,2023,4896937.0,3,3,False,,,
2022,2023,4592677.0,15,15,False,,,
2022,2023,4431706.0,9,10,True,,,
2022,2023,4433052.0,16,16,False,,,
2022,2023,4703399.0,10,6,True,,,
2022,2023,4592898.0,10,13,True,,,
2022,2023,4397615.0,12,8,True,,,
2022,2023,4701225.0,15,15,False,,,
2022,2023,4898164.0,1,1,False,,,
2022,2023,4396745.0,14,14,False,,,
2022,2023,4593107.0,13,6,True,,,
2022,2023,4703175.0,12,13,True,,,
2022,2023,4702384.0,10,11,True,,,
2022,2023,4278278.0,13,10,True,,,
2022,2023,4703681.0,1,11,True,,,
2022,2023,4593970.0,0,6,True,,,
2022,2023,4066764.0,9,9,False,,,
2022,2023,4592730.0,10,15,True,,,
2022,2023,4703903.0,6,2,True,,,
2022,2023,4897877.0,13,13,False,,,
2022,2023,4397619.0,15,15,False,,,
2022,2023,4397834.0,11,8,True,,,
2022,2023,4897136.0,11,1,True,,,
2022,2023,4397368.0,1,2,True,,,
2022,2023,4701551.0,4,4,False,,,
2022,2023,4705299.0,4,4,False,,,
2022,2023,4897857.0,5,10,True,,,
2022,2023,4703573.0,8,11,True,,,
2022,2023,4702656.0,1,10,True,,,
2022,2023,4897676.0,15,15,False,,,
2022,2023,4433110.0,17,13,True,,,
2022,2023,4702742.0,7,6,True,,,
2022,2023,4898285.0,11,16,True,,,
2022,2023,4593825.0,10,10,False,,,
2022,2023,4709320.0,6,11,True,,,
2022,2023,4395719.0,7,12,True,,,
2022,2023,4592706.0,11,5,True,,,
2022,2023,4683834.0,3,14,True,,,
2022,2023,4397835.0,10,13,True,,,
2022,2023,4279087.0,17,14,True,,,
2022,2023,4397533.0,1,1,False,,,
2022,2023,4432880.0,14,14,False,,,
2022,2023,4403417.0,9,2,True,,,
2022,2023,4432988.0,3,14,True,,,
2022,2023,4592979.0,14,14,False,,,
2022,2023,4702773.0,15,15,False,,,
2022,2023,4708075.0,10,1,True,,,
2022,2023,4277966.0,13,12,True,,,
2022,2023,4592435.0,15,15,False,,,
2022,2023,4397784.0,14,17,True,,,
2022,2023,4396789.0,13,6,True,,,
2022,2023,4279756.0,1,14,True,,,
2022,2023,4397011.0,6,2,True,,,
2022,2023,4279052.0,13,17,True,,,
2022,2023,4397914.0,1,0,True,,,
2022,2023,4398221.0,10,6,True,,,
2022,2023,4432247.0,1,1,False,,,
2022,2023,4398386.0,9,9,False,,,
2022,2023,4431738.0,9,9,False,,,
2022,2023,4702606.0,4,4,False,,,
2022,2023,4397991.0,12,13,True,,,
2022,2023,4897653.0,7,8,True,,,
2022,2023,4397025.0,16,16,False,,,
2022,2023,4311618.0,12,13,True,,,
2022,2023,4592639.0,8,8,False,,,
2022,2023,4896367.0,11,16,True,,,
2022,2023,4432002.0,14,4,True,,,
2022,2023,4431962.0,12,12,False,,,
2022,2023,4432976.0,15,10,True,,,
2022,2023,4593008.0,1,3,True,,,
2022,2023,4396618.0,17,13,True,,,
2022,2023,4703236.0,6,12,True,,,
2022,2023,4702960.0,12,3,True,,,
2022,2023,4397521.0,7,7,False,,,
2022,2023,4432132.0,8,1,True,,,
2022,2023,4397882.0,15,15,False,,,
2022,2023,4596787.0,13,4,True,,,
2022,2023,4593364.0,12,12,False,,,
2022,2023,4433069.0,16,15,True,,,
2022,2023,4431769.0,4,17,True,,,
2022,2023,4431998.0,16,5,True,,,
2022,2023,4897911.0,7,7,False,,,
2022,2023,4593686.0,3,4,True,,,
2022,2023,4589474.0,13,6,True,,,
2022,2023,4398318.0,3,14,True,,,
2022,2023,4703168.0,12,7,True,,,
2022,2023,4395685.0,10,4,True,,,
2022,2023,4703425.0,16,6,True,,,
2022,2023,4897292.0,16,10,True,,,
2022,2023,4592662.0,9,9,False,,,
2022,2023,4897626.0,7,4,True,,,
2022,2023,4897493.0,4,4,False,,,
2022,2023,4897518.0,14,4,True,,,
2022,2023,4398376.0,3,14,True,,,
2022,2023,4897759.0,3,4,True,,,
2022,2023,4897756.0,13,13,False,,,
2022,2023,4433004.0,11,16,True,,,
2022,2023,4397988.0,12,13,True,,,
2023,2024,4593276.0,9,15,True,,,
2023,2024,4701166.0,6,6,False,,,
2023,2024,5110039.0,2,15,True,,,
2023,2024,5106283.0,2,15,True,,,
2023,2024,5105800.0,13,17,True,,,
2023,2024,4683951.0,13,4,True,,,
2023,2024,4593404.0,16,5,True,,,
2023,2024,4896979.0,5,11,True,,,
2023,2024,4697270.0,10,10,False,,,
2023,2024,4596536.0,0,7,True,,,
2023,2024,4702766.0,15,14,True,,,
2023,2024,4703979.0,4,4,False,,,
2023,2024,4897904.0,3,8,True,,,
2023,2024,4712836.0,7,10,True,,,
2023,2024,5106452.0,6,15,True,,,
2023,2024,5107226.0,4,14,True,,,
2023,2024,4431868.0,16,5,True,,,
2023,2024,4701221.0,16,2,True,,,
2023,2024,4593738.0,6,6,False,,,
2023,2024,4898209.0,6,0,True,,,
2023,2024,4702020.0,7,4,True,,,
2023,2024,5105626.0,6,10,True,,,
2023,2024,4701576.0,15,2,True,,,
2023,2024,4684998.0,5,5,False,,,
2023,2024,4565698.0,15,6,True,,,
2023,2024,4896480.0,2,5,True,,,
2023,2024,4431749.0,4,4,False,,,
2023,2024,4592184.0,4,4,False,,,
2023,2024,4592989.0,12,11,True,,,
2023,2024,4432075.0,16,9,True,,,
2023,2024,4702980.0,13,17,True,,,
2023,2024,4898208.0,4,4,False,,,
2023,2024,4592315.0,1,1,False,,,
2023,2024,4433580.0,17,13,True,,,
2023,2024,5107154.0,10,6,True,,,
2023,2024,4702329.0,9,9,False,,,
2023,2024,4593122.0,16,15,True,,,
2023,2024,4592771.0,4,17,True,,,
2023,2024,4897153.0,6,6,False,,,
2023,2024,4684208.0,10,1,True,,,
2023,2024,4897897.0,8,13,True,,,
2023,2024,5106453.0,4,3,True,,,
2023,2024,4593903.0,16,2,True,,,
2023,2024,5108971.0,1,1,False,,,
2023,2024,4705309.0,16,15,True,,,
2023,2024,4897725.0,13,13,False,,,
2023,2024,4898180.0,2,16,True,,,
2023,2024,4431790.0,4,4,False,,,
2023,2024,4432854.0,15,9,True,,,
2023,2024,5106706.0,3,3,False,,,
2023,2024,4397121.0,16,15,True,,,
2023,2024,4898369.0,4,1,True,,,
2023,2024,4432944.0,6,6,False,,,
2023,2024,4590354.0,10,10,False,,,
2023,2024,4704951.0,13,13,False,,,
2023,2024,4432395.0,7,11,True,,,
2023,2024,4433125.0,10,13,True,,,
2023,2024,4700852.0,17,17,False,,,
2023,2024,5108138.0,12,4,True,,,
2023,2024,4596348.0,5,15,True,,,
2023,2024,4592962.0,2,9,True,,,
2023,2024,4593347.0,12,6,True,,,
2023,2024,4432962.0,3,3,False,,,
2023,2024,4433165.0,7,11,True,,,
2023,2024,4592843.0,10,10,False,,,
2023,2024,4897508.0,1,12,True,,,
2023,2024,4896864.0,3,3,False,,,
2023,2024,4897194.0,6,10,True,,,
2023,2024,4702027.0,17,17,False,,,
2023,2024,4897383.0,17,13,True,,,
2023,2024,4593475.0,5,5,False,,,
2023,2024,4898218.0,6,10,True,,,
2023,2024,4700854.0,15,7,True,,,
2023,2024,4896464.0,12,12,False,,,
2023,2024,5105822.0,16,10,True,,,
2023,2024,4433129.0,1,6,True,,,
2023,2024,5105798.0,16,15,True,,,
2023,2024,4712845.0,17,13,True,,,
2023,2024,4897893.0,12,12,False,,,
2023,2024,4597863.0,13,17,True,,,
2023,2024,4432996.0,10,10,False,,,
2023,2024,5106760.0,6,1,True,,,
2023,2024,4431796.0,10,10,False,,,
2023,2024,5107194.0,3,3,False,,,
2023,2024,4683757.0,6,13,True,,,
2023,2024,4592707.0,17,1,True,,,
2023,2024,4592939.0,0,10,True,,,
2023,2024,5105781.0,5,2,True,,,
2023,2024,4702719.0,1,1,False,,,
2023,2024,5105598.0,1,1,False,,,
2023,2024,4397304.0,13,12,True,,,
2023,2024,4897975.0,3,8,True,,,
2023,2024,4900668.0,17,13,True,,,
2023,2024,4412211.0,14,6,True,,,
2023,2024,4397052.0,9,9,False,,,
2023,2024,5108010.0,17,6,True,,,
2023,2024,5105984.0,13,15,True,,,
2023,2024,4917149.0,10,10,False,,,
2023,2024,4431996.0,7,4,True,,,
2023,2024,4432855.0,2,15,True,,,
2023,2024,4898256.0,12,12,False,,,
2023,2024,4897479.0,10,16,True,,,
2023,2024,5107295.0,13,13,False,,,
2023,2024,4707015.0,13,17,True,,,
2023,2024,5107870.0,13,13,False,,,
2023,2024,4703010.0,13,17,True,,,
2023,2024,4432189.0,2,2,False,,,
2023,2024,5107321.0,6,1,True,,,
2023,2024,5105845.0,16,11,True,,,
2023,2024,4684718.0,17,12,True,,,
2023,2024,5106810.0,10,6,True,,,
2023,2024,4432948.0,6,13,True,,,
2023,2024,4702389.0,16,6,True,,,
2023,2024,4593700.0,3,3,False,,,
2023,2024,4702518.0,16,15,True,,,
2023,2024,4897227.0,13,13,False,,,
2023,2024,4698718.0,8,7,True,,,
2023,2024,4597991.0,11,7,True,,,
2023,2024,4897762.0,3,8,True,,,
2023,2024,5108764.0,1,3,True,,,
2023,2024,4897232.0,14,1,True,,,
2023,2024,4593385.0,14,14,False,,,
2023,2024,5105880.0,1,14,True,,,
2023,2024,4896467.0,6,10,True,,,
2023,2024,4897921.0,15,15,False,,,
2023,2024,4896860.0,6,6,False,,,
2023,2024,4897381.0,4,14,True,,,
2023,2024,4593702.0,11,9,True,,,
2023,2024,4710625.0,13,7,True,,,
2023,2024,4432147.0,16,11,True,,,
2023,2024,4432433.0,16,6,True,,,
2023,2024,4702990.0,7,0,True,,,
2023,2024,4398030.0,13,0,True,,,
2023,2024,5106703.0,1,10,True,,,
2023,2024,4898227.0,17,12,True,,,
2023,2024,5106754.0,3,3,False,,,
2023,2024,4896985.0,4,4,False,,,
2023,2024,4433059.0,5,6,True,,,
2023,2024,5105548.0,1,10,True,,,
2023,2024,4594016.0,11,11,False,,,
2023,2024,4432151.0,13,12,True,,,
2023,2024,4701992.0,14,14,False,,,
2023,2024,4897098.0,6,4,True,,,
2023,2024,4567710.0,10,10,False,,,
2023,2024,4897579.0,13,17,True,,,
2023,2024,4397263.0,4,13,True,,,
2023,2024,4708218.0,3,14,True,,,
2023,2024,5105875.0,7,1,True,,,
2023,2024,4593713.0,13,12,True,,,
2023,2024,4593242.0,6,7,True,,,
2023,2024,4592453.0,1,14,True,,,
2023,2024,4593677.0,15,5,True,,,
2023,2024,4593930.0,13,0,True,,,
2023,2024,4703531.0,16,16,False,,,
2023,2024,4593007.0,13,10,True,,,
2023,2024,4594109.0,2,2,False,,,
2023,2024,4433183.0,14,1,True,,,
2023,2024,4433595.0,13,13,False,,,
2023,2024,5113975.0,16,16,False,,,
2023,2024,4398245.0,1,15,True,,,
2023,2024,4431941.0,14,14,False,,,
2023,2024,4897896.0,8,8,False,,,
2023,2024,4432056.0,12,8,True,,,
2023,2024,4433188.0,1,14,True,,,
2023,2024,4897636.0,6,1,True,,,
2023,2024,4433133.0,14,14,False,,,
2023,2024,4683733.0,3,4,True,,,
2023,2024,4896986.0,16,6,True,,,
2023,2024,4433138.0,13,13,False,,,
2023,2024,4702014.0,7,10,True,,,
2023,2024,4897692.0,7,14,True,,,
2023,2024,4592476.0,10,13,True,,,
2023,2024,4432197.0,1,12,True,,,
2023,2024,4883573.0,14,14,False,,,
2023,2024,4593469.0,15,16,True,,,
2023,2024,4701559.0,16,10,True,,,
2023,2024,4898260.0,10,10,False,,,
2023,2024,5105660.0,4,13,True,,,
2023,2024,4433010.0,16,16,False,,,
2023,2024,4593362.0,9,9,False,,,
2023,2024,4431993.0,4,4,False,,,
2023,2024,4431999.0,17,13,True,,,
2023,2024,4396969.0,1,1,False,,,
2023,2024,4897755.0,7,12,True,,,
2023,2024,4897404.0,10,15,True,,,
2023,2024,4897650.0,16,6,True,,,
2023,2024,4397285.0,4,4,False,,,
2023,2024,4565434.0,6,10,True,,,
2023,2024,4702785.0,4,10,True,,,
2023,2024,4897407.0,2,2,False,,,
2023,2024,4701839.0,1,15,True,,,
2023,2024,4897901.0,14,7,True,,,
2023,2024,4702159.0,15,14,True,,,
2023,2024,5106261.0,2,5,True,,,
2023,2024,5109019.0,14,8,True,,,
2023,2024,4433073.0,10,1,True,,,
2023,2024,4702127.0,3,4,True,,,
2023,2024,5107264.0,6,6,False,,,
2023,2024,5108029.0,13,13,False,,,
2023,2024,4431990.0,10,15,True,,,
2023,2024,4702072.0,12,0,True,,,
2023,2024,4398396.0,2,16,True,,,
2023,2024,4897289.0,4,4,False,,,
2023,2024,4896861.0,4,12,True,,,
2023,2024,5107770.0,11,1,True,,,
2023,2024,4432960.0,0,13,True,,,
2023,2024,4612129.0,7,3,True,,,
2023,2024,4898316.0,17,4,True,,,
2023,2024,4703224.0,10,4,True,,,
2023,2024,4897262.0,17,17,False,,,
2023,2024,5107285.0,6,6,False,,,
2023,2024,5107160.0,16,2,True,,,
2023,2024,4431730.0,4,4,False,,,
2023,2024,5105487.0,6,15,True,,,
2023,2024,4593386.0,4,4,False,,,
2023,2024,5105622.0,13,13,False,,,
2023,2024,4593051.0,17,13,True,,,
2023,2024,4602948.0,10,1,True,,,
2023,2024,4431964.0,2,2,False,,,
2023,2024,5106732.0,1,10,True,,,
2023,2024,4593705.0,7,4,True,,,
2023,2024,4592317.0,15,15,False,,,
2023,2024,4702226.0,17,13,True,,,
2023,2024,4592743.0,3,0,True,,,
2023,2024,4897714.0,6,15,True,,,
2023,2024,4609098.0,12,4,True,,,
2023,2024,4700974.0,7,1,True,,,
2023,2024,5107652.0,4,6,True,,,
2023,2024,4593836.0,16,6,True,,,
2023,2024,5107840.0,2,2,False,,,
2023,2024,5107157.0,3,17,True,,,
2023,2024,4594071.0,3,3,False,,,
2023,2024,5105599.0,10,10,False,,,
2023,2024,4703387.0,1,15,True,,,
2023,2024,5105624.0,4,4,False,,,
2023,2024,4702972.0,1,14,True,,,
2023,2024,4684306.0,10,10,False,,,
2023,2024,5075626.0,16,16,False,,,
2023,2024,5106463.0,0,0,False,,,
2023,2024,5107877.0,13,13,False,,,
2023,2024,5106775.0,12,4,True,,,
2023,2024,4398347.0,4,4,False,,,
2023,2024,4592866.0,0,10,True,,,
2023,2024,4433275.0,8,13,True,,,
2023,2024,4703260.0,4,14,True,,,
2023,2024,4897914.0,13,4,True,,,
2023,2024,5106581.0,6,13,True,,,
2023,2024,5107357.0,6,4,True,,,
2023,2024,4397151.0,11,16,True,,,
2023,2024,5108973.0,6,15,True,,,
2023,2024,4903267.0,10,10,False,,,
2023,2024,4683952.0,4,4,False,,,
2023,2024,5107249.0,6,10,True,,,
2023,2024,5108876.0,1,1,False,,,
2023,2024,4433563.0,1,15,True,,,
2023,2024,4700818.0,2,2,False,,,
2023,2024,4897411.0,4,13,True,,,
2023,2024,4897432.0,17,1,True,,,
2023,2024,4592451.0,13,17,True,,,
2023,2024,4683135.0,4,4,False,,,
2023,2024,5108148.0,16,6,True,,,
2023,2024,4896379.0,12,12,False,,,
2023,2024,5107980.0,8,11,True,,,
2023,2024,4897929.0,7,7,False,,,
2023,2024,4600663.0,15,15,False,,,
2023,2024,4683738.0,10,10,False,,,
2023,2024,4592249.0,7,16,True,,,
2023,2024,5106058.0,13,1,True,,,
2023,2024,5113388.0,15,15,False,,,
2023,2024,4431833.0,4,4,False,,,
2023,2024,5106644.0,3,1,True,,,
2023,2024,5105555.0,2,2,False,,,
2023,2024,5106241.0,12,13,True,,,
2023,2024,5108859.0,6,6,False,,,
2023,2024,5107439.0,8,12,True,,,
2023,2024,5107491.0,0,0,False,,,
2023,2024,4897009.0,4,12,True,,,
2023,2024,4683865.0,4,4,False,,,
2023,2024,5105825.0,0,7,True,,,
2023,2024,4592722.0,13,17,True,,,
2023,2024,4704109.0,4,4,False,,,
2023,2024,4683147.0,7,1,True,,,
2023,2024,4397550.0,5,11,True,,,
2023,2024,4431843.0,3,3,False,,,
2023,2024,5105794.0,7,4,True,,,
2023,2024,4432982.0,4,4,False,,,
2023,2024,4709321.0,11,16,True,,,
2023,2024,5108805.0,8,12,True,,,
2023,2024,4431758.0,1,4,True,,,
2023,2024,5105816.0,12,17,True,,,
2023,2024,5107352.0,3,3,False,,,
2023,2024,4593016.0,15,15,False,,,
2023,2024,5106612.0,4,12,True,,,
2023,2024,5107386.0,16,11,True,,,
2023,2024,4593017.0,7,15,True,,,
2023,2024,4432188.0,15,15,False,,,
2023,2024,5108086.0,11,16,True,,,
2023,2024,4901230.0,7,4,True,,,
2023,2024,4897287.0,6,10,True,,,
2023,2024,4712255.0,7,0,True,,,
2023,2024,4702017.0,11,15,True,,,
2023,2024,4703921.0,3,3,False,,,
2023,2024,4433161.0,6,5,True,,,
2023,2024,5107442.0,12,12,False,,,
2023,2024,4431859.0,4,12,True,,,
2023,2024,4683638.0,13,13,False,,,
2023,2024,4431985.0,4,4,False,,,
2023,2024,4898331.0,3,1,True,,,
2023,2024,4902967.0,0,1,True,,,
2023,2024,4702029.0,12,8,True,,,
2023,2024,5105529.0,4,1,True,,,
2023,2024,4395669.0,14,7,True,,,
2023,2024,5105672.0,14,14,False,,,
2023,2024,4702743.0,10,10,False,,,
2023,2024,4897240.0,13,13,False,,,
2023,2024,4897352.0,12,12,False,,,
2023,2024,4703600.0,17,13,True,,,
2023,2024,4699582.0,16,15,True,,,
2023,2024,4897987.0,3,13,True,,,
2023,2024,4432092.0,6,6,False,,,
2023,2024,5107252.0,9,9,False,,,
2023,2024,4397137.0,17,1,True,,,
2023,2024,4897708.0,6,6,False,,,
2023,2024,4432203.0,4,3,True,,,
2023,2024,5108120.0,10,13,True,,,
2023,2024,4897214.0,13,13,False,,,
2023,2024,4683747.0,10,14,True,,,
2023,2024,4396747.0,2,5,True,,,
2023,2024,4433127.0,10,10,False,,,
2023,2024,5106587.0,1,6,True,,,
2023,2024,4433172.0,3,14,True,,,
2023,2024,4897813.0,9,15,True,,,
2023,2024,4897933.0,12,12,False,,,
2023,2024,4592444.0,14,14,False,,,
2023,2024,4703521.0,3,3,False,,,
2023,2024,4837356.0,1,14,True,,,
2023,2024,4593308.0,4,12,True,,,
2023,2024,4431943.0,14,4,True,,,
2023,2024,4683631.0,9,9,False,,,
2023,2024,4431932.0,13,13,False,,,
2023,2024,4433175.0,3,14,True,,,
2023,2024,4702965.0,8,7,True,,,
2023,2024,4701208.0,9,9,False,,,
2023,2024,4897551.0,4,14,True,,,
2023,2024,4593126.0,17,4,True,,,
2023,2024,4592935.0,4,17,True,,,
2023,2024,4702674.0,12,4,True,,,
2023,2024,5106697.0,16,6,True,,,
2023,2024,4700856.0,9,9,False,,,
2023,2024,4683855.0,3,14,True,,,
2023,2024,5106446.0,4,4,False,,,
2023,2024,4592778.0,15,15,False,,,
2023,2024,5105879.0,6,6,False,,,
2023,2024,5107229.0,12,3,True,,,
2023,2024,4067423.0,0,2,True,,,
2023,2024,4593372.0,4,4,False,,,
2023,2024,4898190.0,4,3,True,,,
2023,2024,4702970.0,13,17,True,,,
2023,2024,4897088.0,4,0,True,,,
2023,2024,4708217.0,10,13,True,,,
2023,2024,4397237.0,15,15,False,,,
2023,2024,4592682.0,13,13,False,,,
2023,2024,4593691.0,6,6,False,,,
2023,2024,4897852.0,10,10,False,,,
2023,2024,4684733.0,13,17,True,,,
2023,2024,4593240.0,17,13,True,,,
2023,2024,4900680.0,6,4,True,,,
2023,2024,4703266.0,16,16,False,,,
2023,2024,5108023.0,4,4,False,,,
2023,2024,4904482.0,13,0,True,,,
2023,2024,4702875.0,13,17,True,,,
2023,2024,4684153.0,7,1,True,,,
2023,2024,4703016.0,10,10,False,,,
2023,2024,4290822.0,9,15,True,,,
2023,2024,4703889.0,10,2,True,,,
2023,2024,4431710.0,9,2,True,,,
2023,2024,5105499.0,5,5,False,,,
2023,2024,4897357.0,14,15,True,,,
2023,2024,4703231.0,13,8,True,,,
2023,2024,4431966.0,2,16,True,,,
2023,2024,4431953.0,13,6,True,,,
2023,2024,4709131.0,4,14,True,,,
2023,2024,4897958.0,4,7,True,,,
2023,2024,4432939.0,11,11,False,,,
2023,2024,4433495.0,11,9,True,,,
2023,2024,5106449.0,16,1,True,,,
2023,2024,4702487.0,17,4,True,,,
2023,2024,4432934.0,13,13,False,,,
2023,2024,4702352.0,3,14,True,,,
2023,2024,4609653.0,6,6,False,,,
2023,2024,5105621.0,4,4,False,,,
2023,2024,5106641.0,12,13,True,,,
2023,2024,5109770.0,6,8,True,,,
2023,2024,4432641.0,3,3,False,,,
2023,2024,4897718.0,12,12,False,,,
2023,2024,4432931.0,13,13,False,,,
2023,2024,4898238.0,13,17,True,,,
2023,2024,5107702.0,4,1,True,,,
2023,2024,4702696.0,13,13,False,,,
2023,2024,4701120.0,14,14,False,,,
2023,2024,4710770.0,4,14,True,,,
2023,2024,4433527.0,6,3,True,,,
2023,2024,5107408.0,11,6,True,,,
2023,2024,4585617.0,4,4,False,,,
2023,2024,4899535.0,13,13,False,,,
2023,2024,4684799.0,16,10,True,,,
2023,2024,4431925.0,0,10,True,,,
2023,2024,4897382.0,10,10,False,,,
2023,2024,5105791.0,4,14,True,,,
2023,2024,4700969.0,3,3,False,,,
2023,2024,5105636.0,4,4,False,,,
2023,2024,4702699.0,13,13,False,,,
2023,2024,4396584.0,12,0,True,,,
2023,2024,4432059.0,7,4,True,,,
2023,2024,4702995.0,17,17,False,,,
2023,2024,4898213.0,4,4,False,,,
2023,2024,4710358.0,3,3,False,,,
2023,2024,4701245.0,1,13,True,,,
2023,2024,4701845.0,14,14,False,,,
2023,2024,5107349.0,16,6,True,,,
2023,2024,5105631.0,11,9,True,,,
2023,2024,5107893.0,13,10,True,,,
2023,2024,4700859.0,15,16,True,,,
2023,2024,5105805.0,3,14,True,,,
2023,2024,4431987.0,3,14,True,,,
2023,2024,5107251.0,9,2,True,,,
2023,2024,5107701.0,1,1,False,,,
2023,2024,4397471.0,10,6,True,,,
2023,2024,4431903.0,4,3,True,,,
2023,2024,4684596.0,16,17,True,,,
2023,2024,5107199.0,14,14,False,,,
2023,2024,4592965.0,14,14,False,,,
2023,2024,4702126.0,13,12,True,,,
2023,2024,4702110.0,1,1,False,,,
2023,2024,4896994.0,13,17,True,,,
2023,2024,5107376.0,7,0,True,,,
2023,2024,4594111.0,15,15,False,,,
2023,2024,4898266.0,11,1,True,,,
2023,2024,4593408.0,6,4,True,,,
2023,2024,4702289.0,9,9,False,,,
2023,2024,4897696.0,9,9,False,,,
2023,2024,4592491.0,4,13,True,,,
2023,2024,4433009.0,3,4,True,,,
2023,2024,4898347.0,16,10,True,,,
2023,2024,4896621.0,7,6,True,,,
2023,2024,5106684.0,13,12,True,,,
2023,2024,4432856.0,6,6,False,,,
2023,2024,4703428.0,6,11,True,,,
2023,2024,4898210.0,15,15,False,,,
2023,2024,4897265.0,6,6,False,,,
2023,2024,4567082.0,8,17,True,,,
2023,2024,5108874.0,11,16,True,,,
2023,2024,5107810.0,16,11,True,,,
2023,2024,4593683.0,17,4,True,,,
2023,2024,5106642.0,8,12,True,,,
2023,2024,5106769.0,4,14,True,,,
2023,2024,4897713.0,3,14,True,,,
2023,2024,4701219.0,17,10,True,,,
2023,2024,4592273.0,4,4,False,,,
2023,2024,4703146.0,5,5,False,,,
2023,2024,4896536.0,11,16,True,,,
2023,2024,4397079.0,10,1,True,,,
2023,2024,4702353.0,4,12,True,,,
2023,2024,4897202.0,7,3,True,,,
2023,2024,5108030.0,9,9,False,,,
2023,2024,5107689.0,8,8,False,,,
2023,2024,4593869.0,3,14,True,,,
2023,2024,4433596.0,10,10,False,,,
2023,2024,4431831.0,4,4,False,,,
2023,2024,4593375.0,10,1,True,,,
2023,2024,4838723.0,0,1,True,,,
2023,2024,4396012.0,11,2,True,,,
2023,2024,4431818.0,16,16,False,,,
2023,2024,4897724.0,16,11,True,,,
2023,2024,5107474.0,7,7,False,,,
2023,2024,4684620.0,7,12,True,,,
2023,2024,5108861.0,8,6,True,,,
2023,2024,4432036.0,10,10,False,,,
2023,2024,4898187.0,10,10,False,,,
2023,2024,4431704.0,17,4,True,,,
2023,2024,4592915.0,10,4,True,,,
2023,2024,4897639.0,7,12,True,,,
2023,2024,4897471.0,8,15,True,,,
2023,2024,4431701.0,7,1,True,,,
2023,2024,4433607.0,15,15,False,,,
2023,2024,4432954.0,17,17,False,,,
2023,2024,4431777.0,9,9,False,,,
2023,2024,4702945.0,12,14,True,,,
2023,2024,4711679.0,8,3,True,,,
2023,2024,4432021.0,6,10,True,,,
2023,2024,4703394.0,13,17,True,,,
2023,2024,4897209.0,12,12,False,,,
2023,2024,4706609.0,7,7,False,,,
2023,2024,4398418.0,17,13,True,,,
2023,2024,4590399.0,9,15,True,,,
2023,2024,4431718.0,15,15,False,,,
2023,2024,4703886.0,2,2,False,,,
2023,2024,4683639.0,17,17,False,,,
2023,2024,4705377.0,3,3,False,,,
2023,2024,4701572.0,4,4,False,,,
2023,2024,5106673.0,11,16,True,,,
2023,2024,5107283.0,6,1,True,,,
2023,2024,4702971.0,15,10,True,,,
2023,2024,5105887.0,13,12,True,,,
2023,2024,4432208.0,16,16,False,,,
2023,2024,4433168.0,0,6,True,,,
2023,2024,4702973.0,10,14,True,,,
2023,2024,4702775.0,12,12,False,,,
2023,2024,4897517.0,2,1,True,,,
2023,2024,4711705.0,7,1,True,,,
2023,2024,5108084.0,6,15,True,,,
2023,2024,4396963.0,10,17,True,,,
2023,2024,4594265.0,12,13,True,,,
2023,2024,4702498.0,1,1,False,,,
2023,2024,4592903.0,11,11,False,,,
2023,2024,5107282.0,16,2,True,,,
2023,2024,4567711.0,14,4,True,,,
2023,2024,4601289.0,14,12,True,,,
2023,2024,4432401.0,15,15,False,,,
2023,2024,4699725.0,14,1,True,,,
2023,2024,4397659.0,13,6,True,,,
2023,2024,4431746.0,4,17,True,,,
2023,2024,5110435.0,8,8,False,,,
2023,2024,4702382.0,10,10,False,,,
2023,2024,4812368.0,12,3,True,,,
2023,2024,4431931.0,9,9,False,,,
2023,2024,4702371.0,13,13,False,,,
2023,2024,4712902.0,10,2,True,,,
2023,2024,4592296.0,17,13,True,,,
2023,2024,4431713.0,10,1,True,,,
2023,2024,5105486.0,10,10,False,,,
2023,2024,4897162.0,10,6,True,,,
2023,2024,4897328.0,6,6,False,,,
2023,2024,4592857.0,1,1,False,,,
2023,2024,4592605.0,10,5,True,,,
2023,2024,4432814.0,17,4,True,,,
2023,2024,4431889.0,16,9,True,,,
2023,2024,4703836.0,7,4,True,,,
2023,2024,4684793.0,15,15,False,,,
2023,2024,4702996.0,12,13,True,,,
2023,2024,4398356.0,10,10,False,,,
2023,2024,4431741.0,13,13,False,,,
2023,2024,4593336.0,12,4,True,,,
2023,2024,4705373.0,15,6,True,,,
2023,2024,4398275.0,6,10,True,,,
2023,2024,4431761.0,13,12,True,,,
2023,2024,4897346.0,7,10,True,,,
2023,2024,5107857.0,8,7,True,,,
2023,2024,5106633.0,13,13,False,,,
2023,2024,4396804.0,9,2,True,,,
2023,2024,4585618.0,14,14,False,,,
2023,2024,4897417.0,2,15,True,,,
2023,2024,5108080.0,0,0,False,,,
2023,2024,4816113.0,4,4,False,,,
2023,2024,5105865.0,16,6,True,,,
2023,2024,4431994.0,3,8,True,,,
2023,2024,5107623.0,12,17,True,,,
2023,2024,4397265.0,17,13,True,,,
2023,2024,4432195.0,3,14,True,,,
2023,2024,4701556.0,11,15,True,,,
2023,2024,4396948.0,4,14,True,,,
2023,2024,4697268.0,17,17,False,,,
2023,2024,4433281.0,10,10,False,,,
2023,2024,4897371.0,17,10,True,,,
2023,2024,4433108.0,13,6,True,,,
2023,2024,5106843.0,13,17,True,,,
2023,2024,4432920.0,1,1,False,,,
2023,2024,5108025.0,2,16,True,,,
2023,2024,4702687.0,16,6,True,,,
2023,2024,4432008.0,17,4,True,,,
2023,2024,5105457.0,14,3,True,,,
2023,2024,4701991.0,14,4,True,,,
2023,2024,4431734.0,15,15,False,,,
2023,2024,4897224.0,4,13,True,,,
2023,2024,4897656.0,8,7,True,,,
2023,2024,5107976.0,11,6,True,,,
2023,2024,4592893.0,17,13,True,,,
2023,2024,4703134.0,11,6,True,,,
2023,2024,4706557.0,17,4,True,,,
2023,2024,4396616.0,4,4,False,,,
2023,2024,5107306.0,7,8,True,,,
2023,2024,5107454.0,6,6,False,,,
2023,2024,5107903.0,5,9,True,,,
2023,2024,4896859.0,13,17,True,,,
2023,2024,4406392.0,16,11,True,,,
2023,2024,5106756.0,16,5,True,,,
2023,2024,4897338.0,3,1,True,,,
2023,2024,4897210.0,11,5,True,,,
2023,2024,4701182.0,15,15,False,,,
2023,2024,4432818.0,12,3,True,,,
2023,2024,4431698.0,4,13,True,,,
2023,2024,4702189.0,3,7,True,,,
2023,2024,4432946.0,10,10,False,,,
2023,2024,5106841.0,10,1,True,,,
2023,2024,4593988.0,6,1,True,,,
2023,2024,5107088.0,17,13,True,,,
2023,2024,4397075.0,0,16,True,,,
2023,2024,4897149.0,4,4,False,,,
2023,2024,4917097.0,10,15,True,,,
2023,2024,4898116.0,6,10,True,,,
2023,2024,4431844.0,11,11,False,,,
2023,2024,4592841.0,12,6,True,,,
2023,2024,4585611.0,2,5,True,,,
2023,2024,5105620.0,16,6,True,,,
2023,2024,5107269.0,10,7,True,,,
2023,2024,4683945.0,10,13,True,,,
2023,2024,4592205.0,6,6,False,,,
2023,2024,4397691.0,5,2,True,,,
2023,2024,4593129.0,7,10,True,,,
2023,2024,4897139.0,3,14,True,,,
2023,2024,4897501.0,2,11,True,,,
2023,2024,4431724.0,9,9,False,,,
2023,2024,4592670.0,10,7,True,,,
2023,2024,4711668.0,0,10,True,,,
2023,2024,4593256.0,6,6,False,,,
2023,2024,4592966.0,1,6,True,,,
2023,2024,4432847.0,14,10,True,,,
2023,2024,4432680.0,16,15,True,,,
2023,2024,4593355.0,0,10,True,,,
2023,2024,4398403.0,12,12,False,,,
2023,2024,4684745.0,16,6,True,,,
2023,2024,4433600.0,6,10,True,,,
2023,2024,4703526.0,6,6,False,,,
2023,2024,5105811.0,6,15,True,,,
2023,2024,4592671.0,2,2,False,,,
2023,2024,4592606.0,12,4,True,,,
2023,2024,4431765.0,4,4,False,,,
2023,2024,5107233.0,13,13,False,,,
2023,2024,4433011.0,13,13,False,,,
2023,2024,4597790.0,13,13,False,,,
2023,2024,4897583.0,6,16,True,,,
2023,2024,5107358.0,6,6,False,,,
2023,2024,4590401.0,13,10,True,,,
2023,2024,4593968.0,2,5,True,,,
2023,2024,4592733.0,10,10,False,,,
2023,2024,5105453.0,16,16,False,,,
2023,2024,4898258.0,2,15,True,,,
2023,2024,4431774.0,3,4,True,,,
2023,2024,4592754.0,16,0,True,,,
2023,2024,5105448.0,17,10,True,,,
2023,2024,4606837.0,4,1,True,,,
2023,2024,4701160.0,7,6,True,,,
2023,2024,4278072.0,4,17,True,,,
2023,2024,5107222.0,7,1,True,,,
2023,2024,4432971.0,17,10,True,,,
2023,2024,4397778.0,4,17,True,,,
2023,2024,4433018.0,5,5,False,,,
2023,2024,5107968.0,14,14,False,,,
2023,2024,4431764.0,2,9,True,,,
2023,2024,4594264.0,6,10,True,,,
2023,2024,4432191.0,17,13,True,,,
2023,2024,4896884.0,10,0,True,,,
2023,2024,4683857.0,1,1,False,,,
2023,2024,5105841.0,9,9,False,,,
2023,2024,4709454.0,13,10,True,,,
2023,2024,4431674.0,15,15,False,,,
2023,2024,4432200.0,3,4,True,,,
2023,2024,4703885.0,1,17,True,,,
2023,2024,4592988.0,0,13,True,,,
2023,2024,4898237.0,1,1,False,,,
2023,2024,4593081.0,12,13,True,,,
2023,2024,4431827.0,10,6,True,,,
2023,2024,4684729.0,14,14,False,,,
2023,2024,4700882.0,10,1,True,,,
2023,2024,4592439.0,7,14,True,,,
2023,2024,4692907.0,3,7,True,,,
2023,2024,4702520.0,16,16,False,,,
2023,2024,4601026.0,10,17,True,,,
2023,2024,4897055.0,10,1,True,,,
2023,2024,4398398.0,3,3,False,,,
2023,2024,4703538.0,1,14,True,,,
2023,2024,4433166.0,16,10,True,,,
2023,2024,4593089.0,2,15,True,,,
2023,2024,4593292.0,3,3,False,,,
2023,2024,5105337.0,2,2,False,,,
2023,2024,5107263.0,13,13,False,,,
2023,2024,5105600.0,3,14,True,,,
2023,2024,4896531.0,4,3,True,,,
2023,2024,5105651.0,4,4,False,,,
2023,2024,4897654.0,14,4,True,,,
2023,2024,4431837.0,10,6,True,,,
2023,2024,5105854.0,14,14,False,,,
2023,2024,4701228.0,16,9,True,,,
2023,2024,5107273.0,7,4,True,,,
2023,2024,4683735.0,1,1,False,,,
2023,2024,4897155.0,3,14,True,,,
2023,2024,4703393.0,10,10,False,,,
2023,2024,4593093.0,4,17,True,,,
2023,2024,5107607.0,6,6,False,,,
2023,2024,4897673.0,7,7,False,,,
2023,2024,4837238.0,10,14,True,,,
2023,2024,4896538.0,13,4,True,,,
2023,2024,4431815.0,3,3,False,,,
2023,2024,4432872.0,15,10,True,,,
2023,2024,4701995.0,14,14,False,,,
2023,2024,4431776.0,10,10,False,,,
2023,2024,4702466.0,0,0,False,,,
2023,2024,4592425.0,16,2,True,,,
2023,2024,4593397.0,12,4,True,,,
2023,2024,4593730.0,4,4,False,,,
2023,2024,4703241.0,10,10,False,,,
2023,2024,4623861.0,7,13,True,,,
2023,2024,4397450.0,14,14,False,,,
2023,2024,5108847.0,4,12,True,,,
2023,2024,4597990.0,12,6,True,,,
2023,2024,5105853.0,4,4,False,,,
2023,2024,4593351.0,4,4,False,,,
2023,2024,4703242.0,2,2,False,,,
2023,2024,4897894.0,17,4,True,,,
2023,2024,4398397.0,13,4,True,,,
2023,2024,4897296.0,4,13,True,,,
2023,2024,4432483.0,9,16,True,,,
2023,2024,4897293.0,16,11,True,,,
2023,2024,4702012.0,12,13,True,,,
2023,2024,4703621.0,12,13,True,,,
2023,2024,4396933.0,15,15,False,,,
2023,2024,4897907.0,11,9,True,,,
2023,2024,4702666.0,7,14,True,,,
2023,2024,4612161.0,12,3,True,,,
2023,2024,5107258.0,16,2,True,,,
2023,2024,5106719.0,3,12,True,,,
2023,2024,4683836.0,13,13,False,,,
2023,2024,4700870.0,15,10,True,,,
2023,2024,4431739.0,5,9,True,,,
2023,2024,4702534.0,0,5,True,,,
2023,2024,5105780.0,3,3,False,,,
2023,2024,4592343.0,3,17,True,,,
2023,2024,4592701.0,7,7,False,,,
2023,2024,4592260.0,8,12,True,,,
2023,2024,4592600.0,15,15,False,,,
2023,2024,5108977.0,16,16,False,,,
2023,2024,4432313.0,2,16,True,,,
2023,2024,4702958.0,12,0,True,,,
2023,2024,5107621.0,4,4,False,,,
2023,2024,4905250.0,7,4,True,,,
2023,2024,4702967.0,12,12,False,,,
2023,2024,4897483.0,10,17,True,,,
2023,2024,4592609.0,11,11,False,,,
2023,2024,4897695.0,12,13,True,,,
2023,2024,4897697.0,16,16,False,,,
2023,2024,4702005.0,7,14,True,,,
2023,2024,4703131.0,3,3,False,,,
2023,2024,5109784.0,11,16,True,,,
2023,2024,4897981.0,16,16,False,,,
2023,2024,5105647.0,9,9,False,,,
2023,2024,4593882.0,0,0,False,,,
2023,2024,5105534.0,11,16,True,,,
2023,2024,4703234.0,6,6,False,,,
2023,2024,4897538.0,7,7,False,,,
2023,2024,4594013.0,16,6,True,,,
2023,2024,4702966.0,4,6,True,,,
2023,2024,4897562.0,4,12,True,,,
2023,2024,4875213.0,7,10,True,,,
2023,2024,4585606.0,17,10,True,,,
2023,2024,4897604.0,4,13,True,,,
2023,2024,4791227.0,15,10,True,,,
2023,2024,4897995.0,10,13,True,,,
2023,2024,4897331.0,16,16,False,,,
2023,2024,4703575.0,15,15,False,,,
2023,2024,4712834.0,7,1,True,,,
2023,2024,4433083.0,1,17,True,,,
2023,2024,4431805.0,11,11,False,,,
2023,2024,5105489.0,3,13,True,,,
2023,2024,4897701.0,7,1,True,,,
2023,2024,4703183.0,6,1,True,,,
2023,2024,4702357.0,0,0,False,,,
2023,2024,5108867.0,16,8,True,,,
2023,2024,4704078.0,3,3,False,,,
2023,2024,4432193.0,15,15,False,,,
2023,2024,4433569.0,9,15,True,,,
2023,2024,4592914.0,1,1,False,,,
2023,2024,4897306.0,17,13,True,,,
2023,2024,4684628.0,4,4,False,,,
2023,2024,5105904.0,16,16,False,,,
2023,2024,5105449.0,9,2,True,,,
2023,2024,4897472.0,3,14,True,,,
2023,2024,4897379.0,13,0,True,,,
2023,2024,4601286.0,4,13,True,,,
2023,2024,5107271.0,2,16,True,,,
2023,2024,4700953.0,9,9,False,,,
2023,2024,4684159.0,0,0,False,,,
2023,2024,4610401.0,2,9,True,,,
2023,2024,4592922.0,6,16,True,,,
2023,2024,5107566.0,13,10,True,,,
2023,2024,4703125.0,17,17,False,,,
2023,2024,4593753.0,5,5,False,,,
2023,2024,4596528.0,5,16,True,,,
2023,2024,4592996.0,13,13,False,,,
2023,2024,4701211.0,3,14,True,,,
2023,2024,4683633.0,4,4,False,,,
2023,2024,4683853.0,4,4,False,,,
2023,2024,4601285.0,6,6,False,,,
2023,2024,4431737.0,10,10,False,,,
2023,2024,4593839.0,13,13,False,,,
2023,2024,4897614.0,4,13,True,,,
2023,2024,4684310.0,16,5,True,,,
2023,2024,4602027.0,1,4,True,,,
2023,2024,4432175.0,12,4,True,,,
2023,2024,5105821.0,8,6,True,,,
2023,2024,5105681.0,6,6,False,,,
2023,2024,5106715.0,8,1,True,,,
2023,2024,4611534.0,1,17,True,,,
2023,2024,5108082.0,3,3,False,,,
2023,2024,4897135.0,5,9,True,,,
2023,2024,4701984.0,2,2,False,,,
2023,2024,4898221.0,15,6,True,,,
2023,2024,4398319.0,1,10,True,,,
2023,2024,4701986.0,12,13,True,,,
2023,2024,4897608.0,16,16,False,,,
2023,2024,4702504.0,14,3,True,,,
2023,2024,4702104.0,4,4,False,,,
2023,2024,4897261.0,13,0,True,,,
2023,2024,4896372.0,14,4,True,,,
2023,2024,5107383.0,3,3,False,,,
2023,2024,4432136.0,2,15,True,,,
2023,2024,4396774.0,2,16,True,,,
2023,2024,4703982.0,1,13,True,,,
2023,2024,5106610.0,7,3,True,,,
2023,2024,4896537.0,6,11,True,,,
2023,2024,4897504.0,6,6,False,,,
2023,2024,5108762.0,2,2,False,,,
2023,2024,5105881.0,9,9,False,,,
2023,2024,4684445.0,15,16,True,,,
2023,2024,4683730.0,1,1,False,,,
2023,2024,4431728.0,15,1,True,,,
2023,2024,5106686.0,3,3,False,,,
2023,2024,5107152.0,12,4,True,,,
2023,2024,4398279.0,15,16,True,,,
2023,2024,4700848.0,13,0,True,,,
2023,2024,4898006.0,16,16,False,,,
2023,2024,4702432.0,15,10,True,,,
2023,2024,4397685.0,10,1,True,,,
2023,2024,4897549.0,2,9,True,,,
2023,2024,4433616.0,14,1,True,,,
2023,2024,4593307.0,7,12,True,,,
2023,2024,5107220.0,11,5,True,,,
2023,2024,4431832.0,15,15,False,,,
2023,2024,4593080.0,4,4,False,,,
2023,2024,4683942.0,6,6,False,,,
2023,2024,5106236.0,4,4,False,,,
2023,2024,4433195.0,4,12,True,,,
2023,2024,5107768.0,3,8,True,,,
2023,2024,4432930.0,4,4,False,,,
2023,2024,4706679.0,16,5,True,,,
2023,2024,4431923.0,10,6,True,,,
2023,2024,4702491.0,4,4,False,,,
2023,2024,5105627.0,6,10,True,,,
2023,2024,4703924.0,13,13,False,,,
2023,2024,4703826.0,13,17,True,,,
2023,2024,4897052.0,15,15,False,,,
2023,2024,4432441.0,10,6,True,,,
2023,2024,4431787.0,3,1,True,,,
2023,2024,4592655.0,1,10,True,,,
2023,2024,5108098.0,8,0,True,,,
2023,2024,4703015.0,15,9,True,,,
2023,2024,5107268.0,13,13,False,,,
2023,2024,4711691.0,0,12,True,,,
2023,2024,4396592.0,4,13,True,,,
2023,2024,5108040.0,3,4,True,,,
2023,2024,5108045.0,16,16,False,,,
2023,2024,5106240.0,6,11,True,,,
2023,2024,4683697.0,6,13,True,,,
2023,2024,4897526.0,13,13,False,,,
2023,2024,5107977.0,3,3,False,,,
2023,2024,4594148.0,15,10,True,,,
2023,2024,4897628.0,11,16,True,,,
2023,2024,5106728.0,17,6,True,,,
2023,2024,4703691.0,3,3,False,,,
2023,2024,4592485.0,5,5,False,,,
2023,2024,4896946.0,11,5,True,,,
2023,2024,5105823.0,2,2,False,,,
2023,2024,4433119.0,16,11,True,,,
2023,2024,5108721.0,6,6,False,,,
2023,2024,4397589.0,7,4,True,,,
2023,2024,4898188.0,17,17,False,,,
2023,2024,4432888.0,5,5,False,,,
2023,2024,4703629.0,14,3,True,,,
2023,2024,4897090.0,3,3,False,,,
2023,2024,4702509.0,6,6,False,,,
2023,2024,4581445.0,13,12,True,,,
2023,2024,4702236.0,6,10,True,,,
2023,2024,5108083.0,3,4,True,,,
2023,2024,4896615.0,4,14,True,,,
2023,2024,4433629.0,4,14,True,,,
2023,2024,4705304.0,7,0,True,,,
2023,2024,4702106.0,17,17,False,,,
2023,2024,4703810.0,10,16,True,,,
2023,2024,4701846.0,10,10,False,,,
2023,2024,4703167.0,7,14,True,,,
2023,2024,4897313.0,6,6,False,,,
2023,2024,5105644.0,16,16,False,,,
2023,2024,4594037.0,4,14,True,,,
2023,2024,5107317.0,4,4,False,,,
2023,2024,5109781.0,11,11,False,,,
2023,2024,4897563.0,16,16,False,,,
2023,2024,4590359.0,6,6,False,,,
2023,2024,4897447.0,0,4,True,,,
2023,2024,5105771.0,13,13,False,,,
2023,2024,5107369.0,10,10,False,,,
2023,2024,4898255.0,8,3,True,,,
2023,2024,4898371.0,16,15,True,,,
2023,2024,5108104.0,4,14,True,,,
2023,2024,4687376.0,16,6,True,,,
2023,2024,4686333.0,7,7,False,,,
2023,2024,4594012.0,7,3,True,,,
2023,2024,4432026.0,0,0,False,,,
2023,2024,4590360.0,4,1,True,,,
2023,2024,4590364.0,6,10,True,,,
2023,2024,4683682.0,1,17,True,,,
2023,2024,4699440.0,10,15,True,,,
2023,2024,5113487.0,3,3,False,,,
2023,2024,4398226.0,15,15,False,,,
2023,2024,5108000.0,13,12,True,,,
2023,2024,5107208.0,0,7,True,,,
2023,2024,4397113.0,16,16,False,,,
2023,2024,4593721.0,0,10,True,,,
2023,2024,4703887.0,2,2,False,,,
2023,2024,5107456.0,13,6,True,,,
2023,2024,4898236.0,13,17,True,,,
2023,2024,4593830.0,4,14,True,,,
2023,2024,5106615.0,7,7,False,,,
2023,2024,5106034.0,11,11,False,,,
2023,2024,4703973.0,14,14,False,,,
2023,2024,4431950.0,13,13,False,,,
2023,2024,4432150.0,17,7,True,,,
2023,2024,4396975.0,6,1,True,,,
2023,2024,4702738.0,13,13,False,,,
2023,2024,4431763.0,14,14,False,,,
2023,2024,4433229.0,9,5,True,,,
2023,2024,4897670.0,15,15,False,,,
2023,2024,4433611.0,6,12,True,,,
2023,2024,4713935.0,15,6,True,,,
2023,2024,4395700.0,3,6,True,,,
2023,2024,4592262.0,14,14,False,,,
2023,2024,4592448.0,15,15,False,,,
2023,2024,5107791.0,7,0,True,,,
2023,2024,4694228.0,0,4,True,,,
2023,2024,4704077.0,6,1,True,,,
2023,2024,4431808.0,7,7,False,,,
2023,2024,4897641.0,1,1,False,,,
2023,2024,4703685.0,5,16,True,,,
2023,2024,4703923.0,15,15,False,,,
2023,2024,5105979.0,0,7,True,,,
2023,2024,5107095.0,3,12,True,,,
2023,2024,5106288.0,6,10,True,,,
2023,2024,4897542.0,8,12,True,,,
2023,2024,4704088.0,0,16,True,,,
2023,2024,5106652.0,12,12,False,,,
2023,2024,4899682.0,7,5,True,,,
2023,2024,4702530.0,10,1,True,,,
2023,2024,4592885.0,2,5,True,,,
2023,2024,4431915.0,4,4,False,,,
2023,2024,4432849.0,1,7,True,,,
2023,2024,4592761.0,4,4,False,,,
2023,2024,4606836.0,5,2,True,,,
2023,2024,5106044.0,7,1,True,,,
2023,2024,4432130.0,6,10,True,,,
2023,2024,4897497.0,2,16,True,,,
2023,2024,4683862.0,14,4,True,,,
2023,2024,5108863.0,3,7,True,,,
2023,2024,4278533.0,10,10,False,,,
2023,2024,4897477.0,4,4,False,,,
2023,2024,4897990.0,6,6,False,,,
2023,2024,4431824.0,2,16,True,,,
2023,2024,4701318.0,10,10,False,,,
2023,2024,5105587.0,6,0,True,,,
2023,2024,4432169.0,10,10,False,,,
2023,2024,5106268.0,15,2,True,,,
2023,2024,5106791.0,16,16,False,,,
2023,2024,4683737.0,13,17,True,,,
2023,2024,4897066.0,12,13,True,,,
2023,2024,4433200.0,10,10,False,,,
2023,2024,5106284.0,7,7,False,,,
2023,2024,4703815.0,16,16,False,,,
2023,2024,4683676.0,12,12,False,,,
2023,2024,4897176.0,4,4,False,,,
2023,2024,4897812.0,15,15,False,,,
2023,2024,4709141.0,13,4,True,,,
2023,2024,4703220.0,14,4,True,,,
2023,2024,4601025.0,10,10,False,,,
2023,2024,4593449.0,4,1,True,,,
2023,2024,5107438.0,11,5,True,,,
2023,2024,4702499.0,15,16,True,,,
2023,2024,5110173.0,1,6,True,,,
2023,2024,5107611.0,16,11,True,,,
2023,2024,4683758.0,12,17,True,,,
2023,2024,4838718.0,16,16,False,,,
2023,2024,4589483.0,1,1,False,,,
2023,2024,4709132.0,14,14,False,,,
2023,2024,5106272.0,7,3,True,,,
2023,2024,4894236.0,2,2,False,,,
2023,2024,4897514.0,13,13,False,,,
2023,2024,4593845.0,13,12,True,,,
2023,2024,4702143.0,10,6,True,,,
2023,2024,4897557.0,3,14,True,,,
2023,2024,4397401.0,4,13,True,,,
2023,2024,4593329.0,5,9,True,,,
2023,2024,4702976.0,11,15,True,,,
2023,2024,4432115.0,11,11,False,,,
2023,2024,4432866.0,9,15,True,,,
2023,2024,4431961.0,10,10,False,,,
2023,2024,4684301.0,9,9,False,,,
2023,2024,4702178.0,2,2,False,,,
2023,2024,4702964.0,12,6,True,,,
2023,2024,4432512.0,9,1,True,,,
2023,2024,4592950.0,1,8,True,,,
2023,2024,4593722.0,5,2,True,,,
2023,2024,4897649.0,4,1,True,,,
2023,2024,5105445.0,8,0,True,,,
2023,2024,4703144.0,6,12,True,,,
2023,2024,5106242.0,0,6,True,,,
2023,2024,4592767.0,3,14,True,,,
2023,2024,4897451.0,7,4,True,,,
2023,2024,4693954.0,10,15,True,,,
2023,2024,4602025.0,1,10,True,,,
2023,2024,4897686.0,10,10,False,,,
2023,2024,4896936.0,10,1,True,,,
2023,2024,4593989.0,3,4,True,,,
2023,2024,4897000.0,5,2,True,,,
2023,2024,4702929.0,2,2,False,,,
2023,2024,4897449.0,10,15,True,,,
2023,2024,4702288.0,1,17,True,,,
2023,2024,4702503.0,15,2,True,,,
2023,2024,5106705.0,0,17,True,,,
2023,2024,5105458.0,11,16,True,,,
2023,2024,4433245.0,4,13,True,,,
2023,2024,4432196.0,17,14,True,,,
2023,2024,4432402.0,13,13,False,,,
2023,2024,4896465.0,10,10,False,,,
2023,2024,5107274.0,13,17,True,,,
2023,2024,5105861.0,13,13,False,,,
2023,2024,5106618.0,17,13,True,,,
2023,2024,4702528.0,13,17,True,,,
2023,2024,4585866.0,6,12,True,,,
2023,2024,4592283.0,6,15,True,,,
2023,2024,4702602.0,10,2,True,,,
2023,2024,4703116.0,5,2,True,,,
2023,2024,4896970.0,14,13,True,,,
2023,2024,4896504.0,8,12,True,,,
2023,2024,5107797.0,2,2,False,,,
2023,2024,4703435.0,3,4,True,,,
2023,2024,4897191.0,16,16,False,,,
2023,2024,5107188.0,6,6,False,,,
2023,2024,4898242.0,14,4,True,,,
2023,2024,4592912.0,13,17,True,,,
2023,2024,4897438.0,15,15,False,,,
2023,2024,4577803.0,6,7,True,,,
2023,2024,4592709.0,13,17,True,,,
2023,2024,4702196.0,10,10,False,,,
2023,2024,4703693.0,5,5,False,,,
2023,2024,4433144.0,4,14,True,,,
2023,2024,4432443.0,7,13,True,,,
2023,2024,5107507.0,2,2,False,,,
2023,2024,4432746.0,15,6,True,,,
2023,2024,4897167.0,6,15,True,,,
2023,2024,5105481.0,4,4,False,,,
2023,2024,4432180.0,15,15,False,,,
2023,2024,4702134.0,15,15,False,,,
2023,2024,4703434.0,0,10,True,,,
2023,2024,4433177.0,1,1,False,,,
2023,2024,4597867.0,16,2,True,,,
2023,2024,4898380.0,7,1,True,,,
2023,2024,4593851.0,15,5,True,,,
2023,2024,4702670.0,15,15,False,,,
2023,2024,5105981.0,1,13,True,,,
2023,2024,4702722.0,2,10,True,,,
2023,2024,4888725.0,9,9,False,,,
2023,2024,5107242.0,6,14,True,,,
2023,2024,5108786.0,8,8,False,,,
2023,2024,4700880.0,6,4,True,,,
2023,2024,4703003.0,3,3,False,,,
2023,2024,4702512.0,10,13,True,,,
2023,2024,4593120.0,15,15,False,,,
2023,2024,4593752.0,14,13,True,,,
2023,2024,4703627.0,6,6,False,,,
2023,2024,4594110.0,6,8,True,,,
2023,2024,5107309.0,11,11,False,,,
2023,2024,5105545.0,12,13,True,,,
2023,2024,4898009.0,6,15,True,,,
2023,2024,4432068.0,15,15,False,,,
2023,2024,4897576.0,16,6,True,,,
2023,2024,4703178.0,12,12,False,,,
2023,2024,4897581.0,3,3,False,,,
2023,2024,5107818.0,15,15,False,,,
2023,2024,4700963.0,16,2,True,,,
2023,2024,4702068.0,16,15,True,,,
2023,2024,4431959.0,13,13,False,,,
2023,2024,4702784.0,15,10,True,,,
2023,2024,4432187.0,14,14,False,,,
2023,2024,5107782.0,1,14,True,,,
2023,2024,4432918.0,13,13,False,,,
2023,2024,5106035.0,1,1,False,,,
2023,2024,4702675.0,13,13,False,,,
2023,2024,4683934.0,1,1,False,,,
2023,2024,4703831.0,13,13,False,,,
2023,2024,4888733.0,0,3,True,,,
2023,2024,4700843.0,7,7,False,,,
2023,2024,4702431.0,5,2,True,,,
2023,2024,5106600.0,1,14,True,,,
2023,2024,4592648.0,7,13,True,,,
2023,2024,4590400.0,3,3,False,,,
2023,2024,4897280.0,10,10,False,,,
2023,2024,4898375.0,7,6,True,,,
2023,2024,4684809.0,14,14,False,,,
2023,2024,4703380.0,4,4,False,,,
2023,2024,5108903.0,3,3,False,,,
2023,2024,4704086.0,9,9,False,,,
2023,2024,4702478.0,13,7,True,,,
2023,2024,4397152.0,10,10,False,,,
2023,2024,4703868.0,14,14,False,,,
2023,2024,4594014.0,4,4,False,,,
2023,2024,4433277.0,7,6,True,,,
2023,2024,4896530.0,12,12,False,,,
2023,2024,4683949.0,0,0,False,,,
2023,2024,5107070.0,3,4,True,,,
2023,2024,4897464.0,14,10,True,,,
2023,2024,4702496.0,16,5,True,,,
2023,2024,4703386.0,3,4,True,,,
2023,2024,4700873.0,6,11,True,,,
2023,2024,4702103.0,11,2,True,,,
2023,2024,5107897.0,9,15,True,,,
2023,2024,5108141.0,10,14,True,,,
2023,2024,4433614.0,7,8,True,,,
2023,2024,5106770.0,4,4,False,,,
2023,2024,4432932.0,4,4,False,,,
2023,2024,4592720.0,9,9,False,,,
2023,2024,4897704.0,8,8,False,,,
2023,2024,5117820.0,4,14,True,,,
2023,2024,4397108.0,6,16,True,,,
2023,2024,4702658.0,3,12,True,,,
2023,2024,4896997.0,10,10,False,,,
2023,2024,4396657.0,10,17,True,,,
2023,2024,4593413.0,3,14,True,,,
2023,2024,4593149.0,6,6,False,,,
2023,2024,4897397.0,10,4,True,,,
2023,2024,4431770.0,4,4,False,,,
2023,2024,4433160.0,8,1,True,,,
2023,2024,4433566.0,14,14,False,,,
2023,2024,4702521.0,3,12,True,,,
2023,2024,4690767.0,7,17,True,,,
2023,2024,4897375.0,13,17,True,,,
2023,2024,4433285.0,10,15,True,,,
2023,2024,4896984.0,5,11,True,,,
2023,2024,4897282.0,13,13,False,,,
2023,2024,4581506.0,13,13,False,,,
2023,2024,4837237.0,1,6,True,,,
2023,2024,4575108.0,15,15,False,,,
2023,2024,4593409.0,10,10,False,,,
2023,2024,4592961.0,5,5,False,,,
2023,2024,4575472.0,6,1,True,,,
2023,2024,4712838.0,3,4,True,,,
2023,2024,4593263.0,10,10,False,,,
2023,2024,5105562.0,9,10,True,,,
2023,2024,4703262.0,3,4,True,,,
2023,2024,4592954.0,3,3,False,,,
2023,2024,4431700.0,6,12,True,,,
2023,2024,4897498.0,0,4,True,,,
2023,2024,5107314.0,6,10,True,,,
2023,2024,4702155.0,2,10,True,,,
2023,2024,4683751.0,4,14,True,,,
2023,2024,4433599.0,6,6,False,,,
2023,2024,4896862.0,6,6,False,,,
2023,2024,4701837.0,4,3,True,,,
2023,2024,4702105.0,3,3,False,,,
2023,2024,4702004.0,0,12,True,,,
2023,2024,4684627.0,13,17,True,,,
2023,2024,4897007.0,6,10,True,,,
2023,2024,4702730.0,16,15,True,,,
2023,2024,5107176.0,12,4,True,,,
2023,2024,4432852.0,6,10,True,,,
2023,2024,4712843.0,1,1,False,,,
2023,2024,5105847.0,2,1,True,,,
2023,2024,5105410.0,9,15,True,,,
2023,2024,5108809.0,17,4,True,,,
2023,2024,4433104.0,4,4,False,,,
2023,2024,4702744.0,17,17,False,,,
2023,2024,5107986.0,7,5,True,,,
2023,2024,4898217.0,14,4,True,,,
2023,2024,5106749.0,6,6,False,,,
2023,2024,4897146.0,16,2,True,,,
2023,2024,5105594.0,5,16,True,,,
2023,2024,4593063.0,4,3,True,,,
2023,2024,4702387.0,7,4,True,,,
2023,2024,4704083.0,12,12,False,,,
2023,2024,5105837.0,4,14,True,,,
2023,2024,4432070.0,4,4,False,,,
2023,2024,4433265.0,10,17,True,,,
2023,2024,4896463.0,4,10,True,,,
2023,2024,4431816.0,9,2,True,,,
2023,2024,4897249.0,1,13,True,,,
2023,2024,4598640.0,10,10,False,,,
2023,2024,5106845.0,11,16,True,,,
2023,2024,4702721.0,6,6,False,,,
2023,2024,4603421.0,9,15,True,,,
2023,2024,4896971.0,8,1,True,,,
2023,2024,4898278.0,7,1,True,,,
2023,2024,5109018.0,13,10,True,,,
2023,2024,4432981.0,2,2,False,,,
2023,2024,4702759.0,4,4,False,,,
2023,2024,5107866.0,11,5,True,,,
2023,2024,4702078.0,1,3,True,,,
2023,2024,4703879.0,4,13,True,,,
2023,2024,4590356.0,4,4,False,,,
2023,2024,4592438.0,3,4,True,,,
2023,2024,4593712.0,4,4,False,,,
2023,2024,4703000.0,14,1,True,,,
2023,2024,5105543.0,10,2,True,,,
2023,2024,4898119.0,3,1,True,,,
2023,2024,4898186.0,10,0,True,,,
2023,2024,4897433.0,17,17,False,,,
2023,2024,5106293.0,2,2,False,,,
2023,2024,4593841.0,10,10,False,,,
2023,2024,4683753.0,7,1,True,,,
2023,2024,4898267.0,14,4,True,,,
2023,2024,4606833.0,17,7,True,,,
2023,2024,4888717.0,3,3,False,,,
2023,2024,5110436.0,16,2,True,,,
2023,2024,4684205.0,11,16,True,,,
2023,2024,4433242.0,0,0,False,,,
2023,2024,5107381.0,11,11,False,,,
2023,2024,5108770.0,12,4,True,,,
2023,2024,5105719.0,10,17,True,,,
2023,2024,4431877.0,7,4,True,,,
2023,2024,4592846.0,14,14,False,,,
2023,2024,4593444.0,4,4,False,,,
2023,2024,4431800.0,9,9,False,,,
2023,2024,4701192.0,9,15,True,,,
2023,2024,4702495.0,6,6,False,,,
2023,2024,4897572.0,2,2,False,,,
2023,2024,4592953.0,16,7,True,,,
2023,2024,5105619.0,3,4,True,,,
2023,2024,4432363.0,4,1,True,,,
2023,2024,4397595.0,4,13,True,,,
2023,2024,4592703.0,15,15,False,,,
2023,2024,4433154.0,2,5,True,,,
2023,2024,4711313.0,15,2,True,,,
2023,2024,4702074.0,13,13,False,,,
2023,2024,4897145.0,14,7,True,,,
2023,2024,5107769.0,0,12,True,,,
2023,2024,4592697.0,3,4,True,,,
2023,2024,4897674.0,8,7,True,,,
2023,2024,4593454.0,16,16,False,,,
2023,2024,4592271.0,10,16,True,,,
2023,2024,4431974.0,10,13,True,,,
2023,2024,4897999.0,17,13,True,,,
2023,2024,4703914.0,15,15,False,,,
2023,2024,4708216.0,8,1,True,,,
2023,2024,4592975.0,3,14,True,,,
2023,2024,4433135.0,4,4,False,,,
2023,2024,4599446.0,6,6,False,,,
2023,2024,5105541.0,11,15,True,,,
2023,2024,4703170.0,11,11,False,,,
2023,2024,4702954.0,4,4,False,,,
2023,2024,5107703.0,5,9,True,,,
2023,2024,4593087.0,17,17,False,,,
2023,2024,4593676.0,6,13,True,,,
2023,2024,5106599.0,3,4,True,,,
2023,2024,5105890.0,0,10,True,,,
2023,2024,5106868.0,3,14,True,,,
2023,2024,4703869.0,0,12,True,,,
2023,2024,4703532.0,17,17,False,,,
2023,2024,4702092.0,6,16,True,,,
2023,2024,4432031.0,10,6,True,,,
2023,2024,4896871.0,5,5,False,,,
2023,2024,5109785.0,14,3,True,,,
2023,2024,4903027.0,2,10,True,,,
2023,2024,4702052.0,7,16,True,,,
2023,2024,4897173.0,3,3,False,,,
2023,2024,4431709.0,10,10,False,,,
2023,2024,4897326.0,11,2,True,,,
2023,2024,4897218.0,6,10,True,,,
2023,2024,4702056.0,1,14,True,,,
2023,2024,4431732.0,12,7,True,,,
2023,2024,4897348.0,10,10,False,,,
2023,2024,4703576.0,9,9,False,,,
2023,2024,4432185.0,1,1,False,,,
2023,2024,4702655.0,1,14,True,,,
2023,2024,5107343.0,12,17,True,,,
2023,2024,4431804.0,1,11,True,,,
2023,2024,4896973.0,9,2,True,,,
2023,2024,4432117.0,14,14,False,,,
2023,2024,4702628.0,4,4,False,,,
2023,2024,5107190.0,16,11,True,,,
2023,2024,4397815.0,4,4,False,,,
2023,2024,4898339.0,10,10,False,,,
2023,2024,5107209.0,3,3,False,,,
2023,2024,4601023.0,2,15,True,,,
2023,2024,5108991.0,1,0,True,,,
2023,2024,4565204.0,6,15,True,,,
2023,2024,5108122.0,3,4,True,,,
2023,2024,4702649.0,7,7,False,,,
2023,2024,4708215.0,4,1,True,,,
2023,2024,4684734.0,13,12,True,,,
2023,2024,5105670.0,10,13,True,,,
2023,2024,4898246.0,10,10,False,,,
2023,2024,4897766.0,14,14,False,,,
2023,2024,4896370.0,13,17,True,,,
2023,2024,4703071.0,3,14,True,,,
2023,2024,4278631.0,4,17,True,,,
2023,2024,4602022.0,17,13,True,,,
2023,2024,4433279.0,7,12,True,,,
2023,2024,4703133.0,1,0,True,,,
2023,2024,4431726.0,4,4,False,,,
2023,2024,4397404.0,17,10,True,,,
2023,2024,4592700.0,12,10,True,,,
2023,2024,4593406.0,13,17,True,,,
2023,2024,5106880.0,12,4,True,,,
2023,2024,4920142.0,2,2,False,,,
2023,2024,5107353.0,6,13,True,,,
2023,2024,4432282.0,15,10,True,,,
2023,2024,4431854.0,6,6,False,,,
2023,2024,4431984.0,10,10,False,,,
2023,2024,5106286.0,5,5,False,,,
2023,2024,5108778.0,16,15,True,,,
2023,2024,4433179.0,10,10,False,,,
2023,2024,4433243.0,3,3,False,,,
2023,2024,4592712.0,14,14,False,,,
2023,2024,4702876.0,7,10,True,,,
2023,2024,5105876.0,13,4,True,,,
2023,2024,5108968.0,6,10,True,,,
2023,2024,4431901.0,10,10,False,,,
2023,2024,4703082.0,16,9,True,,,
2023,2024,4702671.0,4,6,True,,,
2023,2024,4897010.0,4,13,True,,,
2023,2024,4431689.0,6,10,True,,,
2023,2024,4712837.0,7,12,True,,,
2023,2024,5108891.0,9,16,True,,,
2023,2024,4594144.0,4,3,True,,,
2023,2024,5106591.0,7,7,False,,,
2023,2024,4701121.0,13,17,True,,,
2023,2024,4703400.0,4,14,True,,,
2023,2024,4432122.0,6,13,True,,,
2023,2024,4593352.0,6,16,True,,,
2023,2024,4592603.0,13,17,True,,,
2023,2024,4701126.0,10,10,False,,,
2023,2024,4897169.0,4,4,False,,,
2023,2024,5107287.0,0,4,True,,,
2023,2024,4431893.0,13,17,True,,,
2023,2024,5106051.0,5,5,False,,,
2023,2024,4592693.0,10,10,False,,,
2023,2024,4432977.0,12,13,True,,,
2023,2024,4433079.0,16,16,False,,,
2023,2024,4431751.0,3,14,True,,,
2023,2024,4397194.0,4,3,True,,,
2023,2024,4397232.0,2,2,False,,,
2023,2024,4702505.0,6,10,True,,,
2023,2024,4897926.0,5,10,True,,,
2023,2024,4397342.0,16,2,True,,,
2023,2024,4897065.0,3,14,True,,,
2023,2024,4432103.0,10,10,False,,,
2023,2024,4593687.0,14,3,True,,,
2023,2024,4897019.0,11,6,True,,,
2023,2024,4431719.0,4,4,False,,,
2023,2024,5107148.0,3,3,False,,,
2023,2024,4585601.0,10,10,False,,,
2023,2024,4684269.0,17,4,True,,,
2023,2024,4433618.0,14,10,True,,,
2023,2024,5108992.0,9,2,True,,,
2023,2024,4696317.0,13,6,True,,,
2023,2024,4898382.0,5,12,True,,,
2023,2024,4433174.0,9,9,False,,,
2023,2024,5106456.0,13,13,False,,,
2023,2024,4909526.0,12,4,True,,,
2023,2024,4431946.0,4,1,True,,,
2023,2024,4703913.0,4,4,False,,,
2023,2024,4396957.0,16,9,True,,,
2023,2024,4592427.0,10,10,False,,,
2023,2024,5107895.0,4,4,False,,,
2023,2024,4432522.0,14,14,False,,,
2023,2024,5106643.0,2,5,True,,,
2023,2024,4897578.0,13,13,False,,,
2023,2024,4594155.0,1,1,False,,,
2023,2024,4702054.0,13,13,False,,,
2023,2024,4585598.0,11,11,False,,,
2023,2024,4701032.0,13,4,True,,,
2023,2024,4595438.0,16,6,True,,,
2023,2024,5105623.0,9,15,True,,,
2023,2024,5106660.0,3,4,True,,,
2023,2024,4684145.0,2,16,True,,,
2023,2024,4592726.0,1,1,False,,,
2023,2024,5107894.0,12,0,True,,,
2023,2024,5106037.0,3,1,True,,,
2023,2024,5106792.0,0,12,True,,,
2023,2024,4708167.0,4,10,True,,,
2023,2024,5105965.0,7,3,True,,,
2023,2024,5106235.0,3,3,False,,,
2023,2024,4592297.0,4,6,True,,,
2023,2024,4431705.0,2,15,True,,,
2023,2024,4431956.0,13,17,True,,,
2023,2024,4684166.0,3,12,True,,,
2023,2024,4592583.0,10,10,False,,,
2023,2024,4711312.0,16,9,True,,,
2023,2024,4431676.0,1,11,True,,,
2023,2024,4433155.0,9,9,False,,,
2023,2024,4431975.0,10,0,True,,,
2023,2024,4433191.0,16,16,False,,,
2023,2024,4682883.0,14,14,False,,,
2023,2024,4589479.0,6,6,False,,,
2023,2024,4701259.0,16,9,True,,,
2023,2024,4432430.0,1,14,True,,,
2023,2024,4432974.0,16,16,False,,,
2023,2024,4431682.0,1,1,False,,,
2023,2024,4703106.0,5,4,True,,,
2023,2024,4897046.0,12,7,True,,,
2023,2024,5105649.0,3,14,True,,,
2023,2024,4702350.0,17,10,True,,,
2023,2024,4684296.0,5,6,True,,,
2023,2024,4897719.0,16,16,False,,,
2023,2024,4567749.0,7,8,True,,,
2023,2024,5108009.0,0,17,True,,,
2023,2024,4710357.0,16,6,True,,,
2023,2024,4433184.0,3,14,True,,,
2023,2024,4684746.0,13,0,True,,,
2023,2024,4432407.0,15,16,True,,,
2023,2024,4702713.0,1,1,False,,,
2023,2024,4432874.0,10,1,True,,,
2023,2024,4702714.0,4,4,False,,,
2023,2024,4684682.0,9,9,False,,,
2023,2024,4898215.0,16,16,False,,,
2023,2024,5107700.0,13,0,True,,,
2023,2024,4431795.0,1,14,True,,,
2023,2024,5107169.0,4,14,True,,,
2023,2024,4701819.0,6,15,True,,,
2023,2024,4432394.0,1,2,True,,,
2023,2024,4591259.0,13,17,True,,,
2023,2024,5105964.0,12,1,True,,,
2023,2024,4702481.0,10,10,False,,,
2023,2024,5105987.0,0,2,True,,,
2023,2024,4902635.0,3,3,False,,,
2023,2024,4397093.0,9,9,False,,,
2023,2024,4897658.0,17,13,True,,,
2023,2024,5105464.0,3,14,True,,,
2023,2024,5105820.0,13,12,True,,,
2023,2024,4703996.0,14,1,True,,,
2023,2024,4431952.0,0,17,True,,,
2023,2024,4433019.0,7,1,True,,,
2023,2024,5106588.0,11,6,True,,,
2023,2024,5105462.0,10,10,False,,,
2023,2024,4702709.0,13,13,False,,,
2023,2024,4897302.0,6,6,False,,,
2023,2024,4610141.0,6,16,True,,,
2023,2024,5106787.0,1,1,False,,,
2023,2024,4432537.0,6,10,True,,,
2023,2024,4702088.0,2,5,True,,,
2023,2024,4705380.0,1,1,False,,,
2023,2024,5108124.0,16,16,False,,,
2023,2024,4432969.0,1,7,True,,,
2023,2024,4706601.0,4,4,False,,,
2023,2024,4433268.0,4,14,True,,,
2023,2024,4431685.0,1,1,False,,,
2023,2024,5105785.0,6,4,True,,,
2023,2024,4700860.0,14,14,False,,,
2023,2024,4900671.0,14,14,False,,,
2023,2024,5108826.0,6,16,True,,,
2023,2024,4395720.0,6,6,False,,,
2023,2024,4702629.0,1,13,True,,,
2023,2024,5107819.0,13,4,True,,,
2023,2024,4397129.0,2,5,True,,,
2023,2024,4702598.0,6,15,True,,,
2023,2024,4897401.0,2,15,True,,,
2023,2024,5107858.0,2,10,True,,,
2023,2024,4432050.0,15,15,False,,,
2023,2024,4897053.0,10,11,True,,,
2023,2024,4431697.0,11,11,False,,,
2023,2024,4432851.0,14,3,True,,,
2023,2024,4898315.0,1,0,True,,,
2023,2024,4701168.0,9,9,False,,,
2023,2024,4432825.0,9,9,False,,,
2023,2024,4898317.0,2,9,True,,,
2023,2024,5107296.0,11,16,True,,,
2023,2024,4432737.0,3,1,True,,,
2023,2024,5105417.0,2,2,False,,,
2023,2024,4703907.0,7,14,True,,,
2023,2024,4704043.0,6,1,True,,,
2023,2024,4431983.0,14,3,True,,,
2023,2024,4431722.0,4,4,False,,,
2023,2024,5107872.0,11,11,False,,,
2023,2024,4897476.0,17,17,False,,,
2023,2024,4397032.0,13,17,True,,,
2023,2024,4703246.0,16,6,True,,,
2023,2024,4432904.0,14,14,False,,,
2023,2024,4574710.0,14,14,False,,,
2023,2024,4432527.0,0,0,False,,,
2023,2024,4897943.0,10,10,False,,,
2023,2024,4897745.0,16,16,False,,,
2023,2024,5105637.0,9,9,False,,,
2023,2024,4903269.0,7,17,True,,,
2023,2024,4704950.0,6,7,True,,,
2023,2024,5105565.0,9,9,False,,,
2023,2024,4593106.0,14,4,True,,,
2023,2024,4707008.0,12,13,True,,,
2023,2024,4595430.0,12,0,True,,,
2023,2024,5106708.0,16,11,True,,,
2023,2024,4433105.0,1,15,True,,,
2023,2024,4700962.0,0,6,True,,,
2023,2024,5105279.0,4,12,True,,,
2023,2024,5107364.0,9,15,True,,,
2023,2024,4897668.0,10,10,False,,,
2023,2024,4712280.0,3,14,True,,,
2023,2024,4897979.0,16,16,False,,,
2023,2024,4431940.0,4,4,False,,,
2023,2024,5107508.0,4,4,False,,,
2023,2024,4897251.0,4,14,True,,,
2023,2024,4431742.0,10,6,True,,,
2023,2024,4897541.0,12,12,False,,,
2023,2024,4397884.0,12,17,True,,,
2023,2024,4593792.0,13,10,True,,,
2023,2024,4610140.0,12,12,False,,,
2023,2024,4593795.0,4,17,True,,,
2023,2024,4701255.0,14,4,True,,,
2023,2024,4683742.0,2,9,True,,,
2023,2024,4593838.0,6,17,True,,,
2023,2024,4869741.0,0,16,True,,,
2023,2024,4613134.0,6,13,True,,,
2023,2024,5105894.0,6,6,False,,,
2023,2024,4433077.0,1,15,True,,,
2023,2024,5106717.0,17,17,False,,,
2023,2024,5106714.0,6,6,False,,,
2023,2024,5105885.0,3,4,True,,,
2023,2024,5108851.0,16,9,True,,,
2023,2024,4897703.0,1,13,True,,,
2023,2024,4703095.0,13,12,True,,,
2023,2024,4593815.0,15,15,False,,,
2023,2024,4432875.0,16,5,True,,,
2023,2024,4592663.0,6,6,False,,,
2023,2024,4701236.0,14,4,True,,,
2023,2024,4897374.0,6,4,True,,,
2023,2024,4592272.0,17,4,True,,,
2023,2024,5107375.0,16,9,True,,,
2023,2024,4592602.0,10,6,True,,,
2023,2024,4395991.0,6,1,True,,,
2023,2024,4870564.0,1,15,True,,,
2023,2024,4897973.0,11,11,False,,,
2023,2024,4702195.0,14,4,True,,,
2023,2024,4897910.0,12,10,True,,,
2023,2024,4896996.0,7,10,True,,,
2023,2024,4708214.0,13,13,False,,,
2023,2024,4433217.0,10,1,True,,,
2023,2024,4396784.0,17,17,False,,,
2023,2024,4593261.0,3,3,False,,,
2023,2024,4593380.0,1,4,True,,,
2023,2024,4898191.0,7,13,True,,,
2023,2024,5106755.0,17,4,True,,,
2023,2024,4702490.0,1,14,True,,,
2023,2024,4701989.0,6,15,True,,,
2023,2024,4684160.0,13,12,True,,,
2023,2024,4432753.0,13,17,True,,,
2023,2024,4703801.0,0,1,True,,,
2023,2024,4700970.0,7,4,True,,,
2023,2024,4897085.0,7,3,True,,,
2023,2024,5109782.0,1,1,False,,,
2023,2024,4431914.0,15,10,True,,,
2023,2024,4703976.0,7,13,True,,,
2023,2024,4897245.0,1,1,False,,,
2023,2024,4838705.0,12,17,True,,,
2023,2024,5107806.0,7,3,True,,,
2023,2024,4703415.0,4,3,True,,,
2023,2024,4433193.0,17,0,True,,,
2023,2024,4433099.0,16,5,True,,,
2023,2024,4593102.0,10,6,True,,,
2023,2024,5105792.0,16,16,False,,,
2023,2024,4898233.0,17,13,True,,,
2023,2024,4593010.0,6,6,False,,,
2023,2024,4576140.0,2,5,True,,,
2023,2024,5107205.0,9,5,True,,,
2023,2024,nan,11,12,True,,,
2023,2024,5108912.0,1,15,True,,,
2023,2024,4898010.0,17,4,True,,,
2023,2024,5107260.0,3,4,True,,,
2023,2024,4433197.0,6,10,True,,,
2023,2024,4897577.0,5,5,False,,,
2023,2024,5107612.0,4,4,False,,,
2023,2024,4431793.0,15,15,False,,,
2023,2024,4703820.0,13,7,True,,,
2023,2024,4703837.0,1,1,False,,,
2023,2024,4702465.0,11,5,True,,,
2023,2024,4398322.0,3,12,True,,,
2023,2024,4593736.0,17,13,True,,,
2023,2024,4432105.0,15,15,False,,,
2023,2024,4683947.0,8,4,True,,,
2023,2024,4593461.0,17,10,True,,,
2023,2024,4593082.0,15,10,True,,,
2023,2024,4897548.0,6,6,False,,,
2023,2024,4703530.0,4,14,True,,,
2023,2024,4702963.0,15,15,False,,,
2023,2024,4432632.0,3,14,True,,,
2023,2024,4592830.0,5,5,False,,,
2023,2024,4898002.0,6,15,True,,,
2023,2024,4593273.0,2,2,False,,,
2023,2024,4592686.0,13,17,True,,,
2023,2024,4395666.0,15,15,False,,,
2023,2024,5106878.0,8,7,True,,,
2023,2024,4431788.0,16,9,True,,,
2023,2024,5110431.0,3,4,True,,,
2023,2024,4897147.0,4,14,True,,,
2023,2024,4711593.0,6,13,True,,,
2023,2024,4592741.0,13,13,False,,,
2023,2024,4703109.0,8,5,True,,,
2023,2024,5105675.0,13,13,False,,,
2023,2024,4433340.0,13,13,False,,,
2023,2024,4431826.0,3,4,True,,,
2023,2024,4684798.0,10,6,True,,,
2023,2024,4702739.0,15,10,True,,,
2023,2024,4896479.0,13,6,True,,,
2023,2024,4714246.0,6,3,True,,,
2023,2024,4433598.0,10,5,True,,,
2023,2024,4593381.0,1,13,True,,,
2023,2024,4432064.0,16,16,False,,,
2023,2024,4432108.0,7,12,True,,,
2023,2024,4593062.0,13,13,False,,,
2023,2024,4432891.0,6,1,True,,,
2023,2024,4433026.0,3,14,True,,,
2023,2024,4702983.0,16,16,False,,,
2023,2024,4432077.0,14,4,True,,,
2023,2024,4703247.0,2,9,True,,,
2023,2024,4683933.0,13,4,True,,,
2023,2024,4396810.0,4,13,True,,,
2023,2024,4898224.0,15,15,False,,,
2023,2024,4710356.0,7,13,True,,,
2023,2024,4705270.0,16,10,True,,,
2023,2024,5108925.0,7,3,True,,,
2023,2024,4601284.0,4,14,True,,,
2023,2024,4432315.0,17,14,True,,,
2023,2024,4592758.0,10,10,False,,,
2023,2024,4593674.0,4,13,True,,,
2023,2024,5105603.0,13,6,True,,,
2023,2024,5105643.0,6,6,False,,,
2023,2024,4703833.0,13,17,True,,,
2023,2024,4702099.0,10,10,False,,,
2023,2024,4433042.0,8,7,True,,,
2023,2024,4592875.0,14,14,False,,,
2023,2024,4897017.0,13,12,True,,,
2023,2024,4702531.0,13,4,True,,,
2023,2024,5108059.0,3,3,False,,,
2023,2024,4700823.0,7,7,False,,,
2023,2024,4433075.0,6,13,True,,,
2023,2024,4703391.0,6,12,True,,,
2023,2024,4431696.0,3,3,False,,,
2023,2024,4896534.0,16,5,True,,,
2023,2024,4431791.0,14,3,True,,,
2023,2024,4703572.0,13,4,True,,,
2023,2024,5107204.0,10,16,True,,,
2023,2024,4702962.0,9,9,False,,,
2023,2024,5107899.0,0,10,True,,,
2023,2024,4897426.0,4,13,True,,,
2023,2024,5109034.0,6,13,True,,,
2023,2024,4596365.0,4,10,True,,,
2023,2024,4593100.0,15,15,False,,,
2023,2024,4592891.0,13,0,True,,,
2023,2024,5107519.0,12,12,False,,,
2023,2024,4702066.0,0,12,True,,,
2023,2024,5107807.0,4,6,True,,,
2023,2024,4593361.0,17,17,False,,,
2023,2024,4897478.0,13,17,True,,,
2023,2024,5108761.0,14,1,True,,,
2023,2024,4592181.0,4,12,True,,,
2023,2024,4711607.0,10,10,False,,,
2023,2024,4897291.0,7,10,True,,,
2023,2024,4590358.0,5,2,True,,,
2023,2024,4896614.0,1,1,False,,,
2023,2024,4592739.0,5,5,False,,,
2023,2024,4897535.0,4,4,False,,,
2023,2024,4432255.0,6,6,False,,,
2023,2024,4431798.0,12,4,True,,,
2023,2024,5107078.0,14,14,False,,,
2023,2024,4897190.0,5,3,True,,,
2023,2024,5105418.0,2,9,True,,,
2023,2024,5106461.0,5,2,True,,,
2023,2024,4702281.0,9,16,True,,,
2023,2024,4897343.0,6,5,True,,,
2023,2024,4432186.0,16,2,True,,,
2023,2024,4431928.0,10,5,True,,,
2023,2024,4339478.0,4,12,True,,,
2023,2024,4431725.0,3,14,True,,,
2023,2024,5106659.0,12,12,False,,,
2023,2024,4432840.0,10,10,False,,,
2023,2024,4898269.0,0,12,True,,,
2023,2024,4683755.0,13,17,True,,,
2023,2024,4433187.0,3,4,True,,,
2023,2024,4433182.0,14,14,False,,,
2023,2024,4432970.0,6,15,True,,,
2023,2024,4703264.0,3,4,True,,,
2023,2024,5105589.0,17,17,False,,,
2023,2024,4593040.0,10,10,False,,,
2023,2024,4567079.0,17,17,False,,,
2023,2024,4701184.0,10,10,False,,,
2023,2024,4702871.0,4,13,True,,,
2023,2024,4702041.0,11,16,True,,,
2023,2024,4431995.0,16,16,False,,,
2023,2024,4903265.0,7,4,True,,,
2023,2024,4432129.0,4,14,True,,,
2023,2024,4433176.0,4,4,False,,,
2023,2024,4396635.0,13,13,False,,,
2023,2024,4432408.0,4,4,False,,,
2023,2024,4702063.0,4,14,True,,,
2023,2024,4870569.0,5,2,True,,,
2023,2024,5107410.0,7,7,False,,,
2023,2024,4709318.0,16,2,True,,,
2023,2024,5107382.0,8,3,True,,,
2023,2024,4592251.0,0,16,True,,,
2023,2024,4592753.0,7,1,True,,,
2023,2024,4433130.0,1,14,True,,,
2023,2024,5105662.0,16,16,False,,,
2023,2024,4702484.0,14,17,True,,,
2023,2024,4897446.0,1,6,True,,,
2023,2024,4433068.0,2,15,True,,,
2023,2024,4593343.0,13,13,False,,,
2023,2024,5105858.0,12,3,True,,,
2023,2024,5107320.0,0,0,False,,,
2023,2024,5105836.0,13,4,True,,,
2023,2024,4432845.0,13,13,False,,,
2023,2024,4592901.0,6,13,True,,,
2023,2024,4592777.0,13,17,True,,,
2023,2024,4432590.0,13,17,True,,,
2023,2024,4702950.0,0,4,True,,,
2023,2024,4702011.0,14,4,True,,,
2023,2024,4901927.0,4,4,False,,,
2023,2024,5107355.0,17,13,True,,,
2023,2024,4702993.0,17,17,False,,,
2023,2024,4433156.0,3,14,True,,,
2023,2024,4576060.0,2,2,False,,,
2023,2024,4702380.0,10,10,False,,,
2023,2024,5107490.0,17,4,True,,,
2023,2024,4592248.0,10,9,True,,,
2023,2024,4897243.0,10,6,True,,,
2023,2024,4592580.0,14,4,True,,,
2023,2024,5110174.0,5,5,False,,,
2023,2024,4433024.0,3,8,True,,,
2023,2024,5105801.0,7,4,True,,,
2023,2024,4397866.0,0,13,True,,,
2023,2024,4897772.0,7,1,True,,,
2023,2024,4432959.0,3,17,True,,,
2023,2024,4897618.0,2,2,False,,,
2023,2024,4593724.0,2,16,True,,,
2023,2024,4396750.0,7,2,True,,,
2023,2024,4702657.0,1,6,True,,,
2023,2024,5107182.0,8,0,True,,,
2023,2024,5107170.0,10,15,True,,,
2023,2024,4432065.0,17,13,True,,,
2023,2024,5023693.0,4,4,False,,,
2023,2024,4702611.0,7,1,True,,,
2023,2024,5108920.0,17,1,True,,,
2023,2024,4432994.0,4,4,False,,,
2023,2024,4702442.0,4,4,False,,,
2023,2024,5107887.0,7,13,True,,,
2023,2024,4431757.0,13,17,True,,,
2023,2024,4702111.0,16,16,False,,,
2023,2024,4606840.0,1,15,True,,,
2023,2024,4702138.0,12,7,True,,,
2023,2024,4702662.0,16,16,False,,,
2023,2024,5108718.0,13,13,False,,,
2023,2024,4897486.0,8,3,True,,,
2023,2024,5105659.0,11,11,False,,,
2023,2024,4706596.0,6,6,False,,,
2023,2024,4897174.0,16,9,True,,,
2023,2024,5107876.0,3,14,True,,,
2023,2024,4592773.0,13,4,True,,,
2023,2024,4896852.0,13,13,False,,,
2023,2024,4683731.0,12,17,True,,,
2023,2024,4898368.0,7,7,False,,,
2023,2024,5106740.0,1,6,True,,,
2023,2024,4702654.0,17,4,True,,,
2023,2024,4433007.0,8,4,True,,,
2023,2024,4702040.0,5,8,True,,,
2023,2024,4432257.0,13,17,True,,,
2023,2024,4592484.0,10,10,False,,,
2023,2024,4711671.0,6,6,False,,,
2023,2024,4433163.0,12,1,True,,,
2023,2024,5106205.0,16,15,True,,,
2023,2024,5107261.0,12,13,True,,,
2023,2024,4432243.0,1,10,True,,,
2023,2024,4431740.0,6,15,True,,,
2023,2024,4833075.0,6,17,True,,,
2023,2024,4897992.0,7,13,True,,,
2023,2024,5107298.0,12,1,True,,,
2023,2024,5105968.0,15,6,True,,,
2023,2024,4683840.0,1,1,False,,,
2023,2024,4592699.0,15,15,False,,,
2023,2024,4913590.0,11,8,True,,,
2023,2024,4398338.0,13,13,False,,,
2023,2024,4433224.0,2,15,True,,,
2023,2024,4592858.0,14,14,False,,,
2023,2024,4433225.0,14,14,False,,,
2023,2024,5105540.0,1,1,False,,,
2023,2024,4432126.0,6,10,True,,,
2023,2024,4684164.0,7,6,True,,,
2023,2024,4708166.0,0,0,False,,,
2023,2024,5108028.0,17,13,True,,,
2023,2024,4897570.0,17,13,True,,,
2023,2024,4593148.0,15,2,True,,,
2023,2024,4432206.0,14,14,False,,,
2023,2024,4576062.0,4,4,False,,,
2023,2024,4703388.0,11,11,False,,,
2023,2024,4432038.0,3,3,False,,,
2023,2024,4696316.0,1,4,True,,,
2023,2024,4897223.0,16,6,True,,,
2023,2024,5105787.0,12,0,True,,,
2023,2024,4702514.0,3,3,False,,,
2023,2024,4701990.0,16,9,True,,,
2023,2024,4896874.0,13,17,True,,,
2023,2024,5107275.0,12,13,True,,,
2023,2024,5106285.0,4,4,False,,,
2023,2024,4433578.0,12,12,False,,,
2023,2024,4701181.0,17,12,True,,,
2023,2024,4703180.0,15,6,True,,,
2023,2024,4432033.0,14,14,False,,,
2023,2024,4703032.0,2,15,True,,,
2023,2024,4433149.0,17,4,True,,,
2023,2024,4431707.0,1,10,True,,,
2023,2024,4702932.0,13,17,True,,,
2023,2024,4594070.0,0,8,True,,,
2023,2024,4897776.0,2,6,True,,,
2023,2024,4431708.0,2,2,False,,,
2023,2024,4432241.0,14,14,False,,,
2023,2024,4897275.0,16,15,True,,,
2023,2024,4431786.0,10,10,False,,,
2023,2024,4897489.0,0,10,True,,,
2023,2024,4684462.0,11,5,True,,,
2023,2024,4703199.0,3,4,True,,,
2023,2024,4701842.0,5,2,True,,,
2023,2024,4897263.0,6,10,True,,,
2023,2024,4397994.0,6,12,True,,,
2023,2024,5105761.0,15,15,False,,,
2023,2024,4702946.0,15,5,True,,,
2023,2024,4431830.0,9,9,False,,,
2023,2024,4596869.0,17,13,True,,,
2023,2024,5107838.0,7,7,False,,,
2023,2024,4593436.0,13,3,True,,,
2023,2024,4702745.0,15,15,False,,,
2023,2024,4397132.0,14,14,False,,,
2023,2024,4701583.0,8,1,True,,,
2023,2024,4700864.0,10,10,False,,,
2023,2024,4683833.0,14,14,False,,,
2023,2024,5108043.0,11,5,True,,,
2023,2024,4432127.0,3,3,False,,,
2023,2024,4937074.0,1,10,True,,,
2023,2024,4431933.0,5,5,False,,,
2023,2024,4585602.0,7,7,False,,,
2023,2024,4701224.0,2,2,False,,,
2023,2024,4594079.0,3,4,True,,,
2023,2024,4431691.0,15,16,True,,,
2023,2024,4702522.0,14,14,False,,,
2023,2024,4593104.0,3,4,True,,,
2023,2024,4431753.0,10,17,True,,,
2023,2024,4433151.0,1,8,True,,,
2023,2024,4432853.0,4,4,False,,,
2023,2024,4708045.0,6,6,False,,,
2023,2024,4606831.0,4,4,False,,,
2023,2024,4914388.0,13,7,True,,,
2023,2024,4712348.0,15,15,False,,,
2023,2024,4702761.0,2,2,False,,,
2023,2024,5107272.0,13,13,False,,,
2023,2024,4433103.0,15,15,False,,,
2023,2024,4897197.0,4,14,True,,,
2023,2024,4713089.0,6,6,False,,,
2023,2024,5107812.0,12,0,True,,,
2023,2024,4396967.0,8,12,True,,,
2023,2024,4705379.0,12,12,False,,,
2023,2024,4702497.0,4,4,False,,,
2023,2024,4781746.0,14,14,False,,,
2023,2024,4431789.0,10,16,True,,,
2023,2024,4592401.0,15,2,True,,,
2023,2024,4703398.0,0,11,True,,,
2023,2024,4683956.0,4,12,True,,,
2023,2024,4702974.0,7,10,True,,,
2023,2024,5106674.0,6,3,True,,,
2023,2024,4592889.0,7,13,True,,,
2023,2024,4705305.0,16,11,True,,,
2023,2024,4898232.0,10,17,True,,,
2023,2024,4896365.0,7,4,True,,,
2023,2024,4594263.0,15,11,True,,,
2023,2024,4396755.0,10,5,True,,,
2023,2024,4702362.0,4,13,True,,,
2023,2024,4719466.0,10,6,True,,,
2023,2024,5106790.0,2,2,False,,,
2023,2024,5106593.0,3,5,True,,,
2023,2024,5105606.0,7,4,True,,,
2023,2024,4431694.0,0,0,False,,,
2023,2024,4397867.0,16,16,False,,,
2023,2024,4897015.0,8,8,False,,,
2023,2024,4432514.0,6,6,False,,,
2023,2024,4609299.0,1,1,False,,,
2023,2024,4908501.0,3,3,False,,,
2023,2024,5105977.0,10,2,True,,,
2023,2024,4683635.0,3,7,True,,,
2023,2024,4700825.0,4,13,True,,,
2023,2024,4896927.0,6,10,True,,,
2023,2024,5105666.0,9,15,True,,,
2023,2024,4411057.0,1,14,True,,,
2023,2024,4897373.0,13,13,False,,,
2023,2024,5106254.0,1,14,True,,,
2023,2024,4896371.0,11,6,True,,,
2023,2024,4398214.0,13,13,False,,,
2023,2024,4897768.0,16,15,True,,,
2023,2024,5108994.0,15,16,True,,,
2023,2024,4431721.0,2,10,True,,,
2023,2024,4897387.0,8,8,False,,,
2023,2024,4702501.0,6,16,True,,,
2023,2024,4431810.0,10,10,False,,,
2023,2024,4703122.0,4,14,True,,,
2023,2024,4433259.0,2,10,True,,,
2023,2024,5106758.0,12,8,True,,,
2023,2024,4590361.0,1,1,False,,,
2023,2024,4588201.0,15,15,False,,,
2023,2024,5107069.0,11,15,True,,,
2023,2024,4397114.0,4,13,True,,,
2023,2024,4432836.0,10,10,False,,,
2023,2024,5107627.0,3,3,False,,,
2023,2024,4898259.0,11,11,False,,,
2023,2024,5108860.0,10,8,True,,,
2023,2024,4592946.0,0,10,True,,,
2023,2024,4431864.0,14,14,False,,,
2023,2024,4896937.0,3,3,False,,,
2023,2024,4433512.0,7,7,False,,,
2023,2024,4592677.0,15,10,True,,,
2023,2024,4431706.0,10,9,True,,,
2023,2024,4898248.0,1,0,True,,,
2023,2024,4897773.0,7,7,False,,,
2023,2024,4433052.0,16,15,True,,,
2023,2024,4432876.0,13,13,False,,,
2023,2024,4702150.0,12,4,True,,,
2023,2024,4592898.0,13,13,False,,,
2023,2024,4703399.0,6,12,True,,,
2023,2024,5107625.0,10,13,True,,,
2023,2024,4701225.0,15,15,False,,,
2023,2024,4898164.0,1,1,False,,,
2023,2024,5105678.0,8,3,True,,,
2023,2024,4702384.0,11,15,True,,,
2023,2024,4593970.0,6,5,True,,,
2023,2024,5105859.0,2,5,True,,,
2023,2024,5105412.0,2,9,True,,,
2023,2024,5105494.0,7,14,True,,,
2023,2024,4870444.0,13,4,True,,,
2023,2024,5107830.0,3,3,False,,,
2023,2024,5107792.0,3,14,True,,,
2023,2024,5108930.0,10,6,True,,,
2023,2024,4066764.0,9,9,False,,,
2023,2024,4592730.0,15,6,True,,,
2023,2024,4703903.0,2,16,True,,,
2023,2024,4897774.0,6,4,True,,,
2023,2024,5108775.0,3,3,False,,,
2023,2024,5106043.0,16,16,False,,,
2023,2024,4701551.0,4,4,False,,,
2023,2024,5106050.0,3,3,False,,,
2023,2024,4897857.0,10,5,True,,,
2023,2024,4702656.0,10,1,True,,,
2023,2024,4897676.0,15,15,False,,,
2023,2024,4684152.0,1,0,True,,,
2023,2024,4433110.0,13,13,False,,,
2023,2024,4593825.0,10,13,True,,,
2023,2024,4702596.0,5,9,True,,,
2023,2024,4592706.0,5,5,False,,,
2023,2024,5106270.0,1,1,False,,,
2023,2024,4683834.0,14,14,False,,,
2023,2024,5105691.0,3,3,False,,,
2023,2024,5108872.0,16,16,False,,,
2023,2024,5106734.0,11,15,True,,,
2023,2024,4432880.0,14,14,False,,,
2023,2024,4592979.0,14,14,False,,,
2023,2024,5107564.0,10,10,False,,,
2023,2024,4702773.0,15,11,True,,,
2023,2024,4897355.0,13,4,True,,,
2023,2024,4897523.0,7,0,True,,,
2023,2024,4708075.0,1,10,True,,,
2023,2024,4397982.0,13,0,True,,,
2023,2024,4592435.0,15,10,True,,,
2023,2024,5107997.0,12,12,False,,,
2023,2024,4433152.0,2,11,True,,,
2023,2024,4396789.0,6,10,True,,,
2023,2024,5106634.0,16,16,False,,,
2023,2024,5105689.0,0,12,True,,,
2023,2024,4594033.0,13,13,False,,,
2023,2024,5105844.0,3,14,True,,,
2023,2024,5110432.0,1,3,True,,,
2023,2024,5106767.0,7,3,True,,,
2023,2024,4431738.0,9,9,False,,,
2023,2024,4702606.0,4,4,False,,,
2023,2024,4683841.0,7,4,True,,,
2023,2024,5106237.0,12,10,True,,,
2023,2024,4397143.0,8,1,True,,,
2023,2024,4397991.0,13,12,True,,,
2023,2024,5105809.0,5,16,True,,,
2023,2024,4897653.0,8,17,True,,,
2023,2024,4397025.0,16,15,True,,,
2023,2024,4592639.0,8,1,True,,,
2023,2024,4432002.0,4,4,False,,,
2023,2024,5108917.0,2,5,True,,,
2023,2024,4432976.0,10,10,False,,,
2023,2024,4593008.0,3,14,True,,,
2023,2024,4897159.0,9,16,True,,,
2023,2024,4897913.0,8,3,True,,,
2023,2024,5105687.0,4,4,False,,,
2023,2024,4432132.0,1,8,True,,,
2023,2024,5106716.0,8,10,True,,,
2023,2024,4397882.0,15,15,False,,,
2023,2024,5106274.0,6,1,True,,,
2023,2024,4593364.0,12,12,False,,,
2023,2024,4433069.0,15,10,True,,,
2023,2024,5107179.0,11,0,True,,,
2023,2024,4431769.0,17,4,True,,,
2023,2024,4431998.0,5,2,True,,,
2023,2024,4897911.0,7,3,True,,,
2023,2024,5107144.0,13,13,False,,,
2023,2024,4589474.0,6,10,True,,,
2023,2024,5105583.0,15,6,True,,,
2023,2024,4395685.0,4,4,False,,,
2023,2024,4912957.0,0,12,True,,,
2023,2024,4703425.0,6,15,True,,,
2023,2024,4897292.0,10,6,True,,,
2023,2024,4897626.0,4,4,False,,,
2023,2024,4897213.0,13,12,True,,,
2023,2024,4897099.0,11,16,True,,,
2023,2024,4897493.0,4,17,True,,,
2023,2024,4897518.0,4,4,False,,,
2023,2024,5106877.0,0,10,True,,,
2023,2024,4898165.0,9,9,False,,,
2023,2024,4702994.0,2,10,True,,,
2023,2024,5105590.0,1,3,True,,,
2023,2024,4433004.0,16,16,False,,,
2023,2024,4897226.0,13,13,False,,,
2023,2024,5106255.0,11,2,True,,,
2023,2024,5107970.0,10,10,False,,,
2023,2024,5109790.0,15,15,False,,,
2023,2024,4397988.0,13,10,True,,,
2023,2024,5106842.0,14,3,True,,,
2024,2025,5176530.0,8,3,True,,,
2024,2025,5110039.0,15,15,False,,,
2024,2025,4701166.0,6,7,True,,,
2024,2025,5175898.0,3,7,True,,,
2024,2025,5106283.0,15,2,True,,,
2024,2025,5105800.0,17,17,False,,,
2024,2025,4895776.0,16,15,True,,,
2024,2025,5103590.0,7,3,True,,,
2024,2025,5176314.0,17,10,True,,,
2024,2025,4683951.0,4,4,False,,,
2024,2025,4697270.0,10,10,False,,,
2024,2025,4702766.0,14,4,True,,,
2024,2025,4703979.0,4,4,False,,,
2024,2025,4897904.0,8,14,True,,,
2024,2025,4712836.0,10,1,True,,,
2024,2025,5106452.0,15,16,True,,,
2024,2025,5177741.0,6,6,False,,,
2024,2025,5107226.0,14,4,True,,,
2024,2025,4701221.0,2,10,True,,,
2024,2025,4701128.0,10,1,True,,,
2024,2025,4898209.0,0,6,True,,,
2024,2025,5105626.0,10,10,False,,,
2024,2025,5107246.0,12,4,True,,,
2024,2025,4701576.0,2,2,False,,,
2024,2025,4684998.0,5,5,False,,,
2024,2025,4592184.0,4,4,False,,,
2024,2025,4898208.0,4,4,False,,,
2024,2025,5177655.0,9,11,True,,,
2024,2025,4912455.0,13,13,False,,,
2024,2025,5176712.0,1,1,False,,,
2024,2025,4433580.0,13,4,True,,,
2024,2025,5107154.0,6,1,True,,,
2024,2025,4897429.0,2,2,False,,,
2024,2025,4710354.0,4,17,True,,,
2024,2025,4702329.0,9,9,False,,,
2024,2025,4684208.0,1,1,False,,,
2024,2025,4897897.0,13,12,True,,,
2024,2025,4712893.0,9,9,False,,,
2024,2025,5106453.0,3,3,False,,,
2024,2025,5176835.0,10,0,True,,,
2024,2025,5175064.0,4,4,False,,,
2024,2025,5106706.0,3,3,False,,,
2024,2025,4898369.0,1,4,True,,,
2024,2025,4590354.0,10,10,False,,,
2024,2025,5108138.0,4,4,False,,,
2024,2025,4700852.0,17,4,True,,,
2024,2025,5079838.0,11,9,True,,,
2024,2025,4596348.0,15,5,True,,,
2024,2025,4593347.0,6,13,True,,,
2024,2025,5182338.0,1,1,False,,,
2024,2025,5177367.0,12,13,True,,,
2024,2025,4433165.0,11,16,True,,,
2024,2025,4592843.0,10,14,True,,,
2024,2025,5176758.0,2,10,True,,,
2024,2025,4897508.0,12,0,True,,,
2024,2025,4703883.0,17,4,True,,,
2024,2025,4684795.0,16,16,False,,,
2024,2025,4897194.0,10,17,True,,,
2024,2025,4702027.0,17,17,False,,,
2024,2025,5107142.0,2,16,True,,,
2024,2025,5177533.0,8,4,True,,,
2024,2025,4898218.0,10,10,False,,,
2024,2025,4700854.0,7,6,True,,,
2024,2025,4896464.0,12,3,True,,,
2024,2025,5105822.0,10,10,False,,,
2024,2025,5105798.0,15,15,False,,,
2024,2025,4898257.0,16,6,True,,,
2024,2025,4712845.0,13,17,True,,,
2024,2025,4897893.0,12,13,True,,,
2024,2025,4431796.0,10,10,False,,,
2024,2025,5176280.0,1,7,True,,,
2024,2025,5176425.0,1,4,True,,,
2024,2025,4888720.0,6,8,True,,,
2024,2025,5177114.0,6,6,False,,,
2024,2025,4702719.0,1,10,True,,,
2024,2025,5105598.0,1,1,False,,,
2024,2025,5177233.0,3,14,True,,,
2024,2025,4858609.0,16,6,True,,,
2024,2025,4900668.0,13,17,True,,,
2024,2025,5143604.0,9,15,True,,,
2024,2025,4869764.0,3,14,True,,,
2024,2025,5108069.0,6,3,True,,,
2024,2025,5108010.0,6,13,True,,,
2024,2025,5105984.0,15,4,True,,,
2024,2025,4917149.0,10,10,False,,,
2024,2025,4431996.0,4,4,False,,,
2024,2025,5107295.0,13,4,True,,,
2024,2025,4897479.0,16,1,True,,,
2024,2025,4707015.0,17,17,False,,,
2024,2025,4702767.0,3,3,False,,,
2024,2025,5107870.0,13,17,True,,,
2024,2025,5174997.0,4,4,False,,,
2024,2025,4432189.0,2,15,True,,,
2024,2025,5107321.0,1,1,False,,,
2024,2025,5178891.0,6,11,True,,,
2024,2025,5105845.0,11,16,True,,,
2024,2025,4683763.0,11,10,True,,,
2024,2025,4684718.0,12,10,True,,,
2024,2025,5106810.0,6,6,False,,,
2024,2025,4702389.0,6,10,True,,,
2024,2025,5177597.0,1,1,False,,,
2024,2025,5107280.0,11,10,True,,,
2024,2025,5108135.0,6,10,True,,,
2024,2025,4897227.0,13,13,False,,,
2024,2025,4698718.0,7,7,False,,,
2024,2025,5174860.0,7,7,False,,,
2024,2025,4685662.0,13,13,False,,,
2024,2025,4432899.0,3,8,True,,,
2024,2025,5106624.0,12,17,True,,,
2024,2025,5108764.0,3,14,True,,,
2024,2025,4701125.0,1,1,False,,,
2024,2025,4897921.0,15,15,False,,,
2024,2025,5175067.0,6,6,False,,,
2024,2025,4896860.0,6,6,False,,,
2024,2025,5177610.0,13,13,False,,,
2024,2025,5176569.0,14,3,True,,,
2024,2025,4711273.0,12,1,True,,,
2024,2025,5176303.0,13,4,True,,,
2024,2025,4710625.0,7,17,True,,,
2024,2025,5176058.0,12,3,True,,,
2024,2025,5177725.0,9,9,False,,,
2024,2025,4432433.0,6,15,True,,,
2024,2025,4702990.0,0,3,True,,,
2024,2025,5176418.0,16,10,True,,,
2024,2025,5106703.0,10,13,True,,,
2024,2025,5176464.0,12,6,True,,,
2024,2025,5175147.0,10,1,True,,,
2024,2025,4898227.0,12,13,True,,,
2024,2025,5106754.0,3,14,True,,,
2024,2025,5093253.0,7,17,True,,,
2024,2025,4896985.0,4,17,True,,,
2024,2025,5176217.0,6,16,True,,,
2024,2025,5105548.0,10,1,True,,,
2024,2025,5117582.0,0,10,True,,,
2024,2025,4872727.0,8,7,True,,,
2024,2025,4701992.0,14,14,False,,,
2024,2025,4897098.0,4,4,False,,,
2024,2025,4567710.0,10,10,False,,,
2024,2025,4897579.0,17,17,False,,,
2024,2025,5105875.0,1,1,False,,,
2024,2025,4838704.0,1,10,True,,,
2024,2025,5106607.0,16,16,False,,,
2024,2025,4848637.0,13,17,True,,,
2024,2025,4711203.0,15,15,False,,,
2024,2025,5106738.0,6,10,True,,,
2024,2025,4594109.0,2,2,False,,,
2024,2025,4433183.0,1,14,True,,,
2024,2025,4898343.0,6,6,False,,,
2024,2025,4433595.0,13,1,True,,,
2024,2025,5113975.0,16,2,True,,,
2024,2025,5177605.0,0,12,True,,,
2024,2025,4897896.0,8,7,True,,,
2024,2025,4897636.0,1,1,False,,,
2024,2025,4683733.0,4,4,False,,,
2024,2025,5105402.0,15,6,True,,,
2024,2025,5177146.0,9,11,True,,,
2024,2025,4896986.0,6,15,True,,,
2024,2025,5174619.0,13,13,False,,,
2024,2025,4703150.0,8,7,True,,,
2024,2025,4433138.0,13,17,True,,,
2024,2025,4897692.0,14,8,True,,,
2024,2025,5176189.0,6,6,False,,,
2024,2025,5177352.0,4,4,False,,,
2024,2025,4432197.0,12,0,True,,,
2024,2025,4883573.0,14,14,False,,,
2024,2025,4898118.0,10,10,False,,,
2024,2025,4701559.0,10,6,True,,,
2024,2025,4898260.0,10,10,False,,,
2024,2025,5105660.0,13,12,True,,,
2024,2025,4703828.0,10,6,True,,,
2024,2025,4604751.0,1,1,False,,,
2024,2025,4897404.0,15,15,False,,,
2024,2025,5176382.0,16,11,True,,,
2024,2025,4565434.0,10,1,True,,,
2024,2025,4702785.0,10,14,True,,,
2024,2025,4897407.0,2,5,True,,,
2024,2025,5175017.0,8,13,True,,,
2024,2025,5142356.0,15,15,False,,,
2024,2025,4701839.0,15,1,True,,,
2024,2025,4897901.0,7,14,True,,,
2024,2025,5177100.0,0,17,True,,,
2024,2025,5106261.0,5,2,True,,,
2024,2025,5109019.0,8,14,True,,,
2024,2025,4702127.0,4,3,True,,,
2024,2025,5175726.0,14,3,True,,,
2024,2025,5107264.0,6,6,False,,,
2024,2025,5108029.0,13,12,True,,,
2024,2025,4398396.0,16,16,False,,,
2024,2025,5107770.0,1,1,False,,,
2024,2025,5174568.0,13,10,True,,,
2024,2025,4897361.0,4,4,False,,,
2024,2025,4700527.0,15,1,True,,,
2024,2025,4612129.0,3,3,False,,,
2024,2025,4898316.0,4,4,False,,,
2024,2025,4703224.0,4,10,True,,,
2024,2025,4592489.0,4,4,False,,,
2024,2025,4897262.0,17,17,False,,,
2024,2025,4904726.0,8,6,True,,,
2024,2025,5176637.0,16,11,True,,,
2024,2025,5105487.0,15,15,False,,,
2024,2025,5105622.0,13,13,False,,,
2024,2025,4602948.0,1,17,True,,,
2024,2025,5106732.0,10,6,True,,,
2024,2025,4702226.0,13,13,False,,,
2024,2025,5176274.0,2,2,False,,,
2024,2025,4897714.0,15,1,True,,,
2024,2025,4700974.0,1,10,True,,,
2024,2025,5107652.0,6,14,True,,,
2024,2025,5177368.0,6,10,True,,,
2024,2025,5177042.0,13,4,True,,,
2024,2025,5107157.0,17,17,False,,,
2024,2025,4433273.0,9,9,False,,,
2024,2025,5105599.0,10,10,False,,,
2024,2025,5174611.0,3,3,False,,,
2024,2025,5106742.0,2,2,False,,,
2024,2025,5105624.0,4,4,False,,,
2024,2025,4702972.0,14,1,True,,,
2024,2025,4684306.0,10,10,False,,,
2024,2025,5103630.0,10,4,True,,,
2024,2025,5107147.0,6,0,True,,,
2024,2025,5075626.0,16,15,True,,,
2024,2025,5106463.0,0,13,True,,,
2024,2025,5107877.0,13,12,True,,,
2024,2025,4433275.0,13,4,True,,,
2024,2025,4703260.0,14,14,False,,,
2024,2025,5107357.0,4,6,True,,,
2024,2025,5177707.0,12,4,True,,,
2024,2025,5108973.0,15,15,False,,,
2024,2025,4873181.0,10,10,False,,,
2024,2025,4683952.0,4,4,False,,,
2024,2025,5107249.0,10,0,True,,,
2024,2025,5108876.0,1,0,True,,,
2024,2025,5107904.0,3,4,True,,,
2024,2025,4433563.0,15,10,True,,,
2024,2025,4700818.0,2,2,False,,,
2024,2025,5176571.0,11,12,True,,,
2024,2025,4897411.0,13,4,True,,,
2024,2025,4897432.0,1,1,False,,,
2024,2025,4592451.0,17,13,True,,,
2024,2025,4683135.0,4,4,False,,,
2024,2025,5108148.0,6,16,True,,,
2024,2025,4897929.0,7,12,True,,,
2024,2025,4683738.0,10,10,False,,,
2024,2025,5178200.0,7,7,False,,,
2024,2025,5106058.0,1,17,True,,,
2024,2025,5113388.0,15,1,True,,,
2024,2025,4431833.0,4,13,True,,,
2024,2025,5106644.0,1,1,False,,,
2024,2025,5105555.0,2,2,False,,,
2024,2025,5106241.0,13,13,False,,,
2024,2025,5174962.0,6,16,True,,,
2024,2025,5175952.0,14,3,True,,,
2024,2025,4897009.0,12,17,True,,,
2024,2025,4683865.0,4,4,False,,,
2024,2025,4710427.0,0,12,True,,,
2024,2025,5105825.0,7,4,True,,,
2024,2025,5175378.0,13,12,True,,,
2024,2025,5105582.0,4,4,False,,,
2024,2025,5107218.0,16,10,True,,,
2024,2025,5105794.0,4,17,True,,,
2024,2025,4709321.0,16,16,False,,,
2024,2025,5105816.0,17,14,True,,,
2024,2025,5107076.0,13,13,False,,,
2024,2025,5176664.0,13,13,False,,,
2024,2025,5106612.0,12,7,True,,,
2024,2025,4845361.0,4,4,False,,,
2024,2025,4432188.0,15,15,False,,,
2024,2025,4901230.0,4,4,False,,,
2024,2025,4685683.0,2,10,True,,,
2024,2025,4897287.0,10,1,True,,,
2024,2025,5106722.0,13,13,False,,,
2024,2025,4703205.0,1,1,False,,,
2024,2025,4712255.0,0,3,True,,,
2024,2025,4702017.0,15,15,False,,,
2024,2025,4703921.0,3,14,True,,,
2024,2025,4433161.0,5,15,True,,,
2024,2025,5175033.0,4,14,True,,,
2024,2025,4683638.0,13,17,True,,,
2024,2025,4898331.0,1,6,True,,,
2024,2025,4592403.0,6,6,False,,,
2024,2025,4902967.0,1,1,False,,,
2024,2025,5105529.0,1,1,False,,,
2024,2025,5176661.0,11,11,False,,,
2024,2025,4703901.0,11,11,False,,,
2024,2025,4702743.0,10,10,False,,,
2024,2025,4897240.0,13,17,True,,,
2024,2025,5177299.0,0,12,True,,,
2024,2025,4897465.0,3,14,True,,,
2024,2025,4432092.0,6,2,True,,,
2024,2025,5109020.0,17,17,False,,,
2024,2025,4897708.0,6,10,True,,,
2024,2025,4432203.0,3,4,True,,,
2024,2025,5108120.0,13,17,True,,,
2024,2025,5176836.0,2,2,False,,,
2024,2025,4897214.0,13,1,True,,,
2024,2025,5106587.0,6,1,True,,,
2024,2025,5107180.0,15,2,True,,,
2024,2025,5176312.0,7,17,True,,,
2024,2025,5176043.0,7,17,True,,,
2024,2025,4433172.0,14,14,False,,,
2024,2025,4837356.0,14,14,False,,,
2024,2025,5176794.0,3,3,False,,,
2024,2025,5106208.0,13,13,False,,,
2024,2025,5177292.0,11,16,True,,,
2024,2025,4897141.0,6,13,True,,,
2024,2025,4683631.0,9,2,True,,,
2024,2025,4858604.0,13,17,True,,,
2024,2025,4585612.0,10,0,True,,,
2024,2025,5107278.0,10,10,False,,,
2024,2025,5106602.0,9,9,False,,,
2024,2025,4895795.0,16,15,True,,,
2024,2025,4701208.0,9,9,False,,,
2024,2025,4897551.0,14,4,True,,,
2024,2025,4592921.0,4,13,True,,,
2024,2025,5175404.0,3,8,True,,,
2024,2025,5176061.0,13,7,True,,,
2024,2025,5175396.0,14,14,False,,,
2024,2025,5106697.0,6,11,True,,,
2024,2025,5176035.0,6,8,True,,,
2024,2025,4683855.0,14,3,True,,,
2024,2025,4702107.0,2,15,True,,,
2024,2025,5107384.0,12,13,True,,,
2024,2025,4709142.0,1,10,True,,,
2024,2025,5105879.0,6,6,False,,,
2024,2025,5179287.0,5,11,True,,,
2024,2025,4067423.0,2,1,True,,,
2024,2025,4898190.0,3,14,True,,,
2024,2025,4702970.0,17,17,False,,,
2024,2025,4897088.0,0,4,True,,,
2024,2025,4708217.0,13,7,True,,,
2024,2025,4585609.0,6,0,True,,,
2024,2025,4897852.0,10,10,False,,,
2024,2025,4900680.0,4,6,True,,,
2024,2025,5174570.0,10,10,False,,,
2024,2025,5182413.0,17,4,True,,,
2024,2025,5177206.0,10,4,True,,,
2024,2025,4703266.0,16,16,False,,,
2024,2025,5108023.0,4,13,True,,,
2024,2025,4904482.0,0,12,True,,,
2024,2025,4702875.0,17,13,True,,,
2024,2025,4684153.0,1,4,True,,,
2024,2025,5175397.0,13,13,False,,,
2024,2025,4703889.0,2,16,True,,,
2024,2025,4431710.0,2,2,False,,,
2024,2025,4703231.0,8,12,True,,,
2024,2025,5174557.0,4,14,True,,,
2024,2025,4431953.0,6,10,True,,,
2024,2025,4709131.0,14,14,False,,,
2024,2025,5106647.0,6,11,True,,,
2024,2025,4433495.0,9,2,True,,,
2024,2025,5175900.0,13,17,True,,,
2024,2025,5106449.0,1,10,True,,,
2024,2025,4702487.0,4,4,False,,,
2024,2025,5174655.0,10,10,False,,,
2024,2025,4711266.0,13,12,True,,,
2024,2025,4702352.0,14,14,False,,,
2024,2025,4609653.0,6,6,False,,,
2024,2025,5176355.0,2,15,True,,,
2024,2025,5105621.0,4,4,False,,,
2024,2025,5176193.0,9,9,False,,,
2024,2025,4897718.0,12,4,True,,,
2024,2025,5177148.0,1,1,False,,,
2024,2025,4432931.0,13,13,False,,,
2024,2025,4898238.0,17,17,False,,,
2024,2025,4845370.0,3,4,True,,,
2024,2025,5113534.0,13,3,True,,,
2024,2025,5177703.0,3,3,False,,,
2024,2025,4710770.0,14,3,True,,,
2024,2025,4701120.0,14,4,True,,,
2024,2025,4433527.0,3,4,True,,,
2024,2025,5107408.0,6,17,True,,,
2024,2025,4838752.0,16,16,False,,,
2024,2025,4585617.0,4,17,True,,,
2024,2025,4899535.0,13,13,False,,,
2024,2025,4684799.0,10,2,True,,,
2024,2025,4702212.0,10,1,True,,,
2024,2025,5105791.0,14,4,True,,,
2024,2025,4700969.0,3,7,True,,,
2024,2025,5105636.0,4,3,True,,,
2024,2025,4702699.0,13,13,False,,,
2024,2025,4703207.0,1,3,True,,,
2024,2025,4432059.0,4,4,False,,,
2024,2025,4702995.0,17,13,True,,,
2024,2025,5176798.0,4,7,True,,,
2024,2025,5107312.0,10,15,True,,,
2024,2025,4898213.0,4,17,True,,,
2024,2025,4710358.0,3,3,False,,,
2024,2025,5106863.0,4,4,False,,,
2024,2025,5176335.0,16,16,False,,,
2024,2025,5177189.0,7,7,False,,,
2024,2025,4701845.0,14,1,True,,,
2024,2025,5105805.0,14,3,True,,,
2024,2025,5107251.0,2,2,False,,,
2024,2025,5107701.0,1,1,False,,,
2024,2025,4684596.0,17,17,False,,,
2024,2025,4702110.0,1,1,False,,,
2024,2025,4896994.0,17,17,False,,,
2024,2025,5107376.0,0,6,True,,,
2024,2025,4898266.0,1,1,False,,,
2024,2025,5105779.0,17,10,True,,,
2024,2025,4702289.0,9,9,False,,,
2024,2025,5106291.0,6,3,True,,,
2024,2025,4433009.0,4,3,True,,,
2024,2025,4898347.0,10,6,True,,,
2024,2025,5106684.0,12,12,False,,,
2024,2025,5107626.0,6,6,False,,,
2024,2025,5176136.0,2,9,True,,,
2024,2025,4703428.0,11,6,True,,,
2024,2025,5176937.0,3,4,True,,,
2024,2025,5106744.0,4,12,True,,,
2024,2025,4567082.0,17,12,True,,,
2024,2025,5107844.0,12,1,True,,,
2024,2025,5107810.0,11,2,True,,,
2024,2025,5106642.0,12,8,True,,,
2024,2025,5106769.0,14,4,True,,,
2024,2025,4895750.0,12,10,True,,,
2024,2025,4897713.0,14,14,False,,,
2024,2025,5105980.0,10,6,True,,,
2024,2025,4845365.0,4,4,False,,,
2024,2025,4702042.0,10,10,False,,,
2024,2025,4703146.0,5,5,False,,,
2024,2025,4896536.0,16,6,True,,,
2024,2025,4702353.0,12,13,True,,,
2024,2025,4897202.0,3,12,True,,,
2024,2025,5108030.0,9,9,False,,,
2024,2025,5176737.0,14,14,False,,,
2024,2025,4703396.0,15,15,False,,,
2024,2025,4433596.0,10,10,False,,,
2024,2025,4593375.0,1,6,True,,,
2024,2025,5178203.0,16,11,True,,,
2024,2025,4702621.0,13,8,True,,,
2024,2025,4838723.0,1,10,True,,,
2024,2025,5174609.0,9,9,False,,,
2024,2025,4706707.0,12,13,True,,,
2024,2025,4431716.0,17,17,False,,,
2024,2025,4684276.0,4,17,True,,,
2024,2025,4684620.0,12,4,True,,,
2024,2025,5177126.0,4,14,True,,,
2024,2025,4432036.0,10,10,False,,,
2024,2025,4897471.0,15,1,True,,,
2024,2025,4431701.0,1,1,False,,,
2024,2025,5177538.0,3,3,False,,,
2024,2025,4701222.0,14,1,True,,,
2024,2025,4702695.0,4,4,False,,,
2024,2025,5143607.0,5,5,False,,,
2024,2025,5176412.0,4,4,False,,,
2024,2025,4702945.0,14,4,True,,,
2024,2025,4711679.0,3,14,True,,,
2024,2025,5177247.0,4,4,False,,,
2024,2025,4703394.0,17,13,True,,,
2024,2025,4897209.0,12,17,True,,,
2024,2025,4706609.0,7,7,False,,,
2024,2025,4590399.0,15,2,True,,,
2024,2025,4431718.0,15,4,True,,,
2024,2025,4703886.0,2,2,False,,,
2024,2025,4684308.0,5,16,True,,,
2024,2025,4683639.0,17,17,False,,,
2024,2025,4711257.0,17,12,True,,,
2024,2025,4593398.0,16,2,True,,,
2024,2025,4701572.0,4,3,True,,,
2024,2025,5106673.0,16,11,True,,,
2024,2025,4702971.0,10,1,True,,,
2024,2025,4395619.0,4,3,True,,,
2024,2025,5107441.0,0,0,False,,,
2024,2025,4432208.0,16,16,False,,,
2024,2025,4433168.0,6,12,True,,,
2024,2025,4702973.0,14,1,True,,,
2024,2025,4702775.0,12,12,False,,,
2024,2025,4897517.0,1,1,False,,,
2024,2025,4711705.0,1,14,True,,,
2024,2025,5093267.0,15,15,False,,,
2024,2025,4894465.0,9,2,True,,,
2024,2025,4703011.0,2,2,False,,,
2024,2025,5107282.0,2,3,True,,,
2024,2025,4567711.0,4,14,True,,,
2024,2025,5177519.0,0,1,True,,,
2024,2025,4432401.0,15,5,True,,,
2024,2025,4699725.0,1,1,False,,,
2024,2025,5176307.0,10,10,False,,,
2024,2025,4397659.0,6,1,True,,,
2024,2025,4712902.0,2,2,False,,,
2024,2025,4812368.0,3,4,True,,,
2024,2025,4702371.0,13,0,True,,,
2024,2025,4703411.0,13,17,True,,,
2024,2025,5105486.0,10,10,False,,,
2024,2025,5174594.0,1,7,True,,,
2024,2025,4897328.0,6,1,True,,,
2024,2025,4703836.0,4,14,True,,,
2024,2025,5174637.0,3,3,False,,,
2024,2025,4702996.0,13,12,True,,,
2024,2025,4431741.0,13,13,False,,,
2024,2025,4703804.0,7,4,True,,,
2024,2025,5176778.0,8,7,True,,,
2024,2025,5176352.0,4,4,False,,,
2024,2025,4898334.0,8,7,True,,,
2024,2025,4897346.0,10,10,False,,,
2024,2025,5106247.0,17,17,False,,,
2024,2025,5107857.0,7,15,True,,,
2024,2025,5106633.0,13,13,False,,,
2024,2025,4585618.0,14,14,False,,,
2024,2025,4897417.0,15,9,True,,,
2024,2025,5175761.0,0,12,True,,,
2024,2025,5108080.0,0,0,False,,,
2024,2025,4816113.0,4,4,False,,,
2024,2025,5105865.0,6,15,True,,,
2024,2025,5106670.0,9,2,True,,,
2024,2025,4432195.0,14,3,True,,,
2024,2025,4701556.0,15,9,True,,,
2024,2025,4845380.0,17,13,True,,,
2024,2025,5175032.0,3,1,True,,,
2024,2025,4697268.0,17,14,True,,,
2024,2025,4433281.0,10,14,True,,,
2024,2025,4683781.0,10,17,True,,,
2024,2025,5176087.0,1,1,False,,,
2024,2025,4897371.0,10,10,False,,,
2024,2025,4433108.0,6,10,True,,,
2024,2025,5106843.0,17,17,False,,,
2024,2025,4702687.0,6,6,False,,,
2024,2025,4432008.0,4,17,True,,,
2024,2025,5105457.0,3,14,True,,,
2024,2025,4701991.0,4,14,True,,,
2024,2025,4897224.0,13,4,True,,,
2024,2025,4897656.0,7,8,True,,,
2024,2025,5179092.0,13,13,False,,,
2024,2025,5054085.0,1,14,True,,,
2024,2025,5107976.0,6,15,True,,,
2024,2025,4703134.0,6,15,True,,,
2024,2025,4706557.0,4,17,True,,,
2024,2025,5177572.0,4,4,False,,,
2024,2025,5107306.0,8,12,True,,,
2024,2025,5176752.0,15,15,False,,,
2024,2025,5107903.0,9,2,True,,,
2024,2025,4896859.0,17,4,True,,,
2024,2025,5176385.0,13,0,True,,,
2024,2025,4897338.0,1,1,False,,,
2024,2025,4897210.0,5,15,True,,,
2024,2025,4701182.0,15,15,False,,,
2024,2025,5105758.0,13,13,False,,,
2024,2025,5107178.0,5,5,False,,,
2024,2025,5106841.0,1,6,True,,,
2024,2025,5177117.0,5,10,True,,,
2024,2025,4712866.0,17,17,False,,,
2024,2025,4593988.0,1,1,False,,,
2024,2025,5122918.0,11,2,True,,,
2024,2025,5107293.0,5,2,True,,,
2024,2025,5107088.0,13,13,False,,,
2024,2025,4896363.0,0,16,True,,,
2024,2025,4397075.0,16,11,True,,,
2024,2025,4897149.0,4,4,False,,,
2024,2025,5177732.0,6,0,True,,,
2024,2025,5054083.0,1,14,True,,,
2024,2025,4917097.0,15,15,False,,,
2024,2025,4707481.0,16,2,True,,,
2024,2025,4396811.0,13,4,True,,,
2024,2025,4592841.0,6,4,True,,,
2024,2025,4585611.0,5,15,True,,,
2024,2025,5109789.0,10,10,False,,,
2024,2025,5178207.0,4,4,False,,,
2024,2025,4683743.0,17,17,False,,,
2024,2025,5107269.0,7,7,False,,,
2024,2025,4683945.0,13,4,True,,,
2024,2025,4897970.0,16,16,False,,,
2024,2025,5107804.0,1,1,False,,,
2024,2025,4897139.0,14,3,True,,,
2024,2025,4432400.0,16,10,True,,,
2024,2025,4897501.0,11,2,True,,,
2024,2025,4711668.0,10,6,True,,,
2024,2025,4432680.0,15,15,False,,,
2024,2025,4593355.0,10,0,True,,,
2024,2025,4684745.0,6,1,True,,,
2024,2025,4433600.0,10,10,False,,,
2024,2025,4703526.0,6,6,False,,,
2024,2025,5105811.0,15,1,True,,,
2024,2025,4592671.0,2,2,False,,,
2024,2025,5177286.0,15,9,True,,,
2024,2025,5105633.0,4,13,True,,,
2024,2025,4592606.0,4,17,True,,,
2024,2025,5107233.0,13,13,False,,,
2024,2025,4897583.0,16,11,True,,,
2024,2025,5105866.0,9,9,False,,,
2024,2025,5107358.0,6,3,True,,,
2024,2025,4590401.0,10,10,False,,,
2024,2025,5106454.0,13,17,True,,,
2024,2025,5106872.0,8,7,True,,,
2024,2025,5182412.0,4,10,True,,,
2024,2025,4898258.0,15,11,True,,,
2024,2025,5105448.0,10,10,False,,,
2024,2025,4606837.0,1,1,False,,,
2024,2025,4870565.0,10,6,True,,,
2024,2025,4896885.0,12,13,True,,,
2024,2025,4685647.0,0,17,True,,,
2024,2025,5107883.0,10,10,False,,,
2024,2025,5107222.0,1,4,True,,,
2024,2025,5174982.0,6,1,True,,,
2024,2025,4684022.0,1,1,False,,,
2024,2025,5107968.0,14,14,False,,,
2024,2025,5160739.0,3,3,False,,,
2024,2025,4432191.0,13,17,True,,,
2024,2025,4683857.0,1,1,False,,,
2024,2025,4896884.0,0,17,True,,,
2024,2025,5105471.0,2,16,True,,,
2024,2025,5105841.0,9,9,False,,,
2024,2025,4432200.0,4,4,False,,,
2024,2025,4703885.0,17,4,True,,,
2024,2025,5176030.0,4,4,False,,,
2024,2025,4898237.0,1,14,True,,,
2024,2025,4431827.0,6,13,True,,,
2024,2025,5176076.0,0,4,True,,,
2024,2025,5176196.0,5,2,True,,,
2024,2025,5176660.0,14,15,True,,,
2024,2025,5106806.0,13,17,True,,,
2024,2025,5175737.0,15,15,False,,,
2024,2025,5174970.0,17,1,True,,,
2024,2025,4700882.0,1,1,False,,,
2024,2025,5170078.0,16,15,True,,,
2024,2025,4692907.0,7,14,True,,,
2024,2025,5175860.0,13,13,False,,,
2024,2025,5106041.0,9,9,False,,,
2024,2025,4897154.0,16,2,True,,,
2024,2025,4601026.0,17,4,True,,,
2024,2025,5108048.0,16,16,False,,,
2024,2025,4398398.0,3,3,False,,,
2024,2025,4897055.0,1,10,True,,,
2024,2025,4703538.0,14,8,True,,,
2024,2025,5105337.0,2,2,False,,,
2024,2025,5107263.0,13,1,True,,,
2024,2025,4897938.0,17,13,True,,,
2024,2025,5176075.0,7,4,True,,,
2024,2025,4896531.0,3,3,False,,,
2024,2025,5143601.0,6,6,False,,,
2024,2025,5176232.0,0,4,True,,,
2024,2025,5105854.0,14,14,False,,,
2024,2025,5176681.0,4,4,False,,,
2024,2025,4701228.0,9,2,True,,,
2024,2025,5177744.0,13,13,False,,,
2024,2025,5177227.0,9,9,False,,,
2024,2025,4685802.0,14,14,False,,,
2024,2025,4683735.0,1,14,True,,,
2024,2025,4897155.0,14,3,True,,,
2024,2025,4703393.0,10,10,False,,,
2024,2025,5107607.0,6,10,True,,,
2024,2025,4897673.0,7,3,True,,,
2024,2025,4896538.0,4,4,False,,,
2024,2025,5105642.0,13,13,False,,,
2024,2025,4701995.0,14,1,True,,,
2024,2025,5176077.0,7,1,True,,,
2024,2025,4702466.0,0,10,True,,,
2024,2025,5105807.0,5,15,True,,,
2024,2025,4703241.0,10,10,False,,,
2024,2025,4704015.0,3,4,True,,,
2024,2025,5176246.0,7,12,True,,,
2024,2025,5105853.0,4,17,True,,,
2024,2025,4703242.0,2,2,False,,,
2024,2025,4897894.0,4,4,False,,,
2024,2025,4432483.0,16,9,True,,,
2024,2025,5106280.0,3,14,True,,,
2024,2025,4684168.0,6,12,True,,,
2024,2025,5174973.0,16,15,True,,,
2024,2025,5174621.0,16,2,True,,,
2024,2025,4703621.0,13,4,True,,,
2024,2025,4897907.0,9,16,True,,,
2024,2025,4702666.0,14,7,True,,,
2024,2025,4598611.0,17,13,True,,,
2024,2025,5176662.0,3,3,False,,,
2024,2025,4612161.0,3,4,True,,,
2024,2025,4433185.0,10,6,True,,,
2024,2025,5107258.0,2,9,True,,,
2024,2025,4433585.0,10,10,False,,,
2024,2025,5177530.0,1,0,True,,,
2024,2025,4683836.0,13,4,True,,,
2024,2025,4700870.0,10,13,True,,,
2024,2025,4702534.0,5,10,True,,,
2024,2025,5176400.0,12,13,True,,,
2024,2025,4432313.0,16,11,True,,,
2024,2025,4702958.0,0,7,True,,,
2024,2025,5107621.0,4,4,False,,,
2024,2025,4905250.0,4,4,False,,,
2024,2025,4699592.0,11,2,True,,,
2024,2025,4897483.0,17,17,False,,,
2024,2025,5177111.0,6,6,False,,,
2024,2025,5176644.0,3,7,True,,,
2024,2025,4897697.0,16,10,True,,,
2024,2025,4702005.0,14,8,True,,,
2024,2025,4703131.0,3,4,True,,,
2024,2025,4593744.0,17,17,False,,,
2024,2025,4683745.0,13,13,False,,,
2024,2025,5109784.0,16,5,True,,,
2024,2025,4897981.0,16,5,True,,,
2024,2025,5105647.0,9,2,True,,,
2024,2025,4703234.0,6,14,True,,,
2024,2025,5174629.0,12,12,False,,,
2024,2025,5176237.0,14,14,False,,,
2024,2025,4702966.0,6,4,True,,,
2024,2025,4897562.0,12,17,True,,,
2024,2025,4567590.0,0,1,True,,,
2024,2025,4585606.0,10,4,True,,,
2024,2025,4875213.0,10,1,True,,,
2024,2025,4897604.0,13,13,False,,,
2024,2025,4791227.0,10,2,True,,,
2024,2025,4897995.0,13,17,True,,,
2024,2025,4708076.0,0,13,True,,,
2024,2025,4712834.0,1,1,False,,,
2024,2025,5107642.0,11,5,True,,,
2024,2025,5175727.0,0,10,True,,,
2024,2025,4897701.0,1,4,True,,,
2024,2025,4703183.0,1,1,False,,,
2024,2025,4704078.0,3,14,True,,,
2024,2025,4810230.0,11,11,False,,,
2024,2025,4683761.0,4,12,True,,,
2024,2025,5176153.0,4,6,True,,,
2024,2025,5176167.0,0,0,False,,,
2024,2025,4432193.0,15,15,False,,,
2024,2025,5176674.0,13,13,False,,,
2024,2025,5177253.0,0,6,True,,,
2024,2025,4433569.0,15,15,False,,,
2024,2025,4592914.0,1,1,False,,,
2024,2025,5174938.0,0,10,True,,,
2024,2025,5177691.0,3,1,True,,,
2024,2025,4845379.0,13,12,True,,,
2024,2025,4684628.0,4,4,False,,,
2024,2025,4719433.0,12,4,True,,,
2024,2025,5177608.0,3,4,True,,,
2024,2025,5176164.0,13,13,False,,,
2024,2025,4704079.0,6,11,True,,,
2024,2025,5175372.0,0,17,True,,,
2024,2025,5105449.0,2,16,True,,,
2024,2025,5175146.0,11,15,True,,,
2024,2025,4897472.0,14,14,False,,,
2024,2025,5107271.0,16,16,False,,,
2024,2025,4700953.0,9,2,True,,,
2024,2025,4897192.0,13,4,True,,,
2024,2025,4684159.0,0,6,True,,,
2024,2025,4610401.0,9,9,False,,,
2024,2025,5176149.0,4,7,True,,,
2024,2025,4703125.0,17,13,True,,,
2024,2025,5175369.0,16,15,True,,,
2024,2025,5176256.0,7,8,True,,,
2024,2025,4596528.0,16,5,True,,,
2024,2025,4701211.0,14,14,False,,,
2024,2025,4683853.0,4,4,False,,,
2024,2025,4601285.0,6,6,False,,,
2024,2025,4884257.0,1,6,True,,,
2024,2025,5176334.0,8,1,True,,,
2024,2025,4684310.0,5,15,True,,,
2024,2025,4602027.0,4,7,True,,,
2024,2025,4432175.0,4,17,True,,,
2024,2025,4896956.0,11,11,False,,,
2024,2025,5105821.0,6,1,True,,,
2024,2025,5105681.0,6,6,False,,,
2024,2025,5106715.0,1,14,True,,,
2024,2025,5176811.0,16,5,True,,,
2024,2025,5108082.0,3,14,True,,,
2024,2025,4701984.0,2,2,False,,,
2024,2025,4683860.0,1,14,True,,,
2024,2025,4701986.0,13,17,True,,,
2024,2025,4702104.0,4,4,False,,,
2024,2025,4897261.0,0,10,True,,,
2024,2025,4897299.0,4,4,False,,,
2024,2025,4897364.0,4,13,True,,,
2024,2025,4896372.0,4,14,True,,,
2024,2025,4897534.0,14,1,True,,,
2024,2025,4888718.0,4,4,False,,,
2024,2025,4703982.0,13,17,True,,,
2024,2025,5106610.0,3,7,True,,,
2024,2025,4896537.0,11,6,True,,,
2024,2025,4897504.0,6,16,True,,,
2024,2025,5175068.0,13,13,False,,,
2024,2025,5105881.0,9,9,False,,,
2024,2025,4684445.0,16,15,True,,,
2024,2025,4683730.0,1,4,True,,,
2024,2025,5107152.0,4,4,False,,,
2024,2025,5176178.0,13,13,False,,,
2024,2025,4398279.0,16,1,True,,,
2024,2025,4897370.0,5,5,False,,,
2024,2025,5105717.0,0,13,True,,,
2024,2025,4898117.0,16,16,False,,,
2024,2025,5177588.0,3,3,False,,,
2024,2025,4898006.0,16,11,True,,,
2024,2025,4702432.0,10,11,True,,,
2024,2025,5177104.0,1,3,True,,,
2024,2025,5176091.0,12,4,True,,,
2024,2025,5107153.0,6,6,False,,,
2024,2025,4683942.0,6,1,True,,,
2024,2025,5106236.0,4,4,False,,,
2024,2025,4433195.0,12,3,True,,,
2024,2025,5174815.0,6,6,False,,,
2024,2025,5107768.0,8,7,True,,,
2024,2025,4706679.0,5,5,False,,,
2024,2025,4702491.0,4,4,False,,,
2024,2025,5105627.0,10,15,True,,,
2024,2025,4703826.0,17,13,True,,,
2024,2025,4432441.0,6,9,True,,,
2024,2025,5108098.0,0,0,False,,,
2024,2025,5176313.0,13,13,False,,,
2024,2025,5177349.0,5,16,True,,,
2024,2025,5175174.0,12,0,True,,,
2024,2025,4703015.0,9,15,True,,,
2024,2025,5107268.0,13,17,True,,,
2024,2025,5175415.0,4,1,True,,,
2024,2025,5107085.0,4,12,True,,,
2024,2025,5108040.0,4,4,False,,,
2024,2025,5108045.0,16,16,False,,,
2024,2025,5106240.0,11,15,True,,,
2024,2025,4683697.0,13,4,True,,,
2024,2025,5107977.0,3,8,True,,,
2024,2025,5177521.0,6,14,True,,,
2024,2025,4897628.0,16,16,False,,,
2024,2025,5106728.0,6,0,True,,,
2024,2025,5177690.0,1,1,False,,,
2024,2025,4703691.0,3,12,True,,,
2024,2025,4896946.0,5,16,True,,,
2024,2025,4897575.0,4,4,False,,,
2024,2025,4593047.0,12,4,True,,,
2024,2025,5105823.0,2,2,False,,,
2024,2025,4433119.0,11,16,True,,,
2024,2025,5108721.0,6,15,True,,,
2024,2025,4898188.0,17,17,False,,,
2024,2025,4897859.0,16,2,True,,,
2024,2025,4703629.0,3,14,True,,,
2024,2025,4700874.0,0,12,True,,,
2024,2025,5175662.0,2,2,False,,,
2024,2025,4845373.0,3,4,True,,,
2024,2025,4895782.0,5,9,True,,,
2024,2025,4897090.0,3,4,True,,,
2024,2025,4595429.0,11,9,True,,,
2024,2025,5174623.0,6,10,True,,,
2024,2025,4702509.0,6,4,True,,,
2024,2025,4581445.0,12,17,True,,,
2024,2025,5176646.0,6,6,False,,,
2024,2025,4896615.0,14,1,True,,,
2024,2025,4845368.0,1,1,False,,,
2024,2025,4433629.0,14,14,False,,,
2024,2025,4702106.0,17,13,True,,,
2024,2025,4703810.0,16,6,True,,,
2024,2025,4701846.0,10,10,False,,,
2024,2025,4703167.0,14,17,True,,,
2024,2025,4897313.0,6,0,True,,,
2024,2025,4895794.0,16,16,False,,,
2024,2025,4692906.0,17,13,True,,,
2024,2025,5107317.0,4,14,True,,,
2024,2025,5174672.0,11,0,True,,,
2024,2025,4590359.0,6,10,True,,,
2024,2025,4897447.0,4,0,True,,,
2024,2025,5105771.0,13,17,True,,,
2024,2025,5176672.0,12,7,True,,,
2024,2025,4708220.0,4,13,True,,,
2024,2025,4897573.0,11,11,False,,,
2024,2025,5060700.0,9,9,False,,,
2024,2025,5105650.0,6,6,False,,,
2024,2025,5107369.0,10,5,True,,,
2024,2025,4898371.0,15,15,False,,,
2024,2025,5108104.0,14,13,True,,,
2024,2025,4687376.0,6,16,True,,,
2024,2025,4686333.0,7,17,True,,,
2024,2025,4897200.0,0,16,True,,,
2024,2025,4575837.0,6,6,False,,,
2024,2025,4590360.0,1,14,True,,,
2024,2025,4590364.0,10,0,True,,,
2024,2025,4683682.0,17,13,True,,,
2024,2025,4699440.0,15,15,False,,,
2024,2025,5108000.0,12,4,True,,,
2024,2025,5176741.0,5,5,False,,,
2024,2025,4703887.0,2,5,True,,,
2024,2025,5107456.0,6,7,True,,,
2024,2025,4898236.0,17,17,False,,,
2024,2025,5176814.0,10,4,True,,,
2024,2025,5105668.0,16,15,True,,,
2024,2025,5106034.0,11,9,True,,,
2024,2025,5101623.0,14,14,False,,,
2024,2025,4702738.0,13,12,True,,,
2024,2025,5176315.0,1,14,True,,,
2024,2025,5175000.0,12,12,False,,,
2024,2025,4433229.0,5,5,False,,,
2024,2025,4897670.0,15,15,False,,,
2024,2025,4433611.0,12,1,True,,,
2024,2025,4713935.0,6,1,True,,,
2024,2025,4694228.0,4,1,True,,,
2024,2025,5176765.0,9,9,False,,,
2024,2025,4704077.0,1,1,False,,,
2024,2025,4897641.0,1,1,False,,,
2024,2025,5176028.0,12,10,True,,,
2024,2025,5176325.0,0,10,True,,,
2024,2025,4838721.0,17,17,False,,,
2024,2025,4703923.0,15,15,False,,,
2024,2025,5176187.0,5,5,False,,,
2024,2025,5105979.0,7,13,True,,,
2024,2025,4895737.0,13,17,True,,,
2024,2025,5106288.0,10,6,True,,,
2024,2025,5175705.0,8,13,True,,,
2024,2025,5106652.0,12,17,True,,,
2024,2025,4899682.0,5,1,True,,,
2024,2025,4702530.0,1,1,False,,,
2024,2025,4897485.0,4,3,True,,,
2024,2025,4897617.0,7,7,False,,,
2024,2025,5176251.0,10,4,True,,,
2024,2025,5176818.0,0,6,True,,,
2024,2025,4592761.0,4,4,False,,,
2024,2025,4897944.0,17,13,True,,,
2024,2025,4606836.0,2,2,False,,,
2024,2025,4703699.0,2,2,False,,,
2024,2025,5106044.0,1,7,True,,,
2024,2025,4683862.0,4,4,False,,,
2024,2025,5177138.0,3,4,True,,,
2024,2025,4897477.0,4,4,False,,,
2024,2025,4897990.0,6,6,False,,,
2024,2025,5106776.0,6,6,False,,,
2024,2025,5179095.0,3,14,True,,,
2024,2025,4431824.0,16,2,True,,,
2024,2025,4701318.0,10,10,False,,,
2024,2025,5105587.0,0,6,True,,,
2024,2025,4432169.0,10,15,True,,,
2024,2025,4711270.0,1,14,True,,,
2024,2025,5106791.0,16,11,True,,,
2024,2025,4683737.0,17,17,False,,,
2024,2025,4897066.0,13,12,True,,,
2024,2025,4433200.0,10,7,True,,,
2024,2025,4897890.0,16,15,True,,,
2024,2025,5106284.0,7,14,True,,,
2024,2025,4703815.0,16,2,True,,,
2024,2025,4897176.0,4,13,True,,,
2024,2025,4574701.0,7,2,True,,,
2024,2025,4703220.0,4,3,True,,,
2024,2025,5176443.0,1,2,True,,,
2024,2025,5107438.0,5,5,False,,,
2024,2025,5176213.0,3,3,False,,,
2024,2025,4702499.0,16,9,True,,,
2024,2025,5110173.0,6,8,True,,,
2024,2025,4683758.0,17,14,True,,,
2024,2025,5179096.0,3,3,False,,,
2024,2025,5185673.0,4,4,False,,,
2024,2025,4589483.0,1,1,False,,,
2024,2025,4709132.0,14,3,True,,,
2024,2025,4700845.0,17,17,False,,,
2024,2025,5106272.0,3,14,True,,,
2024,2025,4894236.0,2,2,False,,,
2024,2025,4897514.0,13,13,False,,,
2024,2025,4895759.0,7,6,True,,,
2024,2025,4702976.0,15,5,True,,,
2024,2025,5106881.0,12,17,True,,,
2024,2025,4432115.0,11,16,True,,,
2024,2025,4684301.0,9,9,False,,,
2024,2025,4702178.0,2,16,True,,,
2024,2025,4397343.0,5,5,False,,,
2024,2025,5175758.0,1,11,True,,,
2024,2025,4702964.0,6,7,True,,,
2024,2025,5176710.0,8,1,True,,,
2024,2025,5176177.0,8,7,True,,,
2024,2025,4432512.0,1,9,True,,,
2024,2025,4897649.0,1,1,False,,,
2024,2025,5108913.0,2,2,False,,,
2024,2025,4898222.0,13,13,False,,,
2024,2025,5105445.0,0,1,True,,,
2024,2025,4703144.0,12,12,False,,,
2024,2025,5106242.0,6,16,True,,,
2024,2025,4897451.0,4,3,True,,,
2024,2025,5177516.0,1,1,False,,,
2024,2025,4693954.0,15,15,False,,,
2024,2025,4602025.0,10,10,False,,,
2024,2025,4897686.0,10,10,False,,,
2024,2025,5184518.0,16,0,True,,,
2024,2025,5177346.0,16,16,False,,,
2024,2025,4702288.0,17,13,True,,,
2024,2025,5176789.0,4,4,False,,,
2024,2025,4581505.0,6,10,True,,,
2024,2025,4702503.0,2,15,True,,,
2024,2025,5107368.0,1,1,False,,,
2024,2025,5106705.0,17,13,True,,,
2024,2025,5105458.0,16,11,True,,,
2024,2025,4433245.0,13,13,False,,,
2024,2025,5176728.0,3,3,False,,,
2024,2025,4432402.0,13,13,False,,,
2024,2025,5107274.0,17,4,True,,,
2024,2025,5060631.0,10,15,True,,,
2024,2025,5105861.0,13,13,False,,,
2024,2025,5177188.0,13,4,True,,,
2024,2025,5176787.0,1,0,True,,,
2024,2025,5108006.0,10,15,True,,,
2024,2025,4702528.0,17,17,False,,,
2024,2025,5177348.0,12,13,True,,,
2024,2025,4585866.0,12,13,True,,,
2024,2025,5174937.0,14,4,True,,,
2024,2025,5182081.0,4,13,True,,,
2024,2025,5101624.0,7,0,True,,,
2024,2025,4702602.0,2,10,True,,,
2024,2025,5174599.0,17,17,False,,,
2024,2025,4896504.0,12,3,True,,,
2024,2025,4432902.0,1,1,False,,,
2024,2025,5107797.0,2,2,False,,,
2024,2025,4703435.0,4,12,True,,,
2024,2025,5105882.0,16,9,True,,,
2024,2025,4897191.0,16,16,False,,,
2024,2025,4897438.0,15,15,False,,,
2024,2025,5174661.0,13,1,True,,,
2024,2025,4577803.0,7,4,True,,,
2024,2025,4702196.0,10,10,False,,,
2024,2025,4703693.0,5,5,False,,,
2024,2025,4895745.0,0,0,False,,,
2024,2025,5177260.0,3,0,True,,,
2024,2025,4433144.0,14,4,True,,,
2024,2025,5174613.0,8,3,True,,,
2024,2025,5179094.0,11,11,False,,,
2024,2025,5175954.0,6,10,True,,,
2024,2025,4432443.0,13,13,False,,,
2024,2025,4897167.0,15,15,False,,,
2024,2025,5176390.0,10,0,True,,,
2024,2025,5105481.0,4,4,False,,,
2024,2025,4432180.0,15,15,False,,,
2024,2025,5175741.0,6,10,True,,,
2024,2025,4702134.0,15,15,False,,,
2024,2025,4684163.0,8,1,True,,,
2024,2025,4433062.0,13,6,True,,,
2024,2025,5176799.0,5,16,True,,,
2024,2025,5176947.0,2,15,True,,,
2024,2025,5176311.0,5,2,True,,,
2024,2025,4703434.0,10,6,True,,,
2024,2025,4848625.0,1,1,False,,,
2024,2025,4702115.0,0,0,False,,,
2024,2025,4433177.0,1,1,False,,,
2024,2025,4597867.0,2,16,True,,,
2024,2025,4898380.0,1,4,True,,,
2024,2025,4702670.0,15,15,False,,,
2024,2025,4698719.0,10,2,True,,,
2024,2025,5107242.0,14,13,True,,,
2024,2025,5108786.0,8,6,True,,,
2024,2025,4700880.0,4,10,True,,,
2024,2025,5105795.0,0,10,True,,,
2024,2025,4703003.0,3,3,False,,,
2024,2025,4702512.0,13,10,True,,,
2024,2025,5177722.0,3,1,True,,,
2024,2025,4593120.0,15,15,False,,,
2024,2025,4898009.0,15,6,True,,,
2024,2025,5108011.0,10,10,False,,,
2024,2025,4897581.0,3,3,False,,,
2024,2025,5176275.0,3,4,True,,,
2024,2025,4700963.0,2,16,True,,,
2024,2025,4702068.0,15,15,False,,,
2024,2025,4431959.0,13,12,True,,,
2024,2025,4702784.0,10,10,False,,,
2024,2025,5107782.0,14,14,False,,,
2024,2025,5106035.0,1,15,True,,,
2024,2025,5176404.0,16,16,False,,,
2024,2025,4702675.0,13,13,False,,,
2024,2025,5174612.0,13,13,False,,,
2024,2025,5106727.0,3,4,True,,,
2024,2025,5177359.0,6,10,True,,,
2024,2025,4683934.0,1,1,False,,,
2024,2025,4703831.0,13,12,True,,,
2024,2025,4888733.0,3,7,True,,,
2024,2025,4702431.0,2,2,False,,,
2024,2025,5106600.0,14,1,True,,,
2024,2025,4590400.0,3,7,True,,,
2024,2025,5114350.0,10,15,True,,,
2024,2025,5176685.0,10,16,True,,,
2024,2025,4898375.0,6,7,True,,,
2024,2025,4684809.0,14,14,False,,,
2024,2025,5177115.0,12,12,False,,,
2024,2025,4703380.0,4,14,True,,,
2024,2025,4703671.0,15,16,True,,,
2024,2025,4397152.0,10,10,False,,,
2024,2025,5177144.0,1,8,True,,,
2024,2025,4897936.0,10,4,True,,,
2024,2025,4703868.0,14,4,True,,,
2024,2025,4433277.0,6,12,True,,,
2024,2025,5123799.0,11,11,False,,,
2024,2025,4896530.0,12,13,True,,,
2024,2025,4683949.0,0,1,True,,,
2024,2025,4711256.0,13,1,True,,,
2024,2025,5107070.0,4,17,True,,,
2024,2025,4845382.0,17,13,True,,,
2024,2025,4702496.0,5,5,False,,,
2024,2025,4703386.0,4,4,False,,,
2024,2025,4910095.0,12,13,True,,,
2024,2025,5176578.0,8,8,False,,,
2024,2025,4700873.0,11,0,True,,,
2024,2025,4848621.0,7,3,True,,,
2024,2025,4702103.0,2,16,True,,,
2024,2025,5108141.0,14,17,True,,,
2024,2025,4684443.0,2,2,False,,,
2024,2025,5106770.0,4,10,True,,,
2024,2025,4898228.0,13,13,False,,,
2024,2025,5176039.0,12,13,True,,,
2024,2025,5176062.0,13,13,False,,,
2024,2025,5174614.0,1,1,False,,,
2024,2025,4431702.0,11,11,False,,,
2024,2025,4702658.0,12,12,False,,,
2024,2025,4896997.0,10,10,False,,,
2024,2025,5177358.0,8,14,True,,,
2024,2025,4698717.0,4,17,True,,,
2024,2025,5174634.0,7,10,True,,,
2024,2025,5142324.0,17,0,True,,,
2024,2025,5105796.0,12,1,True,,,
2024,2025,5176044.0,9,2,True,,,
2024,2025,4897397.0,4,10,True,,,
2024,2025,4433160.0,1,14,True,,,
2024,2025,5176333.0,3,1,True,,,
2024,2025,4433285.0,15,15,False,,,
2024,2025,4897282.0,13,13,False,,,
2024,2025,4581506.0,13,4,True,,,
2024,2025,4837237.0,6,14,True,,,
2024,2025,4575108.0,15,15,False,,,
2024,2025,4897297.0,16,6,True,,,
2024,2025,5174947.0,13,4,True,,,
2024,2025,5176284.0,13,13,False,,,
2024,2025,4593409.0,10,10,False,,,
2024,2025,4592961.0,5,2,True,,,
2024,2025,4575472.0,1,0,True,,,
2024,2025,5175809.0,14,14,False,,,
2024,2025,4712838.0,4,3,True,,,
2024,2025,5105562.0,10,9,True,,,
2024,2025,5174932.0,13,12,True,,,
2024,2025,4703262.0,4,1,True,,,
2024,2025,4431700.0,12,6,True,,,
2024,2025,4897498.0,4,13,True,,,
2024,2025,5107173.0,15,15,False,,,
2024,2025,5107314.0,10,10,False,,,
2024,2025,4683751.0,14,4,True,,,
2024,2025,4433599.0,6,15,True,,,
2024,2025,4896862.0,6,4,True,,,
2024,2025,4701837.0,3,3,False,,,
2024,2025,4702105.0,3,3,False,,,
2024,2025,4684984.0,16,9,True,,,
2024,2025,4684627.0,17,13,True,,,
2024,2025,4703215.0,4,4,False,,,
2024,2025,4897007.0,10,10,False,,,
2024,2025,4702730.0,15,16,True,,,
2024,2025,5107176.0,4,4,False,,,
2024,2025,4712843.0,1,1,False,,,
2024,2025,5105847.0,1,2,True,,,
2024,2025,5105410.0,15,10,True,,,
2024,2025,5108809.0,4,4,False,,,
2024,2025,4433104.0,4,12,True,,,
2024,2025,4712832.0,14,14,False,,,
2024,2025,4431781.0,5,11,True,,,
2024,2025,4898217.0,4,14,True,,,
2024,2025,5105594.0,16,6,True,,,
2024,2025,4702387.0,4,4,False,,,
2024,2025,4704083.0,12,13,True,,,
2024,2025,5177297.0,12,10,True,,,
2024,2025,5105837.0,14,14,False,,,
2024,2025,4433265.0,17,13,True,,,
2024,2025,4896463.0,10,17,True,,,
2024,2025,5177340.0,12,12,False,,,
2024,2025,4598640.0,10,10,False,,,
2024,2025,5105527.0,13,4,True,,,
2024,2025,5105641.0,16,9,True,,,
2024,2025,5106845.0,16,11,True,,,
2024,2025,4702721.0,6,10,True,,,
2024,2025,5178199.0,6,6,False,,,
2024,2025,4896971.0,1,13,True,,,
2024,2025,4432981.0,2,16,True,,,
2024,2025,4898278.0,1,1,False,,,
2024,2025,5109018.0,10,10,False,,,
2024,2025,4702759.0,4,6,True,,,
2024,2025,5107866.0,5,15,True,,,
2024,2025,4702078.0,3,1,True,,,
2024,2025,4703879.0,13,12,True,,,
2024,2025,4590356.0,4,10,True,,,
2024,2025,5176291.0,11,16,True,,,
2024,2025,4845369.0,3,3,False,,,
2024,2025,4703000.0,1,1,False,,,
2024,2025,5105543.0,2,2,False,,,
2024,2025,4898186.0,0,0,False,,,
2024,2025,5075625.0,15,6,True,,,
2024,2025,5106293.0,2,2,False,,,
2024,2025,4683753.0,1,14,True,,,
2024,2025,4898267.0,4,14,True,,,
2024,2025,4593069.0,12,6,True,,,
2024,2025,4606833.0,7,4,True,,,
2024,2025,4888717.0,3,12,True,,,
2024,2025,5107999.0,16,16,False,,,
2024,2025,5142358.0,1,1,False,,,
2024,2025,4433242.0,0,13,True,,,
2024,2025,4683752.0,2,2,False,,,
2024,2025,5107381.0,11,11,False,,,
2024,2025,5108770.0,4,6,True,,,
2024,2025,5176665.0,5,15,True,,,
2024,2025,5105719.0,17,13,True,,,
2024,2025,4431877.0,4,17,True,,,
2024,2025,5105804.0,5,9,True,,,
2024,2025,4701192.0,15,15,False,,,
2024,2025,4702495.0,6,6,False,,,
2024,2025,5176372.0,12,7,True,,,
2024,2025,5105619.0,4,4,False,,,
2024,2025,4432363.0,1,14,True,,,
2024,2025,5177341.0,4,1,True,,,
2024,2025,4433154.0,5,2,True,,,
2024,2025,4711313.0,2,2,False,,,
2024,2025,4873093.0,14,4,True,,,
2024,2025,4709322.0,11,11,False,,,
2024,2025,4702074.0,13,17,True,,,
2024,2025,5176301.0,12,13,True,,,
2024,2025,5107769.0,12,7,True,,,
2024,2025,4897674.0,7,8,True,,,
2024,2025,5177736.0,10,13,True,,,
2024,2025,4700827.0,10,10,False,,,
2024,2025,5113385.0,10,1,True,,,
2024,2025,5177038.0,16,16,False,,,
2024,2025,4897999.0,13,0,True,,,
2024,2025,5176200.0,4,4,False,,,
2024,2025,4703914.0,15,15,False,,,
2024,2025,5176648.0,9,9,False,,,
2024,2025,4433135.0,4,4,False,,,
2024,2025,5175785.0,15,15,False,,,
2024,2025,4683782.0,12,13,True,,,
2024,2025,4702000.0,13,13,False,,,
2024,2025,5037878.0,9,2,True,,,
2024,2025,5178210.0,8,1,True,,,
2024,2025,5176653.0,1,3,True,,,
2024,2025,4599446.0,6,12,True,,,
2024,2025,4909951.0,7,12,True,,,
2024,2025,5176708.0,1,3,True,,,
2024,2025,5175001.0,11,16,True,,,
2024,2025,4702954.0,4,4,False,,,
2024,2025,5107703.0,9,5,True,,,
2024,2025,4897466.0,3,7,True,,,
2024,2025,5106599.0,4,4,False,,,
2024,2025,5105890.0,10,10,False,,,
2024,2025,5106868.0,14,1,True,,,
2024,2025,4896871.0,5,5,False,,,
2024,2025,5176518.0,10,5,True,,,
2024,2025,4702052.0,16,1,True,,,
2024,2025,4897326.0,2,2,False,,,
2024,2025,4712862.0,15,15,False,,,
2024,2025,4703576.0,9,2,True,,,
2024,2025,4701993.0,2,2,False,,,
2024,2025,4432185.0,1,1,False,,,
2024,2025,4702655.0,14,4,True,,,
2024,2025,5107343.0,17,12,True,,,
2024,2025,5174959.0,13,4,True,,,
2024,2025,4898292.0,8,12,True,,,
2024,2025,4896973.0,2,9,True,,,
2024,2025,4702628.0,4,13,True,,,
2024,2025,5107209.0,3,3,False,,,
2024,2025,4898339.0,10,10,False,,,
2024,2025,4897715.0,2,2,False,,,
2024,2025,5177175.0,4,12,True,,,
2024,2025,4702669.0,3,3,False,,,
2024,2025,5176190.0,13,17,True,,,
2024,2025,5108991.0,0,0,False,,,
2024,2025,4565204.0,15,10,True,,,
2024,2025,4684167.0,10,6,True,,,
2024,2025,5108122.0,4,4,False,,,
2024,2025,4702649.0,7,13,True,,,
2024,2025,5175704.0,14,14,False,,,
2024,2025,4708215.0,1,4,True,,,
2024,2025,4684734.0,12,12,False,,,
2024,2025,5105670.0,13,10,True,,,
2024,2025,4898246.0,10,10,False,,,
2024,2025,4897766.0,14,14,False,,,
2024,2025,5105538.0,15,15,False,,,
2024,2025,4703071.0,14,1,True,,,
2024,2025,5176276.0,5,16,True,,,
2024,2025,4602022.0,13,13,False,,,
2024,2025,4433279.0,12,1,True,,,
2024,2025,5176517.0,15,15,False,,,
2024,2025,5111990.0,5,5,False,,,
2024,2025,4709150.0,11,16,True,,,
2024,2025,4703133.0,0,17,True,,,
2024,2025,4684270.0,4,14,True,,,
2024,2025,4848630.0,1,0,True,,,
2024,2025,5106040.0,2,15,True,,,
2024,2025,5176322.0,6,6,False,,,
2024,2025,4920142.0,2,2,False,,,
2024,2025,5106880.0,4,4,False,,,
2024,2025,5176556.0,1,12,True,,,
2024,2025,5105604.0,17,7,True,,,
2024,2025,4432282.0,10,15,True,,,
2024,2025,5106286.0,5,5,False,,,
2024,2025,5175171.0,12,14,True,,,
2024,2025,4433179.0,10,12,True,,,
2024,2025,4433243.0,3,4,True,,,
2024,2025,4897909.0,13,13,False,,,
2024,2025,5106699.0,12,4,True,,,
2024,2025,4702876.0,10,7,True,,,
2024,2025,4683784.0,7,1,True,,,
2024,2025,5105876.0,4,4,False,,,
2024,2025,4703082.0,9,2,True,,,
2024,2025,5106265.0,7,6,True,,,
2024,2025,4897010.0,13,12,True,,,
2024,2025,4572452.0,14,14,False,,,
2024,2025,5108891.0,16,15,True,,,
2024,2025,4683777.0,4,4,False,,,
2024,2025,5106591.0,7,7,False,,,
2024,2025,4897957.0,6,10,True,,,
2024,2025,4701121.0,17,13,True,,,
2024,2025,4703400.0,14,14,False,,,
2024,2025,4701126.0,10,10,False,,,
2024,2025,4898370.0,2,11,True,,,
2024,2025,5107287.0,4,4,False,,,
2024,2025,4684720.0,13,13,False,,,
2024,2025,5106051.0,5,5,False,,,
2024,2025,5174935.0,13,13,False,,,
2024,2025,4431751.0,14,14,False,,,
2024,2025,5177193.0,1,1,False,,,
2024,2025,5176686.0,11,16,True,,,
2024,2025,4702505.0,10,15,True,,,
2024,2025,4432137.0,3,12,True,,,
2024,2025,4897926.0,10,10,False,,,
2024,2025,4395668.0,7,4,True,,,
2024,2025,4897065.0,14,14,False,,,
2024,2025,4897019.0,6,6,False,,,
2024,2025,4431719.0,4,10,True,,,
2024,2025,4896962.0,15,6,True,,,
2024,2025,4895738.0,3,3,False,,,
2024,2025,4585601.0,10,10,False,,,
2024,2025,4684269.0,4,14,True,,,
2024,2025,4696317.0,6,17,True,,,
2024,2025,4898382.0,12,6,True,,,
2024,2025,4433174.0,9,2,True,,,
2024,2025,5105978.0,15,16,True,,,
2024,2025,5106456.0,13,17,True,,,
2024,2025,4431946.0,1,4,True,,,
2024,2025,4703913.0,4,4,False,,,
2024,2025,4683756.0,16,15,True,,,
2024,2025,4703977.0,16,11,True,,,
2024,2025,5107895.0,4,4,False,,,
2024,2025,4432522.0,14,1,True,,,
2024,2025,5106643.0,5,2,True,,,
2024,2025,4897898.0,5,16,True,,,
2024,2025,4702054.0,13,13,False,,,
2024,2025,4585598.0,11,16,True,,,
2024,2025,5106269.0,10,17,True,,,
2024,2025,5106660.0,4,4,False,,,
2024,2025,4684145.0,16,15,True,,,
2024,2025,4592726.0,1,1,False,,,
2024,2025,5107894.0,0,12,True,,,
2024,2025,5106037.0,1,3,True,,,
2024,2025,5111908.0,14,14,False,,,
2024,2025,5077373.0,8,1,True,,,
2024,2025,4708167.0,10,13,True,,,
2024,2025,5175011.0,1,17,True,,,
2024,2025,5105965.0,3,3,False,,,
2024,2025,5106235.0,3,3,False,,,
2024,2025,4685668.0,16,10,True,,,
2024,2025,4684166.0,12,1,True,,,
2024,2025,5108022.0,10,6,True,,,
2024,2025,4711312.0,9,16,True,,,
2024,2025,4433155.0,9,2,True,,,
2024,2025,4431975.0,0,10,True,,,
2024,2025,4433191.0,16,15,True,,,
2024,2025,5176801.0,5,9,True,,,
2024,2025,5108979.0,13,17,True,,,
2024,2025,4589479.0,6,16,True,,,
2024,2025,4701259.0,9,10,True,,,
2024,2025,4432430.0,14,7,True,,,
2024,2025,5174582.0,10,6,True,,,
2024,2025,4897046.0,7,7,False,,,
2024,2025,5174319.0,1,12,True,,,
2024,2025,4702350.0,10,6,True,,,
2024,2025,5177167.0,11,6,True,,,
2024,2025,4684296.0,6,6,False,,,
2024,2025,5108009.0,17,13,True,,,
2024,2025,4710357.0,6,6,False,,,
2024,2025,4433184.0,14,1,True,,,
2024,2025,5176955.0,0,16,True,,,
2024,2025,4684746.0,0,11,True,,,
2024,2025,4432407.0,16,16,False,,,
2024,2025,4702713.0,1,15,True,,,
2024,2025,5105552.0,1,1,False,,,
2024,2025,5176037.0,6,6,False,,,
2024,2025,4702714.0,4,17,True,,,
2024,2025,4684682.0,9,9,False,,,
2024,2025,5175787.0,16,5,True,,,
2024,2025,4898215.0,16,16,False,,,
2024,2025,5177231.0,14,14,False,,,
2024,2025,5107700.0,0,17,True,,,
2024,2025,5107169.0,14,14,False,,,
2024,2025,4701819.0,15,10,True,,,
2024,2025,4432394.0,2,1,True,,,
2024,2025,4591259.0,17,17,False,,,
2024,2025,5060696.0,16,15,True,,,
2024,2025,5105964.0,1,4,True,,,
2024,2025,5176560.0,8,3,True,,,
2024,2025,4702481.0,10,10,False,,,
2024,2025,5175788.0,0,16,True,,,
2024,2025,5105987.0,2,10,True,,,
2024,2025,4902635.0,3,3,False,,,
2024,2025,5105464.0,14,4,True,,,
2024,2025,5105820.0,12,1,True,,,
2024,2025,5105426.0,6,10,True,,,
2024,2025,4703996.0,1,4,True,,,
2024,2025,5124659.0,12,7,True,,,
2024,2025,5176159.0,7,1,True,,,
2024,2025,5105974.0,16,15,True,,,
2024,2025,4610012.0,15,10,True,,,
2024,2025,5108024.0,9,9,False,,,
2024,2025,5176402.0,10,15,True,,,
2024,2025,5106588.0,6,6,False,,,
2024,2025,5105462.0,10,17,True,,,
2024,2025,5117583.0,16,11,True,,,
2024,2025,4897302.0,6,10,True,,,
2024,2025,4702049.0,14,17,True,,,
2024,2025,4433574.0,0,10,True,,,
2024,2025,5177288.0,6,6,False,,,
2024,2025,4610141.0,16,16,False,,,
2024,2025,4432537.0,10,1,True,,,
2024,2025,5174608.0,13,10,True,,,
2024,2025,5177532.0,9,5,True,,,
2024,2025,5179294.0,4,4,False,,,
2024,2025,4705380.0,1,1,False,,,
2024,2025,4432969.0,7,17,True,,,
2024,2025,5175796.0,16,16,False,,,
2024,2025,4706601.0,4,4,False,,,
2024,2025,5105785.0,4,14,True,,,
2024,2025,5177534.0,16,16,False,,,
2024,2025,4700860.0,14,14,False,,,
2024,2025,5176734.0,1,1,False,,,
2024,2025,4897482.0,2,16,True,,,
2024,2025,5177734.0,10,6,True,,,
2024,2025,5105431.0,10,12,True,,,
2024,2025,4897484.0,12,10,True,,,
2024,2025,5107819.0,4,4,False,,,
2024,2025,5176140.0,11,11,False,,,
2024,2025,4702598.0,15,11,True,,,
2024,2025,5107858.0,10,10,False,,,
2024,2025,4897053.0,11,10,True,,,
2024,2025,4432692.0,16,10,True,,,
2024,2025,5177593.0,3,3,False,,,
2024,2025,5105855.0,17,17,False,,,
2024,2025,4898315.0,0,6,True,,,
2024,2025,5106701.0,9,16,True,,,
2024,2025,4701168.0,9,9,False,,,
2024,2025,4898317.0,9,9,False,,,
2024,2025,5107296.0,16,16,False,,,
2024,2025,5177573.0,3,3,False,,,
2024,2025,4432737.0,1,14,True,,,
2024,2025,5105533.0,2,2,False,,,
2024,2025,4703907.0,14,7,True,,,
2024,2025,5107969.0,12,17,True,,,
2024,2025,5105417.0,2,15,True,,,
2024,2025,5176450.0,17,13,True,,,
2024,2025,4704043.0,1,10,True,,,
2024,2025,4431983.0,3,14,True,,,
2024,2025,5107872.0,11,16,True,,,
2024,2025,4683785.0,7,1,True,,,
2024,2025,4581507.0,0,0,False,,,
2024,2025,4592905.0,16,6,True,,,
2024,2025,4848629.0,6,1,True,,,
2024,2025,5176397.0,5,15,True,,,
2024,2025,4703246.0,6,10,True,,,
2024,2025,4574710.0,14,3,True,,,
2024,2025,4432527.0,0,0,False,,,
2024,2025,5105698.0,9,2,True,,,
2024,2025,4903269.0,17,0,True,,,
2024,2025,4704950.0,7,10,True,,,
2024,2025,5175842.0,13,4,True,,,
2024,2025,5174958.0,6,17,True,,,
2024,2025,5105560.0,4,4,False,,,
2024,2025,4703912.0,10,10,False,,,
2024,2025,4700962.0,6,11,True,,,
2024,2025,4432926.0,15,9,True,,,
2024,2025,5105803.0,13,12,True,,,
2024,2025,4684735.0,0,12,True,,,
2024,2025,5105593.0,17,12,True,,,
2024,2025,4897979.0,16,16,False,,,
2024,2025,4708074.0,6,16,True,,,
2024,2025,5107508.0,4,4,False,,,
2024,2025,4897251.0,14,4,True,,,
2024,2025,4816087.0,0,12,True,,,
2024,2025,4610140.0,12,12,False,,,
2024,2025,4432515.0,10,13,True,,,
2024,2025,4711280.0,0,13,True,,,
2024,2025,4683742.0,9,15,True,,,
2024,2025,5105663.0,16,16,False,,,
2024,2025,4869741.0,16,10,True,,,
2024,2025,4613134.0,13,13,False,,,
2024,2025,5105894.0,6,6,False,,,
2024,2025,5105551.0,15,6,True,,,
2024,2025,5175670.0,4,14,True,,,
2024,2025,5177121.0,13,4,True,,,
2024,2025,5106714.0,6,4,True,,,
2024,2025,5105885.0,4,3,True,,,
2024,2025,4432078.0,16,8,True,,,
2024,2025,4897703.0,13,13,False,,,
2024,2025,4703095.0,12,7,True,,,
2024,2025,4593815.0,15,15,False,,,
2024,2025,4701236.0,4,6,True,,,
2024,2025,4592663.0,6,6,False,,,
2024,2025,4897374.0,4,6,True,,,
2024,2025,5176497.0,6,10,True,,,
2024,2025,4706918.0,3,14,True,,,
2024,2025,5107375.0,9,16,True,,,
2024,2025,4701202.0,9,10,True,,,
2024,2025,4592288.0,4,14,True,,,
2024,2025,4870564.0,15,15,False,,,
2024,2025,4702195.0,4,4,False,,,
2024,2025,4896996.0,10,10,False,,,
2024,2025,5105468.0,1,14,True,,,
2024,2025,5177526.0,5,11,True,,,
2024,2025,4432143.0,7,11,True,,,
2024,2025,5106731.0,6,10,True,,,
2024,2025,4708214.0,13,17,True,,,
2024,2025,4433217.0,1,1,False,,,
2024,2025,4872740.0,2,2,False,,,
2024,2025,5105401.0,12,13,True,,,
2024,2025,4702010.0,8,12,True,,,
2024,2025,4898191.0,13,13,False,,,
2024,2025,5106755.0,4,4,False,,,
2024,2025,4702490.0,14,14,False,,,
2024,2025,4701989.0,15,10,True,,,
2024,2025,4700533.0,10,10,False,,,
2024,2025,5176774.0,3,14,True,,,
2024,2025,4432753.0,17,4,True,,,
2024,2025,4703801.0,1,1,False,,,
2024,2025,4700970.0,4,4,False,,,
2024,2025,5109782.0,1,14,True,,,
2024,2025,5177101.0,13,0,True,,,
2024,2025,4897245.0,1,1,False,,,
2024,2025,5106620.0,1,1,False,,,
2024,2025,5107806.0,3,3,False,,,
2024,2025,5177149.0,6,16,True,,,
2024,2025,4433193.0,0,17,True,,,
2024,2025,5106253.0,1,1,False,,,
2024,2025,5177603.0,9,9,False,,,
2024,2025,4895740.0,4,4,False,,,
2024,2025,5176678.0,11,5,True,,,
2024,2025,4898233.0,13,17,True,,,
2024,2025,4576140.0,5,2,True,,,
2024,2025,5107205.0,5,11,True,,,
2024,2025,5107260.0,4,14,True,,,
2024,2025,4433197.0,10,17,True,,,
2024,2025,4897577.0,5,2,True,,,
2024,2025,4703820.0,7,3,True,,,
2024,2025,4703837.0,1,13,True,,,
2024,2025,4702465.0,5,7,True,,,
2024,2025,5176795.0,4,4,False,,,
2024,2025,5176736.0,1,3,True,,,
2024,2025,4906969.0,6,10,True,,,
2024,2025,4897160.0,3,3,False,,,
2024,2025,5177559.0,11,5,True,,,
2024,2025,4848619.0,13,17,True,,,
2024,2025,5177651.0,12,4,True,,,
2024,2025,4683947.0,4,4,False,,,
2024,2025,4683629.0,13,6,True,,,
2024,2025,5176733.0,1,7,True,,,
2024,2025,4897931.0,13,12,True,,,
2024,2025,5174294.0,12,13,True,,,
2024,2025,4703530.0,14,14,False,,,
2024,2025,4432632.0,14,14,False,,,
2024,2025,4683779.0,6,10,True,,,
2024,2025,5176209.0,3,14,True,,,
2024,2025,4433146.0,6,6,False,,,
2024,2025,4702786.0,13,13,False,,,
2024,2025,5175148.0,6,6,False,,,
2024,2025,5106864.0,11,15,True,,,
2024,2025,5106878.0,7,8,True,,,
2024,2025,4683732.0,6,1,True,,,
2024,2025,4433340.0,13,13,False,,,
2024,2025,5177731.0,10,1,True,,,
2024,2025,4431826.0,4,4,False,,,
2024,2025,4897532.0,1,14,True,,,
2024,2025,4684798.0,6,6,False,,,
2024,2025,5175665.0,10,12,True,,,
2024,2025,4896479.0,6,6,False,,,
2024,2025,4714246.0,3,6,True,,,
2024,2025,4433598.0,5,5,False,,,
2024,2025,5175763.0,11,11,False,,,
2024,2025,4565449.0,10,10,False,,,
2024,2025,5176649.0,6,5,True,,,
2024,2025,4702983.0,16,6,True,,,
2024,2025,5175802.0,8,3,True,,,
2024,2025,5176048.0,10,10,False,,,
2024,2025,4683933.0,4,17,True,,,
2024,2025,4897953.0,4,4,False,,,
2024,2025,5177098.0,1,14,True,,,
2024,2025,5107655.0,9,9,False,,,
2024,2025,5176112.0,7,4,True,,,
2024,2025,5176166.0,4,4,False,,,
2024,2025,4898224.0,15,15,False,,,
2024,2025,4710356.0,13,12,True,,,
2024,2025,5175759.0,6,6,False,,,
2024,2025,4896934.0,6,10,True,,,
2024,2025,4902436.0,6,12,True,,,
2024,2025,4741646.0,13,13,False,,,
2024,2025,4705270.0,10,16,True,,,
2024,2025,5108777.0,8,1,True,,,
2024,2025,4592486.0,10,10,False,,,
2024,2025,5108925.0,3,3,False,,,
2024,2025,5105537.0,9,9,False,,,
2024,2025,4601284.0,14,4,True,,,
2024,2025,4432315.0,14,3,True,,,
2024,2025,4897365.0,4,17,True,,,
2024,2025,5105603.0,6,6,False,,,
2024,2025,5105643.0,6,10,True,,,
2024,2025,5176770.0,12,13,True,,,
2024,2025,4593147.0,12,12,False,,,
2024,2025,4702099.0,10,10,False,,,
2024,2025,5177139.0,13,17,True,,,
2024,2025,4702531.0,4,4,False,,,
2024,2025,5108059.0,3,4,True,,,
2024,2025,4897648.0,3,3,False,,,
2024,2025,4896534.0,5,9,True,,,
2024,2025,5176231.0,17,13,True,,,
2024,2025,5176351.0,8,10,True,,,
2024,2025,5037870.0,13,12,True,,,
2024,2025,4703572.0,4,17,True,,,
2024,2025,5107204.0,16,10,True,,,
2024,2025,4702962.0,9,9,False,,,
2024,2025,5176046.0,7,14,True,,,
2024,2025,5107899.0,10,7,True,,,
2024,2025,4897426.0,13,17,True,,,
2024,2025,4432897.0,15,16,True,,,
2024,2025,5109034.0,13,13,False,,,
2024,2025,4596365.0,10,1,True,,,
2024,2025,4848622.0,6,0,True,,,
2024,2025,5177528.0,3,4,True,,,
2024,2025,4895783.0,10,2,True,,,
2024,2025,5177611.0,6,6,False,,,
2024,2025,5174657.0,15,15,False,,,
2024,2025,4702066.0,12,12,False,,,
2024,2025,4897478.0,17,17,False,,,
2024,2025,5176265.0,12,12,False,,,
2024,2025,5177704.0,3,8,True,,,
2024,2025,4711607.0,10,6,True,,,
2024,2025,4897291.0,10,16,True,,,
2024,2025,5108796.0,6,6,False,,,
2024,2025,5176082.0,13,13,False,,,
2024,2025,4590358.0,2,5,True,,,
2024,2025,5175368.0,8,5,True,,,
2024,2025,4703811.0,4,14,True,,,
2024,2025,4896614.0,1,13,True,,,
2024,2025,5105578.0,7,4,True,,,
2024,2025,4897535.0,4,14,True,,,
2024,2025,5105618.0,8,7,True,,,
2024,2025,4432255.0,6,6,False,,,
2024,2025,5107078.0,14,4,True,,,
2024,2025,4897190.0,3,7,True,,,
2024,2025,5105418.0,9,9,False,,,
2024,2025,5106461.0,2,2,False,,,
2024,2025,4702281.0,16,9,True,,,
2024,2025,5080489.0,16,15,True,,,
2024,2025,5108150.0,3,0,True,,,
2024,2025,5177298.0,6,10,True,,,
2024,2025,4590402.0,16,15,True,,,
2024,2025,4432186.0,2,15,True,,,
2024,2025,5106659.0,12,4,True,,,
2024,2025,4898269.0,12,13,True,,,
2024,2025,4683755.0,17,0,True,,,
2024,2025,4433187.0,4,13,True,,,
2024,2025,4433182.0,14,14,False,,,
2024,2025,5107878.0,3,7,True,,,
2024,2025,5175080.0,1,17,True,,,
2024,2025,5105589.0,17,13,True,,,
2024,2025,4567079.0,17,13,True,,,
2024,2025,5176688.0,8,3,True,,,
2024,2025,4701184.0,10,10,False,,,
2024,2025,4702871.0,13,13,False,,,
2024,2025,5107325.0,17,12,True,,,
2024,2025,5107255.0,13,4,True,,,
2024,2025,4702041.0,16,16,False,,,
2024,2025,4431995.0,16,16,False,,,
2024,2025,4903265.0,4,14,True,,,
2024,2025,4433176.0,4,4,False,,,
2024,2025,4432408.0,4,4,False,,,
2024,2025,5177275.0,14,14,False,,,
2024,2025,5176420.0,1,1,False,,,
2024,2025,4702063.0,14,14,False,,,
2024,2025,4870569.0,2,2,False,,,
2024,2025,4709318.0,2,16,True,,,
2024,2025,5176779.0,6,6,False,,,
2024,2025,4897682.0,1,13,True,,,
2024,2025,5107382.0,3,3,False,,,
2024,2025,4433130.0,14,14,False,,,
2024,2025,5105662.0,16,2,True,,,
2024,2025,5108070.0,7,12,True,,,
2024,2025,5107965.0,10,10,False,,,
2024,2025,4897446.0,6,4,True,,,
2024,2025,5176031.0,6,6,False,,,
2024,2025,4433068.0,15,15,False,,,
2024,2025,5105858.0,3,3,False,,,
2024,2025,5105836.0,4,1,True,,,
2024,2025,4702764.0,4,4,False,,,
2024,2025,5178892.0,12,13,True,,,
2024,2025,4701030.0,13,10,True,,,
2024,2025,4432590.0,17,17,False,,,
2024,2025,4702950.0,4,7,True,,,
2024,2025,4901927.0,4,4,False,,,
2024,2025,5107355.0,13,13,False,,,
2024,2025,4901961.0,16,15,True,,,
2024,2025,4702993.0,17,13,True,,,
2024,2025,4433156.0,14,3,True,,,
2024,2025,4576060.0,2,2,False,,,
2024,2025,4702380.0,10,10,False,,,
2024,2025,5176029.0,17,13,True,,,
2024,2025,5107490.0,4,17,True,,,
2024,2025,4869739.0,9,9,False,,,
2024,2025,5177301.0,3,1,True,,,
2024,2025,5107238.0,2,5,True,,,
2024,2025,4433024.0,8,1,True,,,
2024,2025,5106611.0,11,16,True,,,
2024,2025,4897772.0,1,10,True,,,
2024,2025,4897618.0,2,2,False,,,
2024,2025,4593724.0,16,16,False,,,
2024,2025,4589475.0,12,12,False,,,
2024,2025,5176212.0,4,14,True,,,
2024,2025,5107170.0,15,6,True,,,
2024,2025,5174952.0,1,1,False,,,
2024,2025,5023693.0,4,17,True,,,
2024,2025,5176150.0,17,17,False,,,
2024,2025,5174624.0,15,5,True,,,
2024,2025,4702611.0,1,13,True,,,
2024,2025,5176577.0,13,13,False,,,
2024,2025,5175170.0,5,2,True,,,
2024,2025,4709133.0,14,3,True,,,
2024,2025,4702442.0,4,1,True,,,
2024,2025,5105671.0,0,13,True,,,
2024,2025,5107887.0,13,1,True,,,
2024,2025,4702111.0,16,16,False,,,
2024,2025,4606840.0,15,15,False,,,
2024,2025,4702138.0,7,4,True,,,
2024,2025,4702662.0,16,16,False,,,
2024,2025,4685658.0,10,9,True,,,
2024,2025,4897486.0,3,12,True,,,
2024,2025,5105659.0,11,15,True,,,
2024,2025,5107876.0,14,14,False,,,
2024,2025,5106262.0,9,2,True,,,
2024,2025,4592773.0,4,13,True,,,
2024,2025,4896852.0,13,4,True,,,
2024,2025,4702740.0,6,15,True,,,
2024,2025,4683731.0,17,10,True,,,
2024,2025,5102798.0,2,2,False,,,
2024,2025,4703637.0,3,4,True,,,
2024,2025,5106275.0,14,14,False,,,
2024,2025,4702654.0,4,14,True,,,
2024,2025,4433007.0,4,7,True,,,
2024,2025,5176283.0,2,15,True,,,
2024,2025,4432257.0,17,13,True,,,
2024,2025,4858602.0,16,6,True,,,
2024,2025,4845388.0,3,3,False,,,
2024,2025,5177207.0,16,16,False,,,
2024,2025,4433163.0,1,1,False,,,
2024,2025,5106205.0,15,2,True,,,
2024,2025,5107261.0,13,4,True,,,
2024,2025,5176243.0,2,2,False,,,
2024,2025,4432243.0,10,4,True,,,
2024,2025,4431740.0,15,10,True,,,
2024,2025,5105832.0,10,6,True,,,
2024,2025,4833075.0,17,10,True,,,
2024,2025,4897992.0,13,4,True,,,
2024,2025,5176132.0,13,14,True,,,
2024,2025,4592654.0,8,1,True,,,
2024,2025,4711304.0,10,10,False,,,
2024,2025,5107298.0,1,6,True,,,
2024,2025,4683840.0,1,1,False,,,
2024,2025,4433224.0,15,5,True,,,
2024,2025,5105540.0,1,10,True,,,
2024,2025,5107230.0,10,10,False,,,
2024,2025,5174995.0,3,3,False,,,
2024,2025,5176732.0,10,10,False,,,
2024,2025,4708166.0,0,6,True,,,
2024,2025,5108028.0,13,4,True,,,
2024,2025,5179093.0,2,9,True,,,
2024,2025,5177557.0,12,3,True,,,
2024,2025,4897570.0,13,4,True,,,
2024,2025,4741643.0,4,4,False,,,
2024,2025,4432206.0,14,3,True,,,
2024,2025,4845378.0,7,3,True,,,
2024,2025,5175974.0,12,7,True,,,
2024,2025,4703388.0,11,16,True,,,
2024,2025,4897627.0,16,16,False,,,
2024,2025,5177116.0,3,3,False,,,
2024,2025,4696316.0,4,1,True,,,
2024,2025,5105787.0,0,4,True,,,
2024,2025,4903216.0,4,4,False,,,
2024,2025,4896874.0,17,17,False,,,
2024,2025,4701217.0,0,7,True,,,
2024,2025,5107275.0,13,6,True,,,
2024,2025,5174983.0,9,9,False,,,
2024,2025,5081887.0,13,10,True,,,
2024,2025,4701181.0,12,10,True,,,
2024,2025,4703180.0,6,5,True,,,
2024,2025,4845358.0,1,14,True,,,
2024,2025,4703032.0,15,15,False,,,
2024,2025,4433149.0,4,4,False,,,
2024,2025,4431707.0,10,10,False,,,
2024,2025,5174633.0,14,14,False,,,
2024,2025,4702932.0,17,4,True,,,
2024,2025,5174971.0,9,2,True,,,
2024,2025,5176727.0,3,3,False,,,
2024,2025,4897275.0,15,15,False,,,
2024,2025,5176160.0,3,3,False,,,
2024,2025,5176788.0,12,6,True,,,
2024,2025,4703199.0,4,14,True,,,
2024,2025,5033017.0,7,3,True,,,
2024,2025,4897268.0,11,11,False,,,
2024,2025,4897481.0,13,12,True,,,
2024,2025,4703002.0,5,5,False,,,
2024,2025,4711306.0,9,15,True,,,
2024,2025,5093252.0,10,10,False,,,
2024,2025,5107811.0,13,17,True,,,
2024,2025,4592762.0,13,8,True,,,
2024,2025,5176572.0,9,9,False,,,
2024,2025,4897263.0,10,6,True,,,
2024,2025,5175657.0,12,4,True,,,
2024,2025,5105761.0,15,15,False,,,
2024,2025,5105833.0,10,6,True,,,
2024,2025,4702946.0,5,5,False,,,
2024,2025,4702745.0,15,15,False,,,
2024,2025,5176747.0,6,3,True,,,
2024,2025,5176059.0,13,13,False,,,
2024,2025,5174288.0,1,11,True,,,
2024,2025,4700864.0,10,6,True,,,
2024,2025,4683833.0,14,14,False,,,
2024,2025,5108043.0,5,5,False,,,
2024,2025,5177122.0,1,1,False,,,
2024,2025,5176269.0,7,1,True,,,
2024,2025,4937074.0,10,14,True,,,
2024,2025,5177743.0,10,10,False,,,
2024,2025,4701224.0,2,2,False,,,
2024,2025,4594079.0,4,12,True,,,
2024,2025,4702522.0,14,14,False,,,
2024,2025,5107174.0,6,15,True,,,
2024,2025,4431753.0,17,17,False,,,
2024,2025,4433151.0,8,1,True,,,
2024,2025,4711108.0,2,16,True,,,
2024,2025,4708045.0,6,6,False,,,
2024,2025,4606831.0,4,13,True,,,
2024,2025,4914388.0,7,0,True,,,
2024,2025,4712348.0,15,15,False,,,
2024,2025,4702761.0,2,2,False,,,
2024,2025,5107272.0,13,10,True,,,
2024,2025,5105461.0,12,17,True,,,
2024,2025,4894452.0,17,13,True,,,
2024,2025,5175007.0,0,6,True,,,
2024,2025,4897197.0,14,14,False,,,
2024,2025,4713089.0,6,15,True,,,
2024,2025,5176239.0,0,15,True,,,
2024,2025,5105817.0,5,2,True,,,
2024,2025,5106766.0,12,4,True,,,
2024,2025,4702497.0,4,4,False,,,
2024,2025,4781746.0,14,14,False,,,
2024,2025,4683946.0,10,0,True,,,
2024,2025,4431789.0,16,16,False,,,
2024,2025,4896505.0,16,6,True,,,
2024,2025,4905394.0,7,11,True,,,
2024,2025,4683956.0,12,4,True,,,
2024,2025,4702974.0,10,10,False,,,
2024,2025,5106674.0,3,14,True,,,
2024,2025,4898232.0,17,17,False,,,
2024,2025,4896365.0,4,4,False,,,
2024,2025,5107453.0,6,4,True,,,
2024,2025,4719466.0,6,0,True,,,
2024,2025,5106790.0,2,2,False,,,
2024,2025,5106593.0,5,11,True,,,
2024,2025,5105606.0,4,14,True,,,
2024,2025,5082704.0,10,10,False,,,
2024,2025,5175973.0,3,3,False,,,
2024,2025,4432514.0,6,1,True,,,
2024,2025,5105977.0,2,15,True,,,
2024,2025,5176146.0,8,3,True,,,
2024,2025,4683635.0,7,3,True,,,
2024,2025,5108087.0,15,9,True,,,
2024,2025,4896927.0,10,10,False,,,
2024,2025,5105666.0,15,8,True,,,
2024,2025,4609661.0,0,13,True,,,
2024,2025,5176210.0,14,3,True,,,
2024,2025,4897373.0,13,17,True,,,
2024,2025,5106254.0,14,1,True,,,
2024,2025,4896371.0,6,6,False,,,
2024,2025,4711279.0,0,1,True,,,
2024,2025,5106869.0,6,15,True,,,
2024,2025,4897387.0,8,3,True,,,
2024,2025,4703122.0,14,4,True,,,
2024,2025,4898110.0,9,2,True,,,
2024,2025,4431819.0,14,10,True,,,
2024,2025,4433259.0,10,10,False,,,
2024,2025,4895780.0,15,2,True,,,
2024,2025,5177190.0,3,3,False,,,
2024,2025,4590361.0,1,1,False,,,
2024,2025,5177040.0,6,6,False,,,
2024,2025,4588201.0,15,10,True,,,
2024,2025,5107069.0,15,15,False,,,
2024,2025,5177252.0,11,16,True,,,
2024,2025,4432836.0,10,17,True,,,
2024,2025,5179285.0,12,1,True,,,
2024,2025,5107627.0,3,3,False,,,
2024,2025,5103589.0,3,14,True,,,
2024,2025,4898259.0,11,16,True,,,
2024,2025,4592946.0,10,10,False,,,
2024,2025,4703009.0,4,12,True,,,
2024,2025,4897773.0,7,1,True,,,
2024,2025,4433052.0,15,15,False,,,
2024,2025,5108983.0,12,6,True,,,
2024,2025,4702150.0,4,4,False,,,
2024,2025,4433567.0,13,13,False,,,
2024,2025,5107625.0,13,13,False,,,
2024,2025,4898164.0,1,3,True,,,
2024,2025,5107240.0,0,12,True,,,
2024,2025,4395675.0,17,10,True,,,
2024,2025,4685654.0,0,4,True,,,
2024,2025,5105678.0,3,1,True,,,
2024,2025,4702384.0,15,15,False,,,
2024,2025,5105859.0,5,2,True,,,
2024,2025,4684309.0,16,16,False,,,
2024,2025,5105412.0,9,2,True,,,
2024,2025,5105494.0,14,14,False,,,
2024,2025,4870444.0,4,17,True,,,
2024,2025,5108046.0,3,7,True,,,
2024,2025,5107830.0,3,3,False,,,
2024,2025,5107792.0,14,3,True,,,
2024,2025,4433606.0,13,12,True,,,
2024,2025,5176289.0,6,16,True,,,
2024,2025,5176298.0,2,2,False,,,
2024,2025,4897774.0,4,1,True,,,
2024,2025,5108775.0,3,3,False,,,
2024,2025,4433625.0,2,2,False,,,
2024,2025,5106043.0,16,15,True,,,
2024,2025,4701551.0,4,4,False,,,
2024,2025,5060685.0,6,2,True,,,
2024,2025,4702656.0,1,17,True,,,
2024,2025,4897676.0,15,15,False,,,
2024,2025,4433110.0,13,13,False,,,
2024,2025,5107864.0,10,1,True,,,
2024,2025,4702596.0,9,9,False,,,
2024,2025,5176300.0,4,4,False,,,
2024,2025,5177125.0,3,3,False,,,
2024,2025,5106270.0,1,1,False,,,
2024,2025,5176669.0,13,13,False,,,
2024,2025,5105691.0,3,14,True,,,
2024,2025,5106734.0,15,15,False,,,
2024,2025,5176755.0,14,14,False,,,
2024,2025,4900686.0,13,17,True,,,
2024,2025,4702773.0,11,15,True,,,
2024,2025,4897355.0,4,14,True,,,
2024,2025,4897976.0,10,15,True,,,
2024,2025,4708075.0,10,10,False,,,
2024,2025,5177539.0,16,16,False,,,
2024,2025,5105665.0,7,0,True,,,
2024,2025,5107997.0,12,4,True,,,
2024,2025,4433152.0,11,5,True,,,
2024,2025,5105455.0,7,13,True,,,
2024,2025,5106634.0,16,16,False,,,
2024,2025,5105689.0,12,17,True,,,
2024,2025,4594033.0,13,4,True,,,
2024,2025,5106457.0,10,10,False,,,
2024,2025,4684207.0,2,9,True,,,
2024,2025,4703107.0,12,12,False,,,
2024,2025,4895746.0,14,3,True,,,
2024,2025,5107891.0,6,10,True,,,
2024,2025,4611413.0,10,10,False,,,
2024,2025,4433594.0,15,2,True,,,
2024,2025,4683841.0,4,14,True,,,
2024,2025,5106237.0,10,10,False,,,
2024,2025,5105809.0,16,9,True,,,
2024,2025,5105982.0,15,15,False,,,
2024,2025,4685687.0,2,15,True,,,
2024,2025,5105694.0,1,1,False,,,
2024,2025,5108917.0,5,5,False,,,
2024,2025,4432976.0,10,1,True,,,
2024,2025,4897159.0,16,2,True,,,
2024,2025,4897913.0,3,14,True,,,
2024,2025,5105687.0,4,4,False,,,
2024,2025,4432132.0,8,8,False,,,
2024,2025,5106716.0,10,6,True,,,
2024,2025,5106274.0,1,1,False,,,
2024,2025,4702024.0,16,2,True,,,
2024,2025,4683769.0,1,15,True,,,
2024,2025,4431769.0,4,4,False,,,
2024,2025,4894445.0,2,15,True,,,
2024,2025,4897911.0,3,7,True,,,
2024,2025,5176564.0,11,10,True,,,
2024,2025,4894462.0,16,10,True,,,
2024,2025,5107144.0,13,13,False,,,
2024,2025,4683134.0,2,2,False,,,
2024,2025,4589474.0,10,1,True,,,
2024,2025,4896939.0,5,2,True,,,
2024,2025,5105583.0,6,15,True,,,
2024,2025,4912957.0,12,3,True,,,
2024,2025,4897292.0,6,6,False,,,
2024,2025,4897213.0,12,7,True,,,
2024,2025,4897493.0,17,17,False,,,
2024,2025,5113287.0,6,6,False,,,
2024,2025,5106877.0,10,1,True,,,
2024,2025,5177211.0,10,15,True,,,
2024,2025,4702994.0,10,15,True,,,
2024,2025,5176065.0,3,3,False,,,
2024,2025,4433004.0,16,16,False,,,
2024,2025,4897226.0,13,17,True,,,
2024,2025,5175671.0,4,14,True,,,
2024,2025,5107970.0,10,0,True,,,
2024,2025,5176563.0,6,6,False,,,
2024,2025,5109790.0,15,15,False,,,
2024,2025,5106842.0,3,4,True,,,
