player_key,player_name,team,current_bpm,bpm_change_predicted,projected_bpm,projected_bpm_lower_90,projected_bpm_upper_90,cluster_id,historical_samples
5312355,Jalen Tot,App State,-1.26001,1.4,0.14,-2.1,2.37,14,3263
5109033,Allen Mukeba,Arizona State,5.06013,2.61,7.67,4.7,10.63,0,1028
5176231,Bryce Ford,Arizona State,-0.0715084,1.44,1.36,-0.95,3.68,14,3263
5142326,Marcus Adams Jr.,Arizona State,2.54161,2.45,4.99,1.87,8.11,12,2556
5105457,Maurice Odum,Arizona State,4.08445,2.55,6.64,4.18,9.09,9,2020
5176444,Santiago Trouet,Arizona State,2.82364,2.32,5.14,1.77,8.52,8,2224
5189257,Anthony Johnson,Arizona State,2.24083,2.59,4.83,2.03,7.63,9,2020
5311903,Massamba Diop,Arizona State,5.53845,2.57,8.11,5.56,10.65,0,1028
5311900,Andrija Grbović,Arizona State,0.970177,1.42,2.39,0.15,4.64,14,3263
5311901,Noah Meeusen,Arizona State,4.24673,3.08,7.33,4.9,9.75,6,2471
5105555,Tobe Awaka,Arizona,8.64578,1.21,9.85,5.3,14.4,2,1900
4432737,Jaden Bradley,Arizona,7.5798,2.67,10.25,7.67,12.83,9,2020
5174954,Motiejus Krivas,Arizona,11.9854,2.59,14.58,11.97,17.18,0,1028
5108141,Anthony Dell'Orso,Arizona,5.27952,2.32,7.6,4.77,10.43,11,2931
4702960,Evan Nelson,Arizona,-1.23447,2.33,1.1,-1.91,4.1,11,2931
5186456,Dwayne Aristode,Arizona,8.21119,2.51,10.72,7.63,13.82,12,2556
5082206,Brayden Burries,Arizona,10.2047,2.27,12.48,10.06,14.89,11,2931
5311896,Ivan Kharchenkov,Arizona,8.89592,3.02,11.91,9.71,14.11,6,2471
5041953,Koa Peat,Arizona,7.99692,1.21,9.21,4.87,13.54,2,1900
5105546,Malique Ewin,Arkansas,7.53271,1.23,8.76,4.09,13.43,2,1900
4703887,Nick Pringle,Arkansas,4.40279,2.63,7.04,3.7,10.37,13,1560
4683777,D.J. Wagner,Arkansas,3.28857,2.36,5.65,2.8,8.51,11,2931
5060732,Billy Richmond III,Arkansas,6.67888,2.48,9.16,6.38,11.93,12,2556
4869777,Karter Knox,Arkansas,4.74481,2.48,7.23,4.32,10.14,12,2556
4698719,Trevon Brazile,Arkansas,9.28023,1.26,10.54,6.2,14.89,2,1900
5142620,Darius Acuff Jr.,Arkansas,6.6812,2.47,9.16,6.95,11.36,9,2020
5041951,Meleek Thomas,Arkansas,5.85943,2.28,8.14,5.67,10.61,11,2931
5105545,TJ Caldwell,Arkansas State,-0.768257,1.4,0.63,-1.46,2.73,1,3324
5106055,Jaxon Ellingsworth,Arkansas State,-0.829682,1.87,1.04,-2.15,4.23,3,3517
5241394,Jalen Hampton,Arkansas State,2.67129,1.31,3.98,-0.4,8.36,2,1900
4712843,Chandler Jackson,Arkansas State,1.08173,2.67,3.75,1.12,6.37,9,2020
5109782,Matt Hayman,Arkansas State,-0.38871,1.35,0.96,-0.98,2.9,1,3324
5242438,Aly Tounkara,Arkansas State,1.29603,2.67,3.96,0.92,7.0,0,1028
5175409,Chudi Dioramma,Arkansas State,-1.89165,2.35,0.46,-3.05,3.97,8,2224
5176449,Joey Chammaa,Arkansas State,1.63374,2.63,4.27,1.36,7.17,9,2020
5312387,Christian Harmon,Arkansas State,1.33327,2.29,3.62,1.07,6.17,11,2931
5312390,Royal Blue Smith,Arkansas State,-2.08209,2.07,-0.01,-3.51,3.48,17,3093
5243199,Kyle Brown,Arkansas-Pine Bluff,-7.23201,2.08,-5.15,-8.61,-1.7,17,3093
5243198,Dennis Asoro,Arkansas-Pine Bluff,-12.3251,2.02,-10.31,-13.38,-7.24,16,1516
4908501,Trejon Ware,Arkansas-Pine Bluff,-6.11007,1.93,-4.18,-8.18,-0.18,5,2652
5174317,Jaquan Scott,Arkansas-Pine Bluff,-3.71923,1.8,-1.92,-4.65,0.81,3,3517
5106274,Quion Williams,Arkansas-Pine Bluff,1.81063,2.49,4.3,2.04,6.56,9,2020
5105824,Ramel Lloyd Jr.,Arkansas-Pine Bluff,-5.29959,2.09,-3.21,-6.44,0.02,17,3093
5259802,Alex Mirhosseini,Arkansas-Pine Bluff,-2.72785,1.41,-1.32,-3.38,0.74,1,3324
5185598,Trevon Payton,Arkansas-Pine Bluff,-1.32032,2.51,1.19,-1.54,3.93,12,2556
5106662,Ahmad Johnson,Arkansas-Pine Bluff,-8.58586,2.11,-6.48,-9.9,-3.06,17,3093
5313440,Milhan Charles,Arkansas-Pine Bluff,-3.0648,2.26,-0.8,-3.65,2.04,15,2561
5176030,Ryan Curry,Army,-2.44185,1.35,-1.09,-2.93,0.75,1,3324
5243043,Jacen Holloway,Army,-4.75859,1.87,-2.89,-5.97,0.18,3,3517
5176034,Tate Laczkowski,Army,-1.0573,2.28,1.22,-1.93,4.36,15,2561
5108810,Jorn Everson,Army,-6.43913,2.06,-4.38,-7.82,-0.95,17,3093
5243044,Joshua Eli,Army,-2.28258,1.94,-0.34,-3.58,2.9,3,3517
5243049,Jaxson Bell,Army,-2.54928,1.82,-0.73,-3.67,2.21,3,3517
5243045,Kevin McCarthy,Army,-5.22602,1.42,-3.81,-6.01,-1.61,14,3263
5314456,Jackson Furman,Army,-7.07681,1.51,-5.57,-9.43,-1.7,10,2561
4873089,Tahaad Pettiford,Auburn,2.38141,2.61,4.99,2.37,7.61,9,2020
5075625,Keyshawn Hall,Auburn,5.03594,1.18,6.22,2.2,10.24,2,1900
4683756,KeShawn Murphy,Auburn,8.36615,1.22,9.59,5.02,14.16,2,1900
5176314,Kevin Overton,Auburn,4.89191,2.32,7.21,4.56,9.87,11,2931
5311502,Elyjah Freeman,Auburn,5.25872,3.03,8.29,6.02,10.55,6,2471
5311506,Filip Jović,Auburn,4.16205,2.61,6.77,3.37,10.18,13,1560
5095154,Sebastian Williams-Adams,Auburn,4.92895,2.28,7.21,3.99,10.44,15,2561
5239753,Quan Lax,Austin Peay,-2.68598,1.91,-0.78,-4.45,2.9,5,2652
4683734,Anton Brookshire,Austin Peay,-0.693116,2.34,1.64,-1.13,4.42,11,2931
5239748,Tate McCubbin,Austin Peay,0.0862121,1.43,1.51,-0.62,3.64,14,3263
5108913,Hansel Enmanuel,Austin Peay,3.12891,2.3,5.43,1.55,9.3,15,2561
5060699,Rashaud Marshall,Austin Peay,3.79841,2.55,6.35,3.45,9.26,13,1560
5312885,Zyree Collins,Austin Peay,0.596934,2.58,3.17,0.53,5.82,9,2020
5312887,Matt Enright,Austin Peay,-1.50402,1.66,0.15,-4.04,4.34,10,2561
5312888,Creighton Morisch,Austin Peay,-5.16727,2.07,-3.1,-6.3,0.1,16,1516
5312891,Collin Parker,Austin Peay,2.77511,1.8,4.57,1.97,7.18,3,3517
5312890,Ja'Corey Robinson,Austin Peay,-0.603048,2.98,2.38,0.12,4.64,6,2471
5060709,Robert Wright III,BYU,3.88454,2.26,6.15,3.92,8.37,11,2931
4685654,Kennard Davis Jr.,BYU,4.10498,2.51,6.62,3.62,9.61,12,2556
5176299,Tyler Mrus,BYU,-1.75142,1.43,-0.32,-2.73,2.1,14,3263
5105462,Richie Saunders,BYU,8.89803,2.26,11.16,8.88,13.44,11,2931
5105647,Keba Keita,BYU,8.22896,2.64,10.87,7.64,14.1,13,1560
5243211,Mihailo Bošković,BYU,1.42421,2.51,3.93,0.72,7.15,12,2556
4702626,Dawson Baker,BYU,3.57285,2.31,5.88,3.08,8.68,11,2931
5262601,Khadim Mboup,BYU,1.68145,2.04,3.72,0.65,6.8,16,1516
5142718,AJ Dybantsa,BYU,6.22968,1.16,7.39,3.95,10.83,2,1900
5239520,Nick Coval,Davidson,-0.867694,2.35,1.48,-1.4,4.36,11,2931
5182413,Sam Brown,Davidson,-2.98816,1.41,-1.58,-3.71,0.55,1,3324
4848644,JaQualon Roberts,Davidson,1.64054,2.02,3.66,0.54,6.77,16,1516
5176031,Josh Scovens,Davidson,4.28876,1.25,5.54,1.02,10.06,2,1900
4845382,Parker Friedrichsen,Davidson,1.95408,2.3,4.25,1.56,6.94,11,2931
5311849,Devin Brown,Davidson,-0.0505769,2.1,2.05,-1.16,5.27,17,3093
5311851,Ian Platteeuw,Davidson,1.66933,1.91,3.58,-0.12,7.27,7,2587
5177122,De'Shayne Montgomery,Dayton,5.48963,2.96,8.45,6.4,10.51,6,2471
5175785,Keonte Jones,Dayton,4.67242,3.05,7.72,5.45,10.0,6,2471
5041945,Bryce Heard,Dayton,-1.01063,1.91,0.9,-2.34,4.13,3,3517
5106599,Javon Bennett,Dayton,2.02326,1.36,3.38,1.48,5.29,1,3324
5239526,Amaël L'Etang,Dayton,3.94361,1.22,5.17,0.7,9.63,2,1900
5174574,Jaiun Simon,Dayton,2.45009,2.27,4.72,1.69,7.75,15,2561
5108991,Jacob Conner,Dayton,1.63022,2.13,3.76,0.74,6.79,17,3093
5101681,Malcolm Thomas,Dayton,-0.400761,2.55,2.15,-0.75,5.06,0,1028
5106600,Jordan Derkack,Dayton,1.77599,2.96,4.73,2.6,6.86,6,2471
5176418,Jeremy Lorenz,DePaul,0.964142,1.91,2.88,-0.29,6.04,3,3517
5241737,Brandon Maclin,DePaul,3.35798,2.96,6.32,4.23,8.4,6,2471
5105795,Kaleb Banks,DePaul,0.148075,2.49,2.64,-0.47,5.75,12,2556
4845358,Layden Blocker,DePaul,1.26966,2.65,3.92,1.13,6.72,9,2020
5107903,NJ Benson,DePaul,4.27713,2.57,6.84,3.82,9.87,13,1560
5240520,Théo Pierre-Justin,DePaul,1.80369,1.45,3.25,0.91,5.6,14,3263
5105796,CJ Gunn,DePaul,1.8195,2.94,4.76,2.74,6.77,6,2471
5105612,RJ Smith,DePaul,0.383846,1.62,2.0,-2.12,6.13,10,2561
5312300,Fabián Flores,DePaul,4.54093,2.63,7.17,3.68,10.67,13,1560
5254161,Kruz McClure,DePaul,-1.89786,1.84,-0.06,-3.75,3.63,5,2652
5105846,Jameel Brown,Delaware,-0.340906,2.06,1.71,-1.66,5.08,17,3093
5105771,Cavan Reilly,Delaware,0.0106299,2.49,2.5,-0.92,5.92,12,2556
5105772,Houston Emory,Delaware,0.551541,2.29,2.84,-0.74,6.41,15,2561
5239618,Macon Emory,Delaware,-2.52276,1.87,-0.65,-3.74,2.43,3,3517
5107353,Tyler Houser,Delaware,-0.660744,2.43,1.77,-0.8,4.34,12,2556
4917385,Justyn Fernandez,Delaware,-4.19184,1.31,-2.88,-4.67,-1.09,1,3324
5142618,Christian Bliss,Delaware,1.59489,2.52,4.11,1.76,6.46,9,2020
5312333,Alex Kazanecki,Delaware,-3.40656,1.47,-1.93,-4.37,0.51,14,3263
5312332,Jayden Taylor,Delaware,-4.39466,2.28,-2.11,-5.8,1.58,15,2561
5174995,Camian Shell,Delaware State,-4.11943,1.85,-2.27,-5.67,1.13,5,2652
5106611,Miles Webb,Delaware State,-4.91311,2.24,-2.67,-5.39,0.05,15,2561
5107879,Bessanty Saragba,Delaware State,-7.16847,2.06,-5.1,-8.29,-1.92,16,1516
5108720,Kareem Watson,Delaware State,-10.456,1.88,-8.57,-12.24,-4.91,7,2587
5176278,Dean Shepherd,Delaware State,-3.75862,1.44,-2.32,-4.64,-0.01,1,3324
4897761,Corey Perkins,Delaware State,-5.57905,1.78,-3.79,-7.25,-0.34,5,2652
5243399,Ponce James,Delaware State,-1.81988,1.33,-0.49,-2.37,1.4,1,3324
4592477,Rahmir Moore,Delaware State,-4.84786,1.44,-3.41,-5.63,-1.2,1,3324
4433577,Zion Bethea,Delaware State,-8.88402,1.36,-7.52,-10.61,-4.43,4,1464
5317275,Muazibini Adamu,Delaware State,-7.67336,2.05,-5.63,-8.8,-2.45,16,1516
5317274,Cyril Obasogie,Delaware State,-7.03735,2.03,-5.01,-8.12,-1.89,16,1516
5317276,Ademar Santos,Delaware State,-7.18943,1.91,-5.28,-9.11,-1.46,7,2587
5317273,Jalen St Clair,Delaware State,-7.8006,1.38,-6.42,-9.62,-3.22,4,1464
5176939,Josh Lee,Denver,-4.26051,1.47,-2.79,-5.14,-0.45,1,3324
5176954,Jeremiah Burke,Denver,-3.3401,1.83,-1.51,-4.45,1.44,3,3517
4898315,Julius Rollins,Denver,-4.02534,1.87,-2.15,-5.37,1.07,3,3517
5314641,Carson Johnson,Denver,-2.12682,1.32,-0.81,-2.59,0.98,1,3324
5314636,Logan Kinsey,Denver,-0.41908,2.48,2.07,-0.78,4.91,12,2556
5314638,Zane Nelson,Denver,0.345337,1.31,1.66,-0.19,3.51,1,3324
5314643,Gabe Oldham,Denver,1.89731,2.64,4.54,1.39,7.69,13,1560
5314634,Shaun Wysocki,Denver,-2.61637,2.27,-0.35,-3.28,2.59,15,2561
5191345,Jared Lary,Detroit Mercy,-5.85295,1.39,-4.46,-7.64,-1.28,4,1464
5241614,Nate Johnson,Detroit Mercy,-6.11307,1.4,-4.71,-7.91,-1.51,4,1464
5108764,Orlando Lovejoy,Detroit Mercy,0.906882,2.57,3.48,0.87,6.08,9,2020
5241617,Ryan Kalambay,Detroit Mercy,5.86899,2.67,8.54,5.48,11.59,0,1028
4684296,Legend Geeter,Detroit Mercy,1.41828,1.87,3.29,0.19,6.39,3,3517
5241618,TJ Nadeau,Detroit Mercy,1.32516,1.38,2.71,0.65,4.77,14,3263
5241607,Tyler Spratt,Detroit Mercy,2.11024,1.4,3.51,1.34,5.67,14,3263
5108092,London Maiden,Detroit Mercy,-3.63628,2.3,-1.33,-4.91,2.25,8,2224
5313181,Je'kel Cotton,Detroit Mercy,-5.23153,1.97,-3.26,-7.19,0.67,7,2587
5313182,Keshawn Fisher,Detroit Mercy,-3.20274,1.87,-1.33,-4.89,2.22,7,2587
5215269,Lance Stone,Detroit Mercy,-5.51549,1.54,-3.97,-8.19,0.24,10,2561
4712893,Isaiah Carr,Drake,2.52504,2.6,5.12,2.13,8.12,0,1028
5241452,Owen Larson,Drake,-2.87889,1.4,-1.48,-3.52,0.56,1,3324
5107963,Andrew Alia,Drake,0.648355,1.46,2.1,-0.13,4.33,14,3263
5176347,Eli Shetlar,Drake,1.00162,2.51,3.51,0.64,6.38,12,2556
5105646,Wilguens Jr. Exacte,Drake,-3.77409,1.87,-1.91,-5.55,1.73,7,2587
5239829,Jaehshon Thomas,Drake,-4.22517,1.4,-2.82,-4.93,-0.71,1,3324
5105965,Jalen Quinn,Drake,-1.97369,2.44,0.46,-2.09,3.02,9,2020
5107781,Braden Appelhans,Drake,-4.1457,1.42,-2.73,-5.01,-0.45,14,3263
5186601,Okku Federiko,Drake,0.916383,2.24,3.16,0.38,5.94,15,2561
5313836,Griffen Goodbary,Drake,0.343785,2.28,2.63,-0.7,5.96,15,2561
5108105,Victor Panov,Drexel,2.71046,2.48,5.19,2.36,8.02,12,2556
5239623,Josh Reed,Drexel,-5.80725,1.86,-3.95,-7.49,-0.41,7,2587
5176529,Villiam Garcia Adsten,Drexel,-3.11661,1.96,-1.16,-5.01,2.69,7,2587
5105778,Shane Blakeney,Drexel,0.981075,1.82,2.8,-0.09,5.7,3,3517
5105781,Garfield Turner,Drexel,2.21221,2.58,4.8,1.5,8.09,13,1560
5239624,Kevon Vanderhorst,Drexel,-0.926068,1.42,0.5,-1.6,2.6,1,3324
5101666,Dillon Tingler,Drexel,-1.19737,3.02,1.82,-0.65,4.29,6,2471
5312144,Eli Beard,Drexel,0.30605,2.34,2.64,-0.14,5.43,11,2931
5312145,Martin de LaPorterie,Drexel,-3.58075,2.27,-1.31,-4.38,1.75,15,2561
4711256,Caleb Foster,Duke,4.03202,2.32,6.36,3.63,9.09,11,2931
5105337,Maliq Brown,Duke,13.8643,2.63,16.49,13.19,19.8,13,1560
5061585,Isaiah Evans,Duke,6.54394,2.44,8.98,6.31,11.66,12,2556
4873107,Darren Harris,Duke,4.51837,1.43,5.95,3.57,8.34,14,3263
4873209,Patrick Ngongba II,Duke,11.7782,1.22,12.99,8.48,17.51,2,1900
4432321,Cameron Sheffield,Duke,0.281933,1.99,2.27,-1.12,5.67,3,3517
4888720,Jack Scott,Duke,-8.31488,1.41,-6.91,-10.54,-3.27,4,1464
5041935,Cameron Boozer,Duke,16.0077,1.13,17.14,13.75,20.52,2,1900
4897572,Joseph Venzant,Abilene Christian,1.75245,3.11,4.87,2.37,7.36,6,2471
5241314,Bradyn Hubbard,Abilene Christian,-2.09964,2.92,0.82,-1.05,2.68,6,2471
5177705,Ma'Shy Hill,Abilene Christian,-6.96594,2.05,-4.92,-7.99,-1.85,16,1516
5107885,Cade Hornecker,Abilene Christian,-1.58481,1.92,0.33,-3.44,4.11,7,2587
5241312,Christian Alston,Abilene Christian,-6.97937,1.88,-5.1,-8.76,-1.44,7,2587
5241310,Rich Smith,Abilene Christian,1.85822,2.66,4.52,1.89,7.15,9,2020
5177702,Yaniel Rivera,Abilene Christian,-1.82155,1.57,-0.26,-4.28,3.77,10,2561
5177575,Cbo Newton,Abilene Christian,-1.70355,2.31,0.61,-2.17,3.39,11,2931
5260535,Zy Wright,Abilene Christian,-3.7368,1.91,-1.83,-5.07,1.42,3,3517
5314818,Joseph Scott,Abilene Christian,-4.54512,1.97,-2.58,-5.52,0.36,16,1516
5182077,Wesley Celichowski,Air Force,-5.03722,2.1,-2.93,-6.28,0.41,17,3093
5182084,Caleb Walker,Air Force,-2.96675,2.52,-0.44,-3.59,2.7,13,1560
5247865,Kyle Marshall,Air Force,-3.37517,1.83,-1.55,-5.17,2.07,5,2652
5247864,Eli Robinson,Air Force,-1.61445,3.02,1.41,-0.86,3.67,6,2471
5182079,Kolby Gilles,Air Force,-10.1509,1.92,-8.23,-12.08,-4.37,7,2587
5247860,A.J. Patterson,Air Force,-7.27252,1.86,-5.41,-9.12,-1.7,5,2652
5313898,Ethan Greenberg,Air Force,-3.38218,2.12,-1.26,-4.61,2.08,17,3093
5313897,Justin Hinds,Air Force,-7.68724,1.43,-6.26,-9.99,-2.53,4,1464
5313899,Lucas Hobin,Air Force,-5.14491,1.38,-3.77,-5.88,-1.66,14,3263
5313893,Kam Sanders,Air Force,-1.37121,2.57,1.2,-1.47,3.87,9,2020
5105847,Evan Mahaffey,Akron,6.59097,3.01,9.6,7.51,11.68,6,2471
5108060,Amani Lyles,Akron,5.09933,1.19,6.29,2.19,10.39,2,1900
5241470,Sharron Young,Akron,2.83654,2.33,5.17,2.31,8.03,11,2931
5108059,Tavari Johnson,Akron,2.87345,2.26,5.13,3.04,7.22,11,2931
5106652,Shammah Scott,Akron,-0.503682,1.38,0.88,-1.08,2.84,14,3263
5105840,Bowen Hardman,Akron,-1.68122,1.43,-0.25,-2.54,2.04,14,3263
5241471,Eric Mahaffey,Akron,4.68037,1.3,5.98,1.37,10.59,2,1900
5176139,Marvin Musiime-Kamali,Akron,4.65708,2.63,7.29,3.78,10.79,13,1560
5176138,Zach Halligan,Akron,1.0724,2.51,3.59,0.43,6.74,12,2556
5105882,Chabi Barre,Akron,4.03144,2.6,6.63,3.69,9.57,0,1028
5108915,Sami Pissis,Alabama A&M,-1.91344,2.67,0.76,-1.95,3.47,9,2020
5174561,Koron Davis,Alabama A&M,-4.68955,1.81,-2.88,-5.78,0.03,3,3517
5243339,PJ Eason,Alabama A&M,0.627235,2.32,2.95,-0.37,6.27,8,2224
5177572,Kintavious Dozier,Alabama A&M,-1.47882,1.36,-0.12,-2.02,1.78,1,3324
5243342,James Flippin,Alabama A&M,-7.7854,1.92,-5.87,-9.76,-1.97,7,2587
5105972,Lou Hutchinson,Alabama A&M,-3.98444,1.46,-2.53,-4.94,-0.12,14,3263
4711691,James Graham III,Alabama A&M,-3.65001,1.86,-1.79,-4.95,1.38,3,3517
5243157,Angok Anyang,Alabama A&M,-7.10957,1.97,-5.14,-8.99,-1.29,7,2587
5177520,Bilal Abdur-Rahman,Alabama A&M,-0.330734,2.78,2.45,-0.62,5.53,9,2020
4683837,Peyton Daniels Sr.,Alabama A&M,-2.92819,1.81,-1.11,-4.49,2.26,5,2652
5313394,Gabe Kincy,Alabama A&M,-5.95467,2.01,-3.94,-7.57,-0.31,7,2587
4873090,Labaron Philon Jr.,Alabama,8.53411,2.46,11.0,8.69,13.31,9,2020
4873184,Aiden Sherrell,Alabama,10.6342,1.24,11.87,7.29,16.46,2,1900
4702484,Latrell Wrightsell,Alabama,5.6801,2.31,7.99,5.34,10.63,11,2931
4684276,Aden Holloway,Alabama,6.45117,2.28,8.73,6.39,11.07,11,2931
4709141,Houston Mallette,Alabama,6.73912,1.45,8.19,5.93,10.44,14,3263
5105668,Noah Williamson,Alabama,2.30325,2.03,4.33,1.0,7.66,7,2587
5101656,Jalil Bethea,Alabama,-5.01498,1.41,-3.6,-5.81,-1.4,1,3324
4685658,Taylor Bol Bowen,Alabama,5.15426,2.5,7.66,4.62,10.69,12,2556
5241440,Keitenn Bristow,Alabama,-0.124999,2.98,2.85,0.5,5.2,6,2471
4565203,Charles Bediako,Alabama,11.4624,2.65,14.11,11.27,16.95,0,1028
5101833,Amari Allen,Alabama,8.85086,1.22,10.08,5.66,14.49,2,1900
5144139,London Jemison,Alabama,3.99908,1.9,5.9,2.66,9.15,3,3517
4897484,Cameron Palesse,Alabama State,-3.98223,1.65,-2.33,-6.39,1.73,10,2561
5105478,Asjon Anderson,Alabama State,-5.53791,1.28,-4.26,-6.07,-2.44,1,3324
5240279,Damarien Yates,Alabama State,-0.0439019,3.01,2.96,0.64,5.28,6,2471
5108892,Trey Miller,Alabama State,-3.96167,1.78,-2.18,-5.52,1.16,5,2652
5107441,JaSteven Walker,Alabama State,-3.08032,1.98,-1.1,-4.94,2.74,7,2587
5242808,Mario Andrews,Alabama State,-7.0095,2.07,-4.94,-8.13,-1.75,16,1516
5242807,Micah Simpson,Alabama State,-2.88896,1.34,-1.55,-3.42,0.32,1,3324
5178892,Tyler Mack,Alabama State,-2.892,2.11,-0.78,-4.12,2.56,17,3093
5242812,Jerquarius Stanback,Alabama State,1.32444,2.6,3.92,1.12,6.73,0,1028
5313399,Tyler Byrd,Alabama State,-0.678433,2.99,2.31,0.08,4.55,6,2471
5313402,R'Chaun King,Alabama State,-3.17044,2.33,-0.84,-4.38,2.71,8,2224
5313401,Tyler Mason,Alabama State,-6.63133,2.24,-4.39,-7.38,-1.41,15,2561
5242279,Nick Woodard,Alcorn State,-5.11954,2.09,-3.03,-6.12,0.06,17,3093
4684734,Travis Roberts,Alcorn State,-7.17393,1.64,-5.53,-9.94,-1.13,10,2561
5177232,Jameel Morris,Alcorn State,-2.20212,2.68,0.48,-2.29,3.25,9,2020
5243189,Tycen McDaniels,Alcorn State,-1.96445,2.25,0.29,-2.97,3.55,8,2224
5243188,Davian Williams,Alcorn State,-4.57501,1.55,-3.03,-7.15,1.09,10,2561
5243190,Omari Hamilton,Alcorn State,-6.80309,1.86,-4.94,-8.22,-1.67,3,3517
5107789,Shane Lancaster,Alcorn State,-1.73345,1.4,-0.33,-2.49,1.82,14,3263
5313433,Bryson Calamese,Alcorn State,-9.17408,1.85,-7.32,-11.03,-3.62,5,2652
5176029,Matt Mayock,American University,-0.844686,2.5,1.66,-1.26,4.57,12,2556
5176028,Greg Jones,American University,-2.47299,1.84,-0.64,-3.67,2.4,3,3517
5105660,Geoff Sprouse,American University,-0.138892,1.42,1.28,-0.85,3.42,14,3263
5242761,Julen Iturbe,American University,-0.699248,1.84,1.14,-1.89,4.17,3,3517
5242758,Wyatt Nausadis,American University,-4.47852,1.43,-3.05,-5.23,-0.88,1,3324
5314444,Madden Collins,American University,3.28749,1.25,4.53,0.35,8.72,2,1900
5314451,Chris Eagan,American University,-12.5392,1.92,-10.62,-14.5,-6.74,7,2587
5314446,Kade Sebastian,American University,0.399863,1.45,1.85,-0.44,4.13,14,3263
4700841,Kasen Jennings,App State,-0.348495,1.33,0.98,-0.88,2.85,1,3324
5239587,Michael Marcus Jr.,App State,0.1535,1.9,2.05,-1.15,5.26,3,3517
5176754,Luke Wilson,App State,2.37517,2.59,4.97,1.89,8.05,13,1560
5239579,Jason Clarke Jr.,App State,-3.03655,2.1,-0.93,-4.35,2.48,17,3093
5239586,Andrin Njock,App State,-0.894376,2.51,1.62,-1.51,4.75,12,2556
5108925,Alonzo Dodd,App State,1.42362,2.55,3.97,1.45,6.5,9,2020
5176798,Eren Banks,App State,-2.82942,2.11,-0.72,-3.98,2.54,17,3093
5177526,Chad Moodie,App State,-3.25554,2.06,-1.2,-4.31,1.92,16,1516
5102799,Mayar Wol,Bowling Green,-0.111383,2.44,2.33,-0.49,5.14,12,2556
5106773,Justin Thomas,Bowling Green,-0.755883,1.86,1.1,-2.21,4.41,5,2652
4703531,Sam Towns,Bowling Green,0.546015,1.86,2.4,-0.61,5.42,3,3517
5242560,Javontae Campbell,Bowling Green,4.91143,2.49,7.4,5.01,9.78,9,2020
4693725,Javon Ruffin,Bowling Green,-0.617133,1.44,0.82,-1.4,3.04,14,3263
5112412,Troy Glover II,Bowling Green,3.12812,2.62,5.75,2.46,9.04,13,1560
5312972,Aiden Goins,Bowling Green,-9.49189,1.91,-7.58,-11.39,-3.77,7,2587
5312969,Josiah Shackelford,Bowling Green,-2.15127,1.85,-0.3,-3.4,2.79,3,3517
4702993,Alex Huibregtse,Bradley,1.7484,2.48,4.23,1.43,7.03,12,2556
5175971,Kai Yu,Bradley,-2.53738,1.92,-0.62,-3.87,2.64,3,3517
5107626,AJ Smith,Bradley,2.73478,3.02,5.76,3.49,8.02,6,2471
5241358,Corey Thomas,Bradley,2.32545,2.5,4.83,1.8,7.86,12,2556
5122918,Ahmet Jonovic,Bradley,1.29315,2.6,3.89,1.09,6.7,0,1028
5241360,Jaquan Johnson,Bradley,5.90351,2.52,8.42,5.85,10.99,9,2020
5241359,Timoty van der Knaap,Bradley,-2.7342,1.9,-0.83,-4.12,2.46,3,3517
5176312,Demarion Burch,Bradley,-4.15826,2.05,-2.11,-5.52,1.31,17,3093
5101794,Montana Wheeler,Bradley,-3.29017,1.41,-1.88,-3.99,0.22,1,3324
5106206,Landon Lewis,Brown,0.136055,1.2,1.33,-2.76,5.43,2,1900
4873101,Jeremiah Jenkins,Brown,-1.52702,1.73,0.2,-2.97,3.38,5,2652
5175857,N'famara Dabo,Brown,3.84597,2.63,6.47,3.2,9.74,13,1560
5241711,David Rochester,Brown,-3.29942,1.97,-1.33,-5.09,2.43,7,2587
5175855,Adrian Uchidiuno,Brown,-4.91505,1.51,-3.41,-7.32,0.51,10,2561
5175853,Malcolm Wrisby-Jefferson,Brown,-4.19948,1.84,-2.36,-5.87,1.14,5,2652
5175854,Luke Paragon,Brown,-1.89655,2.48,0.59,-2.47,3.64,12,2556
5312599,Isaiah Langham,Brown,-6.272,1.88,-4.39,-8.1,-0.67,7,2587
5312601,Brady Loughlin,Brown,-4.57581,2.5,-2.08,-5.14,0.98,12,2556
5312602,Charlie O'Sullivan,Brown,-3.02446,2.1,-0.92,-4.19,2.34,17,3093
4683741,Jakai Robinson,Bryant,-5.69343,2.03,-3.66,-7.35,0.02,7,2587
5239715,Khalil Williams,Bryant,-13.2307,1.36,-11.87,-15.05,-8.69,4,1464
5174850,Aaron Davis III,Bryant,-3.70607,1.86,-1.85,-5.04,1.34,3,3517
4702741,Keegan Harvey,Bryant,-4.74012,2.24,-2.5,-5.2,0.19,15,2561
4433257,Quincy Allen,Bryant,-2.96428,2.96,-0.0,-2.16,2.15,6,2471
5313085,Timofei Rudovskii,Bryant,-3.16835,1.83,-1.34,-4.32,1.64,3,3517
5313080,Gio Sanford,Bryant,-9.23907,2.13,-7.11,-10.18,-4.03,17,3093
5313075,Ashley Sims II,Bryant,-4.55523,2.13,-2.43,-5.58,0.73,17,3093
5313076,Ty Tabales,Bryant,-7.1414,1.78,-5.36,-8.64,-2.09,5,2652
5105670,Ruot Bijiek,Bucknell,-5.02094,1.82,-3.2,-6.22,-0.19,3,3517
5242555,Achile Spadone,Bucknell,-0.826507,2.98,2.15,0.06,4.24,6,2471
5242553,Jayden Williams,Bucknell,-4.25221,1.79,-2.46,-5.86,0.94,5,2652
5176043,Brandon McCreesh,Bucknell,-0.741755,2.51,1.77,-1.21,4.75,12,2556
5176042,Patrick O'Brien,Bucknell,-6.80107,2.03,-4.77,-8.08,-1.46,7,2587
5105976,Quin Berger,Bucknell,-5.55157,1.65,-3.9,-8.2,0.4,10,2561
5239546,Aleksander Pachucki,Bucknell,-4.06827,1.44,-2.63,-4.9,-0.36,14,3263
5176233,Grgur Brcic,Bucknell,-3.63797,2.35,-1.29,-4.74,2.16,8,2224
5314476,Pat Curtin,Bucknell,-1.81286,2.93,1.12,-0.86,3.1,6,2471
5314477,Amon Dörries,Bucknell,-2.53834,2.24,-0.3,-2.89,2.3,15,2561
5314475,Jacob Meachem,Bucknell,-13.6696,1.41,-12.26,-16.06,-8.45,4,1464
5105803,Noah Batchelor,Buffalo,1.07536,2.51,3.59,0.77,6.41,12,2556
5243034,Tim Oboh,Buffalo,-2.56861,2.57,0.0,-2.74,2.75,0,1028
5177188,Ryan Sabol,Buffalo,-1.06521,1.31,0.24,-1.51,1.99,1,3324
4684022,Angelo Brizzi,Buffalo,-0.583565,2.29,1.7,-0.81,4.22,11,2931
5101672,Daniel Freitag,Buffalo,2.03768,2.48,4.52,2.04,6.99,9,2020
5112334,Ezra McKenna,Buffalo,-2.83378,2.51,-0.33,-3.32,2.67,12,2556
5180962,Mikhail Pocknett,Buffalo,-3.78008,2.33,-1.45,-5.03,2.13,8,2224
5312996,Derrick Talton Jr.,Buffalo,-3.42536,1.84,-1.59,-5.03,1.86,5,2652
5176517,Michael Ajayi,Butler,5.26661,1.17,6.43,2.59,10.28,2,1900
4700880,Yame Butler,Butler,0.718091,2.36,3.08,0.09,6.08,11,2931
5184903,Evan Haywood,Butler,2.00523,1.42,3.43,1.19,5.66,14,3263
5060688,Jamie Kaiser Jr.,Butler,4.08361,2.5,6.59,3.67,9.5,12,2556
4848619,Finley Bizjack,Butler,1.97885,2.29,4.27,1.78,6.75,11,2931
5143607,Drayton Jones,Butler,6.62279,2.62,9.24,5.89,12.59,13,1560
5107876,Jalen Jackson,Butler,1.0592,2.49,3.54,0.76,6.33,9,2020
4869741,Yohan Traore,Butler,1.3484,2.33,3.67,0.21,7.14,8,2224
5101859,Jackson Keith,Butler,-1.39043,2.13,0.74,-2.33,3.81,17,3093
5311946,Efeosa Oliogu-Elabor,Butler,-0.218883,1.81,1.59,-1.96,5.14,5,2652
5101796,Azavier Robinson,Butler,2.70153,2.73,5.43,2.51,8.36,9,2020
5239525,Hamad Mousa,Cal Poly,1.00368,1.79,2.79,0.22,5.37,3,3517
5242266,Kieran Elliott,Cal Poly,-1.31743,2.51,1.2,-1.86,4.26,12,2556
5242268,Peter Bandelj,Cal Poly,0.371832,2.29,2.66,0.13,5.19,11,2931
5242267,Guzman Vasilic,Cal Poly,-0.904385,1.44,0.53,-1.73,2.8,14,3263
5105648,Luka Tarlac,Cal Poly,-0.370097,3.03,2.66,0.19,5.13,6,2471
5107280,Aaron Price Jr.,Cal Poly,-4.70477,2.48,-2.23,-5.42,0.97,12,2556
5242269,Cayden Ward,Cal Poly,-1.39649,1.82,0.42,-2.45,3.3,3,3517
5175173,Jackson Mosley,Cal Poly,-4.28589,1.43,-2.86,-5.08,-0.64,1,3324
5312010,Ali Assran,Cal Poly,-1.76965,1.99,0.22,-2.79,3.23,16,1516
5312009,Jake Davis,Cal Poly,-0.823736,2.11,1.29,-2.05,4.63,17,3093
5312011,Austin Goode,Cal Poly,-1.41245,2.11,0.7,-2.66,4.06,17,3093
5312012,Troy Plumtree,Cal Poly,-1.90973,2.24,0.33,-2.61,3.28,15,2561
5179093,Caleb McCarty,Cal State Bakersfield,1.22478,2.05,3.28,0.2,6.36,16,1516
4895782,Ronald Jessamy,Cal State Bakersfield,-0.179733,1.22,1.05,-3.3,5.39,2,1900
4897668,AJ George,Cal State Bakersfield,-6.96338,1.93,-5.03,-8.79,-1.27,7,2587
5175758,Tom Mark,Cal State Bakersfield,0.257731,2.29,2.54,-0.68,5.77,15,2561
4899807,Kadar Waller,Cal State Bakersfield,-4.42647,1.9,-2.53,-6.07,1.02,5,2652
5241841,CJ Hardy,Cal State Bakersfield,-1.7791,2.65,0.87,-1.81,3.56,9,2020
5108983,Jaden Alexander,Cal State Bakersfield,-4.96441,1.37,-3.59,-5.62,-1.56,1,3324
5241844,Bentley Waller,Cal State Bakersfield,-8.7139,1.55,-7.16,-11.48,-2.84,10,2561
5241842,Mike Price,Cal State Bakersfield,-8.44493,1.54,-6.9,-11.15,-2.66,10,2561
5106879,Pierre Geneste Jr.,Cal State Bakersfield,-1.31252,2.67,1.36,-1.63,4.36,0,1028
4703106,Dailin Smith,Cal State Bakersfield,-4.66253,1.32,-3.34,-5.24,-1.44,1,3324
5176246,Jefferson De La Cruz Monegro,Cal State Fullerton,0.226925,1.88,2.1,-0.98,5.19,3,3517
5175763,Kendrick De Luna,Cal State Fullerton,-0.919594,2.28,1.36,-1.96,4.68,15,2561
5175404,Bailey Nunn,Cal State Fullerton,-1.62165,1.66,0.03,-4.04,4.11,10,2561
4910887,Landon Seaman,Cal State Fullerton,-0.0346335,1.84,1.81,-1.16,4.77,3,3517
5180837,Joshua Ward,Cal State Fullerton,1.64966,2.62,4.27,1.7,6.84,9,2020
4706262,Jaden Henderson,Cal State Fullerton,-2.68576,1.41,-1.27,-3.4,0.86,1,3324
5144135,Bryce Cofield,Cal State Fullerton,-3.9945,1.82,-2.18,-5.48,1.12,7,2587
5312312,KJ Garris,Cal State Fullerton,-0.74268,2.47,1.73,-1.2,4.65,12,2556
5312311,Davis White,Cal State Fullerton,-4.90539,2.13,-2.78,-5.86,0.31,17,3093
5312315,Christian Williams,Cal State Fullerton,1.39947,2.33,3.73,0.99,6.47,11,2931
5105981,Larry Hughes II,Cal State Northridge,0.540584,1.37,1.91,-0.01,3.83,14,3263
5106291,Josiah Davis,Cal State Northridge,-1.77756,2.46,0.68,-1.68,3.04,9,2020
5117707,Grady Lewis,Cal State Northridge,-0.327173,2.61,2.28,-1.26,5.82,13,1560
5175787,Mahmoud Fofana,Cal State Northridge,4.36447,2.63,6.99,3.96,10.03,13,1560
4432899,Jordan Brinson,Cal State Northridge,-1.43861,1.68,0.24,-3.6,4.09,10,2561
4684167,Joshua O'Garro,Cal State Northridge,1.22978,1.83,3.06,0.29,5.82,3,3517
5312433,Jai Chisolm,Cal State Northridge,-2.91431,2.11,-0.8,-4.36,2.75,17,3093
5312430,James Evans Jr.,Cal State Northridge,-2.46566,1.54,-0.93,-5.23,3.36,10,2561
5312429,Davius Loury,Cal State Northridge,-2.79379,1.61,-1.19,-5.37,3.0,10,2561
4897936,Jayden Jackson,California Baptist,1.03432,1.56,2.59,-1.36,6.55,10,2561
4591258,Monty Bowser,California Baptist,-4.68895,2.11,-2.58,-6.15,1.0,17,3093
5175014,Thomas Ndong,California Baptist,1.90776,2.34,4.25,0.88,7.61,8,2224
5178207,Dominique Daniels Jr.,California Baptist,3.72251,2.44,6.17,3.7,8.63,9,2020
4702158,Martel Williams,California Baptist,0.666599,1.39,2.05,0.06,4.05,1,3324
5241326,Bradey Henige,California Baptist,1.52917,2.36,3.88,0.47,7.3,8,2224
5241323,Devon Malcolm,California Baptist,5.08451,2.97,8.06,5.78,10.34,6,2471
5178211,Jonathan Griman,California Baptist,2.7729,2.63,5.4,2.04,8.76,13,1560
5314830,Miles Daniels,California Baptist,-2.49018,1.89,-0.6,-4.21,3.01,5,2652
5314832,Jordan Muller,California Baptist,-2.32251,1.61,-0.71,-4.94,3.52,10,2561
4684155,John Camden,California,4.69051,2.47,7.16,4.45,9.88,12,2556
4897890,Milos Ilic,California,4.19781,2.28,6.48,3.01,9.95,15,2561
4684627,Chris Bell,California,2.42335,2.45,4.87,2.1,7.63,12,2556
4703253,Nolan Dorsey,California,0.965721,2.13,3.1,-0.11,6.31,17,3093
5196370,Justin Pippen,California,5.35999,2.55,7.91,5.31,10.51,9,2020
5107343,DeJuan Campbell,California,-1.17179,1.63,0.46,-3.92,4.84,10,2561
5113388,Rytis Petraitis,California,5.45912,3.04,8.5,6.14,10.86,6,2471
4683672,Lee Dort,California,4.04011,2.61,6.65,3.46,9.84,13,1560
4845373,Dai Dai Ames,California,0.0414022,1.33,1.37,-0.49,3.24,1,3324
5164560,Semetri Carr,California,1.34076,1.86,3.2,-0.38,6.78,5,2652
4897215,DJ Smith,Campbell,0.930665,1.32,2.25,0.44,4.06,1,3324
5106610,Cam Gregory,Campbell,-0.154937,1.45,1.3,-0.92,3.52,14,3263
4433146,Terren Frank,Campbell,-3.60507,1.92,-1.68,-5.59,2.23,7,2587
4897617,Tasos Cook,Campbell,-0.833022,1.44,0.61,-1.69,2.91,14,3263
4782965,Broc Bidwell,Campbell,-4.83384,1.71,-3.12,-6.32,0.07,10,2561
5176752,Chris Fields Jr.,Campbell,-1.66643,2.22,0.55,-2.63,3.73,8,2224
5176779,Enoch Kalambay,Campbell,-0.838338,1.89,1.05,-2.24,4.33,3,3517
5175796,Muneer Newton,Campbell,0.877893,2.62,3.5,0.21,6.79,13,1560
4711262,Jeremiah Johnson,Campbell,-1.60145,1.38,-0.23,-2.16,1.71,1,3324
5240935,Dovydas Butka,Campbell,0.395809,2.25,2.64,-0.41,5.7,8,2224
5241462,Evan van der Plas,Canisius,-8.40654,2.13,-6.27,-9.4,-3.15,17,3093
5176146,Anthony Benard,Canisius,-9.71156,1.84,-7.88,-11.44,-4.31,5,2652
4703805,Marcus Niblack,Canisius,-5.66275,1.77,-3.89,-7.17,-0.62,5,2652
4433560,Myles Wilmoth,Canisius,-2.93179,1.95,-0.98,-4.78,2.82,7,2587
5175788,Bryan Ndjonga,Canisius,-3.433,1.82,-1.62,-4.49,1.25,3,3517
5243383,Max Jusianiec,Canisius,-4.36696,1.66,-2.71,-6.99,1.58,10,2561
5176059,Kahlil Singleton,Canisius,-2.13279,1.41,-0.72,-2.78,1.33,14,3263
5177167,Mike Evbagharu,Canisius,-1.21393,2.99,1.78,-0.31,3.87,6,2471
5258414,King Ijeoma,Canisius,-5.04507,2.05,-2.99,-6.16,0.18,16,1516
5311726,Javante Edwards,Canisius,-7.48872,1.8,-5.69,-9.21,-2.17,5,2652
5311725,Chris Kumu,Canisius,-8.84813,1.38,-7.47,-10.69,-4.25,4,1464
5311728,Brendan Oliver,Canisius,-8.63161,1.92,-6.71,-10.59,-2.82,7,2587
4897558,Rashad Bolden,Central Arkansas,-6.85079,1.56,-5.29,-9.29,-1.29,10,2561
4897018,Camren Hunter,Central Arkansas,3.75234,2.25,6.0,3.9,8.11,11,2931
5239782,Cole McCormick,Central Arkansas,1.18887,2.47,3.66,0.75,6.57,12,2556
5239780,Ty Robinson,Central Arkansas,5.67687,2.95,8.63,6.66,10.6,6,2471
5239778,Owen Derhmann,Central Arkansas,-9.59965,2.13,-7.47,-11.13,-3.8,17,3093
5239777,Tyler Lee,Central Arkansas,-2.3533,2.13,-0.23,-3.59,3.13,17,3093
4712848,Javion Guy-King,Central Arkansas,0.22943,2.97,3.2,1.05,5.34,6,2471
5312922,Harry Beauchamp,Central Arkansas,-3.14258,1.45,-1.7,-4.03,0.64,14,3263
5312919,Truman Byrne,Central Arkansas,-2.46482,2.5,0.04,-3.0,3.08,12,2556
5312925,Malchiah Marable,Central Arkansas,0.243238,2.02,2.26,-0.67,5.2,16,1516
5312926,Luke Moore,Central Arkansas,-1.15039,1.76,0.61,-2.71,3.93,5,2652
5243056,Jayden Mott,Central Connecticut,-8.00743,2.28,-5.73,-9.32,-2.14,15,2561
5177229,Darin Smith Jr.,Central Connecticut,-3.32452,1.78,-1.55,-4.13,1.03,3,3517
5241698,James Jones,Central Connecticut,-2.11993,2.02,-0.1,-3.68,3.48,7,2587
5177169,Max Frazier,Central Connecticut,1.49155,2.59,4.08,1.02,7.14,13,1560
4703644,Jay Rodgers,Central Connecticut,-5.59208,2.6,-3.0,-5.57,-0.42,9,2020
5108787,Gabe Spinelli,Central Connecticut,-6.41486,1.82,-4.59,-8.11,-1.08,5,2652
5116128,Melo Sanchez,Central Connecticut,-1.3482,2.48,1.13,-1.84,4.1,12,2556
5312654,Daniel James,Central Connecticut,-3.69603,1.96,-1.74,-4.99,1.51,3,3517
5312655,Elijah Parker,Central Connecticut,-4.9779,1.43,-3.54,-6.45,-0.64,4,1464
5312656,Ashton Reynolds,Central Connecticut,-2.34478,1.92,-0.42,-3.68,2.84,3,3517
5241663,Keenan Garner,Central Michigan,-0.609662,2.25,1.64,-1.14,4.42,15,2561
5177611,Rodney Johnson Jr.,Central Michigan,-2.6388,1.84,-0.8,-3.9,2.3,3,3517
5239560,Phat Phat Brooks,Central Michigan,-3.57555,1.76,-1.82,-4.97,1.33,5,2652
5257917,Will Ashford,Central Michigan,-7.73679,2.12,-5.62,-9.17,-2.06,17,3093
5108789,Logan McIntire,Central Michigan,-0.689262,1.39,0.7,-1.45,2.86,14,3263
5116155,Nick Mullen,Central Michigan,-0.816692,2.28,1.46,-1.49,4.41,15,2561
5313260,Tamario Adley,Central Michigan,1.1498,2.6,3.75,1.15,6.35,9,2020
5313263,Nathan Claerbaut,Central Michigan,1.12094,2.58,3.71,1.08,6.33,0,1028
5313257,Jalen Kampen,Central Michigan,-5.88862,1.44,-4.45,-6.84,-2.06,14,3263
5184709,Nadjrick Peat,Coastal Carolina,-0.141023,2.63,2.49,-0.82,5.81,13,1560
5172339,DaJohn Craig,Coastal Carolina,-3.0025,1.42,-1.59,-3.88,0.71,14,3263
5108908,Reggie Hill,Coastal Carolina,-2.86812,1.59,-1.28,-5.19,2.64,10,2561
5312427,Derrick Green,Coastal Carolina,-2.33696,2.63,0.29,-3.24,3.83,13,1560
5312425,Tristan Thompson,Coastal Carolina,-3.18618,2.01,-1.18,-4.82,2.47,7,2587
5241633,Ben Tweedy,Colgate,-2.71338,1.42,-1.3,-3.38,0.79,14,3263
5176046,Jalen Cox,Colgate,2.33404,2.49,4.82,2.47,7.17,9,2020
5105671,Brady Cummins,Colgate,-7.06939,1.61,-5.46,-9.73,-1.19,10,2561
5176049,Sam Wright,Colgate,-3.64895,1.83,-1.82,-4.84,1.2,3,3517
5176047,Cooper Wright,Colgate,-1.40266,2.09,0.69,-2.47,3.85,16,1516
5242775,Josh Ahayere,Colgate,-2.12242,1.93,-0.19,-3.39,3.01,3,3517
5107704,Kyle Carlesimo,Colgate,-2.5875,1.42,-1.17,-3.38,1.05,14,3263
5314481,Andrew Alekseyenko,Colgate,-0.970771,1.8,0.83,-1.86,3.53,3,3517
5314480,Ayomi Odetoyinbo,Colgate,0.73844,2.67,3.41,0.2,6.63,0,1028
5175021,Bangot Dak,Colorado,4.3577,1.22,5.58,1.01,10.15,2,1900
5115357,Elijah Malone,Colorado,1.70303,1.92,3.62,0.38,6.87,3,3517
5144392,Sebastian Rancik,Colorado,3.41115,1.83,5.25,2.23,8.26,3,3517
5214643,Felix Kossaras,Colorado,2.30114,2.51,4.81,1.7,7.93,12,2556
4712832,Barrington Hargress,Colorado,4.04103,2.3,6.34,3.88,8.8,11,2931
5152729,Jalin Holland,Colorado,0.0829977,1.95,2.03,-1.81,5.88,7,2587
5237434,Ian Inman,Colorado,-0.0948469,2.49,2.39,-0.79,5.57,12,2556
5254159,Isaiah Johnson,Colorado,5.31951,2.28,7.6,5.22,9.98,11,2931
5311912,Alon Michaeli,Colorado,-0.993393,1.85,0.85,-2.33,4.04,3,3517
5237444,Josiah Sanders,Colorado,-0.0707356,2.11,2.04,-1.32,5.39,17,3093
5177121,Josh Pascarelli,Colorado State,2.51022,2.49,5.0,2.11,7.88,12,2556
5176346,Augustinas Kiudulas,Colorado State,1.4122,2.24,3.65,0.75,6.55,15,2561
5108770,Jevin Muniz,Colorado State,3.55311,2.3,5.85,3.31,8.4,11,2931
5037880,Carey Booth,Colorado State,3.28483,1.25,4.54,-0.11,9.18,2,1900
5103590,Brandon Rechsteiner,Colorado State,1.38946,2.3,3.68,1.09,6.28,11,2931
5241234,Kyle Jorgensen,Colorado State,5.21515,1.23,6.45,1.94,10.96,2,1900
5176196,Rashaan Mbemba,Colorado State,0.149078,1.28,1.43,-3.2,6.07,2,1900
5177264,Nikola Djapa,Colorado State,-3.04171,2.27,-0.77,-3.78,2.23,15,2561
5175589,Jase Butler,Colorado State,2.94831,2.32,5.27,2.52,8.02,11,2931
5313905,Jojo McIver,Colorado State,-3.05518,1.87,-1.18,-4.85,2.48,5,2652
5113287,Zine Eddine Bedri,Columbia,-3.10815,1.81,-1.3,-4.04,1.44,3,3517
5106237,Blair Thompson,Columbia,1.8332,2.5,4.33,1.53,7.13,12,2556
5106236,Kenny Noland,Columbia,0.872987,2.27,3.14,0.85,5.44,11,2931
5106235,Avery Brown,Columbia,-6.611,1.39,-5.23,-7.37,-3.08,1,3324
5241715,Mason Ritter,Columbia,-1.69658,2.33,0.63,-2.74,4.0,8,2224
5241712,Gerard O'Keefe,Columbia,-2.54819,1.43,-1.12,-3.32,1.08,14,3263
5060729,Josiah Cunningham,Columbia,-5.15709,3.08,-2.08,-4.76,0.6,6,2471
5243061,Leland Coleman,Columbia,-2.30966,2.27,-0.04,-3.62,3.54,15,2561
5174631,Ryan Soulis,Columbia,0.485283,2.26,2.75,-0.22,5.72,15,2561
5313687,Miles Franklin,Columbia,-1.77946,1.86,0.08,-3.14,3.3,3,3517
5313686,Connor Igoe,Columbia,2.43834,1.23,3.67,-0.83,8.17,2,1900
5313685,Hampton Sanders,Columbia,-2.89368,1.84,-1.06,-4.65,2.54,5,2652
4897522,Chris Morgan,Coppin State,-9.82662,1.97,-7.86,-10.84,-4.87,16,1516
4896959,Hassan Perkins,Coppin State,-6.41645,1.44,-4.97,-7.17,-2.78,1,3324
5176265,Khali Horton,Coppin State,-5.33872,1.54,-3.8,-7.95,0.36,10,2561
5176269,Camaren Sparrow,Coppin State,-1.96562,1.91,-0.06,-3.83,3.72,7,2587
5252323,Demariontay Hall,Coppin State,-6.15135,2.24,-3.91,-7.23,-0.58,8,2224
4432364,Taj Thweatt,Coppin State,-5.99944,1.93,-4.07,-7.87,-0.28,7,2587
5313947,Torrin Andrews,Coppin State,-8.77048,1.83,-6.94,-10.55,-3.32,5,2652
5313951,Tyler Koenig,Coppin State,-5.82381,2.33,-3.49,-7.04,0.06,8,2224
5313949,Nelson Lamizana,Coppin State,-7.75717,1.91,-5.84,-9.63,-2.06,7,2587
5313950,Daveyon Lydner,Coppin State,-11.782,1.41,-10.37,-13.68,-7.07,4,1464
5313948,Jamari Piercy,Coppin State,-6.92359,1.89,-5.03,-8.77,-1.3,7,2587
5313944,Baasil Saunders,Coppin State,-7.49706,1.42,-6.08,-9.29,-2.86,4,1464
5313946,Hussain Williams,Coppin State,-5.14326,2.06,-3.08,-6.58,0.41,17,3093
5176404,Kaspar Sepp,Cornell,-0.0941095,2.34,2.24,-1.15,5.63,8,2224
5175900,Jake Fiegen,Cornell,4.47696,2.41,6.89,4.5,9.28,12,2556
5106247,Cooper Noard,Cornell,-0.0684601,2.41,2.34,-0.09,4.77,12,2556
5106245,Josh Baldwin,Cornell,0.935798,1.84,2.77,-0.22,5.77,3,3517
5241716,Gioacchino Panzini,Cornell,-0.118361,2.28,2.16,-1.31,5.64,15,2561
4684840,DJ Nix,Cornell,-3.6852,2.11,-1.57,-4.99,1.84,17,3093
5241718,Anthony Nimani,Cornell,-1.30147,2.37,1.07,-1.79,3.93,11,2931
5196671,Corbin Zentner,Cornell,-2.49215,1.46,-1.03,-3.44,1.37,14,3263
5175898,Jacob Beccles,Cornell,-0.0845273,2.32,2.24,-0.52,4.99,11,2931
5106243,Adam Hinton,Cornell,0.391632,2.29,2.68,0.1,5.26,11,2931
5243101,Blake Harper,Creighton,0.525468,1.85,2.38,-0.79,5.54,3,3517
5144380,Austin Swartz,Creighton,1.86717,2.29,4.16,1.55,6.77,11,2931
5106863,Nik Graves,Creighton,2.93371,2.64,5.57,2.87,8.28,9,2020
4894465,Owen Freeman,Creighton,8.30826,2.58,10.88,8.05,13.72,0,1028
5105800,Josh Dix,Creighton,3.11916,2.46,5.58,2.85,8.32,12,2556
5105577,Jasen Green,Creighton,6.25133,1.24,7.49,3.0,11.98,2,1900
5061591,Jackson McAndrew,Creighton,2.79807,2.48,5.28,2.21,8.35,12,2556
4712866,Isaac Traudt,Creighton,0.249388,1.43,1.68,-0.59,3.94,14,3263
5149116,Ty Davis,Creighton,-1.73037,1.44,-0.29,-3.22,2.63,4,1464
4433038,Liam McChesney,Creighton,-1.20738,2.24,1.03,-2.15,4.21,15,2561
5101788,Hudson Greer,Creighton,0.112171,2.09,2.21,-1.12,5.53,17,3093
5311955,Kerem Konan,Creighton,1.86654,2.6,4.47,0.82,8.11,13,1560
5075230,Fedor Zugic,Creighton,-0.368305,1.42,1.05,-1.22,3.32,14,3263
5106242,Jackson Munro,Dartmouth,1.79404,2.5,4.29,1.43,7.16,12,2556
5152623,Connor Amundsen,Dartmouth,-3.86364,1.42,-2.44,-4.54,-0.35,1,3324
5106241,Jayden Williams,Dartmouth,-1.94985,1.37,-0.58,-2.56,1.4,14,3263
5241722,Cameron McNamee,Dartmouth,-1.59645,1.44,-0.16,-2.43,2.11,14,3263
5241721,Kareem Thomas,Dartmouth,-4.29494,1.31,-2.98,-4.83,-1.13,1,3324
5175921,Nikola Abusara,Dartmouth,-1.19766,3.02,1.82,-0.61,4.26,6,2471
5106240,Brandon Mitchell-Day,Dartmouth,-0.0673976,1.2,1.13,-3.1,5.36,2,1900
5313700,Cam Hiatt,Dartmouth,-4.14388,1.65,-2.5,-6.76,1.76,10,2561
5105866,Sean Logan,Davidson,7.02851,2.62,9.65,6.57,12.73,0,1028
5239519,Manie Joses,Davidson,5.32333,3.12,8.45,5.88,11.02,6,2471
5239523,Roberts Blums,Davidson,1.84204,2.28,4.13,1.63,6.62,11,2931
5174570,Hunter Adam,Davidson,3.39803,2.5,5.89,2.86,8.93,12,2556
5311908,Aleksej Kostić,BYU,-1.17683,1.42,0.24,-2.07,2.56,14,3263
5183975,Abdullah Ahmed,BYU,5.2815,2.68,7.96,4.72,11.2,0,1028
5103584,Kayden Fish,Ball State,-3.31029,1.86,-1.45,-4.66,1.76,3,3517
5108010,Elmore James IV,Ball State,-4.86394,1.41,-3.45,-5.7,-1.21,14,3263
5176167,Mason Jones,Ball State,0.0663625,2.13,2.2,-0.79,5.19,17,3093
5093254,Joey Hart,Ball State,-4.78892,2.13,-2.65,-5.49,0.18,17,3093
5177148,Armoni Zeigler,Ball State,-2.09416,1.72,-0.38,-3.43,2.67,5,2652
5176789,Devon Barnes,Ball State,-2.68533,1.38,-1.31,-3.37,0.76,1,3324
5105458,Cam Denson,Ball State,-3.53718,1.42,-2.11,-5.31,1.08,4,1464
5241705,Juwan Maxey,Ball State,-6.98639,1.51,-5.47,-9.51,-1.43,10,2561
5176370,Davion Hill,Ball State,1.39661,2.54,3.94,1.25,6.63,9,2020
5312913,Preston Copeland,Ball State,-1.97352,2.63,0.66,-2.78,4.09,13,1560
5113969,Cameron Carr,Baylor,6.0069,1.18,7.19,3.07,11.3,2,1900
5243130,Isaac Williams IV,Baylor,2.97072,2.31,5.28,2.65,7.9,11,2931
5105811,Dan Skillings Jr.,Baylor,3.4806,1.86,5.34,2.22,8.47,3,3517
5107260,JJ White,Baylor,2.99728,2.33,5.33,2.42,8.23,11,2931
5241273,Obi Agbim,Baylor,2.84003,1.43,4.27,2.17,6.36,14,3263
5105627,Michael Rataj,Baylor,1.67421,1.88,3.55,0.33,6.78,3,3517
5107866,Caden Powell,Baylor,6.76686,2.64,9.4,6.2,12.61,13,1560
5095152,Tounde Yessoufou,Baylor,5.2792,2.93,8.21,6.34,10.08,6,2471
4823976,Brian Waddell,Bellarmine,-0.937217,2.44,1.5,-1.03,4.04,12,2556
5106735,Jack Karasinski,Bellarmine,-0.995643,2.37,1.38,-0.81,3.57,12,2556
5239765,Myles Watkins,Bellarmine,-5.9042,1.84,-4.06,-7.67,-0.46,5,2652
5239763,Tyler Doyle,Bellarmine,-4.72619,2.29,-2.43,-5.0,0.13,11,2931
5175851,Grant Whitaker,Bellarmine,-6.05387,2.13,-3.92,-7.04,-0.81,17,3093
5175850,Kenyon Goodin,Bellarmine,-0.909331,2.5,1.59,-1.21,4.4,12,2556
5176207,Donovan Hunter,Bellarmine,-6.88014,1.53,-5.35,-9.61,-1.08,10,2561
5254207,Michael Wilson Jr.,Bellarmine,-7.86865,1.87,-6.0,-9.18,-2.82,3,3517
5312901,Darrius Bolden,Bellarmine,-7.0907,1.44,-5.65,-8.6,-2.71,4,1464
5312902,Sam Donald,Bellarmine,-1.07766,2.51,1.44,-1.46,4.33,12,2556
5312903,Jacob Wassler,Bellarmine,-3.91008,2.5,-1.41,-4.57,1.75,12,2556
4683784,Isaiah West,Belmont,-0.396597,1.88,1.49,-2.07,5.04,5,2652
5176311,Brigham Rogers,Belmont,4.66781,2.61,7.28,4.02,10.53,13,1560
4710359,Aidan Noyes,Belmont,0.650441,2.51,3.16,0.14,6.18,12,2556
5176310,Sam Orme,Belmont,5.85774,2.46,8.32,5.66,10.97,12,2556
5176309,Drew Scharnowski,Belmont,8.1772,2.53,10.7,8.35,13.06,0,1028
5176308,Win Miller,Belmont,-6.06963,1.45,-4.62,-6.93,-2.32,1,3324
4683944,Tyler Lundblade,Belmont,1.70952,1.41,3.12,1.14,5.09,14,3263
5241333,Eoin Dillon,Belmont,4.50281,2.45,6.96,4.09,9.82,12,2556
5241334,Jabez Jenkins,Belmont,0.789278,2.99,3.78,1.56,6.0,6,2471
5175371,Nic McClain,Belmont,1.50223,2.51,4.01,1.48,6.54,9,2020
5255092,Jack Smiley,Belmont,0.99545,2.3,3.29,0.67,5.91,11,2931
5109034,Tyler Andrews,Bethune-Cookman,-0.274842,2.5,2.22,-0.78,5.23,12,2556
5178199,Jakobi Heady,Bethune-Cookman,2.1379,2.27,4.41,2.02,6.8,11,2931
5242938,Quentin Heady,Bethune-Cookman,-1.06947,1.87,0.8,-2.36,3.96,3,3517
5177605,Jordan Johnson,Bethune-Cookman,-5.73228,2.11,-3.62,-7.09,-0.16,17,3093
4900669,Ariel Bland,Bethune-Cookman,4.35203,2.63,6.98,3.67,10.29,13,1560
5108148,Daniel Rouzan,Bethune-Cookman,-2.68661,1.82,-0.86,-3.84,2.12,3,3517
5106709,David Onanina,Bethune-Cookman,-6.26281,2.34,-3.92,-7.64,-0.2,8,2224
5178200,Seneca Willoughby,Bethune-Cookman,-2.44963,1.66,-0.79,-4.83,3.25,10,2561
5108978,Doctor Bradley,Bethune-Cookman,3.51231,1.22,4.73,0.65,8.81,2,1900
5176249,Rickey Mitchell Jr.,Bethune-Cookman,-5.76366,1.4,-4.36,-7.51,-1.21,4,1464
5106279,Arterio Morris,Bethune-Cookman,-3.70433,1.75,-1.96,-5.08,1.17,5,2652
4895759,Bryson Wilson,Binghamton,-6.8717,1.88,-4.99,-8.66,-1.33,7,2587
5177097,Jeremiah Quigley,Binghamton,-3.72873,2.51,-1.21,-3.63,1.2,9,2020
5105848,Demetrius Lilley,Binghamton,-8.5442,2.22,-6.32,-9.37,-3.27,8,2224
5106619,Jackson Benigni,Binghamton,-1.64507,2.51,0.87,-2.04,3.78,12,2556
4897008,Wes Peterson Jr.,Binghamton,-7.19138,1.54,-5.65,-9.58,-1.72,10,2561
5174814,Stephan Snagg,Binghamton,-5.97834,2.4,-3.58,-6.95,-0.21,8,2224
5312446,Zyier Beverly,Binghamton,-6.31326,2.23,-4.08,-6.75,-1.4,15,2561
5312447,Jake Blackburn,Binghamton,-7.53633,2.51,-5.03,-8.13,-1.93,12,2556
5312445,Ryan Richardson,Binghamton,-10.0396,1.43,-8.61,-11.76,-5.47,4,1464
5105636,Dylan Andrews,Boise State,1.75746,1.36,3.12,1.17,5.08,1,3324
5082704,Drew Fielder,Boise State,5.44676,1.22,6.67,2.42,10.91,2,1900
5081887,Andrew Meadow,Boise State,4.22569,2.48,6.71,3.87,9.54,12,2556
5241230,Javan Buchanan,Boise State,5.14745,1.83,6.98,3.94,10.02,3,3517
5241229,Julian Bowie,Boise State,-1.33372,1.59,0.25,-4.12,4.63,10,2561
4683941,RJ Keene II,Boise State,6.66998,2.13,8.8,5.64,11.97,17,3093
5117627,Pearson Carmichael,Boise State,0.943772,1.87,2.81,-0.43,6.06,3,3517
4702518,Dominic Parolin,Boise State,6.35325,1.36,7.72,3.02,12.41,2,1900
5185444,Spencer Ahrens,Boise State,2.42161,1.88,4.3,1.08,7.52,3,3517
5313902,Aginaldo Neto,Boise State,-2.3351,1.86,-0.48,-4.12,3.17,5,2652
5103631,Boden Kapke,Boston College,0.529174,1.85,2.38,-0.77,5.52,3,3517
5105543,Aidan Shaw,Boston College,2.88817,2.67,5.56,2.53,8.59,0,1028
4683629,Donald Hand Jr.,Boston College,-3.27319,1.85,-1.43,-4.86,2.01,7,2587
4685671,Jayden Hastings,Boston College,5.223,2.62,7.84,4.97,10.72,0,1028
5151855,Luka Toews,Boston College,-1.9275,2.09,0.16,-3.01,3.33,17,3093
4684268,Fred Payne,Boston College,2.91568,1.33,4.24,2.41,6.08,1,3324
4706918,Chase Forte,Boston College,0.278982,1.8,2.08,-1.45,5.61,5,2652
5196919,Caleb Steger,Boston College,-3.62094,1.6,-2.03,-6.31,2.26,10,2561
4684448,Malcolm Chimezie,Boston University,-0.779073,2.63,1.85,-1.52,5.22,13,1560
5176039,Michael McNair,Boston University,1.52906,2.44,3.97,1.48,6.46,12,2556
5176037,Kyrone Alexander,Boston University,-0.973302,1.89,0.91,-2.45,4.28,3,3517
5176036,Ethan Okwuosa,Boston University,-3.53917,2.09,-1.45,-4.72,1.83,17,3093
5242765,Ben Defty,Boston University,2.00172,2.52,4.52,1.68,7.37,13,1560
5176175,Quinn Nielsen,Boston University,-6.97351,2.07,-4.9,-8.07,-1.73,16,1516
5242764,Azmar Abdullah,Boston University,-3.03419,1.43,-1.61,-3.77,0.56,14,3263
5105665,Ben Roy,Boston University,-4.12863,2.38,-1.75,-4.57,1.07,11,2931
5314461,Sam Hughes,Boston University,-3.05973,1.42,-1.64,-3.79,0.5,14,3263
5314463,Donte Tisinger Jr.,Boston University,-2.81979,2.34,-0.48,-3.33,2.38,11,2931
5314460,Chance Gladden,Boston University,-3.39442,1.31,-2.09,-3.86,-0.31,1,3324
5313258,Jaxson Whitaker,Central Michigan,-4.41017,1.44,-2.97,-5.31,-0.63,14,3263
4897447,Connor Hickman,Charleston,-1.78136,1.42,-0.36,-2.48,1.76,1,3324
5106754,Jlynn Counter,Charleston,4.35549,2.48,6.84,4.41,9.26,9,2020
5174638,Djordje Curcic,Charleston,-4.55814,1.47,-3.09,-5.89,-0.28,14,3263
5060731,Jaxon Prunty,Charleston,-2.04021,1.64,-0.4,-4.77,3.98,10,2561
5106463,Bryce Baker,Charleston,1.19955,1.45,2.65,0.1,5.19,14,3263
5241746,Mister Dean,Charleston,1.96871,2.91,4.88,2.99,6.76,6,2471
5105444,Christian Reeves,Charleston,2.24883,2.55,4.8,1.74,7.87,13,1560
5174947,Colby Duggan,Charleston,-3.27132,2.09,-1.18,-4.26,1.89,17,3093
5313548,Chris Davis Jr.,Charleston,-1.74835,1.39,-0.36,-2.61,1.89,14,3263
5313547,Martin Kalu,Charleston,-1.55759,2.1,0.55,-2.62,3.71,17,3093
5313550,Chol Machot,Charleston,2.88976,2.57,5.46,2.76,8.16,0,1028
5313546,Chadlyn Traylor,Charleston,-3.13813,2.13,-1.0,-4.02,2.02,17,3093
5107230,Nate Brafford,Charleston Southern,-1.20157,2.13,0.93,-2.25,4.12,17,3093
5242928,Devin Brafford,Charleston Southern,1.32838,2.63,3.95,0.81,7.1,0,1028
5107670,Reis Jones,Charleston Southern,0.288793,2.6,2.89,0.06,5.71,0,1028
5175655,Lase Olalere,Charleston Southern,-0.111728,2.64,2.52,-0.47,5.52,0,1028
5106775,A'lahn Sumler,Charleston Southern,0.40059,2.47,2.87,0.44,5.3,9,2020
5243382,Jesse Hafemeister,Charleston Southern,-2.28264,1.37,-0.91,-2.86,1.04,14,3263
5254986,Trent Coleman,Charleston Southern,-1.86566,2.51,0.65,-2.47,3.76,12,2556
5107223,Brycen Blaine,Charleston Southern,-0.572018,2.43,1.86,-0.62,4.33,9,2020
5313447,Armari Carraway,Charleston Southern,-6.57227,1.57,-5.0,-9.12,-0.89,10,2561
5313448,Jaquias Franklin,Charleston Southern,-6.53605,1.85,-4.69,-8.29,-1.09,5,2652
5313449,Jacob Taylor,Charleston Southern,-3.22722,2.13,-1.1,-4.33,2.14,17,3093
5313450,Luke Williams,Charleston Southern,-1.54742,1.43,-0.12,-2.12,1.88,14,3263
5240545,Dezayne Mingo,Charlotte,2.53792,2.58,5.12,2.49,7.74,9,2020
4898117,Ethan Butler,Charlotte,-0.755731,2.28,1.52,-1.87,4.91,15,2561
5242924,Major Freeman,Charlotte,-1.84283,1.42,-0.42,-2.6,1.76,1,3324
5240529,Anton Bonke,Charlotte,3.70347,1.21,4.91,0.4,9.42,2,1900
5093265,Arden Conyers,Charlotte,-1.44831,2.48,1.04,-2.05,4.12,12,2556
5175712,Spencer Elliott,Charlotte,-0.244808,2.27,2.03,-1.0,5.05,15,2561
4709150,Kuluel Mading,Charlotte,-0.819415,2.26,1.44,-1.59,4.46,15,2561
5239828,Ben Bradford,Charlotte,-1.34293,1.83,0.48,-2.4,3.36,3,3517
5107233,Kylan Blackmon,Charlotte,-4.71135,1.66,-3.05,-7.45,1.35,10,2561
5242980,Damoni Harrison,Charlotte,-0.0449887,2.45,2.41,-0.47,5.29,12,2556
5312041,Jarne Elouna Eyenga,Charlotte,-2.19861,2.13,-0.07,-3.35,3.22,17,3093
5312042,Raul Villar,Charlotte,0.829247,3.04,3.87,1.34,6.41,6,2471
5108028,Billy Smith,Chattanooga,-5.40614,1.39,-4.02,-6.15,-1.88,14,3263
4897364,Brennan Watkins,Chattanooga,-2.32576,2.33,0.0,-2.71,2.71,11,2931
5176712,Teddy Washington Jr.,Chattanooga,-5.19437,1.38,-3.81,-5.86,-1.76,1,3324
5175372,Sebastian Hartmann,Chattanooga,-1.06278,2.5,1.44,-1.47,4.35,12,2556
5243219,Latif Diouf,Chattanooga,-3.87636,1.88,-2.0,-5.42,1.43,7,2587
5176110,Sean Cusano,Chattanooga,-0.691458,1.91,1.22,-2.03,4.46,3,3517
4897859,Makai Richards,Chattanooga,-4.24092,2.27,-1.97,-5.04,1.1,15,2561
5243222,Parker Robison,Chattanooga,-4.95533,2.13,-2.83,-6.09,0.44,17,3093
5176111,Collin Mulholland,Chattanooga,-3.33994,1.84,-1.5,-4.53,1.52,3,3517
5243217,Houston Holland,Chattanooga,-3.28119,1.47,-1.81,-4.24,0.62,14,3263
5116435,Jikari Johnson,Chattanooga,-1.8675,2.44,0.57,-2.37,3.52,12,2556
5314474,Josh Bowman,Chattanooga,-2.02113,2.62,0.6,-2.5,3.7,0,1028
5314470,Tate Darner,Chattanooga,-2.27387,2.48,0.2,-2.63,3.04,12,2556
5314472,Jordan Frison,Chattanooga,-0.122503,2.27,2.14,-0.1,4.39,11,2931
5177534,Stephen Byard,Chicago State,-3.23402,1.82,-1.41,-4.49,1.67,3,3517
4703637,Braelon Bush,Chicago State,-3.94147,1.41,-2.53,-4.64,-0.42,1,3324
5105446,Chauncey Gibson,Chicago State,-6.23145,1.36,-4.87,-7.95,-1.79,4,1464
5247705,Doyel Cockrill III,Chicago State,-1.17057,1.36,0.19,-1.79,2.18,1,3324
5106594,CJ Delancy,Chicago State,-9.40095,2.02,-7.38,-10.74,-4.02,7,2587
5241708,Dailliss Cox,Chicago State,-7.44077,2.13,-5.31,-8.64,-1.98,17,3093
5109770,Deshawn Jean-Charles,Chicago State,-4.96465,2.01,-2.95,-7.22,1.32,7,2587
5106744,Marcus Tankersley,Chicago State,-6.90662,1.34,-5.56,-7.49,-3.64,1,3324
5180772,Joseph Owens,Chicago State,-2.35576,2.06,-0.29,-3.44,2.85,16,1516
5191591,Corey Sands,Chicago State,-6.00073,2.13,-3.87,-6.98,-0.76,17,3093
5313921,Lionel Larvadain III,Chicago State,-9.38449,1.37,-8.01,-11.21,-4.82,4,1464
5313922,CJ Ray,Chicago State,-2.53593,1.36,-1.18,-3.11,0.75,1,3324
5313920,Malek Robinson,Chicago State,-1.65492,1.9,0.25,-3.41,3.9,5,2652
5313918,Daniel Zatsepin,Chicago State,-6.0147,1.44,-4.58,-8.18,-0.98,4,1464
4598611,Jalen Celestine,Cincinnati,7.04679,2.5,9.54,6.61,12.48,12,2556
5149078,Moustapha Thiam,Cincinnati,4.9811,2.56,7.54,4.99,10.1,0,1028
5175033,Jizzle James,Cincinnati,2.22558,1.41,3.63,1.47,5.79,14,3263
5240256,Halvine Dzellat,Cincinnati,1.11231,2.38,3.5,-0.1,7.09,8,2224
4873163,Tyler McKinley,Cincinnati,3.34622,2.07,5.42,2.23,8.61,16,1516
5175032,Day Day Thomas,Cincinnati,5.15055,1.39,6.54,4.55,8.53,1,3324
4683633,Kerr Kriisa,Cincinnati,0.329721,1.45,1.78,-0.45,4.0,1,3324
5105790,Sencire Harris,Cincinnati,4.35769,2.99,7.34,4.99,9.7,6,2471
5075626,Baba Miller,Cincinnati,9.64885,1.16,10.81,6.71,14.91,2,1900
5101852,Shon Abaev,Cincinnati,0.290619,1.84,2.13,-0.94,5.2,3,3517
5196876,Keyshuan Tillery,Cincinnati,-0.30292,1.84,1.53,-2.09,5.16,5,2652
5105449,RJ Godfrey,Clemson,6.69019,1.22,7.91,3.43,12.39,2,1900
5106880,Jestin Porter,Clemson,4.11976,1.4,5.52,3.28,7.76,14,3263
5105445,Dillon Hunter,Clemson,4.46031,3.04,7.5,5.2,9.8,6,2471
5179085,Ace Buckner,Clemson,4.52312,2.3,6.82,4.14,9.5,11,2931
5107144,Butta Johnson,Clemson,3.96812,1.44,5.4,3.12,7.69,14,3263
5176397,Carter Welling,Clemson,6.61132,1.25,7.86,3.29,12.42,2,1900
5174977,Jake Wahlin,Clemson,2.18835,1.94,4.13,0.86,7.4,3,3517
4699440,Nick Davidson,Clemson,4.70611,1.26,5.97,1.23,10.71,2,1900
5237299,Zac Foster,Clemson,1.02517,1.36,2.38,0.34,4.43,1,3324
5196962,Chase Thompson,Clemson,2.72028,2.52,5.24,2.06,8.42,12,2556
5240370,Holden Pierre-Louis,Cleveland State,-4.6539,2.03,-2.63,-5.64,0.39,16,1516
5106598,Chevalier Emery,Cleveland State,-7.90719,1.32,-6.59,-8.5,-4.68,1,3324
5176378,Kamari Jones,Cleveland State,-7.7831,1.39,-6.39,-8.71,-4.07,14,3263
5106292,Josiah Harris,Cleveland State,-1.71363,1.87,0.16,-2.95,3.27,3,3517
5239604,Dayan Nessah,Cleveland State,-0.668995,1.21,0.54,-3.55,4.63,2,1900
4897481,Foster Wonders,Cleveland State,-4.31998,1.46,-2.86,-5.24,-0.47,14,3263
5177686,Jaidon Lipscomb,Cleveland State,0.431415,2.29,2.72,0.21,5.23,11,2931
5182601,Tre Beard,Cleveland State,0.361229,2.32,2.68,0.1,5.26,11,2931
5176268,Preist Ryan,Cleveland State,-6.00217,1.94,-4.06,-7.81,-0.31,7,2587
5107346,Rasheed Jones,Coastal Carolina,1.4411,1.37,2.81,0.91,4.71,1,3324
5176792,Braeden MacVicar,Coastal Carolina,0.318579,1.96,2.28,-1.04,5.6,3,3517
5177247,AJ Dancler,Coastal Carolina,0.111612,1.34,1.45,-0.39,3.28,1,3324
4698718,Joshua Beadle,Coastal Carolina,-1.46222,1.25,-0.21,-1.92,1.49,1,3324
4898257,Jerry Ngopot,Coastal Carolina,-6.70124,1.99,-4.71,-8.66,-0.76,7,2587
4702212,Keishon Porter,Evansville,-7.20913,1.89,-5.32,-9.09,-1.55,7,2587
4433001,Alex Hemenway,Evansville,-4.47401,1.63,-2.84,-7.08,1.39,10,2561
5177734,Joshua Hughes,Evansville,-1.14879,2.49,1.34,-1.54,4.23,12,2556
5241372,Trent Hundley,Evansville,-2.82428,1.44,-1.38,-3.73,0.96,14,3263
4888885,Connor Turnbull,Evansville,0.0528526,2.5,2.55,0.26,4.85,0,1028
5241370,Kaia Berridge,Evansville,-6.36911,1.43,-4.93,-7.86,-2.01,4,1464
5313846,James Dyson-Merwe,Evansville,-5.50431,2.62,-2.89,-6.4,0.63,13,1560
5313847,Leif Moeller,Evansville,-3.10862,1.37,-1.74,-3.67,0.19,1,3324
5313845,Bryce Quinet,Evansville,-5.3453,1.77,-3.57,-6.99,-0.16,5,2652
5105901,Ryan Zan,Fairfield,-8.24491,1.44,-6.81,-10.41,-3.2,4,1464
5108879,Braden Sparks,Fairfield,0.0716727,1.33,1.4,-0.43,3.24,1,3324
5241486,Isaac Munkadi,Fairfield,-2.3351,2.64,0.31,-2.86,3.47,0,1028
5107183,Michael Rogan,Fairfield,-5.39903,2.12,-3.28,-6.81,0.26,17,3093
5174619,Cam Estevez,Fairfield,-6.11887,1.58,-4.54,-8.79,-0.29,10,2561
4702497,Deuce Turner,Fairfield,-5.43248,1.4,-4.04,-6.16,-1.91,1,3324
5311734,Brandon Benjamin,Fairfield,2.36096,1.18,3.54,-0.68,7.76,2,1900
5311730,Eric Mejia,Fairfield,-3.78464,1.84,-1.95,-5.6,1.71,5,2652
5311733,Halon Rawlins,Fairfield,-1.91069,1.41,-0.5,-3.65,2.65,4,1464
5311732,Tony Williams,Fairfield,-2.81379,1.45,-1.37,-3.61,0.88,1,3324
5311735,Declan Wucherpfennig,Fairfield,1.08351,2.25,3.33,0.71,5.95,15,2561
5174934,Eric Parnell,Fairleigh Dickinson,-3.84564,1.39,-2.46,-4.67,-0.25,14,3263
5105432,Cyril Martynov,Fairleigh Dickinson,-5.13773,2.29,-2.84,-6.19,0.5,8,2224
5241772,Raysean Johnson,Fairleigh Dickinson,-5.827,1.85,-3.98,-7.59,-0.36,5,2652
5176109,Noah Melson,Fairleigh Dickinson,-9.44248,1.56,-7.88,-12.16,-3.6,10,2561
5107349,Taeshaud Jackson,Fairleigh Dickinson,-1.9515,1.84,-0.11,-3.13,2.91,3,3517
5313938,Arthur Cox,Fairleigh Dickinson,-3.35477,1.83,-1.52,-4.55,1.5,3,3517
5313936,Ras Elijah Godbolt,Fairleigh Dickinson,-7.16752,1.44,-5.73,-9.4,-2.05,4,1464
5313937,David Jevtic,Fairleigh Dickinson,-5.29128,2.08,-3.21,-6.36,-0.07,17,3093
5313932,Joey Niesman,Fairleigh Dickinson,-1.88684,1.38,-0.51,-2.45,1.44,1,3324
5105593,Jaquan Sanders,Florida A&M,-1.78251,1.38,-0.4,-2.36,1.56,1,3324
5177189,Anquan Boldin Jr,Florida A&M,-3.91066,1.94,-1.97,-5.76,1.83,7,2587
4684293,Kaleb Washington,Florida A&M,-2.00659,2.96,0.96,-1.23,3.14,6,2471
4897175,Tyler Shirley,Florida A&M,-3.73902,1.83,-1.91,-4.93,1.11,3,3517
5107408,Jordan Chatman,Florida A&M,-1.28093,1.42,0.14,-2.04,2.32,14,3263
5177530,Micah Octave,Florida A&M,4.65536,3.03,7.69,5.57,9.8,6,2471
5313446,Miles Ndalama,Florida A&M,-3.61617,1.95,-1.66,-4.47,1.15,16,1516
5325879,Antonio Baker Jr.,Florida A&M,-3.6967,1.75,-1.94,-5.32,1.43,5,2652
4685685,Devin Williams,Florida Atlantic,6.15124,2.62,8.77,5.9,11.65,0,1028
5175058,Devin Vanterpool,Florida Atlantic,4.25792,2.94,7.2,5.3,9.09,6,2471
5126036,Niccolo Moretti,Florida Atlantic,-2.20419,1.85,-0.36,-3.77,3.05,5,2652
5239836,Amar Amkou,Florida Atlantic,0.355819,1.87,2.23,-0.99,5.44,3,3517
5240885,Maxim Logue,Florida Atlantic,1.58566,2.58,4.17,0.7,7.63,13,1560
4869767,Isaiah Elohim,Florida Atlantic,0.00806453,1.87,1.88,-1.23,4.98,3,3517
4683761,Kanaan Carlyle,Florida Atlantic,0.52474,2.28,2.8,0.36,5.25,11,2931
5312060,Josiah Parker,Florida Atlantic,-0.541967,2.27,1.73,-1.63,5.08,8,2224
5312061,Xander Pintelon,Florida Atlantic,1.79702,1.92,3.71,0.46,6.96,3,3517
5312057,Yohann Sissoko,Florida Atlantic,-3.54893,1.85,-1.7,-5.37,1.98,5,2652
5174657,Alex Condon,Florida,10.2894,1.17,11.46,7.35,15.58,2,1900
5174971,Rueben Chinyelu,Florida,7.29902,2.58,9.88,6.91,12.85,13,1560
5080489,Thomas Haugh,Florida,10.1793,1.19,11.37,7.0,15.73,2,1900
5108992,Micah Handlogten,Florida,11.8841,2.65,14.53,11.55,17.51,0,1028
5238200,Urban Klavzar,Florida,5.94886,2.49,8.44,5.48,11.4,12,2556
5144372,Isaiah Brown,Florida,6.51141,2.48,8.99,5.9,12.09,12,2556
5107169,Xaivian Lee,Florida,7.51298,2.29,9.8,7.27,12.34,11,2931
5175405,Alex Kovatchev,Florida,-3.97941,1.63,-2.35,-6.96,2.27,10,2561
5238195,Boogie Fland,Florida,7.12966,3.0,10.13,7.95,12.3,6,2471
4897479,Michael Duax,Florida Gulf Coast,0.293016,2.27,2.56,-0.32,5.45,15,2561
4895738,Rahmir Barno,Florida Gulf Coast,-3.28401,2.67,-0.62,-3.24,2.01,9,2020
5105971,Rory Stewart,Florida Gulf Coast,-2.84984,1.61,-1.24,-5.28,2.79,10,2561
5239791,Darren Williams,Florida Gulf Coast,-3.56148,1.43,-2.13,-4.41,0.15,14,3263
5239793,Tristen Guillouette,Florida Gulf Coast,2.4367,2.38,4.82,1.27,8.37,8,2224
5239790,Jack Reddick,Florida Gulf Coast,-5.09094,1.89,-3.2,-6.87,0.46,5,2652
4575837,J.R. Konieczny,Florida Gulf Coast,0.538584,1.81,2.35,-0.41,5.11,3,3517
5236221,Jordan Ellerbee,Florida Gulf Coast,-1.55498,2.28,0.73,-1.77,3.23,11,2931
5313662,Isaiah Malone,Florida Gulf Coast,1.48344,2.58,4.06,1.4,6.72,0,1028
5241745,Brit Harris,Florida International,-0.457308,2.12,1.66,-1.68,5.0,17,3093
5176648,Hamed Olayinka,Florida International,1.47713,2.28,3.75,0.45,7.06,8,2224
4719433,Julian Mackey,Florida International,-0.657891,2.29,1.63,-0.95,4.22,11,2931
5242602,Zawdie Jackson,Florida International,0.471495,2.32,2.79,0.12,5.46,11,2931
5175759,Corey Stephenson,Florida International,1.91289,1.81,3.72,1.01,6.43,3,3517
5242116,Ashton Williamson,Florida International,-4.39834,1.77,-2.62,-6.05,0.81,5,2652
5242119,Ibrahim Olajuwon,Florida International,-1.64446,2.03,0.38,-2.65,3.41,16,1516
5107262,Kennedy Brown,Florida International,-5.69879,2.05,-3.65,-6.87,-0.42,16,1516
5312338,Eric Dibami,Florida International,3.5262,2.31,5.83,2.58,9.09,8,2224
5312336,Thiago Sucatzky,Florida International,-6.34681,1.86,-4.49,-8.16,-0.82,5,2652
5105779,Kobe MaGee,Florida State,2.28824,2.47,4.76,1.74,7.78,12,2556
5239821,Martin Somerville,Florida State,4.12558,1.58,5.71,1.78,9.63,10,2561
4685802,Robert McCray V,Florida State,5.25972,2.42,7.68,5.21,10.14,9,2020
5108969,Lajae Jones,Florida State,5.10566,1.86,6.97,3.89,10.05,3,3517
5114231,Shah Muhammad,Florida State,1.86795,2.67,4.54,1.39,7.7,0,1028
5238166,Alier Maluk,Florida State,-0.45385,2.04,1.59,-1.63,4.8,16,1516
4873208,AJ Swinton,Florida State,3.90044,3.09,6.99,4.42,9.56,6,2471
5105448,Chauncey Wiggins,Florida State,2.38029,2.47,4.85,2.07,7.64,12,2556
5316047,Thomas Bassong,Florida State,0.327017,2.26,2.59,-0.36,5.54,15,2561
5316046,Cam Miles,Florida State,-1.44331,1.41,-0.04,-2.23,2.15,1,3324
5316049,Alex Steen,Florida State,6.78071,2.61,9.4,6.1,12.69,13,1560
4898222,Louis Lesmond,Fordham,-5.31941,1.43,-3.89,-6.83,-0.94,4,1464
4703526,Zarique Nutter,Fordham,-3.27561,1.8,-1.48,-4.32,1.36,3,3517
5175415,Dejour Reaves,Fordham,3.088,2.51,5.6,3.09,8.1,9,2020
5242936,Christian Henry,Fordham,-1.48731,2.55,1.06,-1.64,3.77,9,2020
4611541,Jace Howard,Fordham,-1.30443,2.13,0.83,-2.33,3.98,17,3093
5174571,Rikus Schulte,Fordham,3.82487,1.22,5.04,0.62,9.47,2,1900
5241957,Jack Whitbourn,Fordham,-2.32064,2.27,-0.05,-3.37,3.28,8,2224
5241956,Abass Bodija,Fordham,-1.27225,1.86,0.59,-2.65,3.83,3,3517
5176374,Akira Jacobs,Fordham,-0.862388,1.45,0.58,-1.66,2.82,14,3263
4897953,Marcus Greene,Fordham,-2.80433,2.13,-0.67,-3.71,2.37,17,3093
5311861,Roor Akhuar,Fordham,0.756008,2.12,2.87,-0.42,6.17,17,3093
5177744,Cameron Faas,Fresno State,0.262309,1.45,1.71,-0.64,4.06,14,3263
4903264,Jake Heidbreder,Fresno State,1.91559,2.29,4.2,1.71,6.7,11,2931
5107167,Jac Mani,Fresno State,-2.55632,1.84,-0.71,-3.76,2.34,3,3517
5241239,Zaon Collins,Fresno State,1.94904,2.63,4.58,1.95,7.21,9,2020
5176815,David Douglas Jr.,Fresno State,-0.485634,1.41,0.93,-1.31,3.16,14,3263
5315579,DeShawn Gory,Fresno State,1.92462,1.82,3.75,0.86,6.64,3,3517
5315576,Wilson Jacques,Fresno State,2.15273,1.25,3.4,-1.2,8.0,2,1900
5315575,Gasper Kocevar,Fresno State,1.95681,2.28,4.24,0.83,7.65,15,2561
5315578,Bastien Rieber,Fresno State,-3.54983,1.87,-1.68,-5.32,1.96,5,2652
5315573,DJ Stickman,Fresno State,2.34189,3.06,5.4,2.94,7.86,6,2471
5176136,Cooper Bowser,Furman,3.86972,2.61,6.48,3.53,9.43,13,1560
5107369,Ben Vander Wal,Furman,2.77666,2.63,5.41,2.24,8.58,13,1560
4896557,Tom House,Furman,-1.58908,1.42,-0.17,-2.34,2.0,14,3263
5176133,Eddrin Bronson,Furman,-3.90426,1.57,-2.33,-6.48,1.81,10,2561
5243230,Charles Johnston,Furman,2.52187,1.25,3.77,-0.64,8.19,2,1900
4895755,Asa Thomas,Furman,0.964244,1.39,2.36,0.28,4.44,14,3263
5314509,Cole Bowser,Furman,-0.449014,2.29,1.84,-1.45,5.13,15,2561
5314508,Abijah Franklin,Furman,-2.93049,1.5,-1.43,-5.46,2.61,10,2561
5314511,Alex Wilkins,Furman,-3.10936,2.41,-0.7,-3.3,1.9,9,2020
5240419,Colin Hawkins,Gardner-Webb,-8.55561,1.79,-6.77,-10.25,-3.29,5,2652
5240417,Jacob Hudson,Gardner-Webb,-3.30675,2.97,-0.34,-2.48,1.81,6,2471
5177284,Ace Talbert,Gardner-Webb,-5.55841,1.6,-3.96,-8.07,0.14,10,2561
5241489,Jacob Hogarth,Gardner-Webb,-4.18704,1.82,-2.37,-5.28,0.55,3,3517
4895353,DJ Jefferson,Gardner-Webb,-7.81226,2.03,-5.79,-9.08,-2.5,17,3093
5180944,NaVuan Peterson,Gardner-Webb,-3.83588,2.11,-1.72,-5.21,1.76,17,3093
5313453,Jamias Ferere,Gardner-Webb,-8.34059,1.89,-6.45,-10.22,-2.67,7,2587
5313456,Riek Riek,Gardner-Webb,-7.96771,2.13,-5.83,-8.9,-2.77,17,3093
5313454,Spence Sims,Gardner-Webb,-5.94969,1.4,-4.55,-6.76,-2.35,14,3263
5313458,Curtis Williams III,Gardner-Webb,-6.69835,2.1,-4.6,-7.9,-1.3,17,3093
4848631,Malik Presley,George Mason,-1.09508,2.13,1.03,-2.3,4.37,17,3093
4897976,Dola Adebayo,George Mason,2.22012,3.02,5.24,2.75,7.74,6,2471
5241480,Fatt Hill,George Mason,-0.495018,1.84,1.34,-1.67,4.36,3,3517
5107269,Brayden O'Connor,George Mason,0.875447,1.83,2.7,-1.0,6.4,5,2652
5239595,Stas Sivka,George Mason,-1.82341,2.13,0.31,-2.81,3.43,17,3093
4433512,Jahari Long,George Mason,1.62939,2.3,3.93,1.38,6.49,11,2931
4838752,Riley Allenspach,George Mason,2.3796,1.22,3.6,-0.79,7.99,2,1900
5106714,Masai Troutman,George Mason,0.440477,1.89,2.33,-0.89,5.55,3,3517
5107703,Nick Ellington,George Mason,1.39301,2.24,3.64,0.69,6.58,15,2561
5175671,Kory Mincy,George Mason,2.42361,2.29,4.71,2.21,7.21,11,2931
5254317,Devin Booker,George Mason,-4.74597,1.63,-3.12,-7.67,1.43,10,2561
5196954,Emmanuel Kanga,George Mason,5.04039,2.57,7.61,4.19,11.04,13,1560
5177098,Jean Aranguren,George Washington,3.76283,2.98,6.74,4.6,8.88,6,2471
5106841,Tyrone Marshall Jr.,George Washington,4.76075,1.26,6.02,1.36,10.69,2,1900
4684443,Rafael Castro,George Washington,9.46067,2.53,11.99,9.76,14.22,0,1028
5174599,Trey Autry,George Washington,2.79825,2.5,5.3,2.45,8.15,12,2556
5144371,Ty Bevins,George Washington,0.166737,1.68,1.84,-2.48,6.17,10,2561
4685650,Christian Jones,George Washington,0.456933,2.3,2.75,0.12,5.38,11,2931
4898230,Garrett Johnson,George Washington,-0.366185,1.85,1.48,-1.6,4.56,3,3517
5105833,Luke Hunger,George Washington,-1.12368,1.84,0.72,-2.46,3.89,3,3517
5107176,Tre Dinkins,George Washington,0.040917,1.4,1.44,-0.77,3.65,14,3263
5176788,Bubu Benjamin,George Washington,1.53252,2.12,3.65,0.29,7.02,17,3093
4433265,Langston Love,Georgetown,-1.91819,2.13,0.21,-3.18,3.6,17,3093
5174952,KJ Lewis,Georgetown,5.28571,2.92,8.21,6.32,10.1,6,2471
5105641,Vince Iwuchukwu,Georgetown,2.42175,1.23,3.65,-0.92,8.23,2,1900
4848622,DeShawn Harris-Smith,Georgetown,1.78764,2.13,3.92,0.98,6.86,17,3093
5093403,Isaiah Abraham,Georgetown,1.95785,2.13,4.09,0.81,7.36,17,3093
4701222,Jeremiah Williams,Georgetown,-0.294465,1.8,1.51,-1.99,5.01,5,2652
5175952,Malik Mack,Georgetown,1.28896,1.34,2.63,0.76,4.5,1,3324
5061569,Caleb Williams,Georgetown,3.55657,2.51,6.06,3.2,8.93,12,2556
5240524,Julius Halaifonua,Georgetown,6.66241,1.25,7.91,3.23,12.59,2,1900
5101668,Kayvaun Mulready,Georgetown,4.17735,3.03,7.21,4.79,9.63,6,2471
5240521,Jayden Fort,Georgetown,2.35522,2.37,4.73,1.14,8.31,8,2224
5174661,Blue Cain,Georgia,6.91497,2.29,9.2,6.68,11.72,11,2931
5238204,Justin Abson,Georgia,9.56767,2.67,12.23,9.08,15.38,0,1028
5238203,Somtochukwu Cyril,Georgia,9.44098,2.61,12.05,8.86,15.24,13,1560
4895794,Dylan James,Georgia,2.04127,2.34,4.38,0.81,7.96,8,2224
5107490,Justin Bailey,Georgia,1.68359,1.44,3.12,0.77,5.48,14,3263
5176681,Marcus Millender,Georgia,3.79505,2.29,6.08,3.58,8.59,11,2931
4711402,Jordan Ross,Georgia,1.29571,1.46,2.75,0.52,4.98,1,3324
5165276,Jeremiah Wilkinson,Georgia,3.54297,2.28,5.83,3.44,8.21,11,2931
5243212,Kanon Catchings,Georgia,2.91687,1.84,4.76,1.68,7.83,3,3517
5144153,Kareem Stagg,Georgia,2.47313,2.49,4.96,1.86,8.06,12,2556
5142622,Jake Wilkins,Georgia,4.37391,1.4,5.78,1.1,10.45,2,1900
5174642,Tsvet Sotirov,Georgia Southern,-5.05952,2.12,-2.94,-6.36,0.49,17,3093
5239885,Nakavieon White,Georgia Southern,-2.11556,2.58,0.46,-2.44,3.37,9,2020
5107226,Tyren Moore,Georgia Southern,0.566225,2.28,2.84,0.45,5.24,11,2931
4898382,Alden Applewhite,Georgia Southern,0.755357,2.46,3.22,0.55,5.89,12,2556
4702464,Jefferson Koulibaly,Georgia Southern,-3.91096,1.65,-2.26,-6.49,1.97,10,2561
5175943,Andres Burney,Georgia Southern,0.178628,2.63,2.81,-0.65,6.26,13,1560
5312456,Shainen Carter,Georgia Southern,-1.3965,2.04,0.64,-2.42,3.7,16,1516
5312451,Khayri Dunn,Georgia Southern,-7.96564,1.4,-6.57,-8.69,-4.44,1,3324
5312457,Spudd Webb,Georgia Southern,2.41262,2.28,4.69,2.25,7.12,11,2931
5312449,Dwayne Williams Jr,Georgia Southern,-5.30759,1.6,-3.7,-7.91,0.5,10,2561
5242131,Owen Aquino,High Point,5.79047,1.26,7.05,2.5,11.6,2,1900
5106755,Vincent Brady II,High Point,-0.0964201,3.05,2.95,0.47,5.43,6,2471
4711705,Babacar Diallo,High Point,0.768358,2.76,3.53,0.46,6.61,9,2020
4896852,Scotty Washington,High Point,1.53938,2.49,4.03,1.05,7.01,12,2556
4432182,Cam'Ron Fletcher,High Point,2.18997,1.21,3.4,-1.0,7.8,2,1900
5107904,Rob Martin,High Point,0.762471,2.55,3.31,0.66,5.97,9,2020
5102797,Youssouf Singare,High Point,-1.94862,2.1,0.15,-3.01,3.31,16,1516
4612709,Chase Johnston,High Point,3.05094,2.52,5.57,2.53,8.6,12,2556
5241592,Braden Hausen,High Point,2.09876,2.51,4.61,1.59,7.62,12,2556
5241594,Josh Ibukunoluwa,High Point,3.83764,2.62,6.45,2.84,10.06,13,1560
5241590,Terry Anderson,High Point,4.73577,1.2,5.94,1.7,10.18,2,1900
5107198,Cruz Davis,Hofstra,3.17072,2.52,5.69,3.29,8.1,9,2020
5239632,Joshua DeCady,Hofstra,0.69845,2.12,2.82,-0.53,6.16,17,3093
4684984,Silas Sunday,Hofstra,4.05943,2.62,6.68,3.39,9.98,13,1560
5105719,German Plotnikov,Hofstra,3.93708,2.51,6.45,3.5,9.4,12,2556
5241495,Biggie Patterson,Hofstra,-2.63511,1.83,-0.8,-3.95,2.34,3,3517
4703169,Joshua Aaron Reaves,Hofstra,-1.6807,1.67,-0.01,-4.23,4.22,10,2561
5176061,A.J. Wills,Hofstra,-4.23611,1.46,-2.77,-5.14,-0.4,1,3324
5236222,Preston Edmead,Hofstra,2.8775,1.31,4.19,2.43,5.94,1,3324
5312163,Victory Onuetu,Hofstra,2.69032,2.62,5.31,2.39,8.24,0,1028
5176062,Joe Nugent,Holy Cross,-0.842319,2.48,1.63,-1.22,4.49,12,2556
5143603,Gabe Warren,Holy Cross,-1.86003,1.85,-0.01,-3.09,3.06,3,3517
5242942,Tyler Boston,Holy Cross,-1.6608,1.33,-0.33,-2.16,1.5,1,3324
5242945,Aidan Richard,Holy Cross,-4.93332,1.63,-3.3,-7.53,0.93,10,2561
5176063,Declan Ryan,Holy Cross,-7.08014,1.87,-5.21,-8.36,-2.06,3,3517
5176058,DeAndre Williams,Holy Cross,-5.62981,1.41,-4.21,-6.34,-2.09,1,3324
5252055,John St. Germain III,Holy Cross,-5.98095,1.46,-4.52,-6.83,-2.21,1,3324
5314484,Aiden Disu,Holy Cross,-4.15795,1.83,-2.32,-5.45,0.8,3,3517
5241376,Kylin Green,Houston Christian,-5.0754,1.74,-3.34,-6.47,-0.2,5,2652
5176325,Trent Johnson,Houston Christian,-0.116199,2.51,2.4,-0.46,5.26,12,2556
5107282,Elijah Brooks,Houston Christian,-4.53525,1.73,-2.81,-5.96,0.34,5,2652
4691165,Demari Williams,Houston Christian,-2.80756,1.85,-0.96,-4.09,2.18,3,3517
5242556,D'Aundre Samuels,Houston Christian,-2.92358,1.38,-1.54,-3.58,0.49,1,3324
4838718,Ahjany Lee,Houston Christian,0.883424,2.26,3.14,-0.05,6.33,15,2561
5243123,Demarco Bethea,Houston Christian,-2.93345,2.28,-0.65,-4.01,2.7,8,2224
5176766,Obadiah Curtis,Houston Christian,-5.43146,1.93,-3.5,-7.46,0.46,7,2587
5176950,Mambourou Mara,Houston Christian,0.153656,3.03,3.18,0.76,5.6,6,2471
5313498,Ryan Bartley,Houston Christian,-2.88558,1.42,-1.47,-3.65,0.72,14,3263
5060700,Joseph Tugler,Houston,13.6104,1.25,14.86,10.12,19.6,2,1900
5106272,Milos Uzan,Houston,5.3955,2.31,7.7,5.07,10.34,11,2931
5106058,Emanuel Sharp,Houston,8.66806,2.29,10.95,8.44,13.47,11,2931
4873086,Mercy Miller,Houston,7.4877,3.01,10.5,8.08,12.93,6,2471
4708176,Ramon Walker Jr.,Houston,4.03404,2.51,6.54,3.27,9.82,12,2556
5101660,Chase McCarty,Houston,7.41727,2.5,9.92,6.78,13.07,12,2556
5176274,Kalifa Sakho,Houston,7.20212,2.63,9.83,6.47,13.19,13,1560
5142621,Chris Cenac Jr.,Houston,6.28734,1.24,7.53,2.9,12.16,2,1900
5149077,Kingston Flemings,Houston,10.3482,2.54,12.89,10.44,15.34,9,2020
5041942,Isiah Harwell,Houston,4.02904,1.59,5.62,1.34,9.91,10,2561
4897768,Bryce Harris,Howard,3.1963,1.19,4.38,0.23,8.53,2,1900
5107986,Ose Okojie,Howard,1.91642,3.0,4.92,2.73,7.11,6,2471
5243100,Isaiah Brown,Howard,-7.74614,1.86,-5.89,-9.65,-2.13,5,2652
5176075,Cam Gillus,Howard,0.54796,2.71,3.26,0.69,5.83,9,2020
5175065,Alex Cotton,Howard,-0.516796,1.62,1.11,-2.97,5.19,10,2561
5192142,Cedric Taylor III,Howard,2.60154,1.19,3.79,-0.28,7.87,2,1900
4898226,Ed Holland III,Howard,-3.68597,2.08,-1.61,-4.85,1.64,16,1516
5316220,Travelle Bryson,Howard,-2.17345,1.86,-0.32,-3.51,2.88,3,3517
5316219,Danas Kazakevicius,Howard,-4.5734,2.0,-2.57,-6.4,1.26,7,2587
5239785,Micah Davis,IU Indianapolis,-3.85478,1.41,-2.45,-4.53,-0.37,1,3324
5107890,Jaxon Edwards,IU Indianapolis,-1.19716,1.22,0.02,-4.51,4.55,2,1900
5181934,Matt Compas,IU Indianapolis,-5.01702,1.39,-3.63,-5.74,-1.52,1,3324
5313212,Kyler D'Augustino,IU Indianapolis,-1.19778,2.27,1.07,-1.22,3.37,11,2931
5313207,Reece Hagy,IU Indianapolis,-3.78847,2.13,-1.66,-4.73,1.42,17,3093
5313215,Aiden Miller,IU Indianapolis,-3.02482,1.92,-1.11,-4.36,2.14,3,3517
5313213,Maguire Mitchell,IU Indianapolis,-0.944872,2.48,1.53,-1.38,4.44,12,2556
5313214,Kameron Tinsley,IU Indianapolis,-2.81539,1.4,-1.42,-3.66,0.82,14,3263
5313210,Finley Woodward,IU Indianapolis,-2.51948,1.71,-0.81,-3.88,2.26,5,2652
5313209,JP Dragas,IU Indianapolis,-3.31787,1.45,-1.87,-4.12,0.39,1,3324
5176324,Evan Otten,Idaho State,-0.62771,2.61,1.98,-1.03,4.99,0,1028
5241283,Connor Hollenbeck,Idaho State,-0.534927,1.83,1.3,-1.7,4.3,3,3517
5241286,Blake Daberkow,Idaho State,-4.17881,2.31,-1.87,-5.53,1.78,8,2224
5241282,Cheikh Sow,Idaho State,-2.73047,2.03,-0.7,-4.45,3.04,7,2587
5241308,Lachlan Brewer,Idaho State,-1.93071,2.51,0.58,-2.39,3.54,12,2556
4898348,Gus Etchison,Idaho State,1.26085,2.46,3.73,0.69,6.76,9,2020
5313171,Louis Bond,Idaho State,-4.37254,1.9,-2.47,-5.72,0.78,3,3517
5313166,Jamison Guerra,Idaho State,-2.94889,1.4,-1.55,-3.58,0.48,1,3324
5313170,Martin Kheil,Idaho State,-2.53664,1.43,-1.1,-3.32,1.12,14,3263
5313173,Caleb Van De Griend,Idaho State,-1.32424,1.24,-0.08,-4.4,4.23,2,1900
5174853,Seth Joba,Idaho,0.15567,2.28,2.43,-0.85,5.71,15,2561
5108917,Brody Rowbury,Idaho,1.65933,2.28,3.94,0.85,7.02,15,2561
5176318,Kolton Mitchell,Idaho,2.05425,1.35,3.4,1.53,5.28,1,3324
5176303,Kristian Gonzalez,Idaho,-1.40712,1.35,-0.05,-1.88,1.77,14,3263
5176305,Miles Klapper,Idaho,-1.17271,3.07,1.9,-0.63,4.44,6,2471
5107768,Isaiah Brickner,Idaho,-0.220375,1.82,1.6,-1.31,4.52,3,3517
5107563,Jack Payne,Idaho,1.11946,1.41,2.53,0.36,4.7,14,3263
5106590,Trevon Blassingame,Idaho,0.828242,2.51,3.34,0.25,6.44,12,2556
5177021,Biko Johnson,Idaho,0.575869,1.35,1.92,-0.0,3.85,1,3324
5237588,Jackson Rasmussen,Idaho,-1.46805,1.84,0.37,-2.66,3.4,3,3517
5177736,Ben Humrichous,Illinois,8.79765,2.51,11.31,8.3,14.32,12,2556
5214642,Tomislav Ivisic,Illinois,7.85617,2.46,10.31,7.59,13.03,12,2556
4684269,Kylan Boswell,Illinois,7.32276,2.29,9.61,7.05,12.18,11,2931
5176150,Jake Davis,Illinois,8.33145,2.51,10.84,7.8,13.89,12,2556
5175007,Andrej Stojakovic,Illinois,4.21116,1.83,6.04,3.06,9.02,3,3517
5174665,Zvonimir Ivisic,Illinois,10.4366,2.63,13.07,10.09,16.04,0,1028
5311832,David Mirkovic,Illinois,8.85105,1.19,10.04,5.79,14.29,2,1900
5254165,Keaton Wagler,Illinois,11.1599,2.25,13.41,11.24,15.58,11,2931
5106612,Landon Moore,Illinois State,-1.22665,2.12,0.89,-2.57,4.36,17,3093
5176354,Chase Walker,Illinois State,5.92092,1.23,7.15,3.05,11.26,2,1900
5176352,Johnny Kinziger,Illinois State,0.336793,1.39,1.72,-0.27,3.72,1,3324
4897478,Landon Wolf,Illinois State,3.85652,2.5,6.36,3.44,9.27,12,2556
5241373,Jack Daugherty,Illinois State,-5.85846,1.59,-4.27,-8.62,0.08,10,2561
5176351,Ty Pence,Illinois State,3.50868,2.46,5.97,3.16,8.78,12,2556
4684285,Brandon Lieb,Illinois State,1.25069,2.64,3.89,0.77,7.01,0,1028
4702671,Boden Skunberg,Illinois State,1.16601,1.4,2.57,0.42,4.72,14,3263
5313853,Ty'Reek Coleman,Illinois State,1.72708,2.3,4.02,1.38,6.66,11,2931
5313852,Mason Klabo,Illinois State,1.40289,2.49,3.9,0.85,6.94,12,2556
5106711,Love Bettis,Incarnate Word,-7.00914,1.62,-5.39,-9.74,-1.04,10,2561
5106716,Harold Woods,Incarnate Word,-0.528296,2.27,1.74,-1.09,4.57,15,2561
4896368,Tahj Staveskie,Incarnate Word,-0.774118,1.27,0.5,-1.2,2.2,1,3324
5176580,Marcus Glover,Incarnate Word,-0.141069,2.39,2.25,-1.26,5.75,8,2224
5176164,Davion Bailey,Incarnate Word,-1.58513,1.3,-0.29,-2.08,1.51,1,3324
5242568,Jordan Pyke,Incarnate Word,-0.261027,1.83,1.56,-1.39,4.52,3,3517
4869785,Jayden Williams,Incarnate Word,3.57315,2.65,6.22,3.02,9.42,0,1028
4683939,Tyler Simon,Incarnate Word,1.20399,2.37,3.58,0.25,6.9,11,2931
4897366,Lewis Rowe,Incarnate Word,-2.95049,2.04,-0.91,-4.17,2.36,7,2587
5313506,Esteban Mann,Incarnate Word,-13.557,1.41,-12.15,-15.93,-8.36,4,1464
5313507,Mihael Tomic,Incarnate Word,-3.03908,2.41,-0.63,-4.05,2.78,8,2224
5174935,Nick Dorn,Indiana,2.36409,2.5,4.86,1.82,7.9,12,2556
5107375,Sam Alexis,Indiana,9.14726,2.6,11.75,8.52,14.97,13,1560
5105865,Reed Bailey,Indiana,3.71813,1.28,5.0,0.26,9.74,2,1900
5176737,Tayton Conerway,Indiana,6.73409,2.62,9.36,6.63,12.08,9,2020
5143601,Jasai Miles,Indiana,-1.27328,2.02,0.75,-2.97,4.47,7,2587
4837238,Tucker DeVries,Indiana,6.95691,2.28,9.23,6.78,11.68,11,2931
4897451,Conor Enright,Indiana,3.23948,2.39,5.63,2.86,8.39,11,2931
5105876,Lamar Wilkerson,Indiana,6.12136,2.26,8.38,6.18,10.58,11,2931
5101827,Trent Sisley,Indiana,-0.865139,1.91,1.05,-2.22,4.32,3,3517
5108045,Markus Harding,Indiana State,-4.8899,2.24,-2.65,-5.51,0.21,15,2561
5176350,Derek Vorst,Indiana State,0.583536,2.25,2.83,0.01,5.65,15,2561
5241387,Bruno Alocen,Indiana State,-0.81236,2.1,1.29,-1.95,4.54,17,3093
5241385,Jayan Walker,Indiana State,-2.02698,3.1,1.07,-1.55,3.7,6,2471
5175821,Camp Wagner,Indiana State,-0.337738,1.37,1.03,-0.93,2.99,14,3263
5175049,Sterling Young,Indiana State,-4.53741,1.38,-3.15,-5.22,-1.09,1,3324
5190937,Xavier Hall,Indiana State,-3.14042,1.43,-1.72,-3.82,0.39,1,3324
5115354,Ian Scott,Indiana State,5.3353,1.19,6.53,2.21,10.84,2,1900
5313861,Enel St. Bernard,Indiana State,3.76371,2.61,6.38,3.07,9.68,13,1560
5313859,Jo Van Buggenhout,Indiana State,-2.85257,1.8,-1.06,-4.51,2.39,5,2652
4897054,CJ Anthony,Iona,0.329007,2.57,2.9,0.37,5.43,9,2020
5109787,Kosy Akametu,Iona,-4.10442,1.82,-2.28,-5.32,0.76,3,3517
5239768,Khalil Badru,Iona,-6.56811,1.98,-4.59,-7.58,-1.6,16,1516
5107259,Luke Jungers,Iona,-1.27144,2.51,1.23,-1.83,4.3,12,2556
4858602,Matt Reed,Iona,-6.70619,1.96,-4.75,-8.69,-0.8,7,2587
4602029,Keshawn Williams,Iona,-5.18804,2.09,-3.1,-6.2,-0.0,17,3093
4897691,Lamin Sabally,Iona,4.4458,1.18,5.63,1.3,9.95,2,1900
5105596,Denver Anglin,Iona,-3.33744,1.54,-1.8,-5.87,2.28,10,2561
4838705,Chase Cormier,Iona,-4.06584,1.67,-2.4,-6.73,1.94,10,2561
5110696,Toby Harris,Iona,-1.30893,2.48,1.17,-1.7,4.05,12,2556
5311752,Alliou Fall,Iona,-0.177973,2.04,1.86,-1.22,4.93,16,1516
5177211,Alvaro Folgueiras,Iowa,8.43833,1.27,9.71,5.12,14.3,2,1900
5176283,Cam Manyawu,Iowa,8.45734,2.6,11.06,7.71,14.4,13,1560
5241364,Bennett Stirtz,Iowa,7.35854,2.26,9.62,7.44,11.8,11,2931
5241366,Isaia Howard,Iowa,6.07717,3.04,9.12,6.67,11.56,6,2471
5176280,Kael Combs,Iowa,2.80246,2.36,5.16,2.32,8.01,11,2931
5241363,Tavion Banks,Iowa,4.88774,1.25,6.14,1.49,10.79,2,1900
4873203,Cooper Koch,Iowa,5.78154,2.51,8.29,5.33,11.25,12,2556
5105589,Brendan Hausen,Iowa,2.97988,1.42,4.4,2.05,6.76,14,3263
5311842,Tate Sage,Iowa,4.16143,2.47,6.64,3.58,9.69,12,2556
4870564,Joshua Jefferson,Iowa State,11.2303,1.18,12.41,8.57,16.24,2,1900
5106254,Tamin Lipsey,Iowa State,9.60719,2.63,12.23,9.72,14.75,9,2020
4848637,Milan Momcilovic,Iowa State,7.63581,2.48,10.11,7.43,12.8,12,2556
4703912,Nate Heise,Iowa State,6.05275,2.51,8.57,5.6,11.53,12,2556
5106790,Eric Mulder,Iowa State,2.5942,2.63,5.22,1.5,8.94,13,1560
5241380,Dominick Nelson,Iowa State,-1.17292,1.87,0.7,-2.4,3.8,3,3517
5079838,Blake Buchanan,Iowa State,9.80666,2.61,12.42,9.22,15.61,13,1560
5217196,Jamarion Batemon,Iowa State,1.9613,1.4,3.36,1.03,5.7,14,3263
5281369,Dominykas Pleta,Iowa State,6.08909,2.59,8.68,5.19,12.17,13,1560
5248302,Killyan Toure,Iowa State,5.8072,2.99,8.8,6.57,11.04,6,2471
5243345,Jalen Tatum,Jackson State,-5.65173,1.79,-3.86,-7.41,-0.31,5,2652
5243344,Dorian McMillian,Jackson State,-4.51488,1.39,-3.13,-5.14,-1.12,1,3324
5243343,Tamarion Hoover,Jackson State,-4.04497,2.51,-1.53,-4.62,1.55,12,2556
4897873,Jayme Mitchell Jr.,Jackson State,-3.12384,1.83,-1.29,-4.35,1.77,3,3517
5177579,Delyle Williams,Jackson State,-5.47727,1.42,-4.05,-7.27,-0.84,4,1464
4432638,Daeshun Ruffin,Jackson State,1.64575,2.35,3.99,1.5,6.49,9,2020
5105431,Devin Ree,Jackson State,-4.08614,2.12,-1.97,-5.37,1.43,17,3093
5107301,Dionjahe Thomas,Jackson State,-6.15705,1.95,-4.21,-7.99,-0.43,7,2587
5254840,Raevon Thomas,Jackson State,-4.74225,2.29,-2.45,-6.05,1.14,15,2561
5314766,Kobe Butler,Jackson State,-7.43501,2.04,-5.4,-8.71,-2.09,7,2587
5176296,Allen Udemadu,Jacksonville,-5.44232,2.33,-3.11,-6.71,0.49,8,2224
4845388,Jaylen Jones,Jacksonville,-2.43574,1.75,-0.69,-3.94,2.57,5,2652
5243204,Chris Arias,Jacksonville,-3.22944,1.39,-1.84,-4.1,0.43,14,3263
5243210,Enrico Borio,Jacksonville,-5.1014,2.11,-2.99,-6.49,0.51,17,3093
5164367,Malachi Brown,Georgia State,-2.20421,1.37,-0.84,-2.77,1.09,1,3324
4895747,Jelani Hamilton,Georgia State,1.08626,2.51,3.59,0.96,6.22,9,2020
5239902,Trey Scott III,Georgia State,-4.00682,2.12,-1.88,-5.25,1.49,17,3093
5180677,Anthony Enoh,Georgia State,-3.03278,1.99,-1.05,-4.92,2.83,7,2587
4895743,Jakai Newton,Georgia State,-3.99302,1.88,-2.12,-5.74,1.51,7,2587
5313071,Christian Beam,Georgia State,-4.88277,2.03,-2.86,-5.93,0.22,16,1516
5313070,Ayouba Berthe,Georgia State,-6.82222,1.6,-5.22,-9.47,-0.98,10,2561
5313069,Joah Chappelle,Georgia State,-2.21837,1.95,-0.26,-4.01,3.48,7,2587
5313068,Micah Tucker,Georgia State,-3.43253,1.38,-2.06,-4.02,-0.09,1,3324
5105607,Kam Craft,Georgia Tech,-0.69894,1.43,0.73,-1.53,2.99,14,3263
5061592,Peyton Marshall,Georgia Tech,-2.20357,2.57,0.37,-2.56,3.3,0,1028
4888733,Chas Kelley III,Georgia Tech,-1.97505,1.45,-0.52,-2.87,1.82,14,3263
5106284,Lamar Washington,Georgia Tech,0.832334,2.64,3.47,0.84,6.1,9,2020
5142356,Baye Ndongo,Georgia Tech,4.57308,1.2,5.77,1.45,10.09,2,1900
4683757,Kowacie Reeves Jr.,Georgia Tech,1.34454,2.44,3.79,1.12,6.45,12,2556
5060730,Jaeden Mustaf,Georgia Tech,-0.585798,1.86,1.28,-1.83,4.39,3,3517
5101784,Akai Fleming,Georgia Tech,-3.08513,1.4,-1.69,-3.76,0.38,1,3324
5172343,Cole Kirouac,Georgia Tech,-0.119279,2.62,2.5,-0.99,6.0,13,1560
5258494,Mouhamed Sylla,Georgia Tech,0.712737,2.56,3.28,0.67,5.88,0,1028
4703396,Graham Ike,Gonzaga,7.90046,1.17,9.07,5.18,12.95,2,1900
5176787,Emmanuel Innocenti,Gonzaga,7.02332,2.51,9.54,6.57,12.51,12,2556
4894445,Braden Huff,Gonzaga,8.80208,1.19,9.99,5.84,14.15,2,1900
4592579,Steele Venters,Gonzaga,3.56885,2.5,6.07,2.95,9.2,12,2556
5105672,Braeden Smith,Gonzaga,4.65491,2.79,7.45,4.58,10.32,9,2020
4700527,Tyon Grant-Foster,Gonzaga,4.37395,1.24,5.62,1.05,10.19,2,1900
4432175,Adam Miller,Gonzaga,2.60249,2.49,5.09,2.02,8.17,12,2556
4683147,Jalen Warley,Gonzaga,8.42079,3.03,11.45,9.18,13.72,6,2471
5196913,Davis Fogle,Gonzaga,7.03319,1.3,8.33,3.68,12.98,2,1900
5313012,Mario Saint-Supery,Gonzaga,5.80415,2.71,8.52,5.77,11.27,9,2020
5239582,Jamil Muttilib,Grambling,-0.470208,2.45,1.98,-0.85,4.82,12,2556
5176741,Randarius Jones,Grambling,-6.48912,2.33,-4.16,-7.76,-0.55,8,2224
5112181,Rickey Ballard,Grambling,0.754582,1.43,2.19,-0.07,4.45,14,3263
5177557,Roderick Coffee III,Grambling,0.605838,2.68,3.29,0.69,5.89,9,2020
4700968,Derrius Ward,Grambling,-2.63574,1.4,-1.23,-3.29,0.82,1,3324
4710427,P.J. Edwards,Grambling,-6.88852,1.42,-5.47,-9.44,-1.5,4,1464
5176661,Saliou Seye,Grambling,-2.79048,2.03,-0.76,-3.91,2.39,16,1516
5259011,Devyn Franklin,Grambling,-4.68373,1.97,-2.72,-6.56,1.13,7,2587
5112187,Jimel Lane,Grambling,-3.12295,1.9,-1.23,-4.96,2.51,7,2587
5314748,Mekhi Fitts,Grambling,-5.67013,2.26,-3.41,-6.39,-0.42,15,2561
5314746,Antonio Munoz,Grambling,-5.17821,1.81,-3.36,-6.6,-0.13,7,2587
4685662,Dusty Stromer,Grand Canyon,0.223809,1.6,1.82,-2.25,5.9,10,2561
4898210,Nana Owusu-Anane,Grand Canyon,7.18949,3.05,10.24,8.06,12.42,6,2471
5107895,Brian Moore Jr.,Grand Canyon,0.891642,2.32,3.21,0.47,5.96,11,2931
5176662,Makaih Williams,Grand Canyon,3.75271,2.28,6.04,3.58,8.49,11,2931
5107860,Caleb Shaw,Grand Canyon,2.88072,2.47,5.35,2.45,8.26,12,2556
4872744,Dennis Evans,Grand Canyon,6.56149,2.65,9.22,6.03,12.4,0,1028
5107153,Kaleb Smith,Grand Canyon,-3.50549,1.9,-1.61,-4.97,1.75,3,3517
5105821,Jaden Henley,Grand Canyon,4.32252,2.9,7.22,5.48,8.97,6,2471
4433600,Wilhelm Breidenbach,Grand Canyon,2.51558,3.07,5.59,2.98,8.2,6,2471
5313911,Efe Demirel,Grand Canyon,3.80913,2.6,6.41,3.1,9.73,13,1560
5176814,Marcus Hall,Green Bay,1.16664,2.46,3.63,1.02,6.23,12,2556
4897485,Preston Ruedinger,Green Bay,2.30548,2.3,4.61,2.13,7.09,11,2931
5241635,C.J. O'Hara,Green Bay,0.399207,2.24,2.64,-0.02,5.29,15,2561
5176812,Mac Wrecke,Green Bay,-2.99082,2.12,-0.87,-4.2,2.47,17,3093
5241637,Caden Wilkins,Green Bay,-1.16015,1.42,0.26,-1.96,2.49,14,3263
5313196,Justin Allen,Green Bay,-1.47792,1.82,0.34,-2.5,3.19,3,3517
5313193,Ramel Bethea,Green Bay,5.6327,2.67,8.3,5.2,11.4,0,1028
5313199,Maruan Cicic,Green Bay,-6.21031,2.05,-4.16,-7.25,-1.07,16,1516
5313200,LeBron Thomas,Green Bay,-4.54042,2.32,-2.23,-5.9,1.45,8,2224
4896367,Xzavier Long,Hampton,0.773722,1.92,2.69,-0.73,6.12,7,2587
5239644,Daniel Johnson,Hampton,-2.33248,1.85,-0.49,-3.71,2.74,3,3517
5176756,Etienne Strothers,Hampton,-2.59377,1.81,-0.78,-4.37,2.81,5,2652
5239645,Eunique Rink,Hampton,-1.04999,2.62,1.57,-1.96,5.11,13,1560
4879743,Elijah Kennedy,Hampton,-1.65659,3.02,1.37,-1.09,3.82,6,2471
5107807,Michael Eley,Hampton,0.923953,2.28,3.21,0.71,5.7,11,2931
4684735,Christian Watson,Hampton,-5.30699,2.08,-3.23,-6.48,0.02,17,3093
5105896,Peter Oduro,Hampton,-6.30154,2.26,-4.04,-7.57,-0.52,15,2561
4433231,Josh Ogundele,Hampton,-1.39476,2.24,0.84,-2.05,3.74,15,2561
5177538,Jalyke Gaines-Wyatt,Hampton,-5.37134,1.35,-4.02,-6.0,-2.03,1,3324
5107203,Kody Williams,Hampton,-6.03407,1.64,-4.39,-8.77,-0.02,10,2561
5312156,Quintin Cooper,Hampton,-11.9736,1.34,-10.63,-13.74,-7.52,4,1464
5312155,Aidan Haskins,Hampton,-4.37289,1.67,-2.71,-6.93,1.52,10,2561
5175955,Luca Ace-Nasteski,Harvard,-3.42264,2.07,-1.35,-4.61,1.91,16,1516
5175954,Thomas Batties III,Harvard,3.36692,1.86,5.23,2.22,8.23,3,3517
5061572,Robert Hinton,Harvard,-0.202753,1.8,1.6,-1.13,4.34,3,3517
4902967,Chandler Pigge,Harvard,1.37318,2.94,4.32,2.36,6.27,6,2471
5241728,Tey Barbour,Harvard,1.24672,2.47,3.72,1.02,6.42,12,2556
5241727,Austin Hunt,Harvard,-0.981635,2.49,1.51,-1.46,4.48,12,2556
5241725,Ben Eisendrath,Harvard,-1.92442,1.84,-0.08,-3.55,3.39,5,2652
5313716,Frankie Mannino,Harvard,0.597045,2.63,3.23,-0.43,6.88,13,1560
4702598,Yacine Toumi,Hawai'i,-0.905133,2.31,1.4,-2.21,5.01,8,2224
5107607,Jalen Myers,Hawai'i,1.48337,1.48,2.96,-1.73,7.66,2,1900
5106877,Dre Bullock,Hawai'i,2.6272,2.94,5.57,3.6,7.54,6,2471
4701217,Hunter Erickson,Hawai'i,0.488391,1.78,2.26,-0.96,5.49,5,2652
4898118,Isaac Johnson,Hawai'i,4.79792,1.23,6.03,1.76,10.31,2,1900
5107204,Harry Rouhliadeff,Hawai'i,2.7462,2.25,5.0,2.23,7.77,15,2561
5175369,Gytis Nemeiksa,Hawai'i,0.514772,1.88,2.39,-0.83,5.62,3,3517
5241898,Aaron Hunkin-Claytor,Hawai'i,-1.50399,1.84,0.33,-3.0,3.66,5,2652
5105472,Isaac Finlinson,Hawai'i,-0.0143887,2.25,2.24,-0.65,5.12,15,2561
5107841,Isaiah Kerr,Hawai'i,0.3587,2.1,2.46,-0.81,5.73,17,3093
5174957,Conrad Martinez,High Point,0.741402,2.32,3.06,0.33,5.8,11,2931
5179287,Donovan Rivers,Jacksonville,-5.2762,2.26,-3.01,-6.43,0.41,8,2224
5108085,Jason Thirdkill Jr.,Jacksonville,0.451942,2.26,2.71,-0.17,5.6,15,2561
4683768,Chris Lockett Jr.,Jacksonville,-1.23679,1.41,0.17,-1.94,2.28,1,3324
5122260,Jaylen Jordon,Jacksonville,-5.23842,2.34,-2.9,-6.47,0.67,8,2224
5313677,Charles Caporaso,Jacksonville,-1.36127,2.34,0.98,-2.61,4.56,8,2224
5313678,Evan Sterck,Jacksonville,-2.84228,1.81,-1.03,-4.51,2.45,5,2652
5313674,Hayden Wood,Jacksonville,0.000193262,1.38,1.38,-0.65,3.41,14,3263
5106456,Jamar Franklin,Jacksonville State,-2.06631,1.6,-0.47,-4.56,3.63,10,2561
5105645,Iaroslav Niagu,Jacksonville State,2.05317,2.66,4.71,1.61,7.82,0,1028
4703415,Marcus Fitzgerald Jr.,Jacksonville State,-1.24584,1.45,0.2,-2.16,2.56,14,3263
5060718,Jaye Nash,Jacksonville State,-2.95098,1.81,-1.14,-4.66,2.38,5,2652
5240082,Mostapha El Moutaouakkil,Jacksonville State,-3.90307,1.75,-2.15,-4.56,0.25,3,3517
5108777,Toby Nnadozie,Jacksonville State,-1.09859,3.0,1.9,-0.62,4.41,6,2471
5107805,Thomas Tut,Jacksonville State,-9.30629,1.41,-7.89,-11.57,-4.22,4,1464
5177521,AC Bryant,Jacksonville State,1.54267,1.39,2.94,0.81,5.07,14,3263
5312342,Emondrek Erkins-Ford,Jacksonville State,1.56822,2.24,3.81,0.98,6.65,15,2561
5312340,Jacoby Hill,Jacksonville State,1.14608,2.32,3.47,0.75,6.19,11,2931
5241759,Paul Jones III,James Madison,-5.64009,1.6,-4.04,-8.38,0.29,10,2561
4684746,Justin Taylor,James Madison,-4.92592,2.05,-2.87,-5.91,0.17,7,2587
5177359,Eddie Ricks III,James Madison,1.99354,2.29,4.28,0.94,7.61,15,2561
5177352,Bradley Douglas,James Madison,-3.16807,1.34,-1.83,-3.73,0.07,1,3324
5105279,Paul Lewis,James Madison,-3.96804,2.09,-1.88,-5.32,1.57,17,3093
5177286,Eli Wilborn,James Madison,0.7409,2.59,3.33,-0.25,6.91,13,1560
5176669,Cliff Davis,James Madison,1.51251,2.29,3.8,1.27,6.33,11,2931
4684158,Ike Cornish,James Madison,-5.14202,1.57,-3.57,-7.69,0.54,10,2561
4685664,Justin McBride,James Madison,-0.491265,1.8,1.31,-1.45,4.08,3,3517
5252289,Kose Egbule,James Madison,-4.3311,1.82,-2.51,-6.08,1.07,5,2652
5313093,Christian Brown,James Madison,2.15135,2.65,4.8,1.67,7.93,0,1028
5313096,Preston Fowler,James Madison,0.23761,2.51,2.74,-0.26,5.75,12,2556
5313098,Gabe Newhof,James Madison,-2.5258,2.3,-0.23,-3.66,3.2,8,2224
5174654,Addarin Scott,Kansas City,-6.65807,1.99,-4.67,-7.69,-1.64,16,1516
5177741,Jayson Petty,Kansas City,-2.87406,1.41,-1.46,-3.54,0.62,1,3324
5241652,Kasheem Grady II,Kansas City,-4.77954,1.41,-3.37,-5.47,-1.27,1,3324
5241488,Kernan Bundy,Kansas City,-0.374994,1.66,1.28,-3.14,5.71,10,2561
5205881,Babacar Mbengue,Kansas City,-6.23054,2.07,-4.16,-7.38,-0.94,16,1516
5107872,Jerome Palm,Kansas City,-5.35815,1.93,-3.42,-7.08,0.23,7,2587
5108143,Chris Dockery,Kansas City,-5.65671,2.25,-3.41,-6.27,-0.55,15,2561
5314677,Trey Booker-Lowery,Kansas City,-10.7482,1.88,-8.87,-12.49,-5.25,7,2587
5314674,Karmello Branch,Kansas City,-6.34886,1.38,-4.97,-7.02,-2.92,14,3263
5314676,Jamaria Clark,Kansas City,-8.98772,1.61,-7.38,-11.76,-3.0,10,2561
5314675,CJ Evans,Kansas City,-7.08288,1.76,-5.32,-8.48,-2.16,5,2652
5044426,Flory Bidunga,Kansas,11.6163,2.58,14.19,11.77,16.62,0,1028
5103571,Jamari McDowell,Kansas,3.59867,1.47,5.07,2.64,7.5,14,3263
4872739,Elmarko Jackson,Kansas,2.44396,1.85,4.3,0.68,7.91,5,2652
5177301,Melvin Council Jr.,Kansas,4.43076,2.61,7.04,4.5,9.58,9,2020
5105643,Tre White,Kansas,6.13565,1.84,7.97,5.02,10.92,3,3517
5105964,Jayden Dawson,Kansas,2.60803,1.46,4.07,1.56,6.57,14,3263
5041955,Darryn Peterson,Kansas,7.78055,2.26,10.04,7.87,12.2,11,2931
5291864,Kohl Rosario,Kansas,3.87258,2.5,6.37,3.17,9.58,12,2556
5041958,Bryson Tiller,Kansas,3.20306,2.25,5.45,2.65,8.26,15,2561
4897715,Khamari McGriff,Kansas State,5.62359,2.6,8.22,4.99,11.45,13,1560
5174959,Abdi Bashir Jr.,Kansas State,1.816,1.38,3.19,1.24,5.14,14,3263
5242561,Marcus Johnson,Kansas State,-2.27127,1.87,-0.4,-3.44,2.64,3,3517
4898278,Nate Johnson,Kansas State,5.45395,2.28,7.74,5.3,10.17,11,2931
5106275,P.J. Haggerty,Kansas State,1.4704,2.4,3.87,1.54,6.2,9,2020
5107878,C.J. Jones,Kansas State,-2.56456,1.63,-0.94,-5.34,3.47,10,2561
5106266,Taj Manning,Kansas State,3.69328,2.29,5.98,2.49,9.48,15,2561
4869768,David Castillo,Kansas State,-2.13734,1.41,-0.73,-2.86,1.41,14,3263
5311921,Dorin Buca,Kansas State,1.71838,2.63,4.34,1.23,7.46,0,1028
5311923,Andrej Kostic,Kansas State,-1.07781,1.4,0.32,-2.0,2.64,14,3263
5311919,Elias Rapieque,Kansas State,2.89327,3.07,5.96,3.47,8.44,6,2471
5107296,Perry Smith Jr.,Kennesaw State,-1.76436,2.39,0.62,-2.86,4.11,8,2224
5132733,Davin Cosby Jr.,Kennesaw State,0.518901,2.08,2.6,-0.84,6.04,17,3093
5176770,Jaden Harris,Kennesaw State,-1.45516,1.62,0.17,-3.91,4.24,10,2561
5242126,Braedan Lue,Kennesaw State,1.39265,1.85,3.24,0.09,6.39,3,3517
5106660,Simeon Cottle,Kennesaw State,1.08019,2.51,3.59,1.08,6.09,9,2020
5176187,Frankquon Sherman,Kennesaw State,3.38579,1.23,4.62,0.04,9.19,2,1900
5101667,Ramone Seals,Kennesaw State,-1.29186,1.88,0.59,-2.67,3.84,3,3517
5176186,RJ Johnson,Kennesaw State,0.816459,2.6,3.42,0.81,6.03,9,2020
5312345,Kaden Rickard,Kennesaw State,-1.13725,1.81,0.67,-2.88,4.23,5,2652
5312350,Trey Simpson,Kennesaw State,1.17092,2.28,3.45,0.34,6.56,15,2561
5312348,Amir Taylor,Kennesaw State,0.993993,2.24,3.24,0.4,6.07,15,2561
5312344,Darius Washington III,Kennesaw State,-3.57007,1.82,-1.75,-5.34,1.83,5,2652
4683765,Rayvon Griffith,Kent State,-1.37499,2.11,0.74,-2.65,4.12,17,3093
5176400,Jahari Williamson,Kent State,2.12041,1.44,3.56,1.36,5.76,14,3263
5174637,Cian Medley,Kent State,-3.29631,1.74,-1.55,-4.68,1.57,5,2652
4593739,Morgan Safford,Kent State,1.28611,1.85,3.14,0.12,6.16,3,3517
5108093,Delrecco Gillespie,Kent State,1.96987,1.17,3.14,-0.77,7.05,2,1900
5108091,Magnus Entenmann,Kent State,0.0877034,2.29,2.37,-1.31,6.05,15,2561
5176262,Rob Whaley Jr.,Kent State,-1.12885,2.25,1.12,-1.62,3.85,15,2561
5313326,Dezmon Briscoe,Kent State,-0.247402,2.04,1.8,-1.31,4.91,16,1516
5313324,Quinn Woidke,Kent State,1.35979,2.33,3.69,0.9,6.47,11,2931
4895780,Mouhamed Dioubate,Kentucky,7.68694,1.25,8.94,4.2,13.69,2,1900
5105527,Denzel Aberdeen,Kentucky,3.05876,2.29,5.35,2.8,7.91,11,2931
5106270,Otega Oweh,Kentucky,4.83162,2.92,7.75,5.94,9.55,6,2471
5175592,Trent Noah,Kentucky,3.82678,1.45,5.27,2.87,7.68,14,3263
4711306,Brandon Garrison,Kentucky,5.82419,2.63,8.45,5.46,11.45,0,1028
5238207,Collin Chandler,Kentucky,5.79472,2.34,8.14,5.4,10.87,11,2931
4684270,Jaland Lowe,Kentucky,2.04318,2.57,4.61,1.59,7.64,9,2020
4873183,Kam Williams,Kentucky,4.91894,2.51,7.43,4.37,10.48,12,2556
5101845,Jayden Quaintance,Kentucky,8.83929,2.59,11.43,8.54,14.32,0,1028
5281347,Andrija Jelavić,Kentucky,3.3417,2.25,5.59,2.61,8.57,15,2561
5041937,Cayden Boozer,Duke,4.75247,2.33,7.08,4.31,9.85,11,2931
5144124,Nikolas Khamenia,Duke,5.55131,2.51,8.06,5.02,11.09,12,2556
5287474,Dame Sarr,Duke,5.86094,3.06,8.92,6.5,11.35,6,2471
5240353,Jimmie Williams,Duquesne,3.34697,2.27,5.62,3.22,8.02,11,2931
4432897,John Hugley IV,Duquesne,-1.47026,1.84,0.37,-2.66,3.4,3,3517
5243000,Tarence Guinyard,Duquesne,2.51922,2.59,5.11,2.64,7.58,9,2020
5174582,Jakub Necas,Duquesne,2.40057,3.05,5.45,3.13,7.78,6,2471
5105881,David Dixon,Duquesne,6.88867,2.59,9.48,6.75,12.21,0,1028
4897708,Maximus Edwards,Duquesne,-3.25231,1.41,-1.85,-3.98,0.29,1,3324
5174586,Jake DiMichele,Duquesne,-1.04021,1.46,0.42,-2.01,2.85,14,3263
4897466,Cam Crawford,Duquesne,-2.40183,2.13,-0.28,-3.58,3.03,17,3093
4897383,Alex Williams,Duquesne,0.419719,1.84,2.26,-0.84,5.36,3,3517
5239529,Brandon Hall,Duquesne,-2.57292,1.66,-0.91,-5.18,3.36,10,2561
5311858,Jakub Necas,Duquesne,1.88899,2.27,4.16,1.0,7.31,15,2561
5242592,Isaiah Mbeng,East Carolina,-4.19575,1.86,-2.34,-5.88,1.2,5,2652
4683942,Jordan Riley,East Carolina,1.13053,2.4,3.53,1.1,5.97,9,2020
5239834,Reid Cason,East Carolina,0.862831,2.65,3.52,0.36,6.68,0,1028
5239833,Tybo Bailey,East Carolina,-5.21843,1.57,-3.64,-7.78,0.49,10,2561
5239830,Jayshayne Woodard,East Carolina,1.25697,3.03,4.29,1.79,6.78,6,2471
4896939,Giovanni Emejuru,East Carolina,1.29423,2.59,3.88,0.87,6.9,13,1560
4858612,Eli DeLaurier,East Carolina,-5.44442,1.94,-3.5,-7.37,0.37,7,2587
5243062,Luke Davis,East Carolina,-1.215,2.39,1.17,-2.4,4.74,8,2224
5252053,Demitri Gardner,East Carolina,-1.83551,1.4,-0.44,-2.63,1.76,14,3263
5312050,Corey Caulker,East Carolina,-3.87722,1.58,-2.3,-6.2,1.6,10,2561
4873137,Brayden Crump,East Tennessee State,-3.84435,2.13,-1.72,-4.91,1.47,17,3093
5107271,Cam Morris III,East Tennessee State,3.4505,1.22,4.67,0.26,9.08,2,1900
4897387,Allen Strothers,East Tennessee State,-2.21507,1.87,-0.34,-3.8,3.11,5,2652
4845380,Maki Johnson,East Tennessee State,1.39682,2.51,3.91,0.87,6.95,12,2556
4711273,Gabe Sisk,East Tennessee State,-2.14812,3.02,0.87,-1.59,3.34,6,2471
5176209,Jaylen Smith,East Tennessee State,-1.88342,1.39,-0.5,-2.52,1.53,1,3324
4873161,Jordan McCullum,East Tennessee State,-0.0289274,2.25,2.22,-0.63,5.07,15,2561
5174800,Blake Barkley,East Tennessee State,-0.905907,1.21,0.3,-4.16,4.77,2,1900
4704090,Milton Matthews III,East Tennessee State,-1.25515,1.42,0.17,-2.14,2.48,14,3263
5106766,Brian Taylor II,East Tennessee State,-1.16336,2.28,1.12,-1.34,3.57,11,2931
5314499,Isaiah Sutherland,East Tennessee State,-4.27896,1.43,-2.85,-5.18,-0.51,14,3263
4897854,Michael Folarin,East Texas A&M,-6.90105,1.96,-4.94,-7.85,-2.03,16,1516
5176553,London Fields,East Texas A&M,-5.68745,1.64,-4.04,-8.33,0.24,10,2561
4702889,Josh Taylor,East Texas A&M,-2.48272,2.25,-0.23,-3.24,2.78,15,2561
5176688,Evan Phelps,East Texas A&M,-8.16146,1.43,-6.73,-10.39,-3.07,4,1464
4708219,Tay Mosher,East Texas A&M,-3.45645,2.12,-1.34,-4.73,2.06,17,3093
5243119,Mykol Sanchez-Vega,East Texas A&M,-1.82277,2.1,0.27,-3.29,3.84,17,3093
5241435,Ronnie Harrison,East Texas A&M,-1.46959,1.81,0.34,-2.45,3.13,3,3517
4431815,Gianni Hunt,East Texas A&M,0.079087,2.64,2.72,0.11,5.33,9,2020
5250755,Damian Garcia,East Texas A&M,-1.82116,2.04,0.22,-2.98,3.42,17,3093
5107219,Vinny Sigona,East Texas A&M,-4.89985,1.4,-3.5,-5.73,-1.27,14,3263
5313493,Noah Pagotto,East Texas A&M,1.21561,2.25,3.47,0.7,6.24,15,2561
4898343,Kooper Jacobi,Eastern Illinois,-2.89717,1.88,-1.02,-4.54,2.51,7,2587
5242420,Zion Fruster,Eastern Illinois,-4.24686,1.33,-2.92,-4.8,-1.03,1,3324
5242423,Terry McMorris,Eastern Illinois,-1.2765,1.95,0.67,-2.11,3.46,16,1516
5177742,Malik Olafioye,Eastern Illinois,-9.34048,1.39,-7.95,-11.09,-4.8,4,1464
4901611,Nazareth Fisher,Eastern Illinois,-4.12497,2.35,-1.77,-5.28,1.73,8,2224
4897987,Andre Washington,Eastern Illinois,-7.43415,1.51,-5.92,-9.81,-2.04,10,2561
5311583,Andrew Austin,Eastern Illinois,-8.5103,2.11,-6.4,-9.94,-2.85,17,3093
5311579,Markus Blackwell,Eastern Illinois,-8.68763,1.59,-7.09,-11.3,-2.89,10,2561
5311581,Prince Johnson,Eastern Illinois,-4.95455,2.08,-2.87,-6.1,0.36,16,1516
5311582,Preston Turner,Eastern Illinois,-4.81707,1.41,-3.41,-5.59,-1.23,14,3263
5311580,Meechie White,Eastern Illinois,-0.00916995,2.7,2.69,-0.03,5.41,9,2020
4898333,Montavious Myrick,Eastern Kentucky,-1.95218,2.29,0.34,-2.88,3.55,8,2224
5106707,Jackson Holt,Eastern Kentucky,-2.64313,1.43,-1.21,-3.42,0.99,14,3263
5239788,Yvens Paul,Eastern Kentucky,-3.05787,2.62,-0.43,-3.9,3.03,13,1560
5106705,Turner Buttry,Eastern Kentucky,-3.4746,1.43,-2.04,-4.17,0.09,1,3324
5239786,Jayden Harris,Eastern Kentucky,-5.3975,1.85,-3.55,-6.65,-0.44,3,3517
5242400,Juan Cranford Jr.,Eastern Kentucky,-4.00477,1.37,-2.63,-4.64,-0.62,14,3263
4895779,Austin Ball,Eastern Kentucky,-4.15846,1.4,-2.75,-5.02,-0.49,14,3263
4909271,Jalen Cooper,Eastern Kentucky,-2.57424,2.25,-0.33,-3.13,2.47,15,2561
5313633,Tyler Jackson,Eastern Kentucky,-3.34439,1.36,-1.99,-4.02,0.05,1,3324
5313634,MJ Williams,Eastern Kentucky,-0.48506,2.61,2.12,-0.59,4.83,9,2020
5176182,Aidan Rubio,Eastern Michigan,-2.44083,2.1,-0.34,-3.8,3.12,17,3093
5107246,Mak Manciel,Eastern Michigan,-3.22227,1.39,-1.84,-4.09,0.42,14,3263
5240017,Mehki Ellison,Eastern Michigan,-4.47237,1.84,-2.63,-6.3,1.04,5,2652
4592404,Addison Patterson,Eastern Michigan,1.91902,1.2,3.12,-1.24,7.48,2,1900
5176794,Jon Sanders II,Eastern Michigan,-4.55003,1.42,-3.13,-5.35,-0.9,1,3324
5242935,Godslove Nwabude,Eastern Michigan,2.46237,2.67,5.13,2.13,8.13,0,1028
4703097,John Shanu II,Eastern Michigan,-4.82184,2.1,-2.72,-5.94,0.51,16,1516
5242937,Mohammad Habhab,Eastern Michigan,-0.048113,1.82,1.77,-1.31,4.86,7,2587
5175028,Braelon Green,Eastern Michigan,-3.54325,2.13,-1.42,-4.69,1.86,17,3093
5176654,Carlos Hart,Eastern Michigan,0.146804,1.82,1.97,-0.95,4.89,3,3517
5313308,Gregory Lawson II,Eastern Michigan,-4.50397,1.4,-3.1,-5.42,-0.79,14,3263
5176321,Kiree Huie,Eastern Washington,-1.9326,2.24,0.31,-2.94,3.56,8,2224
5241269,Jojo Anderson,Eastern Washington,-2.01375,1.43,-0.58,-2.76,1.59,1,3324
5175374,Emmett Marquardt,Eastern Washington,0.814076,2.48,3.3,0.23,6.37,12,2556
5241164,Elijah Thomas,Eastern Washington,-0.883381,2.13,1.25,-2.03,4.53,17,3093
4684146,Tyler Powell,Eastern Washington,0.0363039,2.51,2.54,-0.58,5.67,12,2556
5176412,Isaiah Moses,Eastern Washington,-0.0863991,1.28,1.19,-0.52,2.91,1,3324
4708534,Johnny Radford,Eastern Washington,-0.615379,1.58,0.96,-3.12,5.05,10,2561
5313112,Alton Hamilton IV,Eastern Washington,4.12964,1.2,5.33,0.96,9.71,2,1900
5313111,Straton Rogers,Eastern Washington,2.4736,2.29,4.76,1.38,8.15,15,2561
5313110,Cole Scherer,Eastern Washington,-3.48423,1.59,-1.89,-6.24,2.45,10,2561
5174938,Isaac Harrell,Elon,-0.869939,2.51,1.64,-1.36,4.64,12,2556
5174940,Ned Hull,Elon,-3.85491,1.46,-2.4,-4.78,-0.02,14,3263
5175741,Chandler Cuthrell,Elon,-1.35118,1.76,0.41,-2.02,2.83,3,3517
4873194,Caleb Middleton,Elon,-1.2502,2.35,1.1,-2.47,4.67,8,2224
5239594,Bryson Cokley,Elon,-1.77975,1.38,-0.4,-2.41,1.61,14,3263
5177193,Randall Pettus II,Elon,-2.9502,1.39,-1.56,-3.6,0.48,1,3324
4897053,Kacper Klaczek,Elon,2.4909,1.21,3.7,-0.75,8.15,2,1900
4702777,Ja'Juan Carr,Elon,-3.31529,1.42,-1.9,-3.98,0.19,1,3324
5101807,DeMarco Johnson,Elon,-2.3931,3.06,0.66,-1.81,3.14,6,2471
4433286,AJ Casey,Evansville,1.74686,1.22,2.96,-1.41,7.33,2,1900
5095153,Jasper Johnson,Kentucky,-1.51424,1.41,-0.11,-2.28,2.07,1,3324
5101849,Malachi Moreno,Kentucky,8.58588,2.6,11.19,8.46,13.92,0,1028
5106715,Rashad King,LSU,1.39507,2.1,3.49,0.19,6.8,17,3093
4895795,Mike Nwoko,LSU,3.79597,2.49,6.29,3.26,9.32,13,1560
5107264,Marquel Sutton,LSU,2.18167,1.86,4.04,1.01,7.08,3,3517
4702000,PJ Carter,LSU,-0.427287,1.42,0.99,-1.34,3.33,14,3263
4873093,Dedan Thomas Jr.,LSU,4.97472,2.55,7.53,5.04,10.01,9,2020
4897898,Pablo Tamba,LSU,7.37102,2.64,10.01,6.86,13.16,13,1560
5105534,Jalen Reed,LSU,0.184602,2.24,2.43,-0.28,5.14,15,2561
5061596,Robert Miller III,LSU,7.43561,2.62,10.06,6.67,13.44,13,1560
5105785,Max Mackinnon,LSU,0.68426,1.35,2.03,0.14,3.93,1,3324
5101776,Jalen Reece,LSU,-0.619953,1.83,1.21,-2.28,4.69,5,2652
5174292,Rob Dockery,La Salle,3.78576,2.93,6.71,4.8,8.63,6,2471
5108930,Jerome Brewer Jr.,La Salle,0.994333,2.47,3.46,0.6,6.33,12,2556
5107261,Jaeden Marshall,La Salle,-1.52534,1.38,-0.15,-2.22,1.93,14,3263
4432204,Noah Collier,La Salle,1.24382,1.43,2.67,-1.86,7.2,2,1900
5240616,Jaden Johnson,La Salle,-3.17657,1.4,-1.77,-4.73,1.19,4,1464
5107507,Justin Archer,La Salle,1.15576,2.34,3.5,0.07,6.93,8,2224
5106607,Josiah Harris,La Salle,-4.56912,2.26,-2.31,-5.77,1.14,8,2224
4703804,Truth Harris,La Salle,-0.246926,1.59,1.34,-2.81,5.49,10,2561
5177260,Eric Acker,La Salle,-3.67717,1.82,-1.86,-5.46,1.75,5,2652
5239811,Damon Strand,La Salle,-2.04855,1.62,-0.43,-4.77,3.91,10,2561
5175408,Bowyn Beatty,La Salle,-4.61974,1.97,-2.65,-6.72,1.42,7,2587
5311865,Edwin Daniel,La Salle,2.40682,2.63,5.03,1.92,8.15,0,1028
5311863,Nas Hart,La Salle,-8.74619,2.01,-6.74,-10.7,-2.79,7,2587
5311862,Ashton Walker,La Salle,0.132593,1.76,1.89,-1.48,5.26,5,2652
5176068,Joshua Wyche,Lafayette,-4.7826,1.98,-2.81,-6.75,1.14,7,2587
5176065,Mark Butler,Lafayette,-4.90652,1.41,-3.5,-5.54,-1.46,1,3324
5105678,Ryan Pettit,Lafayette,-1.93844,3.05,1.12,-1.31,3.54,6,2471
4873186,Malik Rasul,Lafayette,-5.49657,1.93,-3.57,-7.46,0.32,7,2587
5176066,Misha Bednostin,Lafayette,-4.26821,2.63,-1.64,-5.26,1.98,13,1560
5243035,Caleb Williams,Lafayette,-2.742,1.3,-1.44,-3.24,0.37,1,3324
5176067,Andrew Phillips,Lafayette,-2.33155,1.37,-0.96,-2.9,0.99,1,3324
5323981,Shareef Jackson,Lafayette,-1.68846,2.25,0.56,-2.75,3.86,8,2224
5323979,Christian Humphrey-Rembert,Lafayette,-3.36277,2.14,-1.23,-4.26,1.81,17,3093
5144158,Luke Bevilacqua,Lafayette,-7.56559,1.99,-5.57,-8.57,-2.58,16,1516
5323978,Kai Murdock,Lafayette,-4.47856,2.12,-2.36,-5.87,1.15,17,3093
5176637,Errol White,Lamar,-1.1871,1.99,0.8,-2.12,3.72,16,1516
5116468,Andrew Holifield,Lamar,1.70212,1.85,3.55,0.43,6.67,3,3517
5123799,Janko Bulajic,Lamar,0.27689,2.63,2.91,-0.6,6.42,13,1560
5242573,Braden East,Lamar,-1.40285,1.22,-0.19,-4.45,4.08,2,1900
5106641,B.B. Knight,Lamar,-3.85376,1.4,-2.46,-4.88,-0.03,14,3263
5242574,Jayden Gambrell,Lamar,-6.33869,2.09,-4.25,-7.69,-0.82,17,3093
5108080,Cody Pennebaker,Lamar,0.567405,3.04,3.61,1.3,5.93,6,2471
5313558,Rob Lee Jr.,Lamar,-1.58834,1.32,-0.27,-2.11,1.57,1,3324
5313555,Eian Lowe,Lamar,-3.17151,1.85,-1.32,-4.95,2.3,5,2652
5313554,King-Njhsanni Wilhite,Lamar,-6.56235,1.45,-5.11,-7.37,-2.86,1,3324
5176713,Shilo Jackson,Le Moyne,2.17993,1.18,3.36,-0.73,7.45,2,1900
5176210,Ametri Moss,Le Moyne,-6.58908,1.73,-4.86,-7.99,-1.72,5,2652
5241781,Isaac Nyakundi,Le Moyne,-4.46015,2.28,-2.18,-5.67,1.3,15,2561
5241779,Jakob Blakley,Le Moyne,-7.03887,1.45,-5.59,-8.01,-3.18,14,3263
5177250,Trent Mosquera,Le Moyne,-0.385929,1.83,1.44,-1.49,4.37,3,3517
5177248,Deng Garang,Le Moyne,-2.50538,1.88,-0.63,-3.77,2.52,3,3517
5242916,Jakai Sanders,Le Moyne,-4.47027,1.74,-2.73,-5.89,0.43,5,2652
5176649,Tennessee Rainwater,Le Moyne,-1.95643,2.24,0.29,-2.43,3.01,15,2561
5313953,Eli Greenberg,Le Moyne,-7.75766,1.89,-5.86,-9.53,-2.19,5,2652
5313955,Samuel Hincapie,Le Moyne,-7.27606,2.09,-5.18,-8.52,-1.84,17,3093
5243042,Hank Alvey,Lehigh,3.62655,1.19,4.82,0.63,9.0,2,1900
5243040,Alfredo Addesa,Lehigh,-8.16724,1.95,-6.21,-10.14,-2.28,7,2587
5243039,Edouard Benoit,Lehigh,-5.5659,1.84,-3.72,-6.87,-0.57,3,3517
5105685,Tommy Conniff,Lehigh,-4.37748,2.28,-2.1,-5.74,1.55,15,2561
5243041,Peter Kramer,Lehigh,-2.36968,1.47,-0.9,-3.37,1.57,14,3263
5176077,Joshua Ingram,Lehigh,1.2771,2.32,3.59,1.03,6.16,11,2931
5176076,Nasir Whitlock,Lehigh,-2.22275,1.23,-0.99,-2.62,0.64,1,3324
5105684,Henri Adiassa,Lehigh,-5.52846,2.09,-3.44,-6.75,-0.13,16,1516
5314505,Caleb Thomas,Lehigh,-9.66984,1.39,-8.28,-11.4,-5.17,4,1464
5314503,Andrew Urosevic,Lehigh,-6.64084,2.09,-4.55,-7.78,-1.32,17,3093
5314506,Jalen Vazquez,Lehigh,-3.90074,1.87,-2.03,-5.57,1.51,5,2652
5107069,Zach Cleveland,Liberty,4.00483,1.15,5.16,1.26,9.06,2,1900
4592702,Isaiah Ihnen,Liberty,2.13348,2.52,4.66,1.68,7.63,12,2556
5107070,Colin Porter,Liberty,1.31979,2.32,3.64,1.0,6.28,11,2931
4703572,Kaden Metheny,Liberty,0.849835,2.3,3.15,0.6,5.71,11,2931
4897412,Zander Yates,Liberty,0.610586,2.48,3.09,-0.18,6.36,12,2556
5242130,Brett Decker Jr.,Liberty,-0.421225,1.38,0.96,-0.96,2.87,14,3263
4700859,Josh Smith,Liberty,0.81948,1.29,2.11,-2.59,6.81,2,1900
5119095,JJ Harper,Liberty,5.00519,2.48,7.49,4.65,10.33,12,2556
5254332,Zander Carter,Liberty,-0.0572116,2.51,2.45,-0.7,5.61,12,2556
5106738,Charlie Williams,Lipscomb,-2.03695,1.84,-0.2,-3.13,2.73,3,3517
4897583,Grant Asman,Lipscomb,1.91125,1.2,3.11,-1.31,7.53,2,1900
5105864,Ross Candelino,Lipscomb,0.535704,2.48,3.01,0.26,5.76,12,2556
5113385,Kellan Boylan,Lipscomb,-2.63658,1.99,-0.65,-4.51,3.21,7,2587
5175660,Titas Sargiunas,Lipscomb,-3.73913,1.4,-2.34,-4.41,-0.27,1,3324
5107530,Mateo Esmeraldo,Lipscomb,1.14145,2.69,3.84,1.34,6.33,9,2020
4781728,Cole Middleton,Lipscomb,-8.70974,1.9,-6.81,-10.6,-3.02,7,2587
4897775,Ethan Duncan,Lipscomb,-1.50387,1.38,-0.13,-2.2,1.95,14,3263
5313706,Or Ashkenazi,Lipscomb,-1.91842,2.13,0.21,-2.86,3.29,17,3093
5313705,Kennedy Okpara,Lipscomb,-4.99664,1.93,-3.07,-6.88,0.74,7,2587
4895787,Kachi Nzeh,Little Rock,-3.14469,1.85,-1.3,-4.4,1.8,3,3517
4896453,Tuongthach Gatkek,Little Rock,0.284893,2.27,2.56,-0.23,5.34,15,2561
4432589,Johnathan Lawson,Little Rock,-1.19238,2.27,1.08,-1.28,3.44,11,2931
5242548,Caleb Pennyfeather,Little Rock,-3.53834,2.28,-1.25,-4.99,2.48,15,2561
5107792,Braxton Bayless,Little Rock,-5.60206,1.74,-3.86,-7.14,-0.58,5,2652
4904926,Tracy Steele Jr.,Little Rock,-9.74922,1.43,-8.31,-11.24,-5.38,4,1464
5314308,Truman Claytor IV,Little Rock,-8.80464,1.41,-7.39,-9.57,-5.22,1,3324
5314309,Cameron Wallace,Little Rock,-4.0512,2.25,-1.8,-5.02,1.41,8,2224
5177115,Shaquil Bender,Long Beach State,-6.31452,1.34,-4.98,-6.96,-3.0,1,3324
5238187,Petar Majstorovic,Long Beach State,2.34047,1.2,3.54,-0.86,7.94,2,1900
5242546,Isaiah Lewis,Long Beach State,-3.81127,1.82,-1.99,-5.58,1.59,5,2652
5106309,Derrick Michael Xzavierro,Long Beach State,-0.140876,2.37,2.23,-1.41,5.88,8,2224
5108150,Cole Farrell,Long Beach State,-5.13985,2.08,-3.06,-6.29,0.18,17,3093
4897531,Shay Johnson Jr.,Long Beach State,0.428674,2.62,3.05,-0.37,6.47,13,1560
5312976,Rob Diaz III,Long Beach State,1.69414,2.99,4.69,2.45,6.92,6,2471
5312977,Leopold Levillain,Long Beach State,-1.69448,2.35,0.66,-2.76,4.08,8,2224
5196921,Gavin Sykes,Long Beach State,-0.930442,2.28,1.35,-1.03,3.72,11,2931
5101834,Dallas Washington,Long Beach State,-8.43958,1.94,-6.5,-10.45,-2.55,7,2587
5243273,Shadrak Lasu,Long Island University,-1.19786,2.29,1.09,-2.35,4.53,15,2561
5175029,Malachi Davis,Long Island University,-5.13452,1.3,-3.84,-5.65,-2.02,1,3324
5181768,Xinyi Li,Long Island University,-6.7035,1.93,-4.77,-8.11,-1.44,3,3517
5122836,Jamal Fuller,Long Island University,1.64239,2.27,3.91,1.55,6.27,11,2931
5177262,Tre'shawn Sheppard,Long Island University,-1.59545,2.28,0.69,-2.83,4.21,15,2561
4897671,A.J. Neal Jr.,Long Island University,-5.67704,1.58,-4.1,-8.39,0.19,10,2561
5175939,Caleb Johnson,Long Island University,0.299391,3.1,3.4,0.79,6.01,6,2471
5177096,Greg Gordon,Long Island University,1.19352,2.95,4.15,2.2,6.1,6,2471
5109771,Faheim Meran,Long Island University,-2.92672,1.9,-1.03,-4.62,2.57,5,2652
5314163,Jomo Goings,Long Island University,-2.30097,1.75,-0.55,-3.9,2.79,5,2652
5314165,Mason Porter-Brown,Long Island University,-1.2473,1.89,0.64,-2.58,3.86,3,3517
5176811,Elijah Jones,Longwood,-0.70544,2.29,1.58,-2.0,5.17,15,2561
5101649,Redd Thompson Jr.,Longwood,-4.75493,1.36,-3.39,-5.41,-1.37,1,3324
5106039,Alphonzo Billups III,Longwood,0.215457,3.03,3.25,0.9,5.6,6,2471
4684309,Elijah Tucker,Longwood,-2.64555,2.24,-0.41,-3.0,2.19,15,2561
5175669,Jaylen Benard,Longwood,-1.37809,2.09,0.71,-2.41,3.83,17,3093
5175666,Johan Nziemi,Longwood,0.00881732,2.27,2.28,-1.02,5.59,8,2224
5175665,Emanuel Richards,Longwood,-3.79174,1.41,-2.38,-4.48,-0.27,1,3324
4701156,KJ McClurg,Longwood,-2.67025,1.42,-1.25,-3.74,1.24,14,3263
4845378,Jacoi Hutchinson,Longwood,-0.96807,2.65,1.69,-1.02,4.4,9,2020
5313508,Elijah Kelly,Longwood,-0.977244,3.11,2.13,-0.48,4.74,6,2471
5313511,Jaylin Payne,Longwood,-5.98545,2.06,-3.92,-7.08,-0.77,16,1516
5241686,De'Vion Lavergne,Louisiana,-2.67305,1.39,-1.28,-3.31,0.75,1,3324
5107218,Kyran Ratliff,Louisiana,-2.73198,2.05,-0.68,-4.06,2.7,7,2587
4873220,Jeremiah Evans,Louisiana,-4.019,2.0,-2.02,-5.08,1.04,16,1516
4711257,Jamyron Keller,Louisiana,1.08627,1.6,2.69,-0.98,6.36,10,2561
5241645,Dariyus Woodson,Louisiana,-2.77167,2.49,-0.28,-3.35,2.8,12,2556
5106265,Dorian Finister,Louisiana,0.448726,1.82,2.27,-0.58,5.12,3,3517
5240934,Jaxon Olvera,Louisiana,-4.66043,1.28,-3.38,-5.19,-1.56,1,3324
5240972,Todd Jones Jr.,Louisiana,1.04415,2.67,3.71,0.56,6.86,0,1028
4706561,Milan Mejia,Louisiana,-2.61907,1.68,-0.94,-5.15,3.28,10,2561
5313128,Karris Bilal,Louisiana,-4.28444,1.61,-2.68,-6.9,1.54,10,2561
5313127,Mike Collins,Louisiana,-6.66264,1.42,-5.24,-9.13,-1.35,4,1464
5313126,Joshua Lewis,Louisiana,-1.65239,2.49,0.84,-2.1,3.77,12,2556
4701841,Will Jeffress,Louisiana Tech,1.91411,3.11,5.02,2.33,7.72,6,2471
5070505,Kaden Cooper,Louisiana Tech,2.00377,3.0,5.0,2.86,7.14,6,2471
4897501,Will Allen,Louisiana Tech,-0.516044,2.28,1.77,-1.6,5.13,15,2561
5060724,AJ Bates,Louisiana Tech,-1.75415,2.62,0.87,-1.74,3.48,9,2020
5243118,Scooter Williams,Louisiana Tech,0.348869,1.84,2.19,-0.83,5.21,3,3517
4897258,Sir Issac Herron,Louisiana Tech,-0.0105878,2.25,2.24,-0.5,4.99,15,2561
5313667,DJ Dudley,Louisiana Tech,-2.10889,1.35,-0.76,-2.68,1.16,1,3324
5254333,Jaylen Fenner,Louisiana Tech,-0.928173,1.98,1.06,-2.78,4.9,7,2587
5313671,Kylan Howze,Louisiana Tech,-2.60591,2.04,-0.56,-3.67,2.55,16,1516
5313672,Melian Martinez,Louisiana Tech,5.01078,2.67,7.68,4.6,10.76,0,1028
5313669,Avery Thomas II,Louisiana Tech,1.15426,1.87,3.02,-0.14,6.19,3,3517
4702784,J'Vonne Hadley,Louisville,7.43241,2.49,9.92,7.2,12.65,12,2556
4873187,Khani Rooths,Louisville,4.77977,1.37,6.15,1.46,10.84,2,1900
4589481,Kasean Pryor,Louisville,5.22038,1.47,6.69,2.18,11.21,2,1900
4702739,Aly Khalifa,Louisville,4.95294,2.35,7.3,4.41,10.2,11,2931
5174946,Kobe Rodgers,Louisville,7.33607,3.08,10.41,7.9,12.93,6,2471
5107157,Ryan Conwell,Louisville,5.23004,2.26,7.49,5.28,9.69,11,2931
5242127,Adrian Wooley,Louisville,4.9373,2.31,7.25,4.51,9.99,11,2931
4712845,Isaac McKneely,Louisville,4.72806,1.43,6.16,4.03,8.29,14,3263
5101761,Mikel Brown Jr.,Louisville,4.95751,2.45,7.41,4.9,9.92,9,2020
5311967,Sananda Fru,Louisville,10.7356,2.61,13.34,10.23,16.46,13,1560
5311969,Vangelis Zougris,Louisville,4.37628,2.34,6.72,3.09,10.35,8,2224
4432198,Dominick Harris,Loyola Chicago,-1.04396,1.38,0.33,-2.04,2.7,14,3263
5176275,Deywilk Tavarez,Loyola Chicago,-3.36312,1.39,-1.97,-4.05,0.11,1,3324
5108022,Xavier Amos,Loyola Chicago,-2.91232,1.84,-1.07,-4.21,2.07,3,3517
5174609,Miles Rubin,Loyola Chicago,4.79375,2.57,7.36,4.86,9.86,0,1028
5105780,Justin Moore,Loyola Chicago,-5.67182,1.77,-3.9,-7.09,-0.72,5,2652
5105659,Kymany Houinsou,Loyola Chicago,-1.78898,2.26,0.47,-2.4,3.34,15,2561
5239627,Daniil Glazkov,Loyola Chicago,-3.64594,2.13,-1.52,-4.87,1.83,17,3093
5105967,Caleb Reese,Loyola Chicago,-8.46194,1.42,-7.04,-10.85,-3.23,4,1464
5241246,Kayde Dotson,Loyola Chicago,-1.80429,1.4,-0.4,-2.45,1.65,1,3324
5105822,Joshua Ola-Joseph,Loyola Chicago,-2.58955,1.88,-0.71,-3.98,2.56,3,3517
5252606,Nic Anderson,Loyola Chicago,-4.89585,1.95,-2.95,-6.83,0.93,7,2587
5101822,Chuck Love,Loyola Chicago,-1.60967,2.5,0.89,-2.14,3.93,12,2556
5311867,Alexander Richardson,Loyola Chicago,-0.274408,2.36,2.08,-1.44,5.61,8,2224
5242964,Braeden Speed,Loyola Maryland,-0.89073,2.27,1.38,-0.96,3.72,11,2931
5176286,Jacob Theodosiou,Loyola Maryland,-1.93811,2.48,0.54,-2.22,3.3,9,2020
5176082,Jordan Stiemke,Loyola Maryland,-3.76045,1.4,-2.36,-4.56,-0.16,14,3263
5105689,Tyson Commander,Loyola Maryland,-4.18019,2.14,-2.05,-5.0,0.91,17,3093
5105688,Garrett Brennan,Loyola Maryland,-3.64332,1.92,-1.72,-5.43,1.99,5,2652
5176081,Troy Cicero Jr.,Loyola Maryland,-2.67872,1.42,-1.26,-3.43,0.91,1,3324
5176285,Jonas Sirtautas,Loyola Maryland,-0.72118,2.64,1.92,-1.07,4.91,0,1028
5247862,Sam Springer,Loyola Maryland,-7.46903,2.11,-5.35,-8.76,-1.95,17,3093
5314516,Emmett Adair,Loyola Maryland,-3.94263,1.8,-2.14,-4.94,0.65,3,3517
5314515,Everett Barnes,Loyola Maryland,-7.25318,2.05,-5.21,-8.51,-1.9,7,2587
5314513,Carter Berg-McLean,Loyola Maryland,-7.0917,1.97,-5.12,-8.96,-1.28,7,2587
5314517,Sebastien Emenalo,Loyola Maryland,-5.98473,2.12,-3.86,-7.32,-0.41,17,3093
5105904,Rokas Jocius,Loyola Marymount,-1.25792,2.27,1.02,-2.31,4.34,15,2561
5177341,Nakyel Shelton,Loyola Marymount,-3.35679,1.44,-1.91,-4.32,0.49,14,3263
5037870,Rodney Brown Jr.,Loyola Marymount,-0.373391,1.38,1.01,-0.98,2.99,14,3263
4897534,Myron Amey Jr.,Loyola Marymount,2.68571,2.28,4.97,2.46,7.47,11,2931
4872743,Aaron McBride,Loyola Marymount,3.30589,2.28,5.58,2.48,8.69,15,2561
5174984,Jan Vide,Loyola Marymount,-3.0715,2.6,-0.47,-3.17,2.23,9,2020
4592217,Rick Issanza,Loyola Marymount,2.51871,2.67,5.19,2.08,8.3,0,1028
5037874,Jalen Shelley,Loyola Marymount,0.662855,1.82,2.48,-0.31,5.27,3,3517
5314796,Josh Dalton,Loyola Marymount,-1.23274,2.51,1.28,-1.86,4.42,12,2556
5314795,AJ Thomas,Loyola Marymount,-2.97918,1.83,-1.15,-4.64,2.34,5,2652
5107211,Keelan Steele,Maine,-3.40058,2.27,-1.13,-4.54,2.27,8,2224
5144090,Josh Dixon,Milwaukee,-6.61734,1.36,-5.26,-7.32,-3.19,1,3324
5313242,Isaiah Dorceus,Milwaukee,-5.83244,1.82,-4.01,-7.54,-0.49,5,2652
5313243,Stevie Elam,Milwaukee,0.634796,1.4,2.04,-0.05,4.12,14,3263
5313245,Chandler Jackson,Milwaukee,0.806038,2.47,3.28,0.35,6.2,12,2556
5107970,Cade Tyson,Minnesota,5.17954,2.41,7.59,5.25,9.92,12,2556
5174568,Bobby Durkin,Minnesota,3.68884,2.51,6.19,3.34,9.05,12,2556
5243095,Chansey Willis Jr.,Minnesota,1.49972,2.55,4.05,1.09,7.02,9,2020
4894462,Jaylen Crocker-Johnson,Minnesota,2.75352,1.82,4.57,1.73,7.41,3,3517
4897515,Robert Vaihola,Minnesota,2.47511,2.32,4.8,1.55,8.05,8,2224
5107857,Langston Reynolds,Minnesota,0.654137,2.63,3.29,0.74,5.84,9,2020
5239776,Nehemiah Turner,Minnesota,0.261745,1.51,1.77,-2.87,6.41,2,1900
5144165,Isaac Asuma,Minnesota,2.66587,2.29,4.95,2.39,7.51,11,2931
5239570,Grayson Grove,Minnesota,5.71457,2.29,8.01,4.55,11.47,15,2561
5254164,Kai Shinholster,Minnesota,-0.519945,1.66,1.14,-3.25,5.53,10,2561
5240392,Ja'Borri McGhee,Mississippi State,-1.18066,1.41,0.23,-1.89,2.36,1,3324
5105540,Shawn Jones Jr.,Mississippi State,3.99496,3.09,7.08,4.61,9.56,6,2471
4895740,Josh Hubbard,Mississippi State,3.00118,2.46,5.46,2.95,7.97,9,2020
4683134,Quincy Ballard,Mississippi State,2.4721,2.62,5.1,1.76,8.43,13,1560
5107364,Achor Achor,Mississippi State,0.900739,1.87,2.77,-0.46,5.99,3,3517
4873130,Amier Ali,Mississippi State,1.03746,1.43,2.47,0.08,4.86,14,3263
5105791,Jayden Epps,Mississippi State,-0.488401,1.34,0.85,-1.06,2.77,1,3324
5105487,Brandon Walker,Mississippi State,-0.133564,1.44,1.31,-2.86,5.48,2,1900
5220874,Jamarion Davis-Fleming,Mississippi State,5.30521,2.63,7.94,4.62,11.26,13,1560
5142708,King Grace,Mississippi State,1.11204,1.4,2.52,0.15,4.88,14,3263
5311740,Sergej Macura,Mississippi State,1.88923,2.28,4.17,0.97,7.38,15,2561
5243350,Antonio Sisk,Mississippi Valley State,-10.1584,1.86,-8.3,-12.07,-4.52,5,2652
4703150,George Ivory III,Mississippi Valley State,-9.34458,2.13,-7.21,-10.47,-3.96,17,3093
5118089,Delkedric Holmes,Mississippi Valley State,-12.4827,1.39,-11.09,-14.2,-7.98,4,1464
5189254,Mussa Mzein,Mississippi Valley State,-10.1344,2.01,-8.12,-12.0,-4.24,7,2587
5191584,Lamont Sams,Mississippi Valley State,-4.86952,1.9,-2.97,-6.2,0.26,3,3517
5314777,X'Zaevion Barnett,Mississippi Valley State,-6.89563,1.83,-5.06,-8.51,-1.62,5,2652
5314774,Tyrone Iroghama,Mississippi Valley State,-11.5535,2.01,-9.54,-12.65,-6.43,16,1516
5314773,Michael James,Mississippi Valley State,-2.86445,1.25,-1.61,-3.29,0.06,1,3324
5314775,Daniel Mayfield,Mississippi Valley State,-5.79197,1.83,-3.96,-7.25,-0.68,7,2587
5314771,Patrick Punch,Mississippi Valley State,-7.32924,1.39,-5.94,-8.92,-2.96,4,1464
5314772,Chance Sutton,Mississippi Valley State,-9.90803,2.07,-7.84,-11.07,-4.61,16,1516
5332491,Xzayvion Childress,Mississippi Valley State,-9.18478,1.79,-7.39,-10.83,-3.95,5,2652
5241397,Michael Osei-Bonsu,Missouri State,2.81582,2.19,5.01,2.12,7.89,8,2224
5241395,Zaxton King,Missouri State,-2.12151,1.45,-0.67,-2.96,1.62,14,3263
5241391,Logan Epes,Missouri State,-1.6876,1.68,-0.01,-4.36,4.34,10,2561
4433185,Antwan Burnett,Missouri State,-0.320394,3.1,2.78,0.27,5.28,6,2471
5176947,Amar Kuljuhovic,Missouri State,0.279006,1.25,1.53,-3.11,6.16,2,1900
5144381,Darrion Sutton,Missouri State,1.45689,1.39,2.85,-1.79,7.48,2,1900
5190926,Kobi Williams,Missouri State,-0.52914,1.4,0.87,-1.23,2.97,14,3263
5313697,Cameron Boone,Missouri State,-0.16509,2.62,2.46,-1.08,5.99,13,1560
5313695,Melakih Cunningham,Missouri State,-1.45255,1.96,0.51,-2.77,3.79,3,3517
5313696,Keith Palek III,Missouri State,-0.558228,1.77,1.22,-1.3,3.73,3,3517
5313693,Trey Williams Jr.,Missouri State,-1.89805,1.44,-0.46,-2.59,1.67,1,3324
4711270,Sebastian Mack,Missouri,-2.46558,1.39,-1.07,-3.22,1.07,1,3324
4432196,Jayden Stone,Missouri,6.49895,2.48,8.97,6.28,11.66,12,2556
4433285,Mark Mitchell,Missouri,5.91914,1.18,7.1,3.06,11.14,2,1900
5054085,Anthony Robinson II,Missouri,5.08115,2.99,8.08,5.85,10.3,6,2471
5037881,Trent Pierce,Missouri,6.06871,2.5,8.57,5.71,11.43,12,2556
4432515,Jacob Crews,Missouri,2.78448,2.5,5.28,2.32,8.24,12,2556
5144166,T.O. Barrett,Missouri,2.339,2.67,5.01,2.17,7.85,9,2020
5106269,Luke Northweather,Missouri,4.96167,2.51,7.48,4.37,10.58,12,2556
4684798,Jevon Porter,Missouri,7.37565,1.35,8.72,4.1,13.34,2,1900
5105537,Shawn Phillips Jr.,Missouri,3.55491,2.58,6.14,3.41,8.87,0,1028
5174962,Cornelius Robinson III,Monmouth,-2.81535,1.92,-0.9,-4.63,2.83,7,2587
5106703,Jack Collins,Monmouth,-0.114172,1.77,1.66,-1.62,4.94,5,2652
5107158,Dok Muordar,Monmouth,0.154472,2.63,2.78,-0.36,5.93,0,1028
5242598,Justin Ray,Monmouth,0.593981,1.42,2.01,-0.12,4.14,14,3263
5106702,Andrew Ball,Monmouth,0.124585,2.25,2.38,-0.54,5.29,15,2561
5177703,Kavion McClain,Monmouth,0.330988,2.57,2.9,0.48,5.31,9,2020
5174288,Jason Rivera-Torres,Monmouth,5.4882,2.93,8.41,6.6,10.23,6,2471
5313726,Stefanos Spartalis,Monmouth,-3.69432,1.82,-1.87,-4.92,1.18,3,3517
4702042,Te'Jon Sawyer,Montana,-0.0540632,2.25,2.19,-0.53,4.92,15,2561
5177694,Money Williams,Montana,2.23268,2.33,4.57,2.14,6.99,9,2020
5106752,Amari Jedkins,Montana,-1.43118,2.29,0.85,-2.9,4.61,15,2561
5177695,Chase Henderson,Montana,-10.6481,1.87,-8.78,-12.36,-5.2,5,2652
5060727,Tyler Thompson,Montana,1.14741,1.44,2.59,0.4,4.77,14,3263
5101624,Brooklyn Hicks,Montana,-0.799476,2.47,1.67,-1.24,4.57,12,2556
5106313,Tyler Isaak,Montana,-0.37142,2.36,1.99,-0.87,4.85,11,2931
5315598,Kenyon Aguino,Montana,0.802706,2.25,3.06,0.19,5.93,15,2561
5315596,Grant Kepley,Montana,-3.58101,1.79,-1.79,-5.24,1.65,5,2652
5315595,Trae Taylor,Montana,-1.96417,2.63,0.66,-2.9,4.23,13,1560
4433615,Chris Hodges,Montana State,-0.0676965,2.01,1.94,-0.98,4.85,16,1516
5061605,Jaden Steppe,Montana State,-1.50367,2.25,0.74,-2.17,3.66,15,2561
4897923,Patrick McMahon,Montana State,-2.57468,1.82,-0.76,-3.62,2.11,3,3517
5107844,Jed Miller,Montana State,6.03173,2.28,8.31,5.9,10.72,11,2931
5241290,Jeremiah Davis,Montana State,2.30432,2.48,4.79,1.86,7.71,12,2556
5313226,Seth Amunrud,Montana State,2.20442,1.43,3.63,1.41,5.86,14,3263
5313221,Davian Brown,Montana State,1.911,2.28,4.2,1.68,6.71,11,2931
5313222,Howie Keene,Montana State,-0.976104,2.13,1.15,-2.06,4.36,17,3093
5313225,Christian King,Montana State,-3.02369,1.83,-1.2,-4.18,1.79,3,3517
5247158,Chase Dawson,Morehead State,-5.07427,1.44,-3.64,-5.81,-1.46,1,3324
5177360,George Marshall,Morehead State,0.486302,2.28,2.77,0.25,5.29,11,2931
4897051,Anouar Mellouk,Morehead State,-2.23089,1.94,-0.29,-4.01,3.42,7,2587
5241383,Josiah LeGree,Morehead State,-3.8334,2.64,-1.19,-4.08,1.7,9,2020
5240034,Tamaury Releford,Morehead State,-1.8607,2.6,0.74,-2.71,4.19,13,1560
5239660,Tyonne Farrell,Morehead State,-4.17963,1.96,-2.22,-6.03,1.59,7,2587
5108070,Jacob Wilson,Morehead State,-4.32939,1.55,-2.78,-7.61,2.04,10,2561
5107477,Davion Cunningham,Morehead State,-4.14722,1.36,-2.78,-4.75,-0.81,1,3324
5314326,Jon Carroll,Morehead State,-0.247825,2.27,2.02,-1.17,5.2,8,2224
5314327,Vince Dawson III,Morehead State,-3.39844,1.68,-1.72,-5.83,2.4,10,2561
5105548,Zach Davis,Memphis,-0.0173868,3.0,2.98,0.68,5.28,6,2471
5242617,Julius Thedford,Memphis,3.31143,3.0,6.32,4.06,8.57,6,2471
5176660,Hasan Abdul Hakim,Memphis,-0.994921,1.92,0.92,-2.82,4.67,7,2587
5106647,Thierno Sylla,Memphis,-0.594351,2.03,1.43,-1.64,4.51,16,1516
4711280,Ashton Hardaway,Memphis,1.23337,2.11,3.34,0.0,6.68,17,3093
5105805,Dug McDaniel,Memphis,1.76616,2.64,4.41,1.85,6.97,9,2020
5037872,Curtis Givens III,Memphis,-0.185185,2.32,2.14,-0.63,4.91,11,2931
5313374,Simon Majok,Memphis,0.444773,2.05,2.49,-0.65,5.64,16,1516
4845379,Tristan Gross,Mercer,-0.895134,2.51,1.62,-1.49,4.72,12,2556
4816087,Kyle Cuffe Jr.,Mercer,-5.97741,1.41,-4.57,-6.73,-2.41,1,3324
4917161,Armani Mighty,Mercer,1.43721,2.58,4.02,1.15,6.88,13,1560
5174594,Baraka Okojie,Mercer,-0.587299,2.49,1.9,-0.54,4.34,9,2020
4702097,Connor Serven,Mercer,-0.152356,2.28,2.13,-1.07,5.33,15,2561
4897951,Zaire Williams,Mercer,0.43827,2.3,2.74,0.1,5.38,11,2931
5105414,Bendji Pierre,Mercer,-4.6209,1.55,-3.07,-7.44,1.3,10,2561
5108878,TJ Grant,Mercer,-0.960105,1.44,0.48,-2.55,3.51,4,1464
5243236,Brady Shoulders,Mercer,1.18952,3.04,4.23,2.01,6.44,6,2471
5176784,Quinton Perkins II,Mercer,-2.87096,1.42,-1.45,-3.63,0.72,14,3263
4898243,Bernie Blunt III,Mercyhurst,-1.16117,1.28,0.12,-1.66,1.91,1,3324
5243386,James Thomas,Mercyhurst,-4.55,2.07,-2.48,-5.69,0.74,16,1516
5243379,Mykolas Ivanauskas,Mercyhurst,-4.46978,2.29,-2.18,-5.6,1.24,8,2224
4873160,Qadir Martin,Mercyhurst,3.62526,2.6,6.22,3.59,8.86,0,1028
5243381,Jake Lemelman,Mercyhurst,-2.24499,1.32,-0.92,-2.78,0.94,1,3324
5243380,Christian Gamble,Mercyhurst,-4.43621,2.13,-2.31,-5.6,0.99,17,3093
4709424,Sean Lang,Mercyhurst,-2.52818,1.43,-1.09,-4.73,2.54,4,1464
5243378,Deshaun Jackson Jr.,Mercyhurst,-3.52762,1.79,-1.74,-5.2,1.72,5,2652
5252076,Kaden Fuhrmann,Mercyhurst,-4.55963,2.51,-2.05,-5.26,1.15,12,2556
5315592,Cameron Johnson,Mercyhurst,-6.54796,1.96,-4.58,-8.48,-0.68,7,2587
5177298,Todd Brogna,Merrimack,1.32945,3.06,4.39,2.04,6.73,6,2471
4897066,Andrés Marrero,Merrimack,-0.350181,1.43,1.08,-1.16,3.33,14,3263
5176686,KC Ugwuakazi,Merrimack,5.54442,2.63,8.17,5.21,11.14,0,1028
5242629,Tye Dorset,Merrimack,0.0662136,2.33,2.39,-0.32,5.11,11,2931
4897704,Jaylen Stinson,Merrimack,-7.15429,1.4,-5.75,-9.01,-2.5,4,1464
4703155,Malik Edmead,Merrimack,-4.52084,1.88,-2.64,-6.42,1.15,5,2652
5314298,Kevair Kennedy,Merrimack,0.628762,2.45,3.08,0.58,5.58,9,2020
5314297,Ernest Shelton,Merrimack,-0.014545,1.37,1.36,-0.61,3.33,14,3263
5314295,Dylan Veillette,Merrimack,-3.13794,2.04,-1.1,-4.26,2.07,16,1516
5105859,Antwone Woolfolk,Miami (OH),4.4969,1.23,5.72,1.1,10.34,2,1900
5093252,Eian Elmer,Miami (OH),3.73532,2.48,6.22,3.51,8.92,12,2556
5106674,Peter Suder,Miami (OH),4.69792,2.26,6.96,4.66,9.27,11,2931
5243053,Brant Byers,Miami (OH),0.813514,2.48,3.29,0.51,6.06,12,2556
5176212,Evan Ipsaro,Miami (OH),2.82999,2.29,5.12,2.62,7.62,11,2931
5101653,Luke Skaljac,Miami (OH),1.67747,2.68,4.36,1.72,6.99,9,2020
5176313,Almar Atlason,Miami (OH),-0.846447,2.44,1.6,-1.24,4.43,12,2556
5313370,Justin Kirby,Miami (OH),1.73268,2.5,4.23,1.23,7.23,12,2556
5313368,Trey Perry,Miami (OH),-1.71266,2.33,0.62,-2.25,3.49,11,2931
4869762,Marcus Allen,Miami,3.07825,3.04,6.12,3.7,8.54,6,2471
4837356,Tre Donaldson,Miami,5.25951,2.59,7.85,5.43,10.27,9,2020
5106261,Ernest Udeh Jr.,Miami,7.97448,2.64,10.61,7.57,13.66,13,1560
4845368,Tru Washington,Miami,4.71743,2.98,7.69,5.56,9.83,6,2471
5105798,Malik Reneau,Miami,5.89899,1.2,7.1,3.17,11.02,2,1900
5142709,Dante Allen,Miami,2.93843,3.06,5.99,3.6,8.39,6,2471
5311984,Salih Altuntas,Miami,2.42923,2.63,5.06,1.49,8.63,13,1560
5311986,Noam Dovrat,Miami,2.9597,2.37,5.33,2.38,8.28,11,2931
5101809,Shelton Henderson,Miami,4.55957,2.24,6.8,4.19,9.4,15,2561
5281366,Timotej Malovec,Miami,1.11163,2.12,3.24,-0.22,6.69,17,3093
4711255,Jeremy Fears Jr.,Michigan State,8.1909,2.54,10.73,8.41,13.05,9,2020
5105815,Jaxon Kohler,Michigan State,9.60592,1.2,10.81,6.42,15.2,2,1900
4872740,Coen Carr,Michigan State,6.08274,1.24,7.33,2.7,11.95,2,1900
5105817,Carson Cooper,Michigan State,8.56976,1.23,9.8,5.3,14.31,2,1900
4873111,Kur Teng,Michigan State,2.76533,1.39,4.15,1.97,6.34,14,3263
5060733,Divine Ugochukwu,Michigan State,5.27416,2.51,7.78,4.73,10.83,12,2556
4703411,Trey Fort,Michigan State,2.29041,1.53,3.82,-0.46,8.11,10,2561
4610138,Denham Wojcik,Michigan State,-4.69763,1.94,-2.76,-6.57,1.05,5,2652
5196931,Jordan Scott,Michigan State,8.20929,2.5,10.71,7.67,13.76,12,2556
5101798,Cam Ward,Michigan State,3.46787,2.61,6.08,2.6,9.55,13,1560
4869764,Elliot Cadeau,Michigan,5.51927,2.65,8.17,5.57,10.77,9,2020
5174983,Aday Mara,Michigan,14.6193,2.54,17.16,14.8,19.52,0,1028
5175737,Yaxel Lendeborg,Michigan,15.4997,1.18,16.68,12.42,20.93,2,1900
5105836,Roddy Gayle Jr.,Michigan,6.29884,3.02,9.32,6.98,11.66,6,2471
4433138,Nimari Burnett,Michigan,7.54041,2.49,10.03,7.06,12.99,12,2556
4684596,Will Tschetter,Michigan,5.5237,1.46,6.98,4.57,9.4,14,3263
5214641,L.J. Cason,Michigan,6.09547,2.3,8.4,5.72,11.07,11,2931
4873153,Morez Johnson Jr.,Michigan,11.4082,1.2,12.6,8.17,17.04,2,1900
5041954,Trey McKenney,Michigan,6.00323,2.48,8.49,5.56,11.42,12,2556
4610140,Kamari Lands,Middle Tennessee,0.791646,1.84,2.63,-0.32,5.58,3,3517
5176765,Chris Loofe,Middle Tennessee,-1.53137,2.26,0.72,-2.13,3.58,15,2561
5176763,Torey Alston,Middle Tennessee,0.490517,2.25,2.74,-0.4,5.89,8,2224
4848642,Jarred Hall,Middle Tennessee,-6.7199,2.02,-4.7,-8.55,-0.85,7,2587
5106881,Tre Green,Middle Tennessee,-0.479139,1.41,0.93,-1.38,3.24,14,3263
4702696,Alec Oglesby,Middle Tennessee,0.288729,1.43,1.72,-0.51,3.96,14,3263
5177651,James Dent Jr.,Middle Tennessee,-3.59419,2.13,-1.47,-4.61,1.68,17,3093
5149117,Jahvin Carter,Middle Tennessee,-1.05939,1.36,0.3,-1.64,2.25,1,3324
5177533,Sean Smith,Middle Tennessee,2.1792,2.66,4.84,2.05,7.63,9,2020
5176188,Marcus Whitlock Jr.,Middle Tennessee,4.71938,2.51,7.23,4.06,10.4,12,2556
5313679,Luka Jovanovic,Middle Tennessee,1.63393,2.63,4.26,0.85,7.67,13,1560
5108000,Seth Hubbard,Milwaukee,-3.44876,1.37,-2.08,-3.99,-0.16,1,3324
5106461,Faizon Fields,Milwaukee,-0.400973,2.27,1.86,-0.95,4.67,15,2561
5241668,Esyah Pippa-White,Milwaukee,-6.56857,1.4,-5.17,-8.28,-2.05,4,1464
5176835,Aaron Franklin,Milwaukee,0.392038,2.29,2.68,-0.4,5.75,15,2561
4838711,Danilo Jovanovich,Milwaukee,2.3239,2.25,4.58,1.93,7.22,15,2561
5240519,Sekou Konneh,Milwaukee,-0.269828,2.28,2.01,-1.47,5.48,8,2224
4897222,Amar Augillard,Milwaukee,-3.86206,1.3,-2.57,-4.45,-0.69,1,3324
5107810,Killian Gribben,Maine,1.13869,2.64,3.77,0.06,7.49,13,1560
5175690,Logan Carey,Maine,-2.01781,2.67,0.66,-2.15,3.46,9,2020
5239747,Amare Allen,Maine,-10.2849,1.95,-8.34,-12.24,-4.43,7,2587
5239745,Caleb Crawford,Maine,-7.18758,1.85,-5.34,-9.03,-1.65,5,2652
4701160,Mekhi Gray,Maine,-3.50547,2.97,-0.53,-2.71,1.64,6,2471
5177368,TJ Biel,Maine,-2.42952,1.86,-0.57,-3.69,2.55,3,3517
5175745,Yanis Bamba,Maine,-8.82454,2.09,-6.74,-10.16,-3.31,17,3093
5108029,Ryan Mabrey,Maine,-5.12811,1.58,-3.55,-7.54,0.44,10,2561
5093143,Ace Flagg,Maine,-2.6954,3.02,0.32,-2.0,2.64,6,2471
5313109,Bashir N'Galang,Maine,-10.6581,1.84,-8.82,-12.4,-5.23,5,2652
5177116,Jaden Winston,Manhattan,-0.632144,2.64,2.01,-0.56,4.58,9,2020
5246878,Marko Ljubicic,Manhattan,-5.05569,2.11,-2.95,-6.27,0.37,17,3093
5241537,Fraser Roxburgh,Manhattan,-5.51042,1.87,-3.64,-6.76,-0.52,3,3517
5105895,Devin Dinkins,Manhattan,-5.98473,1.41,-4.57,-6.66,-2.48,1,3324
4897050,Brett Rumpel,Manhattan,-7.59275,1.89,-5.7,-9.54,-1.86,5,2652
4898280,Terrance Jones,Manhattan,-2.04765,1.37,-0.67,-2.63,1.28,1,3324
5311763,Quron Elliott,Manhattan,-8.76356,1.46,-7.3,-9.63,-4.97,1,3324
5311760,Anthony Isaac,Manhattan,-3.02284,2.27,-0.75,-4.08,2.57,8,2224
5311761,Erik Oliver-Bush,Manhattan,-4.2475,2.13,-2.12,-5.47,1.23,17,3093
5107770,Jaden Daughtry,Marist,1.10029,3.01,4.11,1.79,6.44,6,2471
5242621,Elijah Lewis,Marist,-0.00807629,1.85,1.85,-1.22,4.91,3,3517
5242619,Jadin Collins-Roberts,Marist,-1.33422,1.77,0.43,-2.92,3.78,5,2652
5242622,Parby Kabamba,Marist,-0.882186,1.91,1.02,-2.22,4.27,3,3517
5177120,Jason Schofield,Marist,2.9205,2.27,5.19,1.73,8.65,8,2224
5107769,Trace Salton,Marist,-4.85872,2.13,-2.73,-6.03,0.57,17,3093
4897651,Martin Kawa,Marist,-8.64765,1.61,-7.03,-11.62,-2.45,10,2561
4873195,Tarik Watson,Marist,-3.54056,2.3,-1.24,-4.89,2.4,8,2224
5241491,Justin Menard,Marist,0.420119,2.64,3.06,0.42,5.7,9,2020
5107299,Rhyjon Blackwell,Marist,-1.89777,1.39,-0.51,-2.52,1.51,1,3324
5279252,Myles Parker,Marist,1.85913,2.49,4.35,1.28,7.43,12,2556
5105599,Ben Gold,Marquette,2.57719,2.5,5.08,2.16,8.0,12,2556
5105598,Chase Ross,Marquette,3.73146,2.94,6.68,4.7,8.65,6,2471
5175364,Caedin Hamilton,Marquette,-0.368549,2.02,1.65,-1.46,4.76,16,1516
5101676,Royce Parham,Marquette,3.28031,2.24,5.52,2.84,8.2,15,2561
4895750,Zaide Lowery,Marquette,0.755082,1.42,2.17,0.03,4.31,1,3324
4895745,Tre Norman,Marquette,-0.677857,3.02,2.34,-0.19,4.87,6,2471
5061595,Damarius Owens,Marquette,0.78444,1.93,2.71,-0.56,5.99,3,3517
5105600,Sean Jones,Marquette,1.65695,2.72,4.38,1.44,7.32,9,2020
5144086,Nigel James Jr.,Marquette,5.77469,2.47,8.24,5.71,10.78,9,2020
5248300,Michael Phillips II,Marquette,-0.325541,1.61,1.28,-3.02,5.58,10,2561
5196920,Adrien Stevens,Marquette,4.16103,2.51,6.67,3.71,9.63,12,2556
4432858,Matt Van Komen,Marshall,3.48376,2.61,6.1,3.4,8.79,0,1028
5179092,Wilson Dubinsky,Marshall,-0.928735,1.64,0.71,-3.39,4.81,10,2561
4897504,Wyatt Fricks,Marshall,3.08006,2.44,5.52,2.99,8.06,12,2556
5240547,Erich Harding,Marshall,-1.61538,2.62,1.01,-2.53,4.54,13,1560
4704015,Jalen Speer,Marshall,-0.999383,1.28,0.28,-1.42,1.98,1,3324
5313169,Caleb Hollenbeck,Marshall,-3.55512,1.64,-1.91,-6.0,2.18,10,2561
5313146,Drew Fuquay,Marshall,-0.194971,2.27,2.07,-1.28,5.42,15,2561
5313150,Shamarrie Hugie,Marshall,-4.13169,2.26,-1.88,-4.65,0.9,15,2561
5313148,Landen Joseph,Marshall,1.80707,2.3,4.11,1.4,6.81,11,2931
5313147,Noah Otshudi,Marshall,-5.15488,1.33,-3.83,-5.66,-2.0,1,3324
5313149,Bryce Slay,Marshall,-3.35918,1.64,-1.72,-6.19,2.75,10,2561
5179096,Michael Teal,Maryland Eastern Shore,-6.53647,1.82,-4.72,-8.21,-1.23,5,2652
4898212,Jaden Cooper,Maryland Eastern Shore,-2.87585,1.44,-1.44,-3.6,0.72,1,3324
5243393,Christopher Flippin,Maryland Eastern Shore,-5.15305,1.97,-3.18,-6.01,-0.35,16,1516
4873199,Maurice Vassel,Maryland Eastern Shore,-6.74309,2.06,-4.68,-7.82,-1.53,16,1516
4703893,Trey Hall,Maryland Eastern Shore,-10.513,1.41,-9.1,-12.87,-5.33,4,1464
5107653,Dorion Staples,Maryland Eastern Shore,-3.00459,1.87,-1.13,-4.27,2.01,3,3517
5314177,Levi Beckwith,Maryland Eastern Shore,-6.35207,1.44,-4.92,-7.88,-1.95,4,1464
5314173,Trey Brown,Maryland Eastern Shore,-7.77813,1.37,-6.41,-9.51,-3.31,4,1464
5314176,Joseph Locandro,Maryland Eastern Shore,-6.33889,1.84,-4.5,-7.59,-1.4,3,3517
5314175,Justin Monden,Maryland Eastern Shore,-7.95013,1.82,-6.13,-9.74,-2.51,5,2652
5314171,Zion Obanla,Maryland Eastern Shore,-0.197483,2.25,2.05,-1.21,5.32,8,2224
5108023,David Coit,Maryland,1.81968,2.29,4.11,1.63,6.59,11,2931
5105823,Pharrel Payne,Maryland,6.5098,2.48,8.99,6.29,11.69,13,1560
5105562,Solomon Washington,Maryland,2.80801,2.29,5.1,1.88,8.33,8,2224
5144378,Andre Mills,Maryland,2.54288,1.83,4.37,1.41,7.33,3,3517
5037877,George Turkson Jr.,Maryland,-2.08689,2.08,-0.0,-3.34,3.33,16,1516
5106718,Collin Metcalf,Maryland,2.00769,2.09,4.09,0.91,7.28,16,1516
5174970,Isaiah Watts,Maryland,1.01094,1.62,2.63,-1.59,6.85,10,2561
4709133,Myles Rice,Maryland,-0.161579,1.81,1.65,-1.91,5.21,5,2652
4870565,Elijah Saunders,Maryland,3.12688,1.43,4.56,2.38,6.74,14,3263
5311972,Darius Adams,Maryland,-1.74509,1.35,-0.4,-2.38,1.59,1,3324
5311975,Aleks Alston,Maryland,-0.398904,2.13,1.73,-1.45,4.9,17,3093
5311974,Guillermo Del Pino,Maryland,-2.79393,1.43,-1.36,-4.72,1.99,4,1464
4897361,Marcus Banks Jr.,Massachusetts,1.34596,2.29,3.64,1.09,6.18,11,2931
5105551,Daniel Hankins-Sanford,Massachusetts,-0.325127,1.85,1.52,-1.54,4.59,3,3517
5239651,Luka Damjanac,Massachusetts,0.821235,2.29,3.11,-0.48,6.7,15,2561
5174614,Jayden Ndjigue,Massachusetts,3.41673,3.06,6.48,4.14,8.82,6,2471
4896505,Leonardo Bettiol,Massachusetts,2.04947,1.18,3.23,-0.68,7.14,2,1900
5177558,K'Jei Parker,Massachusetts,0.330026,2.3,2.63,-0.02,5.28,11,2931
5041934,Danny Carbuccia,Massachusetts,-4.33276,1.79,-2.55,-5.84,0.75,5,2652
5313356,Dimitri Clerc,Massachusetts,-4.89806,2.32,-2.57,-6.18,1.03,8,2224
5313353,Isaiah Placide,Massachusetts,-1.78969,1.41,-0.38,-2.77,2.0,14,3263
5101843,Dwayne Wimbley Jr.,Massachusetts,-3.72452,1.43,-2.3,-5.29,0.7,4,1464
5175027,Yanis Ndjonga,McNeese,0.823616,2.63,3.45,0.02,6.88,13,1560
4701125,Javohn Garcia,McNeese,4.64701,3.02,7.67,5.42,9.92,6,2471
5106843,DJ Richards Jr.,McNeese,0.406606,1.41,1.82,-0.39,4.02,14,3263
5077373,Garwey Dual,McNeese,4.1323,2.99,7.12,4.96,9.27,6,2471
5175726,Tyshawn Archie,McNeese,3.15677,2.59,5.75,3.01,8.49,9,2020
4433273,Jerrell Colbert,McNeese,3.50628,2.63,6.13,3.12,9.15,0,1028
5238222,Jacolb Fredson-Cole,McNeese,2.43338,3.03,5.46,3.06,7.86,6,2471
4711271,Carl Cherenfant,McNeese,2.4798,3.08,5.56,3.03,8.08,6,2471
5144375,Larry Johnson,McNeese,2.19528,1.78,3.97,1.34,6.6,3,3517
5313569,Peitok Machar,McNeese,3.18898,2.63,5.82,2.36,9.28,13,1560
4685683,Aaron Bradshaw,Memphis,1.41212,2.24,3.65,0.84,6.46,15,2561
4431995,Tariq Ingraham,Memphis,-2.09618,2.35,0.25,-3.4,3.9,8,2224
5105618,Quante Berry,Memphis,1.83594,3.02,4.86,2.44,7.27,6,2471
5105984,Sincere Parker,Memphis,0.232682,1.82,2.06,-0.9,5.01,3,3517
5314330,Clayton Parker,Morehead State,-5.29685,1.63,-3.67,-7.93,0.59,10,2561
5243111,Marland Harris,Morgan State,-4.31671,2.02,-2.3,-5.31,0.72,16,1516
5176291,Trent Edwards,Morgan State,-3.07964,2.38,-0.7,-4.27,2.87,8,2224
5107977,Rob Lawson,Morgan State,-6.55036,1.36,-5.19,-7.1,-3.29,1,3324
5240664,Alfred Worrell Jr.,Morgan State,-3.87435,1.3,-2.57,-4.38,-0.76,1,3324
4704086,Dallas James,Morgan State,-2.98178,2.1,-0.88,-4.15,2.39,16,1516
5110002,Walter Peggs Jr.,Morgan State,-4.78276,1.38,-3.4,-5.56,-1.24,14,3263
5263816,Elijah Davis,Morgan State,-5.22051,1.72,-3.5,-6.44,-0.55,5,2652
5176294,Christian Oliver,Morgan State,-5.47148,2.28,-3.19,-6.52,0.14,15,2561
5314182,Eugene Alvin,Morgan State,-3.53061,1.88,-1.65,-4.89,1.6,3,3517
5314180,David Bumpass,Morgan State,-10.613,1.56,-9.05,-13.48,-4.62,10,2561
5314179,Christian Meeks,Morgan State,-3.42694,2.29,-1.14,-4.53,2.26,15,2561
5176362,Luke McEldon,Mount St. Mary's,0.20706,2.56,2.76,-0.3,5.83,13,1560
5107325,Anthony Arrington,Mount St. Mary's,-8.38378,1.36,-7.03,-10.09,-3.96,4,1464
4702218,Xavier Lipscomb,Mount St. Mary's,0.509197,2.32,2.83,0.21,5.45,11,2931
5242638,Abdou Khadre Kébé,Mount St. Mary's,-1.33613,1.86,0.52,-2.71,3.76,3,3517
5242635,Arlandus Keyes,Mount St. Mary's,2.03191,2.64,4.67,1.98,7.37,9,2020
5177124,Patrick Haigh,Mount St. Mary's,-4.94502,2.13,-2.81,-6.06,0.43,17,3093
5176220,Mason So,Mount St. Mary's,-4.84118,1.85,-2.99,-6.53,0.54,5,2652
5238163,Anastasios Rozakeas,Mount St. Mary's,-4.68293,1.62,-3.06,-7.29,1.16,10,2561
4702765,Justin Amadi,Mount St. Mary's,-3.70011,2.3,-1.4,-4.89,2.08,8,2224
5243013,Trey Deveaux,Mount St. Mary's,-2.27398,1.84,-0.43,-3.55,2.68,3,3517
5314337,Yakhya Diop,Mount St. Mary's,-4.3152,2.03,-2.28,-5.41,0.84,16,1516
5240511,KJ Tenner,Murray State,-0.840112,2.34,1.5,-1.39,4.39,11,2931
5113534,Javon Jackson,Murray State,-1.14908,2.49,1.34,-1.37,4.06,9,2020
4596711,JJ Traynor,Murray State,-0.184292,2.27,2.08,-0.9,5.06,15,2561
5239783,Layne Taylor,Murray State,1.52376,2.34,3.86,1.12,6.61,11,2931
4683755,Mason Miller,Murray State,0.650933,1.46,2.11,-0.2,4.42,14,3263
5105580,Fred King,Murray State,4.59364,1.2,5.79,1.5,10.08,2,1900
4432739,Dylan Anderson,Murray State,-2.62214,2.0,-0.62,-4.55,3.31,7,2587
5313868,Mathis Courbon,Murray State,-0.915727,1.44,0.53,-1.78,2.83,14,3263
5313873,Roman Domon,Murray State,2.3748,1.22,3.59,-0.83,8.02,2,1900
5313872,Brayden Shorter,Murray State,-2.68934,2.48,-0.21,-3.37,2.94,12,2556
5106059,Terrance Arceneaux,NC State,3.83963,3.1,6.94,4.35,9.52,6,2471
4684799,Ven-Allen Lubin,NC State,6.50914,2.59,9.1,6.09,12.11,13,1560
4585590,Alyn Breed,NC State,2.17032,2.37,4.54,1.55,7.52,11,2931
4683860,Quadir Copeland,NC State,6.09848,2.51,8.61,6.15,11.07,9,2020
5105816,Tre Holloman,NC State,2.6723,2.34,5.01,2.21,7.81,11,2931
4873151,Paul McNeil Jr.,NC State,5.23339,2.48,7.71,4.91,10.51,12,2556
5174958,Jerry Deng,NC State,0.398063,2.46,2.86,-0.24,5.95,12,2556
4897482,Scottie Ebube,NC State,-3.55409,2.52,-1.04,-4.47,2.39,13,1560
4937074,Darrion Williams,NC State,3.66334,2.27,5.94,3.51,8.36,11,2931
5196877,Matt Able,NC State,3.70858,3.0,6.71,4.42,8.99,6,2471
5311995,Musa Sagnia,NC State,4.5562,2.63,7.19,3.64,10.74,13,1560
4703977,Melvyn Ebonkoli,NJIT,-4.88264,1.95,-2.93,-5.75,-0.11,16,1516
5239762,Jordan Rogers,NJIT,-0.148509,2.28,2.14,-1.01,5.28,15,2561
5175802,Sebastian Robinson,NJIT,-3.92492,2.53,-1.4,-4.18,1.38,9,2020
5239759,John Kelly,NJIT,-4.59052,1.98,-2.61,-6.46,1.25,7,2587
5239761,Malachi Arrington,NJIT,-6.68865,2.37,-4.32,-7.8,-0.84,8,2224
5239758,Ari Fulton,NJIT,-2.21457,1.84,-0.37,-3.5,2.76,3,3517
5175807,Jeffrey Akintolu,NJIT,-1.48296,2.52,1.04,-2.18,4.25,12,2556
5239757,Quentin Duncan,NJIT,-3.80457,2.11,-1.7,-5.14,1.74,17,3093
5175806,Cameron Piggee,NJIT,-7.91094,1.67,-6.24,-10.62,-1.86,10,2561
5242401,Jeremy Clayville,NJIT,-8.54118,1.51,-7.03,-11.05,-3.02,10,2561
5313134,Rocco Awad,NJIT,-5.98551,1.61,-4.38,-8.7,-0.05,10,2561
5313131,David Bolden,NJIT,-1.45056,1.36,-0.09,-2.06,1.87,1,3324
5176087,Donovan Draper,Navy,3.52137,2.97,6.5,4.38,8.61,6,2471
5105698,Aidan Kehoe,Navy,7.21549,2.57,9.79,7.14,12.44,13,1560
5176091,Jordan Pennick,Navy,-4.38043,1.45,-2.93,-5.18,-0.68,1,3324
5105691,Austin Benigni,Navy,-1.51157,2.54,1.03,-1.47,3.53,9,2020
5105694,Mike Woods,Navy,-0.750589,1.91,1.16,-2.05,4.38,3,3517
5176086,Jinwoo Kim,Navy,-1.96382,1.42,-0.54,-2.68,1.6,14,3263
5176084,Cam Cole,Navy,-0.0384417,2.35,2.31,-0.58,5.2,11,2931
4702740,Jared Garcia,Nebraska,-1.38548,1.89,0.51,-3.19,4.21,7,2587
5108721,Ugnius Jarusevicius,Nebraska,-0.785988,1.35,0.57,-3.42,4.55,2,1900
5105825,Jamarques Lawrence,Nebraska,2.06929,2.3,4.37,1.75,6.98,11,2931
4858604,Pryce Sandfort,Nebraska,8.67799,2.44,11.12,8.64,13.59,12,2556
5174982,Berke Buyuktuncel,Nebraska,7.42474,2.61,10.04,7.18,12.89,0,1028
5105861,Connor Essegian,Nebraska,1.98494,1.38,3.37,1.13,5.61,14,3263
4897432,Sam Hoiberg,Nebraska,9.46575,2.33,11.8,9.27,14.32,11,2931
5239571,Braden Frager,Nebraska,4.7508,2.44,7.19,4.47,9.9,12,2556
4592677,Rienk Mast,Nebraska,5.41459,1.81,7.22,4.45,9.99,3,3517
5105827,Cale Jacobsen,Nebraska,5.87091,3.09,8.96,6.48,11.45,6,2471
5109018,Kendall Blue,Nebraska,1.57481,2.33,3.9,0.88,6.92,11,2931
5177690,Corey Camper Jr.,Nevada,6.03116,2.27,8.3,5.94,10.65,11,2931
4845370,Tyler Rolison,Nevada,-0.303012,1.81,1.51,-2.03,5.05,5,2652
5177732,Chuck Bailey III,Nevada,-0.0918839,1.41,1.31,-1.01,3.63,14,3263
5176227,Amire Robinson,Nevada,1.39499,2.52,3.91,0.7,7.12,12,2556
5175170,Joel Armotrading,Nevada,3.48207,2.62,6.1,3.07,9.13,0,1028
5106706,Tayshawn Comer,Nevada,-0.808946,2.62,1.81,-1.01,4.64,9,2020
5176317,Elijah Price,Nevada,5.04293,1.21,6.26,1.81,10.71,2,1900
5119063,Kaleb Lowery,Nevada,4.53083,2.51,7.04,3.99,10.1,12,2556
5313913,Myles Walker,Nevada,-0.961426,1.92,0.96,-2.73,4.66,5,2652
5313914,Vaughn Weems,Nevada,4.73431,2.48,7.21,4.35,10.07,12,2556
5313915,Peyton White,Nevada,-0.939969,1.42,0.48,-1.84,2.8,14,3263
5176417,Belal El Shakery,New Hampshire,-5.28598,1.8,-3.49,-6.67,-0.31,7,2587
5174932,KiJan Robinson,New Hampshire,-6.42162,1.38,-5.04,-7.07,-3.01,1,3324
5177101,Dylan Saunders,New Hampshire,-5.89674,1.68,-4.21,-7.68,-0.75,10,2561
5239772,Jon O'Neill,New Hampshire,-3.73777,2.63,-1.11,-4.61,2.4,13,1560
5175705,Davide Poser,New Hampshire,-2.81247,1.63,-1.18,-5.32,2.96,10,2561
5239771,Antoni Siewruk,New Hampshire,-5.6288,1.43,-4.2,-6.58,-1.82,14,3263
5103832,Comeh Emuobor,New Hampshire,-9.80949,1.81,-8.0,-11.39,-4.61,7,2587
5240394,R.J. Kennedy,New Hampshire,-7.66536,2.1,-5.56,-8.93,-2.2,17,3093
5174630,Jack Graham,New Hampshire,-3.69236,2.06,-1.63,-4.93,1.66,17,3093
5176520,John Squire,New Hampshire,-1.39725,2.29,0.89,-2.43,4.22,15,2561
5313119,Tyler Bike,New Hampshire,-3.3499,1.58,-1.77,-5.78,2.24,10,2561
5061598,JT Rock,New Mexico,5.27581,2.58,7.86,5.0,10.72,0,1028
5107272,Tajavis Miller,New Mexico,2.1042,1.43,3.53,1.25,5.81,14,3263
5176443,Kevin Patton Jr.,New Mexico,5.25654,2.25,7.5,4.4,10.61,15,2561
5176237,Deyton Albury,New Mexico,3.76958,2.62,6.39,3.72,9.07,9,2020
4684163,Chris Howell,New Mexico,3.13565,3.04,6.18,3.8,8.55,6,2471
5105860,Antonio Chol,New Mexico,1.27195,2.12,3.39,0.1,6.68,17,3093
5315585,Tomislav Buljan,New Mexico,5.21788,1.2,6.41,2.3,10.53,2,1900
5254338,Jake Hall,New Mexico,4.27944,2.46,6.74,4.1,9.37,12,2556
5188026,Luke Haupt,New Mexico,4.53905,3.03,7.57,5.32,9.83,6,2471
5254340,Uriah Tenette,New Mexico,4.21827,2.31,6.53,3.83,9.23,11,2931
4897978,Elijah Elliott,New Mexico State,-0.973155,1.35,0.38,-1.65,2.41,1,3324
5106697,Kyrese Mullen,New Mexico State,-5.61769,1.93,-3.69,-7.58,0.2,7,2587
5175054,Cyr Malonga,New Mexico State,-0.641704,2.63,1.99,-1.54,5.51,13,1560
5107453,Jayland Randall,New Mexico State,-0.593552,1.37,0.78,-1.33,2.88,14,3263
5242603,JaeCoby Osborne,New Mexico State,0.948373,2.28,3.23,0.02,6.44,15,2561
5242601,Gabe Pickens,New Mexico State,-4.80648,1.85,-2.96,-6.53,0.61,5,2652
5176298,Julius Mims,New Mexico State,0.922619,2.25,3.17,0.51,5.84,15,2561
5241846,Jemel Jones,New Mexico State,4.00043,2.48,6.48,3.86,9.1,9,2020
5105877,Anthony Wrzeszcz,New Mexico State,-1.26442,1.44,0.17,-2.13,2.47,14,3263
5240272,Augustine Ekwe,New Mexico State,-0.129866,2.66,2.53,-0.7,5.77,0,1028
5180743,Chris Terrell,New Mexico State,-1.14827,1.83,0.68,-2.92,4.28,5,2652
5108809,Coleton Benson,New Orleans,-0.28069,1.38,1.1,-0.84,3.03,14,3263
5175360,Churchill Abass,New Orleans,1.80966,2.58,4.39,1.67,7.1,0,1028
4709140,Hercy Miller,New Orleans,-5.78294,1.88,-3.9,-7.65,-0.16,5,2652
5108082,Jakevion Buckley,New Orleans,-0.308237,2.54,2.23,-0.3,4.76,9,2020
4848628,MJ Thomas,New Orleans,3.06968,1.21,4.28,-0.28,8.84,2,1900
5115621,Grant Kemp,New Orleans,-1.96018,3.09,1.13,-1.56,3.83,6,2471
5313580,Enzo Boudouma,New Orleans,-1.00206,1.93,0.93,-2.36,4.22,3,3517
5313575,TJ Cope,New Orleans,-1.35177,2.25,0.9,-2.02,3.82,15,2561
5313574,Irish Coquia,New Orleans,-5.00226,1.87,-3.13,-6.86,0.59,5,2652
5313579,Kedrick Osby,New Orleans,-2.65284,1.44,-1.21,-3.58,1.15,14,3263
5313581,Panagiotis Pagonis,New Orleans,-1.99561,2.01,0.01,-3.86,3.88,7,2587
5242643,Will Shortt,Niagara,-1.74213,2.31,0.57,-2.86,4.0,8,2224
5175174,Justin Page,Niagara,-4.71305,1.36,-3.35,-5.32,-1.37,1,3324
5242642,Landon Williams,Niagara,-4.39314,2.13,-2.27,-5.64,1.1,17,3093
5175375,Vice Zanki,Niagara,-2.31379,2.48,0.16,-2.83,3.16,12,2556
5175675,Trenton Walters,Niagara,-5.84516,1.4,-4.45,-6.56,-2.33,1,3324
5106680,Josiah Sabino,Niagara,-2.69468,1.87,-0.83,-4.08,2.42,3,3517
5314360,Brian Griffith,Niagara,-9.88131,1.84,-8.04,-11.51,-4.58,5,2652
5314356,Justin Hawkins,Niagara,-4.12542,1.9,-2.23,-5.88,1.43,7,2587
5314361,Drew Larson,Niagara,-1.35647,1.93,0.57,-2.66,3.8,3,3517
5314357,Reggie Prudhomme,Niagara,-4.42556,1.83,-2.6,-6.06,0.86,5,2652
5314358,Kabeya Tshibangu,Niagara,-2.11466,2.63,0.51,-2.99,4.02,13,1560
5105975,Christian Winborne,Nicholls,-1.36391,1.41,0.05,-2.17,2.26,14,3263
5177699,Jalin Rice,Nicholls,-5.81092,1.93,-3.88,-7.69,-0.06,7,2587
5105625,Nick Krass,Nicholls,-4.78046,2.13,-2.65,-6.08,0.77,17,3093
4897337,Trae English,Nicholls,-2.36377,1.38,-0.98,-2.98,1.02,1,3324
5107701,Sincere Malone,Nicholls,0.797204,2.98,3.78,1.68,5.88,6,2471
5176646,Jaylen Searles,Nicholls,-0.832151,1.84,1.0,-1.97,3.97,3,3517
5116500,Grant Sanders,Nicholls,-0.742527,2.28,1.54,-1.78,4.86,15,2561
4897548,Zee Hamoda,Nicholls,-1.3212,1.86,0.54,-2.61,3.7,3,3517
5313592,Jalik Dunkley,Nicholls,-0.810214,2.23,1.42,-1.19,4.04,15,2561
5176708,Dian Wright-Forde,Norfolk State,-4.67096,1.82,-2.85,-6.38,0.68,5,2652
5178891,Devon Ellis,Norfolk State,-1.82559,2.25,0.43,-2.36,3.21,15,2561
5106767,Elijah Jamison,Norfolk State,-4.4586,1.29,-3.16,-4.98,-1.35,1,3324
5108049,Anthony McComb III,Norfolk State,-3.47931,1.35,-2.13,-4.0,-0.27,1,3324
5108030,Jaquel Morris,Norfolk State,-0.533153,2.62,2.08,-1.37,5.54,13,1560
5243395,Melo Baines,Norfolk State,-9.10777,2.27,-6.83,-10.15,-3.51,15,2561
5176751,Jordan Leaks,Norfolk State,-4.21205,2.12,-2.09,-5.44,1.25,17,3093
5243394,Mykel Jenkins,Norfolk State,-3.04836,1.58,-1.46,-5.55,2.62,10,2561
5106634,Keyontae Lewis,Norfolk State,-4.06628,2.35,-1.72,-5.18,1.74,8,2224
5314183,Adrean Newton,Norfolk State,-6.86022,1.84,-5.02,-8.62,-1.43,5,2652
5105533,Corneilous Williams,North Alabama,-2.66591,2.29,-0.38,-3.48,2.72,8,2224
4709454,Dallas Howell,North Alabama,-2.25592,2.12,-0.14,-3.4,3.13,17,3093
5239797,Donte Bacchus,North Alabama,-3.51272,1.83,-1.68,-4.66,1.29,3,3517
5176204,Jamal Albritton,North Alabama,-4.5681,2.09,-2.47,-5.7,0.75,16,1516
5239798,Kevin de Kovachich,North Alabama,-4.29945,1.4,-2.9,-4.95,-0.85,1,3324
5176200,Canin Jefferson,North Alabama,-4.80631,1.36,-3.44,-5.42,-1.47,1,3324
5239803,DarKaun King,North Alabama,-5.07718,1.94,-3.14,-6.41,0.13,3,3517
5314351,Cortez Graham-Howard,North Alabama,-6.72216,1.84,-4.88,-8.54,-1.22,5,2652
5314349,Braylon Patton,North Alabama,-9.2233,1.82,-7.41,-10.85,-3.96,5,2652
5176166,Trent Middleton Jr.,North Carolina A&T,-2.59321,1.36,-1.23,-3.14,0.68,1,3324
4693724,Will Felton,North Carolina A&T,-0.839654,2.6,1.76,-1.61,5.12,13,1560
5242272,Bryson Ogletree,North Carolina A&T,-3.51463,2.51,-1.0,-4.06,2.06,12,2556
5239652,Amadou Doumbia,North Carolina A&T,0.511949,2.66,3.17,-0.02,6.37,0,1028
5239649,Lewis Walker,North Carolina A&T,-0.946862,2.27,1.32,-1.02,3.66,11,2931
5174601,Zamoku Weluche-Ume,North Carolina A&T,-4.33457,1.88,-2.46,-5.97,1.06,7,2587
5177701,KJ Debrick,North Carolina A&T,1.29413,2.59,3.89,0.88,6.89,0,1028
5312171,Mujahiid Burton,North Carolina A&T,-4.95465,2.11,-2.84,-6.3,0.62,17,3093
5312174,Dwayne Pierce,North Carolina A&T,-7.20099,1.51,-5.69,-9.59,-1.79,10,2561
5312172,Brooklyn Vick,North Carolina A&T,-6.72158,1.84,-4.88,-8.54,-1.22,5,2652
5106673,Kelechi Okworogwo,North Carolina Central,-3.86742,2.27,-1.6,-4.44,1.24,15,2561
5108775,Dionte Johnson,North Carolina Central,-2.577,2.7,0.12,-2.52,2.77,9,2020
5242551,Khouri Carvey,North Carolina Central,-2.3267,2.24,-0.09,-3.26,3.08,8,2224
5240023,Kyric Davis,North Carolina Central,-4.89574,1.91,-2.98,-6.72,0.75,7,2587
5239749,Tekao Carpenter,North Carolina Central,-7.52083,1.43,-6.09,-8.36,-3.82,14,3263
5107900,Jonathan Dunn,North Carolina Central,-6.26135,1.9,-4.36,-8.11,-0.6,7,2587
5176266,Ryan Archey,North Carolina Central,-8.57038,1.34,-7.23,-10.32,-4.13,4,1464
5176670,Jae Slack,North Carolina Central,-7.75375,1.39,-6.36,-8.41,-4.31,1,3324
5314190,Gage Lattimore,North Carolina Central,-4.19238,1.36,-2.83,-4.7,-0.97,1,3324
4873181,Jarin Stevenson,North Carolina,5.39075,2.5,7.89,4.95,10.84,12,2556
4712836,Seth Trimble,North Carolina,4.98996,2.28,7.27,4.77,9.77,11,2931
5105571,Henri Veesaar,North Carolina,9.6505,1.16,10.81,6.75,14.86,2,1900
5101669,Jonathan Powell,North Carolina,3.62792,1.44,5.07,2.73,7.4,14,3263
4711266,Jaydon Young,North Carolina,-0.102614,1.63,1.52,-2.98,6.03,10,2561
5093253,Kyan Evans,North Carolina,-0.853426,1.87,1.01,-2.59,4.62,5,2652
4895793,Zayden High,North Carolina,2.88122,2.31,5.19,1.51,8.88,8,2224
5312014,Luka Bogavac,North Carolina,1.96404,1.38,3.35,1.28,5.41,14,3263
5144097,Derek Dixon,North Carolina,1.81354,1.58,3.39,-0.58,7.36,10,2561
5095151,Caleb Wilson,North Carolina,12.2009,1.16,13.36,9.66,17.07,2,1900
5106253,Eli King,North Dakota,2.85435,2.99,5.84,3.7,7.98,6,2471
5241646,Reggie Thomas,North Dakota,-0.308432,2.12,1.81,-1.57,5.19,17,3093
5176946,Zach Kraft,North Dakota,-0.908441,2.51,1.6,-1.42,4.62,12,2556
5241647,George Natsvlishvili,North Dakota,-2.70708,2.27,-0.44,-3.87,3.0,8,2224
5241648,Greyson Uelmen,North Dakota,-1.64264,2.52,0.87,-1.79,3.54,9,2020
5177038,Josh Jones,North Dakota,-3.30928,2.04,-1.27,-4.38,1.84,16,1516
5314760,Garrett Anderson,North Dakota,-3.24334,1.54,-1.7,-5.65,2.24,10,2561
5314755,Marley Curtis,North Dakota,-8.99227,1.92,-7.07,-10.92,-3.23,7,2587
5314757,Anthony Smith III,North Dakota,-3.29201,2.67,-0.62,-3.56,2.32,9,2020
4432494,Markhi Strickland,North Dakota State,-1.31336,2.29,0.97,-2.39,4.34,8,2224
5107278,Noah Feddersen,North Dakota State,1.72622,1.23,2.96,-1.83,7.76,2,1900
5241642,Treyson Anderson,North Dakota State,2.53677,1.25,3.78,-0.72,8.28,2,1900
5241640,Andy Stefonowicz,North Dakota State,1.16852,2.33,3.5,0.87,6.12,11,2931
5241641,Carson Smith,North Dakota State,-6.12199,1.61,-4.51,-8.81,-0.2,10,2561
5107273,Damari Wheeler-Thomas,North Dakota State,1.07122,1.35,2.42,0.54,4.3,1,3324
5108046,Emil Skytta,North Dakota State,-1.02791,2.27,1.25,-2.1,4.59,15,2561
5108047,Max Majerle,North Dakota State,-4.73594,2.13,-2.6,-5.78,0.58,17,3093
4901166,Tay Smith,North Dakota State,0.803074,1.42,2.22,0.02,4.43,14,3263
5314778,Trevian Carson,North Dakota State,5.10443,2.98,8.09,6.05,10.12,6,2471
5314779,Riley Massey,North Dakota State,-1.78899,2.13,0.35,-2.97,3.66,17,3093
5243208,Kent Jackson,North Florida,-3.69777,1.36,-2.33,-4.23,-0.43,14,3263
5239995,Dante Oliver,North Florida,-5.72763,1.69,-4.04,-7.98,-0.09,10,2561
5176208,Mason Lee,North Florida,-1.1416,2.5,1.35,-1.42,4.13,12,2556
5119069,Kamrin Oriol,North Florida,-2.23632,2.26,0.02,-2.09,2.13,11,2931
5177724,Nestor Dyachok,North Florida,-4.96434,2.37,-2.59,-6.17,0.98,8,2224
4702988,Alex Vargo,North Florida,-6.00973,1.58,-4.43,-8.77,-0.1,10,2561
4897902,Devin Hines,North Florida,-7.05468,1.95,-5.11,-8.93,-1.28,7,2587
5257916,Dalton Gayman,North Florida,-3.05411,1.84,-1.22,-4.3,1.86,3,3517
5314454,Trey Cady,North Florida,-8.90985,1.86,-7.05,-10.2,-3.9,3,3517
5314453,BJ Plummer,North Florida,-4.56889,2.12,-2.45,-5.69,0.79,17,3093
5106255,Demarion Watson,North Texas,1.73371,1.44,3.17,0.26,6.08,4,1464
5106742,Dylan Arnett,North Texas,-0.346023,1.95,1.6,-1.18,4.39,16,1516
5241610,Reece Robinson,North Texas,1.50416,2.26,3.76,0.84,6.67,15,2561
5241611,Cole Franklin,North Texas,1.44107,3.07,4.51,2.07,6.94,6,2471
5241608,Je'Shawn Stevenson,North Texas,2.44404,2.57,5.01,2.34,7.69,9,2020
5177691,David Terrell Jr.,North Texas,2.00641,2.6,4.61,2.01,7.21,9,2020
4433275,Will McClendon,North Texas,0.0836099,1.39,1.47,-0.49,3.43,1,3324
5106682,Josiah Shackleford,North Texas,-3.91676,2.28,-1.63,-5.2,1.93,8,2224
5313375,Cahmai Crosby,North Texas,-3.94448,1.63,-2.32,-6.72,2.09,10,2561
5313378,Buddy Hammer Jr.,North Texas,1.69301,2.27,3.96,0.93,6.99,15,2561
5313376,EJ Horton,North Texas,-2.60306,3.05,0.45,-2.12,3.02,6,2471
5313377,Curtis Stinson Jr.,North Texas,-7.29228,1.43,-5.86,-9.24,-2.48,4,1464
5174569,Mike Loughnane,Northeastern,-1.91922,2.32,0.4,-2.25,3.06,11,2931
5238169,Xander Alarie,Northeastern,-3.28817,1.87,-1.42,-4.92,2.08,7,2587
5175016,William Kermoury,Northeastern,-0.375149,2.29,1.91,-0.62,4.44,11,2931
5105787,LA Pratt,Northeastern,-1.20826,2.31,1.1,-1.44,3.64,11,2931
5107178,Youri Fritz,Northeastern,-0.92971,2.24,1.31,-1.4,4.03,15,2561
5242276,Ryan Williams,Northeastern,0.917778,2.32,3.24,0.43,6.04,11,2931
5175017,JB Frankel,Northeastern,-4.02753,1.45,-2.58,-4.83,-0.33,1,3324
5242277,Luca Soroa Schaller,Northeastern,-3.8489,1.79,-2.06,-5.57,1.45,5,2652
5312176,Xavier Abreu,Northeastern,-4.33795,1.31,-3.03,-4.92,-1.13,1,3324
5312177,Ty Francis,Northeastern,-4.61968,2.27,-2.35,-5.39,0.68,15,2561
5312179,Liam Koelsch,Northeastern,-3.16263,2.63,-0.53,-4.12,3.05,13,1560
5312180,Petar Pinter,Northeastern,-5.57081,2.39,-3.19,-6.71,0.34,8,2224
4896885,Isaiah Shaw,Northern Arizona,-3.80063,1.86,-1.94,-5.12,1.23,3,3517
5243033,Kavon Bradford,Northern Arizona,-8.00626,1.82,-6.18,-9.74,-2.63,5,2652
5176190,Arne Osojnik,Northern Arizona,-5.44758,1.86,-3.59,-6.74,-0.43,3,3517
5107851,Ryan Abelman,Northern Arizona,-0.687337,1.39,0.71,-1.4,2.81,14,3263
4888717,Oakland Fort,Northern Arizona,-6.1824,2.11,-4.08,-7.42,-0.74,17,3093
4897938,Diego Campisano,Northern Arizona,-2.17608,1.4,-0.78,-3.06,1.5,14,3263
5176783,Traivar Jackson,Northern Arizona,-0.219154,2.32,2.1,-1.27,5.48,8,2224
5177696,Zack Davidson,Northern Arizona,-5.19715,2.23,-2.96,-5.37,-0.55,15,2561
5248277,Karl Poom,Northern Arizona,-6.61969,1.83,-4.79,-7.76,-1.83,3,3517
5313239,Chris Komin,Northern Arizona,0.0728786,2.35,2.43,-0.4,5.26,11,2931
5313240,Brennan Peterson,Northern Arizona,-6.08719,1.62,-4.47,-8.68,-0.25,10,2561
5241653,Ring Nyeri,Northern Colorado,0.143238,2.27,2.41,-0.35,5.17,15,2561
5107514,Ibu Yamazaki,Northern Colorado,-1.17866,2.49,1.31,-1.62,4.24,12,2556
5107217,Chancellor White,Northern Colorado,-6.86842,2.06,-4.8,-8.39,-1.22,17,3093
5107858,Brock Wisne,Northern Colorado,1.78493,1.19,2.97,-1.16,7.11,2,1900
4897944,Zach Bloch,Northern Colorado,2.16972,1.43,3.6,1.51,5.7,14,3263
5176255,William Humer,Northern Colorado,-3.3252,1.93,-1.4,-4.68,1.89,3,3517
5175417,Egan Shields,Northern Colorado,0.188513,2.61,2.8,-0.54,6.14,13,1560
5176300,Quinn Denker,Northern Colorado,4.67185,2.46,7.13,4.91,9.35,9,2020
5241299,Ariik Mawien,Northern Colorado,-6.86635,1.93,-4.93,-8.78,-1.09,7,2587
5176494,Vincent Delano,Northern Colorado,-4.55275,2.1,-2.46,-5.73,0.82,17,3093
5175063,JJ Taylor,Northern Illinois,-0.78522,1.89,1.11,-2.19,4.4,3,3517
4896378,Jao Ituka,Northern Illinois,-2.48738,1.41,-1.08,-3.22,1.06,1,3324
5241390,Makhai Valentine,Northern Illinois,-0.314678,1.39,1.07,-0.98,3.13,14,3263
5241714,Gianni Cobb,Northern Illinois,-3.83495,1.76,-2.08,-5.31,1.16,5,2652
5177140,Daemar Kelly,Northern Illinois,-6.05776,1.4,-4.66,-7.75,-1.57,4,1464
5314202,Carlos Coronado,Northern Illinois,-11.0878,1.85,-9.24,-12.82,-5.65,5,2652
5314208,Dylan Ducommun,Northern Illinois,-5.77239,1.76,-4.01,-7.23,-0.79,5,2652
5314203,Taj Walters,Northern Illinois,-3.02644,1.91,-1.12,-4.35,2.11,3,3517
5314204,Hassan Washington,Northern Illinois,-8.02956,2.25,-5.78,-8.78,-2.78,15,2561
5314209,Gustav Winther,Northern Illinois,-1.81641,2.25,0.43,-2.42,3.28,15,2561
5238171,Ismael Diouf,Northern Iowa,-1.85671,2.05,0.2,-3.4,3.79,17,3093
5176384,RJ Taylor,Northern Iowa,-0.250691,2.39,2.14,-0.89,5.18,11,2931
5107887,Trey Campbell,Northern Iowa,4.34863,2.6,6.95,4.36,9.55,9,2020
4838704,Leon Bond III,Northern Iowa,2.63022,1.87,4.5,1.41,7.59,3,3517
5241409,Will Hornseth,Northern Iowa,3.50469,1.23,4.74,0.26,9.21,2,1900
5176385,Kyle Pock,Northern Iowa,-0.906257,1.44,0.53,-1.87,2.93,14,3263
5241408,Max Weisbrod,Northern Iowa,1.59259,1.45,3.04,0.78,5.31,14,3263
4897474,Ben Schwieger,Northern Iowa,3.41084,2.99,6.4,4.23,8.58,6,2471
5315804,Geon Hutchins,Northern Iowa,-2.60723,1.43,-1.18,-4.78,2.43,4,1464
5315806,Tristan Smith,Northern Iowa,5.8144,1.24,7.05,2.49,11.62,2,1900
5241674,Dan Gherezgher,Northern Kentucky,-2.70879,1.32,-1.39,-3.21,0.44,1,3324
5106776,LJ Wells,Northern Kentucky,2.37656,1.19,3.56,-0.72,7.85,2,1900
5241676,Donovan Rakotonanahary,Northern Kentucky,1.56691,2.63,4.2,0.75,7.64,13,1560
5107298,Donovan Oday,Northern Kentucky,2.08434,2.27,4.35,2.07,6.63,11,2931
4904206,Kael Robinson,Northern Kentucky,-1.43451,1.83,0.39,-2.54,3.33,3,3517
4901934,Tae Dozier,Northern Kentucky,5.66139,2.51,8.17,5.37,10.97,12,2556
5313281,Ethan Elliott,Northern Kentucky,-4.90718,1.43,-3.48,-6.4,-0.55,4,1464
5313280,Shawn Nelson,Northern Kentucky,-8.8765,1.41,-7.47,-10.7,-4.23,4,1464
5175026,Omar Adegbola,Northwestern State,-5.37782,1.53,-3.84,-8.08,0.39,10,2561
5175654,Quentin Bolton,Northwestern State,-3.08403,2.5,-0.59,-4.11,2.94,12,2556
4897467,Micah Thomas,Northwestern State,-3.82742,1.27,-2.55,-4.33,-0.78,1,3324
5243094,Willie Williams,Northwestern State,1.81004,2.25,4.06,1.41,6.71,15,2561
5176673,J.C. Riley Jr.,Northwestern State,-0.218768,1.93,1.71,-1.54,4.95,3,3517
5243089,Landyn Jumawan,Northwestern State,-3.68629,1.62,-2.06,-6.3,2.17,10,2561
5176672,Chris Mubiru,Northwestern State,0.697025,1.94,2.63,-0.56,5.83,3,3517
5243093,Justin Redmond,Northwestern State,-5.36406,1.5,-3.86,-7.84,0.12,10,2561
5176781,Izzy Miles,Northwestern State,-3.76221,1.37,-2.39,-4.41,-0.36,1,3324
5176415,Chip Brunt,Northwestern State,-4.05975,1.87,-2.19,-5.76,1.39,5,2652
5314536,CJ Larry,Northwestern State,-7.87206,1.43,-6.44,-9.67,-3.21,4,1464
5314537,Moustapha Loum,Northwestern State,-2.24163,2.06,-0.18,-3.28,2.91,16,1516
5314538,Kordrick Turner,Northwestern State,-4.82333,2.35,-2.47,-6.04,1.11,8,2224
5060696,Arrinten Page,Northwestern,7.55466,1.24,8.8,4.22,13.38,2,1900
4895746,Jayden Reid,Northwestern,0.328013,2.62,2.95,0.18,5.73,9,2020
5242943,Max Green,Northwestern,2.11313,2.1,4.22,0.85,7.59,17,3093
5105832,Nick Martinelli,Northwestern,5.86337,1.18,7.05,3.21,10.88,2,1900
5101650,K.J. Windham,Northwestern,0.549626,1.43,1.98,-0.29,4.26,1,3324
5239575,Angelo Ciaravino,Northwestern,4.03165,2.28,6.31,3.08,9.54,15,2561
5107289,Justin Mullins,Northwestern,2.47255,2.27,4.75,1.36,8.14,15,2561
5093250,Jordan Clayton,Northwestern,2.62237,1.47,4.09,1.72,6.46,14,3263
5144141,Tyler Kropp,Northwestern,0.761994,1.96,2.72,-0.59,6.03,3,3517
5226071,Tre Singleton,Northwestern,3.53092,1.31,4.84,0.12,9.57,2,1900
5221322,Jake West,Northwestern,-0.992524,1.47,0.47,-1.81,2.76,1,3324
4702120,Carson Towt,Notre Dame,5.26402,2.63,7.89,4.75,11.03,13,1560
5105845,Kebba Njie,Notre Dame,-2.369,2.63,0.26,-3.25,3.78,13,1560
5101623,Markus Burton,Notre Dame,4.62503,2.47,7.1,4.53,9.67,9,2020
4912455,Braeden Shrewsberry,Notre Dame,1.74264,1.41,3.15,1.09,5.22,14,3263
5142610,Garrett Sundra,Notre Dame,2.13723,2.51,4.65,1.54,7.76,12,2556
5144373,Cole Certa,Notre Dame,1.18765,1.38,2.57,0.49,4.64,14,3263
5137653,Sir Mohammed,Notre Dame,-1.65833,1.88,0.22,-3.34,3.78,7,2587
4872727,Logan Imes,Notre Dame,0.376941,2.11,2.49,-0.85,5.83,17,3093
5312258,Jalen Haralson,Notre Dame,1.14207,2.41,3.55,0.87,6.24,9,2020
5312256,Brady Koehler,Notre Dame,3.07668,2.25,5.33,2.31,8.35,15,2561
5107377,Brody Robinson,Oakland,0.998041,2.6,3.6,1.22,5.98,9,2020
5177149,Michael Houge,Oakland,-3.8069,1.83,-1.98,-5.02,1.06,3,3517
5177207,Tuburu Naivalurua,Oakland,2.03546,1.85,3.89,0.93,6.85,3,3517
5241679,Nassim Mashhour,Oakland,-1.15763,2.49,1.33,-1.62,4.27,12,2556
5241684,Warren Marshall IV,Oakland,-0.561119,2.28,1.72,-1.79,5.22,15,2561
5313714,Isaac Garrett,Oakland,2.48093,1.2,3.68,-0.66,8.02,2,1900
5313713,Khoi Thurmon,Oakland,-7.55563,1.41,-6.15,-9.4,-2.9,4,1464
5315124,Ziare Wells,Oakland,-0.00417102,3.02,3.01,0.79,5.24,6,2471
5313712,Brett White II,Oakland,-0.474615,1.43,0.95,-1.24,3.15,14,3263
5239578,Dior Conners,Ohio,-5.07233,1.53,-3.54,-7.85,0.77,10,2561
4897370,Jalen Breath,Ohio,-5.38231,1.99,-3.39,-6.39,-0.39,16,1516
5108006,Javan Simmons,Ohio,0.682739,2.23,2.91,-0.22,6.04,8,2224
5108011,Aidan Hadaway,Ohio,0.365047,1.83,2.19,-0.65,5.03,3,3517
5107317,Jackson Paveletzke,Ohio,-0.712895,2.6,1.89,-0.56,4.34,9,2020
5108009,Ajay Sheldon,Ohio,0.0600682,1.65,1.71,-2.29,5.71,10,2561
5243081,Kiir Kuany,Ohio,-2.70747,2.51,-0.2,-3.39,2.99,12,2556
5243083,Jesse Burris,Ohio,-8.12595,1.56,-6.57,-10.95,-2.19,10,2561
5243080,Elijah Elliott,Ohio,-6.15113,1.42,-4.73,-7.83,-1.63,4,1464
5314210,JJ Kelly,Ohio,0.296233,2.51,2.81,-0.15,5.76,12,2556
5105837,Bruce Thornton,Ohio State,10.9109,2.25,13.16,10.99,15.34,11,2931
4895776,Devin Royal,Ohio State,4.00902,1.84,5.85,2.85,8.84,3,3517
5060708,John Mobley Jr.,Ohio State,5.03037,2.28,7.31,4.87,9.76,11,2931
5101675,Colin White,Ohio State,3.27867,2.13,5.41,1.88,8.94,17,3093
5239599,Ivan Njegovan,Ohio State,4.9119,2.28,7.19,3.86,10.53,15,2561
4685646,Taison Chatman,Ohio State,3.24683,2.36,5.61,2.65,8.57,11,2931
4702994,Brandon Noel,Ohio State,4.45269,2.61,7.06,3.68,10.45,13,1560
5109790,Christoph Tilly,Ohio State,5.62851,1.24,6.87,2.31,11.42,2,1900
4701846,Puff Johnson,Ohio State,6.38463,2.49,8.88,5.56,12.19,12,2556
4845387,Gabe Cupps,Ohio State,1.62731,2.13,3.76,0.73,6.8,17,3093
5196946,Amare Bynum,Ohio State,5.52863,2.49,8.01,5.15,10.88,12,2556
5095155,Derrion Reid,Oklahoma,3.66883,2.47,6.14,3.33,8.94,12,2556
4576062,Nijel Pack,Oklahoma,5.24879,2.28,7.52,5.18,9.86,11,2931
5174633,Xzayvier Brown,Oklahoma,4.2906,2.28,6.57,4.14,9.01,11,2931
5106293,Mohamed Wague,Oklahoma,9.70192,2.61,12.31,9.54,15.08,0,1028
5238221,Dayton Forsythe,Oklahoma,-0.875528,1.45,0.57,-1.71,2.85,1,3324
5144388,Kuol Atak,Oklahoma,3.18128,2.46,5.64,2.64,8.64,12,2556
5238220,Jeff Nwankwo,Oklahoma,-0.877644,1.58,0.71,-3.57,4.98,10,2561
4611534,Jadon Jones,Oklahoma,8.19287,2.51,10.71,7.66,13.75,12,2556
5105594,Tae Davis,Oklahoma,2.60636,1.82,4.43,1.51,7.35,3,3517
5329888,Kirill Elatontsev,Oklahoma,6.5791,2.51,9.09,6.0,12.19,12,2556
5174611,Jaylen Curry,Oklahoma State,2.95564,2.68,5.63,2.88,8.38,9,2020
4901961,Christian Coleman,Oklahoma State,3.36632,2.25,5.61,2.88,8.35,15,2561
4884257,Isaiah Coleman,Oklahoma State,0.312614,2.33,2.64,-0.87,6.16,8,2224
5105844,Kanye Clary,Oklahoma State,2.15272,2.69,4.84,2.16,7.52,9,2020
4701189,Anthony Roy,Oklahoma State,3.20023,2.28,5.48,3.04,7.92,11,2931
5106286,Robert Jennings II,Oklahoma State,-0.704062,2.25,1.55,-1.24,4.34,15,2561
5240264,Andrija Vukovic,Oklahoma State,4.52004,2.27,6.79,3.87,9.72,15,2561
4897970,Parsa Fallah,Oklahoma State,5.32314,1.21,6.53,2.08,10.98,2,1900
5238208,Vyctorius Miller,Oklahoma State,2.9674,2.31,5.28,2.54,8.02,11,2931
5210965,Benjamin Ahmed,Oklahoma State,-0.380612,2.31,1.93,-1.65,5.51,8,2224
5215268,Ryan Crotty,Oklahoma State,-0.3296,1.66,1.33,-3.0,5.66,10,2561
5311926,Lefteris Mantzoukas,Oklahoma State,-2.1601,2.12,-0.04,-3.43,3.34,17,3093
5240380,Stefan Cicic,Pepperdine,-2.05292,2.24,0.19,-2.78,3.16,15,2561
5241336,Styles Phipps,Pepperdine,1.69183,2.57,4.26,1.78,6.74,9,2020
5105456,David Mager,Pepperdine,-5.94727,1.56,-4.38,-8.73,-0.03,10,2561
5240937,Danilo Dožic,Pepperdine,-2.62859,1.42,-1.21,-3.32,0.9,14,3263
4703833,Javon Cooley,Pepperdine,-1.66541,1.87,0.2,-2.96,3.36,3,3517
4895742,Aaron Clark,Pepperdine,-1.99519,1.33,-0.67,-2.51,1.18,1,3324
5176260,Pavle Stošic,Pepperdine,-0.947571,2.38,1.43,-2.1,4.96,8,2224
5262456,Yonatan Levy,Pepperdine,-1.76458,1.93,0.17,-3.04,3.37,3,3517
4897456,Preston Phillips,Pepperdine,-0.79316,2.29,1.5,-2.11,5.1,15,2561
5314742,Luka Vudragovic,Pepperdine,-7.56223,2.1,-5.46,-8.98,-1.94,17,3093
5101664,Nojus Indrusaitis,Pittsburgh,1.00585,1.4,2.41,0.33,4.49,1,3324
4712902,Cameron Corhen,Pittsburgh,2.58425,1.2,3.78,-0.65,8.22,2,1900
5060728,Brandin Cummings,Pittsburgh,-0.30415,1.37,1.07,-0.93,3.06,1,3324
4683675,Barry Dunning Jr.,Pittsburgh,3.10631,2.47,5.58,2.82,8.33,12,2556
5107652,Damarco Minor,Pittsburgh,3.0873,2.34,5.43,2.71,8.14,11,2931
5312288,Roman Siulepa,Pittsburgh,3.62749,1.84,5.47,2.31,8.63,3,3517
5237300,Omari Witherspoon,Pittsburgh,-2.20449,1.77,-0.43,-3.87,3.01,5,2652
5242402,Riley Parker,Portland,-2.0642,2.33,0.27,-2.85,3.38,11,2931
5105883,Matúš Hronský,Portland,-2.68371,2.1,-0.58,-3.9,2.73,17,3093
5241061,James O'Donnell,Portland,-1.06596,2.57,1.51,-1.71,4.72,13,1560
5105662,Jermaine Ballisager Webb,Portland,1.36305,1.25,2.61,-2.11,7.34,2,1900
5240973,Mikah Ballew,Portland,-4.0545,1.54,-2.51,-6.64,1.61,10,2561
5314718,Dante Censori-Hercules,Portland,2.37778,2.41,4.79,1.39,8.18,8,2224
5314722,Joel Foxwell,Portland,1.22476,2.52,3.75,1.33,6.16,9,2020
5314717,Timo George,Portland,5.33714,2.52,7.86,4.84,10.88,13,1560
5314720,Garrett Nuckolls,Portland,-2.41411,1.78,-0.63,-4.11,2.84,5,2652
5314723,Cameron Williams,Portland,-2.22522,1.86,-0.37,-3.53,2.79,3,3517
5241389,Mozae Downing-Rivers,Portland State,-9.68437,1.39,-8.29,-11.95,-4.64,4,1464
4838708,Charles Chukwu,Portland State,-2.12611,2.63,0.5,-2.9,3.9,13,1560
4712656,Tre-Vaughn Minott,Portland State,1.66387,2.63,4.29,1.2,7.38,13,1560
5175974,Jaylin Henderson,Portland State,0.225545,2.49,2.72,0.31,5.13,9,2020
5175976,Terri Miller Jr.,Portland State,4.27163,1.19,5.46,1.59,9.33,2,1900
5175677,Kelcy Phipps,Portland State,-0.0268923,3.09,3.06,0.54,5.58,6,2471
5241305,Alex Dupre,Portland State,-4.02814,1.66,-2.36,-6.69,1.96,10,2561
5241303,Sebastian Tidor,Portland State,-3.61826,1.59,-2.02,-6.21,2.16,10,2561
4586322,Brycen Long,Portland State,-2.79095,1.62,-1.17,-5.53,3.2,10,2561
5176451,Keyon Kensie Jr.,Portland State,0.0612967,1.87,1.94,-1.17,5.04,3,3517
5241003,Kean Webb,Portland State,-2.3306,2.63,0.3,-3.41,4.01,13,1560
5313265,Isaiah Williams,Portland State,-0.42578,3.1,2.67,0.03,5.31,6,2471
5177019,Marcel Bryant,Prairie View A&M,-5.1241,1.88,-3.25,-6.79,0.3,7,2587
5176729,Ryan Bolton Jr.,Prairie View A&M,-5.02831,2.63,-2.4,-5.83,1.03,13,1560
5176727,Dontae Horne,Prairie View A&M,0.86474,2.43,3.29,0.76,5.83,9,2020
5247621,Keeshawn Mason,Prairie View A&M,-4.12502,2.0,-2.13,-5.96,1.71,7,2587
4904928,Cory Wells,Prairie View A&M,-2.06321,1.86,-0.2,-3.59,3.18,7,2587
5177138,Doug Young,Prairie View A&M,-3.98622,1.4,-2.59,-4.66,-0.51,1,3324
4703215,Tai'Reon Joseph,Prairie View A&M,-6.41977,1.31,-5.11,-6.96,-3.25,1,3324
4705371,Joey Madimba,Prairie View A&M,-2.91934,1.85,-1.06,-4.3,2.17,3,3517
4904924,Corey Dunning,Prairie View A&M,1.95036,2.1,4.05,0.85,7.24,16,1516
4904931,Lance Williams,Prairie View A&M,-2.22072,1.45,-0.77,-2.91,1.37,1,3324
5190922,Hassane Diallo,Prairie View A&M,-3.11935,2.0,-1.11,-4.17,1.95,16,1516
5314805,Elijah Mitchell,Prairie View A&M,-4.14291,1.7,-2.44,-5.73,0.84,10,2561
5314804,Jannoy Thomas,Prairie View A&M,-3.0508,2.41,-0.64,-4.09,2.8,8,2224
5241915,Josh Pickett,Presbyterian,-5.13736,1.63,-3.51,-7.7,0.69,10,2561
5107524,Jaylen Peterson,Presbyterian,0.48199,2.25,2.73,0.05,5.41,15,2561
5175673,Jonah Pierce,Presbyterian,-1.95089,2.21,0.26,-2.68,3.21,8,2224
5241602,Iverson King,Presbyterian,-5.55591,2.12,-3.44,-6.88,0.0,17,3093
5175672,Carl Parrish,Presbyterian,-2.12478,1.38,-0.74,-2.71,1.23,1,3324
5241605,Chidi Chiakwelu,Presbyterian,1.54839,2.64,4.19,1.08,7.29,0,1028
5241606,Triston Wilson,Presbyterian,-1.76583,2.66,0.89,-1.81,3.59,9,2020
5241604,Khalon Hudson,Presbyterian,-1.97502,2.5,0.52,-2.63,3.68,12,2556
5242608,Erik Taylor,Presbyterian,-3.64653,1.44,-2.21,-4.41,-0.0,14,3263
5313514,JD Bowden,Presbyterian,-8.79464,1.41,-7.39,-11.15,-3.62,4,1464
5177173,Jacob Huggins,Princeton,-0.647712,1.97,1.32,-2.47,5.12,7,2587
5177175,Dalen Davis,Princeton,-5.368,1.28,-4.08,-5.91,-2.26,1,3324
5177174,Jackson Hicke,Princeton,1.45887,2.27,3.73,1.35,6.11,11,2931
5241741,CJ Happy,Princeton,-3.69535,2.03,-1.67,-5.02,1.69,17,3093
5174791,Malik Abdullahi,Princeton,-2.20727,2.31,0.1,-3.18,3.39,8,2224
5241743,Jack Stanton,Princeton,1.3469,1.42,2.76,0.68,4.84,14,3263
5221328,Landon Clark,Princeton,0.202065,2.13,2.34,-0.78,5.45,17,3093
5314682,Sebastian Whitfield,Princeton,-7.12598,1.95,-5.18,-9.08,-1.28,7,2587
4898010,Jaylin Sellers,Providence,3.514,2.27,5.78,3.45,8.11,11,2931
5105782,Cole Hargrove,Providence,3.60281,2.42,6.02,2.55,9.49,8,2224
5101651,Daquan Davis,Providence,0.592956,1.88,2.47,-1.42,6.36,5,2652
5164558,Oswin Erhunmwunse,Providence,6.37571,2.63,9.01,5.85,12.16,13,1560
4684718,Corey Floyd Jr.,Providence,1.2732,2.33,3.6,0.84,6.37,11,2931
5156117,Ryan Mela,Providence,2.52677,1.87,4.39,1.29,7.5,3,3517
5175064,Jason Edwards,Providence,2.15374,2.27,4.43,2.13,6.72,11,2931
4565204,Duncan Powell,Providence,0.497584,2.12,2.62,-0.77,6.01,17,3093
5041949,Jamier Jones,Providence,2.26824,2.24,4.51,1.81,7.2,15,2561
5311991,Stefan Vaaks,Providence,2.81137,2.28,5.09,2.66,7.53,11,2931
4897438,Trey Kaufman-Renn,Purdue,8.03974,1.19,9.23,5.1,13.36,2,1900
5144147,Daniel Jacobsen,Purdue,8.61132,2.6,11.21,8.28,14.14,0,1028
5105854,Braden Smith,Purdue,8.51445,2.53,11.05,8.74,13.36,9,2020
5105853,Fletcher Loyer,Purdue,7.29865,2.31,9.61,7.0,12.22,11,2931
5101658,Gicarri Harris,Purdue,7.15089,2.38,9.53,6.54,12.53,11,2931
5175591,C.J. Cox,Purdue,7.19381,2.51,9.7,6.75,12.65,12,2556
5102618,Jack Benter,Purdue,7.24338,2.51,9.75,6.7,12.81,12,2556
5174973,Oscar Cluff,Purdue,13.4092,2.59,16.0,12.99,19.02,13,1560
4702975,Liam Murphy,Purdue,1.36508,2.46,3.82,0.66,6.99,12,2556
5312035,Omer Mayer,Purdue,0.683934,2.33,3.01,0.11,5.91,11,2931
5176937,DeAndre Craig Jr.,Purdue Fort Wayne,-2.60583,1.34,-1.27,-3.15,0.61,1,3324
5107870,Maximus Nelson,Purdue Fort Wayne,-2.63957,1.44,-1.2,-3.45,1.06,14,3263
4896969,Jordan Battle,Old Dominion,2.17094,2.27,4.45,2.03,6.86,11,2931
5105804,Caelum Swanton-Rodger,Old Dominion,1.07102,2.58,3.65,0.37,6.93,13,1560
5174612,Robert Davis Jr.,Old Dominion,-3.97621,1.56,-2.42,-6.4,1.56,10,2561
5240615,Scottie Hubbard,Old Dominion,-1.96437,1.66,-0.3,-4.51,3.9,10,2561
5106717,Jared Turner,Old Dominion,0.809182,2.51,3.32,0.31,6.33,12,2556
5243387,KC Shaw,Old Dominion,-5.43427,1.28,-4.16,-5.92,-2.39,1,3324
4683842,LJ Thomas,Old Dominion,-2.6531,2.64,-0.01,-2.72,2.7,9,2020
5197113,Drew McKenna,Old Dominion,-3.51294,1.89,-1.63,-4.91,1.66,3,3517
5313179,Zacch Wiggins,Old Dominion,-1.20004,2.5,1.3,-1.75,4.35,12,2556
5105603,AJ Storr,Ole Miss,1.92902,2.28,4.2,1.85,6.56,11,2931
4873100,Travis Perry,Ole Miss,3.29467,1.43,4.72,2.43,7.02,14,3263
4712862,Malik Dia,Ole Miss,0.197415,1.78,1.98,-0.75,4.7,3,3517
5171788,Eduardo Klafke,Ole Miss,5.03448,2.5,7.54,4.47,10.6,12,2556
5175354,Augusto Cassiá,Ole Miss,2.66587,2.28,4.95,1.23,8.67,15,2561
5102798,James Scott,Ole Miss,7.90457,2.67,10.58,7.59,13.57,0,1028
5105649,Koren Johnson,Ole Miss,-2.00747,1.41,-0.6,-4.37,3.18,4,1464
4897575,Kezza Giffa,Ole Miss,1.83475,2.33,4.17,1.25,7.09,11,2931
4858606,Corey Chest,Ole Miss,6.78003,2.29,9.07,5.74,12.39,15,2561
5311523,Ilias Kamardine,Ole Miss,3.01992,2.67,5.69,3.0,8.38,9,2020
5144099,Patton Pinkins,Ole Miss,2.99393,2.5,5.49,2.5,8.49,12,2556
5095063,Paul Djobet,Omaha,1.12082,1.2,2.32,-1.71,6.35,2,1900
5107275,Lance Waddles,Omaha,-1.03921,1.84,0.8,-2.19,3.79,3,3517
5107268,Tony Osburn,Omaha,-0.331466,1.42,1.08,-0.98,3.14,14,3263
5107263,Ja'Sean Glover,Omaha,-2.93714,1.83,-1.11,-4.02,1.8,3,3517
5241629,Kamryn Thomas,Omaha,-5.11458,2.0,-3.12,-6.91,0.68,7,2587
5241630,Khamani Cooper,Omaha,-6.39318,1.44,-4.95,-7.23,-2.67,1,3324
5177015,Grant Stubblefield,Omaha,1.36184,2.32,3.69,1.01,6.36,11,2931
5241628,Valentino Simon,Omaha,-1.43145,2.36,0.93,-2.64,4.5,8,2224
5106459,Julian Margrave,Omaha,0.0954813,2.52,2.61,-0.63,5.85,12,2556
5241909,Christian Richardson,Omaha,-4.01758,2.6,-1.42,-4.8,1.95,13,1560
5314815,Brock Scholl,Omaha,-2.91629,1.99,-0.93,-4.79,2.94,7,2587
5175352,Ofri Naveh,Oral Roberts,-1.72039,2.97,1.25,-0.84,3.34,6,2471
5239629,Jack Turner,Oral Roberts,-7.33165,1.44,-5.89,-8.11,-3.68,1,3324
5101865,Connor Dow,Oral Roberts,-0.484421,2.46,1.97,-0.77,4.72,12,2556
5108086,Yuto Yamanouchi-Williams,Oral Roberts,-6.04494,1.87,-4.17,-7.78,-0.57,7,2587
5241624,Luke Gray,Oral Roberts,-2.2304,1.85,-0.38,-3.59,2.84,3,3517
5107320,Chase Martin,Oral Roberts,-2.4931,2.29,-0.2,-3.8,3.4,15,2561
4683748,Ty Harper,Oral Roberts,-2.66616,1.24,-1.43,-3.14,0.29,1,3324
5314798,Cal Furnish,Oral Roberts,-2.78207,2.14,-0.65,-3.59,2.3,17,3093
5314799,Martins Kilups,Oral Roberts,-2.12393,2.51,0.39,-2.72,3.5,12,2556
4897769,Miles Stewart,Oregon,-4.25155,2.4,-1.85,-5.34,1.64,8,2224
5174937,Takai Simpkins,Oregon,0.83681,2.3,3.14,0.5,5.77,11,2931
4869739,Sean Stewart,Oregon,2.60043,2.26,4.86,1.93,7.79,15,2561
5152761,Devon Pryor,Oregon,1.13535,2.13,3.27,0.24,6.29,17,3093
4683769,Kwame Evans Jr.,Oregon,6.3486,1.2,7.55,3.14,11.96,2,1900
4432586,Nate Bittle,Oregon,8.01723,1.2,9.22,5.15,13.28,2,1900
4845361,Jackson Shelstad,Oregon,3.22868,2.62,5.85,3.32,8.38,9,2020
5239600,Dezdrick Lindsay,Oregon,1.39678,3.05,4.44,1.99,6.9,6,2471
5176387,Drew Carter,Oregon,-2.15001,2.14,-0.01,-3.08,3.05,17,3093
4869779,Jamari Phillips,Oregon,-3.97985,1.63,-2.35,-6.68,1.98,10,2561
5312019,Wei Lin,Oregon,-4.10709,1.41,-2.7,-4.88,-0.51,1,3324
5175842,Dez White,Oregon State,-0.26749,1.41,1.14,-1.05,3.33,14,3263
5241683,Malcolm Christie,Oregon State,-4.25599,1.39,-2.87,-5.14,-0.59,14,3263
4895790,Noah Amenhauser,Oregon State,-1.71518,2.3,0.59,-3.0,4.18,8,2224
5105411,Jorge Diaz Graham,Oregon State,4.29396,1.38,5.68,1.03,10.32,2,1900
5176335,Stephen Olowoniyi,Oregon State,-2.55039,2.33,-0.22,-3.99,3.54,8,2224
5240883,Isaiah Sy,Oregon State,0.444768,1.52,1.96,-1.93,5.86,10,2561
5240884,Johan Munch,Oregon State,0.989119,2.28,3.26,-0.17,6.7,8,2224
5175011,Josiah Lake II,Oregon State,2.83104,2.66,5.49,2.94,8.04,9,2020
5176771,Yaak Yaak,Oregon State,-1.92159,2.23,0.31,-2.62,3.24,15,2561
5313086,Keziah Ekissi,Oregon State,-3.46489,1.83,-1.64,-5.27,2.0,5,2652
5313087,Matija Samar,Oregon State,-3.41349,1.55,-1.86,-6.15,2.43,10,2561
5313088,Olavi Suutela,Oregon State,-0.215545,2.26,2.05,-0.95,5.05,15,2561
5107209,Jaden Clayton,Pacific,0.0635676,1.74,1.8,-1.37,4.97,5,2652
5174659,Kajus Kublickas,Pacific,-3.15294,1.79,-1.36,-4.82,2.1,5,2652
5108762,Isaac Jack,Pacific,3.14429,2.6,5.75,2.5,9.0,13,1560
5242571,Alexis Marmolejos,Pacific,-1.68888,1.39,-0.3,-2.61,2.01,14,3263
5240903,Elias Ralph,Pacific,4.56158,1.82,6.38,3.59,9.17,3,3517
4683947,TJ Wainwright,Pacific,0.259108,1.39,1.65,-0.44,3.74,14,3263
5105631,KC Ibekwe,Pacific,-1.68081,1.98,0.3,-2.65,3.26,16,1516
4709142,Justin Rochelin,Pacific,1.75746,1.87,3.63,0.48,6.78,3,3517
5101832,Jaion Pitt,Pacific,4.52562,2.29,6.81,3.36,10.27,15,2561
4838723,Josh Reed,Penn State,1.93493,2.47,4.4,1.57,7.23,12,2556
5125192,Freddie Dilione V,Penn State,2.13374,2.28,4.41,1.98,6.85,11,2931
5173445,Dominick Stewart,Penn State,0.958672,1.43,2.39,0.16,4.62,14,3263
5093264,Eli Rice,Penn State,-1.30318,1.41,0.11,-2.16,2.38,14,3263
5170078,Saša Ciani,Penn State,-5.52819,2.01,-3.52,-7.47,0.44,7,2587
4873144,Mason Blackwood,Penn State,-2.46945,2.51,0.04,-3.14,3.23,12,2556
5312025,Ivan Juric,Penn State,-0.915219,2.24,1.32,-1.38,4.03,15,2561
5144108,Kayden Mingo,Penn State,3.63375,2.61,6.24,3.66,8.82,9,2020
5312028,Tibor Mirtic,Penn State,-0.657024,2.26,1.6,-1.46,4.66,15,2561
5312026,Melih Tunca,Penn State,-0.813181,2.31,1.5,-1.29,4.29,11,2931
5182415,Augustus Gerhart,Pennsylvania,2.09676,2.63,4.73,1.36,8.09,13,1560
5108811,Ethan Roberts,Pennsylvania,-0.614192,1.3,0.68,-1.11,2.48,1,3324
5241734,Dylan Williams,Pennsylvania,-8.01234,1.57,-6.44,-10.76,-2.12,10,2561
5108098,Johnnie Walter,Pennsylvania,-3.24812,2.05,-1.2,-4.22,1.83,7,2587
5241732,AJ Levine,Pennsylvania,1.52995,2.67,4.2,1.42,6.97,9,2020
5182416,Niklas Polonowski,Pennsylvania,-8.59817,2.09,-6.5,-10.04,-2.97,17,3093
5108877,Michael Zanoni,Pennsylvania,-0.765648,1.41,0.65,-1.5,2.79,14,3263
5107164,Cam Thrower,Pennsylvania,-2.70779,1.43,-1.28,-3.5,0.95,1,3324
4684843,TJ Power,Pennsylvania,3.65458,1.82,5.47,2.74,8.21,3,3517
5314644,Jay Jones,Pennsylvania,-1.88287,1.97,0.09,-3.73,3.91,7,2587
5314648,Lucas Lueth,Pennsylvania,0.281364,2.13,2.41,-0.94,5.76,17,3093
5314646,Dalton Scantlebury,Pennsylvania,1.61193,2.31,3.92,0.37,7.47,8,2224
5243104,Kyle Edison,SE Louisiana,-1.37657,2.98,1.61,-0.8,4.02,6,2471
5176658,CJ Booker,SE Louisiana,-5.15805,1.48,-3.68,-6.03,-1.34,1,3324
5124659,Ahmed Essahaty,SE Louisiana,-5.4111,1.92,-3.49,-7.15,0.16,5,2652
5243105,Jaiden Lawrence,SE Louisiana,-2.58049,2.12,-0.46,-3.75,2.84,17,3093
5240906,Seth Jones,SE Louisiana,-2.68218,2.12,-0.57,-3.92,2.78,17,3093
5108048,Ubong-Abasi Etim,SE Louisiana,-5.97581,2.09,-3.89,-7.13,-0.64,16,1516
5314564,Peter Hemschemeier,SE Louisiana,-6.56325,1.5,-5.06,-9.06,-1.06,10,2561
5107627,Jack Campion,SIU Edwardsville,0.0566018,2.66,2.72,0.02,5.41,9,2020
5242970,Myles Thompson,SIU Edwardsville,-4.16581,1.89,-2.28,-5.84,1.28,7,2587
5242967,Ring Malith,SIU Edwardsville,0.606356,1.8,2.4,-0.31,5.12,3,3517
5182713,Jo Valrie,SIU Edwardsville,-3.1697,2.11,-1.06,-4.35,2.24,17,3093
5176137,Darrion Baker,SIU Edwardsville,-1.51309,2.25,0.74,-2.17,3.64,15,2561
5107655,Arnas Sakenis,SIU Edwardsville,5.44913,2.62,8.07,5.23,10.91,0,1028
5177364,Jordan Pickett,SIU Edwardsville,-4.99167,1.58,-3.41,-7.53,0.72,10,2561
5107708,Kyle Thomas,SIU Edwardsville,-3.67064,1.93,-1.74,-5.53,2.05,7,2587
5241623,Darius Robinson Jr.,SIU Edwardsville,-3.94221,1.56,-2.39,-6.77,2.0,10,2561
5183116,CJ Hall,SIU Edwardsville,-6.65052,1.83,-4.82,-8.34,-1.3,5,2652
5314331,Tyler King,SIU Edwardsville,-1.45908,1.37,-0.09,-2.15,1.97,14,3263
4703115,Jaron Pierre Jr.,SMU,2.46021,2.27,4.73,2.37,7.09,11,2931
5110039,Corey Washington,SMU,4.28399,2.48,6.77,3.94,9.59,12,2556
4683781,Sam Walters,SMU,-1.58332,2.12,0.54,-2.97,4.05,17,3093
5105552,B.J. Edwards,SMU,7.71034,2.97,10.68,8.75,12.62,6,2471
4898283,Boopie Miller,SMU,5.07498,2.54,7.62,5.33,9.9,9,2020
5238184,Samet Yigitoglu,SMU,2.39697,2.27,4.66,1.49,7.84,8,2224
5041938,B.J. Davis-Ray,SMU,-1.11806,2.14,1.02,-2.1,4.14,17,3093
5312289,Jermaine O'Neal Jr.,SMU,0.843475,1.44,2.28,-0.08,4.65,14,3263
5101840,Jaden Toombs,SMU,3.91485,1.29,5.2,0.49,9.91,2,1900
5312290,Samet Yigitoglu,SMU,5.27043,2.6,7.87,4.87,10.86,13,1560
4683786,Mikey Williams,Sacramento State,-4.13499,1.27,-2.87,-4.6,-1.14,1,3324
5240356,Taj Glover,Sacramento State,-4.16628,1.46,-2.71,-5.03,-0.38,1,3324
5241384,Jahni Summers,Sacramento State,-2.88581,1.42,-1.47,-3.62,0.68,14,3263
5175391,Arman Madi,Sacramento State,1.18362,3.04,4.23,1.84,6.62,6,2471
5177722,Prophet Johnson,Sacramento State,3.90569,2.54,6.45,4.11,8.78,9,2020
4684156,Shaqir O'Neal,Sacramento State,-3.16515,2.0,-1.17,-4.99,2.66,7,2587
5174976,Jayden Teat,Sacramento State,-8.13555,1.53,-6.61,-10.71,-2.51,10,2561
5241260,Jeremiah Cherry,Sacramento State,3.0491,2.57,5.62,3.16,8.08,0,1028
4711296,Brandon Gardner,Sacramento State,-4.15772,2.01,-2.15,-6.01,1.71,7,2587
5313277,Mark Lavrenov,Sacramento State,-4.33289,1.86,-2.47,-5.63,0.69,3,3517
5313274,Romari Robinson,Sacramento State,-4.35146,1.44,-2.92,-5.87,0.04,4,1464
5243019,Mekhi Conner,Sacred Heart,-4.19524,1.74,-2.46,-5.63,0.72,5,2652
5243023,Fallou Gueye,Sacred Heart,-5.30419,1.58,-3.73,-8.01,0.56,10,2561
4709320,Anquan Hill,Sacred Heart,-2.7586,1.81,-0.95,-3.71,1.8,3,3517
5243021,Taj Bryant,Sacred Heart,-7.45481,1.83,-5.63,-9.28,-1.98,5,2652
5243020,Jaden Slaughter,Sacred Heart,-4.17462,1.95,-2.22,-5.47,1.03,3,3517
5243018,Nyle Ralph-Beyer,Sacred Heart,-2.43773,1.39,-1.05,-3.12,1.01,14,3263
4712834,Dashon Gittens,Sacred Heart,2.47028,2.29,4.76,2.29,7.23,11,2931
5105988,Yann Farell,Sacred Heart,-0.405765,2.49,2.08,-0.7,4.87,12,2556
5144128,Abdou Yadd,Sacred Heart,-9.88617,1.87,-8.01,-11.61,-4.41,7,2587
5061597,Jaden Smith,Saint Joseph's,-1.60978,2.01,0.4,-2.7,3.49,16,1516
5142608,Jaiden Glover-Toscano,Saint Joseph's,0.95949,1.83,2.79,-0.17,5.75,3,3517
4702962,Justice Ajogbor,Saint Joseph's,5.84792,2.67,8.52,5.59,11.44,0,1028
5105858,Derek Simpson,Saint Joseph's,4.61488,2.61,7.22,4.77,9.68,9,2020
5174634,Anthony Finkley,Saint Joseph's,-2.47499,1.54,-0.94,-5.14,3.27,10,2561
5174636,Dasear Haskins,Saint Joseph's,1.9655,1.86,3.82,0.76,6.89,3,3517
5239676,Khaafiq Myers,Saint Joseph's,-1.14197,1.8,0.66,-2.82,4.13,5,2652
4873087,Deuce Jones,Saint Joseph's,-0.56868,2.57,2.01,-0.6,4.61,9,2020
5236333,Austin Williford,Saint Joseph's,1.83292,3.03,4.87,2.54,7.19,6,2471
4917097,Robbie Avila,Saint Louis,6.40251,2.27,8.67,6.3,11.05,11,2931
5105980,Kellen Thames,Saint Louis,7.78733,1.24,9.03,4.55,13.5,2,1900
5239707,Amari McCottry,Saint Louis,3.3495,2.93,6.28,4.33,8.23,6,2471
4685659,Brady Dunlap,Saint Louis,1.78063,2.49,4.27,1.25,7.28,12,2556
5175171,Quentin Jones,Saint Louis,3.25986,3.0,6.26,4.07,8.45,6,2471
4711258,Trey Green,Saint Louis,5.84374,2.33,8.18,5.48,10.87,11,2931
5107797,Paul Otieno,Saint Louis,5.76392,1.4,7.16,2.6,11.72,2,1900
5107242,Dion Brown,Saint Louis,3.94357,2.45,6.4,3.75,9.05,12,2556
5183809,Ishan Sharma,Saint Louis,4.38153,2.5,6.88,3.98,9.79,12,2556
5174955,Paulius Murauskas,Saint Mary's,5.90569,1.19,7.09,3.05,11.14,2,1900
5105418,Harry Wessels,Saint Mary's,5.67049,2.63,8.3,5.27,11.33,0,1028
5240980,Mikey Lewis,Saint Mary's,2.59592,1.34,3.94,2.02,5.86,1,3324
5176481,Andrew McKeever,Saint Mary's,6.7213,2.26,8.98,5.73,12.23,8,2224
5183875,Joshua Dent,Saint Mary's,5.26009,2.3,7.56,5.1,10.03,11,2931
5123978,Rory Hawke,Saint Mary's,0.0143992,2.28,2.29,-1.41,5.99,15,2561
5101655,Liam Campbell,Saint Mary's,2.85585,2.51,5.37,2.28,8.45,12,2556
5241001,Tony Duckett,Saint Mary's,-4.14302,1.42,-2.72,-4.98,-0.47,1,3324
5313031,Dillan Shaw,Saint Mary's,6.59454,2.51,9.1,6.23,11.98,12,2556
5176401,Lucas Scroggins,Saint Peter's,4.65487,2.63,7.28,3.95,10.62,13,1560
5176176,Bryce Eaton,Saint Peter's,-2.727,2.61,-0.12,-2.87,2.63,9,2020
4898370,Zaakir Williamson,Saint Peter's,-1.05142,1.89,0.84,-2.86,4.54,7,2587
5112342,Eric Morgan Jr.,Saint Peter's,-6.24017,1.58,-4.66,-8.93,-0.4,10,2561
4898256,Brent Bland,Saint Peter's,2.45764,3.0,5.45,3.33,7.57,6,2471
4590362,Adetokunbo Bakare,Saint Peter's,-3.39125,1.56,-1.83,-6.17,2.5,10,2561
5106667,Elijah Perkins,Saint Peter's,-3.05039,1.44,-1.61,-4.48,1.25,4,1464
5176179,Shaedon Simpson,Saint Peter's,-3.91456,1.6,-2.31,-6.57,1.94,10,2561
4897807,J'Quan Ewing,Saint Peter's,0.115443,2.4,2.51,-0.91,5.93,8,2224
5314170,Bol Agu,Saint Peter's,0.990017,3.07,4.06,1.44,6.68,6,2471
5314169,Jahki Gupton,Saint Peter's,-3.19785,1.91,-1.29,-5.04,2.46,7,2587
5314168,TJ Robinson,Saint Peter's,-5.59362,2.55,-3.04,-6.01,-0.07,9,2020
4897888,Veljko Ilic,Sam Houston,3.48776,2.26,5.74,2.56,8.93,8,2224
5179294,Po'Boigh King,Sam Houston,0.835835,1.38,2.22,0.19,4.25,14,3263
5060702,Justin Begg,Sam Houston,-4.49253,1.76,-2.73,-5.95,0.49,5,2652
5117648,Kashie Natt,Sam Houston,7.79907,2.97,10.77,8.74,12.8,6,2471
4895786,Isaiah Manning,Sam Houston,0.483728,1.85,2.33,-0.76,5.42,3,3517
5242606,Jaxson Ford,Sam Houston,-5.35339,2.02,-3.33,-6.31,-0.35,16,1516
5176773,CJ Beaumont,Sam Houston,-0.642079,2.12,1.48,-1.94,4.9,17,3093
5106786,Deangelo Elisee,Purdue Fort Wayne,0.548408,2.66,3.21,0.08,6.34,0,1028
5177707,Corey Hadnot II,Purdue Fort Wayne,1.23614,2.48,3.72,1.29,6.15,9,2020
5106785,Chris Morgan,Purdue Fort Wayne,-5.53392,1.67,-3.86,-8.11,0.39,10,2561
5239710,Ebrahim Kaba,Purdue Fort Wayne,-8.11915,1.57,-6.55,-10.66,-2.44,10,2561
5176836,Darius Duffy,Purdue Fort Wayne,1.32922,2.64,3.96,0.65,7.28,13,1560
5177573,Mikale Stevenson,Purdue Fort Wayne,-2.80416,1.32,-1.49,-3.32,0.35,1,3324
5313722,Yuval Levin,Purdue Fort Wayne,-2.53609,3.02,0.49,-2.01,2.98,6,2471
5313721,EJ Mosley,Purdue Fort Wayne,-7.04007,1.65,-5.39,-9.68,-1.11,10,2561
5239648,Nate Guerengomba,Quinnipiac,-3.82613,2.02,-1.8,-5.53,1.92,7,2587
5107321,Amarri Monroe,Quinnipiac,2.0092,2.92,4.93,3.1,6.76,6,2471
5242907,Spence Wewe,Quinnipiac,-0.9148,2.04,1.13,-1.93,4.18,16,1516
5242905,Grant Randall,Quinnipiac,1.62017,2.5,4.12,1.32,6.91,12,2556
5242908,Jaden Zimmerman,Quinnipiac,-4.57991,1.34,-3.24,-5.15,-1.34,1,3324
5242906,Samson Reilly,Quinnipiac,-3.1058,1.59,-1.51,-5.64,2.61,10,2561
5242115,Asim Jones,Quinnipiac,-1.9566,1.36,-0.6,-2.51,1.3,1,3324
4703194,Ronell Giles Jr.,Quinnipiac,-6.94836,1.56,-5.39,-10.05,-0.73,10,2561
5311609,Keith Mcknight,Quinnipiac,1.72374,1.22,2.95,-1.71,7.61,2,1900
5311607,Tai Turnage,Quinnipiac,-3.49041,1.57,-1.92,-6.16,2.32,10,2561
5108145,Louie Jordan,Radford,-4.94778,2.11,-2.84,-6.28,0.6,17,3093
5174621,Tyson Brown,Radford,-1.56099,2.36,0.8,-2.41,4.0,8,2224
4848630,Dennis Parker Jr.,Radford,0.0269079,1.79,1.81,-0.83,4.46,3,3517
4873143,Del Jones,Radford,-3.91531,1.26,-2.65,-4.38,-0.93,1,3324
5176159,Lukas Walls,Radford,0.360384,2.51,2.87,-0.06,5.8,12,2556
4894453,Mari Jordan,Radford,0.258861,1.93,2.19,-1.04,5.42,3,3517
5242992,Jaylon Johnson,Radford,0.141426,1.39,1.53,-0.46,3.52,1,3324
5105622,Brennan Rigsby Jr.,Radford,-1.28676,2.13,0.85,-2.42,4.12,17,3093
5313521,Frederik Erichsen,Radford,-4.28471,2.24,-2.04,-4.99,0.9,15,2561
4848629,Jahmere Tripp,Rhode Island,2.6195,2.94,5.56,3.54,7.58,6,2471
5239711,Jonah Hinton,Rhode Island,-1.58149,1.39,-0.19,-2.2,1.81,1,3324
4684207,Keeyan Itejere,Rhode Island,3.61694,2.63,6.25,2.97,9.53,13,1560
5108122,RJ Johnson,Rhode Island,-3.77852,1.84,-1.94,-5.41,1.53,5,2652
4898259,Mouhamed Sow,Rhode Island,1.45296,2.26,3.71,0.84,6.58,15,2561
4706260,Myles Corey,Rhode Island,2.19206,2.99,5.19,2.95,7.43,6,2471
4684303,Drissa Traore,Rhode Island,-1.53616,2.12,0.59,-3.06,4.23,17,3093
4431930,Tyler Cochran,Rhode Island,4.71462,2.93,7.64,5.76,9.53,6,2471
4897620,Alex Crawford,Rhode Island,-3.67553,1.97,-1.71,-5.57,2.15,7,2587
5311868,Jalen Harper,Rhode Island,-5.6631,1.63,-4.04,-8.48,0.41,10,2561
5107293,Stephen Giwa,Rice,2.96275,2.63,5.59,2.12,9.07,13,1560
5177125,Dallas Hobbs,Rice,-3.5768,1.37,-2.21,-4.36,-0.06,1,3324
5243364,Nick Anderson,Rice,3.35945,2.28,5.64,3.14,8.14,11,2931
5105561,Jordan Williams,Rice,-2.05629,1.43,-0.62,-3.6,2.36,4,1464
4702522,Trae Broadnax,Rice,1.82259,2.54,4.36,1.79,6.92,9,2020
5117583,Jimmy Oladokun Jr.,Rice,-1.83844,1.98,0.14,-2.81,3.09,16,1516
5107142,Andrew Akuchie,Rice,-0.0387243,2.63,2.59,-0.95,6.13,13,1560
4690767,Jalen Smith,Rice,-0.822732,1.4,0.58,-1.44,2.59,1,3324
5144088,Cam Carroll,Rice,-3.12204,1.54,-1.58,-5.71,2.54,10,2561
5312069,Eternity Eguagie,Rice,-4.14751,1.94,-2.2,-6.02,1.62,7,2587
5254173,Bodey Howell,Rice,-5.71843,2.12,-3.6,-7.02,-0.18,17,3093
4897192,AJ Lopez,Richmond,1.68846,2.3,3.99,1.37,6.6,11,2931
5176349,Jaden Daughtry,Richmond,-2.93383,1.82,-1.11,-4.05,1.83,3,3517
5176149,David Thomas,Richmond,-1.30198,1.44,0.14,-2.21,2.48,14,3263
5105481,Will Johnston,Richmond,-0.837127,1.41,0.57,-1.61,2.74,14,3263
5105974,Mike Walz,Richmond,4.26877,1.22,5.49,0.87,10.12,2,1900
5174629,Mikkel Tyne,Richmond,-2.95428,1.45,-1.51,-3.76,0.74,1,3324
5174628,Collin Tanner,Richmond,-1.64435,1.92,0.28,-2.98,3.53,3,3517
5106043,Jonathan Beagle,Richmond,1.36845,2.28,3.65,0.16,7.14,8,2224
5105566,Apostolos Roumoglou,Richmond,1.87202,2.13,4.0,0.69,7.32,17,3093
5239673,Jaylen Robinson,Richmond,-0.137305,2.62,2.48,-1.11,6.07,13,1560
5254316,Aiden Argabright,Richmond,1.23846,2.3,3.54,0.83,6.25,11,2931
5242913,Cole McCabe,Rider,-6.54452,1.65,-4.89,-9.27,-0.52,10,2561
5242911,Flash Burton,Rider,-3.74343,1.31,-2.43,-4.27,-0.59,1,3324
5105581,Zion Cruz,Rider,-6.08372,1.36,-4.73,-6.68,-2.78,1,3324
5116517,Daniel Helterhoff,Rider,-8.54928,2.32,-6.23,-9.85,-2.61,8,2224
5107177,Devean Williams,Rider,-3.07155,1.86,-1.21,-4.94,2.52,5,2652
5241869,Davis Bynum,Rider,-6.54364,1.92,-4.62,-8.46,-0.78,7,2587
5178893,Antwan Wilson,Rider,-8.22804,1.4,-6.83,-10.08,-3.59,4,1464
4898349,Shemani Fuller,Rider,-3.07338,2.31,-0.76,-4.2,2.67,8,2224
5314466,AB Coulibaly,Rider,-6.99302,2.1,-4.89,-8.37,-1.41,17,3093
5314465,Jamir McNeil,Rider,-7.98067,1.44,-6.54,-9.54,-3.54,4,1464
5314464,Caleb Smith,Rider,-3.37151,1.96,-1.41,-5.09,2.27,7,2587
5241658,DeSean Goode,Robert Morris,5.21024,1.19,6.4,2.22,10.58,2,1900
5175001,Nikolaos Chitikoudis,Robert Morris,1.55648,2.25,3.81,0.62,7.0,8,2224
5108062,Ryan Prather Jr.,Robert Morris,3.98652,2.28,6.27,3.84,8.7,11,2931
5196867,Josh Hill,Robert Morris,-7.39358,1.87,-5.53,-9.1,-1.96,7,2587
5240756,Ta'Zir Smith,Robert Morris,-1.43771,1.44,-0.0,-2.21,2.21,1,3324
4690766,Kaleb Brown,Robert Morris,-1.11891,2.12,1.0,-2.33,4.34,17,3093
5177532,Ubong Okon,Robert Morris,-4.33001,2.09,-2.24,-5.4,0.92,16,1516
5313731,Darius Livingston,Robert Morris,-3.03861,1.77,-1.27,-4.55,2.02,5,2652
5313732,Samuel Obenjo,Robert Morris,-1.94278,2.63,0.69,-2.88,4.26,13,1560
5313733,Albert Vargas,Robert Morris,-2.43177,1.78,-0.66,-4.02,2.71,5,2652
5313730,Cam Wilds,Robert Morris,-2.88374,1.44,-1.44,-3.8,0.91,14,3263
5175809,Tariq Francis,Rutgers,4.63643,2.53,7.17,4.48,9.86,9,2020
5105402,Darren Buchanan Jr.,Rutgers,0.172119,1.86,2.04,-1.17,5.24,3,3517
5174805,Emmanuel Ogbole,Rutgers,2.93117,2.64,5.57,2.59,8.55,0,1028
5061576,Dylan Grant,Rutgers,0.195189,1.85,2.04,-1.18,5.26,3,3517
5142358,Jamichael Davis,Rutgers,2.97037,1.45,4.42,2.22,6.62,1,3324
5144387,Bryce Dortch,Rutgers,3.08259,2.62,5.71,2.23,9.18,13,1560
5312037,Denis Badalau,Rutgers,-1.75922,1.96,0.2,-3.73,4.14,7,2587
5234749,Lino Mark,Rutgers,0.167969,2.98,3.15,0.79,5.52,6,2471
5081348,Chris Nwuli,Rutgers,-1.75114,2.0,0.25,-3.69,4.18,7,2587
5248301,Kaden Powers,Rutgers,-1.79882,1.38,-0.42,-2.54,1.7,1,3324
5264730,Harun Zrno,Rutgers,-0.83351,1.41,0.57,-1.77,2.91,14,3263
5106865,Isaiah Gaines,SE Louisiana,1.71674,2.27,3.99,0.7,7.28,8,2224
5240393,Makhi Myles,SE Louisiana,1.47572,3.01,4.49,2.15,6.83,6,2471
5176390,Ethan Pickett,SE Louisiana,-5.29516,1.94,-3.36,-7.16,0.45,7,2587
5107520,Jalen Forrest,SE Louisiana,-4.52528,1.84,-2.68,-5.82,0.46,3,3517
5243102,Jeremy Elyzee,SE Louisiana,-0.093268,2.97,2.87,0.75,4.99,6,2471
4896936,Damon Nicholas Jr.,Sam Houston,1.75234,1.91,3.66,0.49,6.84,3,3517
5241724,Jacobe Coleman,Sam Houston,-0.145459,1.41,1.27,-0.87,3.4,14,3263
5314534,Matt Dann,Sam Houston,4.80004,2.66,7.46,4.29,10.63,0,1028
5314535,Jacob Walker,Sam Houston,-0.879686,1.39,0.51,-1.5,2.52,1,3324
4898194,Keaton Norris,Samford,-1.68981,1.4,-0.29,-2.26,1.68,1,3324
5176239,Jaxon Pollard,Samford,-4.13349,1.96,-2.17,-6.08,1.74,7,2587
5144382,Zion Wilburn,Samford,-5.45727,1.96,-3.49,-7.34,0.35,7,2587
4684838,Will Shaver,Samford,-4.58977,1.99,-2.6,-5.61,0.41,16,1516
5241374,Cade Norris,Samford,-0.196214,2.51,2.31,-0.52,5.15,12,2556
5176193,Dylan Faulkner,Samford,4.16234,1.19,5.35,1.5,9.21,2,1900
5241906,Kam Martin,Samford,-3.92377,1.43,-2.5,-4.78,-0.22,14,3263
4702680,Jadin Booth,Samford,2.02126,2.27,4.29,2.03,6.54,11,2931
5101768,Isaiah Campbell-Finch,Samford,-5.2085,2.1,-3.11,-6.38,0.16,17,3093
5175973,Sean Newman Jr.,San Diego State,-0.666222,1.88,1.21,-2.43,4.85,5,2652
4703399,Jeremiah Oden,San Diego State,0.977521,2.5,3.47,0.32,6.63,12,2556
5176240,Magoon Gwath,San Diego State,4.80837,2.56,7.37,4.64,10.09,0,1028
5176241,BJ Davis,San Diego State,6.08421,2.29,8.37,5.78,10.97,11,2931
5107804,Miles Byrd,San Diego State,8.55465,2.97,11.52,9.41,13.64,6,2471
5176243,Miles Heide,San Diego State,5.2467,2.62,7.86,4.47,11.26,13,1560
5061584,Pharaoh Compton,San Diego State,8.57619,2.58,11.16,7.79,14.53,13,1560
4873147,Taj DeGourville,San Diego State,1.03545,1.79,2.83,-0.64,6.29,5,2652
5313927,Reese Dixon-Waters,San Diego State,2.06053,1.38,3.44,1.43,5.45,14,3263
5313924,Elzie Harrington,San Diego State,-0.0822987,2.31,2.23,-0.54,4.99,11,2931
5313925,Tae Simmons,San Diego State,2.56063,2.61,5.17,1.72,8.62,13,1560
5239760,Tim Moore Jr.,San Diego,-2.69496,1.89,-0.81,-4.07,2.45,3,3517
4870444,Juanse Gorosito,San Diego,-0.0917191,1.39,1.3,-0.72,3.32,1,3324
4702226,Toneari Lane,San Diego,-1.11228,1.41,0.3,-1.84,2.44,14,3263
4845369,Ty-Laur Johnson,San Diego,1.06091,2.49,3.55,0.88,6.23,9,2020
5107819,Dominique Ford,San Diego,-3.10782,3.02,-0.08,-2.54,2.37,6,2471
4711295,Assane Diop,San Diego,-1.39348,2.26,0.87,-2.05,3.78,15,2561
5241002,Gavin Ripp,San Diego,-3.45654,1.99,-1.47,-5.27,2.34,7,2587
5105416,Emmanuel Callas,San Diego,-4.5697,1.44,-3.13,-6.69,0.43,4,1464
5185563,Adrian McIntyre,San Diego,2.12517,2.29,4.42,1.82,7.01,11,2931
5101837,Alejandro Aviles,San Diego,-3.17798,1.99,-1.19,-5.1,2.73,7,2587
5313159,Vuk Boskovic,San Diego,-1.99437,2.09,0.09,-3.0,3.19,17,3093
5105410,Guillermo Diaz Graham,San Francisco,3.18044,1.92,5.1,1.89,8.32,3,3517
5174624,David Fuchs,San Francisco,1.10011,1.22,2.32,-1.9,6.55,2,1900
4683767,Mookie Cook,San Francisco,1.83804,1.86,3.69,0.51,6.88,3,3517
5037875,Tyrone Riley IV,San Francisco,2.67869,2.48,5.16,2.35,7.96,12,2556
5241062,Veniamin Abosi,San Francisco,0.156901,1.92,2.07,-1.14,5.29,3,3517
5176426,Junjie Wang,San Francisco,0.129886,1.86,1.99,-1.22,5.2,3,3517
4433208,Saba Gigiberia,San Francisco,0.926317,2.54,3.46,0.6,6.33,0,1028
5176425,Ryan Beasley,San Francisco,2.56631,2.66,5.23,2.62,7.84,9,2020
4702764,Vukasin Masic,San Francisco,-3.73534,2.11,-1.62,-4.99,1.74,17,3093
5101799,Legend Smiley,San Francisco,0.473102,1.42,1.9,-0.32,4.11,14,3263
5107997,JaVaughn Hannah,San José State,-0.428874,1.4,0.97,-1.13,3.07,1,3324
5241493,Yaphet Moundi,San José State,1.35962,2.24,3.6,0.42,6.79,8,2224
5176315,Colby Garland,San José State,2.91753,2.48,5.4,2.97,7.83,9,2020
5142584,Adrian Myers,San José State,2.20652,1.85,4.06,0.91,7.21,3,3517
4432749,Sadraque NgaNga,San José State,-3.25533,1.88,-1.37,-4.64,1.9,3,3517
5241251,Jermaine Washington,San José State,-1.96331,1.42,-0.55,-2.62,1.52,1,3324
5176252,Pasha Goodarzi,San José State,-1.66271,1.43,-0.23,-2.48,2.01,14,3263
4873192,Ben Roseborough,San José State,-2.92133,1.4,-1.53,-3.59,0.54,1,3324
5243238,Marcus Overstreet,San José State,-0.851807,2.37,1.52,-2.07,5.11,8,2224
5101782,Melvin Bell Jr.,San José State,-2.91495,2.11,-0.8,-4.06,2.46,17,3093
5248295,Douglas Langford,San José State,-0.34702,2.05,1.71,-1.52,4.93,16,1516
5313931,Japhet Moupadele,San José State,-4.14781,2.1,-2.05,-5.5,1.41,17,3093
4897872,Juan Reyna,Santa Clara,-5.65228,1.58,-4.07,-8.37,0.23,10,2561
5241069,Elijah Mahi,Santa Clara,4.43366,2.95,7.38,5.39,9.37,6,2471
5176361,Bukky Oboye,Santa Clara,8.15303,2.61,10.76,7.44,14.08,13,1560
5109789,Jake Ensminger,Santa Clara,7.46656,2.52,9.98,7.24,12.72,12,2556
4897209,Brenton Knapper,Santa Clara,1.63828,1.43,3.07,0.89,5.25,1,3324
5149115,Allen Graves,Santa Clara,14.2222,1.21,15.43,10.95,19.91,2,1900
5176359,Christian Hammond,Santa Clara,2.22642,2.28,4.51,2.05,6.97,11,2931
5215425,Sash Gavalyugov,Santa Clara,0.938373,1.38,2.32,0.29,4.34,1,3324
5196879,KJ Cochran,Santa Clara,1.23315,2.48,3.71,0.55,6.86,12,2556
5147928,Thierry Darlan,Santa Clara,1.3895,1.9,3.29,0.05,6.53,3,3517
5176261,Junseok Yeo,Seattle U,-0.450741,1.85,1.4,-1.68,4.47,3,3517
5177725,Brock Felder,Seattle U,2.93443,2.66,5.6,2.49,8.7,0,1028
5241338,Austin Maurer,Seattle U,3.19425,1.28,4.48,-0.35,9.31,2,1900
5241342,Brayden Maldonado,Seattle U,4.35808,2.28,6.64,4.19,9.08,11,2931
5107830,Maleek Arington,Seattle U,3.0015,1.86,4.86,1.47,8.26,5,2652
4433606,John Christofilis,Seattle U,-2.21042,1.42,-0.79,-3.07,1.49,14,3263
5241344,Houran Dan,Seattle U,-1.61182,2.32,0.71,-2.84,4.25,8,2224
5177716,Will Heimbrodt,Seattle U,3.54128,2.53,6.07,3.57,8.57,0,1028
5313138,Miles Amos,Seattle U,-2.50685,1.92,-0.59,-4.12,2.95,5,2652
5313139,Jojo Murphy,Seattle U,0.948194,2.99,3.94,1.6,6.28,6,2471
5239637,Tajuan Simpkins,Seton Hall,2.52776,3.0,5.53,3.23,7.83,6,2471
5105681,Josh Rivera,Seton Hall,0.396732,1.99,2.38,-1.47,6.24,7,2587
5108891,Stephon Payne,Seton Hall,5.9394,2.62,8.56,5.65,11.47,0,1028
5238170,Trey Parker,Seton Hall,1.40215,3.0,4.41,1.98,6.83,6,2471
4703837,AJ Staton-McCray,Seton Hall,3.57695,2.98,6.55,4.37,8.74,6,2471
5101686,Godswill Erheriene,Seton Hall,-3.1453,2.07,-1.08,-4.22,2.07,16,1516
4873098,Jahseem Felton,Seton Hall,-8.21421,1.41,-6.81,-10.77,-2.85,4,1464
5106288,Elijah Fisher,Seton Hall,2.52448,3.04,5.56,3.14,7.99,6,2471
5111629,Jacob Dar,Seton Hall,2.62595,2.26,4.89,1.81,7.97,15,2561
5174319,Mike Williams,Seton Hall,1.02675,3.01,4.03,1.67,6.4,6,2471
5177275,Adam Clark,Seton Hall,1.97985,2.59,4.57,1.92,7.21,9,2020
5292602,Najai Hines,Seton Hall,10.6104,2.61,13.22,10.36,16.08,0,1028
5107811,Brendan Coyle,Siena,-1.33659,1.42,0.08,-2.09,2.26,14,3263
5106044,Marcus Jackson,Siena,-1.28422,3.08,1.79,-0.97,4.55,6,2471
5242925,Tajae Jones,Siena,-6.39776,2.01,-4.39,-8.04,-0.74,7,2587
5242926,Gavin Doty,Siena,3.02418,1.82,4.84,2.09,7.59,3,3517
5242922,Justice Shoats,Siena,-2.52882,1.75,-0.78,-3.85,2.29,5,2652
4685004,Riley Mulvey,Siena,3.68255,2.63,6.31,2.89,9.73,13,1560
5176556,Brandon Hardy,Southern,-2.14214,2.13,-0.01,-2.97,2.95,17,3093
5175066,Terrance Dixon Jr.,Southern,1.74882,2.61,4.36,1.07,7.64,13,1560
4585609,Keith Lamar,Southern,-6.28189,1.39,-4.89,-8.09,-1.69,4,1464
4905542,DaMariee Jones,Southern,1.81714,2.32,4.13,0.92,7.35,8,2224
5243366,Michael Jacobs,Southern,-1.85925,2.47,0.61,-1.91,3.14,9,2020
5108073,Cam Amboree,Southern,-4.36794,1.39,-2.97,-5.0,-0.94,1,3324
5243371,Puoch Dobuol,Southern,-1.42371,1.95,0.53,-3.48,4.53,7,2587
5243369,AJ Barnes,Southern,1.70982,2.99,4.7,2.47,6.93,6,2471
5243368,Joe Manning,Southern,-5.95129,1.57,-4.38,-8.67,-0.1,10,2561
5101848,Ashton Magee,Southern,-6.8446,2.05,-4.8,-7.96,-1.63,16,1516
5314838,Fazl Oshodi,Southern,-1.03612,1.42,0.38,-1.83,2.59,14,3263
4593474,Curt Lewis,Southern Miss,-0.947812,1.67,0.73,-3.35,4.8,10,2561
4700971,Tegra Izay,Southern Miss,1.58165,2.67,4.25,1.06,7.44,0,1028
5240665,Brewer Carruth,Southern Miss,-4.50377,2.13,-2.37,-5.54,0.79,17,3093
5180818,Dylan Brumfield,Southern Miss,-0.932234,3.02,2.09,-0.17,4.36,6,2471
5177539,Djahi Binet,Southern Miss,3.30676,1.22,4.53,0.06,9.0,2,1900
5176218,Isaac Taveras,Southern Miss,2.11146,2.89,5.0,3.31,6.69,6,2471
5313268,Israel Hart,Southern Miss,-2.55107,1.43,-1.12,-3.32,1.07,1,3324
5313269,Chiante' Tramble,Southern Miss,-3.7308,1.47,-2.26,-4.61,0.08,1,3324
5313270,Tylik Weeks,Southern Miss,-1.4417,1.78,0.34,-2.24,2.92,3,3517
5243271,Jalen Lee,Southern Utah,-5.67497,1.59,-4.09,-8.24,0.06,10,2561
5179285,Zach Bell,Southern Utah,0.88738,3.04,3.93,1.51,6.34,6,2471
5241777,Dylan Jones,Southern Utah,-2.67994,1.44,-1.24,-3.52,1.05,14,3263
5242946,Jaiden Feroah,Southern Utah,3.96329,1.2,5.16,0.75,9.58,2,1900
5241352,Kai Burdick,Southern Utah,-2.12861,2.28,0.15,-3.1,3.4,15,2561
5241350,Lorenzo Abellar,Southern Utah,-7.97505,1.87,-6.11,-9.9,-2.31,5,2652
4432201,Isaiah Cottrell,Southern Utah,-1.82305,1.91,0.08,-3.58,3.75,7,2587
5105463,Tanner Hayhurst,Southern Utah,-0.311268,1.44,1.13,-1.02,3.27,14,3263
4433271,Chuks Isitua,Southern Utah,-6.03482,2.03,-4.01,-7.29,-0.73,16,1516
5314853,Cale Barclay,Southern Utah,-4.72461,1.95,-2.77,-6.6,1.06,7,2587
5314849,Elijah Duval,Southern Utah,-1.73617,2.38,0.65,-2.02,3.32,9,2020
5175657,Darryl Simmons II,St. Bonaventure,-1.82134,1.38,-0.44,-2.37,1.49,1,3324
5105801,Dasonte Bowen,St. Bonaventure,-3.13696,1.39,-1.74,-3.72,0.24,1,3324
5108796,Daniel Egbuniwe,St. Bonaventure,0.233665,1.41,1.65,-0.51,3.8,14,3263
4897701,Amar'e Marshall,St. Bonaventure,-3.29886,1.37,-1.92,-4.01,0.16,1,3324
5107180,Frank Mitchell,St. Bonaventure,3.13167,2.21,5.34,2.49,8.19,8,2224
5311887,Cayden Charles,St. Bonaventure,1.36303,2.98,4.34,2.28,6.41,6,2471
5311888,Joe Grahovac,St. Bonaventure,2.75616,2.51,5.27,2.2,8.34,12,2556
5311886,Achille Lonati,St. Bonaventure,-3.518,2.1,-1.42,-4.88,2.04,17,3093
5311889,Andrew Osasuyi,St. Bonaventure,6.79617,2.63,9.43,6.35,12.51,0,1028
4898334,Zion Russell,St. Francis (PA),-3.24682,1.36,-1.89,-3.8,0.02,1,3324
5247200,Ahmad Harrison,St. Francis (PA),-7.04791,1.78,-5.27,-8.72,-1.82,5,2652
5242403,Victor Payne,St. Francis (PA),-2.72863,2.51,-0.22,-3.2,2.77,12,2556
5108786,Chris Moncrief,St. Francis (PA),-5.6152,3.0,-2.62,-4.87,-0.36,6,2471
5106614,Gestin Liberis,St. Francis (PA),-5.73495,2.32,-3.41,-6.79,-0.03,8,2224
5106589,Cameron Tweedy,St. Francis (PA),-7.92423,2.38,-5.54,-9.05,-2.03,8,2224
5243388,Ralph Martino Jr.,St. Francis (PA),-1.66746,2.51,0.85,-2.11,3.8,12,2556
4703980,Skylar Wicks,St. Francis (PA),-2.48087,1.78,-0.7,-3.25,1.84,3,3517
5315063,Paris Papadatos,St. Francis (PA),-12.4495,2.06,-10.39,-14.02,-6.75,17,3093
5315062,Brandon Russell,St. Francis (PA),-11.4033,1.41,-10.0,-13.32,-6.67,4,1464
4869770,Ian Jackson,St. John's,2.71835,2.3,5.02,2.34,7.69,11,2931
5106283,Dillon Mitchell,St. John's,9.87044,1.3,11.17,6.77,15.58,2,1900
5105642,Oziyah Sellers,St. John's,4.21976,1.43,5.65,3.49,7.81,14,3263
5106262,Zuby Ejiofor,St. John's,14.2722,1.18,15.45,11.46,19.45,2,1900
5240539,Ruben Prey,St. John's,9.49318,1.43,10.92,6.36,15.48,2,1900
5107197,Sadiku Ibine Ayo,St. John's,3.36641,3.11,6.47,3.8,9.14,6,2471
5145712,Lefteris Liotopoulos,St. John's,0.48437,1.56,2.05,-2.37,6.46,10,2561
4565698,Bryce Hopkins,St. John's,6.58104,1.21,7.79,3.3,12.28,2,1900
5105658,Dylan Darling,St. John's,6.03341,3.02,9.05,6.71,11.39,6,2471
5142625,Joson Sanon,St. John's,0.327202,1.54,1.87,-2.28,6.03,10,2561
4896480,Handje Tamba,St. John's,-2.3437,2.09,-0.25,-3.49,2.99,16,1516
5171688,Isaiah Johnson-Arigu,St. Thomas-Minnesota,-0.433327,2.24,1.81,-0.94,4.55,15,2561
4685653,Austin Herro,St. Thomas-Minnesota,5.64046,3.06,8.7,6.41,10.98,6,2471
5060721,Nick Janowski,St. Thomas-Minnesota,0.474572,2.42,2.89,0.42,5.36,12,2556
5109020,Carter Bjerke,St. Thomas-Minnesota,1.48191,2.5,3.98,1.13,6.84,12,2556
5241415,Nolan Minessale,St. Thomas-Minnesota,3.77935,2.42,6.2,3.79,8.61,9,2020
5177708,Jermaine Coleman,St. Thomas-Minnesota,-3.66631,2.51,-1.16,-4.31,1.99,12,2556
5177054,Ben Oosterbaan,St. Thomas-Minnesota,1.97325,2.51,4.48,1.59,7.37,12,2556
5177052,Hayden Tibbits,St. Thomas-Minnesota,-2.08393,2.38,0.3,-2.73,3.32,11,2931
4897245,Ryan Dufault,St. Thomas-Minnesota,2.03912,2.5,4.54,1.59,7.49,12,2556
5175009,Aidan Cammann,Stanford,4.0412,3.03,7.07,4.71,9.44,6,2471
5105633,Benny Gealer,Stanford,6.50433,2.35,8.86,6.12,11.6,11,2931
5175008,Cameron Grant,Stanford,-2.94202,1.63,-1.31,-5.81,3.19,10,2561
5105634,Jaylen Thompson,Stanford,-0.122741,2.13,2.01,-1.1,5.12,17,3093
4684745,Chisom Okpara,Stanford,0.398579,1.81,2.21,-0.57,4.98,3,3517
5105632,Ryan Agarwal,Stanford,-0.994108,1.6,0.61,-3.42,4.64,10,2561
5214644,Donavin Young,Stanford,3.63651,2.13,5.77,2.75,8.79,17,3093
5105657,AJ Rohosy,Stanford,0.413383,2.28,2.7,-0.71,6.1,8,2224
5189814,Jeremy Dent-Smith,Stanford,0.0434542,1.41,1.45,-0.68,3.58,1,3324
5312293,Oskar Giltay,Stanford,6.6872,2.66,9.35,6.22,12.48,0,1028
5258459,Ebuka Okorie,Stanford,6.86813,2.46,9.33,6.93,11.73,9,2020
5243088,Jerald Colonel,Stephen F. Austin,8.07716,2.67,10.74,7.77,13.72,0,1028
5177516,Chrishawn Christmas,Stephen F. Austin,3.36153,2.37,5.73,2.51,8.95,8,2224
5106037,Keon Thompson,Stephen F. Austin,4.0617,2.38,6.44,3.97,8.91,9,2020
5176674,Kam Burton,Stephen F. Austin,0.416002,1.41,1.83,-0.38,4.04,14,3263
5314593,Gediminas Alisas,Stephen F. Austin,0.138295,2.6,2.74,-0.74,6.22,13,1560
5314192,Antonio Chandler,Siena,1.65617,2.62,4.28,0.98,7.58,13,1560
5314195,Francis Folefac,Siena,2.79692,1.22,4.02,-0.51,8.55,2,1900
5314191,Isaiah Henderson,Siena,-4.0935,1.43,-2.66,-5.04,-0.28,14,3263
5314193,Christian Jones,Siena,-4.64047,1.6,-3.04,-7.29,1.21,10,2561
5176682,John Broom,South Alabama,-0.276933,2.13,1.85,-1.47,5.17,17,3093
4433611,Randy Brady,South Alabama,1.87552,3.09,4.96,2.59,7.34,6,2471
5240643,JJ Wheat,South Alabama,-2.77083,3.02,0.25,-2.21,2.71,6,2471
5240641,Jayden Cooper,South Alabama,-3.08397,1.39,-1.69,-3.87,0.48,14,3263
4433582,Maxwell Land,South Alabama,-4.26013,1.42,-2.84,-5.04,-0.65,1,3324
5189001,Chaze Harris,South Alabama,3.11595,2.31,5.43,2.97,7.88,9,2020
5107410,Hantz Louis-Jeune,South Alabama,-2.23411,2.13,-0.1,-3.1,2.9,17,3093
5313206,Adam Olsen,South Alabama,-0.970625,1.36,0.39,-1.52,2.31,14,3263
5313202,Stephen Williams,South Alabama,1.5644,2.62,4.19,1.27,7.11,0,1028
4710770,Meechie Johnson,South Carolina,4.33608,2.51,6.84,4.29,9.4,9,2020
4896884,Kobe Knox,South Carolina,3.38723,2.32,5.7,3.01,8.4,11,2931
5105978,Christ Essandoko,South Carolina,-0.0890263,2.35,2.26,-1.52,6.03,8,2224
4433340,Myles Stute,South Carolina,0.366708,2.12,2.49,-0.84,5.82,17,3093
4683763,Jordan Butler,South Carolina,1.55223,2.26,3.81,0.72,6.91,15,2561
5174555,Elijah Strong,South Carolina,-1.30933,1.82,0.51,-2.38,3.4,3,3517
5105875,Mike Sharavjamts,South Carolina,4.98679,1.25,6.24,1.71,10.77,2,1900
5112189,Nordin Kapic,South Carolina,-1.10265,1.91,0.81,-2.44,4.05,3,3517
5173589,Hayden Assemian,South Carolina,2.27825,2.63,4.91,1.37,8.45,13,1560
5101774,Eli Ellis,South Carolina,0.527955,1.43,1.96,-0.21,4.14,1,3324
5254178,Grant Polk,South Carolina,-0.731135,2.51,1.78,-1.44,5.01,12,2556
5101846,EJ Walker,South Carolina,-1.85268,2.13,0.28,-3.06,3.62,17,3093
5243405,Jayden Johnson,South Carolina State,-2.14717,2.58,0.43,-2.26,3.13,9,2020
5106054,Colin McKenzie,South Carolina State,-0.520615,1.43,0.91,-1.51,3.33,14,3263
5179094,James Morrow,South Carolina State,-1.39135,1.89,0.5,-2.72,3.72,3,3517
5243404,Florian Tenebay,South Carolina State,-5.33926,1.79,-3.55,-7.07,-0.04,5,2652
5241847,Cameron Clark,South Carolina State,-6.63811,1.93,-4.71,-7.46,-1.96,16,1516
5317333,Derwin Hodge Jr.,South Carolina State,-4.32927,2.05,-2.28,-5.4,0.85,16,1516
5317334,Tim Okojie,South Carolina State,-2.14936,2.09,-0.06,-3.37,3.25,16,1516
5317337,Chris Parker,South Carolina State,-5.84829,1.91,-3.94,-7.74,-0.14,7,2587
5317336,Teon Tindal,South Carolina State,-7.168,2.02,-5.15,-8.24,-2.06,16,1516
5317332,Noah Treadwell,South Carolina State,-6.15123,1.39,-4.76,-6.93,-2.6,14,3263
5323988,Rayniel Wright,South Carolina State,-9.12424,1.85,-7.28,-10.98,-3.57,5,2652
5323987,Owen Bronston Jr.,South Carolina State,-4.21203,1.37,-2.84,-4.93,-0.76,14,3263
5241748,Karmani Gregory,South Carolina Upstate,-2.44326,1.31,-1.13,-2.97,0.71,1,3324
4845362,Chico Johnson,South Carolina Upstate,-7.50856,1.42,-6.08,-9.81,-2.36,4,1464
5241747,Nic Book,South Carolina Upstate,-5.33414,2.02,-3.31,-6.18,-0.44,16,1516
5241744,Isaiah Skinner,South Carolina Upstate,-0.245365,1.45,1.2,-1.08,3.48,14,3263
5183294,Carmelo Adkins,South Carolina Upstate,-2.88209,1.36,-1.52,-3.45,0.41,1,3324
5241749,Breylin Garcia,South Carolina Upstate,1.26661,2.28,3.55,0.1,7.0,8,2224
5108806,Learic Davis,South Carolina Upstate,-1.58301,2.25,0.67,-2.21,3.55,15,2561
5313530,Mason Bendinger,South Carolina Upstate,-7.0182,1.83,-5.18,-8.48,-1.88,7,2587
5313529,Coen Collier,South Carolina Upstate,-0.665351,2.06,1.4,-1.79,4.59,16,1516
5313531,Jafeth Martinez,South Carolina Upstate,0.765915,2.63,3.4,0.04,6.76,13,1560
5313527,Tyler Smith,South Carolina Upstate,-4.25464,1.84,-2.41,-5.94,1.11,5,2652
5105758,Jordan Crawford,South Dakota,-1.2863,1.38,0.09,-1.89,2.07,14,3263
5247744,Silas Bennion,South Dakota,-3.70022,1.66,-2.04,-6.08,2.0,10,2561
5176683,Ethan Kizer,South Dakota,-3.52919,2.13,-1.4,-4.46,1.66,17,3093
5177043,Jake Brack,South Dakota,-1.86231,2.41,0.55,-2.88,3.98,8,2224
5107880,Cameron Fens,South Dakota,-1.06678,2.22,1.15,-1.86,4.15,8,2224
4701266,Ashton Smith,South Dakota,-3.36302,2.41,-0.96,-4.78,2.87,8,2224
5177042,Isaac Bruns,South Dakota,-3.3886,1.77,-1.61,-4.19,0.96,3,3517
5177041,Shey Eberwein,South Dakota,-4.79632,1.79,-3.01,-6.43,0.42,5,2652
5241620,Evan Anderson,South Dakota,-1.96477,2.51,0.55,-2.58,3.67,12,2556
5314750,Uzziah Buntyn,South Dakota,-1.5826,1.38,-0.21,-2.17,1.76,1,3324
5314751,Vince Buzelis,South Dakota,-1.2049,2.26,1.06,-1.88,4.0,15,2561
5314753,Jesse McIntosh,South Dakota,-2.21246,1.86,-0.35,-3.55,2.85,3,3517
4590359,Matthew Mors,South Dakota State,2.42914,2.5,4.93,2.03,7.84,12,2556
5177048,Joe Sayler,South Dakota State,-3.3128,1.37,-1.94,-3.86,-0.03,1,3324
5107255,Kalen Garry,South Dakota State,-0.317631,1.39,1.07,-0.88,3.02,1,3324
5241454,Jaden Jackson,South Dakota State,0.10756,1.39,1.5,-0.49,3.48,1,3324
5241457,Alec Squires,South Dakota State,-2.93702,2.34,-0.6,-4.1,2.91,8,2224
5177051,Damon Wilkinson,South Dakota State,0.434433,2.23,2.66,-0.45,5.77,8,2224
5177049,Bubz Alvarez,South Dakota State,-3.7114,1.95,-1.76,-5.56,2.04,7,2587
5105862,Luke Haertle,South Dakota State,-4.14176,1.82,-2.32,-5.96,1.33,5,2652
5314724,Caleb Delzell,South Dakota State,-4.96004,2.13,-2.83,-5.88,0.22,17,3093
5183925,CJ Brown,South Florida,0.0348087,1.73,1.77,-1.35,4.88,5,2652
4067423,Isaiah Jones,South Florida,5.94072,2.51,8.45,5.35,11.56,12,2556
5107222,Xavier Brown,South Florida,0.42729,1.44,1.87,-0.47,4.21,1,3324
5241694,Devin Haid,South Florida,2.99811,3.06,6.06,3.51,8.61,6,2471
5241690,Josh Omojafo,South Florida,3.20804,1.88,5.09,1.98,8.2,3,3517
4699760,Joseph Pinion,South Florida,5.22884,2.29,7.52,4.99,10.04,11,2931
5107251,Izaiyah Nelson,South Florida,9.20818,1.18,10.39,6.23,14.55,2,1900
4611412,Daimion Collins,South Florida,5.37184,2.67,8.04,4.89,11.19,0,1028
5313560,Wes Enis,South Florida,2.19143,1.38,3.57,1.67,5.47,14,3263
5101765,Gavin Hightower,South Florida,1.00837,2.72,3.73,0.68,6.77,9,2020
5313563,Adriel Nyorha,South Florida,-1.38077,1.84,0.46,-3.1,4.02,5,2652
5240019,Blaize Sagna,Southeast Missouri State,-2.1357,2.13,-0.0,-3.28,3.27,17,3093
5242134,Landren Blocker,Southeast Missouri State,0.714711,3.05,3.77,1.34,6.2,6,2471
5242974,Brendan Terry,Southeast Missouri State,0.954736,1.22,2.18,-2.35,6.71,2,1900
5242977,Elliot Lowndes,Southeast Missouri State,1.79587,2.27,4.06,0.65,7.48,15,2561
5107642,David Idada,Southeast Missouri State,-3.07736,2.07,-1.01,-4.18,2.16,16,1516
5242973,Troy Cole Jr.,Southeast Missouri State,-5.24441,1.95,-3.3,-7.17,0.58,7,2587
5177370,Marqueas Bell,Southeast Missouri State,-1.79645,1.84,0.05,-3.08,3.18,3,3517
5177367,BJ Ward,Southeast Missouri State,-3.63846,1.38,-2.26,-4.25,-0.27,1,3324
5107891,Braxton Stacker,Southeast Missouri State,-1.1988,1.86,0.66,-2.46,3.78,3,3517
5314339,Luke Almodovar,Southeast Missouri State,-1.11676,2.29,1.17,-1.4,3.74,11,2931
5314338,PJ Farmer,Southeast Missouri State,-4.44837,1.9,-2.55,-6.23,1.13,5,2652
5241419,Jorge Moreno,Southern Illinois,-0.102119,2.62,2.51,-1.03,6.06,13,1560
5241417,Rolyns Aligbe,Southern Illinois,1.70786,1.85,3.56,0.44,6.68,3,3517
5107899,Damien Mayo Jr.,Southern Illinois,3.93605,3.01,6.94,4.69,9.2,6,2471
5106452,Davion Sykes,Southern Illinois,0.557863,2.31,2.87,-0.6,6.34,8,2224
4711281,Drew Steffe,Southern Illinois,0.887878,2.1,2.99,-0.08,6.06,17,3093
5242121,Quel'Ron House,Southern Illinois,0.687743,2.56,3.25,0.6,5.9,9,2020
5239709,Max Pikaar,Southern Illinois,1.53189,2.04,3.57,0.23,6.92,7,2587
5176403,Isaiah Stafford,Southern Illinois,-2.04348,2.06,0.02,-3.46,3.49,17,3093
4609653,Prince Aligbe,Southern Illinois,-3.81277,1.93,-1.88,-4.71,0.95,16,1516
5313875,Jalen Haynes,Southern Illinois,0.954229,2.98,3.93,1.67,6.19,6,2471
5176382,Malek Abdelgowad,Southern,-1.65606,1.24,-0.42,-4.85,4.01,2,1900
5314587,Narit Chotikavanic,Stephen F. Austin,2.38323,1.41,3.79,1.64,5.94,14,3263
5314594,Ahamed Mohammed,Stephen F. Austin,-1.98186,1.46,-0.52,-2.84,1.79,1,3324
5314591,Lateef Patrick,Stephen F. Austin,0.799925,1.32,2.12,0.24,3.99,1,3324
5176799,Collin Kuhl,Stetson,-1.14791,1.21,0.07,-4.36,4.49,2,1900
5240016,Jamie Phillips Jr.,Stetson,-2.9897,1.8,-1.19,-3.89,1.52,3,3517
5177678,Finley Sheridan,Stetson,-1.54666,2.26,0.72,-2.18,3.61,15,2561
5177677,Alex Doyle,Stetson,-3.0144,1.43,-1.59,-3.85,0.68,14,3263
5240018,Daniel Macgregor,Stetson,-5.37621,1.81,-3.57,-7.02,-0.11,5,2652
5174799,Matar Diop,Stetson,-4.1698,2.03,-2.14,-5.25,0.97,16,1516
5314558,Ethan Copeland,Stetson,0.892943,2.29,3.18,0.66,5.7,11,2931
5314562,Jake Johnson,Stetson,-3.20535,1.42,-1.79,-3.94,0.37,14,3263
5314563,Sean Morgan,Stetson,-9.9998,2.07,-7.93,-11.65,-4.2,17,3093
5314559,Calvin Sirmans III,Stetson,-5.18184,1.79,-3.39,-6.79,0.01,5,2652
5107189,Ridvan Tutic,Stonehill,-3.05885,2.32,-0.74,-3.98,2.51,8,2224
5106628,Ethan Meuser,Stonehill,-1.06236,1.91,0.85,-2.89,4.58,7,2587
5106620,Chas Stinson,Stonehill,-2.26561,1.85,-0.42,-3.8,2.97,7,2587
5242410,Pearse McGuinn,Stonehill,-9.997,1.98,-8.02,-11.94,-4.1,7,2587
5242407,Hermann Koffi,Stonehill,-3.66689,1.41,-2.26,-4.34,-0.18,14,3263
4897973,Raymond Espinal-Guzman,Stonehill,-4.35676,1.93,-2.42,-6.18,1.33,7,2587
5107184,Rex Sunderland,Stonehill,-5.4593,1.41,-4.05,-7.02,-1.08,4,1464
5105675,William Batchelder,Stonehill,-6.61685,1.57,-5.05,-8.96,-1.13,10,2561
5315084,Davante Hackett,Stonehill,-0.856058,1.34,0.48,-1.42,2.38,1,3324
5315083,Trenton Ruth,Stonehill,-9.99819,1.37,-8.63,-11.78,-5.48,4,1464
5242281,Collin O'Connor,Stony Brook,-6.32371,1.79,-4.53,-7.97,-1.09,5,2652
5242282,Quin Gorman,Stony Brook,1.22978,2.29,3.52,0.11,6.93,15,2561
5106723,Leon Nahar,Stony Brook,-1.73503,1.44,-0.29,-2.78,2.19,14,3263
5106719,Toby Onyekonwu,Stony Brook,-6.62274,1.89,-4.73,-8.46,-1.0,5,2652
5239643,Richard Goods,Stony Brook,0.807288,2.98,3.79,1.61,5.97,6,2471
5105560,Erik Pratt,Stony Brook,-0.498814,2.42,1.92,-0.58,4.41,9,2020
4898228,Rob Brown III,Stony Brook,-2.53444,1.41,-1.12,-3.24,1.0,14,3263
4810230,Oleg Kojenets,Stony Brook,-6.79179,1.99,-4.81,-7.89,-1.72,16,1516
5312182,Jonah Butler,Stony Brook,0.833533,3.04,3.87,1.39,6.35,6,2471
5312188,Andrej Shoshkikj,Stony Brook,0.385447,2.3,2.69,0.04,5.33,11,2931
5312184,Ethan Simmon,Stony Brook,-1.9746,2.5,0.53,-2.58,3.64,12,2556
5312187,Tomas Valentiny,Stony Brook,-3.19844,2.12,-1.08,-4.44,2.29,17,3093
4873141,Tyler Betsey,Syracuse,1.09383,1.41,2.51,0.29,4.72,14,3263
5107258,William Kyle III,Syracuse,8.9675,2.64,11.6,8.82,14.39,0,1028
4873145,Donnie Freeman,Syracuse,1.4018,1.21,2.61,-1.6,6.82,2,1900
4683697,J.J. Starling,Syracuse,-0.927365,1.39,0.46,-1.57,2.49,1,3324
5240882,Nate Kingz,Syracuse,5.2756,2.49,7.77,4.95,10.58,12,2556
5174557,Naithan George,Syracuse,1.92754,2.65,4.58,1.95,7.21,9,2020
5174559,Ibrahim Souare,Syracuse,3.19769,2.62,5.82,2.3,9.33,13,1560
4897519,Bryce Zephir,Syracuse,-4.55237,1.88,-2.67,-6.39,1.05,5,2652
5120280,Kiyan Anthony,Syracuse,-3.48398,1.39,-2.1,-4.21,0.02,1,3324
5101831,Sadiq White Jr.,Syracuse,1.58464,2.24,3.82,0.92,6.72,15,2561
5105619,Jayden Pierre,TCU,2.25471,2.34,4.59,1.84,7.35,11,2931
5105461,Tanner Toolson,TCU,2.55866,1.89,4.45,1.17,7.73,3,3517
5103589,Brock Harding,TCU,2.13401,1.77,3.9,0.62,7.18,5,2652
5164368,David Punch,TCU,7.80378,1.21,9.01,4.65,13.37,2,1900
5037876,Micah Robinson,TCU,4.1579,2.98,7.14,4.97,9.3,6,2471
5061583,Malick Diallo,TCU,0.699503,2.04,2.74,-0.27,5.75,16,1516
5101654,Jace Posey,TCU,-2.10447,1.91,-0.19,-4.03,3.64,7,2587
5175042,RJ Jones,TCU,-1.84845,1.59,-0.26,-4.5,3.98,10,2561
5245624,Liutauras Lelevicius,TCU,2.91155,2.51,5.42,2.45,8.4,12,2556
5242117,Vianney Salatchoum,TCU,-1.58465,2.24,0.65,-2.4,3.7,15,2561
5311928,Xavier Edmonds,TCU,7.82149,1.22,9.04,4.72,13.37,2,1900
4432741,Dior Johnson,Tarleton State,3.83347,2.34,6.17,3.6,8.75,9,2020
5176664,Kade Douglas,Tarleton State,-4.51533,1.44,-3.07,-5.34,-0.81,1,3324
5177252,Ocypher Owens,Tarleton State,-1.65246,1.96,0.31,-3.58,4.2,7,2587
5241442,Chris Mpaka,Tarleton State,-3.14985,2.25,-0.9,-4.31,2.51,8,2224
5241436,Jordan Mizell,Tarleton State,-0.277429,1.85,1.57,-1.89,5.03,5,2652
5176786,Joseph Martinez,Tarleton State,-4.62283,2.13,-2.5,-6.32,1.32,17,3093
5241444,Andy Sigiscar,Tarleton State,1.64479,2.6,4.24,1.34,7.15,0,1028
4705373,Freddy Hicks,Tarleton State,-0.429623,1.9,1.47,-2.2,5.15,7,2587
4896462,Cam McDowell,Tarleton State,0.161403,2.94,3.11,1.09,5.13,6,2471
5314858,DJ Dormu,Tarleton State,-6.14421,1.82,-4.32,-7.94,-0.71,5,2652
5314859,Kaia Isaac,Tarleton State,-2.16203,1.87,-0.29,-3.78,3.19,5,2652
5144089,Leroy Kelly IV,Tarleton State,1.83014,3.08,4.91,2.43,7.39,6,2471
5107357,AJ Smith,Temple,-3.7856,1.86,-1.93,-5.07,1.21,3,3517
5240368,Babatunde Durodola,Temple,0.282937,2.36,2.64,-0.89,6.17,8,2224
5240369,Aiden Tobiason,Temple,2.02811,2.29,4.32,1.78,6.87,11,2931
5241536,Masiah Gilyard,Temple,-0.708719,1.9,1.19,-2.07,4.45,3,3517
5106453,Jordan Mason,Temple,-1.04924,1.38,0.33,-1.63,2.3,1,3324
5108050,Jamai Felt,Temple,1.72289,2.6,4.33,0.83,7.82,13,1560
4684720,Derrian Ford,Temple,-0.598808,1.32,0.72,-1.09,2.54,1,3324
4884255,Gavin Griffiths,Temple,4.25673,3.01,7.27,5.04,9.5,6,2471
5313565,Ayuba Bryant Jr.,Temple,-2.19136,2.39,0.2,-3.34,3.75,8,2224
5175727,Carlous Williams,Tennessee State,-5.59544,2.12,-3.48,-6.83,-0.12,17,3093
5242989,Antoine Lorick III,Tennessee State,3.05446,1.24,4.29,-0.42,9.0,2,1900
5242991,Kavien Jones,Tennessee State,-3.75294,2.28,-1.47,-5.1,2.16,15,2561
5242985,Travis Harper II,Tennessee State,0.383079,2.44,2.82,0.23,5.41,12,2556
5182573,Aaron Nkrumah,Tennessee State,3.19841,2.91,6.11,4.32,7.9,6,2471
5105760,Khalil London,Tennessee State,-9.25496,1.5,-7.75,-11.76,-3.75,10,2561
5105453,Jalen Pitre,Tennessee State,2.14164,2.64,4.78,1.54,8.02,13,1560
4596531,Dante Harris,Tennessee State,-2.61408,1.73,-0.88,-4.04,2.28,5,2652
5176173,Keynan Davis,The Citadel,-8.31632,2.05,-6.27,-9.84,-2.69,17,3093
5243245,Dante Kearse,The Citadel,-5.14207,2.1,-3.04,-6.39,0.3,17,3093
5314551,Logan Applegate,The Citadel,-3.24815,2.46,-0.79,-3.81,2.22,12,2556
5314555,Simeon German,The Citadel,-8.55253,2.03,-6.52,-9.68,-3.36,16,1516
5314550,Marcos Gonzales,The Citadel,-10.2811,1.83,-8.45,-11.95,-4.94,5,2652
5314553,Braxton Williams,The Citadel,-4.18266,1.31,-2.87,-4.74,-1.0,1,3324
4711260,Austin Parks,Toledo,2.14531,1.22,3.36,-1.24,7.97,2,1900
5115458,Sean Craig,Toledo,1.50454,1.88,3.39,0.37,6.4,3,3517
4845365,Sonny Wilson,Toledo,1.18421,2.27,3.45,1.15,5.76,11,2931
5243086,Jaylan Ouwinga,Toledo,-0.865245,2.26,1.4,-1.62,4.41,15,2561
5107969,Kyler Vanderjagt,Toledo,-1.863,2.33,0.47,-2.38,3.31,11,2931
5314225,Leroy Blyden Jr.,Toledo,3.76442,2.27,6.03,3.73,8.33,11,2931
5314227,Will James Jr.,Toledo,-0.957372,3.05,2.09,-0.42,4.61,6,2471
5314226,Mynor Strong,Toledo,-0.928723,1.44,0.51,-1.82,2.84,14,3263
5107976,Jack Doumbia Jr.,Towson,0.932764,2.93,3.86,1.88,5.84,6,2471
4707808,Tyler Schmidt,Towson,-0.698459,2.13,1.43,-1.65,4.52,17,3093
4709321,Abdou Samb,Towson,-0.545189,2.41,1.87,-1.73,5.47,8,2224
5175148,Tyler Tejada,Towson,2.48248,1.81,4.29,1.55,7.04,3,3517
5106727,Dylan Williamson,Towson,-0.366159,1.36,1.0,-0.92,2.91,1,3324
5242587,Caleb Embeya,Towson,2.39672,2.03,4.42,1.42,7.42,16,1516
4897711,Tyler Coleman,Towson,-1.35963,2.0,0.64,-3.23,4.51,7,2587
5242583,Chike Ndefo,Towson,-4.51801,2.02,-2.5,-5.61,0.6,16,1516
4683948,Ryan Conway,Towson,-2.15688,1.61,-0.55,-4.88,3.79,10,2561
5107205,Mor Seck,Towson,-2.83915,2.03,-0.81,-3.85,2.23,16,1516
5312322,Jaquan Womack,Towson,-0.84537,1.89,1.05,-2.73,4.83,7,2587
5176732,Thomas Dowd,Troy,4.72478,1.19,5.92,1.68,10.15,2,1900
5176736,Victor Valdes,Troy,-0.398761,2.45,2.05,-0.57,4.68,9,2020
5176735,Jerrell Bellamy,Troy,-0.0369021,2.24,2.2,-0.61,5.01,15,2561
5176731,Kerrington Kiel,Troy,0.279813,3.06,3.34,0.83,5.84,6,2471
4897957,Theo Seng,Troy,-0.553502,1.87,1.31,-1.73,4.36,3,3517
5240745,Cooper Campbell,Troy,1.43596,2.3,3.74,1.21,6.27,11,2931
5240749,Austin Cross,Troy,-5.07442,1.67,-3.41,-7.65,0.84,10,2561
5240746,Cobi Campbell,Troy,-0.877171,1.44,0.56,-1.67,2.79,14,3263
5113386,Corbin Green,Troy,2.24015,2.59,4.83,1.74,7.92,0,1028
4700530,Davion Bradford,Tulane,-7.03595,2.03,-5.0,-8.45,-1.56,16,1516
5107350,Asher Woods,Tulane,-2.18073,1.38,-0.8,-2.79,1.2,1,3324
5106280,Rowan Brumbaugh,Tulane,2.35034,2.52,4.87,2.43,7.3,9,2020
5174293,Tyler Ringgold,Tulane,0.0383243,2.97,3.01,0.82,5.2,6,2471
4684988,Percy Daniels,Tulane,3.11063,2.68,5.79,2.66,8.91,0,1028
5240378,KJ Greene,Tulane,-5.00184,1.84,-3.16,-6.85,0.52,5,2652
5176064,Luke Rasmussen,Tulane,-1.26319,2.13,0.86,-2.52,4.25,17,3093
4711279,Scotty Middleton,Tulane,-0.656341,1.43,0.78,-1.45,3.01,14,3263
4683782,Curtis Williams Jr.,Tulane,-1.42241,1.85,0.43,-2.69,3.55,3,3517
5241622,Josiah Moore,Tulane,-2.02455,3.03,1.01,-1.48,3.5,6,2471
5105890,Romad Dean,Tulsa,2.57595,2.51,5.09,2.04,8.14,12,2556
5176734,Myles Rigsby,Tulsa,3.7593,2.36,6.12,3.22,9.01,11,2931
5240387,Tyler Behrend,Tulsa,5.00036,1.33,6.33,1.74,10.92,2,1900
5101691,Ian Smikle,Tulsa,1.13938,2.03,3.17,0.15,6.18,16,1516
5174623,David Green,Tulsa,3.43292,1.82,5.25,2.45,8.04,3,3517
5241411,Miles Barnstable,Tulsa,4.87429,2.47,7.35,4.62,10.07,12,2556
5178210,Tylen Riley,Tulsa,1.52652,2.51,4.03,1.45,6.62,9,2020
5254171,Jaylen Lawal,Tulsa,1.08066,2.3,3.38,0.72,6.04,11,2931
5254174,KJ Martin Jr.,Tulsa,1.20724,3.1,4.31,1.67,6.95,6,2471
5313566,Ade Popoola,Tulsa,4.17015,1.41,5.58,3.51,7.65,14,3263
4432524,Quaran McPherson,UAB,-2.60355,1.89,-0.72,-3.95,2.52,3,3517
5105982,Daniel Rivera,UAB,1.33179,2.24,3.58,0.93,6.22,15,2561
4683680,Chance Westry,UAB,4.59254,2.56,7.16,4.71,9.61,9,2020
5105531,KyeRon Lindsay-Martin,UAB,1.02846,1.23,2.25,-2.44,6.95,2,1900
5176795,Jacob Meyer,UAB,-2.85881,1.39,-1.47,-3.48,0.54,1,3324
5175704,Ahmad Robinson,UAB,0.221119,1.4,1.62,-0.44,3.68,1,3324
5177218,Dayjaun Anderson,UAB,-1.79005,2.09,0.3,-3.08,3.69,17,3093
5312079,Evan Chatman,UAB,2.66125,1.91,4.57,1.49,7.66,3,3517
5101806,Salim London,UAB,-0.981861,1.63,0.65,-3.65,4.94,10,2561
5177145,Ife West-Ingram,UAlbany,-3.07894,2.32,-0.76,-4.16,2.65,8,2224
5176224,Nas Muhammad,UAlbany,-7.48074,1.48,-6.0,-9.74,-2.26,10,2561
5174669,Miles Rose,UAlbany,-9.58121,1.41,-8.17,-11.35,-4.99,4,1464
5174615,Tarique Foster,UAlbany,-4.24378,2.11,-2.14,-5.51,1.24,17,3093
5175797,Zacharie Matulu,UAlbany,-0.542323,2.31,1.77,-0.88,4.42,11,2931
5239812,Amir Lindsey,UAlbany,-1.94968,1.3,-0.65,-2.37,1.06,1,3324
5239814,Ma'Kye Taylor,UAlbany,-6.98141,2.01,-4.97,-8.05,-1.88,16,1516
4897200,Isaac Abidde,UAlbany,-4.20052,1.88,-2.32,-5.52,0.87,3,3517
5177685,Okechukwu Okeke,UAlbany,1.15159,2.61,3.76,0.69,6.84,13,1560
5313144,Jaden Kempson,UAlbany,-4.40105,1.73,-2.67,-5.89,0.56,5,2652
5241070,Marcus Wilson,UC Davis,-0.393061,2.59,2.2,-0.49,4.89,9,2020
5239775,Brayden Fagbemi,UC Davis,1.37195,2.73,4.1,1.34,6.87,9,2020
4702596,Niko Rocak,UC Davis,4.93197,1.23,6.16,1.49,10.84,2,1900
5241920,Isaiah Chappell,UC Davis,-1.27394,2.1,0.83,-2.29,3.95,17,3093
5176386,Connor Sevilla,UC Davis,-1.40546,1.4,-0.0,-2.18,2.18,14,3263
5106684,Carl Daughtery Jr.,UC Davis,-0.109034,1.43,1.32,-0.85,3.48,14,3263
5176518,Nils Cooper,UC Davis,3.3639,1.23,4.6,0.09,9.1,2,1900
5254339,Jalen Stokes,UC Davis,-1.7263,1.96,0.24,-3.58,4.06,7,2587
5313005,Omer Suljanovic,UC Davis,-6.34847,1.9,-4.45,-8.24,-0.66,7,2587
5176395,Derin Saran,UC Irvine,0.311533,2.95,3.26,1.25,5.26,6,2471
5105615,Harrison Carrington,UC Irvine,1.5225,1.27,2.8,-1.94,7.53,2,1900
4702629,Andre Henry,UC Irvine,0.0829699,2.32,2.4,-0.39,5.19,11,2931
5107567,Kyle Evans,UC Irvine,7.76542,2.63,10.39,7.76,13.02,0,1028
5314353,Jabrion Spikes,Tennessee State,-3.23592,2.13,-1.11,-4.19,1.98,17,3093
5176245,Brandon Muntu,Tennessee Tech,-1.57619,1.42,-0.15,-2.35,2.04,14,3263
5176571,Dani Pounds,Tennessee Tech,-2.45584,1.26,-1.2,-5.66,3.27,2,1900
5176803,Malik Ferguson,Tennessee Tech,-5.91553,1.83,-4.09,-7.69,-0.49,5,2652
5175414,Mekhi Cameron,Tennessee Tech,-4.59901,1.4,-3.2,-5.25,-1.16,1,3324
4687377,Grant Slatten,Tennessee Tech,-3.04116,2.13,-0.91,-3.95,2.13,17,3093
5242994,JaJuan Nicholls,Tennessee Tech,-0.604388,2.24,1.63,-1.61,4.87,8,2224
5242123,Mekhi Turner,Tennessee Tech,0.193953,2.3,2.5,-1.09,6.09,8,2224
4702026,Ja'Quavian Florence,Tennessee Tech,-5.27252,1.79,-3.48,-6.93,-0.03,5,2652
5314366,C.J. McPherson,Tennessee Tech,-3.40047,1.43,-1.97,-4.3,0.35,14,3263
5314364,Ty Owens,Tennessee Tech,-4.78552,1.79,-2.99,-6.43,0.44,5,2652
5314363,Jah'Kim Payne,Tennessee Tech,-7.33422,1.86,-5.47,-9.15,-1.8,5,2652
5314362,Jacobe Whitted,Tennessee Tech,-2.78633,2.13,-0.66,-3.98,2.66,17,3093
5105841,Felix Okpara,Tennessee,7.38782,2.66,10.05,7.12,12.98,0,1028
5093142,J.P. Estrella,Tennessee,7.26442,1.23,8.5,3.86,13.14,2,1900
4848640,Cade Phillips,Tennessee,8.58615,2.62,11.2,7.73,14.67,13,1560
5101648,Bishop Boswell,Tennessee,6.95749,3.06,10.02,7.7,12.34,6,2471
4897332,Grant Hurst,Tennessee,-6.28535,1.43,-4.85,-8.82,-0.88,4,1464
5107968,Ja'Kobi Gillespie,Tennessee,8.60623,2.57,11.18,8.74,13.61,9,2020
5105544,Amaree Abram,Tennessee,6.44081,3.08,9.52,6.93,12.11,6,2471
4685687,Jaylen Carey,Tennessee,4.19549,2.28,6.47,3.04,9.91,8,2224
5164559,Nate Ament,Tennessee,6.11075,1.79,7.9,5.22,10.59,3,3517
5142710,DeWayne Brown II,Tennessee,5.66962,2.61,8.28,4.81,11.75,13,1560
5311527,Ethan Burg,Tennessee,1.24062,2.4,3.64,0.6,6.67,11,2931
5196914,Amari Evans,Tennessee,6.66567,3.06,9.73,7.22,12.23,6,2471
4683682,Rylan Griffen,Texas A&M,6.71895,2.31,9.03,6.37,11.69,11,2931
4683146,Zach Clemence,Texas A&M,4.45671,2.48,6.94,3.94,9.94,12,2556
4823977,Noah Shelby,Texas A&M,-5.10845,1.45,-3.66,-6.08,-1.24,1,3324
4896862,Ali Dibba,Texas A&M,3.72785,3.03,6.76,4.33,9.18,6,2471
5176153,Marcus Hill,Texas A&M,2.94963,2.98,5.93,3.73,8.13,6,2471
5176160,Josh Holloway,Texas A&M,1.5449,2.76,4.31,1.31,7.3,9,2020
5107078,Jacari Lane,Texas A&M,1.78401,1.44,3.23,1.03,5.42,1,3324
4593815,Rashaun Agee,Texas A&M,8.55532,1.19,9.75,5.6,13.89,2,1900
5105412,Federiko Federiko,Texas A&M,6.3637,2.63,8.99,5.4,12.59,13,1560
5106285,Pop Isaacs,Texas A&M,2.48631,2.3,4.78,2.13,7.44,11,2931
4683779,Mackenzie Mgbako,Texas A&M,2.90366,1.84,4.74,1.63,7.84,3,3517
5311530,Rubén Dominguez,Texas A&M,4.51904,1.42,5.94,3.8,8.08,14,3263
5243128,Sheldon Williams,Texas A&M-Corpus Christi,1.0593,1.22,2.28,-2.23,6.79,2,1900
5176710,Kam Parker,Texas A&M-Corpus Christi,-2.18709,1.61,-0.58,-4.77,3.61,10,2561
5107813,Leo Torbor,Texas A&M-Corpus Christi,-1.09425,1.83,0.73,-2.89,4.36,5,2652
5241914,Nick Shogbonyo,Texas A&M-Corpus Christi,0.638934,2.29,2.93,0.29,5.57,11,2931
4585602,D'Avian Houston,Texas A&M-Corpus Christi,-3.15253,1.79,-1.36,-4.64,1.91,5,2652
5111902,Franck Yetna,Texas A&M-Corpus Christi,3.5403,1.9,5.44,2.24,8.65,3,3517
5107267,Jamal Ambrose,Texas A&M-Corpus Christi,-5.385,2.52,-2.86,-6.0,0.28,12,2556
4898169,Mason Gibson,Texas A&M-Corpus Christi,0.722218,1.4,2.13,0.02,4.24,1,3324
5314709,Cenker Evran,Texas A&M-Corpus Christi,2.02618,2.35,4.38,1.0,7.76,8,2224
5314706,Jaden Haire,Texas A&M-Corpus Christi,-7.19506,2.0,-5.19,-8.23,-2.15,16,1516
5314705,Daniel Michelini-Jackson,Texas A&M-Corpus Christi,-1.02,1.97,0.95,-2.83,4.73,7,2587
5314703,Kobi Pearson,Texas A&M-Corpus Christi,-3.02255,2.23,-0.79,-3.78,2.2,15,2561
5314704,Bryson Wheatfall,Texas A&M-Corpus Christi,-1.83792,1.95,0.11,-3.81,4.03,7,2587
5105855,Camden Heide,Texas,5.49181,2.51,8.01,5.03,10.98,12,2556
5105624,Jordan Pope,Texas,2.8083,1.39,4.19,2.16,6.23,14,3263
5105486,Chendall Weaver,Texas,5.04485,3.06,8.11,5.67,10.55,6,2471
5149083,Nic Codie,Texas,2.71729,2.38,5.09,1.54,8.65,8,2224
4432243,Tramon Mark,Texas,5.47996,2.29,7.77,5.23,10.31,11,2931
4683785,Simeon Wilcher,Texas,2.15442,1.57,3.72,-0.39,7.84,10,2561
5239838,Matas Vokietaitis,Texas,2.01255,2.49,4.5,1.58,7.43,13,1560
4848625,Dailyn Swain,Texas,9.43828,1.17,10.61,6.66,14.55,2,1900
4897052,Lassina Traore,Texas,2.68345,2.01,4.69,1.68,7.69,16,1516
5108778,Troy Hupstead,Texas Southern,-1.57808,1.82,0.24,-2.56,3.03,3,3517
5110173,Zytarious Mortle,Texas Southern,-4.3477,1.76,-2.58,-5.91,0.74,5,2652
4897772,Kolby Granger,Texas Southern,1.16249,2.26,3.42,0.2,6.64,15,2561
5106677,Oumar Koureissi,Texas Southern,-5.76638,1.97,-3.79,-6.84,-0.74,16,1516
5185673,Zaire Hayes,Texas Southern,-3.14215,1.41,-1.73,-3.91,0.45,14,3263
5107438,Duane Posey,Texas Southern,-3.30158,2.28,-1.02,-4.43,2.39,8,2224
4897173,Alex Anderson,Texas Southern,-1.67238,1.85,0.18,-2.92,3.28,3,3517
5183379,Bryce Roberts,Texas Southern,-1.32444,1.41,0.08,-2.09,2.25,14,3263
5177608,Jaylen Wysinger,Texas Southern,-1.47417,2.66,1.19,-1.72,4.09,9,2020
5176581,Josh Akpovwa,Texas Southern,-7.38157,2.02,-5.36,-8.5,-2.21,16,1516
5323989,Jordan Gorecki,Texas Southern,-0.280938,2.68,2.4,-0.74,5.53,0,1028
5323991,Anthony Andrews,Texas Southern,-5.48746,2.12,-3.36,-6.75,0.02,17,3093
4703205,Kyndall Davis,Texas State,-0.2678,3.05,2.79,0.34,5.24,6,2471
5176728,Kaden Gumbs,Texas State,-1.30607,1.77,0.47,-2.91,3.84,5,2652
5240685,Mark Drone,Texas State,-3.99989,1.31,-2.69,-4.53,-0.85,1,3324
5174858,Franck Emmou,Texas State,-2.09174,1.44,-0.66,-2.91,1.6,14,3263
5105485,Isaiah Barganier,Texas State,-7.31749,1.65,-5.66,-10.08,-1.24,10,2561
4896371,Makai Willis,Texas State,-3.62437,2.28,-1.34,-4.93,2.24,8,2224
5108069,Jalen Bolden,Texas State,-2.17454,2.11,-0.07,-3.45,3.32,17,3093
5177655,Tay Knox,Texas State,-0.331032,2.05,1.72,-1.38,4.82,16,1516
5313360,Robert Fields,Texas State,-0.467997,2.36,1.89,-1.62,5.39,8,2224
5313358,DJ Hall,Texas State,2.92775,1.19,4.12,-0.03,8.27,2,1900
5108120,Tyeree Bryan,Texas Tech,3.95266,2.13,6.08,3.03,9.14,17,3093
5107355,Donovan Atwell,Texas Tech,8.7323,1.44,10.17,8.07,12.27,14,3263
5061581,Luke Bamgboye,Texas Tech,6.25374,2.66,8.91,5.73,12.09,0,1028
5152656,Josiah Moseley,Texas Tech,0.743017,2.38,3.12,-0.13,6.38,8,2224
5107312,LeJuan Watts,Texas Tech,2.69289,1.81,4.51,1.64,7.37,3,3517
5143604,JT Toppin,Texas Tech,9.35341,1.16,10.51,6.94,14.08,2,1900
5240271,Leon Horner,Texas Tech,2.10677,1.94,4.05,0.77,7.33,3,3517
5060701,Christian Anderson,Texas Tech,8.1787,2.25,10.43,8.39,12.47,11,2931
5221321,Jaylen Petty,Texas Tech,4.83824,1.43,6.27,4.17,8.36,14,3263
4897421,Carter Kingsbury,The Citadel,-5.66985,2.11,-3.56,-6.67,-0.45,17,3093
5114809,Sola Adebisi,The Citadel,0.395161,2.27,2.67,-0.1,5.43,15,2561
5176171,Christian Moore,The Citadel,-3.92982,1.37,-2.56,-4.57,-0.55,14,3263
5243243,Eze Wali,The Citadel,-5.37062,1.82,-3.55,-7.04,-0.06,5,2652
5107163,Elijah Chol,UC Irvine,0.294888,2.28,2.58,-0.75,5.91,15,2561
4711267,Jurian Dixon,UC Irvine,1.21627,1.34,2.55,0.7,4.4,1,3324
4897678,Akiva McBirney-Griffin,UC Irvine,-3.72495,2.02,-1.7,-4.86,1.46,16,1516
5241931,Jovan Jester Jr.,UC Irvine,1.92054,2.95,4.87,2.72,7.02,6,2471
5254329,Nes Emeneke,UC Irvine,-0.128931,2.08,1.95,-1.31,5.21,16,1516
5313007,Tama Isaac,UC Irvine,-2.2578,1.8,-0.45,-3.84,2.94,5,2652
5241460,Dylan Godfrey,UC Riverside,-6.90162,2.08,-4.82,-8.18,-1.46,17,3093
5175663,Denzel Hines,UC Riverside,-3.89947,1.94,-1.96,-5.96,2.04,7,2587
5174613,Marqui Worthy Jr.,UC Riverside,-0.976956,2.57,1.59,-0.99,4.17,9,2020
4858609,Osiris Grady,UC Riverside,-3.94214,1.92,-2.02,-5.62,1.57,7,2587
5180714,Jailen Daniel-Dalton,UC Riverside,-1.14167,2.28,1.14,-2.14,4.43,15,2561
5241955,Tyler Jones,UC Riverside,-3.15916,1.67,-1.49,-5.72,2.74,10,2561
5241291,BJ Kolly,UC Riverside,-0.842916,2.28,1.44,-1.94,4.82,8,2224
5181503,Andrew Henderson,UC Riverside,-0.645846,1.8,1.15,-1.55,3.86,3,3517
5313033,De'Undrae Perteete Jr.,UC Riverside,0.0798848,1.46,1.54,-0.68,3.76,14,3263
5313035,Ben Waller,UC Riverside,-1.6634,1.93,0.26,-3.0,3.52,3,3517
5243038,Alex Chaikin,UC San Diego,-0.709118,1.41,0.7,-1.53,2.92,14,3263
5105426,Bol Dengdit,UC San Diego,0.458802,1.82,2.28,-0.66,5.22,3,3517
5176423,Aidan Burke,UC San Diego,1.44285,2.51,3.95,0.92,6.98,12,2556
5241292,Trap Johnson,UC San Diego,-4.09043,2.12,-1.97,-5.52,1.57,17,3093
5176372,Tom Beattie,UC San Diego,2.95173,3.0,5.95,3.85,8.04,6,2471
5106867,Leo Beath,UC San Diego,0.0735654,1.85,1.92,-1.17,5.02,3,3517
5313048,Hudson Mayes,UC San Diego,2.71621,1.22,3.93,-0.67,8.54,2,1900
5313049,Emanuel Prospere II,UC San Diego,2.20214,2.95,5.15,3.06,7.25,6,2471
5313050,Jaden Vance,UC San Diego,-0.546295,3.01,2.46,0.05,4.87,6,2471
4593883,Hosana Kitenge,UC Santa Barbara,0.476024,2.24,2.72,-0.09,5.52,15,2561
5033017,Miro Little,UC Santa Barbara,4.71203,2.61,7.32,4.81,9.83,9,2020
4684812,Colin Smith,UC Santa Barbara,0.534611,2.46,2.99,0.23,5.75,12,2556
5176464,Jason Fontenet II,UC Santa Barbara,0.678574,1.87,2.55,-0.73,5.83,3,3517
4685013,Koat Keat Tong,UC Santa Barbara,-0.0993349,2.27,2.17,-0.9,5.24,15,2561
5107146,Evans Kipruto,UC Santa Barbara,3.4658,2.61,6.07,2.47,9.67,13,1560
5242262,Zion Sensley,UC Santa Barbara,-1.21428,1.85,0.64,-2.42,3.69,3,3517
5241843,Marvin McGhee IV,UC Santa Barbara,3.28771,2.5,5.79,2.85,8.73,12,2556
4684628,Aidan Mahaney,UC Santa Barbara,-0.495408,1.38,0.88,-1.06,2.82,14,3263
5215271,CJ Shaw,UC Santa Barbara,0.715881,2.32,3.03,0.37,5.69,11,2931
5254322,Michael Simcoe,UC Santa Barbara,-0.0533877,3.06,3.01,0.43,5.58,6,2471
5108850,Elijah Hulsewe,UCF,-3.89688,2.35,-1.55,-5.21,2.11,8,2224
4915060,John Bol,UCF,4.15946,2.63,6.79,3.48,10.1,13,1560
5242634,Carmelo Pacheco,UCF,2.59608,1.46,4.06,1.66,6.45,14,3263
5107975,George Beale Jr.,UCF,-1.62713,1.53,-0.1,-4.43,4.23,10,2561
4704078,Themus Fulks,UCF,0.775388,2.57,3.35,0.87,5.83,9,2020
5241667,Jamichael Stillwell,UCF,6.65631,1.2,7.85,3.42,12.29,2,1900
5105970,Jeremy Foumena,UCF,-0.293849,2.34,2.05,-1.57,5.66,8,2224
5105529,Riley Kugel,UCF,3.15671,1.34,4.5,2.61,6.39,1,3324
4848623,Kris Parker,UCF,-0.378401,2.25,1.87,-1.17,4.91,15,2561
5175069,Chris Johnson,UCF,3.25392,2.33,5.59,2.7,8.47,11,2931
4567588,Devan Cambridge,UCF,5.68773,2.28,7.96,5.0,10.93,15,2561
5060684,Jordan Burks,UCF,5.18989,2.46,7.65,4.88,10.43,12,2556
5105626,Tyler Bilodeau,UCLA,5.64986,2.42,8.07,5.62,10.51,12,2556
4610012,Eric Dailey Jr.,UCLA,4.32975,1.84,6.17,3.11,9.22,3,3517
5105794,Skyy Clark,UCLA,6.00358,2.33,8.33,5.62,11.04,11,2931
5060706,Trent Perry,UCLA,5.51694,2.29,7.81,5.22,10.4,11,2931
5174981,Brandon Williams,UCLA,3.62025,2.12,5.74,2.34,9.15,17,3093
5149633,Eric Freeny,UCLA,2.32191,2.13,4.45,1.32,7.58,17,3093
5177743,Jamar Brown,UCLA,5.15867,2.51,7.67,4.54,10.8,12,2556
4711304,Xavier Booker,UCLA,7.54387,1.37,8.92,4.33,13.5,2,1900
5107782,Donovan Dent,UCLA,4.93668,2.57,7.5,5.01,9.99,9,2020
5105417,Steven Jamerson II,UCLA,9.86873,2.63,12.5,8.99,16.01,13,1560
5054083,Silas Demary Jr.,UConn,8.79031,2.63,11.42,8.89,13.95,9,2020
5241657,Alec Millender,UConn,-3.18826,2.38,-0.8,-3.95,2.34,11,2931
4683861,Malachi Smith,UConn,2.73524,1.85,4.59,0.99,8.18,5,2652
4703011,Dwayne Koroma,UConn,-0.297422,2.58,2.28,-1.42,5.98,13,1560
4917149,Alex Karaban,UConn,8.8434,2.48,11.32,8.64,14.01,12,2556
4895737,Solo Ball,UConn,2.96697,1.37,4.34,2.34,6.34,14,3263
4685647,Jaylin Stewart,UConn,4.26943,2.12,6.39,3.01,9.77,17,3093
5105809,Tarris Reed Jr.,UConn,12.9328,2.51,15.44,13.26,17.62,0,1028
4895753,Jayden Ross,UConn,7.39871,2.51,9.91,6.85,12.98,12,2556
5196916,Braylon Mullins,UConn,6.05107,2.3,8.35,5.68,11.03,11,2931
5152763,Eric Reibe,UConn,6.71796,2.6,9.32,5.89,12.75,13,1560
4896534,Abdul Momoh,UIC,3.50856,2.63,6.13,3.22,9.05,0,1028
5108799,Ante Beljan,UIC,-3.20937,2.32,-0.89,-4.49,2.71,8,2224
5177126,Ahmad Henderson II,UIC,-2.04277,1.3,-0.74,-2.64,1.17,1,3324
5174452,Jayce Nathaniel,UIC,1.6428,1.9,3.54,0.26,6.82,3,3517
5175146,Mekhi Lowery,UIC,3.28062,3.01,6.29,4.08,8.51,6,2471
5176577,Josiah Hammons,UIC,0.224239,1.41,1.63,-0.62,3.89,14,3263
4702961,Sam Silverstein,UIC,2.82764,3.1,5.92,3.44,8.41,6,2471
5060703,Elijah Crawford,UIC,3.39237,2.47,5.87,3.23,8.5,9,2020
5313880,Andy Johnson,UIC,-0.322376,1.41,1.09,-0.99,3.17,1,3324
5313879,Rashund Washington Jr.,UIC,1.08156,2.25,3.34,0.49,6.18,15,2561
5105539,MJ Russell,UL Monroe,-4.28113,1.36,-2.92,-4.84,-1.01,1,3324
5240758,Renars Sondors,UL Monroe,-5.99987,1.89,-4.11,-7.26,-0.96,3,3517
5240757,Micah Caster,UL Monroe,-9.54719,1.41,-8.13,-11.41,-4.85,4,1464
5174978,Ayomide Bamisile,UL Monroe,-3.45338,2.05,-1.4,-4.53,1.73,16,1516
5106632,Lavell Brodnex,UL Monroe,0.520919,1.18,1.7,-2.53,5.94,2,1900
5313383,Wiggy Ball,UL Monroe,-7.87581,1.43,-6.44,-10.12,-2.77,4,1464
5313379,Dylan Diaz,UL Monroe,-5.92614,1.44,-4.48,-6.79,-2.17,14,3263
5313380,Przemek Hartman,UL Monroe,-12.5324,2.09,-10.44,-13.92,-6.97,17,3093
5313381,Krystian Lewis,UL Monroe,-4.33248,1.27,-3.06,-4.79,-1.33,1,3324
5313382,Alex Molofeev,UL Monroe,-6.76724,1.84,-4.93,-8.47,-1.39,5,2652
4702976,Josh Odunowo,UMBC,-1.37855,2.3,0.92,-2.48,4.32,8,2224
5174860,Ace Valentine,UMBC,1.8984,2.3,4.2,1.68,6.73,11,2931
5239816,Daylon Dickerson,UMBC,-0.707136,2.24,1.53,-1.36,4.43,15,2561
5196866,Caden Diggs,UMBC,-1.7087,1.84,0.14,-2.97,3.24,3,3517
4888718,Devin Ceaser,UMBC,-5.63318,1.33,-4.31,-6.35,-2.26,1,3324
5252505,DJ Armstrong Jr.,UMBC,2.90935,2.48,5.39,2.62,8.15,12,2556
5182581,Jose Roberto Tanchyn,UMBC,2.0997,1.3,3.4,-1.31,8.12,2,1900
5314734,Julien Gomez,UT Rio Grande Valley,2.5016,2.34,4.84,2.05,7.64,11,2931
5113182,David Tubek,UTEP,0.905603,1.61,2.51,-1.74,6.76,10,2561
5108719,Kaseem Watson,UTEP,-1.94234,1.84,-0.11,-3.17,2.96,3,3517
5176747,Tyreese Watson,UTEP,-3.87462,1.78,-2.09,-5.46,1.28,5,2652
5106056,Elijah Jones,UTEP,-0.03855,2.44,2.4,-0.29,5.09,12,2556
5242612,KJ Thomas,UTEP,-3.24888,1.85,-1.4,-4.84,2.03,5,2652
5177692,Trey Horton III,UTEP,-4.42003,1.61,-2.81,-7.1,1.49,10,2561
5176665,Jamal West Jr.,UTEP,1.42587,1.21,2.64,-1.71,6.98,2,1900
5176206,LA Hayes,UTEP,0.27222,2.99,3.26,0.85,5.66,6,2471
5107455,Caleb Blackwell,UTEP,-1.17745,1.4,0.22,-1.82,2.27,1,3324
5314540,Cassius Brooks,UTEP,-5.22352,1.43,-3.79,-6.81,-0.77,4,1464
5176290,Daniel Akitoby,UTSA,-3.45764,2.25,-1.21,-4.13,1.7,15,2561
4898293,Mo Njie,UTSA,-4.31869,2.24,-2.08,-4.8,0.64,15,2561
5240407,Baboucarr Njie,UTSA,-3.24949,1.92,-1.33,-3.98,1.33,16,1516
4905284,LJ Brown,UTSA,-2.57786,2.13,-0.45,-3.88,2.98,17,3093
5111919,Jamir Simpson,UTSA,-3.51542,1.34,-2.18,-4.03,-0.32,1,3324
4712837,Austin Nunez,UTSA,-8.16867,1.35,-6.82,-9.68,-3.95,4,1464
4703670,Pierce Spencer,UTSA,-1.03274,1.87,0.83,-2.91,4.58,5,2652
5313655,Matheo Coffi,UTSA,-2.07221,2.29,0.22,-3.27,3.7,15,2561
5221325,Dorian Hayes,UTSA,-4.97565,1.59,-3.38,-7.39,0.63,10,2561
5313654,Brent Moss,UTSA,-2.28571,1.54,-0.75,-4.71,3.21,10,2561
5101826,Kaidon Rayfield,UTSA,-3.75762,1.9,-1.85,-5.65,1.94,7,2587
5108973,Garry Clark,Utah State,6.19484,2.6,8.8,5.47,12.12,13,1560
5105604,Kolby King,Utah State,5.20292,2.48,7.69,4.77,10.61,12,2556
5105401,MJ Collins Jr.,Utah State,4.0106,2.29,6.3,3.82,8.78,11,2931
4896363,Zach Keller,Utah State,0.994367,2.28,3.27,-0.18,6.72,15,2561
5182081,Luke Kearney,Utah State,-2.99869,1.41,-1.59,-4.05,0.86,14,3263
5107864,Mason Falslev,Utah State,8.75309,2.94,11.69,9.82,13.57,6,2471
5105494,Drake Allen,Utah State,6.32546,2.98,9.31,7.17,11.44,6,2471
5176273,Karson Templin,Utah State,5.83851,1.27,7.11,2.37,11.84,2,1900
5175860,Tucker Anderson,Utah State,3.84241,2.51,6.36,3.17,9.54,12,2556
5241264,Jordy Barnes,Utah State,-0.37565,1.94,1.56,-2.19,5.32,5,2652
5195079,Adlan Elamin,Utah State,3.8163,2.49,6.31,3.27,9.35,12,2556
5255260,Elijah Perryman,Utah State,1.55833,2.73,4.29,1.32,7.26,9,2020
5245765,Noah Bolanga,Utah Tech,-0.973001,1.85,0.88,-2.16,3.91,3,3517
5105471,Ethan Potter,Utah Tech,2.89476,1.18,4.07,-0.07,8.21,2,1900
4898377,Samuel Ariyibi,Utah Tech,-2.83999,1.96,-0.88,-4.8,3.04,7,2587
5241402,Britton Berrett,Utah Tech,-1.31814,2.51,1.19,-1.84,4.22,12,2556
5241399,Madiba Owona,Utah Tech,-2.86487,1.39,-1.47,-3.52,0.58,1,3324
5105493,Dario Domingos,Utah Tech,-4.636,2.23,-2.41,-5.33,0.52,15,2561
4684152,Jusaun Holt,Utah Tech,-2.30413,1.35,-0.95,-2.84,0.93,1,3324
4897982,Chance Trujillo,Utah Tech,-0.29667,1.39,1.1,-0.97,3.16,14,3263
5314822,Tanner Davis,Utah Tech,0.928346,3.05,3.98,1.62,6.35,6,2471
5177233,Terrence Brown,Utah,1.12525,2.43,3.56,0.97,6.15,9,2020
5074087,Elijah Moore,Utah,-1.84083,2.09,0.25,-3.37,3.87,17,3093
4903216,Don McHenry,Utah,1.50803,2.28,3.79,1.34,6.24,11,2931
4897777,James Okonkwo,Utah,3.68389,2.39,6.08,2.72,9.43,8,2224
5177114,Seydou Traore,Utah,0.802457,3.0,3.8,1.53,6.07,6,2471
5060685,Keanu Dawes,Utah,4.11497,1.2,5.31,1.01,9.61,2,1900
5176757,Josh Hayes,Utah,2.46623,2.63,5.09,1.56,8.63,13,1560
5311937,Obomate Abbey,Utah,-5.52432,1.42,-4.11,-7.31,-0.91,4,1464
5311934,Jacob Patrick,Utah,2.2656,1.45,3.71,1.43,6.0,14,3263
5311935,Kendyl Sanders,Utah,0.812271,2.13,2.94,-0.27,6.15,17,3093
4838703,Tyler Hendricks,Utah Valley,2.85901,2.49,5.35,2.6,8.11,12,2556
5105468,Trevan Leonhardt,Utah Valley,4.13306,2.98,7.11,5.2,9.02,6,2471
5107161,Hayden Welling,Utah Valley,-3.32335,1.85,-1.47,-4.65,1.7,3,3517
5176632,Jackson Holcombe,Utah Valley,6.54174,2.91,9.45,7.72,11.18,6,2471
4432398,Noah Taitz,Utah Valley,-2.8388,1.64,-1.2,-5.38,2.99,10,2561
4873202,Isaac Davis,Utah Valley,1.90108,1.28,3.18,-1.2,7.56,2,1900
5105495,Braden Housley,Utah Valley,-2.24126,1.85,-0.39,-3.82,3.04,5,2652
5176399,Sherman Weatherspoon IV,Utah Valley,-1.26329,1.44,0.18,-2.16,2.52,14,3263
5314813,Isaac Hawkins,Utah Valley,7.5737,2.58,10.15,7.36,12.95,0,1028
5175368,Lazar Djokovic,VCU,3.84047,1.22,5.06,0.45,9.67,2,1900
5106041,Christian Fermin,VCU,3.2454,2.67,5.92,2.34,9.5,0,1028
5239713,Brandon Jennings,VCU,6.16881,3.01,9.18,6.9,11.46,6,2471
5174672,Michael Belle,VCU,3.86855,2.27,6.14,3.25,9.03,15,2561
5060712,Terrence Hill Jr.,VCU,5.08842,2.28,7.37,4.97,9.77,11,2931
5174851,Keyshawn Mitchell,VCU,-1.47698,2.33,0.85,-2.86,4.56,8,2224
5105987,Barry Evans,VCU,3.92121,3.04,6.96,4.65,9.27,6,2471
4701030,Jadrian Tracey,VCU,1.48341,2.29,3.78,1.13,6.43,11,2931
4869778,Ahmad Nowell,VCU,3.07128,2.34,5.41,2.47,8.36,11,2931
4684733,Tyrell Ward,VCU,0.162954,1.87,2.03,-1.17,5.24,3,3517
5311890,Nyk Lewis,VCU,5.01657,2.31,7.33,4.58,10.08,11,2931
5243264,Kaden Stuckey,VMI,-8.71223,1.97,-6.74,-9.75,-3.73,16,1516
5107076,TJ Johnson,VMI,-2.45632,1.81,-0.64,-3.39,2.1,3,3517
5176530,Tan Yildizoglu,VMI,-6.10869,1.74,-4.37,-7.5,-1.24,5,2652
5243262,Cal Liston,VMI,-6.83005,2.13,-4.7,-7.91,-1.48,17,3093
5243263,Linus Holmstrom,VMI,-5.30475,1.39,-3.92,-5.95,-1.88,14,3263
5176337,Walker Andrews,VMI,-9.15494,1.44,-7.71,-9.97,-5.45,1,3324
5176334,AJ Clark,VMI,-2.88995,3.06,0.17,-2.16,2.5,6,2471
5243265,Jaylen Pazon,VMI,-14.9154,1.84,-13.08,-16.57,-9.59,7,2587
5314580,Mario Tatum Jr.,VMI,-8.05961,1.44,-6.62,-8.83,-4.41,1,3324
4897302,Owen Dease,Valparaiso,-0.116203,1.37,1.25,-0.73,3.24,14,3263
5241429,Justus McNair,Valparaiso,-1.82306,1.4,-0.43,-2.54,1.69,1,3324
4683946,Isaiah Barnes,Valparaiso,-6.18222,1.57,-4.62,-9.01,-0.23,10,2561
5180868,Shon Tupuola,Valparaiso,2.97665,2.63,5.61,2.28,8.94,13,1560
5313887,Mark Brown Jr.,Valparaiso,-3.81981,1.39,-2.43,-5.68,0.83,4,1464
5313883,Rakim Chaney,Valparaiso,2.43399,2.3,4.73,2.08,7.38,11,2931
5313888,Carter Hopoi,Valparaiso,-0.392457,2.02,1.62,-1.45,4.69,16,1516
5313886,JT Pettigrew,Valparaiso,0.590601,1.81,2.4,-0.45,5.24,3,3517
5313892,Sader Servilus,Valparaiso,3.54135,3.06,6.6,4.06,9.13,6,2471
5313891,Tucker Tornatta,Valparaiso,-5.16811,1.9,-3.27,-7.04,0.5,7,2587
5313884,Brody Whitaker,Valparaiso,0.30391,1.42,1.73,-0.43,3.89,14,3263
4433625,Jalen Washington,Vanderbilt,8.043,1.25,9.3,4.58,14.02,2,1900
5177355,Cougar Downing,UMBC,-2.87676,1.45,-1.43,-3.82,0.96,14,3263
5313189,Riley Jacobs,UMBC,-2.40672,2.33,-0.08,-3.68,3.52,8,2224
5313186,Jah'Likai King,UMBC,-2.50697,1.37,-1.14,-3.1,0.82,1,3324
5106722,Jared Frey,UMass Lowell,-6.35495,2.12,-4.24,-7.67,-0.8,17,3093
5105717,Khalil Farmer,UMass Lowell,-5.73135,1.62,-4.11,-8.38,0.16,10,2561
5174632,Shawn Simmons II,UMass Lowell,-1.26331,2.28,1.01,-2.17,4.2,15,2561
5240686,Austin Green,UMass Lowell,-2.63134,2.26,-0.37,-3.51,2.76,8,2224
5105889,Angel Montas Jr.,UMass Lowell,-1.43546,1.81,0.37,-2.42,3.17,3,3517
5313154,JJ Massaquoi,UMass Lowell,-8.28864,1.86,-6.43,-9.96,-2.91,7,2587
5313153,Victor Okojie,UMass Lowell,-4.13679,1.97,-2.17,-5.96,1.62,7,2587
5313152,Xavier Spencer,UMass Lowell,-0.575879,1.4,0.83,-1.17,2.82,1,3324
5313151,Darrel Yepdo,UMass Lowell,-4.07018,1.41,-2.67,-4.71,-0.62,1,3324
5176355,Toyaz Solomon,UNC Asheville,-0.00421447,1.79,1.79,-0.84,4.42,3,3517
4838724,Sage Tolentino,UNC Asheville,-0.647493,2.61,1.96,-1.54,5.46,13,1560
5241757,Julian Clarke,UNC Asheville,-4.4421,2.13,-2.31,-5.74,1.12,17,3093
5241756,Kameron Taylor,UNC Asheville,-0.532707,1.78,1.24,-1.31,3.79,3,3517
4704109,Justin Wright,UNC Asheville,-2.06741,1.3,-0.77,-2.54,1.01,1,3324
4897129,DJ Patrick,UNC Asheville,-0.580796,1.44,0.86,-1.35,3.07,14,3263
5240406,David Hermes,UNC Asheville,-2.92049,2.13,-0.79,-4.26,2.68,17,3093
5241247,Daniel Thomas,UNC Asheville,-3.38403,2.05,-1.34,-4.45,1.77,16,1516
5313542,Myles Mayfield,UNC Asheville,-3.74338,2.29,-1.45,-4.91,2.01,15,2561
5176222,Domas Kauzonas,UNC Greensboro,-6.83887,2.01,-4.82,-7.87,-1.78,16,1516
5243252,Clinton Efinda,UNC Greensboro,-4.39833,1.44,-2.96,-5.33,-0.59,14,3263
5106053,Valentino Pinedo,UNC Greensboro,2.03875,2.63,4.67,1.36,7.97,13,1560
4896620,Justin Neely,UNC Greensboro,1.15006,1.15,2.3,-1.49,6.1,2,1900
4396634,Antwann Jones,UNC Greensboro,0.775485,2.09,2.86,-0.55,6.28,17,3093
5314576,Lilian Marville,UNC Greensboro,-3.36716,1.43,-1.94,-4.06,0.18,1,3324
5314570,Noah Norgaard,UNC Greensboro,-4.55652,1.58,-2.97,-6.99,1.04,10,2561
5314573,Donald Whitehead Jr.,UNC Greensboro,-5.15273,1.4,-3.75,-5.84,-1.66,1,3324
5314574,KJ Younger,UNC Greensboro,-1.84018,1.82,-0.02,-2.91,2.87,3,3517
4711264,Jahnathan Lamothe,UNC Wilmington,-0.000568539,1.42,1.42,-0.85,3.69,14,3263
5106732,Noah Ross,UNC Wilmington,1.22663,1.89,3.12,-0.06,6.3,3,3517
5106731,Nolan Hodge,UNC Wilmington,3.14016,1.38,4.52,2.5,6.54,14,3263
5242590,Makoi Mabor Makoi,UNC Wilmington,-4.93037,2.05,-2.88,-6.05,0.3,16,1516
5108909,Greedy Williams,UNC Wilmington,3.18806e-05,2.33,2.33,-0.37,5.03,11,2931
5107358,Madison Durr,UNC Wilmington,-1.36762,1.36,-0.01,-2.01,1.99,1,3324
5174815,Gavin Walsh,UNC Wilmington,0.962768,1.86,2.82,-0.33,5.98,3,3517
4838717,Patrick Wessler,UNC Wilmington,2.37855,2.23,4.61,1.58,7.64,8,2224
5106728,Christian May,UNC Wilmington,1.17677,2.09,3.26,0.32,6.21,17,3093
4869766,Naas Cunningham,UNLV,-4.46453,1.43,-3.04,-5.29,-0.78,1,3324
5164369,Emmanuel Stephen,UNLV,-0.948405,2.02,1.07,-1.96,4.1,16,1516
5242133,Al Green,UNLV,-0.460816,1.43,0.96,-1.36,3.29,14,3263
5117582,Ladji Dembele,UNLV,0.680335,1.95,2.63,-0.65,5.91,3,3517
4703899,Howie Fleming Jr.,UNLV,2.39891,3.0,5.4,3.29,7.51,6,2471
4711259,Dra Gibbs-Lawhorn,UNLV,3.17975,2.27,5.45,3.21,7.69,11,2931
5176263,Jacob Bannarbie,UNLV,1.06634,2.31,3.38,-0.13,6.89,8,2224
5105538,Kimani Hamilton,UNLV,3.42115,1.84,5.26,2.27,8.25,3,3517
5313941,Walter Brown,UNLV,0.218818,2.13,2.35,-0.63,5.33,17,3093
5236223,Tyrin Jones,UNLV,5.56951,2.57,8.14,5.53,10.76,0,1028
5313939,Issac Williamson,UNLV,-2.79385,1.42,-1.37,-3.54,0.79,1,3324
5176755,Jordan Marsh,USC,0.829238,1.42,2.25,0.09,4.4,1,3324
4898190,Ryan Cornish,USC,-1.56946,1.46,-0.11,-2.58,2.36,14,3263
4684634,Rodney Rice,USC,5.0605,1.38,6.44,4.67,8.2,14,3263
4702046,Kam Woods,USC,2.29078,3.0,5.29,3.12,7.46,6,2471
5241689,Amarion Dickerson,USC,5.60795,2.58,8.19,5.31,11.06,0,1028
5243241,Jaden Brownell,USC,0.00744941,2.45,2.46,-0.64,5.56,12,2556
5106051,Ezra Ausar,USC,4.01659,2.25,6.27,3.14,9.39,8,2224
4702236,Terrance Williams II,USC,0.233996,1.69,1.93,-2.1,5.95,10,2561
5176301,EJ Neal Jr.,USC,-1.79349,1.43,-0.37,-2.84,2.11,14,3263
4873219,Jacob Cofie,USC,6.32134,1.29,7.61,3.12,12.09,2,1900
5177227,Gabe Dynes,USC,4.93915,2.63,7.57,4.15,11.0,13,1560
4700877,Chad Baker-Mazara,USC,5.57082,2.26,7.83,5.61,10.05,11,2931
5144495,Alijah Arenas,USC,-2.54954,1.3,-1.25,-3.13,0.62,1,3324
5101762,Jerry Easter II,USC,-0.472231,2.0,1.53,-2.32,5.38,7,2587
5241424,Raysean Seamster,UT Arlington,2.86733,2.95,5.82,3.82,7.82,6,2471
5241428,Cameron Jackson,UT Arlington,0.422629,2.63,3.05,-0.41,6.52,13,1560
5176733,Marcus Rigsby Jr.,UT Arlington,-1.986,2.11,0.13,-3.28,3.54,17,3093
5061587,Miles Goodman,UT Arlington,-5.08846,2.0,-3.09,-6.96,0.78,7,2587
5113390,Marcell McCreary,UT Arlington,3.67233,2.97,6.64,4.56,8.73,6,2471
5240285,Tyran Mason,UT Arlington,-1.51328,1.88,0.37,-2.89,3.63,3,3517
5183293,Cash Chavis,UT Arlington,-2.05132,1.77,-0.28,-3.5,2.93,5,2652
5314870,Bahsil Laster,UT Arlington,-2.93523,1.9,-1.04,-4.82,2.74,7,2587
5144092,Jordan Lowery,UT Arlington,-2.97691,1.84,-1.13,-4.8,2.54,5,2652
5196935,Amari Reed,UT Arlington,0.455092,2.64,3.1,-0.07,6.26,0,1028
5314871,Jayden Smoot,UT Arlington,-2.18957,2.12,-0.07,-3.61,3.47,17,3093
5243006,AJ Hopkins,UT Martin,-2.10507,2.12,0.01,-3.45,3.47,17,3093
5243002,Afan Trnka,UT Martin,-3.61451,1.79,-1.82,-5.34,1.7,5,2652
5108101,Lamine Niang,UT Martin,-2.52734,2.63,0.11,-3.05,3.26,0,1028
5242999,Andrija Bukumirović,UT Martin,2.03633,1.2,3.23,-1.21,7.67,2,1900
5243012,Filip Radaković,UT Martin,-4.47208,1.75,-2.72,-6.01,0.56,5,2652
5243004,Pedro Santos,UT Martin,-1.17202,3.0,1.83,-0.49,4.14,6,2471
5107843,Luca Colceag,UT Martin,-2.7825,2.1,-0.68,-4.08,2.73,17,3093
5176445,Dragos Lungu,UT Martin,-6.46369,1.7,-4.76,-7.8,-1.72,5,2652
5314375,Vladimir Khryapa,UT Martin,-1.87085,1.42,-0.45,-3.66,2.76,4,1464
5314372,Damien King,UT Martin,1.06372,3.02,4.08,1.65,6.51,6,2471
5314376,Filip Petkovski,UT Martin,-4.95899,2.12,-2.84,-6.1,0.43,17,3093
5314377,Matas Deniusas,UT Martin,-0.148489,1.82,1.67,-1.28,4.63,3,3517
5176333,Koree Cotton,UT Rio Grande Valley,4.17742,1.22,5.4,1.14,9.65,2,1900
5174620,Always Wright,UT Rio Grande Valley,-5.63008,1.86,-3.77,-7.46,-0.08,5,2652
5176685,Kwo Agwa,UT Rio Grande Valley,3.78573,2.27,6.05,3.08,9.02,15,2561
5114447,Marshal Destremau,UT Rio Grande Valley,0.845674,2.25,3.1,0.21,5.98,15,2561
5243136,Jaylen Washington,UT Rio Grande Valley,1.92097,2.7,4.62,1.94,7.3,9,2020
5108718,Marvin McGhee III,UT Rio Grande Valley,2.00063,1.43,3.43,1.35,5.51,14,3263
5106750,Zae Blake,UT Rio Grande Valley,-1.42921,1.59,0.16,-3.96,4.28,10,2561
5314736,Filip Brankovic,UT Rio Grande Valley,3.30519,1.25,4.55,0.21,8.89,2,1900
5314733,Dane Christensen,UT Rio Grande Valley,-2.36088,2.11,-0.25,-3.67,3.17,17,3093
5106670,Mason Nicholson,Vanderbilt,4.83557,2.63,7.47,3.7,11.23,13,1560
5114350,AK Okereke,Vanderbilt,5.74101,2.48,8.22,5.36,11.09,12,2556
4684164,Mike James,Vanderbilt,-0.449143,1.69,1.25,-2.76,5.25,10,2561
4791227,Devin McGlockton,Vanderbilt,6.81764,1.29,8.1,3.59,12.61,2,1900
4838721,Tyler Nickel,Vanderbilt,6.34431,2.49,8.83,6.03,11.63,12,2556
5187600,Tyler Tanner,Vanderbilt,10.2242,2.54,12.76,10.4,15.13,9,2020
4433616,Frankie Collins,Vanderbilt,3.81446,2.94,6.75,4.74,8.76,6,2471
4702049,Duke Miles,Vanderbilt,9.60426,2.58,12.19,9.65,14.72,9,2020
5176497,Tyler Harris,Vanderbilt,0.502601,1.87,2.38,-0.87,5.62,3,3517
5311759,Chandler Bing,Vanderbilt,1.95524,2.28,4.23,0.72,7.75,15,2561
5243028,Ben Michaels,Vermont,-4.45706,2.03,-2.42,-5.71,0.87,7,2587
4897489,Trey Woodyard,Vermont,-0.361822,2.13,1.77,-1.45,4.99,17,3093
4897010,Ben Johnson,Vermont,-1.65911,1.45,-0.21,-2.51,2.08,14,3263
5107295,TJ Hurley,Vermont,-0.0876983,2.44,2.36,-0.3,5.01,12,2556
4896370,TJ Long,Vermont,-3.40713,1.84,-1.57,-4.67,1.54,3,3517
4895789,Noah Barnett,Vermont,1.47079,2.29,3.76,0.48,7.03,15,2561
5239825,Sean Blake,Vermont,-3.19343,1.73,-1.46,-4.58,1.65,5,2652
4685686,Gus Yalden,Vermont,2.62783,1.22,3.85,-0.12,7.83,2,1900
4870563,Jackson Skipper,Vermont,-7.29827,1.63,-5.67,-10.14,-1.21,10,2561
5176447,David Simon,Vermont,-4.96886,1.91,-3.06,-6.73,0.61,7,2587
5313192,Lucas Mari,Vermont,-4.52775,2.11,-2.42,-5.66,0.82,17,3093
5313191,Momo Nkugwa,Vermont,-1.99938,2.28,0.28,-3.2,3.77,15,2561
5175067,Zion Stanford,Villanova,-0.786237,1.89,1.1,-1.98,4.19,3,3517
5174291,Bryce Lindsay,Villanova,2.06961,1.38,3.45,1.43,5.46,14,3263
5106034,Tafara Gapare,Villanova,5.27746,2.64,7.91,4.64,11.19,0,1028
5239554,Malachi Palmer,Villanova,3.37028,2.51,5.88,2.77,8.99,12,2556
5182412,Tyler Perkins,Villanova,6.31922,2.28,8.6,6.07,11.13,11,2931
5175588,Matt Hodge,Villanova,3.91141,2.5,6.41,3.47,9.35,12,2556
4870569,Duke Brennan,Villanova,7.43174,2.57,10.0,7.17,12.83,13,1560
4702467,Devin Askew,Villanova,4.57486,2.3,6.87,4.18,9.56,11,2931
5144105,Acaden Lewis,Villanova,4.44724,2.61,7.06,4.47,9.66,9,2020
5176232,Sam Lewis,Virginia,4.15698,2.31,6.46,3.76,9.17,11,2931
5107274,Jacari White,Virginia,5.17829,2.3,7.48,4.79,10.16,11,2931
4703393,Devin Tillis,Virginia,1.50986,1.44,2.95,0.66,5.24,14,3263
5037878,Ugonna Onyenso,Virginia,13.8674,2.64,16.51,13.53,19.49,0,1028
5105464,Dallin Hall,Virginia,5.04783,2.36,7.41,4.69,10.14,11,2931
4683758,Malik Thomas,Virginia,1.83572,1.82,3.66,0.77,6.54,3,3517
4894460,Carter Lang,Virginia,-2.41202,2.05,-0.36,-3.62,2.9,16,1516
5311846,Thijs De Ridder,Virginia,5.69729,1.21,6.91,2.67,11.15,2,1900
5311844,Johann Grunloh,Virginia,10.0058,2.62,12.63,9.73,15.53,0,1028
5150404,Chance Mallory,Virginia,8.86607,2.69,11.56,8.83,14.28,9,2020
5239617,Izaiah Pasha,Virginia Tech,-1.74963,2.33,0.58,-2.43,3.59,11,2931
4685673,Amani Hansberry,Virginia Tech,8.01295,1.2,9.21,4.97,13.45,2,1900
5106040,Tobi Lawal,Virginia Tech,2.38953,1.21,3.6,-0.89,8.09,2,1900
4712846,Jaden Schutt,Virginia Tech,2.45252,1.44,3.9,1.59,6.2,14,3263
5165275,Tyler Johnson,Virginia Tech,7.39522,2.51,9.91,7.05,12.76,12,2556
4873105,Ben Hammond,Virginia Tech,5.04504,2.7,7.74,5.05,10.43,9,2020
5177040,Jailen Bedford,Virginia Tech,0.393649,1.37,1.76,-0.26,3.78,14,3263
5311829,Neoklis Avdalas,Virginia Tech,0.869969,1.35,2.22,0.33,4.11,1,3324
5311831,Antonio Dorn,Virginia Tech,2.59913,2.61,5.2,1.6,8.81,13,1560
5101850,Christian Gurdak,Virginia Tech,3.4375,2.62,6.06,2.64,9.47,13,1560
5247448,Jaden Baker,Wagner,-4.62938,1.53,-3.1,-6.98,0.77,10,2561
5177687,Travis Gray,Wagner,-2.44095,1.86,-0.59,-3.82,2.65,3,3517
5242414,Zavier Fitch,Wagner,-1.03299,2.28,1.24,-1.87,4.36,15,2561
5176342,Eddie Placer,Wagner,-3.45212,1.42,-2.03,-4.23,0.16,14,3263
5317318,Bryan Akanmu,Wagner,-4.34683,1.91,-2.43,-6.17,1.3,7,2587
5317316,John Awoke,Wagner,-4.26815,1.59,-2.68,-6.65,1.3,10,2561
5317320,Binael Basil,Wagner,-1.38602,2.27,0.89,-2.45,4.22,8,2224
5317317,Michael Cooper,Wagner,-2.85177,1.89,-0.96,-4.22,2.29,3,3517
5317314,Nick Jones,Wagner,-1.15736,2.58,1.42,-1.27,4.12,9,2020
4894452,Myles Colvin,Wake Forest,2.30912,2.29,4.6,1.98,7.22,11,2931
5241913,Sebastian Akins,Wake Forest,-1.80668,1.82,0.01,-3.54,3.56,5,2652
5176402,Cooper Schwieger,Wake Forest,2.1604,2.28,4.44,1.12,7.77,15,2561
5176758,Tre'Von Spillers,Wake Forest,6.69431,1.27,7.96,3.46,12.46,2,1900
5175037,Omaha Biliew,Wake Forest,2.28199,2.51,4.79,1.72,7.86,12,2556
5142609,Juke Harris,Wake Forest,4.02945,1.79,5.82,3.27,8.37,3,3517
5174579,Marqus Marion,Wake Forest,3.4895,2.42,5.91,2.38,9.45,8,2224
5108081,Nate Calmese,Wake Forest,2.21885,2.67,4.88,2.2,7.57,9,2020
4905250,Mekhi Mason,Wake Forest,2.25547,3.0,5.25,2.93,7.57,6,2471
5237435,Isaac Carr,Wake Forest,-1.24596,1.9,0.65,-2.97,4.28,5,2652
4897465,Quimari Peterson,Washington,5.36567,1.44,6.8,4.62,8.99,14,3263
4703983,Jacob Ognacevic,Washington,0.88848,1.47,2.36,-2.0,6.71,2,1900
5105606,Desmond Claude,Washington,-1.58138,1.35,-0.23,-2.19,1.73,1,3324
4869737,Wesley Yates III,Washington,2.49033,1.39,3.88,1.86,5.91,1,3324
4711400,Franck Kepnang,Washington,4.52049,2.64,7.16,4.17,10.15,0,1028
5060705,Zoom Diallo,Washington,3.29913,2.51,5.81,3.27,8.34,9,2020
4873180,Bryson Tucker,Washington,0.330932,2.13,2.46,-0.75,5.67,17,3093
5101689,Lathan Sommerville,Washington,-2.44614,1.97,-0.48,-4.36,3.41,7,2587
5101766,JJ Mandaquit,Washington,0.748128,1.83,2.57,-0.91,6.06,5,2652
5221320,Courtland Muldrew,Washington,1.13746,2.11,3.25,-0.2,6.69,17,3093
5281370,Hannes Steinbach,Washington,8.65431,1.15,9.8,5.94,13.66,2,1900
5177358,Jerone Morton,Washington State,0.885198,2.34,3.23,0.41,6.04,11,2931
5177139,Rihards Vavers,Washington State,2.03539,2.48,4.52,1.67,7.37,12,2556
5117606,Parker Gerrits,Washington State,2.3332,2.13,4.47,1.39,7.54,17,3093
5105588,ND Okafor,Washington State,1.49474,2.25,3.75,0.47,7.02,8,2224
5241074,Kase Wynott,Washington State,-3.17153,1.44,-1.73,-5.19,1.73,4,1464
5241071,Tomas Thrastarson,Washington State,-0.827863,1.86,1.03,-2.18,4.24,3,3517
5175078,Eemeli Yalaho,Washington State,2.11425,2.48,4.59,1.82,7.37,12,2556
5241593,Simon Hildebrandt,Washington State,0.0660431,2.5,2.56,-0.58,5.7,12,2556
5195304,Emmanuel Ugbo,Washington State,-2.34389,1.88,-0.46,-3.71,2.78,3,3517
5313054,Ace Glass,Washington State,0.367927,2.27,2.64,0.3,4.98,11,2931
5313053,Adria Rodriguez,Washington State,-0.473868,1.83,1.35,-2.18,4.89,5,2652
5107824,Nigel Burris,Weber State,-0.537051,1.86,1.32,-1.84,4.48,3,3517
5241318,Declan Cutler,Weber State,-5.49631,2.07,-3.43,-6.56,-0.29,16,1516
5241316,Trevor Hennig,Weber State,-3.80488,2.06,-1.74,-5.04,1.56,17,3093
5175397,Viljami Vartiainen,Weber State,1.23335,2.5,3.73,0.91,6.55,12,2556
5107474,Jace Whiting,Weber State,-0.871842,1.43,0.55,-1.52,2.62,1,3324
5177717,Malek Gomma,Weber State,-0.460747,2.25,1.79,-1.01,4.59,15,2561
5313295,ArDarius Grayson,Weber State,-5.1602,1.39,-3.77,-6.94,-0.6,4,1464
5313294,Duce Paschal,Weber State,-2.24826,3.03,0.79,-1.74,3.31,6,2471
5313292,Tijan Saine Jr.,Weber State,1.38879,2.28,3.67,1.34,5.99,11,2931
5313291,Edwin Suarez Jr.,Weber State,-0.0737194,2.25,2.18,-1.17,5.53,8,2224
5179291,Josh Smith,West Georgia,-4.57212,1.29,-3.28,-5.11,-1.45,1,3324
5240029,Kolten Griffin,West Georgia,-0.997352,2.13,1.14,-1.87,4.14,17,3093
5240027,Shelton Williams-Dryden,West Georgia,-1.77572,1.78,0.0,-2.47,2.48,3,3517
5240024,Brady Hardewig,West Georgia,-3.84208,1.47,-2.37,-4.86,0.11,14,3263
5240033,Kenneth Chime,West Georgia,1.03706,2.66,3.7,0.65,6.74,0,1028
5240026,Xavier Shegog,West Georgia,-7.99706,2.02,-5.98,-9.92,-2.03,7,2587
5115866,Malcolm Noel,West Georgia,-5.28923,1.77,-3.52,-6.88,-0.16,5,2652
5243003,Matija Žužić,West Georgia,-6.44422,1.61,-4.83,-9.07,-0.6,10,2561
5194058,JaVar Daniel,West Georgia,2.64654,1.3,3.94,-0.82,8.71,2,1900
4920142,Harlan Obioha,West Virginia,2.82443,2.35,5.17,1.7,8.64,8,2224
5106449,Jackson Fields,West Virginia,1.48428,2.26,3.75,0.72,6.77,15,2561
4433596,Chance Moore,West Virginia,3.18465,1.24,4.43,-0.13,8.98,2,1900
5174294,Morris Ugusuk,West Virginia,-1.73335,2.13,0.39,-3.15,3.94,17,3093
5107287,Treysen Eaglestaff,West Virginia,2.71534,1.87,4.58,1.4,7.76,3,3517
4897365,Honor Huff,West Virginia,3.4307,1.36,4.79,2.87,6.72,1,3324
5177104,Jasper Floyd,West Virginia,4.65464,3.03,7.68,5.41,9.96,6,2471
5106864,Brenen Lorient,West Virginia,6.15429,1.21,7.37,2.81,11.93,2,1900
5293246,Amir Jenkins,West Virginia,-0.523368,1.85,1.33,-2.36,5.02,5,2652
5311938,DJ Thomas,West Virginia,1.22673,2.45,3.68,0.67,6.69,12,2556
5241916,Abdulai Fanta Kabba,Western Carolina,1.01603,2.63,3.65,0.3,7.0,13,1560
4897626,Julien Soumaoro,Western Carolina,-0.70443,1.39,0.69,-1.31,2.68,1,3324
5107345,Marcus Kell,Western Carolina,-2.21238,1.84,-0.37,-3.45,2.7,3,3517
5105455,Cord Stansberry,Western Carolina,-1.17231,1.36,0.18,-1.74,2.11,1,3324
5107172,Vernon Collins,Western Carolina,-1.7941,2.02,0.23,-2.9,3.35,16,1516
4897502,Chase McKey,Western Carolina,-5.08311,2.02,-3.06,-6.88,0.76,7,2587
5243270,Fischer Brown,Western Carolina,-4.45895,2.11,-2.35,-5.84,1.14,17,3093
5243266,CJ Hyland,Western Carolina,-6.36851,1.81,-4.56,-8.08,-1.03,5,2652
5239588,Justin Johnson,Western Carolina,-4.01705,1.88,-2.14,-5.74,1.46,7,2587
5177606,Tidjiane Dioumassi,Western Carolina,-2.08323,1.4,-0.68,-2.74,1.37,1,3324
5315246,Samuel Dada,Western Carolina,4.11953,2.63,6.75,3.57,9.94,13,1560
5315245,Tahlan Pettway,Western Carolina,0.617332,2.32,2.94,0.17,5.71,11,2931
5315247,Tayeshaun Smith,Western Carolina,-1.1697,2.06,0.89,-2.46,4.24,7,2587
5241420,Antwaun Massey,Western Illinois,-6.78869,1.88,-4.91,-8.59,-1.23,7,2587
5125137,Steven Tipton,Western Illinois,-5.02747,1.45,-3.57,-6.07,-1.08,14,3263
5176331,Tyran Cook,Western Illinois,-9.77784,1.85,-7.93,-11.63,-4.23,5,2652
5107966,Goanar Biliew,Western Illinois,-9.93397,1.99,-7.95,-11.83,-4.06,7,2587
4703910,Nick Hittle,Western Illinois,-8.77947,1.93,-6.85,-10.75,-2.96,7,2587
5174298,Danny Stephens,Western Illinois,-8.41116,1.53,-6.88,-11.12,-2.63,10,2561
5176322,Isaiah Griffin,Western Illinois,-7.80996,1.39,-6.42,-8.47,-4.37,1,3324
4904792,Francis Okwuosah,Western Illinois,-4.23525,1.41,-2.83,-5.0,-0.65,14,3263
5176169,Marcus Pigram,Western Illinois,-13.2051,1.4,-11.81,-15.04,-8.58,4,1464
5314441,Karyiek Dixon,Western Illinois,-4.99186,2.31,-2.68,-5.96,0.6,8,2224
5314443,Makai Kvamme,Western Illinois,-6.2642,1.41,-4.85,-7.89,-1.82,4,1464
5314440,Lucas Lorenzen,Western Illinois,-5.39804,1.36,-4.04,-5.96,-2.13,1,3324
5177297,Louie Semona,Western Kentucky,-3.31002,1.88,-1.43,-4.46,1.6,3,3517
5106643,Bryant Selebangue,Western Kentucky,3.97242,2.64,6.61,3.37,9.84,13,1560
5176778,Jack Edelen,Western Kentucky,-6.22964,1.43,-4.8,-8.7,-0.91,4,1464
5176572,Leeroy Odiahi,Western Kentucky,-1.43982,2.63,1.19,-2.35,4.73,13,1560
5105826,Blaise Keita,Western Kentucky,0.802193,2.39,3.19,-0.3,6.68,8,2224
5242615,Kade Unseld,Western Kentucky,-4.18214,2.1,-2.08,-5.6,1.44,17,3093
5176780,Teagan Moore,Western Kentucky,5.05424,1.2,6.25,2.14,10.36,2,1900
4897301,Terrion Murdix,Western Kentucky,0.934869,1.79,2.73,-0.74,6.19,5,2652
4703009,Ryan Myers,Western Kentucky,-0.310849,1.38,1.07,-0.99,3.14,14,3263
5107700,Cam Haffner,Western Kentucky,-3.05263,1.43,-1.62,-3.98,0.73,14,3263
5105587,Grant Newell,Western Kentucky,0.1151,1.84,1.95,-1.11,5.02,3,3517
5238209,Noah Boyde,Western Kentucky,-3.24328,2.03,-1.21,-4.31,1.89,16,1516
5313164,Armelo Boone,Western Kentucky,0.171702,2.94,3.11,1.1,5.12,6,2471
5313163,LJ Hackman,Western Kentucky,0.598073,2.99,3.59,1.29,5.89,6,2471
5105966,Trey Lewis,Western Michigan,-2.01981,2.46,0.44,-2.53,3.41,12,2556
5107999,Max Burton,Western Michigan,-1.60529,2.36,0.76,-2.64,4.16,8,2224
5243096,EJ Ryans,Western Michigan,-3.03619,1.43,-1.6,-3.85,0.65,14,3263
5176248,Michael Sulaka,Western Michigan,-2.47474,2.28,-0.2,-3.71,3.31,15,2561
4683676,Justice Williams,Western Michigan,-1.48252,1.35,-0.13,-2.03,1.76,1,3324
5239603,Hudson Ward,Western Michigan,0.782163,2.13,2.92,-0.03,5.86,17,3093
5106869,Jayden Brewer,Western Michigan,-2.41012,1.8,-0.61,-3.43,2.22,3,3517
5179286,Jalen Griffith,Western Michigan,-1.73837,1.33,-0.41,-2.3,1.48,1,3324
5314283,Sharod Barnes,Western Michigan,-6.53016,1.84,-4.69,-8.39,-0.99,5,2652
5314286,Declan Peterson,Western Michigan,-2.38206,2.61,0.23,-3.4,3.85,13,1560
5314284,Brady Swartz,Western Michigan,-3.13394,1.89,-1.24,-4.51,2.03,3,3517
5314285,Carson Vis,Western Michigan,-2.67561,1.42,-1.26,-3.44,0.92,1,3324
5105857,Will Berg,Wichita State,5.07139,2.58,7.65,5.01,10.29,0,1028
5181250,Dillon Battie,Wichita State,3.47144,1.26,4.73,-0.09,9.55,2,1900
5107508,Kenyon Giles,Wichita State,3.56951,1.35,4.92,3.04,6.8,1,3324
5106701,Jaret Valencia,Wichita State,-0.895669,1.98,1.09,-2.9,5.07,7,2587
5176140,Karon Boyd,Wichita State,3.04631,1.89,4.93,1.82,8.04,3,3517
5125176,Emmanuel Okorafor,Wichita State,2.63746,2.59,5.23,2.38,8.07,0,1028
4873115,TJ Williams,Wichita State,1.73316,2.28,4.01,0.56,7.46,8,2224
4710354,Michael Gray Jr.,Wichita State,0.596838,1.57,2.16,-1.78,6.1,10,2561
5241241,Brian Amuneke,Wichita State,-0.769892,1.61,0.84,-3.61,5.3,10,2561
5313656,Dre Kindell,Wichita State,1.31435,2.77,4.09,1.11,7.07,9,2020
5176465,Kilian Brockhoff,William & Mary,-1.24806,1.83,0.59,-2.34,3.51,3,3517
5106734,Chase Lowe,William & Mary,3.34795,1.2,4.55,0.04,9.06,2,1900
5242597,Finn Lally,William & Mary,1.71368,1.44,3.15,-1.4,7.7,2,1900
5242596,Ryan Jackson Jr.,William & Mary,0.027774,2.28,2.31,-0.84,5.46,15,2561
5242594,Kyle Pulliam,William & Mary,0.98082,2.31,3.29,0.58,6.0,11,2931
5193634,Kyle Frazier,William & Mary,-1.6999,1.44,-0.26,-2.73,2.2,14,3263
4898189,Cade Haskins,William & Mary,-2.86319,2.1,-0.77,-4.04,2.5,17,3093
5106588,Jo'el Emanuel,William & Mary,-0.38817,2.25,1.87,-1.04,4.77,15,2561
5174608,Tunde Vahlberg Fasasi,William & Mary,3.07711,2.29,5.37,2.78,7.96,11,2931
5312328,Jhei-R Jones,William & Mary,-1.44219,2.36,0.92,-2.01,3.84,11,2931
5312326,Reese Miller,William & Mary,-2.41794,2.29,-0.13,-2.69,2.43,11,2931
5240416,Pharrell Boyogueno,Winthrop,1.55235,2.13,3.68,0.34,7.02,17,3093
5241760,Tommy Kamarad,Winthrop,0.841137,1.91,2.75,-0.47,5.96,3,3517
5176753,Tai Hamilton,Winthrop,-2.10132,2.06,-0.04,-3.15,3.07,16,1516
4700973,Isaiah Wilson,Winthrop,-5.1199,1.42,-3.7,-6.85,-0.54,4,1464
4682856,Logan Duncomb,Winthrop,6.19411,1.19,7.38,3.59,11.18,2,1900
5239866,Josh Meo,Winthrop,-4.18279,1.59,-2.59,-6.72,1.54,10,2561
5239884,Braylhan Thomas,Winthrop,-3.62034,1.58,-2.04,-6.28,2.19,10,2561
4897458,Daylen Berry,Winthrop,-1.49807,1.4,-0.1,-2.15,1.95,1,3324
5105885,Kareem Rozier,Winthrop,0.743709,1.39,2.13,0.15,4.12,1,3324
5239628,Seifeldin Hendawy,Winthrop,-2.96208,1.92,-1.04,-4.86,2.77,7,2587
5107220,Ed Nnamoko,Winthrop,-4.62512,2.33,-2.29,-5.9,1.32,8,2224
4906515,Kody Clouet,Winthrop,3.60962,2.48,6.09,3.37,8.81,12,2556
5105820,Braeden Carrington,Wisconsin,6.16173,1.39,7.55,5.35,9.76,14,3263
4895783,Nolan Winter,Wisconsin,9.21334,1.24,10.46,6.18,14.73,2,1900
5103630,John Blackwell,Wisconsin,6.51967,2.26,8.78,6.53,11.03,11,2931
5174807,Jack Janicki,Wisconsin,3.52836,2.13,5.66,2.47,8.85,17,3093
5109019,Andrew Rohde,Wisconsin,4.58053,1.45,6.03,3.76,8.3,14,3263
5240971,Austin Rapp,Wisconsin,6.47542,2.46,8.94,6.11,11.76,12,2556
4702654,Nick Boyd,Wisconsin,7.78862,2.46,10.25,7.84,12.66,9,2020
5312048,Aleksas Bieliauskas,Wisconsin,4.1125,2.28,6.4,3.14,9.65,15,2561
5175080,Nils Machowski,Wofford,-0.667827,2.26,1.59,-0.7,3.89,11,2931
5243278,Kahmare Holmes,Wofford,1.23812,2.47,3.7,1.25,6.16,9,2020
5243276,Luke Flynn,Wofford,-2.84388,1.66,-1.18,-5.21,2.86,10,2561
5176177,Cayden Vasko,Wofford,-0.0362723,2.31,2.27,-0.32,4.87,11,2931
5121357,Brendan Rigsbee,Wofford,-4.40172,2.51,-1.89,-5.04,1.25,12,2556
5314618,Rex Stirling,Wofford,-3.72399,2.32,-1.4,-4.96,2.16,8,2224
5314611,Brian Sumpter,Wofford,-1.84058,2.63,0.79,-2.57,4.14,13,1560
5314613,Jayden Tyler,Wofford,-4.10061,1.43,-2.68,-4.95,-0.4,14,3263
5314612,Chace Watley,Wofford,-5.83911,1.41,-4.43,-6.53,-2.33,1,3324
4707481,Michael Imariagbe,Wright State,3.10865,1.21,4.32,-0.0,8.64,2,1900
5106806,Logan Woods,Wright State,-1.65894,2.12,0.46,-2.88,3.8,17,3093
5177215,Solomon Callaghan,Wright State,0.00919893,1.43,1.44,-0.75,3.63,14,3263
5241700,Andrea Holden,Wright State,1.88445,2.57,4.46,1.61,7.31,0,1028
5241483,TJ Burch,Wright State,3.86438,2.56,6.42,3.67,9.17,9,2020
4898006,Sam Alamutu,Wright State,0.102474,3.06,3.16,0.65,5.67,6,2471
5243109,Dominic Pangonis,Wright State,0.421201,2.5,2.92,-0.05,5.89,12,2556
5106602,Bryan Etumnu,Wright State,2.19266,2.66,4.85,1.57,8.14,0,1028
5314630,Michael Cooper,Wright State,-0.60763,2.29,1.68,-0.85,4.21,11,2931
5314627,Kellen Pickett,Wright State,2.31814,1.3,3.61,-1.04,8.27,2,1900
5243127,Damarion Dennis,Wyoming,4.88457,2.31,7.2,4.5,9.9,11,2931
4712838,Leland Walker,Wyoming,0.549987,2.58,3.13,0.43,5.82,9,2020
5177137,Khaden Bennett,Wyoming,5.27954,2.99,8.27,6.12,10.42,6,2471
5174639,Abou Magassa,Wyoming,-1.77799,2.35,0.57,-3.02,4.17,8,2224
5107147,Matija Belic,Wyoming,-1.01452,1.95,0.93,-1.9,3.77,16,1516
5187519,Adam Harakow,Wyoming,1.94258,2.5,4.45,1.4,7.5,12,2556
5313754,Gavin Gores,Wyoming,0.00621822,2.6,2.6,-0.82,6.02,13,1560
5313752,Nasir Meyer,Wyoming,2.96002,1.83,4.79,1.85,7.73,3,3517
5313751,Uriyah Rojas,Wyoming,-0.398514,1.43,1.03,-1.18,3.24,1,3324
5313756,Simm-Marten Saadi,Wyoming,-2.31491,1.39,-0.92,-3.26,1.42,14,3263
5313753,Kiani Saxon,Wyoming,0.647096,2.07,2.72,-0.46,5.89,16,1516
5241430,All Wright,Xavier,0.119851,1.44,1.56,-0.66,3.78,14,3263
4897261,Isaiah Walker,Xavier,1.85841,2.51,4.37,1.3,7.45,12,2556
4684289,Tre Carroll,Xavier,3.35226,1.19,4.55,0.45,8.65,2,1900
5107148,Roddie Anderson III,Xavier,0.715259,2.63,3.35,0.52,6.17,9,2020
5105569,Filip Borovicanin,Xavier,4.53648,1.85,6.38,3.49,9.28,3,3517
5101673,Jovan Milicevic,Xavier,2.06545,1.85,3.91,0.87,6.95,3,3517
5105454,Malik Messina-Moore,Xavier,0.680598,1.41,2.1,0.05,4.14,1,3324
5175711,Mier Panoam,Xavier,-0.364129,1.89,1.53,-1.69,4.74,3,3517
5152658,Pape N'Diaye,Xavier,5.22065,2.67,7.89,4.66,11.13,0,1028
5143921,Anthony Robinson,Xavier,-0.442071,2.02,1.58,-1.5,4.66,16,1516
5107174,Nick Townsend,Yale,5.35231,1.17,6.52,2.59,10.45,2,1900
5177187,Samson Aletan,Yale,4.43398,2.62,7.05,3.78,10.32,13,1560
5241755,Riley Fox,Yale,-1.90978,1.36,-0.55,-2.6,1.51,14,3263
5241754,Isaac Celiscar,Yale,5.06749,1.2,6.27,1.95,10.58,2,1900
4432692,Casey Simmons,Yale,2.18198,2.48,4.67,1.81,7.52,12,2556
5241753,Jordan Brathwaite,Yale,0.200821,1.43,1.63,-0.62,3.88,14,3263
5177185,Trevor Mullin,Yale,0.231993,1.39,1.63,-0.39,3.64,1,3324
5107175,Devon Arlington,Yale,-3.79256,1.42,-2.38,-5.54,0.79,4,1464
5107307,Drew King,Youngstown State,-2.5251,1.88,-0.65,-4.07,2.78,5,2652
5107154,Vlad Salaridze,Youngstown State,4.82319,2.95,7.78,5.66,9.89,6,2471
5106862,Rich Rolf,Youngstown State,2.19398,2.49,4.69,1.86,7.52,12,2556
5107077,Bryson Dawkins,Youngstown State,-1.71358,1.84,0.13,-2.9,3.15,3,3517
4710358,Jason Nelson,Youngstown State,-1.55124,1.79,0.24,-3.24,3.73,5,2652
5241706,Cris Carroll,Youngstown State,0.708871,2.26,2.97,0.71,5.22,11,2931
4898165,Imanuel Zorgvol,Youngstown State,4.26136,2.62,6.88,3.89,9.86,0,1028
5314625,Tae Blackshear,Youngstown State,-3.22176,2.44,-0.78,-3.79,2.23,12,2556
5314622,Jaiden Haynes,Youngstown State,-2.81547,1.44,-1.37,-3.74,1.0,14,3263
5314620,Cam Polak,Youngstown State,-4.06416,1.41,-2.65,-4.9,-0.39,14,3263
5177217,Carson Schwieger,Queens University,-0.553706,2.49,1.94,-0.97,4.85,12,2556
5176801,Avantae Parker,Queens University,3.17822,1.22,4.39,-0.14,8.93,2,1900
5240006,Yoav Berman,Queens University,-0.701538,1.37,0.66,-1.25,2.57,1,3324
5107088,Chris Ashby,Queens University,-2.60431,1.43,-1.18,-3.32,0.96,14,3263
5240005,Maban Jabriel,Queens University,0.538805,2.49,3.03,0.1,5.95,12,2556
5176643,Nasir Mann,Queens University,0.394759,2.27,2.67,0.22,5.12,11,2931
4898223,Gus Larson,Queens University,-2.28419,2.27,-0.02,-3.06,3.03,15,2561
5144110,Jordan Watford,Queens University,1.19402,2.56,3.76,1.1,6.41,9,2020
5176388,Sheridan Sharp,Southern Indiana,-6.51346,1.37,-5.14,-8.21,-2.07,4,1464
5107877,Steven Clay,Southern Indiana,-3.19656,2.5,-0.69,-3.87,2.48,12,2556
5108043,Ola Ajiboye,Southern Indiana,-1.27099,1.99,0.72,-2.18,3.63,16,1516
5243390,Cardell Bailey,Southern Indiana,-3.8531,1.81,-2.04,-5.0,0.91,3,3517
5242982,Josiah Dunham,Southern Indiana,-3.91734,1.66,-2.26,-6.46,1.94,10,2561
5108706,Braxton Jones,Southern Indiana,-8.55094,1.55,-7.0,-11.61,-2.39,10,2561
4711838,Ismail Habib,Southern Indiana,-5.1185,1.33,-3.79,-5.65,-1.93,1,3324
5060698,Devin Curtis,Southern Indiana,-4.96339,2.05,-2.91,-6.1,0.28,16,1516
5106699,Trey Thomas,Southern Indiana,-4.01139,1.33,-2.68,-4.63,-0.73,1,3324
5177219,Kaden Brown,Southern Indiana,-4.75019,1.4,-3.35,-5.41,-1.29,1,3324
5314342,Amaree Brown,Southern Indiana,-7.76363,1.31,-6.45,-8.36,-4.55,1,3324
5314340,Tolu Samuels,Southern Indiana,-2.68764,1.98,-0.71,-4.3,2.88,7,2587
4897163,Milos Nenadic,Lindenwood,-1.40554,1.84,0.44,-2.65,3.53,3,3517
5108826,Robert Lewis,Lindenwood,-4.18671,2.28,-1.9,-5.17,1.36,15,2561
5176213,Mekhi Cooper,Lindenwood,-5.73277,1.42,-4.31,-7.24,-1.38,4,1464
5241311,Dontrez Williams,Lindenwood,-0.294957,2.94,2.64,0.7,4.59,6,2471
5177346,Jaylon McDaniel,Lindenwood,-6.70666,1.99,-4.71,-7.75,-1.68,16,1516
5242437,Anias Futrell,Lindenwood,1.37817,2.93,4.31,2.44,6.18,6,2471
4873146,Jadis Jones,Lindenwood,2.62435,2.26,4.88,1.89,7.87,8,2224
5242439,Clayton Jackson,Lindenwood,-6.81418,1.81,-5.0,-8.47,-1.53,5,2652
5177350,Jeremiah Talton,Lindenwood,-3.4806,1.44,-2.04,-4.39,0.3,14,3263
5177522,Clance Crosby,Mid-America Christian,-5.39888,2.34,-3.06,-6.7,0.57,8,2224
4700876,Andre Harris,Western New Mexico,-2.71494,1.91,-0.81,-4.69,3.07,7,2587
5180818,Dylan Brumfield,William Carey,-0.932234,3.02,2.09,-0.17,4.36,6,2471
4896923,Valentin Catt,New Mexico Highlands,-1.15897,2.05,0.89,-2.6,4.39,16,1516
5174558,Ibrahima Sacko,New Mexico Highlands,1.18212,2.29,3.47,-0.18,7.12,15,2561
5106686,Johannes Kirsipuu,New Mexico Highlands,-7.94696,1.87,-6.07,-9.64,-2.51,5,2652
5177684,Varick Lewis,Jessup University,-4.8986,1.4,-3.5,-5.38,-1.62,14,3263
5177345,Colin Ruffin,Missouri Southern State,-1.96723,1.99,0.03,-3.44,3.49,7,2587
4703998,Christopher Smith,District Of Columbia,-10.9818,1.42,-9.56,-12.85,-6.28,4,1464
5243063,Kohen Rowbatham,Mercy,-10.0788,1.34,-8.74,-10.59,-6.88,1,3324
4585616,Marcellus Vail,Campbellsville,-3.94635,2.13,-1.82,-5.14,1.51,17,3093
5176564,Porter Bazil,Colorado Christian,-1.22928,2.5,1.27,-2.04,4.58,12,2556
5107306,Pierce Bazil,Colorado Christian,-8.85834,1.41,-7.45,-10.55,-4.35,4,1464
5107384,Keionte Cornelius,Central State (OH),-6.94987,1.32,-5.63,-7.58,-3.69,1,3324
4896384,Jayden Doyle,Auburn-Montgomery,-5.63384,2.02,-3.61,-7.74,0.51,7,2587
5107615,Jerome Beya,Lane College,-2.03987,2.64,0.6,-2.85,4.05,13,1560
5176419,Quentin Meza,Hawai'i Pacific,-4.4802,1.62,-2.86,-6.35,0.64,10,2561
5174627,Trevor Smith,Elizabeth City State,-5.45717,1.36,-4.1,-6.0,-2.19,1,3324
4897762,Khyrie Staten,Elizabeth City State,-5.76285,1.36,-4.4,-7.49,-1.31,4,1464
5152658,Pape N'Diaye,Calumet College,5.22065,2.67,7.89,4.66,11.13,0,1028
4897959,Di'Andre Howell-South,Holy Family University,-6.80425,1.39,-5.41,-8.91,-1.92,4,1464
4897639,Kyle Duke,Cumberland (KY),-5.1131,1.46,-3.66,-6.02,-1.3,1,3324
4897705,Andrew McConnell,Cumberland (KY),-6.57079,1.53,-5.04,-8.27,-1.81,10,2561
4896948,Jimel Cofer,Fort Lauderdale,-0.547032,2.99,2.44,0.15,4.73,6,2471
5106669,Guy Fauntleroy,Bowie State,-3.59347,1.73,-1.86,-5.16,1.44,5,2652
4702083,Jamel Melvin,Bowie State,1.79944,2.63,4.43,1.0,7.86,13,1560
5174587,Kailon Nicholls,Angelo State,-9.08038,1.4,-7.68,-10.75,-4.61,4,1464
5243403,Jaqai Murray,Angelo State,-5.63818,1.92,-3.72,-7.35,-0.09,7,2587
5106878,Jordan Crawford,Angelo State,-1.55437,1.39,-0.16,-2.86,2.53,4,1464
5106642,Jesaiah McWright,Angelo State,-5.14684,1.43,-3.72,-6.93,-0.51,4,1464
5241296,Dillan Baker,Adams State,-6.45807,2.1,-4.35,-7.86,-0.85,17,3093
4897717,Julian Lewis,Northwood (MI),-3.38231,2.12,-1.26,-4.0,1.48,17,3093
5243200,Caleb Jones,Georgia College,-6.98982,1.42,-5.57,-7.88,-3.25,14,3263
4704080,Latavian Lawrence,Converse University,-4.39036,1.9,-2.49,-6.22,1.24,7,2587
5110432,Jordan Simpson,Catawba,-3.72586,1.8,-1.93,-5.38,1.53,5,2652
5177593,Orlando Horton Jr.,Midwestern State,-5.60975,1.77,-3.84,-6.93,-0.75,5,2652
5109776,Tehshaundre Cole,Midwestern State,-4.8982,2.02,-2.88,-5.98,0.23,16,1516
5108955,Jeremiah Coleman,Alaska Anchorage,-11.5626,1.39,-10.17,-13.2,-7.14,4,1464
4896933,Shakir Odunewu,Humboldt State,-8.50671,1.89,-6.62,-9.69,-3.56,7,2587
5242930,Cam'Ron Brown,Northwestern Oklahoma State,-9.17067,1.88,-7.29,-11.16,-3.42,5,2652
5243352,Jair Horton,Southern Arkansas,-9.41702,1.92,-7.5,-11.32,-3.68,7,2587
5243351,Greg Moore,Southern Arkansas,-8.52058,1.3,-7.22,-8.98,-5.47,1,3324
5175406,Michael Wilson,Dominican (CA),-3.6207,1.63,-1.99,-5.9,1.93,10,2561
5107297,Jorge Ochoa,Dominican (CA),-2.87137,1.93,-0.94,-4.62,2.73,7,2587
4712835,Trey Pettigrew,Johnson C Smith,-6.56168,2.14,-4.42,-7.03,-1.8,17,3093
5243011,Stefano Faloppa,New Haven,-3.13585,2.28,-0.85,-4.24,2.54,15,2561
5108121,Kheni Briggs,New Haven,-3.91465,2.32,-1.6,-4.44,1.25,11,2931
5252503,Maison Adeleye,New Haven,-5.63539,2.09,-3.54,-6.83,-0.26,17,3093
5185239,Jabri Fitzpatrick,New Haven,-1.45153,2.58,1.13,-1.5,3.76,9,2020
5314323,Najimi George,New Haven,-4.88225,2.05,-2.83,-6.08,0.43,17,3093
5314320,Andre Pasha,New Haven,-1.89673,1.86,-0.04,-3.15,3.07,3,3517
5314319,Teshaun Steele,New Haven,-2.08781,2.37,0.28,-3.32,3.87,8,2224
4684206,Ben Bowen,Northern State,-2.90351,2.29,-0.61,-3.83,2.61,15,2561
